<?xml version="1.0" encoding="UTF-8"?>
<xbrl xmlns="http://www.xbrl.org/2003/instance" xmlns:iso4217="http://www.xbrl.org/2003/iso4217" xmlns:link="http://www.xbrl.org/2003/linkbase" xmlns:tw-gaap-ar="http://www.xbrl.org/tw/fr/gaap/ar/2010-06-30" xmlns:tw-gaap-ci="http://www.xbrl.org/tw/fr/gaap/tw-gaap-ci-2010-06-30" xmlns:tw-gaap-notes="http://www.xbrl.org/tw/fr/gaap/notes/2010-06-30" xmlns:xbrldi="http://xbrl.org/2006/xbrldi" xmlns:xbrldt="http://xbrl.org/2005/xbrldt" xmlns:xbrli="http://www.xbrl.org/2003/instance" xmlns:xlink="http://www.w3.org/1999/xlink">
	<link:schemaRef xlink:arcrole="http://www.w3.org/1999/xlink/properties/linkbase" xlink:href="tw-gaap-ci-2010-06-30.xsd" xlink:type="simple"/>	<context id="AsOf20100730">
		<entity>
			<identifier scheme="http://www.twse.com.tw">1231</identifier>
		</entity>
		<period>
			<instant>2010-07-30</instant>
		</period>
	</context>
	<context id="From20090101To20090630_NetLossNotRecognizedPensionCostMember">
		<entity>
			<identifier scheme="http://www.twse.com.tw">1231</identifier>
		</entity>
		<period>
			<startDate>2009-01-01</startDate>
			<endDate>2009-06-30</endDate>
		</period>
		<scenario>
			<xbrldi:explicitMember dimension="tw-gaap-ci:StockholdersEquityDimensionMember">tw-gaap-ci:NetLossNotRecognizedPensionCostMember</xbrldi:explicitMember>
		</scenario>
	</context>
	<context id="From20090101To20090630_CapitalSurplusMember">
		<entity>
			<identifier scheme="http://www.twse.com.tw">1231</identifier>
		</entity>
		<period>
			<startDate>2009-01-01</startDate>
			<endDate>2009-06-30</endDate>
		</period>
		<scenario>
			<xbrldi:explicitMember dimension="tw-gaap-ci:StockholdersEquityDimensionMember">tw-gaap-ci:CapitalSurplusMember</xbrldi:explicitMember>
		</scenario>
	</context>
	<context id="From20090101To20090630_CapitalStockMember">
		<entity>
			<identifier scheme="http://www.twse.com.tw">1231</identifier>
		</entity>
		<period>
			<startDate>2009-01-01</startDate>
			<endDate>2009-06-30</endDate>
		</period>
		<scenario>
			<xbrldi:explicitMember dimension="tw-gaap-ci:StockholdersEquityDimensionMember">tw-gaap-ci:CapitalStockMember</xbrldi:explicitMember>
		</scenario>
	</context>
	<context id="From20090101To20090630_CommonStockValueMember">
		<entity>
			<identifier scheme="http://www.twse.com.tw">1231</identifier>
		</entity>
		<period>
			<startDate>2009-01-01</startDate>
			<endDate>2009-06-30</endDate>
		</period>
		<scenario>
			<xbrldi:explicitMember dimension="tw-gaap-ci:StockholdersEquityDimensionMember">tw-gaap-ci:CommonStockValueMember</xbrldi:explicitMember>
		</scenario>
	</context>
	<context id="From20090101To20090630_StockholdersEquitiesAdjustmentsMember">
		<entity>
			<identifier scheme="http://www.twse.com.tw">1231</identifier>
		</entity>
		<period>
			<startDate>2009-01-01</startDate>
			<endDate>2009-06-30</endDate>
		</period>
		<scenario>
			<xbrldi:explicitMember dimension="tw-gaap-ci:StockholdersEquityDimensionMember">tw-gaap-ci:StockholdersEquitiesAdjustmentsMember</xbrldi:explicitMember>
		</scenario>
	</context>
	<context id="From20090101To20090630_CumulativeTranslationAdjustmentsMember">
		<entity>
			<identifier scheme="http://www.twse.com.tw">1231</identifier>
		</entity>
		<period>
			<startDate>2009-01-01</startDate>
			<endDate>2009-06-30</endDate>
		</period>
		<scenario>
			<xbrldi:explicitMember dimension="tw-gaap-ci:StockholdersEquityDimensionMember">tw-gaap-ci:CumulativeTranslationAdjustmentsMember</xbrldi:explicitMember>
		</scenario>
	</context>
	<context id="From20090101To20090630_SpecialReserveMember">
		<entity>
			<identifier scheme="http://www.twse.com.tw">1231</identifier>
		</entity>
		<period>
			<startDate>2009-01-01</startDate>
			<endDate>2009-06-30</endDate>
		</period>
		<scenario>
			<xbrldi:explicitMember dimension="tw-gaap-ci:StockholdersEquityDimensionMember">tw-gaap-ci:SpecialReserveMember</xbrldi:explicitMember>
		</scenario>
	</context>
	<context id="From20090101To20090630_LegalReserveMember">
		<entity>
			<identifier scheme="http://www.twse.com.tw">1231</identifier>
		</entity>
		<period>
			<startDate>2009-01-01</startDate>
			<endDate>2009-06-30</endDate>
		</period>
		<scenario>
			<xbrldi:explicitMember dimension="tw-gaap-ci:StockholdersEquityDimensionMember">tw-gaap-ci:LegalReserveMember</xbrldi:explicitMember>
		</scenario>
	</context>
	<context id="From20090101To20090630_TotalStockholdersEquitiesMember">
		<entity>
			<identifier scheme="http://www.twse.com.tw">1231</identifier>
		</entity>
		<period>
			<startDate>2009-01-01</startDate>
			<endDate>2009-06-30</endDate>
		</period>
		<scenario>
			<xbrldi:explicitMember dimension="tw-gaap-ci:StockholdersEquityDimensionMember">tw-gaap-ci:TotalStockholdersEquitiesMember</xbrldi:explicitMember>
		</scenario>
	</context>
	<context id="From20090101To20090630_RetainedEarningsMember">
		<entity>
			<identifier scheme="http://www.twse.com.tw">1231</identifier>
		</entity>
		<period>
			<startDate>2009-01-01</startDate>
			<endDate>2009-06-30</endDate>
		</period>
		<scenario>
			<xbrldi:explicitMember dimension="tw-gaap-ci:StockholdersEquityDimensionMember">tw-gaap-ci:RetainedEarningsMember</xbrldi:explicitMember>
		</scenario>
	</context>
	<context id="From20090101To20090630_UnappropriatedRetainedEarningsMember">
		<entity>
			<identifier scheme="http://www.twse.com.tw">1231</identifier>
		</entity>
		<period>
			<startDate>2009-01-01</startDate>
			<endDate>2009-06-30</endDate>
		</period>
		<scenario>
			<xbrldi:explicitMember dimension="tw-gaap-ci:StockholdersEquityDimensionMember">tw-gaap-ci:UnappropriatedRetainedEarningsMember</xbrldi:explicitMember>
		</scenario>
	</context>
	<context id="AsOf20090630_TotalStockholdersEquitiesMember">
		<entity>
			<identifier scheme="http://www.twse.com.tw">1231</identifier>
		</entity>
		<period>
			<instant>2009-06-30</instant>
		</period>
		<scenario>
			<xbrldi:explicitMember dimension="tw-gaap-ci:StockholdersEquityDimensionMember">tw-gaap-ci:TotalStockholdersEquitiesMember</xbrldi:explicitMember>
		</scenario>
	</context>
	<context id="AsOf20090630_StockholdersEquitiesAdjustmentsMember">
		<entity>
			<identifier scheme="http://www.twse.com.tw">1231</identifier>
		</entity>
		<period>
			<instant>2009-06-30</instant>
		</period>
		<scenario>
			<xbrldi:explicitMember dimension="tw-gaap-ci:StockholdersEquityDimensionMember">tw-gaap-ci:StockholdersEquitiesAdjustmentsMember</xbrldi:explicitMember>
		</scenario>
	</context>
	<context id="AsOf20090630_NetLossNotRecognizedPensionCostMember">
		<entity>
			<identifier scheme="http://www.twse.com.tw">1231</identifier>
		</entity>
		<period>
			<instant>2009-06-30</instant>
		</period>
		<scenario>
			<xbrldi:explicitMember dimension="tw-gaap-ci:StockholdersEquityDimensionMember">tw-gaap-ci:NetLossNotRecognizedPensionCostMember</xbrldi:explicitMember>
		</scenario>
	</context>
	<context id="AsOf20090630_CumulativeTranslationAdjustmentsMember">
		<entity>
			<identifier scheme="http://www.twse.com.tw">1231</identifier>
		</entity>
		<period>
			<instant>2009-06-30</instant>
		</period>
		<scenario>
			<xbrldi:explicitMember dimension="tw-gaap-ci:StockholdersEquityDimensionMember">tw-gaap-ci:CumulativeTranslationAdjustmentsMember</xbrldi:explicitMember>
		</scenario>
	</context>
	<context id="AsOf20090630_RetainedEarningsMember">
		<entity>
			<identifier scheme="http://www.twse.com.tw">1231</identifier>
		</entity>
		<period>
			<instant>2009-06-30</instant>
		</period>
		<scenario>
			<xbrldi:explicitMember dimension="tw-gaap-ci:StockholdersEquityDimensionMember">tw-gaap-ci:RetainedEarningsMember</xbrldi:explicitMember>
		</scenario>
	</context>
	<context id="AsOf20090630_UnappropriatedRetainedEarningsMember">
		<entity>
			<identifier scheme="http://www.twse.com.tw">1231</identifier>
		</entity>
		<period>
			<instant>2009-06-30</instant>
		</period>
		<scenario>
			<xbrldi:explicitMember dimension="tw-gaap-ci:StockholdersEquityDimensionMember">tw-gaap-ci:UnappropriatedRetainedEarningsMember</xbrldi:explicitMember>
		</scenario>
	</context>
	<context id="AsOf20090630_SpecialReserveMember">
		<entity>
			<identifier scheme="http://www.twse.com.tw">1231</identifier>
		</entity>
		<period>
			<instant>2009-06-30</instant>
		</period>
		<scenario>
			<xbrldi:explicitMember dimension="tw-gaap-ci:StockholdersEquityDimensionMember">tw-gaap-ci:SpecialReserveMember</xbrldi:explicitMember>
		</scenario>
	</context>
	<context id="AsOf20090630_LegalReserveMember">
		<entity>
			<identifier scheme="http://www.twse.com.tw">1231</identifier>
		</entity>
		<period>
			<instant>2009-06-30</instant>
		</period>
		<scenario>
			<xbrldi:explicitMember dimension="tw-gaap-ci:StockholdersEquityDimensionMember">tw-gaap-ci:LegalReserveMember</xbrldi:explicitMember>
		</scenario>
	</context>
	<context id="AsOf20090630_CapitalSurplusMember">
		<entity>
			<identifier scheme="http://www.twse.com.tw">1231</identifier>
		</entity>
		<period>
			<instant>2009-06-30</instant>
		</period>
		<scenario>
			<xbrldi:explicitMember dimension="tw-gaap-ci:StockholdersEquityDimensionMember">tw-gaap-ci:CapitalSurplusMember</xbrldi:explicitMember>
		</scenario>
	</context>
	<context id="AsOf20090630_CapitalStockMember">
		<entity>
			<identifier scheme="http://www.twse.com.tw">1231</identifier>
		</entity>
		<period>
			<instant>2009-06-30</instant>
		</period>
		<scenario>
			<xbrldi:explicitMember dimension="tw-gaap-ci:StockholdersEquityDimensionMember">tw-gaap-ci:CapitalStockMember</xbrldi:explicitMember>
		</scenario>
	</context>
	<context id="AsOf20090630_CommonStockValueMember">
		<entity>
			<identifier scheme="http://www.twse.com.tw">1231</identifier>
		</entity>
		<period>
			<instant>2009-06-30</instant>
		</period>
		<scenario>
			<xbrldi:explicitMember dimension="tw-gaap-ci:StockholdersEquityDimensionMember">tw-gaap-ci:CommonStockValueMember</xbrldi:explicitMember>
		</scenario>
	</context>
	<context id="From20100101To20100630_CapitalSurplusMember">
		<entity>
			<identifier scheme="http://www.twse.com.tw">1231</identifier>
		</entity>
		<period>
			<startDate>2010-01-01</startDate>
			<endDate>2010-06-30</endDate>
		</period>
		<scenario>
			<xbrldi:explicitMember dimension="tw-gaap-ci:StockholdersEquityDimensionMember">tw-gaap-ci:CapitalSurplusMember</xbrldi:explicitMember>
		</scenario>
	</context>
	<context id="From20100101To20100630_CapitalStockMember">
		<entity>
			<identifier scheme="http://www.twse.com.tw">1231</identifier>
		</entity>
		<period>
			<startDate>2010-01-01</startDate>
			<endDate>2010-06-30</endDate>
		</period>
		<scenario>
			<xbrldi:explicitMember dimension="tw-gaap-ci:StockholdersEquityDimensionMember">tw-gaap-ci:CapitalStockMember</xbrldi:explicitMember>
		</scenario>
	</context>
	<context id="From20100101To20100630_CommonStockValueMember">
		<entity>
			<identifier scheme="http://www.twse.com.tw">1231</identifier>
		</entity>
		<period>
			<startDate>2010-01-01</startDate>
			<endDate>2010-06-30</endDate>
		</period>
		<scenario>
			<xbrldi:explicitMember dimension="tw-gaap-ci:StockholdersEquityDimensionMember">tw-gaap-ci:CommonStockValueMember</xbrldi:explicitMember>
		</scenario>
	</context>
	<context id="From20100101To20100630_StockholdersEquitiesAdjustmentsMember">
		<entity>
			<identifier scheme="http://www.twse.com.tw">1231</identifier>
		</entity>
		<period>
			<startDate>2010-01-01</startDate>
			<endDate>2010-06-30</endDate>
		</period>
		<scenario>
			<xbrldi:explicitMember dimension="tw-gaap-ci:StockholdersEquityDimensionMember">tw-gaap-ci:StockholdersEquitiesAdjustmentsMember</xbrldi:explicitMember>
		</scenario>
	</context>
	<context id="From20100101To20100630_CumulativeTranslationAdjustmentsMember">
		<entity>
			<identifier scheme="http://www.twse.com.tw">1231</identifier>
		</entity>
		<period>
			<startDate>2010-01-01</startDate>
			<endDate>2010-06-30</endDate>
		</period>
		<scenario>
			<xbrldi:explicitMember dimension="tw-gaap-ci:StockholdersEquityDimensionMember">tw-gaap-ci:CumulativeTranslationAdjustmentsMember</xbrldi:explicitMember>
		</scenario>
	</context>
	<context id="From20100101To20100630_SpecialReserveMember">
		<entity>
			<identifier scheme="http://www.twse.com.tw">1231</identifier>
		</entity>
		<period>
			<startDate>2010-01-01</startDate>
			<endDate>2010-06-30</endDate>
		</period>
		<scenario>
			<xbrldi:explicitMember dimension="tw-gaap-ci:StockholdersEquityDimensionMember">tw-gaap-ci:SpecialReserveMember</xbrldi:explicitMember>
		</scenario>
	</context>
	<context id="From20100101To20100630_LegalReserveMember">
		<entity>
			<identifier scheme="http://www.twse.com.tw">1231</identifier>
		</entity>
		<period>
			<startDate>2010-01-01</startDate>
			<endDate>2010-06-30</endDate>
		</period>
		<scenario>
			<xbrldi:explicitMember dimension="tw-gaap-ci:StockholdersEquityDimensionMember">tw-gaap-ci:LegalReserveMember</xbrldi:explicitMember>
		</scenario>
	</context>
	<context id="From20100101To20100630_TotalStockholdersEquitiesMember">
		<entity>
			<identifier scheme="http://www.twse.com.tw">1231</identifier>
		</entity>
		<period>
			<startDate>2010-01-01</startDate>
			<endDate>2010-06-30</endDate>
		</period>
		<scenario>
			<xbrldi:explicitMember dimension="tw-gaap-ci:StockholdersEquityDimensionMember">tw-gaap-ci:TotalStockholdersEquitiesMember</xbrldi:explicitMember>
		</scenario>
	</context>
	<context id="From20100101To20100630_RetainedEarningsMember">
		<entity>
			<identifier scheme="http://www.twse.com.tw">1231</identifier>
		</entity>
		<period>
			<startDate>2010-01-01</startDate>
			<endDate>2010-06-30</endDate>
		</period>
		<scenario>
			<xbrldi:explicitMember dimension="tw-gaap-ci:StockholdersEquityDimensionMember">tw-gaap-ci:RetainedEarningsMember</xbrldi:explicitMember>
		</scenario>
	</context>
	<context id="From20100101To20100630_UnappropriatedRetainedEarningsMember">
		<entity>
			<identifier scheme="http://www.twse.com.tw">1231</identifier>
		</entity>
		<period>
			<startDate>2010-01-01</startDate>
			<endDate>2010-06-30</endDate>
		</period>
		<scenario>
			<xbrldi:explicitMember dimension="tw-gaap-ci:StockholdersEquityDimensionMember">tw-gaap-ci:UnappropriatedRetainedEarningsMember</xbrldi:explicitMember>
		</scenario>
	</context>
	<context id="AsOf20100630_TotalStockholdersEquitiesMember">
		<entity>
			<identifier scheme="http://www.twse.com.tw">1231</identifier>
		</entity>
		<period>
			<instant>2010-06-30</instant>
		</period>
		<scenario>
			<xbrldi:explicitMember dimension="tw-gaap-ci:StockholdersEquityDimensionMember">tw-gaap-ci:TotalStockholdersEquitiesMember</xbrldi:explicitMember>
		</scenario>
	</context>
	<context id="AsOf20100630_StockholdersEquitiesAdjustmentsMember">
		<entity>
			<identifier scheme="http://www.twse.com.tw">1231</identifier>
		</entity>
		<period>
			<instant>2010-06-30</instant>
		</period>
		<scenario>
			<xbrldi:explicitMember dimension="tw-gaap-ci:StockholdersEquityDimensionMember">tw-gaap-ci:StockholdersEquitiesAdjustmentsMember</xbrldi:explicitMember>
		</scenario>
	</context>
	<context id="AsOf20100630_NetLossNotRecognizedPensionCostMember">
		<entity>
			<identifier scheme="http://www.twse.com.tw">1231</identifier>
		</entity>
		<period>
			<instant>2010-06-30</instant>
		</period>
		<scenario>
			<xbrldi:explicitMember dimension="tw-gaap-ci:StockholdersEquityDimensionMember">tw-gaap-ci:NetLossNotRecognizedPensionCostMember</xbrldi:explicitMember>
		</scenario>
	</context>
	<context id="AsOf20100630_CumulativeTranslationAdjustmentsMember">
		<entity>
			<identifier scheme="http://www.twse.com.tw">1231</identifier>
		</entity>
		<period>
			<instant>2010-06-30</instant>
		</period>
		<scenario>
			<xbrldi:explicitMember dimension="tw-gaap-ci:StockholdersEquityDimensionMember">tw-gaap-ci:CumulativeTranslationAdjustmentsMember</xbrldi:explicitMember>
		</scenario>
	</context>
	<context id="AsOf20100630_RetainedEarningsMember">
		<entity>
			<identifier scheme="http://www.twse.com.tw">1231</identifier>
		</entity>
		<period>
			<instant>2010-06-30</instant>
		</period>
		<scenario>
			<xbrldi:explicitMember dimension="tw-gaap-ci:StockholdersEquityDimensionMember">tw-gaap-ci:RetainedEarningsMember</xbrldi:explicitMember>
		</scenario>
	</context>
	<context id="AsOf20100630_UnappropriatedRetainedEarningsMember">
		<entity>
			<identifier scheme="http://www.twse.com.tw">1231</identifier>
		</entity>
		<period>
			<instant>2010-06-30</instant>
		</period>
		<scenario>
			<xbrldi:explicitMember dimension="tw-gaap-ci:StockholdersEquityDimensionMember">tw-gaap-ci:UnappropriatedRetainedEarningsMember</xbrldi:explicitMember>
		</scenario>
	</context>
	<context id="AsOf20100630_SpecialReserveMember">
		<entity>
			<identifier scheme="http://www.twse.com.tw">1231</identifier>
		</entity>
		<period>
			<instant>2010-06-30</instant>
		</period>
		<scenario>
			<xbrldi:explicitMember dimension="tw-gaap-ci:StockholdersEquityDimensionMember">tw-gaap-ci:SpecialReserveMember</xbrldi:explicitMember>
		</scenario>
	</context>
	<context id="AsOf20100630_LegalReserveMember">
		<entity>
			<identifier scheme="http://www.twse.com.tw">1231</identifier>
		</entity>
		<period>
			<instant>2010-06-30</instant>
		</period>
		<scenario>
			<xbrldi:explicitMember dimension="tw-gaap-ci:StockholdersEquityDimensionMember">tw-gaap-ci:LegalReserveMember</xbrldi:explicitMember>
		</scenario>
	</context>
	<context id="AsOf20100630_CapitalSurplusMember">
		<entity>
			<identifier scheme="http://www.twse.com.tw">1231</identifier>
		</entity>
		<period>
			<instant>2010-06-30</instant>
		</period>
		<scenario>
			<xbrldi:explicitMember dimension="tw-gaap-ci:StockholdersEquityDimensionMember">tw-gaap-ci:CapitalSurplusMember</xbrldi:explicitMember>
		</scenario>
	</context>
	<context id="AsOf20100630_CapitalStockMember">
		<entity>
			<identifier scheme="http://www.twse.com.tw">1231</identifier>
		</entity>
		<period>
			<instant>2010-06-30</instant>
		</period>
		<scenario>
			<xbrldi:explicitMember dimension="tw-gaap-ci:StockholdersEquityDimensionMember">tw-gaap-ci:CapitalStockMember</xbrldi:explicitMember>
		</scenario>
	</context>
	<context id="AsOf20100630_CommonStockValueMember">
		<entity>
			<identifier scheme="http://www.twse.com.tw">1231</identifier>
		</entity>
		<period>
			<instant>2010-06-30</instant>
		</period>
		<scenario>
			<xbrldi:explicitMember dimension="tw-gaap-ci:StockholdersEquityDimensionMember">tw-gaap-ci:CommonStockValueMember</xbrldi:explicitMember>
		</scenario>
	</context>
	<context id="AsOf20090101">
		<entity>
			<identifier scheme="http://www.twse.com.tw">1231</identifier>
		</entity>
		<period>
			<instant>2009-01-01</instant>
		</period>
	</context>
	<context id="AsOf20100101">
		<entity>
			<identifier scheme="http://www.twse.com.tw">1231</identifier>
		</entity>
		<period>
			<instant>2010-01-01</instant>
		</period>
	</context>
	<context id="From20090101To20090630">
		<entity>
			<identifier scheme="http://www.twse.com.tw">1231</identifier>
		</entity>
		<period>
			<startDate>2009-01-01</startDate>
			<endDate>2009-06-30</endDate>
		</period>
	</context>
	<context id="AsOf20090630">
		<entity>
			<identifier scheme="http://www.twse.com.tw">1231</identifier>
		</entity>
		<period>
			<instant>2009-06-30</instant>
		</period>
	</context>
	<context id="From20100101To20100630">
		<entity>
			<identifier scheme="http://www.twse.com.tw">1231</identifier>
		</entity>
		<period>
			<startDate>2010-01-01</startDate>
			<endDate>2010-06-30</endDate>
		</period>
	</context>
	<context id="AsOf20100630">
		<entity>
			<identifier scheme="http://www.twse.com.tw">1231</identifier>
		</entity>
		<period>
			<instant>2010-06-30</instant>
		</period>
	</context>
	<unit id="TWD">
		<measure>iso4217:TWD</measure>
	</unit>
	<unit id="Shares">
		<measure>xbrli:shares</measure>
	</unit>
	<unit id="EarningsPerShare">
		<divide>
			<unitNumerator>
				<measure>iso4217:TWD</measure>
			</unitNumerator>
			<unitDenominator>
				<measure>xbrli:shares</measure>
			</unitDenominator>
		</divide>
	</unit>
	<tw-gaap-ci:CashCashEquivalents contextRef="AsOf20100630" decimals="-3" unitRef="TWD">267405000</tw-gaap-ci:CashCashEquivalents>
	<tw-gaap-ci:CashCashEquivalents contextRef="AsOf20090630" decimals="-3" unitRef="TWD">126023000</tw-gaap-ci:CashCashEquivalents>
	<tw-gaap-ci:NetNotesReceivable contextRef="AsOf20100630" decimals="-3" unitRef="TWD">38083000</tw-gaap-ci:NetNotesReceivable>
	<tw-gaap-ci:NetNotesReceivable contextRef="AsOf20090630" decimals="-3" unitRef="TWD">25563000</tw-gaap-ci:NetNotesReceivable>
	<tw-gaap-ci:NetAccountsReceivable contextRef="AsOf20100630" decimals="-3" unitRef="TWD">619218000</tw-gaap-ci:NetAccountsReceivable>
	<tw-gaap-ci:NetAccountsReceivable contextRef="AsOf20090630" decimals="-3" unitRef="TWD">524341000</tw-gaap-ci:NetAccountsReceivable>
	<tw-gaap-ci:OtherReceivablesOther contextRef="AsOf20100630" decimals="-3" unitRef="TWD">191000</tw-gaap-ci:OtherReceivablesOther>
	<tw-gaap-ci:OtherReceivablesOther contextRef="AsOf20090630" decimals="-3" unitRef="TWD">4133000</tw-gaap-ci:OtherReceivablesOther>
	<tw-gaap-ci:OtherReceivables contextRef="AsOf20100630" decimals="-3" unitRef="TWD">191000</tw-gaap-ci:OtherReceivables>
	<tw-gaap-ci:OtherReceivables contextRef="AsOf20090630" decimals="-3" unitRef="TWD">4133000</tw-gaap-ci:OtherReceivables>
	<tw-gaap-ci:InventoriesManufacturing contextRef="AsOf20100630" decimals="-3" unitRef="TWD">869099000</tw-gaap-ci:InventoriesManufacturing>
	<tw-gaap-ci:InventoriesManufacturing contextRef="AsOf20090630" decimals="-3" unitRef="TWD">828566000</tw-gaap-ci:InventoriesManufacturing>
	<tw-gaap-ci:Inventories contextRef="AsOf20100630" decimals="-3" unitRef="TWD">869099000</tw-gaap-ci:Inventories>
	<tw-gaap-ci:Inventories contextRef="AsOf20090630" decimals="-3" unitRef="TWD">828566000</tw-gaap-ci:Inventories>
	<tw-gaap-ci:OtherPrepayments contextRef="AsOf20100630" decimals="-3" unitRef="TWD">35962000</tw-gaap-ci:OtherPrepayments>
	<tw-gaap-ci:OtherPrepayments contextRef="AsOf20090630" decimals="-3" unitRef="TWD">20233000</tw-gaap-ci:OtherPrepayments>
	<tw-gaap-ci:DeferredIncomeTaxAssetsCurrent contextRef="AsOf20100630" decimals="-3" unitRef="TWD">2847000</tw-gaap-ci:DeferredIncomeTaxAssetsCurrent>
	<tw-gaap-ci:DeferredIncomeTaxAssetsCurrent contextRef="AsOf20090630" decimals="-3" unitRef="TWD">4643000</tw-gaap-ci:DeferredIncomeTaxAssetsCurrent>
	<tw-gaap-ci:OthercurrentAssetsOther contextRef="AsOf20100630" decimals="-3" unitRef="TWD">12531000</tw-gaap-ci:OthercurrentAssetsOther>
	<tw-gaap-ci:OthercurrentAssetsOther contextRef="AsOf20090630" decimals="-3" unitRef="TWD">13589000</tw-gaap-ci:OthercurrentAssetsOther>
	<tw-gaap-ci:OtherCurrentAssets contextRef="AsOf20100630" decimals="-3" unitRef="TWD">15378000</tw-gaap-ci:OtherCurrentAssets>
	<tw-gaap-ci:OtherCurrentAssets contextRef="AsOf20090630" decimals="-3" unitRef="TWD">18232000</tw-gaap-ci:OtherCurrentAssets>
	<tw-gaap-ci:CurrentAssets contextRef="AsOf20100630" decimals="-3" unitRef="TWD">1845336000</tw-gaap-ci:CurrentAssets>
	<tw-gaap-ci:CurrentAssets contextRef="AsOf20090630" decimals="-3" unitRef="TWD">1547091000</tw-gaap-ci:CurrentAssets>
	<tw-gaap-ci:NetFinancialAssetsCarriedCostNonCurrent contextRef="AsOf20100630" decimals="-3" unitRef="TWD">7011000</tw-gaap-ci:NetFinancialAssetsCarriedCostNonCurrent>
	<tw-gaap-ci:NetFinancialAssetsCarriedCostNonCurrent contextRef="AsOf20090630" decimals="-3" unitRef="TWD">7011000</tw-gaap-ci:NetFinancialAssetsCarriedCostNonCurrent>
	<tw-gaap-ci:LongtermInvestmentsEquity contextRef="AsOf20100630" decimals="-3" unitRef="TWD">196357000</tw-gaap-ci:LongtermInvestmentsEquity>
	<tw-gaap-ci:LongtermInvestmentsEquity contextRef="AsOf20090630" decimals="-3" unitRef="TWD">218570000</tw-gaap-ci:LongtermInvestmentsEquity>
	<tw-gaap-ci:LongtermInvestments contextRef="AsOf20100630" decimals="-3" unitRef="TWD">196357000</tw-gaap-ci:LongtermInvestments>
	<tw-gaap-ci:LongtermInvestments contextRef="AsOf20090630" decimals="-3" unitRef="TWD">218570000</tw-gaap-ci:LongtermInvestments>
	<tw-gaap-ci:FundsInvestments contextRef="AsOf20100630" decimals="-3" unitRef="TWD">203368000</tw-gaap-ci:FundsInvestments>
	<tw-gaap-ci:FundsInvestments contextRef="AsOf20090630" decimals="-3" unitRef="TWD">225581000</tw-gaap-ci:FundsInvestments>
	<tw-gaap-ci:Land contextRef="AsOf20100630" decimals="-3" unitRef="TWD">196464000</tw-gaap-ci:Land>
	<tw-gaap-ci:Land contextRef="AsOf20090630" decimals="-3" unitRef="TWD">196464000</tw-gaap-ci:Land>
	<tw-gaap-ci:BuildingsStructures contextRef="AsOf20100630" decimals="-3" unitRef="TWD">391773000</tw-gaap-ci:BuildingsStructures>
	<tw-gaap-ci:BuildingsStructures contextRef="AsOf20090630" decimals="-3" unitRef="TWD">392393000</tw-gaap-ci:BuildingsStructures>
	<tw-gaap-ci:MachineryEquipment contextRef="AsOf20100630" decimals="-3" unitRef="TWD">602318000</tw-gaap-ci:MachineryEquipment>
	<tw-gaap-ci:MachineryEquipment contextRef="AsOf20090630" decimals="-3" unitRef="TWD">611785000</tw-gaap-ci:MachineryEquipment>
	<tw-gaap-ci:TransportationEquipment contextRef="AsOf20100630" decimals="-3" unitRef="TWD">32909000</tw-gaap-ci:TransportationEquipment>
	<tw-gaap-ci:TransportationEquipment contextRef="AsOf20090630" decimals="-3" unitRef="TWD">32754000</tw-gaap-ci:TransportationEquipment>
	<tw-gaap-ci:OfficeEquipment contextRef="AsOf20100630" decimals="-3" unitRef="TWD">362861000</tw-gaap-ci:OfficeEquipment>
	<tw-gaap-ci:OfficeEquipment contextRef="AsOf20090630" decimals="-3" unitRef="TWD">383508000</tw-gaap-ci:OfficeEquipment>
	<tw-gaap-ci:FixedAssetsOriginalCosts contextRef="AsOf20100630" decimals="-3" unitRef="TWD">1586325000</tw-gaap-ci:FixedAssetsOriginalCosts>
	<tw-gaap-ci:FixedAssetsOriginalCosts contextRef="AsOf20090630" decimals="-3" unitRef="TWD">1616904000</tw-gaap-ci:FixedAssetsOriginalCosts>
	<tw-gaap-ci:CostsRevaluationIncrement contextRef="AsOf20100630" decimals="-3" unitRef="TWD">1586325000</tw-gaap-ci:CostsRevaluationIncrement>
	<tw-gaap-ci:CostsRevaluationIncrement contextRef="AsOf20090630" decimals="-3" unitRef="TWD">1616904000</tw-gaap-ci:CostsRevaluationIncrement>
	<tw-gaap-ci:AccumulatedDepreciation contextRef="AsOf20100630" decimals="-3" unitRef="TWD">995327000</tw-gaap-ci:AccumulatedDepreciation>
	<tw-gaap-ci:AccumulatedDepreciation contextRef="AsOf20090630" decimals="-3" unitRef="TWD">963494000</tw-gaap-ci:AccumulatedDepreciation>
	<tw-gaap-ci:ConstructionProcessPrepaymentEquipments contextRef="AsOf20100630" decimals="-3" unitRef="TWD">19957000</tw-gaap-ci:ConstructionProcessPrepaymentEquipments>
	<tw-gaap-ci:ConstructionProcessPrepaymentEquipments contextRef="AsOf20090630" decimals="-3" unitRef="TWD">70672000</tw-gaap-ci:ConstructionProcessPrepaymentEquipments>
	<tw-gaap-ci:FixedAssets contextRef="AsOf20100630" decimals="-3" unitRef="TWD">610955000</tw-gaap-ci:FixedAssets>
	<tw-gaap-ci:FixedAssets contextRef="AsOf20090630" decimals="-3" unitRef="TWD">724082000</tw-gaap-ci:FixedAssets>
	<tw-gaap-ci:DeferredPensionCost contextRef="AsOf20100630" decimals="-3" unitRef="TWD">22356000</tw-gaap-ci:DeferredPensionCost>
	<tw-gaap-ci:DeferredPensionCost contextRef="AsOf20090630" decimals="-3" unitRef="TWD">25535000</tw-gaap-ci:DeferredPensionCost>
	<tw-gaap-ci:IntangibleAssets contextRef="AsOf20100630" decimals="-3" unitRef="TWD">22356000</tw-gaap-ci:IntangibleAssets>
	<tw-gaap-ci:IntangibleAssets contextRef="AsOf20090630" decimals="-3" unitRef="TWD">25535000</tw-gaap-ci:IntangibleAssets>
	<tw-gaap-ci:NetRentalAssets contextRef="AsOf20100630" decimals="-3" unitRef="TWD">394448000</tw-gaap-ci:NetRentalAssets>
	<tw-gaap-ci:NetRentalAssets contextRef="AsOf20090630" decimals="-3" unitRef="TWD">109230000</tw-gaap-ci:NetRentalAssets>
	<tw-gaap-ci:NetIdledAssets contextRef="AsOf20100630" decimals="-3" unitRef="TWD">0</tw-gaap-ci:NetIdledAssets>
	<tw-gaap-ci:NetIdledAssets contextRef="AsOf20090630" decimals="-3" unitRef="TWD">0</tw-gaap-ci:NetIdledAssets>
	<tw-gaap-ci:GuaranteeDepositsPaid contextRef="AsOf20100630" decimals="-3" unitRef="TWD">3267000</tw-gaap-ci:GuaranteeDepositsPaid>
	<tw-gaap-ci:GuaranteeDepositsPaid contextRef="AsOf20090630" decimals="-3" unitRef="TWD">3766000</tw-gaap-ci:GuaranteeDepositsPaid>
	<tw-gaap-ci:DeferredCharges contextRef="AsOf20100630" decimals="-3" unitRef="TWD">38532000</tw-gaap-ci:DeferredCharges>
	<tw-gaap-ci:DeferredCharges contextRef="AsOf20090630" decimals="-3" unitRef="TWD">28284000</tw-gaap-ci:DeferredCharges>
	<tw-gaap-ci:DeferredIncomeTaxAssetsNonCurrent contextRef="AsOf20100630" decimals="-3" unitRef="TWD">35364000</tw-gaap-ci:DeferredIncomeTaxAssetsNonCurrent>
	<tw-gaap-ci:DeferredIncomeTaxAssetsNonCurrent contextRef="AsOf20090630" decimals="-3" unitRef="TWD">78641000</tw-gaap-ci:DeferredIncomeTaxAssetsNonCurrent>
	<tw-gaap-ci:OtherAssets contextRef="AsOf20100630" decimals="-3" unitRef="TWD">471611000</tw-gaap-ci:OtherAssets>
	<tw-gaap-ci:OtherAssets contextRef="AsOf20090630" decimals="-3" unitRef="TWD">219921000</tw-gaap-ci:OtherAssets>
	<tw-gaap-ci:Assets contextRef="AsOf20100630" decimals="-3" unitRef="TWD">3153626000</tw-gaap-ci:Assets>
	<tw-gaap-ci:Assets contextRef="AsOf20090630" decimals="-3" unitRef="TWD">2742210000</tw-gaap-ci:Assets>
	<tw-gaap-ci:ShortTermBorrowings contextRef="AsOf20100630" decimals="-3" unitRef="TWD">367979000</tw-gaap-ci:ShortTermBorrowings>
	<tw-gaap-ci:ShortTermBorrowings contextRef="AsOf20090630" decimals="-3" unitRef="TWD">99510000</tw-gaap-ci:ShortTermBorrowings>
	<tw-gaap-ci:FinancialLiabilitiesMeasuredFairValueProfitLossCurrent contextRef="AsOf20100630" decimals="-3" unitRef="TWD">0</tw-gaap-ci:FinancialLiabilitiesMeasuredFairValueProfitLossCurrent>
	<tw-gaap-ci:FinancialLiabilitiesMeasuredFairValueProfitLossCurrent contextRef="AsOf20090630" decimals="-3" unitRef="TWD">1540000</tw-gaap-ci:FinancialLiabilitiesMeasuredFairValueProfitLossCurrent>
	<tw-gaap-ci:NotesPayable contextRef="AsOf20100630" decimals="-3" unitRef="TWD">122000</tw-gaap-ci:NotesPayable>
	<tw-gaap-ci:NotesPayable contextRef="AsOf20090630" decimals="-3" unitRef="TWD">158000</tw-gaap-ci:NotesPayable>
	<tw-gaap-ci:AccountsPayable contextRef="AsOf20100630" decimals="-3" unitRef="TWD">236758000</tw-gaap-ci:AccountsPayable>
	<tw-gaap-ci:AccountsPayable contextRef="AsOf20090630" decimals="-3" unitRef="TWD">189241000</tw-gaap-ci:AccountsPayable>
	<tw-gaap-ci:IncomeTaxPayable contextRef="AsOf20100630" decimals="-3" unitRef="TWD">42697000</tw-gaap-ci:IncomeTaxPayable>
	<tw-gaap-ci:IncomeTaxPayable contextRef="AsOf20090630" decimals="-3" unitRef="TWD">43216000</tw-gaap-ci:IncomeTaxPayable>
	<tw-gaap-ci:AccruedExpenses contextRef="AsOf20100630" decimals="-3" unitRef="TWD">239096000</tw-gaap-ci:AccruedExpenses>
	<tw-gaap-ci:AccruedExpenses contextRef="AsOf20090630" decimals="-3" unitRef="TWD">191983000</tw-gaap-ci:AccruedExpenses>
	<tw-gaap-ci:OtherPayables contextRef="AsOf20100630" decimals="-3" unitRef="TWD">104430000</tw-gaap-ci:OtherPayables>
	<tw-gaap-ci:OtherPayables contextRef="AsOf20090630" decimals="-3" unitRef="TWD">96230000</tw-gaap-ci:OtherPayables>
	<tw-gaap-ci:LongtermLiabilitiesCurrentPortion contextRef="AsOf20100630" decimals="-3" unitRef="TWD">19572000</tw-gaap-ci:LongtermLiabilitiesCurrentPortion>
	<tw-gaap-ci:LongtermLiabilitiesCurrentPortion contextRef="AsOf20090630" decimals="-3" unitRef="TWD">32652000</tw-gaap-ci:LongtermLiabilitiesCurrentPortion>
	<tw-gaap-ci:OtherCurrentLiabilitiesOther contextRef="AsOf20100630" decimals="-3" unitRef="TWD">4081000</tw-gaap-ci:OtherCurrentLiabilitiesOther>
	<tw-gaap-ci:OtherCurrentLiabilitiesOther contextRef="AsOf20090630" decimals="-3" unitRef="TWD">4159000</tw-gaap-ci:OtherCurrentLiabilitiesOther>
	<tw-gaap-ci:OtherCurrentLiabilities contextRef="AsOf20100630" decimals="-3" unitRef="TWD">4081000</tw-gaap-ci:OtherCurrentLiabilities>
	<tw-gaap-ci:OtherCurrentLiabilities contextRef="AsOf20090630" decimals="-3" unitRef="TWD">4159000</tw-gaap-ci:OtherCurrentLiabilities>
	<tw-gaap-ci:CurrentLiabilities contextRef="AsOf20100630" decimals="-3" unitRef="TWD">1014735000</tw-gaap-ci:CurrentLiabilities>
	<tw-gaap-ci:CurrentLiabilities contextRef="AsOf20090630" decimals="-3" unitRef="TWD">658689000</tw-gaap-ci:CurrentLiabilities>
	<tw-gaap-ci:LongtermBorrowings contextRef="AsOf20100630" decimals="-3" unitRef="TWD">249673000</tw-gaap-ci:LongtermBorrowings>
	<tw-gaap-ci:LongtermBorrowings contextRef="AsOf20090630" decimals="-3" unitRef="TWD">298500000</tw-gaap-ci:LongtermBorrowings>
	<tw-gaap-ci:LongTermLiabilities contextRef="AsOf20100630" decimals="-3" unitRef="TWD">249673000</tw-gaap-ci:LongTermLiabilities>
	<tw-gaap-ci:LongTermLiabilities contextRef="AsOf20090630" decimals="-3" unitRef="TWD">298500000</tw-gaap-ci:LongTermLiabilities>
	<tw-gaap-ci:PensionReserve contextRef="AsOf20100630" decimals="-3" unitRef="TWD">118199000</tw-gaap-ci:PensionReserve>
	<tw-gaap-ci:PensionReserve contextRef="AsOf20090630" decimals="-3" unitRef="TWD">119783000</tw-gaap-ci:PensionReserve>
	<tw-gaap-ci:GuaranteeDepositsReceived contextRef="AsOf20100630" decimals="-3" unitRef="TWD">2239000</tw-gaap-ci:GuaranteeDepositsReceived>
	<tw-gaap-ci:GuaranteeDepositsReceived contextRef="AsOf20090630" decimals="-3" unitRef="TWD">7400000</tw-gaap-ci:GuaranteeDepositsReceived>
	<tw-gaap-ci:DeferredCreditsGainsonInterAffiliateAccounts contextRef="AsOf20100630" decimals="-3" unitRef="TWD">135000</tw-gaap-ci:DeferredCreditsGainsonInterAffiliateAccounts>
	<tw-gaap-ci:DeferredCreditsGainsonInterAffiliateAccounts contextRef="AsOf20090630" decimals="-3" unitRef="TWD">585000</tw-gaap-ci:DeferredCreditsGainsonInterAffiliateAccounts>
	<tw-gaap-ci:OtherLiabilitiesOther contextRef="AsOf20100630" decimals="-3" unitRef="TWD">135000</tw-gaap-ci:OtherLiabilitiesOther>
	<tw-gaap-ci:OtherLiabilitiesOther contextRef="AsOf20090630" decimals="-3" unitRef="TWD">585000</tw-gaap-ci:OtherLiabilitiesOther>
	<tw-gaap-ci:OtherLiabilities contextRef="AsOf20100630" decimals="-3" unitRef="TWD">120573000</tw-gaap-ci:OtherLiabilities>
	<tw-gaap-ci:OtherLiabilities contextRef="AsOf20090630" decimals="-3" unitRef="TWD">127768000</tw-gaap-ci:OtherLiabilities>
	<tw-gaap-ci:Liabilities contextRef="AsOf20100630" decimals="-3" unitRef="TWD">1384981000</tw-gaap-ci:Liabilities>
	<tw-gaap-ci:Liabilities contextRef="AsOf20090630" decimals="-3" unitRef="TWD">1084957000</tw-gaap-ci:Liabilities>
	<tw-gaap-ci:CommonStock contextRef="AsOf20100630" decimals="-3" unitRef="TWD">1154190000</tw-gaap-ci:CommonStock>
	<tw-gaap-ci:CommonStock contextRef="AsOf20090630" decimals="-3" unitRef="TWD">1154190000</tw-gaap-ci:CommonStock>
	<tw-gaap-ci:Capital contextRef="AsOf20100630" decimals="-3" unitRef="TWD">1154190000</tw-gaap-ci:Capital>
	<tw-gaap-ci:Capital contextRef="AsOf20090630" decimals="-3" unitRef="TWD">1154190000</tw-gaap-ci:Capital>
	<tw-gaap-ci:CapitalSurplusAdditionalPaidCapital contextRef="AsOf20100630" decimals="-3" unitRef="TWD">72435000</tw-gaap-ci:CapitalSurplusAdditionalPaidCapital>
	<tw-gaap-ci:CapitalSurplusAdditionalPaidCapital contextRef="AsOf20090630" decimals="-3" unitRef="TWD">72435000</tw-gaap-ci:CapitalSurplusAdditionalPaidCapital>
	<tw-gaap-ci:CapitalSurplusLongTermEquityInvestments contextRef="AsOf20100630" decimals="-3" unitRef="TWD">607000</tw-gaap-ci:CapitalSurplusLongTermEquityInvestments>
	<tw-gaap-ci:CapitalSurplusLongTermEquityInvestments contextRef="AsOf20090630" decimals="-3" unitRef="TWD">4540000</tw-gaap-ci:CapitalSurplusLongTermEquityInvestments>
	<tw-gaap-ci:CapitalSurplus contextRef="AsOf20100630" decimals="-3" unitRef="TWD">73042000</tw-gaap-ci:CapitalSurplus>
	<tw-gaap-ci:CapitalSurplus contextRef="AsOf20090630" decimals="-3" unitRef="TWD">76975000</tw-gaap-ci:CapitalSurplus>
	<tw-gaap-ci:LegalReserve contextRef="AsOf20100630" decimals="-3" unitRef="TWD">210327000</tw-gaap-ci:LegalReserve>
	<tw-gaap-ci:LegalReserve contextRef="AsOf20090630" decimals="-3" unitRef="TWD">198481000</tw-gaap-ci:LegalReserve>
	<tw-gaap-ci:SpecialReserve contextRef="AsOf20100630" decimals="-3" unitRef="TWD">10417000</tw-gaap-ci:SpecialReserve>
	<tw-gaap-ci:SpecialReserve contextRef="AsOf20090630" decimals="-3" unitRef="TWD">5085000</tw-gaap-ci:SpecialReserve>
	<tw-gaap-ci:UnappropriatedRetainedEarnings contextRef="AsOf20100630" decimals="-3" unitRef="TWD">328935000</tw-gaap-ci:UnappropriatedRetainedEarnings>
	<tw-gaap-ci:UnappropriatedRetainedEarnings contextRef="AsOf20090630" decimals="-3" unitRef="TWD">227347000</tw-gaap-ci:UnappropriatedRetainedEarnings>
	<tw-gaap-ci:RetainedEarnings contextRef="AsOf20100630" decimals="-3" unitRef="TWD">549679000</tw-gaap-ci:RetainedEarnings>
	<tw-gaap-ci:RetainedEarnings contextRef="AsOf20090630" decimals="-3" unitRef="TWD">430913000</tw-gaap-ci:RetainedEarnings>
	<tw-gaap-ci:CumulativeTranslationAdjustments contextRef="AsOf20100630" decimals="-3" unitRef="TWD">41183000</tw-gaap-ci:CumulativeTranslationAdjustments>
	<tw-gaap-ci:CumulativeTranslationAdjustments contextRef="AsOf20090630" decimals="-3" unitRef="TWD">44759000</tw-gaap-ci:CumulativeTranslationAdjustments>
	<tw-gaap-ci:NetLossNotRecognizedPensionCost contextRef="AsOf20100630" decimals="-3" unitRef="TWD">-49449000</tw-gaap-ci:NetLossNotRecognizedPensionCost>
	<tw-gaap-ci:NetLossNotRecognizedPensionCost contextRef="AsOf20090630" decimals="-3" unitRef="TWD">-49584000</tw-gaap-ci:NetLossNotRecognizedPensionCost>
	<tw-gaap-ci:StockholdersEquitiesAdjustments contextRef="AsOf20100630" decimals="-3" unitRef="TWD">-8266000</tw-gaap-ci:StockholdersEquitiesAdjustments>
	<tw-gaap-ci:StockholdersEquitiesAdjustments contextRef="AsOf20090630" decimals="-3" unitRef="TWD">-4825000</tw-gaap-ci:StockholdersEquitiesAdjustments>
	<tw-gaap-ci:StockholdersEquities contextRef="AsOf20100630" decimals="-3" unitRef="TWD">1768645000</tw-gaap-ci:StockholdersEquities>
	<tw-gaap-ci:StockholdersEquities contextRef="AsOf20090630" decimals="-3" unitRef="TWD">1657253000</tw-gaap-ci:StockholdersEquities>
	<tw-gaap-ci:EquivalentSharesOutstandingAdvanceReceiptsCommonStock contextRef="AsOf20100630" decimals="0" unitRef="Shares">0</tw-gaap-ci:EquivalentSharesOutstandingAdvanceReceiptsCommonStock>
	<tw-gaap-ci:EquivalentSharesOutstandingAdvanceReceiptsCommonStock contextRef="AsOf20090630" decimals="0" unitRef="Shares">0</tw-gaap-ci:EquivalentSharesOutstandingAdvanceReceiptsCommonStock>
	<tw-gaap-ci:NumberTreasuryStockAcquiredCompanySubsidiaries contextRef="AsOf20100630" decimals="0" unitRef="Shares">0</tw-gaap-ci:NumberTreasuryStockAcquiredCompanySubsidiaries>
	<tw-gaap-ci:NumberTreasuryStockAcquiredCompanySubsidiaries contextRef="AsOf20090630" decimals="0" unitRef="Shares">0</tw-gaap-ci:NumberTreasuryStockAcquiredCompanySubsidiaries>
	<tw-gaap-ci:Sales contextRef="From20100101To20100630" decimals="-3" unitRef="TWD">2125835000</tw-gaap-ci:Sales>
	<tw-gaap-ci:Sales contextRef="From20090101To20090630" decimals="-3" unitRef="TWD">1899419000</tw-gaap-ci:Sales>
	<tw-gaap-ci:SalesReturns contextRef="From20100101To20100630" decimals="-3" unitRef="TWD">69815000</tw-gaap-ci:SalesReturns>
	<tw-gaap-ci:SalesReturns contextRef="From20090101To20090630" decimals="-3" unitRef="TWD">50160000</tw-gaap-ci:SalesReturns>
	<tw-gaap-ci:SalesDiscountsAllowances contextRef="From20100101To20100630" decimals="-3" unitRef="TWD">8125000</tw-gaap-ci:SalesDiscountsAllowances>
	<tw-gaap-ci:SalesDiscountsAllowances contextRef="From20090101To20090630" decimals="-3" unitRef="TWD">10471000</tw-gaap-ci:SalesDiscountsAllowances>
	<tw-gaap-ci:NetSales contextRef="From20100101To20100630" decimals="-3" unitRef="TWD">2047895000</tw-gaap-ci:NetSales>
	<tw-gaap-ci:NetSales contextRef="From20090101To20090630" decimals="-3" unitRef="TWD">1838788000</tw-gaap-ci:NetSales>
	<tw-gaap-ci:OperatingRevenue contextRef="From20100101To20100630" decimals="-3" unitRef="TWD">2047895000</tw-gaap-ci:OperatingRevenue>
	<tw-gaap-ci:OperatingRevenue contextRef="From20090101To20090630" decimals="-3" unitRef="TWD">1838788000</tw-gaap-ci:OperatingRevenue>
	<tw-gaap-ci:OperatingCosts contextRef="From20100101To20100630" decimals="-3" unitRef="TWD">1476458000</tw-gaap-ci:OperatingCosts>
	<tw-gaap-ci:OperatingCosts contextRef="From20090101To20090630" decimals="-3" unitRef="TWD">1358867000</tw-gaap-ci:OperatingCosts>
	<tw-gaap-ci:GrossProfitLossOperations contextRef="From20100101To20100630" decimals="-3" unitRef="TWD">571437000</tw-gaap-ci:GrossProfitLossOperations>
	<tw-gaap-ci:GrossProfitLossOperations contextRef="From20090101To20090630" decimals="-3" unitRef="TWD">479921000</tw-gaap-ci:GrossProfitLossOperations>
	<tw-gaap-ci:Sellingexpense contextRef="From20100101To20100630" decimals="-3" unitRef="TWD">354317000</tw-gaap-ci:Sellingexpense>
	<tw-gaap-ci:Sellingexpense contextRef="From20090101To20090630" decimals="-3" unitRef="TWD">352230000</tw-gaap-ci:Sellingexpense>
	<tw-gaap-ci:GeneralAdministrativeExpenses contextRef="From20100101To20100630" decimals="-3" unitRef="TWD">62681000</tw-gaap-ci:GeneralAdministrativeExpenses>
	<tw-gaap-ci:GeneralAdministrativeExpenses contextRef="From20090101To20090630" decimals="-3" unitRef="TWD">65233000</tw-gaap-ci:GeneralAdministrativeExpenses>
	<tw-gaap-ci:ResearchDevelopmentExpenses contextRef="From20100101To20100630" decimals="-3" unitRef="TWD">17586000</tw-gaap-ci:ResearchDevelopmentExpenses>
	<tw-gaap-ci:ResearchDevelopmentExpenses contextRef="From20090101To20090630" decimals="-3" unitRef="TWD">18806000</tw-gaap-ci:ResearchDevelopmentExpenses>
	<tw-gaap-ci:OperatingExpenses contextRef="From20100101To20100630" decimals="-3" unitRef="TWD">434584000</tw-gaap-ci:OperatingExpenses>
	<tw-gaap-ci:OperatingExpenses contextRef="From20090101To20090630" decimals="-3" unitRef="TWD">436269000</tw-gaap-ci:OperatingExpenses>
	<tw-gaap-ci:OperatingIncomeLoss contextRef="From20100101To20100630" decimals="-3" unitRef="TWD">136853000</tw-gaap-ci:OperatingIncomeLoss>
	<tw-gaap-ci:OperatingIncomeLoss contextRef="From20090101To20090630" decimals="-3" unitRef="TWD">43652000</tw-gaap-ci:OperatingIncomeLoss>
	<tw-gaap-ci:InterestIncome contextRef="From20100101To20100630" decimals="-3" unitRef="TWD">120000</tw-gaap-ci:InterestIncome>
	<tw-gaap-ci:InterestIncome contextRef="From20090101To20090630" decimals="-3" unitRef="TWD">115000</tw-gaap-ci:InterestIncome>
	<tw-gaap-ci:DividendIncome contextRef="From20100101To20100630" decimals="-3" unitRef="TWD">55000</tw-gaap-ci:DividendIncome>
	<tw-gaap-ci:DividendIncome contextRef="From20090101To20090630" decimals="-3" unitRef="TWD">0</tw-gaap-ci:DividendIncome>
	<tw-gaap-ci:InvestmentGains contextRef="From20100101To20100630" decimals="-3" unitRef="TWD">55000</tw-gaap-ci:InvestmentGains>
	<tw-gaap-ci:InvestmentGains contextRef="From20090101To20090630" decimals="-3" unitRef="TWD">0</tw-gaap-ci:InvestmentGains>
	<tw-gaap-ci:GainsDisposalFixedAssets contextRef="From20100101To20100630" decimals="-3" unitRef="TWD">86000</tw-gaap-ci:GainsDisposalFixedAssets>
	<tw-gaap-ci:GainsDisposalFixedAssets contextRef="From20090101To20090630" decimals="-3" unitRef="TWD">164000</tw-gaap-ci:GainsDisposalFixedAssets>
	<tw-gaap-ci:RentIncome contextRef="From20100101To20100630" decimals="-3" unitRef="TWD">7483000</tw-gaap-ci:RentIncome>
	<tw-gaap-ci:RentIncome contextRef="From20090101To20090630" decimals="-3" unitRef="TWD">3860000</tw-gaap-ci:RentIncome>
	<tw-gaap-ci:MiscellaneousIncome contextRef="From20100101To20100630" decimals="-3" unitRef="TWD">14901000</tw-gaap-ci:MiscellaneousIncome>
	<tw-gaap-ci:MiscellaneousIncome contextRef="From20090101To20090630" decimals="-3" unitRef="TWD">25704000</tw-gaap-ci:MiscellaneousIncome>
	<tw-gaap-ci:NonOperatingIncomeGains contextRef="From20100101To20100630" decimals="-3" unitRef="TWD">22645000</tw-gaap-ci:NonOperatingIncomeGains>
	<tw-gaap-ci:NonOperatingIncomeGains contextRef="From20090101To20090630" decimals="-3" unitRef="TWD">29843000</tw-gaap-ci:NonOperatingIncomeGains>
	<tw-gaap-ci:InterestExpense contextRef="From20100101To20100630" decimals="-3" unitRef="TWD">4623000</tw-gaap-ci:InterestExpense>
	<tw-gaap-ci:InterestExpense contextRef="From20090101To20090630" decimals="-3" unitRef="TWD">4306000</tw-gaap-ci:InterestExpense>
	<tw-gaap-ci:NonOperatingExpensesInvestmentLossRecognizedEquityMethod contextRef="From20100101To20100630" decimals="-3" unitRef="TWD">3888000</tw-gaap-ci:NonOperatingExpensesInvestmentLossRecognizedEquityMethod>
	<tw-gaap-ci:NonOperatingExpensesInvestmentLossRecognizedEquityMethod contextRef="From20090101To20090630" decimals="-3" unitRef="TWD">18087000</tw-gaap-ci:NonOperatingExpensesInvestmentLossRecognizedEquityMethod>
	<tw-gaap-ci:NonOperatingExpensesInvestmentLoss contextRef="From20100101To20100630" decimals="-3" unitRef="TWD">3888000</tw-gaap-ci:NonOperatingExpensesInvestmentLoss>
	<tw-gaap-ci:NonOperatingExpensesInvestmentLoss contextRef="From20090101To20090630" decimals="-3" unitRef="TWD">18087000</tw-gaap-ci:NonOperatingExpensesInvestmentLoss>
	<tw-gaap-ci:LossDisposalFixedAssets contextRef="From20100101To20100630" decimals="-3" unitRef="TWD">201000</tw-gaap-ci:LossDisposalFixedAssets>
	<tw-gaap-ci:LossDisposalFixedAssets contextRef="From20090101To20090630" decimals="-3" unitRef="TWD">29000</tw-gaap-ci:LossDisposalFixedAssets>
	<tw-gaap-ci:ForeignExchangeLosses contextRef="From20100101To20100630" decimals="-3" unitRef="TWD">2395000</tw-gaap-ci:ForeignExchangeLosses>
	<tw-gaap-ci:ForeignExchangeLosses contextRef="From20090101To20090630" decimals="-3" unitRef="TWD">2181000</tw-gaap-ci:ForeignExchangeLosses>
	<tw-gaap-ci:RevaluationLossFinancialLiabilities contextRef="From20100101To20100630" decimals="-3" unitRef="TWD">0</tw-gaap-ci:RevaluationLossFinancialLiabilities>
	<tw-gaap-ci:RevaluationLossFinancialLiabilities contextRef="From20090101To20090630" decimals="-3" unitRef="TWD">1540000</tw-gaap-ci:RevaluationLossFinancialLiabilities>
	<tw-gaap-ci:MiscellaneousDisbursements contextRef="From20100101To20100630" decimals="-3" unitRef="TWD">1501000</tw-gaap-ci:MiscellaneousDisbursements>
	<tw-gaap-ci:MiscellaneousDisbursements contextRef="From20090101To20090630" decimals="-3" unitRef="TWD">294000</tw-gaap-ci:MiscellaneousDisbursements>
	<tw-gaap-ci:NonOperatingExpenses contextRef="From20100101To20100630" decimals="-3" unitRef="TWD">12608000</tw-gaap-ci:NonOperatingExpenses>
	<tw-gaap-ci:NonOperatingExpenses contextRef="From20090101To20090630" decimals="-3" unitRef="TWD">26437000</tw-gaap-ci:NonOperatingExpenses>
	<tw-gaap-ci:IncomeContinuingOperationsBeforeIncomeTax contextRef="From20100101To20100630" decimals="-3" unitRef="TWD">146890000</tw-gaap-ci:IncomeContinuingOperationsBeforeIncomeTax>
	<tw-gaap-ci:IncomeContinuingOperationsBeforeIncomeTax contextRef="From20090101To20090630" decimals="-3" unitRef="TWD">47058000</tw-gaap-ci:IncomeContinuingOperationsBeforeIncomeTax>
	<tw-gaap-ci:IncomeTaxExpenseBenefit contextRef="From20100101To20100630" decimals="-3" unitRef="TWD">31771000</tw-gaap-ci:IncomeTaxExpenseBenefit>
	<tw-gaap-ci:IncomeTaxExpenseBenefit contextRef="From20090101To20090630" decimals="-3" unitRef="TWD">13038000</tw-gaap-ci:IncomeTaxExpenseBenefit>
	<tw-gaap-ci:IncomeContinuingOperations contextRef="From20100101To20100630" decimals="-3" unitRef="TWD">115119000</tw-gaap-ci:IncomeContinuingOperations>
	<tw-gaap-ci:IncomeContinuingOperations contextRef="From20090101To20090630" decimals="-3" unitRef="TWD">34020000</tw-gaap-ci:IncomeContinuingOperations>
	<tw-gaap-ci:NetIncomeLoss contextRef="From20100101To20100630" decimals="-3" unitRef="TWD">115119000</tw-gaap-ci:NetIncomeLoss>
	<tw-gaap-ci:NetIncomeLoss contextRef="From20090101To20090630" decimals="-3" unitRef="TWD">34020000</tw-gaap-ci:NetIncomeLoss>
	<tw-gaap-ci:PrimaryEarningsPerShare contextRef="From20100101To20100630" decimals="2" unitRef="TWD">1.00</tw-gaap-ci:PrimaryEarningsPerShare>
	<tw-gaap-ci:PrimaryEarningsPerShare contextRef="From20090101To20090630" decimals="2" unitRef="TWD">0.29</tw-gaap-ci:PrimaryEarningsPerShare>
	<tw-gaap-ci:DilutedEarningsPerShare contextRef="From20100101To20100630" decimals="2" unitRef="TWD">1.00</tw-gaap-ci:DilutedEarningsPerShare>
	<tw-gaap-ci:DilutedEarningsPerShare contextRef="From20090101To20090630" decimals="2" unitRef="TWD">0.29</tw-gaap-ci:DilutedEarningsPerShare>
	<tw-gaap-ci:NetIncomeLoss_StatementCashFlows contextRef="From20100101To20100630" decimals="-3" unitRef="TWD">115119000</tw-gaap-ci:NetIncomeLoss_StatementCashFlows>
	<tw-gaap-ci:NetIncomeLoss_StatementCashFlows contextRef="From20090101To20090630" decimals="-3" unitRef="TWD">34020000</tw-gaap-ci:NetIncomeLoss_StatementCashFlows>
	<tw-gaap-ci:DepreciationExpense-Operating contextRef="From20100101To20100630" decimals="-3" unitRef="TWD">40956000</tw-gaap-ci:DepreciationExpense-Operating>
	<tw-gaap-ci:DepreciationExpense-Operating contextRef="From20090101To20090630" decimals="-3" unitRef="TWD">48000000</tw-gaap-ci:DepreciationExpense-Operating>
	<tw-gaap-ci:AmortizationExpense-Operating contextRef="From20100101To20100630" decimals="-3" unitRef="TWD">6489000</tw-gaap-ci:AmortizationExpense-Operating>
	<tw-gaap-ci:AmortizationExpense-Operating contextRef="From20090101To20090630" decimals="-3" unitRef="TWD">4412000</tw-gaap-ci:AmortizationExpense-Operating>
	<tw-gaap-ci:GainLossInventoryValuationObsolescenceRecoverie contextRef="From20100101To20100630" decimals="-3" unitRef="TWD">15013000</tw-gaap-ci:GainLossInventoryValuationObsolescenceRecoverie>
	<tw-gaap-ci:GainLossInventoryValuationObsolescenceRecoverie contextRef="From20090101To20090630" decimals="-3" unitRef="TWD">13647000</tw-gaap-ci:GainLossInventoryValuationObsolescenceRecoverie>
	<tw-gaap-ci:InvestmentLossIncomeRecognizedEquityMethod contextRef="From20100101To20100630" decimals="-3" unitRef="TWD">3888000</tw-gaap-ci:InvestmentLossIncomeRecognizedEquityMethod>
	<tw-gaap-ci:InvestmentLossIncomeRecognizedEquityMethod contextRef="From20090101To20090630" decimals="-3" unitRef="TWD">18087000</tw-gaap-ci:InvestmentLossIncomeRecognizedEquityMethod>
	<tw-gaap-ci:GainLossDisposalScrappingFixedAssets contextRef="From20100101To20100630" decimals="-3" unitRef="TWD">115000</tw-gaap-ci:GainLossDisposalScrappingFixedAssets>
	<tw-gaap-ci:GainLossDisposalScrappingFixedAssets contextRef="From20090101To20090630" decimals="-3" unitRef="TWD">-135000</tw-gaap-ci:GainLossDisposalScrappingFixedAssets>
	<tw-gaap-ci:UnrealizedRevaluationGainFinancialAssetsLiabilities contextRef="From20100101To20100630" decimals="-3" unitRef="TWD">0</tw-gaap-ci:UnrealizedRevaluationGainFinancialAssetsLiabilities>
	<tw-gaap-ci:UnrealizedRevaluationGainFinancialAssetsLiabilities contextRef="From20090101To20090630" decimals="-3" unitRef="TWD">1540000</tw-gaap-ci:UnrealizedRevaluationGainFinancialAssetsLiabilities>
	<tw-gaap-ci:LossGainDeferredIncomeTax contextRef="From20100101To20100630" decimals="-3" unitRef="TWD">3808000</tw-gaap-ci:LossGainDeferredIncomeTax>
	<tw-gaap-ci:LossGainDeferredIncomeTax contextRef="From20090101To20090630" decimals="-3" unitRef="TWD">-9843000</tw-gaap-ci:LossGainDeferredIncomeTax>
	<tw-gaap-ci:OtherAdjustmentsReconcileNetIncomeNetCashProvidedUsedOperatingActivities contextRef="From20100101To20100630" decimals="-3" unitRef="TWD">-33000</tw-gaap-ci:OtherAdjustmentsReconcileNetIncomeNetCashProvidedUsedOperatingActivities>
	<tw-gaap-ci:OtherAdjustmentsReconcileNetIncomeNetCashProvidedUsedOperatingActivities contextRef="From20090101To20090630" decimals="-3" unitRef="TWD">-65000</tw-gaap-ci:OtherAdjustmentsReconcileNetIncomeNetCashProvidedUsedOperatingActivities>
	<tw-gaap-ci:AdjustmentsReconcileNetIncomeNetCashProvidedUsedOperatingActivities contextRef="From20100101To20100630" decimals="-3" unitRef="TWD">70236000</tw-gaap-ci:AdjustmentsReconcileNetIncomeNetCashProvidedUsedOperatingActivities>
	<tw-gaap-ci:AdjustmentsReconcileNetIncomeNetCashProvidedUsedOperatingActivities contextRef="From20090101To20090630" decimals="-3" unitRef="TWD">75643000</tw-gaap-ci:AdjustmentsReconcileNetIncomeNetCashProvidedUsedOperatingActivities>
	<tw-gaap-ci:ChangesFinancialAssetsHeldTrading contextRef="From20100101To20100630" decimals="-3" unitRef="TWD">656000</tw-gaap-ci:ChangesFinancialAssetsHeldTrading>
	<tw-gaap-ci:ChangesFinancialAssetsHeldTrading contextRef="From20090101To20090630" decimals="-3" unitRef="TWD">20038000</tw-gaap-ci:ChangesFinancialAssetsHeldTrading>
	<tw-gaap-ci:ChangesNotesReceivable contextRef="From20100101To20100630" decimals="-3" unitRef="TWD">-16715000</tw-gaap-ci:ChangesNotesReceivable>
	<tw-gaap-ci:ChangesNotesReceivable contextRef="From20090101To20090630" decimals="-3" unitRef="TWD">6517000</tw-gaap-ci:ChangesNotesReceivable>
	<tw-gaap-ci:ChangesAccountsReceivable contextRef="From20100101To20100630" decimals="-3" unitRef="TWD">-50212000</tw-gaap-ci:ChangesAccountsReceivable>
	<tw-gaap-ci:ChangesAccountsReceivable contextRef="From20090101To20090630" decimals="-3" unitRef="TWD">64900000</tw-gaap-ci:ChangesAccountsReceivable>
	<tw-gaap-ci:ChangesOtherReceivables contextRef="From20100101To20100630" decimals="-3" unitRef="TWD">570000</tw-gaap-ci:ChangesOtherReceivables>
	<tw-gaap-ci:ChangesOtherReceivables contextRef="From20090101To20090630" decimals="-3" unitRef="TWD">1734000</tw-gaap-ci:ChangesOtherReceivables>
	<tw-gaap-ci:ChangesInventories contextRef="From20100101To20100630" decimals="-3" unitRef="TWD">10837000</tw-gaap-ci:ChangesInventories>
	<tw-gaap-ci:ChangesInventories contextRef="From20090101To20090630" decimals="-3" unitRef="TWD">-42796000</tw-gaap-ci:ChangesInventories>
	<tw-gaap-ci:ChangesOtherPrepayments contextRef="From20100101To20100630" decimals="-3" unitRef="TWD">-5838000</tw-gaap-ci:ChangesOtherPrepayments>
	<tw-gaap-ci:ChangesOtherPrepayments contextRef="From20090101To20090630" decimals="-3" unitRef="TWD">71414000</tw-gaap-ci:ChangesOtherPrepayments>
	<tw-gaap-ci:ChangesOtherCurrentAssets_CI contextRef="From20100101To20100630" decimals="-3" unitRef="TWD">-2903000</tw-gaap-ci:ChangesOtherCurrentAssets_CI>
	<tw-gaap-ci:ChangesOtherCurrentAssets_CI contextRef="From20090101To20090630" decimals="-3" unitRef="TWD">-3423000</tw-gaap-ci:ChangesOtherCurrentAssets_CI>
	<tw-gaap-ci:ChangesOperatingAssets contextRef="From20100101To20100630" decimals="-3" unitRef="TWD">-63605000</tw-gaap-ci:ChangesOperatingAssets>
	<tw-gaap-ci:ChangesOperatingAssets contextRef="From20090101To20090630" decimals="-3" unitRef="TWD">118384000</tw-gaap-ci:ChangesOperatingAssets>
	<tw-gaap-ci:ChangesNotesPayable contextRef="From20100101To20100630" decimals="-3" unitRef="TWD">-118000</tw-gaap-ci:ChangesNotesPayable>
	<tw-gaap-ci:ChangesNotesPayable contextRef="From20090101To20090630" decimals="-3" unitRef="TWD">-82000</tw-gaap-ci:ChangesNotesPayable>
	<tw-gaap-ci:ChangesAccountsPayable contextRef="From20100101To20100630" decimals="-3" unitRef="TWD">19983000</tw-gaap-ci:ChangesAccountsPayable>
	<tw-gaap-ci:ChangesAccountsPayable contextRef="From20090101To20090630" decimals="-3" unitRef="TWD">-16434000</tw-gaap-ci:ChangesAccountsPayable>
	<tw-gaap-ci:ChangesIncomeTaxPayable contextRef="From20100101To20100630" decimals="-3" unitRef="TWD">27956000</tw-gaap-ci:ChangesIncomeTaxPayable>
	<tw-gaap-ci:ChangesIncomeTaxPayable contextRef="From20090101To20090630" decimals="-3" unitRef="TWD">6053000</tw-gaap-ci:ChangesIncomeTaxPayable>
	<tw-gaap-ci:ChangesAccruedExpenses contextRef="From20100101To20100630" decimals="-3" unitRef="TWD">-31317000</tw-gaap-ci:ChangesAccruedExpenses>
	<tw-gaap-ci:ChangesAccruedExpenses contextRef="From20090101To20090630" decimals="-3" unitRef="TWD">-74149000</tw-gaap-ci:ChangesAccruedExpenses>
	<tw-gaap-ci:ChangesOtherPayables contextRef="From20100101To20100630" decimals="-3" unitRef="TWD">10516000</tw-gaap-ci:ChangesOtherPayables>
	<tw-gaap-ci:ChangesOtherPayables contextRef="From20090101To20090630" decimals="-3" unitRef="TWD">3218000</tw-gaap-ci:ChangesOtherPayables>
	<tw-gaap-ci:ChangesOtherCurrentLiabilities_CI contextRef="From20100101To20100630" decimals="-3" unitRef="TWD">1179000</tw-gaap-ci:ChangesOtherCurrentLiabilities_CI>
	<tw-gaap-ci:ChangesOtherCurrentLiabilities_CI contextRef="From20090101To20090630" decimals="-3" unitRef="TWD">1056000</tw-gaap-ci:ChangesOtherCurrentLiabilities_CI>
	<tw-gaap-ci:ChangesAccruedPensionLiabilities contextRef="From20100101To20100630" decimals="-3" unitRef="TWD">586000</tw-gaap-ci:ChangesAccruedPensionLiabilities>
	<tw-gaap-ci:ChangesAccruedPensionLiabilities contextRef="From20090101To20090630" decimals="-3" unitRef="TWD">14000</tw-gaap-ci:ChangesAccruedPensionLiabilities>
	<tw-gaap-ci:ChangesOperatingLiabilities contextRef="From20100101To20100630" decimals="-3" unitRef="TWD">28785000</tw-gaap-ci:ChangesOperatingLiabilities>
	<tw-gaap-ci:ChangesOperatingLiabilities contextRef="From20090101To20090630" decimals="-3" unitRef="TWD">-80324000</tw-gaap-ci:ChangesOperatingLiabilities>
	<tw-gaap-ci:ChangesOperatingAssetsLiabilities contextRef="From20100101To20100630" decimals="-3" unitRef="TWD">-34820000</tw-gaap-ci:ChangesOperatingAssetsLiabilities>
	<tw-gaap-ci:ChangesOperatingAssetsLiabilities contextRef="From20090101To20090630" decimals="-3" unitRef="TWD">38060000</tw-gaap-ci:ChangesOperatingAssetsLiabilities>
	<tw-gaap-ci:NetCashProvidedUsedOperatingActivities contextRef="From20100101To20100630" decimals="-3" unitRef="TWD">150535000</tw-gaap-ci:NetCashProvidedUsedOperatingActivities>
	<tw-gaap-ci:NetCashProvidedUsedOperatingActivities contextRef="From20090101To20090630" decimals="-3" unitRef="TWD">147723000</tw-gaap-ci:NetCashProvidedUsedOperatingActivities>
	<tw-gaap-ci:AcquisitionPropertyPlantEquipment contextRef="From20100101To20100630" decimals="-3" unitRef="TWD">-21978000</tw-gaap-ci:AcquisitionPropertyPlantEquipment>
	<tw-gaap-ci:AcquisitionPropertyPlantEquipment contextRef="From20090101To20090630" decimals="-3" unitRef="TWD">-81507000</tw-gaap-ci:AcquisitionPropertyPlantEquipment>
	<tw-gaap-ci:ProceedsDisposalPropertyPlantEquipment contextRef="From20100101To20100630" decimals="-3" unitRef="TWD">100000</tw-gaap-ci:ProceedsDisposalPropertyPlantEquipment>
	<tw-gaap-ci:ProceedsDisposalPropertyPlantEquipment contextRef="From20090101To20090630" decimals="-3" unitRef="TWD">164000</tw-gaap-ci:ProceedsDisposalPropertyPlantEquipment>
	<tw-gaap-ci:ChangesRefundableDeposits contextRef="From20100101To20100630" decimals="-3" unitRef="TWD">234000</tw-gaap-ci:ChangesRefundableDeposits>
	<tw-gaap-ci:ChangesRefundableDeposits contextRef="From20090101To20090630" decimals="-3" unitRef="TWD">187000</tw-gaap-ci:ChangesRefundableDeposits>
	<tw-gaap-ci:IncreaseDeferredCharges contextRef="From20100101To20100630" decimals="-3" unitRef="TWD">-7806000</tw-gaap-ci:IncreaseDeferredCharges>
	<tw-gaap-ci:IncreaseDeferredCharges contextRef="From20090101To20090630" decimals="-3" unitRef="TWD">-13261000</tw-gaap-ci:IncreaseDeferredCharges>
	<tw-gaap-ci:ChangesOtherReceivablesRelatedParties contextRef="From20100101To20100630" decimals="-3" unitRef="TWD">3000000</tw-gaap-ci:ChangesOtherReceivablesRelatedParties>
	<tw-gaap-ci:ChangesOtherReceivablesRelatedParties contextRef="From20090101To20090630" decimals="-3" unitRef="TWD">-3000000</tw-gaap-ci:ChangesOtherReceivablesRelatedParties>
	<tw-gaap-ci:NetCashProvidedUsedInvestingActivities contextRef="From20100101To20100630" decimals="-3" unitRef="TWD">-26450000</tw-gaap-ci:NetCashProvidedUsedInvestingActivities>
	<tw-gaap-ci:NetCashProvidedUsedInvestingActivities contextRef="From20090101To20090630" decimals="-3" unitRef="TWD">-97417000</tw-gaap-ci:NetCashProvidedUsedInvestingActivities>
	<tw-gaap-ci:ChangesShortTermLoans contextRef="From20100101To20100630" decimals="-3" unitRef="TWD">272658000</tw-gaap-ci:ChangesShortTermLoans>
	<tw-gaap-ci:ChangesShortTermLoans contextRef="From20090101To20090630" decimals="-3" unitRef="TWD">-67393000</tw-gaap-ci:ChangesShortTermLoans>
	<tw-gaap-ci:RepaymentLongTermDebt contextRef="From20100101To20100630" decimals="-3" unitRef="TWD">-327706000</tw-gaap-ci:RepaymentLongTermDebt>
	<tw-gaap-ci:RepaymentLongTermDebt contextRef="From20090101To20090630" decimals="-3" unitRef="TWD">-12576000</tw-gaap-ci:RepaymentLongTermDebt>
	<tw-gaap-ci:NetCashProvidedUsedFinancingActivities contextRef="From20100101To20100630" decimals="-3" unitRef="TWD">-55048000</tw-gaap-ci:NetCashProvidedUsedFinancingActivities>
	<tw-gaap-ci:NetCashProvidedUsedFinancingActivities contextRef="From20090101To20090630" decimals="-3" unitRef="TWD">-79969000</tw-gaap-ci:NetCashProvidedUsedFinancingActivities>
	<tw-gaap-ci:NetChangesCashCashEquivalents contextRef="From20100101To20100630" decimals="-3" unitRef="TWD">69037000</tw-gaap-ci:NetChangesCashCashEquivalents>
	<tw-gaap-ci:NetChangesCashCashEquivalents contextRef="From20090101To20090630" decimals="-3" unitRef="TWD">-29663000</tw-gaap-ci:NetChangesCashCashEquivalents>
	<tw-gaap-ci:CashCashEquivalents contextRef="AsOf20100101" decimals="-3" unitRef="TWD">198368000</tw-gaap-ci:CashCashEquivalents>
	<tw-gaap-ci:CashCashEquivalents contextRef="AsOf20090101" decimals="-3" unitRef="TWD">155686000</tw-gaap-ci:CashCashEquivalents>
	<tw-gaap-ci:InterestPaidExcludingCapitalizedInterest contextRef="From20100101To20100630" decimals="-3" unitRef="TWD">3761000</tw-gaap-ci:InterestPaidExcludingCapitalizedInterest>
	<tw-gaap-ci:InterestPaidExcludingCapitalizedInterest contextRef="From20090101To20090630" decimals="-3" unitRef="TWD">4860000</tw-gaap-ci:InterestPaidExcludingCapitalizedInterest>
	<tw-gaap-ci:IncomeTaxPaid contextRef="From20100101To20100630" decimals="-3" unitRef="TWD">7000</tw-gaap-ci:IncomeTaxPaid>
	<tw-gaap-ci:IncomeTaxPaid contextRef="From20090101To20090630" decimals="-3" unitRef="TWD">16828000</tw-gaap-ci:IncomeTaxPaid>
	<tw-gaap-ci:DividendsPayable contextRef="From20100101To20100630" decimals="-3" unitRef="TWD">80793000</tw-gaap-ci:DividendsPayable>
	<tw-gaap-ci:DividendsPayable contextRef="From20090101To20090630" decimals="-3" unitRef="TWD">80793000</tw-gaap-ci:DividendsPayable>
	<tw-gaap-ci:IncreasePropertyPlantEquipment contextRef="From20100101To20100630" decimals="-3" unitRef="TWD">21325000</tw-gaap-ci:IncreasePropertyPlantEquipment>
	<tw-gaap-ci:IncreasePropertyPlantEquipment contextRef="From20090101To20090630" decimals="-3" unitRef="TWD">77855000</tw-gaap-ci:IncreasePropertyPlantEquipment>
	<tw-gaap-ci:ChangesPayableEquipmentPurchased contextRef="From20100101To20100630" decimals="-3" unitRef="TWD">653000</tw-gaap-ci:ChangesPayableEquipmentPurchased>
	<tw-gaap-ci:ChangesPayableEquipmentPurchased contextRef="From20090101To20090630" decimals="-3" unitRef="TWD">3652000</tw-gaap-ci:ChangesPayableEquipmentPurchased>
	<tw-gaap-ci:CashPaidAcquisitionPropertyPlantEquipment contextRef="From20100101To20100630" decimals="-3" unitRef="TWD">21978000</tw-gaap-ci:CashPaidAcquisitionPropertyPlantEquipment>
	<tw-gaap-ci:CashPaidAcquisitionPropertyPlantEquipment contextRef="From20090101To20090630" decimals="-3" unitRef="TWD">81507000</tw-gaap-ci:CashPaidAcquisitionPropertyPlantEquipment>
	<tw-gaap-ci:BeginningBalanceMember contextRef="AsOf20100630_CommonStockValueMember" decimals="-3" unitRef="TWD">1154190000</tw-gaap-ci:BeginningBalanceMember>
	<tw-gaap-ci:BeginningBalanceMember contextRef="AsOf20100630_CapitalStockMember" decimals="-3" unitRef="TWD">1154190000</tw-gaap-ci:BeginningBalanceMember>
	<tw-gaap-ci:BeginningBalanceMember contextRef="AsOf20100630_CapitalSurplusMember" decimals="-3" unitRef="TWD">73042000</tw-gaap-ci:BeginningBalanceMember>
	<tw-gaap-ci:BeginningBalanceMember contextRef="AsOf20100630_LegalReserveMember" decimals="-3" unitRef="TWD">198481000</tw-gaap-ci:BeginningBalanceMember>
	<tw-gaap-ci:BeginningBalanceMember contextRef="AsOf20100630_SpecialReserveMember" decimals="-3" unitRef="TWD">5085000</tw-gaap-ci:BeginningBalanceMember>
	<tw-gaap-ci:BeginningBalanceMember contextRef="AsOf20100630_UnappropriatedRetainedEarningsMember" decimals="-3" unitRef="TWD">311787000</tw-gaap-ci:BeginningBalanceMember>
	<tw-gaap-ci:BeginningBalanceMember contextRef="AsOf20100630_RetainedEarningsMember" decimals="-3" unitRef="TWD">515353000</tw-gaap-ci:BeginningBalanceMember>
	<tw-gaap-ci:BeginningBalanceMember contextRef="AsOf20100630_CumulativeTranslationAdjustmentsMember" decimals="-3" unitRef="TWD">39032000</tw-gaap-ci:BeginningBalanceMember>
	<tw-gaap-ci:BeginningBalanceMember contextRef="AsOf20100630_NetLossNotRecognizedPensionCostMember" decimals="-3" unitRef="TWD">-49449000</tw-gaap-ci:BeginningBalanceMember>
	<tw-gaap-ci:BeginningBalanceMember contextRef="AsOf20100630_StockholdersEquitiesAdjustmentsMember" decimals="-3" unitRef="TWD">-10417000</tw-gaap-ci:BeginningBalanceMember>
	<tw-gaap-ci:BeginningBalanceMember contextRef="AsOf20100630_TotalStockholdersEquitiesMember" decimals="-3" unitRef="TWD">1732168000</tw-gaap-ci:BeginningBalanceMember>
	<tw-gaap-ci:NetIncomeLossMember contextRef="From20100101To20100630_UnappropriatedRetainedEarningsMember" decimals="-3" unitRef="TWD">115119000</tw-gaap-ci:NetIncomeLossMember>
	<tw-gaap-ci:NetIncomeLossMember contextRef="From20100101To20100630_RetainedEarningsMember" decimals="-3" unitRef="TWD">115119000</tw-gaap-ci:NetIncomeLossMember>
	<tw-gaap-ci:NetIncomeLossMember contextRef="From20100101To20100630_TotalStockholdersEquitiesMember" decimals="-3" unitRef="TWD">115119000</tw-gaap-ci:NetIncomeLossMember>
	<tw-gaap-ci:LegalReserveAppropriatedMember contextRef="From20100101To20100630_LegalReserveMember" decimals="-3" unitRef="TWD">11846000</tw-gaap-ci:LegalReserveAppropriatedMember>
	<tw-gaap-ci:LegalReserveAppropriatedMember contextRef="From20100101To20100630_UnappropriatedRetainedEarningsMember" decimals="-3" unitRef="TWD">-11846000</tw-gaap-ci:LegalReserveAppropriatedMember>
	<tw-gaap-ci:LegalReserveAppropriatedMember contextRef="From20100101To20100630_RetainedEarningsMember" decimals="-3" unitRef="TWD">0</tw-gaap-ci:LegalReserveAppropriatedMember>
	<tw-gaap-ci:LegalReserveAppropriatedMember contextRef="From20100101To20100630_TotalStockholdersEquitiesMember" decimals="-3" unitRef="TWD">0</tw-gaap-ci:LegalReserveAppropriatedMember>
	<tw-gaap-ci:SpecialReserveAppropriatedMember contextRef="From20100101To20100630_SpecialReserveMember" decimals="-3" unitRef="TWD">5332000</tw-gaap-ci:SpecialReserveAppropriatedMember>
	<tw-gaap-ci:SpecialReserveAppropriatedMember contextRef="From20100101To20100630_UnappropriatedRetainedEarningsMember" decimals="-3" unitRef="TWD">-5332000</tw-gaap-ci:SpecialReserveAppropriatedMember>
	<tw-gaap-ci:SpecialReserveAppropriatedMember contextRef="From20100101To20100630_RetainedEarningsMember" decimals="-3" unitRef="TWD">0</tw-gaap-ci:SpecialReserveAppropriatedMember>
	<tw-gaap-ci:SpecialReserveAppropriatedMember contextRef="From20100101To20100630_TotalStockholdersEquitiesMember" decimals="-3" unitRef="TWD">0</tw-gaap-ci:SpecialReserveAppropriatedMember>
	<tw-gaap-ci:CashDividendsCommonStockMember contextRef="From20100101To20100630_SpecialReserveMember" decimals="-3" unitRef="TWD">0</tw-gaap-ci:CashDividendsCommonStockMember>
	<tw-gaap-ci:CashDividendsCommonStockMember contextRef="From20100101To20100630_UnappropriatedRetainedEarningsMember" decimals="-3" unitRef="TWD">-80793000</tw-gaap-ci:CashDividendsCommonStockMember>
	<tw-gaap-ci:CashDividendsCommonStockMember contextRef="From20100101To20100630_RetainedEarningsMember" decimals="-3" unitRef="TWD">-80793000</tw-gaap-ci:CashDividendsCommonStockMember>
	<tw-gaap-ci:CashDividendsCommonStockMember contextRef="From20100101To20100630_TotalStockholdersEquitiesMember" decimals="-3" unitRef="TWD">-80793000</tw-gaap-ci:CashDividendsCommonStockMember>
	<tw-gaap-ci:ChangesForeignExchangeGainLossTranslationForeignCurrencyFinancialStatementsMember contextRef="From20100101To20100630_CumulativeTranslationAdjustmentsMember" decimals="-3" unitRef="TWD">2151000</tw-gaap-ci:ChangesForeignExchangeGainLossTranslationForeignCurrencyFinancialStatementsMember>
	<tw-gaap-ci:ChangesForeignExchangeGainLossTranslationForeignCurrencyFinancialStatementsMember contextRef="From20100101To20100630_StockholdersEquitiesAdjustmentsMember" decimals="-3" unitRef="TWD">2151000</tw-gaap-ci:ChangesForeignExchangeGainLossTranslationForeignCurrencyFinancialStatementsMember>
	<tw-gaap-ci:ChangesForeignExchangeGainLossTranslationForeignCurrencyFinancialStatementsMember contextRef="From20100101To20100630_TotalStockholdersEquitiesMember" decimals="-3" unitRef="TWD">2151000</tw-gaap-ci:ChangesForeignExchangeGainLossTranslationForeignCurrencyFinancialStatementsMember>
	<tw-gaap-ci:ChangesMember contextRef="From20100101To20100630_CommonStockValueMember" decimals="-3" unitRef="TWD">0</tw-gaap-ci:ChangesMember>
	<tw-gaap-ci:ChangesMember contextRef="From20100101To20100630_CapitalStockMember" decimals="-3" unitRef="TWD">0</tw-gaap-ci:ChangesMember>
	<tw-gaap-ci:ChangesMember contextRef="From20100101To20100630_CapitalSurplusMember" decimals="-3" unitRef="TWD">0</tw-gaap-ci:ChangesMember>
	<tw-gaap-ci:ChangesMember contextRef="From20100101To20100630_LegalReserveMember" decimals="-3" unitRef="TWD">11846000</tw-gaap-ci:ChangesMember>
	<tw-gaap-ci:ChangesMember contextRef="From20100101To20100630_SpecialReserveMember" decimals="-3" unitRef="TWD">5332000</tw-gaap-ci:ChangesMember>
	<tw-gaap-ci:ChangesMember contextRef="From20100101To20100630_UnappropriatedRetainedEarningsMember" decimals="-3" unitRef="TWD">17148000</tw-gaap-ci:ChangesMember>
	<tw-gaap-ci:ChangesMember contextRef="From20100101To20100630_RetainedEarningsMember" decimals="-3" unitRef="TWD">34326000</tw-gaap-ci:ChangesMember>
	<tw-gaap-ci:ChangesMember contextRef="From20100101To20100630_CumulativeTranslationAdjustmentsMember" decimals="-3" unitRef="TWD">2151000</tw-gaap-ci:ChangesMember>
	<tw-gaap-ci:ChangesMember contextRef="From20100101To20100630_StockholdersEquitiesAdjustmentsMember" decimals="-3" unitRef="TWD">2151000</tw-gaap-ci:ChangesMember>
	<tw-gaap-ci:ChangesMember contextRef="From20100101To20100630_TotalStockholdersEquitiesMember" decimals="-3" unitRef="TWD">36477000</tw-gaap-ci:ChangesMember>
	<tw-gaap-ci:EndYear contextRef="AsOf20100630_CommonStockValueMember" decimals="-3" unitRef="TWD">1154190000</tw-gaap-ci:EndYear>
	<tw-gaap-ci:EndYear contextRef="AsOf20100630_CapitalStockMember" decimals="-3" unitRef="TWD">1154190000</tw-gaap-ci:EndYear>
	<tw-gaap-ci:EndYear contextRef="AsOf20100630_CapitalSurplusMember" decimals="-3" unitRef="TWD">73042000</tw-gaap-ci:EndYear>
	<tw-gaap-ci:EndYear contextRef="AsOf20100630_LegalReserveMember" decimals="-3" unitRef="TWD">210327000</tw-gaap-ci:EndYear>
	<tw-gaap-ci:EndYear contextRef="AsOf20100630_SpecialReserveMember" decimals="-3" unitRef="TWD">10417000</tw-gaap-ci:EndYear>
	<tw-gaap-ci:EndYear contextRef="AsOf20100630_UnappropriatedRetainedEarningsMember" decimals="-3" unitRef="TWD">328935000</tw-gaap-ci:EndYear>
	<tw-gaap-ci:EndYear contextRef="AsOf20100630_RetainedEarningsMember" decimals="-3" unitRef="TWD">549679000</tw-gaap-ci:EndYear>
	<tw-gaap-ci:EndYear contextRef="AsOf20100630_CumulativeTranslationAdjustmentsMember" decimals="-3" unitRef="TWD">41183000</tw-gaap-ci:EndYear>
	<tw-gaap-ci:EndYear contextRef="AsOf20100630_NetLossNotRecognizedPensionCostMember" decimals="-3" unitRef="TWD">-49449000</tw-gaap-ci:EndYear>
	<tw-gaap-ci:EndYear contextRef="AsOf20100630_StockholdersEquitiesAdjustmentsMember" decimals="-3" unitRef="TWD">-8266000</tw-gaap-ci:EndYear>
	<tw-gaap-ci:EndYear contextRef="AsOf20100630_TotalStockholdersEquitiesMember" decimals="-3" unitRef="TWD">1768645000</tw-gaap-ci:EndYear>
	<tw-gaap-ci:BeginningBalanceMember contextRef="AsOf20090630_CommonStockValueMember" decimals="-3" unitRef="TWD">1154190000</tw-gaap-ci:BeginningBalanceMember>
	<tw-gaap-ci:BeginningBalanceMember contextRef="AsOf20090630_CapitalStockMember" decimals="-3" unitRef="TWD">1154190000</tw-gaap-ci:BeginningBalanceMember>
	<tw-gaap-ci:BeginningBalanceMember contextRef="AsOf20090630_CapitalSurplusMember" decimals="-3" unitRef="TWD">76975000</tw-gaap-ci:BeginningBalanceMember>
	<tw-gaap-ci:BeginningBalanceMember contextRef="AsOf20090630_LegalReserveMember" decimals="-3" unitRef="TWD">188675000</tw-gaap-ci:BeginningBalanceMember>
	<tw-gaap-ci:BeginningBalanceMember contextRef="AsOf20090630_SpecialReserveMember" decimals="-3" unitRef="TWD">0</tw-gaap-ci:BeginningBalanceMember>
	<tw-gaap-ci:BeginningBalanceMember contextRef="AsOf20090630_UnappropriatedRetainedEarningsMember" decimals="-3" unitRef="TWD">289011000</tw-gaap-ci:BeginningBalanceMember>
	<tw-gaap-ci:BeginningBalanceMember contextRef="AsOf20090630_RetainedEarningsMember" decimals="-3" unitRef="TWD">477686000</tw-gaap-ci:BeginningBalanceMember>
	<tw-gaap-ci:BeginningBalanceMember contextRef="AsOf20090630_CumulativeTranslationAdjustmentsMember" decimals="-3" unitRef="TWD">44499000</tw-gaap-ci:BeginningBalanceMember>
	<tw-gaap-ci:BeginningBalanceMember contextRef="AsOf20090630_NetLossNotRecognizedPensionCostMember" decimals="-3" unitRef="TWD">-49584000</tw-gaap-ci:BeginningBalanceMember>
	<tw-gaap-ci:BeginningBalanceMember contextRef="AsOf20090630_StockholdersEquitiesAdjustmentsMember" decimals="-3" unitRef="TWD">-5085000</tw-gaap-ci:BeginningBalanceMember>
	<tw-gaap-ci:BeginningBalanceMember contextRef="AsOf20090630_TotalStockholdersEquitiesMember" decimals="-3" unitRef="TWD">1703766000</tw-gaap-ci:BeginningBalanceMember>
	<tw-gaap-ci:NetIncomeLossMember contextRef="From20090101To20090630_UnappropriatedRetainedEarningsMember" decimals="-3" unitRef="TWD">34020000</tw-gaap-ci:NetIncomeLossMember>
	<tw-gaap-ci:NetIncomeLossMember contextRef="From20090101To20090630_RetainedEarningsMember" decimals="-3" unitRef="TWD">34020000</tw-gaap-ci:NetIncomeLossMember>
	<tw-gaap-ci:NetIncomeLossMember contextRef="From20090101To20090630_TotalStockholdersEquitiesMember" decimals="-3" unitRef="TWD">34020000</tw-gaap-ci:NetIncomeLossMember>
	<tw-gaap-ci:LegalReserveAppropriatedMember contextRef="From20090101To20090630_LegalReserveMember" decimals="-3" unitRef="TWD">9806000</tw-gaap-ci:LegalReserveAppropriatedMember>
	<tw-gaap-ci:LegalReserveAppropriatedMember contextRef="From20090101To20090630_UnappropriatedRetainedEarningsMember" decimals="-3" unitRef="TWD">-9806000</tw-gaap-ci:LegalReserveAppropriatedMember>
	<tw-gaap-ci:LegalReserveAppropriatedMember contextRef="From20090101To20090630_RetainedEarningsMember" decimals="-3" unitRef="TWD">0</tw-gaap-ci:LegalReserveAppropriatedMember>
	<tw-gaap-ci:LegalReserveAppropriatedMember contextRef="From20090101To20090630_TotalStockholdersEquitiesMember" decimals="-3" unitRef="TWD">0</tw-gaap-ci:LegalReserveAppropriatedMember>
	<tw-gaap-ci:SpecialReserveAppropriatedMember contextRef="From20090101To20090630_SpecialReserveMember" decimals="-3" unitRef="TWD">5085000</tw-gaap-ci:SpecialReserveAppropriatedMember>
	<tw-gaap-ci:SpecialReserveAppropriatedMember contextRef="From20090101To20090630_UnappropriatedRetainedEarningsMember" decimals="-3" unitRef="TWD">-5085000</tw-gaap-ci:SpecialReserveAppropriatedMember>
	<tw-gaap-ci:SpecialReserveAppropriatedMember contextRef="From20090101To20090630_RetainedEarningsMember" decimals="-3" unitRef="TWD">0</tw-gaap-ci:SpecialReserveAppropriatedMember>
	<tw-gaap-ci:SpecialReserveAppropriatedMember contextRef="From20090101To20090630_TotalStockholdersEquitiesMember" decimals="-3" unitRef="TWD">0</tw-gaap-ci:SpecialReserveAppropriatedMember>
	<tw-gaap-ci:CashDividendsCommonStockMember contextRef="From20090101To20090630_SpecialReserveMember" decimals="-3" unitRef="TWD">0</tw-gaap-ci:CashDividendsCommonStockMember>
	<tw-gaap-ci:CashDividendsCommonStockMember contextRef="From20090101To20090630_UnappropriatedRetainedEarningsMember" decimals="-3" unitRef="TWD">-80793000</tw-gaap-ci:CashDividendsCommonStockMember>
	<tw-gaap-ci:CashDividendsCommonStockMember contextRef="From20090101To20090630_RetainedEarningsMember" decimals="-3" unitRef="TWD">-80793000</tw-gaap-ci:CashDividendsCommonStockMember>
	<tw-gaap-ci:CashDividendsCommonStockMember contextRef="From20090101To20090630_TotalStockholdersEquitiesMember" decimals="-3" unitRef="TWD">-80793000</tw-gaap-ci:CashDividendsCommonStockMember>
	<tw-gaap-ci:ChangesForeignExchangeGainLossTranslationForeignCurrencyFinancialStatementsMember contextRef="From20090101To20090630_CumulativeTranslationAdjustmentsMember" decimals="-3" unitRef="TWD">260000</tw-gaap-ci:ChangesForeignExchangeGainLossTranslationForeignCurrencyFinancialStatementsMember>
	<tw-gaap-ci:ChangesForeignExchangeGainLossTranslationForeignCurrencyFinancialStatementsMember contextRef="From20090101To20090630_StockholdersEquitiesAdjustmentsMember" decimals="-3" unitRef="TWD">260000</tw-gaap-ci:ChangesForeignExchangeGainLossTranslationForeignCurrencyFinancialStatementsMember>
	<tw-gaap-ci:ChangesForeignExchangeGainLossTranslationForeignCurrencyFinancialStatementsMember contextRef="From20090101To20090630_TotalStockholdersEquitiesMember" decimals="-3" unitRef="TWD">260000</tw-gaap-ci:ChangesForeignExchangeGainLossTranslationForeignCurrencyFinancialStatementsMember>
	<tw-gaap-ci:ChangesMember contextRef="From20090101To20090630_CommonStockValueMember" decimals="-3" unitRef="TWD">0</tw-gaap-ci:ChangesMember>
	<tw-gaap-ci:ChangesMember contextRef="From20090101To20090630_CapitalStockMember" decimals="-3" unitRef="TWD">0</tw-gaap-ci:ChangesMember>
	<tw-gaap-ci:ChangesMember contextRef="From20090101To20090630_CapitalSurplusMember" decimals="-3" unitRef="TWD">0</tw-gaap-ci:ChangesMember>
	<tw-gaap-ci:ChangesMember contextRef="From20090101To20090630_LegalReserveMember" decimals="-3" unitRef="TWD">9806000</tw-gaap-ci:ChangesMember>
	<tw-gaap-ci:ChangesMember contextRef="From20090101To20090630_SpecialReserveMember" decimals="-3" unitRef="TWD">5085000</tw-gaap-ci:ChangesMember>
	<tw-gaap-ci:ChangesMember contextRef="From20090101To20090630_UnappropriatedRetainedEarningsMember" decimals="-3" unitRef="TWD">-61664000</tw-gaap-ci:ChangesMember>
	<tw-gaap-ci:ChangesMember contextRef="From20090101To20090630_RetainedEarningsMember" decimals="-3" unitRef="TWD">-46773000</tw-gaap-ci:ChangesMember>
	<tw-gaap-ci:ChangesMember contextRef="From20090101To20090630_CumulativeTranslationAdjustmentsMember" decimals="-3" unitRef="TWD">260000</tw-gaap-ci:ChangesMember>
	<tw-gaap-ci:ChangesMember contextRef="From20090101To20090630_NetLossNotRecognizedPensionCostMember" decimals="-3" unitRef="TWD">0</tw-gaap-ci:ChangesMember>
	<tw-gaap-ci:ChangesMember contextRef="From20090101To20090630_StockholdersEquitiesAdjustmentsMember" decimals="-3" unitRef="TWD">260000</tw-gaap-ci:ChangesMember>
	<tw-gaap-ci:ChangesMember contextRef="From20090101To20090630_TotalStockholdersEquitiesMember" decimals="-3" unitRef="TWD">-46513000</tw-gaap-ci:ChangesMember>
	<tw-gaap-ci:EndYear contextRef="AsOf20090630_CommonStockValueMember" decimals="-3" unitRef="TWD">1154190000</tw-gaap-ci:EndYear>
	<tw-gaap-ci:EndYear contextRef="AsOf20090630_CapitalStockMember" decimals="-3" unitRef="TWD">1154190000</tw-gaap-ci:EndYear>
	<tw-gaap-ci:EndYear contextRef="AsOf20090630_CapitalSurplusMember" decimals="-3" unitRef="TWD">76975000</tw-gaap-ci:EndYear>
	<tw-gaap-ci:EndYear contextRef="AsOf20090630_LegalReserveMember" decimals="-3" unitRef="TWD">198481000</tw-gaap-ci:EndYear>
	<tw-gaap-ci:EndYear contextRef="AsOf20090630_SpecialReserveMember" decimals="-3" unitRef="TWD">5085000</tw-gaap-ci:EndYear>
	<tw-gaap-ci:EndYear contextRef="AsOf20090630_UnappropriatedRetainedEarningsMember" decimals="-3" unitRef="TWD">227347000</tw-gaap-ci:EndYear>
	<tw-gaap-ci:EndYear contextRef="AsOf20090630_RetainedEarningsMember" decimals="-3" unitRef="TWD">430913000</tw-gaap-ci:EndYear>
	<tw-gaap-ci:EndYear contextRef="AsOf20090630_CumulativeTranslationAdjustmentsMember" decimals="-3" unitRef="TWD">44759000</tw-gaap-ci:EndYear>
	<tw-gaap-ci:EndYear contextRef="AsOf20090630_NetLossNotRecognizedPensionCostMember" decimals="-3" unitRef="TWD">-49584000</tw-gaap-ci:EndYear>
	<tw-gaap-ci:EndYear contextRef="AsOf20090630_StockholdersEquitiesAdjustmentsMember" decimals="-3" unitRef="TWD">-4825000</tw-gaap-ci:EndYear>
	<tw-gaap-ci:EndYear contextRef="AsOf20090630_TotalStockholdersEquitiesMember" decimals="-3" unitRef="TWD">1657253000</tw-gaap-ci:EndYear>
	<tw-gaap-ar:AccountantName contextRef="AsOf20100730">勤業眾信聯合會計師事務所</tw-gaap-ar:AccountantName>
	<tw-gaap-ar:AssuranceAccountantName1 contextRef="AsOf20100730">張清福</tw-gaap-ar:AssuranceAccountantName1>
	<tw-gaap-ar:AssuranceAccountantName2 contextRef="AsOf20100730">蔡振財</tw-gaap-ar:AssuranceAccountantName2>
	<tw-gaap-ar:ReviewAuditDate contextRef="AsOf20100730">2010-07-30</tw-gaap-ar:ReviewAuditDate>
	<tw-gaap-ar:AuditReport contextRef="AsOf20100730">Y</tw-gaap-ar:AuditReport>
	<tw-gaap-ar:QualifiedOpinionAbstract contextRef="AsOf20100730">Y</tw-gaap-ar:QualifiedOpinionAbstract>
	<tw-gaap-ar:ByInvestmentCompaniesWithoutAccountantAuditReportRecognizedGainLoss contextRef="AsOf20100730">Y</tw-gaap-ar:ByInvestmentCompaniesWithoutAccountantAuditReportRecognizedGainLoss>
	<tw-gaap-ar:DescriptionEmphasizeItemBody contextRef="AsOf20100730"><![CDATA[]]></tw-gaap-ar:DescriptionEmphasizeItemBody>
	<tw-gaap-ar:DescriptionOtherItemBody contextRef="AsOf20100730"><![CDATA[]]></tw-gaap-ar:DescriptionOtherItemBody>
	<tw-gaap-ar:AccountantsReportBody contextRef="AsOf20100730"><![CDATA[會計師查核報告
 

聯華食品工業股份有限公司　公鑒：

　　聯華食品工業股份有限公司民國九十九年及九十八年六月三十日之資產
負債表，暨民國九十九年及九十八年一月一日至六月三十日之損益表、股東
權益變動表及現金流量表，業經本會計師查核竣事。上開財務報表之編製係
管理階層之責任，本會計師之責任則為根據查核結果對上開財務報表表示意
見。
　　除下段所述者外，本會計師係依照會計師查核簽證財務報表規則及一般
公認審計準則規劃並執行查核工作，以合理確信財務報表有無重大不實表
達。此項查核工作包括以抽查方式獲取財務報表所列金額及所揭露事項之查
核證據、評估管理階層編製財務報表所採用之會計原則及所作之重大會計估
計，暨評估財務報表整體之表達。本會計師相信此項查核工作可對所表示之
意見提供合理之依據。
　　如財務報表附註十所述，聯華食品工業股份有限公司民國九十九年及九
十八年六月三十日採權益法評價之長期股權投資餘額分別為新台幣196,357
仟元及218,570仟元，及其上半年度認列之投資損失分別為新台幣3,888仟元
及18,087仟元，暨財務報表附註二十六附註揭露事項所述轉投資事業之相關
資訊，係依據各被投資公司同期間未經會計師查核之財務報表認列與揭露。
　　依本會計師之意見，除上段所述採權益法計價之長期股權投資及其有關
投資損失暨轉投資事業之相關資訊，係依據未經會計師查核之財務報表認
列，倘該等財務報表經會計師查核而有所調整時，對於民國九十九及九十八
年上半年度財務報表之可能影響外，第一段所述財務報表在所有重大方面，
係依照證券發行人財務報告編製準則、商業會計法、商業會計處理準則中與
財務會計準則相關之規定暨一般公認原則編製，足以允當表達聯華食品工業
股份有限公司民國九十九年及九十八年六月三十日之財務狀況，暨民國九十
九年及九十八年一月一日至六月三十日之經營成果與現金流量。
　　聯華食品工業股份有限公司民國九十九年上半年度財務報表重要會計科
目明細表，主要係供補充分析之用，亦經本會計師採用第二段所述程序予以
查核。依本會計師之意見，該等科目明細表在所有重大方面與第一段所述財
務報表相關資訊一致。
　　如財務報表附註三所述，聯華食品工業股份有限公司自九十八年一月一
日起，採用新修訂之財務會計準則公報第十號「存貨之會計處理準則」。
　　聯華食品工業股份有限公司已編製民國九十九及九十八年上半年度之合
併財務報表，並經本會計師出具保留式核閱報告在案，備供參考。





勤業眾信聯合會計師事務所

會 計 師    張    清    福           會 計 師    蔡    振    財




財政部證券暨期貨管理委員會核准文號   財政部證券暨期貨管理委員會核准文號
　台財證六字第0920123784號	　     台財證六字第0920123784號	




中　 　華　　 民　 　國　   九十九  　年　　 七 　　月　 　三十　　 日

]]></tw-gaap-ar:AccountantsReportBody>
	<tw-gaap-notes:FinancialReportnotes contextRef="AsOf20100630"><![CDATA[http://doc.twse.com.tw/server-java/t57sb01?step=1&colorchg=1&co_id=1231&year=99&seamon=2&mtype=A&]]></tw-gaap-notes:FinancialReportnotes>
</xbrl>

<!--This instance document is created by SIIAP V1.2.12-->
