<?xml version="1.0" encoding="UTF-8"?>
<xbrl xmlns="http://www.xbrl.org/2003/instance" xmlns:iso4217="http://www.xbrl.org/2003/iso4217" xmlns:link="http://www.xbrl.org/2003/linkbase" xmlns:tw-gaap-ar="http://www.xbrl.org/tw/fr/gaap/ar/2011-12-31" xmlns:tw-gaap-ci="http://www.xbrl.org/tw/fr/gaap/tw-gaap-ci-2011-12-31" xmlns:tw-gaap-notes="http://www.xbrl.org/tw/fr/gaap/notes/2011-12-31" xmlns:xbrldi="http://xbrl.org/2006/xbrldi" xmlns:xbrldt="http://xbrl.org/2005/xbrldt" xmlns:xbrli="http://www.xbrl.org/2003/instance" xmlns:xlink="http://www.w3.org/1999/xlink">
	<link:schemaRef xlink:arcrole="http://www.w3.org/1999/xlink/properties/linkbase" xlink:href="tw-gaap-ci-2011-12-31.xsd" xlink:type="simple"/>	<context id="AsOf20120830">
		<entity>
			<identifier scheme="http://www.twse.com.tw">2424</identifier>
		</entity>
		<period>
			<instant>2012-08-30</instant>
		</period>
	</context>
	<context id="From20110101To20110630_StockholdersEquitiesAdjustmentsMember">
		<entity>
			<identifier scheme="http://www.twse.com.tw">2424</identifier>
		</entity>
		<period>
			<startDate>2011-01-01</startDate>
			<endDate>2011-06-30</endDate>
		</period>
		<scenario>
			<xbrldi:explicitMember dimension="tw-gaap-ci:StockholdersEquityDimensionMember">tw-gaap-ci:StockholdersEquitiesAdjustmentsMember</xbrldi:explicitMember>
		</scenario>
	</context>
	<context id="From20110101To20110630_CumulativeTranslationAdjustmentsMember">
		<entity>
			<identifier scheme="http://www.twse.com.tw">2424</identifier>
		</entity>
		<period>
			<startDate>2011-01-01</startDate>
			<endDate>2011-06-30</endDate>
		</period>
		<scenario>
			<xbrldi:explicitMember dimension="tw-gaap-ci:StockholdersEquityDimensionMember">tw-gaap-ci:CumulativeTranslationAdjustmentsMember</xbrldi:explicitMember>
		</scenario>
	</context>
	<context id="From20110101To20110630_TotalStockholdersEquitiesMember">
		<entity>
			<identifier scheme="http://www.twse.com.tw">2424</identifier>
		</entity>
		<period>
			<startDate>2011-01-01</startDate>
			<endDate>2011-06-30</endDate>
		</period>
		<scenario>
			<xbrldi:explicitMember dimension="tw-gaap-ci:StockholdersEquityDimensionMember">tw-gaap-ci:TotalStockholdersEquitiesMember</xbrldi:explicitMember>
		</scenario>
	</context>
	<context id="From20110101To20110630_RetainedEarningsMember">
		<entity>
			<identifier scheme="http://www.twse.com.tw">2424</identifier>
		</entity>
		<period>
			<startDate>2011-01-01</startDate>
			<endDate>2011-06-30</endDate>
		</period>
		<scenario>
			<xbrldi:explicitMember dimension="tw-gaap-ci:StockholdersEquityDimensionMember">tw-gaap-ci:RetainedEarningsMember</xbrldi:explicitMember>
		</scenario>
	</context>
	<context id="From20110101To20110630_UnappropriatedRetainedEarningsMember">
		<entity>
			<identifier scheme="http://www.twse.com.tw">2424</identifier>
		</entity>
		<period>
			<startDate>2011-01-01</startDate>
			<endDate>2011-06-30</endDate>
		</period>
		<scenario>
			<xbrldi:explicitMember dimension="tw-gaap-ci:StockholdersEquityDimensionMember">tw-gaap-ci:UnappropriatedRetainedEarningsMember</xbrldi:explicitMember>
		</scenario>
	</context>
	<context id="From20110101To20110630_CapitalStockMember">
		<entity>
			<identifier scheme="http://www.twse.com.tw">2424</identifier>
		</entity>
		<period>
			<startDate>2011-01-01</startDate>
			<endDate>2011-06-30</endDate>
		</period>
		<scenario>
			<xbrldi:explicitMember dimension="tw-gaap-ci:StockholdersEquityDimensionMember">tw-gaap-ci:CapitalStockMember</xbrldi:explicitMember>
		</scenario>
	</context>
	<context id="From20110101To20110630_CommonStockValueMember">
		<entity>
			<identifier scheme="http://www.twse.com.tw">2424</identifier>
		</entity>
		<period>
			<startDate>2011-01-01</startDate>
			<endDate>2011-06-30</endDate>
		</period>
		<scenario>
			<xbrldi:explicitMember dimension="tw-gaap-ci:StockholdersEquityDimensionMember">tw-gaap-ci:CommonStockValueMember</xbrldi:explicitMember>
		</scenario>
	</context>
	<context id="AsOf20110630_TotalStockholdersEquitiesMember">
		<entity>
			<identifier scheme="http://www.twse.com.tw">2424</identifier>
		</entity>
		<period>
			<instant>2011-06-30</instant>
		</period>
		<scenario>
			<xbrldi:explicitMember dimension="tw-gaap-ci:StockholdersEquityDimensionMember">tw-gaap-ci:TotalStockholdersEquitiesMember</xbrldi:explicitMember>
		</scenario>
	</context>
	<context id="AsOf20110630_StockholdersEquitiesAdjustmentsMember">
		<entity>
			<identifier scheme="http://www.twse.com.tw">2424</identifier>
		</entity>
		<period>
			<instant>2011-06-30</instant>
		</period>
		<scenario>
			<xbrldi:explicitMember dimension="tw-gaap-ci:StockholdersEquityDimensionMember">tw-gaap-ci:StockholdersEquitiesAdjustmentsMember</xbrldi:explicitMember>
		</scenario>
	</context>
	<context id="AsOf20110630_CumulativeTranslationAdjustmentsMember">
		<entity>
			<identifier scheme="http://www.twse.com.tw">2424</identifier>
		</entity>
		<period>
			<instant>2011-06-30</instant>
		</period>
		<scenario>
			<xbrldi:explicitMember dimension="tw-gaap-ci:StockholdersEquityDimensionMember">tw-gaap-ci:CumulativeTranslationAdjustmentsMember</xbrldi:explicitMember>
		</scenario>
	</context>
	<context id="AsOf20110630_RetainedEarningsMember">
		<entity>
			<identifier scheme="http://www.twse.com.tw">2424</identifier>
		</entity>
		<period>
			<instant>2011-06-30</instant>
		</period>
		<scenario>
			<xbrldi:explicitMember dimension="tw-gaap-ci:StockholdersEquityDimensionMember">tw-gaap-ci:RetainedEarningsMember</xbrldi:explicitMember>
		</scenario>
	</context>
	<context id="AsOf20110630_UnappropriatedRetainedEarningsMember">
		<entity>
			<identifier scheme="http://www.twse.com.tw">2424</identifier>
		</entity>
		<period>
			<instant>2011-06-30</instant>
		</period>
		<scenario>
			<xbrldi:explicitMember dimension="tw-gaap-ci:StockholdersEquityDimensionMember">tw-gaap-ci:UnappropriatedRetainedEarningsMember</xbrldi:explicitMember>
		</scenario>
	</context>
	<context id="AsOf20110630_CapitalStockMember">
		<entity>
			<identifier scheme="http://www.twse.com.tw">2424</identifier>
		</entity>
		<period>
			<instant>2011-06-30</instant>
		</period>
		<scenario>
			<xbrldi:explicitMember dimension="tw-gaap-ci:StockholdersEquityDimensionMember">tw-gaap-ci:CapitalStockMember</xbrldi:explicitMember>
		</scenario>
	</context>
	<context id="AsOf20110630_CommonStockValueMember">
		<entity>
			<identifier scheme="http://www.twse.com.tw">2424</identifier>
		</entity>
		<period>
			<instant>2011-06-30</instant>
		</period>
		<scenario>
			<xbrldi:explicitMember dimension="tw-gaap-ci:StockholdersEquityDimensionMember">tw-gaap-ci:CommonStockValueMember</xbrldi:explicitMember>
		</scenario>
	</context>
	<context id="From20120101To20120630_CapitalStockMember">
		<entity>
			<identifier scheme="http://www.twse.com.tw">2424</identifier>
		</entity>
		<period>
			<startDate>2012-01-01</startDate>
			<endDate>2012-06-30</endDate>
		</period>
		<scenario>
			<xbrldi:explicitMember dimension="tw-gaap-ci:StockholdersEquityDimensionMember">tw-gaap-ci:CapitalStockMember</xbrldi:explicitMember>
		</scenario>
	</context>
	<context id="From20120101To20120630_CommonStockValueMember">
		<entity>
			<identifier scheme="http://www.twse.com.tw">2424</identifier>
		</entity>
		<period>
			<startDate>2012-01-01</startDate>
			<endDate>2012-06-30</endDate>
		</period>
		<scenario>
			<xbrldi:explicitMember dimension="tw-gaap-ci:StockholdersEquityDimensionMember">tw-gaap-ci:CommonStockValueMember</xbrldi:explicitMember>
		</scenario>
	</context>
	<context id="From20120101To20120630_StockholdersEquitiesAdjustmentsMember">
		<entity>
			<identifier scheme="http://www.twse.com.tw">2424</identifier>
		</entity>
		<period>
			<startDate>2012-01-01</startDate>
			<endDate>2012-06-30</endDate>
		</period>
		<scenario>
			<xbrldi:explicitMember dimension="tw-gaap-ci:StockholdersEquityDimensionMember">tw-gaap-ci:StockholdersEquitiesAdjustmentsMember</xbrldi:explicitMember>
		</scenario>
	</context>
	<context id="From20120101To20120630_CumulativeTranslationAdjustmentsMember">
		<entity>
			<identifier scheme="http://www.twse.com.tw">2424</identifier>
		</entity>
		<period>
			<startDate>2012-01-01</startDate>
			<endDate>2012-06-30</endDate>
		</period>
		<scenario>
			<xbrldi:explicitMember dimension="tw-gaap-ci:StockholdersEquityDimensionMember">tw-gaap-ci:CumulativeTranslationAdjustmentsMember</xbrldi:explicitMember>
		</scenario>
	</context>
	<context id="From20120101To20120630_LegalReserveMember">
		<entity>
			<identifier scheme="http://www.twse.com.tw">2424</identifier>
		</entity>
		<period>
			<startDate>2012-01-01</startDate>
			<endDate>2012-06-30</endDate>
		</period>
		<scenario>
			<xbrldi:explicitMember dimension="tw-gaap-ci:StockholdersEquityDimensionMember">tw-gaap-ci:LegalReserveMember</xbrldi:explicitMember>
		</scenario>
	</context>
	<context id="From20120101To20120630_TotalStockholdersEquitiesMember">
		<entity>
			<identifier scheme="http://www.twse.com.tw">2424</identifier>
		</entity>
		<period>
			<startDate>2012-01-01</startDate>
			<endDate>2012-06-30</endDate>
		</period>
		<scenario>
			<xbrldi:explicitMember dimension="tw-gaap-ci:StockholdersEquityDimensionMember">tw-gaap-ci:TotalStockholdersEquitiesMember</xbrldi:explicitMember>
		</scenario>
	</context>
	<context id="From20120101To20120630_RetainedEarningsMember">
		<entity>
			<identifier scheme="http://www.twse.com.tw">2424</identifier>
		</entity>
		<period>
			<startDate>2012-01-01</startDate>
			<endDate>2012-06-30</endDate>
		</period>
		<scenario>
			<xbrldi:explicitMember dimension="tw-gaap-ci:StockholdersEquityDimensionMember">tw-gaap-ci:RetainedEarningsMember</xbrldi:explicitMember>
		</scenario>
	</context>
	<context id="From20120101To20120630_UnappropriatedRetainedEarningsMember">
		<entity>
			<identifier scheme="http://www.twse.com.tw">2424</identifier>
		</entity>
		<period>
			<startDate>2012-01-01</startDate>
			<endDate>2012-06-30</endDate>
		</period>
		<scenario>
			<xbrldi:explicitMember dimension="tw-gaap-ci:StockholdersEquityDimensionMember">tw-gaap-ci:UnappropriatedRetainedEarningsMember</xbrldi:explicitMember>
		</scenario>
	</context>
	<context id="AsOf20120630_TotalStockholdersEquitiesMember">
		<entity>
			<identifier scheme="http://www.twse.com.tw">2424</identifier>
		</entity>
		<period>
			<instant>2012-06-30</instant>
		</period>
		<scenario>
			<xbrldi:explicitMember dimension="tw-gaap-ci:StockholdersEquityDimensionMember">tw-gaap-ci:TotalStockholdersEquitiesMember</xbrldi:explicitMember>
		</scenario>
	</context>
	<context id="AsOf20120630_StockholdersEquitiesAdjustmentsMember">
		<entity>
			<identifier scheme="http://www.twse.com.tw">2424</identifier>
		</entity>
		<period>
			<instant>2012-06-30</instant>
		</period>
		<scenario>
			<xbrldi:explicitMember dimension="tw-gaap-ci:StockholdersEquityDimensionMember">tw-gaap-ci:StockholdersEquitiesAdjustmentsMember</xbrldi:explicitMember>
		</scenario>
	</context>
	<context id="AsOf20120630_CumulativeTranslationAdjustmentsMember">
		<entity>
			<identifier scheme="http://www.twse.com.tw">2424</identifier>
		</entity>
		<period>
			<instant>2012-06-30</instant>
		</period>
		<scenario>
			<xbrldi:explicitMember dimension="tw-gaap-ci:StockholdersEquityDimensionMember">tw-gaap-ci:CumulativeTranslationAdjustmentsMember</xbrldi:explicitMember>
		</scenario>
	</context>
	<context id="AsOf20120630_RetainedEarningsMember">
		<entity>
			<identifier scheme="http://www.twse.com.tw">2424</identifier>
		</entity>
		<period>
			<instant>2012-06-30</instant>
		</period>
		<scenario>
			<xbrldi:explicitMember dimension="tw-gaap-ci:StockholdersEquityDimensionMember">tw-gaap-ci:RetainedEarningsMember</xbrldi:explicitMember>
		</scenario>
	</context>
	<context id="AsOf20120630_UnappropriatedRetainedEarningsMember">
		<entity>
			<identifier scheme="http://www.twse.com.tw">2424</identifier>
		</entity>
		<period>
			<instant>2012-06-30</instant>
		</period>
		<scenario>
			<xbrldi:explicitMember dimension="tw-gaap-ci:StockholdersEquityDimensionMember">tw-gaap-ci:UnappropriatedRetainedEarningsMember</xbrldi:explicitMember>
		</scenario>
	</context>
	<context id="AsOf20120630_LegalReserveMember">
		<entity>
			<identifier scheme="http://www.twse.com.tw">2424</identifier>
		</entity>
		<period>
			<instant>2012-06-30</instant>
		</period>
		<scenario>
			<xbrldi:explicitMember dimension="tw-gaap-ci:StockholdersEquityDimensionMember">tw-gaap-ci:LegalReserveMember</xbrldi:explicitMember>
		</scenario>
	</context>
	<context id="AsOf20120630_CapitalStockMember">
		<entity>
			<identifier scheme="http://www.twse.com.tw">2424</identifier>
		</entity>
		<period>
			<instant>2012-06-30</instant>
		</period>
		<scenario>
			<xbrldi:explicitMember dimension="tw-gaap-ci:StockholdersEquityDimensionMember">tw-gaap-ci:CapitalStockMember</xbrldi:explicitMember>
		</scenario>
	</context>
	<context id="AsOf20120630_CommonStockValueMember">
		<entity>
			<identifier scheme="http://www.twse.com.tw">2424</identifier>
		</entity>
		<period>
			<instant>2012-06-30</instant>
		</period>
		<scenario>
			<xbrldi:explicitMember dimension="tw-gaap-ci:StockholdersEquityDimensionMember">tw-gaap-ci:CommonStockValueMember</xbrldi:explicitMember>
		</scenario>
	</context>
	<context id="AsOf20110101">
		<entity>
			<identifier scheme="http://www.twse.com.tw">2424</identifier>
		</entity>
		<period>
			<instant>2011-01-01</instant>
		</period>
	</context>
	<context id="AsOf20120101">
		<entity>
			<identifier scheme="http://www.twse.com.tw">2424</identifier>
		</entity>
		<period>
			<instant>2012-01-01</instant>
		</period>
	</context>
	<context id="From20110101To20110630">
		<entity>
			<identifier scheme="http://www.twse.com.tw">2424</identifier>
		</entity>
		<period>
			<startDate>2011-01-01</startDate>
			<endDate>2011-06-30</endDate>
		</period>
	</context>
	<context id="AsOf20110630">
		<entity>
			<identifier scheme="http://www.twse.com.tw">2424</identifier>
		</entity>
		<period>
			<instant>2011-06-30</instant>
		</period>
	</context>
	<context id="From20120101To20120630">
		<entity>
			<identifier scheme="http://www.twse.com.tw">2424</identifier>
		</entity>
		<period>
			<startDate>2012-01-01</startDate>
			<endDate>2012-06-30</endDate>
		</period>
	</context>
	<context id="AsOf20120630">
		<entity>
			<identifier scheme="http://www.twse.com.tw">2424</identifier>
		</entity>
		<period>
			<instant>2012-06-30</instant>
		</period>
	</context>
	<unit id="TWD">
		<measure>iso4217:TWD</measure>
	</unit>
	<unit id="Shares">
		<measure>xbrli:shares</measure>
	</unit>
	<unit id="EarningsPerShare">
		<divide>
			<unitNumerator>
				<measure>iso4217:TWD</measure>
			</unitNumerator>
			<unitDenominator>
				<measure>xbrli:shares</measure>
			</unitDenominator>
		</divide>
	</unit>
	<unit id="Pure">
		<measure>xbrli:pure</measure>
	</unit>
	<tw-gaap-ci:CashCashEquivalents contextRef="AsOf20120630" decimals="-3" unitRef="TWD">66026000</tw-gaap-ci:CashCashEquivalents>
	<tw-gaap-ci:CashCashEquivalents contextRef="AsOf20110630" decimals="-3" unitRef="TWD">1471000</tw-gaap-ci:CashCashEquivalents>
	<tw-gaap-ci:NetNotesReceivableRelatedParties contextRef="AsOf20120630" decimals="-3" unitRef="TWD">950000</tw-gaap-ci:NetNotesReceivableRelatedParties>
	<tw-gaap-ci:NetNotesReceivableRelatedParties contextRef="AsOf20110630" decimals="-3" unitRef="TWD">0</tw-gaap-ci:NetNotesReceivableRelatedParties>
	<tw-gaap-ci:NetAccountsReceivable contextRef="AsOf20120630" decimals="-3" unitRef="TWD">5655000</tw-gaap-ci:NetAccountsReceivable>
	<tw-gaap-ci:NetAccountsReceivable contextRef="AsOf20110630" decimals="-3" unitRef="TWD">631000</tw-gaap-ci:NetAccountsReceivable>
	<tw-gaap-ci:NetAccountsReceivableRelatedParties contextRef="AsOf20120630" decimals="-3" unitRef="TWD">106000</tw-gaap-ci:NetAccountsReceivableRelatedParties>
	<tw-gaap-ci:NetAccountsReceivableRelatedParties contextRef="AsOf20110630" decimals="-3" unitRef="TWD">5843000</tw-gaap-ci:NetAccountsReceivableRelatedParties>
	<tw-gaap-ci:InventoriesMerchandising contextRef="AsOf20120630" decimals="-3" unitRef="TWD">14000</tw-gaap-ci:InventoriesMerchandising>
	<tw-gaap-ci:InventoriesMerchandising contextRef="AsOf20110630" decimals="-3" unitRef="TWD">110000</tw-gaap-ci:InventoriesMerchandising>
	<tw-gaap-ci:FinishedGoods contextRef="AsOf20120630" decimals="-3" unitRef="TWD">83000</tw-gaap-ci:FinishedGoods>
	<tw-gaap-ci:FinishedGoods contextRef="AsOf20110630" decimals="-3" unitRef="TWD">0</tw-gaap-ci:FinishedGoods>
	<tw-gaap-ci:RawMaterials contextRef="AsOf20120630" decimals="-3" unitRef="TWD">25544000</tw-gaap-ci:RawMaterials>
	<tw-gaap-ci:RawMaterials contextRef="AsOf20110630" decimals="-3" unitRef="TWD">32815000</tw-gaap-ci:RawMaterials>
	<tw-gaap-ci:AllowanceInventoryValuationObsolescenceLosses_Manufacturing contextRef="AsOf20120630" decimals="-3" unitRef="TWD">3230000</tw-gaap-ci:AllowanceInventoryValuationObsolescenceLosses_Manufacturing>
	<tw-gaap-ci:AllowanceInventoryValuationObsolescenceLosses_Manufacturing contextRef="AsOf20110630" decimals="-3" unitRef="TWD">3620000</tw-gaap-ci:AllowanceInventoryValuationObsolescenceLosses_Manufacturing>
	<tw-gaap-ci:InventoriesManufacturing contextRef="AsOf20120630" decimals="-3" unitRef="TWD">22397000</tw-gaap-ci:InventoriesManufacturing>
	<tw-gaap-ci:InventoriesManufacturing contextRef="AsOf20110630" decimals="-3" unitRef="TWD">29195000</tw-gaap-ci:InventoriesManufacturing>
	<tw-gaap-ci:Inventories contextRef="AsOf20120630" decimals="-3" unitRef="TWD">22411000</tw-gaap-ci:Inventories>
	<tw-gaap-ci:Inventories contextRef="AsOf20110630" decimals="-3" unitRef="TWD">29305000</tw-gaap-ci:Inventories>
	<tw-gaap-ci:OtherPrepayments contextRef="AsOf20120630" decimals="-3" unitRef="TWD">8629000</tw-gaap-ci:OtherPrepayments>
	<tw-gaap-ci:OtherPrepayments contextRef="AsOf20110630" decimals="-3" unitRef="TWD">1951000</tw-gaap-ci:OtherPrepayments>
	<tw-gaap-ci:CurrentAssets contextRef="AsOf20120630" decimals="-3" unitRef="TWD">103777000</tw-gaap-ci:CurrentAssets>
	<tw-gaap-ci:CurrentAssets contextRef="AsOf20110630" decimals="-3" unitRef="TWD">39201000</tw-gaap-ci:CurrentAssets>
	<tw-gaap-ci:NetFinancialAssetsCarriedCostNonCurrent contextRef="AsOf20120630" decimals="-3" unitRef="TWD">0</tw-gaap-ci:NetFinancialAssetsCarriedCostNonCurrent>
	<tw-gaap-ci:NetFinancialAssetsCarriedCostNonCurrent contextRef="AsOf20110630" decimals="-3" unitRef="TWD">115000</tw-gaap-ci:NetFinancialAssetsCarriedCostNonCurrent>
	<tw-gaap-ci:LongtermInvestmentsEquity contextRef="AsOf20120630" decimals="-3" unitRef="TWD">74237000</tw-gaap-ci:LongtermInvestmentsEquity>
	<tw-gaap-ci:LongtermInvestmentsEquity contextRef="AsOf20110630" decimals="-3" unitRef="TWD">12770000</tw-gaap-ci:LongtermInvestmentsEquity>
	<tw-gaap-ci:LongtermInvestments contextRef="AsOf20120630" decimals="-3" unitRef="TWD">74237000</tw-gaap-ci:LongtermInvestments>
	<tw-gaap-ci:LongtermInvestments contextRef="AsOf20110630" decimals="-3" unitRef="TWD">12770000</tw-gaap-ci:LongtermInvestments>
	<tw-gaap-ci:FundsInvestments contextRef="AsOf20120630" decimals="-3" unitRef="TWD">74237000</tw-gaap-ci:FundsInvestments>
	<tw-gaap-ci:FundsInvestments contextRef="AsOf20110630" decimals="-3" unitRef="TWD">12885000</tw-gaap-ci:FundsInvestments>
	<tw-gaap-ci:MachineryEquipment contextRef="AsOf20120630" decimals="-3" unitRef="TWD">431000</tw-gaap-ci:MachineryEquipment>
	<tw-gaap-ci:MachineryEquipment contextRef="AsOf20110630" decimals="-3" unitRef="TWD">10180000</tw-gaap-ci:MachineryEquipment>
	<tw-gaap-ci:ComputerTelecommunicationEquipment contextRef="AsOf20120630" decimals="-3" unitRef="TWD">4906000</tw-gaap-ci:ComputerTelecommunicationEquipment>
	<tw-gaap-ci:ComputerTelecommunicationEquipment contextRef="AsOf20110630" decimals="-3" unitRef="TWD">62742000</tw-gaap-ci:ComputerTelecommunicationEquipment>
	<tw-gaap-ci:TransportationEquipment contextRef="AsOf20120630" decimals="-3" unitRef="TWD">0</tw-gaap-ci:TransportationEquipment>
	<tw-gaap-ci:TransportationEquipment contextRef="AsOf20110630" decimals="-3" unitRef="TWD">3270000</tw-gaap-ci:TransportationEquipment>
	<tw-gaap-ci:OfficeEquipment contextRef="AsOf20120630" decimals="-3" unitRef="TWD">714000</tw-gaap-ci:OfficeEquipment>
	<tw-gaap-ci:OfficeEquipment contextRef="AsOf20110630" decimals="-3" unitRef="TWD">3235000</tw-gaap-ci:OfficeEquipment>
	<tw-gaap-ci:RentalAssetsLand contextRef="AsOf20120630" decimals="-3" unitRef="TWD">99373000</tw-gaap-ci:RentalAssetsLand>
	<tw-gaap-ci:RentalAssetsLand contextRef="AsOf20110630" decimals="-3" unitRef="TWD">99373000</tw-gaap-ci:RentalAssetsLand>
	<tw-gaap-ci:RentalAssetsBuildings contextRef="AsOf20120630" decimals="-3" unitRef="TWD">170512000</tw-gaap-ci:RentalAssetsBuildings>
	<tw-gaap-ci:RentalAssetsBuildings contextRef="AsOf20110630" decimals="-3" unitRef="TWD">170576000</tw-gaap-ci:RentalAssetsBuildings>
	<tw-gaap-ci:LeaseholdImprovements contextRef="AsOf20120630" decimals="-3" unitRef="TWD">9092000</tw-gaap-ci:LeaseholdImprovements>
	<tw-gaap-ci:LeaseholdImprovements contextRef="AsOf20110630" decimals="-3" unitRef="TWD">8762000</tw-gaap-ci:LeaseholdImprovements>
	<tw-gaap-ci:OtherFacilities contextRef="AsOf20120630" decimals="-3" unitRef="TWD">1488000</tw-gaap-ci:OtherFacilities>
	<tw-gaap-ci:OtherFacilities contextRef="AsOf20110630" decimals="-3" unitRef="TWD">4633000</tw-gaap-ci:OtherFacilities>
	<tw-gaap-ci:FixedAssetsOriginalCosts contextRef="AsOf20120630" decimals="-3" unitRef="TWD">286516000</tw-gaap-ci:FixedAssetsOriginalCosts>
	<tw-gaap-ci:FixedAssetsOriginalCosts contextRef="AsOf20110630" decimals="-3" unitRef="TWD">362771000</tw-gaap-ci:FixedAssetsOriginalCosts>
	<tw-gaap-ci:CostsRevaluationIncrement contextRef="AsOf20120630" decimals="-3" unitRef="TWD">286516000</tw-gaap-ci:CostsRevaluationIncrement>
	<tw-gaap-ci:CostsRevaluationIncrement contextRef="AsOf20110630" decimals="-3" unitRef="TWD">362771000</tw-gaap-ci:CostsRevaluationIncrement>
	<tw-gaap-ci:AccumulatedDepreciation contextRef="AsOf20120630" decimals="-3" unitRef="TWD">61062000</tw-gaap-ci:AccumulatedDepreciation>
	<tw-gaap-ci:AccumulatedDepreciation contextRef="AsOf20110630" decimals="-3" unitRef="TWD">106619000</tw-gaap-ci:AccumulatedDepreciation>
	<tw-gaap-ci:AccumulatedImpairmentFixedAssets contextRef="AsOf20120630" decimals="-3" unitRef="TWD">39885000</tw-gaap-ci:AccumulatedImpairmentFixedAssets>
	<tw-gaap-ci:AccumulatedImpairmentFixedAssets contextRef="AsOf20110630" decimals="-3" unitRef="TWD">61576000</tw-gaap-ci:AccumulatedImpairmentFixedAssets>
	<tw-gaap-ci:ConstructionProcessPrepaymentEquipments contextRef="AsOf20120630" decimals="-3" unitRef="TWD">1756000</tw-gaap-ci:ConstructionProcessPrepaymentEquipments>
	<tw-gaap-ci:ConstructionProcessPrepaymentEquipments contextRef="AsOf20110630" decimals="-3" unitRef="TWD">380000</tw-gaap-ci:ConstructionProcessPrepaymentEquipments>
	<tw-gaap-ci:FixedAssets contextRef="AsOf20120630" decimals="-3" unitRef="TWD">187325000</tw-gaap-ci:FixedAssets>
	<tw-gaap-ci:FixedAssets contextRef="AsOf20110630" decimals="-3" unitRef="TWD">194956000</tw-gaap-ci:FixedAssets>
	<tw-gaap-ci:GuaranteeDepositsPaid contextRef="AsOf20120630" decimals="-3" unitRef="TWD">516000</tw-gaap-ci:GuaranteeDepositsPaid>
	<tw-gaap-ci:GuaranteeDepositsPaid contextRef="AsOf20110630" decimals="-3" unitRef="TWD">636000</tw-gaap-ci:GuaranteeDepositsPaid>
	<tw-gaap-ci:DeferredCharges contextRef="AsOf20120630" decimals="-3" unitRef="TWD">41000</tw-gaap-ci:DeferredCharges>
	<tw-gaap-ci:DeferredCharges contextRef="AsOf20110630" decimals="-3" unitRef="TWD">87000</tw-gaap-ci:DeferredCharges>
	<tw-gaap-ci:LongtermNotesReceivableRelatedParties contextRef="AsOf20120630" decimals="-3" unitRef="TWD">0</tw-gaap-ci:LongtermNotesReceivableRelatedParties>
	<tw-gaap-ci:LongtermNotesReceivableRelatedParties contextRef="AsOf20110630" decimals="-3" unitRef="TWD">91570000</tw-gaap-ci:LongtermNotesReceivableRelatedParties>
	<tw-gaap-ci:OtherAssets contextRef="AsOf20120630" decimals="-3" unitRef="TWD">557000</tw-gaap-ci:OtherAssets>
	<tw-gaap-ci:OtherAssets contextRef="AsOf20110630" decimals="-3" unitRef="TWD">92293000</tw-gaap-ci:OtherAssets>
	<tw-gaap-ci:Assets contextRef="AsOf20120630" decimals="-3" unitRef="TWD">365896000</tw-gaap-ci:Assets>
	<tw-gaap-ci:Assets contextRef="AsOf20110630" decimals="-3" unitRef="TWD">339335000</tw-gaap-ci:Assets>
	<tw-gaap-ci:ShortTermBorrowings contextRef="AsOf20120630" decimals="-3" unitRef="TWD">0</tw-gaap-ci:ShortTermBorrowings>
	<tw-gaap-ci:ShortTermBorrowings contextRef="AsOf20110630" decimals="-3" unitRef="TWD">13100000</tw-gaap-ci:ShortTermBorrowings>
	<tw-gaap-ci:AccountsPayable contextRef="AsOf20120630" decimals="-3" unitRef="TWD">6717000</tw-gaap-ci:AccountsPayable>
	<tw-gaap-ci:AccountsPayable contextRef="AsOf20110630" decimals="-3" unitRef="TWD">9026000</tw-gaap-ci:AccountsPayable>
	<tw-gaap-ci:AccountsPayableRelatedParties contextRef="AsOf20120630" decimals="-3" unitRef="TWD">2756000</tw-gaap-ci:AccountsPayableRelatedParties>
	<tw-gaap-ci:AccountsPayableRelatedParties contextRef="AsOf20110630" decimals="-3" unitRef="TWD">0</tw-gaap-ci:AccountsPayableRelatedParties>
	<tw-gaap-ci:IncomeTaxPayable contextRef="AsOf20120630" decimals="-3" unitRef="TWD">1819000</tw-gaap-ci:IncomeTaxPayable>
	<tw-gaap-ci:IncomeTaxPayable contextRef="AsOf20110630" decimals="-3" unitRef="TWD">0</tw-gaap-ci:IncomeTaxPayable>
	<tw-gaap-ci:AccruedExpenses contextRef="AsOf20120630" decimals="-3" unitRef="TWD">3513000</tw-gaap-ci:AccruedExpenses>
	<tw-gaap-ci:AccruedExpenses contextRef="AsOf20110630" decimals="-3" unitRef="TWD">3056000</tw-gaap-ci:AccruedExpenses>
	<tw-gaap-ci:OtherPayablesRelatedParties contextRef="AsOf20120630" decimals="-3" unitRef="TWD">1715000</tw-gaap-ci:OtherPayablesRelatedParties>
	<tw-gaap-ci:OtherPayablesRelatedParties contextRef="AsOf20110630" decimals="-3" unitRef="TWD">0</tw-gaap-ci:OtherPayablesRelatedParties>
	<tw-gaap-ci:OtherPayables contextRef="AsOf20120630" decimals="-3" unitRef="TWD">616000</tw-gaap-ci:OtherPayables>
	<tw-gaap-ci:OtherPayables contextRef="AsOf20110630" decimals="-3" unitRef="TWD">1000</tw-gaap-ci:OtherPayables>
	<tw-gaap-ci:AdvanceReceipts contextRef="AsOf20120630" decimals="-3" unitRef="TWD">21632000</tw-gaap-ci:AdvanceReceipts>
	<tw-gaap-ci:AdvanceReceipts contextRef="AsOf20110630" decimals="-3" unitRef="TWD">20336000</tw-gaap-ci:AdvanceReceipts>
	<tw-gaap-ci:OtherCurrentLiabilities contextRef="AsOf20120630" decimals="-3" unitRef="TWD">106000</tw-gaap-ci:OtherCurrentLiabilities>
	<tw-gaap-ci:OtherCurrentLiabilities contextRef="AsOf20110630" decimals="-3" unitRef="TWD">194000</tw-gaap-ci:OtherCurrentLiabilities>
	<tw-gaap-ci:CurrentLiabilities contextRef="AsOf20120630" decimals="-3" unitRef="TWD">38874000</tw-gaap-ci:CurrentLiabilities>
	<tw-gaap-ci:CurrentLiabilities contextRef="AsOf20110630" decimals="-3" unitRef="TWD">45713000</tw-gaap-ci:CurrentLiabilities>
	<tw-gaap-ci:GuaranteeDepositsReceived contextRef="AsOf20120630" decimals="-3" unitRef="TWD">2843000</tw-gaap-ci:GuaranteeDepositsReceived>
	<tw-gaap-ci:GuaranteeDepositsReceived contextRef="AsOf20110630" decimals="-3" unitRef="TWD">2341000</tw-gaap-ci:GuaranteeDepositsReceived>
	<tw-gaap-ci:DeferredCreditsGainsonInterAffiliateAccounts contextRef="AsOf20120630" decimals="-3" unitRef="TWD">0</tw-gaap-ci:DeferredCreditsGainsonInterAffiliateAccounts>
	<tw-gaap-ci:DeferredCreditsGainsonInterAffiliateAccounts contextRef="AsOf20110630" decimals="-3" unitRef="TWD">1891000</tw-gaap-ci:DeferredCreditsGainsonInterAffiliateAccounts>
	<tw-gaap-ci:OtherLiabilitiesOther contextRef="AsOf20120630" decimals="-3" unitRef="TWD">0</tw-gaap-ci:OtherLiabilitiesOther>
	<tw-gaap-ci:OtherLiabilitiesOther contextRef="AsOf20110630" decimals="-3" unitRef="TWD">1891000</tw-gaap-ci:OtherLiabilitiesOther>
	<tw-gaap-ci:OtherLiabilities contextRef="AsOf20120630" decimals="-3" unitRef="TWD">2843000</tw-gaap-ci:OtherLiabilities>
	<tw-gaap-ci:OtherLiabilities contextRef="AsOf20110630" decimals="-3" unitRef="TWD">4232000</tw-gaap-ci:OtherLiabilities>
	<tw-gaap-ci:Liabilities contextRef="AsOf20120630" decimals="-3" unitRef="TWD">41717000</tw-gaap-ci:Liabilities>
	<tw-gaap-ci:Liabilities contextRef="AsOf20110630" decimals="-3" unitRef="TWD">49945000</tw-gaap-ci:Liabilities>
	<tw-gaap-ci:CommonStock contextRef="AsOf20120630" decimals="-3" unitRef="TWD">300000000</tw-gaap-ci:CommonStock>
	<tw-gaap-ci:CommonStock contextRef="AsOf20110630" decimals="-3" unitRef="TWD">300000000</tw-gaap-ci:CommonStock>
	<tw-gaap-ci:Capital contextRef="AsOf20120630" decimals="-3" unitRef="TWD">300000000</tw-gaap-ci:Capital>
	<tw-gaap-ci:Capital contextRef="AsOf20110630" decimals="-3" unitRef="TWD">300000000</tw-gaap-ci:Capital>
	<tw-gaap-ci:LegalReserve contextRef="AsOf20120630" decimals="-3" unitRef="TWD">4097000</tw-gaap-ci:LegalReserve>
	<tw-gaap-ci:LegalReserve contextRef="AsOf20110630" decimals="-3" unitRef="TWD">0</tw-gaap-ci:LegalReserve>
	<tw-gaap-ci:UnappropriatedRetainedEarnings contextRef="AsOf20120630" decimals="-3" unitRef="TWD">12506000</tw-gaap-ci:UnappropriatedRetainedEarnings>
	<tw-gaap-ci:UnappropriatedRetainedEarnings contextRef="AsOf20110630" decimals="-3" unitRef="TWD">-23314000</tw-gaap-ci:UnappropriatedRetainedEarnings>
	<tw-gaap-ci:RetainedEarnings contextRef="AsOf20120630" decimals="-3" unitRef="TWD">16603000</tw-gaap-ci:RetainedEarnings>
	<tw-gaap-ci:RetainedEarnings contextRef="AsOf20110630" decimals="-3" unitRef="TWD">-23314000</tw-gaap-ci:RetainedEarnings>
	<tw-gaap-ci:CumulativeTranslationAdjustments contextRef="AsOf20120630" decimals="-3" unitRef="TWD">7576000</tw-gaap-ci:CumulativeTranslationAdjustments>
	<tw-gaap-ci:CumulativeTranslationAdjustments contextRef="AsOf20110630" decimals="-3" unitRef="TWD">12704000</tw-gaap-ci:CumulativeTranslationAdjustments>
	<tw-gaap-ci:StockholdersEquitiesAdjustments contextRef="AsOf20120630" decimals="-3" unitRef="TWD">7576000</tw-gaap-ci:StockholdersEquitiesAdjustments>
	<tw-gaap-ci:StockholdersEquitiesAdjustments contextRef="AsOf20110630" decimals="-3" unitRef="TWD">12704000</tw-gaap-ci:StockholdersEquitiesAdjustments>
	<tw-gaap-ci:StockholdersEquities contextRef="AsOf20120630" decimals="-3" unitRef="TWD">324179000</tw-gaap-ci:StockholdersEquities>
	<tw-gaap-ci:StockholdersEquities contextRef="AsOf20110630" decimals="-3" unitRef="TWD">289390000</tw-gaap-ci:StockholdersEquities>
	<tw-gaap-ci:EquivalentSharesOutstandingAdvanceReceiptsCommonStock contextRef="AsOf20120630" decimals="0" unitRef="Shares">0</tw-gaap-ci:EquivalentSharesOutstandingAdvanceReceiptsCommonStock>
	<tw-gaap-ci:EquivalentSharesOutstandingAdvanceReceiptsCommonStock contextRef="AsOf20110630" decimals="0" unitRef="Shares">0</tw-gaap-ci:EquivalentSharesOutstandingAdvanceReceiptsCommonStock>
	<tw-gaap-ci:NumberTreasuryStockAcquiredCompanySubsidiaries contextRef="AsOf20120630" decimals="0" unitRef="Shares">0</tw-gaap-ci:NumberTreasuryStockAcquiredCompanySubsidiaries>
	<tw-gaap-ci:NumberTreasuryStockAcquiredCompanySubsidiaries contextRef="AsOf20110630" decimals="0" unitRef="Shares">0</tw-gaap-ci:NumberTreasuryStockAcquiredCompanySubsidiaries>
	<tw-gaap-ci:NetSales contextRef="From20120101To20120630" decimals="-3" unitRef="TWD">43679000</tw-gaap-ci:NetSales>
	<tw-gaap-ci:NetSales contextRef="From20110101To20110630" decimals="-3" unitRef="TWD">82454000</tw-gaap-ci:NetSales>
	<tw-gaap-ci:OperatingRevenue contextRef="From20120101To20120630" decimals="-3" unitRef="TWD">43679000</tw-gaap-ci:OperatingRevenue>
	<tw-gaap-ci:OperatingRevenue contextRef="From20110101To20110630" decimals="-3" unitRef="TWD">82454000</tw-gaap-ci:OperatingRevenue>
	<tw-gaap-ci:CostSales contextRef="From20120101To20120630" decimals="-3" unitRef="TWD">35164000</tw-gaap-ci:CostSales>
	<tw-gaap-ci:CostSales contextRef="From20110101To20110630" decimals="-3" unitRef="TWD">71559000</tw-gaap-ci:CostSales>
	<tw-gaap-ci:OperatingCosts contextRef="From20120101To20120630" decimals="-3" unitRef="TWD">35164000</tw-gaap-ci:OperatingCosts>
	<tw-gaap-ci:OperatingCosts contextRef="From20110101To20110630" decimals="-3" unitRef="TWD">71559000</tw-gaap-ci:OperatingCosts>
	<tw-gaap-ci:GrossProfitLossOperations contextRef="From20120101To20120630" decimals="-3" unitRef="TWD">8515000</tw-gaap-ci:GrossProfitLossOperations>
	<tw-gaap-ci:GrossProfitLossOperations contextRef="From20110101To20110630" decimals="-3" unitRef="TWD">10895000</tw-gaap-ci:GrossProfitLossOperations>
	<tw-gaap-ci:Sellingexpense contextRef="From20120101To20120630" decimals="-3" unitRef="TWD">3424000</tw-gaap-ci:Sellingexpense>
	<tw-gaap-ci:Sellingexpense contextRef="From20110101To20110630" decimals="-3" unitRef="TWD">3042000</tw-gaap-ci:Sellingexpense>
	<tw-gaap-ci:GeneralAdministrativeExpenses contextRef="From20120101To20120630" decimals="-3" unitRef="TWD">23645000</tw-gaap-ci:GeneralAdministrativeExpenses>
	<tw-gaap-ci:GeneralAdministrativeExpenses contextRef="From20110101To20110630" decimals="-3" unitRef="TWD">9189000</tw-gaap-ci:GeneralAdministrativeExpenses>
	<tw-gaap-ci:ResearchDevelopmentExpenses contextRef="From20120101To20120630" decimals="-3" unitRef="TWD">3592000</tw-gaap-ci:ResearchDevelopmentExpenses>
	<tw-gaap-ci:ResearchDevelopmentExpenses contextRef="From20110101To20110630" decimals="-3" unitRef="TWD">3567000</tw-gaap-ci:ResearchDevelopmentExpenses>
	<tw-gaap-ci:OperatingExpenses contextRef="From20120101To20120630" decimals="-3" unitRef="TWD">30661000</tw-gaap-ci:OperatingExpenses>
	<tw-gaap-ci:OperatingExpenses contextRef="From20110101To20110630" decimals="-3" unitRef="TWD">15798000</tw-gaap-ci:OperatingExpenses>
	<tw-gaap-ci:OperatingIncomeLoss contextRef="From20120101To20120630" decimals="-3" unitRef="TWD">-22146000</tw-gaap-ci:OperatingIncomeLoss>
	<tw-gaap-ci:OperatingIncomeLoss contextRef="From20110101To20110630" decimals="-3" unitRef="TWD">-4903000</tw-gaap-ci:OperatingIncomeLoss>
	<tw-gaap-ci:InterestIncome contextRef="From20120101To20120630" decimals="-3" unitRef="TWD">320000</tw-gaap-ci:InterestIncome>
	<tw-gaap-ci:InterestIncome contextRef="From20110101To20110630" decimals="-3" unitRef="TWD">4000</tw-gaap-ci:InterestIncome>
	<tw-gaap-ci:InvestmentGainsRecognizedEquityMethod contextRef="From20120101To20120630" decimals="-3" unitRef="TWD">886000</tw-gaap-ci:InvestmentGainsRecognizedEquityMethod>
	<tw-gaap-ci:InvestmentGainsRecognizedEquityMethod contextRef="From20110101To20110630" decimals="-3" unitRef="TWD">2509000</tw-gaap-ci:InvestmentGainsRecognizedEquityMethod>
	<tw-gaap-ci:InvestmentGains contextRef="From20120101To20120630" decimals="-3" unitRef="TWD">886000</tw-gaap-ci:InvestmentGains>
	<tw-gaap-ci:InvestmentGains contextRef="From20110101To20110630" decimals="-3" unitRef="TWD">2509000</tw-gaap-ci:InvestmentGains>
	<tw-gaap-ci:GainsDisposalFixedAssets contextRef="From20120101To20120630" decimals="-3" unitRef="TWD">1565000</tw-gaap-ci:GainsDisposalFixedAssets>
	<tw-gaap-ci:GainsDisposalFixedAssets contextRef="From20110101To20110630" decimals="-3" unitRef="TWD">354000</tw-gaap-ci:GainsDisposalFixedAssets>
	<tw-gaap-ci:MiscellaneousIncome contextRef="From20120101To20120630" decimals="-3" unitRef="TWD">898000</tw-gaap-ci:MiscellaneousIncome>
	<tw-gaap-ci:MiscellaneousIncome contextRef="From20110101To20110630" decimals="-3" unitRef="TWD">585000</tw-gaap-ci:MiscellaneousIncome>
	<tw-gaap-ci:NonOperatingIncomeGains contextRef="From20120101To20120630" decimals="-3" unitRef="TWD">3669000</tw-gaap-ci:NonOperatingIncomeGains>
	<tw-gaap-ci:NonOperatingIncomeGains contextRef="From20110101To20110630" decimals="-3" unitRef="TWD">3452000</tw-gaap-ci:NonOperatingIncomeGains>
	<tw-gaap-ci:InterestExpense contextRef="From20120101To20120630" decimals="-3" unitRef="TWD">19000</tw-gaap-ci:InterestExpense>
	<tw-gaap-ci:InterestExpense contextRef="From20110101To20110630" decimals="-3" unitRef="TWD">159000</tw-gaap-ci:InterestExpense>
	<tw-gaap-ci:LossDisposalFixedAssets contextRef="From20120101To20120630" decimals="-3" unitRef="TWD">1922000</tw-gaap-ci:LossDisposalFixedAssets>
	<tw-gaap-ci:LossDisposalFixedAssets contextRef="From20110101To20110630" decimals="-3" unitRef="TWD">0</tw-gaap-ci:LossDisposalFixedAssets>
	<tw-gaap-ci:ForeignExchangeLosses contextRef="From20120101To20120630" decimals="-3" unitRef="TWD">1448000</tw-gaap-ci:ForeignExchangeLosses>
	<tw-gaap-ci:ForeignExchangeLosses contextRef="From20110101To20110630" decimals="-3" unitRef="TWD">2613000</tw-gaap-ci:ForeignExchangeLosses>
	<tw-gaap-ci:MiscellaneousDisbursements contextRef="From20120101To20120630" decimals="-3" unitRef="TWD">657000</tw-gaap-ci:MiscellaneousDisbursements>
	<tw-gaap-ci:MiscellaneousDisbursements contextRef="From20110101To20110630" decimals="-3" unitRef="TWD">1044000</tw-gaap-ci:MiscellaneousDisbursements>
	<tw-gaap-ci:NonOperatingExpenses contextRef="From20120101To20120630" decimals="-3" unitRef="TWD">4046000</tw-gaap-ci:NonOperatingExpenses>
	<tw-gaap-ci:NonOperatingExpenses contextRef="From20110101To20110630" decimals="-3" unitRef="TWD">3816000</tw-gaap-ci:NonOperatingExpenses>
	<tw-gaap-ci:IncomeContinuingOperationsBeforeIncomeTax contextRef="From20120101To20120630" decimals="-3" unitRef="TWD">-22523000</tw-gaap-ci:IncomeContinuingOperationsBeforeIncomeTax>
	<tw-gaap-ci:IncomeContinuingOperationsBeforeIncomeTax contextRef="From20110101To20110630" decimals="-3" unitRef="TWD">-5267000</tw-gaap-ci:IncomeContinuingOperationsBeforeIncomeTax>
	<tw-gaap-ci:IncomeTaxExpenseBenefit contextRef="From20120101To20120630" decimals="-3" unitRef="TWD">1845000</tw-gaap-ci:IncomeTaxExpenseBenefit>
	<tw-gaap-ci:IncomeTaxExpenseBenefit contextRef="From20110101To20110630" decimals="-3" unitRef="TWD">0</tw-gaap-ci:IncomeTaxExpenseBenefit>
	<tw-gaap-ci:IncomeContinuingOperations contextRef="From20120101To20120630" decimals="-3" unitRef="TWD">-24368000</tw-gaap-ci:IncomeContinuingOperations>
	<tw-gaap-ci:IncomeContinuingOperations contextRef="From20110101To20110630" decimals="-3" unitRef="TWD">-5267000</tw-gaap-ci:IncomeContinuingOperations>
	<tw-gaap-ci:NetIncomeLoss contextRef="From20120101To20120630" decimals="-3" unitRef="TWD">-24368000</tw-gaap-ci:NetIncomeLoss>
	<tw-gaap-ci:NetIncomeLoss contextRef="From20110101To20110630" decimals="-3" unitRef="TWD">-5267000</tw-gaap-ci:NetIncomeLoss>
	<tw-gaap-ci:PrimaryEarningsPerShare contextRef="From20120101To20120630" decimals="2" unitRef="TWD">-0.75</tw-gaap-ci:PrimaryEarningsPerShare>
	<tw-gaap-ci:PrimaryEarningsPerShare contextRef="From20110101To20110630" decimals="2" unitRef="TWD">-0.18</tw-gaap-ci:PrimaryEarningsPerShare>
	<tw-gaap-ci:NetIncomeLoss_StatementCashFlows contextRef="From20120101To20120630" decimals="-3" unitRef="TWD">-24368000</tw-gaap-ci:NetIncomeLoss_StatementCashFlows>
	<tw-gaap-ci:NetIncomeLoss_StatementCashFlows contextRef="From20110101To20110630" decimals="-3" unitRef="TWD">-5267000</tw-gaap-ci:NetIncomeLoss_StatementCashFlows>
	<tw-gaap-ci:DepreciationExpense-Operating contextRef="From20120101To20120630" decimals="-3" unitRef="TWD">3831000</tw-gaap-ci:DepreciationExpense-Operating>
	<tw-gaap-ci:DepreciationExpense-Operating contextRef="From20110101To20110630" decimals="-3" unitRef="TWD">3627000</tw-gaap-ci:DepreciationExpense-Operating>
	<tw-gaap-ci:AmortizationExpense-Operating contextRef="From20120101To20120630" decimals="-3" unitRef="TWD">23000</tw-gaap-ci:AmortizationExpense-Operating>
	<tw-gaap-ci:AmortizationExpense-Operating contextRef="From20110101To20110630" decimals="-3" unitRef="TWD">23000</tw-gaap-ci:AmortizationExpense-Operating>
	<tw-gaap-ci:ProvisionTransferRevenueBadDebtsLosses contextRef="From20120101To20120630" decimals="-3" unitRef="TWD">29000</tw-gaap-ci:ProvisionTransferRevenueBadDebtsLosses>
	<tw-gaap-ci:ProvisionTransferRevenueBadDebtsLosses contextRef="From20110101To20110630" decimals="-3" unitRef="TWD">475000</tw-gaap-ci:ProvisionTransferRevenueBadDebtsLosses>
	<tw-gaap-ci:GainLossInventoryValuationObsolescenceRecoverie contextRef="From20120101To20120630" decimals="-3" unitRef="TWD">-200000</tw-gaap-ci:GainLossInventoryValuationObsolescenceRecoverie>
	<tw-gaap-ci:GainLossInventoryValuationObsolescenceRecoverie contextRef="From20110101To20110630" decimals="-3" unitRef="TWD">-2380000</tw-gaap-ci:GainLossInventoryValuationObsolescenceRecoverie>
	<tw-gaap-ci:InventoryOverShort contextRef="From20120101To20120630" decimals="-3" unitRef="TWD">68000</tw-gaap-ci:InventoryOverShort>
	<tw-gaap-ci:InventoryOverShort contextRef="From20110101To20110630" decimals="-3" unitRef="TWD">0</tw-gaap-ci:InventoryOverShort>
	<tw-gaap-ci:InvestmentLossIncomeRecognizedEquityMethod contextRef="From20120101To20120630" decimals="-3" unitRef="TWD">-886000</tw-gaap-ci:InvestmentLossIncomeRecognizedEquityMethod>
	<tw-gaap-ci:InvestmentLossIncomeRecognizedEquityMethod contextRef="From20110101To20110630" decimals="-3" unitRef="TWD">-2509000</tw-gaap-ci:InvestmentLossIncomeRecognizedEquityMethod>
	<tw-gaap-ci:GainLossDisposalScrappingFixedAssets contextRef="From20120101To20120630" decimals="-3" unitRef="TWD">1893000</tw-gaap-ci:GainLossDisposalScrappingFixedAssets>
	<tw-gaap-ci:GainLossDisposalScrappingFixedAssets contextRef="From20110101To20110630" decimals="-3" unitRef="TWD">0</tw-gaap-ci:GainLossDisposalScrappingFixedAssets>
	<tw-gaap-ci:AdjustmentsReconcileNetIncomeNetCashProvidedUsedOperatingActivities contextRef="From20120101To20120630" decimals="-3" unitRef="TWD">4758000</tw-gaap-ci:AdjustmentsReconcileNetIncomeNetCashProvidedUsedOperatingActivities>
	<tw-gaap-ci:AdjustmentsReconcileNetIncomeNetCashProvidedUsedOperatingActivities contextRef="From20110101To20110630" decimals="-3" unitRef="TWD">-764000</tw-gaap-ci:AdjustmentsReconcileNetIncomeNetCashProvidedUsedOperatingActivities>
	<tw-gaap-ci:ChangesNotesReceivableRelatedParties contextRef="From20120101To20120630" decimals="-3" unitRef="TWD">-950000</tw-gaap-ci:ChangesNotesReceivableRelatedParties>
	<tw-gaap-ci:ChangesNotesReceivableRelatedParties contextRef="From20110101To20110630" decimals="-3" unitRef="TWD">0</tw-gaap-ci:ChangesNotesReceivableRelatedParties>
	<tw-gaap-ci:ChangesAccountsReceivable contextRef="From20120101To20120630" decimals="-3" unitRef="TWD">-4160000</tw-gaap-ci:ChangesAccountsReceivable>
	<tw-gaap-ci:ChangesAccountsReceivable contextRef="From20110101To20110630" decimals="-3" unitRef="TWD">-324000</tw-gaap-ci:ChangesAccountsReceivable>
	<tw-gaap-ci:ChangesAccountsReceivableRelatedParties contextRef="From20120101To20120630" decimals="-3" unitRef="TWD">1595000</tw-gaap-ci:ChangesAccountsReceivableRelatedParties>
	<tw-gaap-ci:ChangesAccountsReceivableRelatedParties contextRef="From20110101To20110630" decimals="-3" unitRef="TWD">-1907000</tw-gaap-ci:ChangesAccountsReceivableRelatedParties>
	<tw-gaap-ci:ChangesOtherReceivables contextRef="From20120101To20120630" decimals="-3" unitRef="TWD">1562000</tw-gaap-ci:ChangesOtherReceivables>
	<tw-gaap-ci:ChangesOtherReceivables contextRef="From20110101To20110630" decimals="-3" unitRef="TWD">2332000</tw-gaap-ci:ChangesOtherReceivables>
	<tw-gaap-ci:ChangesOtherReceivableRelatedParties contextRef="From20120101To20120630" decimals="-3" unitRef="TWD">10083000</tw-gaap-ci:ChangesOtherReceivableRelatedParties>
	<tw-gaap-ci:ChangesOtherReceivableRelatedParties contextRef="From20110101To20110630" decimals="-3" unitRef="TWD">0</tw-gaap-ci:ChangesOtherReceivableRelatedParties>
	<tw-gaap-ci:ChangesInventories contextRef="From20120101To20120630" decimals="-3" unitRef="TWD">242000</tw-gaap-ci:ChangesInventories>
	<tw-gaap-ci:ChangesInventories contextRef="From20110101To20110630" decimals="-3" unitRef="TWD">-1086000</tw-gaap-ci:ChangesInventories>
	<tw-gaap-ci:ChangesOtherPrepayments contextRef="From20120101To20120630" decimals="-3" unitRef="TWD">-4629000</tw-gaap-ci:ChangesOtherPrepayments>
	<tw-gaap-ci:ChangesOtherPrepayments contextRef="From20110101To20110630" decimals="-3" unitRef="TWD">2816000</tw-gaap-ci:ChangesOtherPrepayments>
	<tw-gaap-ci:ChangesOperatingAssets contextRef="From20120101To20120630" decimals="-3" unitRef="TWD">3743000</tw-gaap-ci:ChangesOperatingAssets>
	<tw-gaap-ci:ChangesOperatingAssets contextRef="From20110101To20110630" decimals="-3" unitRef="TWD">1831000</tw-gaap-ci:ChangesOperatingAssets>
	<tw-gaap-ci:ChangesAccountsPayable contextRef="From20120101To20120630" decimals="-3" unitRef="TWD">1561000</tw-gaap-ci:ChangesAccountsPayable>
	<tw-gaap-ci:ChangesAccountsPayable contextRef="From20110101To20110630" decimals="-3" unitRef="TWD">7075000</tw-gaap-ci:ChangesAccountsPayable>
	<tw-gaap-ci:ChangesAccountsPayableRelatedParties contextRef="From20120101To20120630" decimals="-3" unitRef="TWD">2756000</tw-gaap-ci:ChangesAccountsPayableRelatedParties>
	<tw-gaap-ci:ChangesAccountsPayableRelatedParties contextRef="From20110101To20110630" decimals="-3" unitRef="TWD">0</tw-gaap-ci:ChangesAccountsPayableRelatedParties>
	<tw-gaap-ci:ChangesIncomeTaxPayable contextRef="From20120101To20120630" decimals="-3" unitRef="TWD">1819000</tw-gaap-ci:ChangesIncomeTaxPayable>
	<tw-gaap-ci:ChangesIncomeTaxPayable contextRef="From20110101To20110630" decimals="-3" unitRef="TWD">0</tw-gaap-ci:ChangesIncomeTaxPayable>
	<tw-gaap-ci:ChangesAccruedExpenses contextRef="From20120101To20120630" decimals="-3" unitRef="TWD">-635000</tw-gaap-ci:ChangesAccruedExpenses>
	<tw-gaap-ci:ChangesAccruedExpenses contextRef="From20110101To20110630" decimals="-3" unitRef="TWD">-241000</tw-gaap-ci:ChangesAccruedExpenses>
	<tw-gaap-ci:ChangesOtherPayables contextRef="From20120101To20120630" decimals="-3" unitRef="TWD">613000</tw-gaap-ci:ChangesOtherPayables>
	<tw-gaap-ci:ChangesOtherPayables contextRef="From20110101To20110630" decimals="-3" unitRef="TWD">-1405000</tw-gaap-ci:ChangesOtherPayables>
	<tw-gaap-ci:ChangeOtherPayableRelatedParties contextRef="From20120101To20120630" decimals="-3" unitRef="TWD">-21000</tw-gaap-ci:ChangeOtherPayableRelatedParties>
	<tw-gaap-ci:ChangeOtherPayableRelatedParties contextRef="From20110101To20110630" decimals="-3" unitRef="TWD">1000</tw-gaap-ci:ChangeOtherPayableRelatedParties>
	<tw-gaap-ci:ChangesReceiptsAdvance contextRef="From20120101To20120630" decimals="-3" unitRef="TWD">-3690000</tw-gaap-ci:ChangesReceiptsAdvance>
	<tw-gaap-ci:ChangesReceiptsAdvance contextRef="From20110101To20110630" decimals="-3" unitRef="TWD">-17911000</tw-gaap-ci:ChangesReceiptsAdvance>
	<tw-gaap-ci:ChangesOtherCurrentLiabilities_CI contextRef="From20120101To20120630" decimals="-3" unitRef="TWD">-80000</tw-gaap-ci:ChangesOtherCurrentLiabilities_CI>
	<tw-gaap-ci:ChangesOtherCurrentLiabilities_CI contextRef="From20110101To20110630" decimals="-3" unitRef="TWD">73000</tw-gaap-ci:ChangesOtherCurrentLiabilities_CI>
	<tw-gaap-ci:ChangesDeferredCredits contextRef="From20120101To20120630" decimals="-3" unitRef="TWD">-1538000</tw-gaap-ci:ChangesDeferredCredits>
	<tw-gaap-ci:ChangesDeferredCredits contextRef="From20110101To20110630" decimals="-3" unitRef="TWD">-355000</tw-gaap-ci:ChangesDeferredCredits>
	<tw-gaap-ci:ChangesOperatingLiabilities contextRef="From20120101To20120630" decimals="-3" unitRef="TWD">785000</tw-gaap-ci:ChangesOperatingLiabilities>
	<tw-gaap-ci:ChangesOperatingLiabilities contextRef="From20110101To20110630" decimals="-3" unitRef="TWD">-12763000</tw-gaap-ci:ChangesOperatingLiabilities>
	<tw-gaap-ci:ChangesOperatingAssetsLiabilities contextRef="From20120101To20120630" decimals="-3" unitRef="TWD">4528000</tw-gaap-ci:ChangesOperatingAssetsLiabilities>
	<tw-gaap-ci:ChangesOperatingAssetsLiabilities contextRef="From20110101To20110630" decimals="-3" unitRef="TWD">-10932000</tw-gaap-ci:ChangesOperatingAssetsLiabilities>
	<tw-gaap-ci:NetCashProvidedUsedOperatingActivities contextRef="From20120101To20120630" decimals="-3" unitRef="TWD">-15082000</tw-gaap-ci:NetCashProvidedUsedOperatingActivities>
	<tw-gaap-ci:NetCashProvidedUsedOperatingActivities contextRef="From20110101To20110630" decimals="-3" unitRef="TWD">-16963000</tw-gaap-ci:NetCashProvidedUsedOperatingActivities>
	<tw-gaap-ci:AcquisitionPropertyPlantEquipment contextRef="From20120101To20120630" decimals="-3" unitRef="TWD">-2332000</tw-gaap-ci:AcquisitionPropertyPlantEquipment>
	<tw-gaap-ci:AcquisitionPropertyPlantEquipment contextRef="From20110101To20110630" decimals="-3" unitRef="TWD">-158000</tw-gaap-ci:AcquisitionPropertyPlantEquipment>
	<tw-gaap-ci:ProceedsDisposalPropertyPlantEquipment contextRef="From20120101To20120630" decimals="-3" unitRef="TWD">722000</tw-gaap-ci:ProceedsDisposalPropertyPlantEquipment>
	<tw-gaap-ci:ProceedsDisposalPropertyPlantEquipment contextRef="From20110101To20110630" decimals="-3" unitRef="TWD">0</tw-gaap-ci:ProceedsDisposalPropertyPlantEquipment>
	<tw-gaap-ci:ChangesRefundableDeposits contextRef="From20120101To20120630" decimals="-3" unitRef="TWD">120000</tw-gaap-ci:ChangesRefundableDeposits>
	<tw-gaap-ci:ChangesRefundableDeposits contextRef="From20110101To20110630" decimals="-3" unitRef="TWD">0</tw-gaap-ci:ChangesRefundableDeposits>
	<tw-gaap-ci:ChangesOtherReceivablesRelatedParties contextRef="From20120101To20120630" decimals="-3" unitRef="TWD">0</tw-gaap-ci:ChangesOtherReceivablesRelatedParties>
	<tw-gaap-ci:ChangesOtherReceivablesRelatedParties contextRef="From20110101To20110630" decimals="-3" unitRef="TWD">11127000</tw-gaap-ci:ChangesOtherReceivablesRelatedParties>
	<tw-gaap-ci:NetCashProvidedUsedInvestingActivities contextRef="From20120101To20120630" decimals="-3" unitRef="TWD">-1490000</tw-gaap-ci:NetCashProvidedUsedInvestingActivities>
	<tw-gaap-ci:NetCashProvidedUsedInvestingActivities contextRef="From20110101To20110630" decimals="-3" unitRef="TWD">10969000</tw-gaap-ci:NetCashProvidedUsedInvestingActivities>
	<tw-gaap-ci:ChangesShortTermLoans contextRef="From20120101To20120630" decimals="-3" unitRef="TWD">0</tw-gaap-ci:ChangesShortTermLoans>
	<tw-gaap-ci:ChangesShortTermLoans contextRef="From20110101To20110630" decimals="-3" unitRef="TWD">3200000</tw-gaap-ci:ChangesShortTermLoans>
	<tw-gaap-ci:ChangesGuaranteeDepositsReceived contextRef="From20120101To20120630" decimals="-3" unitRef="TWD">-161000</tw-gaap-ci:ChangesGuaranteeDepositsReceived>
	<tw-gaap-ci:ChangesGuaranteeDepositsReceived contextRef="From20110101To20110630" decimals="-3" unitRef="TWD">-494000</tw-gaap-ci:ChangesGuaranteeDepositsReceived>
	<tw-gaap-ci:NetCashProvidedUsedFinancingActivities contextRef="From20120101To20120630" decimals="-3" unitRef="TWD">-161000</tw-gaap-ci:NetCashProvidedUsedFinancingActivities>
	<tw-gaap-ci:NetCashProvidedUsedFinancingActivities contextRef="From20110101To20110630" decimals="-3" unitRef="TWD">2706000</tw-gaap-ci:NetCashProvidedUsedFinancingActivities>
	<tw-gaap-ci:NetChangesCashCashEquivalents contextRef="From20120101To20120630" decimals="-3" unitRef="TWD">-16733000</tw-gaap-ci:NetChangesCashCashEquivalents>
	<tw-gaap-ci:NetChangesCashCashEquivalents contextRef="From20110101To20110630" decimals="-3" unitRef="TWD">-3288000</tw-gaap-ci:NetChangesCashCashEquivalents>
	<tw-gaap-ci:CashCashEquivalents contextRef="AsOf20120101" decimals="-3" unitRef="TWD">82759000</tw-gaap-ci:CashCashEquivalents>
	<tw-gaap-ci:CashCashEquivalents contextRef="AsOf20110101" decimals="-3" unitRef="TWD">4759000</tw-gaap-ci:CashCashEquivalents>
	<tw-gaap-ci:InterestPaidExcludingCapitalizedInterest contextRef="From20120101To20120630" decimals="-3" unitRef="TWD">0</tw-gaap-ci:InterestPaidExcludingCapitalizedInterest>
	<tw-gaap-ci:InterestPaidExcludingCapitalizedInterest contextRef="From20110101To20110630" decimals="-3" unitRef="TWD">147000</tw-gaap-ci:InterestPaidExcludingCapitalizedInterest>
	<tw-gaap-ci:IncomeTaxPaid contextRef="From20120101To20120630" decimals="-3" unitRef="TWD">26000</tw-gaap-ci:IncomeTaxPaid>
	<tw-gaap-ci:IncomeTaxPaid contextRef="From20110101To20110630" decimals="-3" unitRef="TWD">0</tw-gaap-ci:IncomeTaxPaid>
	<tw-gaap-ci:FixedAssetsTransferredInventories contextRef="From20120101To20120630" decimals="-3" unitRef="TWD">0</tw-gaap-ci:FixedAssetsTransferredInventories>
	<tw-gaap-ci:FixedAssetsTransferredInventories contextRef="From20110101To20110630" decimals="-3" unitRef="TWD">369000</tw-gaap-ci:FixedAssetsTransferredInventories>
	<tw-gaap-ci:BeginningBalanceMember contextRef="AsOf20120630_CommonStockValueMember" decimals="-3" unitRef="TWD">300000000</tw-gaap-ci:BeginningBalanceMember>
	<tw-gaap-ci:BeginningBalanceMember contextRef="AsOf20120630_CapitalStockMember" decimals="-3" unitRef="TWD">300000000</tw-gaap-ci:BeginningBalanceMember>
	<tw-gaap-ci:BeginningBalanceMember contextRef="AsOf20120630_LegalReserveMember" decimals="-3" unitRef="TWD">0</tw-gaap-ci:BeginningBalanceMember>
	<tw-gaap-ci:BeginningBalanceMember contextRef="AsOf20120630_UnappropriatedRetainedEarningsMember" decimals="-3" unitRef="TWD">40971000</tw-gaap-ci:BeginningBalanceMember>
	<tw-gaap-ci:BeginningBalanceMember contextRef="AsOf20120630_RetainedEarningsMember" decimals="-3" unitRef="TWD">40971000</tw-gaap-ci:BeginningBalanceMember>
	<tw-gaap-ci:BeginningBalanceMember contextRef="AsOf20120630_CumulativeTranslationAdjustmentsMember" decimals="-3" unitRef="TWD">9211000</tw-gaap-ci:BeginningBalanceMember>
	<tw-gaap-ci:BeginningBalanceMember contextRef="AsOf20120630_StockholdersEquitiesAdjustmentsMember" decimals="-3" unitRef="TWD">9211000</tw-gaap-ci:BeginningBalanceMember>
	<tw-gaap-ci:BeginningBalanceMember contextRef="AsOf20120630_TotalStockholdersEquitiesMember" decimals="-3" unitRef="TWD">350182000</tw-gaap-ci:BeginningBalanceMember>
	<tw-gaap-ci:NetIncomeLossMember contextRef="From20120101To20120630_UnappropriatedRetainedEarningsMember" decimals="-3" unitRef="TWD">-24368000</tw-gaap-ci:NetIncomeLossMember>
	<tw-gaap-ci:NetIncomeLossMember contextRef="From20120101To20120630_RetainedEarningsMember" decimals="-3" unitRef="TWD">-24368000</tw-gaap-ci:NetIncomeLossMember>
	<tw-gaap-ci:NetIncomeLossMember contextRef="From20120101To20120630_TotalStockholdersEquitiesMember" decimals="-3" unitRef="TWD">-24368000</tw-gaap-ci:NetIncomeLossMember>
	<tw-gaap-ci:LegalReserveAppropriatedMember contextRef="From20120101To20120630_LegalReserveMember" decimals="-3" unitRef="TWD">4097000</tw-gaap-ci:LegalReserveAppropriatedMember>
	<tw-gaap-ci:LegalReserveAppropriatedMember contextRef="From20120101To20120630_UnappropriatedRetainedEarningsMember" decimals="-3" unitRef="TWD">-4097000</tw-gaap-ci:LegalReserveAppropriatedMember>
	<tw-gaap-ci:LegalReserveAppropriatedMember contextRef="From20120101To20120630_RetainedEarningsMember" decimals="-3" unitRef="TWD">0</tw-gaap-ci:LegalReserveAppropriatedMember>
	<tw-gaap-ci:LegalReserveAppropriatedMember contextRef="From20120101To20120630_TotalStockholdersEquitiesMember" decimals="-3" unitRef="TWD">0</tw-gaap-ci:LegalReserveAppropriatedMember>
	<tw-gaap-ci:ChangesForeignExchangeGainLossTranslationForeignCurrencyFinancialStatementsMember contextRef="From20120101To20120630_CumulativeTranslationAdjustmentsMember" decimals="-3" unitRef="TWD">-1635000</tw-gaap-ci:ChangesForeignExchangeGainLossTranslationForeignCurrencyFinancialStatementsMember>
	<tw-gaap-ci:ChangesForeignExchangeGainLossTranslationForeignCurrencyFinancialStatementsMember contextRef="From20120101To20120630_StockholdersEquitiesAdjustmentsMember" decimals="-3" unitRef="TWD">-1635000</tw-gaap-ci:ChangesForeignExchangeGainLossTranslationForeignCurrencyFinancialStatementsMember>
	<tw-gaap-ci:ChangesForeignExchangeGainLossTranslationForeignCurrencyFinancialStatementsMember contextRef="From20120101To20120630_TotalStockholdersEquitiesMember" decimals="-3" unitRef="TWD">-1635000</tw-gaap-ci:ChangesForeignExchangeGainLossTranslationForeignCurrencyFinancialStatementsMember>
	<tw-gaap-ci:ChangesMember contextRef="From20120101To20120630_CommonStockValueMember" decimals="-3" unitRef="TWD">0</tw-gaap-ci:ChangesMember>
	<tw-gaap-ci:ChangesMember contextRef="From20120101To20120630_CapitalStockMember" decimals="-3" unitRef="TWD">0</tw-gaap-ci:ChangesMember>
	<tw-gaap-ci:ChangesMember contextRef="From20120101To20120630_LegalReserveMember" decimals="-3" unitRef="TWD">4097000</tw-gaap-ci:ChangesMember>
	<tw-gaap-ci:ChangesMember contextRef="From20120101To20120630_UnappropriatedRetainedEarningsMember" decimals="-3" unitRef="TWD">-28465000</tw-gaap-ci:ChangesMember>
	<tw-gaap-ci:ChangesMember contextRef="From20120101To20120630_RetainedEarningsMember" decimals="-3" unitRef="TWD">-24368000</tw-gaap-ci:ChangesMember>
	<tw-gaap-ci:ChangesMember contextRef="From20120101To20120630_CumulativeTranslationAdjustmentsMember" decimals="-3" unitRef="TWD">-1635000</tw-gaap-ci:ChangesMember>
	<tw-gaap-ci:ChangesMember contextRef="From20120101To20120630_StockholdersEquitiesAdjustmentsMember" decimals="-3" unitRef="TWD">-1635000</tw-gaap-ci:ChangesMember>
	<tw-gaap-ci:ChangesMember contextRef="From20120101To20120630_TotalStockholdersEquitiesMember" decimals="-3" unitRef="TWD">-26003000</tw-gaap-ci:ChangesMember>
	<tw-gaap-ci:EndYear contextRef="AsOf20120630_CommonStockValueMember" decimals="-3" unitRef="TWD">300000000</tw-gaap-ci:EndYear>
	<tw-gaap-ci:EndYear contextRef="AsOf20120630_CapitalStockMember" decimals="-3" unitRef="TWD">300000000</tw-gaap-ci:EndYear>
	<tw-gaap-ci:EndYear contextRef="AsOf20120630_LegalReserveMember" decimals="-3" unitRef="TWD">4097000</tw-gaap-ci:EndYear>
	<tw-gaap-ci:EndYear contextRef="AsOf20120630_UnappropriatedRetainedEarningsMember" decimals="-3" unitRef="TWD">12506000</tw-gaap-ci:EndYear>
	<tw-gaap-ci:EndYear contextRef="AsOf20120630_RetainedEarningsMember" decimals="-3" unitRef="TWD">16603000</tw-gaap-ci:EndYear>
	<tw-gaap-ci:EndYear contextRef="AsOf20120630_CumulativeTranslationAdjustmentsMember" decimals="-3" unitRef="TWD">7576000</tw-gaap-ci:EndYear>
	<tw-gaap-ci:EndYear contextRef="AsOf20120630_StockholdersEquitiesAdjustmentsMember" decimals="-3" unitRef="TWD">7576000</tw-gaap-ci:EndYear>
	<tw-gaap-ci:EndYear contextRef="AsOf20120630_TotalStockholdersEquitiesMember" decimals="-3" unitRef="TWD">324179000</tw-gaap-ci:EndYear>
	<tw-gaap-ci:BeginningBalanceMember contextRef="AsOf20110630_CommonStockValueMember" decimals="-3" unitRef="TWD">400000000</tw-gaap-ci:BeginningBalanceMember>
	<tw-gaap-ci:BeginningBalanceMember contextRef="AsOf20110630_CapitalStockMember" decimals="-3" unitRef="TWD">400000000</tw-gaap-ci:BeginningBalanceMember>
	<tw-gaap-ci:BeginningBalanceMember contextRef="AsOf20110630_UnappropriatedRetainedEarningsMember" decimals="-3" unitRef="TWD">-118047000</tw-gaap-ci:BeginningBalanceMember>
	<tw-gaap-ci:BeginningBalanceMember contextRef="AsOf20110630_RetainedEarningsMember" decimals="-3" unitRef="TWD">-118047000</tw-gaap-ci:BeginningBalanceMember>
	<tw-gaap-ci:BeginningBalanceMember contextRef="AsOf20110630_CumulativeTranslationAdjustmentsMember" decimals="-3" unitRef="TWD">12644000</tw-gaap-ci:BeginningBalanceMember>
	<tw-gaap-ci:BeginningBalanceMember contextRef="AsOf20110630_StockholdersEquitiesAdjustmentsMember" decimals="-3" unitRef="TWD">12644000</tw-gaap-ci:BeginningBalanceMember>
	<tw-gaap-ci:BeginningBalanceMember contextRef="AsOf20110630_TotalStockholdersEquitiesMember" decimals="-3" unitRef="TWD">294597000</tw-gaap-ci:BeginningBalanceMember>
	<tw-gaap-ci:CapitalreductioncoveraccumulateddeficitsMember contextRef="From20110101To20110630_CommonStockValueMember" decimals="-3" unitRef="TWD">-100000000</tw-gaap-ci:CapitalreductioncoveraccumulateddeficitsMember>
	<tw-gaap-ci:CapitalreductioncoveraccumulateddeficitsMember contextRef="From20110101To20110630_CapitalStockMember" decimals="-3" unitRef="TWD">-100000000</tw-gaap-ci:CapitalreductioncoveraccumulateddeficitsMember>
	<tw-gaap-ci:CapitalreductioncoveraccumulateddeficitsMember contextRef="From20110101To20110630_UnappropriatedRetainedEarningsMember" decimals="-3" unitRef="TWD">100000000</tw-gaap-ci:CapitalreductioncoveraccumulateddeficitsMember>
	<tw-gaap-ci:CapitalreductioncoveraccumulateddeficitsMember contextRef="From20110101To20110630_RetainedEarningsMember" decimals="-3" unitRef="TWD">100000000</tw-gaap-ci:CapitalreductioncoveraccumulateddeficitsMember>
	<tw-gaap-ci:CapitalreductioncoveraccumulateddeficitsMember contextRef="From20110101To20110630_TotalStockholdersEquitiesMember" decimals="-3" unitRef="TWD">0</tw-gaap-ci:CapitalreductioncoveraccumulateddeficitsMember>
	<tw-gaap-ci:NetIncomeLossMember contextRef="From20110101To20110630_UnappropriatedRetainedEarningsMember" decimals="-3" unitRef="TWD">-5267000</tw-gaap-ci:NetIncomeLossMember>
	<tw-gaap-ci:NetIncomeLossMember contextRef="From20110101To20110630_RetainedEarningsMember" decimals="-3" unitRef="TWD">-5267000</tw-gaap-ci:NetIncomeLossMember>
	<tw-gaap-ci:NetIncomeLossMember contextRef="From20110101To20110630_TotalStockholdersEquitiesMember" decimals="-3" unitRef="TWD">-5267000</tw-gaap-ci:NetIncomeLossMember>
	<tw-gaap-ci:ChangesForeignExchangeGainLossTranslationForeignCurrencyFinancialStatementsMember contextRef="From20110101To20110630_CumulativeTranslationAdjustmentsMember" decimals="-3" unitRef="TWD">60000</tw-gaap-ci:ChangesForeignExchangeGainLossTranslationForeignCurrencyFinancialStatementsMember>
	<tw-gaap-ci:ChangesForeignExchangeGainLossTranslationForeignCurrencyFinancialStatementsMember contextRef="From20110101To20110630_StockholdersEquitiesAdjustmentsMember" decimals="-3" unitRef="TWD">60000</tw-gaap-ci:ChangesForeignExchangeGainLossTranslationForeignCurrencyFinancialStatementsMember>
	<tw-gaap-ci:ChangesForeignExchangeGainLossTranslationForeignCurrencyFinancialStatementsMember contextRef="From20110101To20110630_TotalStockholdersEquitiesMember" decimals="-3" unitRef="TWD">60000</tw-gaap-ci:ChangesForeignExchangeGainLossTranslationForeignCurrencyFinancialStatementsMember>
	<tw-gaap-ci:ChangesMember contextRef="From20110101To20110630_CommonStockValueMember" decimals="-3" unitRef="TWD">-100000000</tw-gaap-ci:ChangesMember>
	<tw-gaap-ci:ChangesMember contextRef="From20110101To20110630_CapitalStockMember" decimals="-3" unitRef="TWD">-100000000</tw-gaap-ci:ChangesMember>
	<tw-gaap-ci:ChangesMember contextRef="From20110101To20110630_UnappropriatedRetainedEarningsMember" decimals="-3" unitRef="TWD">94733000</tw-gaap-ci:ChangesMember>
	<tw-gaap-ci:ChangesMember contextRef="From20110101To20110630_RetainedEarningsMember" decimals="-3" unitRef="TWD">94733000</tw-gaap-ci:ChangesMember>
	<tw-gaap-ci:ChangesMember contextRef="From20110101To20110630_CumulativeTranslationAdjustmentsMember" decimals="-3" unitRef="TWD">60000</tw-gaap-ci:ChangesMember>
	<tw-gaap-ci:ChangesMember contextRef="From20110101To20110630_StockholdersEquitiesAdjustmentsMember" decimals="-3" unitRef="TWD">60000</tw-gaap-ci:ChangesMember>
	<tw-gaap-ci:ChangesMember contextRef="From20110101To20110630_TotalStockholdersEquitiesMember" decimals="-3" unitRef="TWD">-5207000</tw-gaap-ci:ChangesMember>
	<tw-gaap-ci:EndYear contextRef="AsOf20110630_CommonStockValueMember" decimals="-3" unitRef="TWD">300000000</tw-gaap-ci:EndYear>
	<tw-gaap-ci:EndYear contextRef="AsOf20110630_CapitalStockMember" decimals="-3" unitRef="TWD">300000000</tw-gaap-ci:EndYear>
	<tw-gaap-ci:EndYear contextRef="AsOf20110630_UnappropriatedRetainedEarningsMember" decimals="-3" unitRef="TWD">-23314000</tw-gaap-ci:EndYear>
	<tw-gaap-ci:EndYear contextRef="AsOf20110630_RetainedEarningsMember" decimals="-3" unitRef="TWD">-23314000</tw-gaap-ci:EndYear>
	<tw-gaap-ci:EndYear contextRef="AsOf20110630_CumulativeTranslationAdjustmentsMember" decimals="-3" unitRef="TWD">12704000</tw-gaap-ci:EndYear>
	<tw-gaap-ci:EndYear contextRef="AsOf20110630_StockholdersEquitiesAdjustmentsMember" decimals="-3" unitRef="TWD">12704000</tw-gaap-ci:EndYear>
	<tw-gaap-ci:EndYear contextRef="AsOf20110630_TotalStockholdersEquitiesMember" decimals="-3" unitRef="TWD">289390000</tw-gaap-ci:EndYear>
	<tw-gaap-ci:OtherSupplementalInformation>
		<tw-gaap-ci:ChineseAccount contextRef="From20120101To20120630">減資彌補累積虧損</tw-gaap-ci:ChineseAccount>
		<tw-gaap-ci:EnglishAccount contextRef="From20120101To20120630">Reduction of capital atonement loss</tw-gaap-ci:EnglishAccount>
		<tw-gaap-ci:Amount contextRef="From20120101To20120630" decimals="-3" unitRef="TWD">0</tw-gaap-ci:Amount>
	</tw-gaap-ci:OtherSupplementalInformation>

	<tw-gaap-ci:OtherSupplementalInformation>
		<tw-gaap-ci:ChineseAccount contextRef="From20110101To20110630">減資彌補累積虧損</tw-gaap-ci:ChineseAccount>
		<tw-gaap-ci:EnglishAccount contextRef="From20110101To20110630">Reduction of capital atonement loss</tw-gaap-ci:EnglishAccount>
		<tw-gaap-ci:Amount contextRef="From20110101To20110630" decimals="-3" unitRef="TWD">100000000</tw-gaap-ci:Amount>
	</tw-gaap-ci:OtherSupplementalInformation>

	<tw-gaap-ar:AccountantName contextRef="AsOf20120830">集智聯合會計師事務所</tw-gaap-ar:AccountantName>
	<tw-gaap-ar:AssuranceAccountantName1 contextRef="AsOf20120830">王惠新</tw-gaap-ar:AssuranceAccountantName1>
	<tw-gaap-ar:AssuranceAccountantName2 contextRef="AsOf20120830">林來福</tw-gaap-ar:AssuranceAccountantName2>
	<tw-gaap-ar:ReviewAuditDate contextRef="AsOf20120830">2012-08-30</tw-gaap-ar:ReviewAuditDate>
	<tw-gaap-ar:AuditReport contextRef="AsOf20120830">Y</tw-gaap-ar:AuditReport>
	<tw-gaap-ar:UnqualifiedOpinionAbstract contextRef="AsOf20120830">Y</tw-gaap-ar:UnqualifiedOpinionAbstract>
	<tw-gaap-ar:DescriptionEmphasizeItemBody contextRef="AsOf20120830"><![CDATA[]]></tw-gaap-ar:DescriptionEmphasizeItemBody>
	<tw-gaap-ar:DescriptionOtherItemBody contextRef="AsOf20120830"><![CDATA[]]></tw-gaap-ar:DescriptionOtherItemBody>
	<tw-gaap-ar:AccountantsReportBody contextRef="AsOf20120830"><![CDATA[會計師查核報告
隴華電子股份有限公司  公鑒：
隴華電子股份有限公司民國一○一年及一○○年六月三十日之資產負債表，暨民國一○一年及一○○年一月一日至六月三十日之損益表、股東權益變動表及現金流量表，業經本會計師查核竣事。上開財務報表之編製係管理階層之責任，本會計師之責任則為根據查核結果對上開財務報表表示意見。
本會計師係依照會計師查核簽證財務報表規則及一般公認審計準則規劃並執行查核工作，以合理確信財務報表有無重大不實表達。此項查核工作包括以抽查方式獲取財務報表所列金額及所揭露事項之查核證據、評估管理階層編製財務報表所採用之會計原則及所作之重大會計估計，暨評估財務報表整體之表達。本會計師相信此項查核工作可對所表示之意見提供合理之依據。
依本會計師之意見，第一段所述財務報表在所有重大方面係依照證券發行人財務報告編製準則、商業會計法、商業會計處理準則及一般公認會計原則編製，足以允當表達隴華電子股份有限公司民國一○一年及一○○年六月三十日之財務狀況，暨民國一○一年及一○○年一月一日至六月三十日之經營成果與現金流量。
隴華電子股份有限公司民國一○一年上半年度財務報表重要會計科目明細表，主要係供補充分析之用，亦經本會計師採用第二段所述之查核程序予以查核。依本會計師之意見，該等明細表在所有重大方面與第一段所述財務報表相關資訊一致。
隴華電子股份有限公司已編製民國一○一年及一○○年上半年度該公司暨其子公司之合併財務報表，並經本會計師出具無保留之核閱報告在案，備供參考。

集智聯合會計師事務所  
行政院金融監督管理委員會證券期貨局  行政院金融監督管理委員會證券期貨局
(99)金管證審字第0990068498號  (79)台財證(一)字第35368號
會 計 師：王  惠  新  會 計 師：林  來  福


中華民國一○一年八月三十日

]]></tw-gaap-ar:AccountantsReportBody>
	<tw-gaap-notes:FinancialReportNotes contextRef="From20120101To20120630"><![CDATA[http://doc.twse.com.tw/server-java/t57sb01?step=1&colorchg=1&co_id=2424&year=101&seamon=2&mtype=A&]]></tw-gaap-notes:FinancialReportNotes>
	<tw-gaap-notes:OrganizationAndOperations contextRef="From20120101To20120630"><![CDATA[本公司設立於民國六十二年，主要營業項目為數位機上盒(IP STB)、汽車用之影音產品系統之研發、製造與銷售、數位卡互動電視服務業務及工業廠房開發租售等業務。
本公司股票自民國八十六年十二月十九日起於財團法人中華民國證券櫃檯買賣中心上櫃買賣，並於民國八十九年九月起於臺灣證券交易所掛牌買賣。截至民國一○一年及一○○年六月三十日止，本公司之額定股本均為1,500,000千元，每股面額新台幣10元，實收股本均為300,000千元，員工人數均為18人。
]]></tw-gaap-notes:OrganizationAndOperations>
	<tw-gaap-notes:StatementOfFinancialStatementsPreparedInAccordanceWithRelatedRegulationsAndGenerallyAcceptedAccountingPrinciples contextRef="From20120101To20120630"><![CDATA[本財務報表係依照證券發行人財務報告編製準則、商業會計法、商業會計處理準則及一般公認會計原則編製。]]></tw-gaap-notes:StatementOfFinancialStatementsPreparedInAccordanceWithRelatedRegulationsAndGenerallyAcceptedAccountingPrinciples>
	<tw-gaap-notes:ForeignCurrencyTransactionsAndTranslationOfForeignCurrencyFinancialStatements contextRef="From20120101To20120630"><![CDATA[本公司之外幣交易(均屬非衍生性商品之外幣交易)所產生之各項外幣資產、負債、收入及費用係按交易日之即期匯率入帳，外幣貨幣性資產及負債實際以新台幣收付結清時，因適用不同匯率所產生之損失或利益，列為當期損益，資產負債表日之外幣貨幣性資產及負債，按該日即期匯率予以換算調整，兌換差額列為當期損益。
資產負債表日之外幣非貨幣性資產及負債(例如權益商品)，依公平價值衡量者，按該日即期匯率調整，所產生之兌換差異，屬公平價值變動認列為股東權益調整項目者，列為股東權益調整項目，屬公平價值變動認列為當期損益者，列為當期損益，以成本衡量者，則按交易日之歷史匯率衡量。按權益法計價之外幣長期股權投資，以被投資公司之外幣財務報表換算後所得之股東權益為依據，兌換差額列入累積換算調整數，作為股東權益之調整項目。本國企業與國外被投資公司間具有長期投資性質之外幣墊款，因不擬於可預見之將來結清，故此項兌換差額，作為股東權益之調整項目。
]]></tw-gaap-notes:ForeignCurrencyTransactionsAndTranslationOfForeignCurrencyFinancialStatements>
	<tw-gaap-notes:UseOfEstimates contextRef="From20120101To20120630"><![CDATA[本公司編製財務報表時，係依照一般公認會計原則之規定，對財務報表所列金額及或有事項，作必要之衡量、評估與揭露，其中包括若干假設與估計之採用，因該等假設及估計通常係在不確定情況下作成之判斷，因此可能與實際結果有所差異。]]></tw-gaap-notes:UseOfEstimates>
	<tw-gaap-notes:ClassificationOfCurrentAndNoncurrentAssetsAndLiabilities contextRef="From20120101To20120630"><![CDATA[與商品及資產出售業務相關之資產及負債係採營業週期作為劃分流動與非流動性之標準，其他項目則以一年作為劃分流動與非流動性之標準。]]></tw-gaap-notes:ClassificationOfCurrentAndNoncurrentAssetsAndLiabilities>
	<tw-gaap-notes:FinancialAssetsMeasuredAtCost contextRef="From20120101To20120630"><![CDATA[係未具重大影響力且無法可靠衡量公平價值之權益商品投資，以原始認列之成本衡量，並加計取得或發行之交易成本。收到現金股利於除息日認列收益，但依據投資前淨利宣告之部分，係自投資成本減除。股票股利不列為投資收益，僅註記增加股數，並按增加後之總股數重新計算每股成本。以成本衡量之金融資產出售時，其成本係按加權平均法計算，其出售損失或利益列為當年度損益。以成本衡量之金融資產若有減損之客觀證據，則認列減損損失，此減損金額不予迴轉。]]></tw-gaap-notes:FinancialAssetsMeasuredAtCost>
	<tw-gaap-notes:NotesAndAccountsReceivableOtherReceivable contextRef="From20120101To20120630"><![CDATA[應收票據及帳款係因出售商品或勞務而發生之債權，其他應收款係不屬於應收票據及帳款之其他應收款項。應收票據、帳款及其他應收款原始認列時以公平價值衡量，續後以利息法之攤銷後成本減除減損後之金額衡量，若期間短以致折現之影響不重大則以原始發票金額衡量。
本公司於資產負債表日首先評估是否存在客觀證據，顯示重大個別應收票據、帳款及其他應收款發生減損，若存在減損之客觀證據則個別評估其減損金額；其餘應收票據、帳款及其他應收款，將具類似信用風險特徵者納入群組以評估其減損。若後續期間減損金額減少，而該減少明顯與認列減損後發生之事件有關，則迴轉先前認列之減損金額並列於當期損益，該迴轉不應使應收票據、帳款及其他應收款大於未認列減損情況下之帳面金額。
]]></tw-gaap-notes:NotesAndAccountsReceivableOtherReceivable>
	<tw-gaap-notes:Inventories contextRef="From20120101To20120630"><![CDATA[存貨係以成本與淨變現價值孰低計價，比較成本與淨變現價值時，除同類別存貨外，係以個別項目為基礎。淨變現價值係指在正常情況下之估計售價減除至完工尚需投入之成本及銷售費用後之餘額。
存貨之計算採加權平均法。期末存貨除評估成本與淨變現價值孰低外，並就呆滯存貨酌予提列備抵跌價及呆滯損失。
客戶委託加工來料非屬公司之存貨。
]]></tw-gaap-notes:Inventories>
	<tw-gaap-notes:LongTermInvestmentsUnderEquityMethod contextRef="From20120101To20120630"><![CDATA[長期股權投資占被投資公司有表決權股份百分之二十以上或對被投資公司具重大影響力者，按權益法評價。持有被投資公司股權比例超過百分之五十或具有控制能力者，採權益法評價並編製合併報表。
被投資公司發生純益(或純損)，認列為投資收益(或損失)；取得股票股利，僅增列投資之股數，不增加長期投資之價值及作為投資收益；發放之現金股利，則作為投資之減項。採權益法評價之被投資公司之功能性貨幣為外幣時，其外幣財務報表換算後所產生之兌換差額列為股東權益項下之「累積換算調整數」，俟國外營運機構出售或清算時併入損益計算。
與採權益法評價之被投資公司間交易所產生之損益，若尚未實現者，則予遞延，並於實現時認列。交易損益如屬折舊或攤銷性資產所產生者，依其效益年限逐年認列；其他類資產所產生者，於實現年度認列。
股權出售時，其成本係按加權平均法計算，其出售損失或利益，列為當期損益。資產負債表日評估採權益法之長期股權投資，若有減損之客觀證據，則就其減損部分認列損失。
]]></tw-gaap-notes:LongTermInvestmentsUnderEquityMethod>
	<tw-gaap-notes:PropertyPlantAndEquipmentAssetsLeasedToOthersAndIdleAssets contextRef="From20120101To20120630"><![CDATA[固定及出租資產係以成本為入帳基礎。重大改良及更新作為資本支出，列入固定及出租資產；維護及修理支出則列為當期費用。購置或增置資產於取得或完工前支出之款項所負擔之利息，列為資產之成本。
固定及出租資產之折舊採直線法，按成本減除預估殘值後，依下列耐用年數計提：房屋及建築，十至五十五年；機器設備，五至八年；電腦通訊設備，三至八年；運輸設備，九年；辦公設備，五至十年；租賃改良，三年；其他設備，三年。耐用年限屆滿仍繼續使用者，則重新估計殘值及耐用年限，繼續提列折舊至折足為止。
固定及出租資產報廢或處分時，其有關成本、累計折舊及累計減損均自帳上予以沖銷，其出售利益或損失列為當期之營業外收入及利益或營業外費用及損失。
出租資產擬轉供出售時，應轉列待售土地及房屋，以帳面價值與市價孰低為轉列金額，帳面價值低於市價之損失列為當期營業外費用及損失，出租資產於出售時售價列為營業收入，相關之帳面價值及處分成本列於營業成本項下。
]]></tw-gaap-notes:PropertyPlantAndEquipmentAssetsLeasedToOthersAndIdleAssets>
	<tw-gaap-notes:DeferredChargesAssets contextRef="From20120101To20120630"><![CDATA[遞延費用主要係電腦軟體支出，依效益期間期間按三年平均攤銷。]]></tw-gaap-notes:DeferredChargesAssets>
	<tw-gaap-notes:PensionPlan contextRef="From20120101To20120630"><![CDATA[退休金辦法屬確定給付退休辦法者，係依據勞動基準法規定依權責發生基礎將應提撥之退休基金數額提列為當期之退休金成本。
本公司所有員工均適用勞工退休金條例採確定提撥制，適用該條例之員工，本公司每月負擔之員工退休金提撥率，不得低於員工每月薪資百分之六。
]]></tw-gaap-notes:PensionPlan>
	<tw-gaap-notes:IncomeTax contextRef="From20120101To20120630"><![CDATA[所得稅費用或利益係指依所得稅法及相關法令規定計算出之當期應納所得稅額及遞延所得稅費用或利益之合計數。本公司已將應課稅暫時性差異所產生之所得稅影響數認列為遞延所得稅負債；將可減除暫時性差異、虧損扣抵及所得稅抵減所產生之所得稅利益認列為遞延所得稅資產，再評估其遞延所得稅資產之可實現性，認列其備抵評價金額。遞延所得稅資產或負債依其相關資產或負債之分類，劃分為流動或非流動項目，無相關之資產負債者，依預期回轉期間之長短，劃分為流動或非流動項目。
所得稅率修正對遞延所得稅資產、負債及相關之所得稅費用(或利益)之影響，於相關法令修正生效時入帳。
本公司依「所得基本稅額條例」之規定計算基本稅額，其計算基礎係依所得稅法規定計算之課稅所得額，再加計所得稅法及其他法律所享有之租稅減免，依行政院訂定之稅率(百分之十)計算基本稅額，基本稅額與依所得稅法規定計算之稅額比較，擇其高者，繳納當年度之所得稅。
未分配盈餘加徵百分之十營利事業所得稅部分，於股東會決議盈餘分配之日列為當期所得稅費用。
本公司所得稅抵減之會計處理依財務會計準則公報第十二號「所得稅抵減之會計處理準則」之規定處理，因研究發展等支出所產生之所得稅抵減採當期認列法處理。
以前年度所得稅之調整，於調整時列為調整年度之所得稅。
]]></tw-gaap-notes:IncomeTax>
	<tw-gaap-notes:EmployeeBonusAndRemunerationsPaidToDirectorsAndSupervisors contextRef="From20120101To20120630"><![CDATA[本公司對於民國九十七??(含)以後之盈餘，依公司法及公司章程規定分配之員工紅?及董監酬?，依財團法人中華民國會計研究發展基?會(96)基秘字第052號函，於編製財務報表時先?估計擬分配之員工紅?及董監酬??額，並依員工紅?及董監酬?之性質?為營業成本或營業費用項下之適當會計科目。嗣後股東會決議分配?額與財務報表估??如有差?，視為估計變動，?為分配當期損?。]]></tw-gaap-notes:EmployeeBonusAndRemunerationsPaidToDirectorsAndSupervisors>
	<tw-gaap-notes:RevenueRecognition contextRef="From20120101To20120630"><![CDATA[銷貨收入係於商品交付，且貨物之所有權及風險報酬移轉予客戶時認列(一般於運出時移轉)，因其獲利過程大部分已完成，且已實現或可實現。
勞務收入於勞務提供完成時認列，相關成本配合收入於發生時認列；費用則於權責發生時認?。
因營業租賃所收取之各期租金依租賃期間權責認列租賃收入，出售土地及房屋收入則於完成物權移轉登記並已實際交付標的物時認列。有關不動產出租及出售相關收入帳列營業收入，出售不動產成本及租賃資產於租賃期間之相關折舊、稅捐等支出列為營業成本。
本公司對客戶委託加工來料之會計處理，係依交易實質內容認定，非屬本公司之銷貨及進貨。
]]></tw-gaap-notes:RevenueRecognition>
	<tw-gaap-notes:ChangesInAccountingPrinciples contextRef="From20120101To20120630"><![CDATA[本公司自民國一○○年一月一日起，採用新發佈之財務會計準則公報第四十一號「營運部門資訊之揭露」，該準則係取代財務會計準則公報第二十號「部門別財務資訊之揭露」，新準則之採用僅對本公司部門別之報導方式產生改變，本公司亦配合編製及揭露營運部門資訊。
本公司自民國一○○年一月一日起，採用新修訂之財務會計準則公報第三十四號「金融商品之會計處理準則」。主要之修訂包括(一)將應收租賃款之減損納入公報適用範圍；(二)修訂保險相關合約之會計準則適用規範；(三)將原始產生之放款及應收款納入公報適用範圍；(四)增訂以攤銷後成本衡量之金融資產於債務困難修改條款時之減損規範；及(五)債務條款修改時債務人之會計處理。此項會計變動，對本公司民國一○○年上半年度財務報表並無重大影響。
]]></tw-gaap-notes:ChangesInAccountingPrinciples>
	<tw-gaap-notes:LoansToOthers-CIAndMIM>
		<tw-gaap-notes:No. contextRef="From20120101To20120630"><![CDATA[0]]></tw-gaap-notes:No.>
		<tw-gaap-notes:Lender1 contextRef="From20120101To20120630"><![CDATA[隴華電子(股)公司]]></tw-gaap-notes:Lender1>
		<tw-gaap-notes:Counterparty1 contextRef="From20120101To20120630"><![CDATA[誠泰電子(吳江)有限公司]]></tw-gaap-notes:Counterparty1>
		<tw-gaap-notes:FinancialStatementAccount contextRef="From20120101To20120630"><![CDATA[其他應收款-關係人]]></tw-gaap-notes:FinancialStatementAccount>
		<tw-gaap-notes:MaximumBalanceForThePeriod1 contextRef="From20120101To20120630" decimals="-3" unitRef="TWD">35177000</tw-gaap-notes:MaximumBalanceForThePeriod1>
		<tw-gaap-notes:EndingBalance1 contextRef="AsOf20120630" decimals="-3" unitRef="TWD">0</tw-gaap-notes:EndingBalance1>
		<tw-gaap-notes:RangeOfInterestRates contextRef="From20120101To20120630"><![CDATA[0]]></tw-gaap-notes:RangeOfInterestRates>
		<tw-gaap-notes:NatureOfLoans contextRef="From20120101To20120630"><![CDATA[1]]></tw-gaap-notes:NatureOfLoans>
		<tw-gaap-notes:AmountOfSalesToPurchasesFromCounterparty contextRef="From20120101To20120630" decimals="-3" unitRef="TWD">9295000</tw-gaap-notes:AmountOfSalesToPurchasesFromCounterparty>
		<tw-gaap-notes:ReasonForShort-termLoans contextRef="From20120101To20120630"><![CDATA[100%持有之孫公司]]></tw-gaap-notes:ReasonForShort-termLoans>
		<tw-gaap-notes:AllowanceForDoubtfulAccounts contextRef="AsOf20120630" decimals="-3" unitRef="TWD">0</tw-gaap-notes:AllowanceForDoubtfulAccounts>
		<tw-gaap-notes:Collateral>
			<tw-gaap-notes:Item1 contextRef="From20120101To20120630"><![CDATA[無]]></tw-gaap-notes:Item1>
			<tw-gaap-notes:Value contextRef="AsOf20120630" decimals="-3" unitRef="TWD">0</tw-gaap-notes:Value>
		</tw-gaap-notes:Collateral>
		<tw-gaap-notes:LimitOfLoanAmountForIndividualCounterparty contextRef="From20120101To20120630" decimals="-3" unitRef="TWD">129672000</tw-gaap-notes:LimitOfLoanAmountForIndividualCounterparty>
		<tw-gaap-notes:LimitOfTotalLoanAmount1 contextRef="From20120101To20120630" decimals="-3" unitRef="TWD">129672000</tw-gaap-notes:LimitOfTotalLoanAmount1>
		<tw-gaap-notes:Note contextRef="From20120101To20120630"><![CDATA[]]></tw-gaap-notes:Note>
	</tw-gaap-notes:LoansToOthers-CIAndMIM>

	<tw-gaap-notes:TotalEndingBalance1-Parent contextRef="AsOf20120630" decimals="-3" unitRef="TWD">0</tw-gaap-notes:TotalEndingBalance1-Parent>
	<tw-gaap-notes:TotalEndingBalance1-Subsidiaries contextRef="AsOf20120630" decimals="-3" unitRef="TWD">0</tw-gaap-notes:TotalEndingBalance1-Subsidiaries>
	<tw-gaap-notes:Note-LoansToOthers contextRef="From20120101To20120630"><![CDATA[註1:1.資金貸與性質屬有業務往來者，係以不超過雙方間業務往來之金額為限，所稱業務往來係指雙方間進貨或銷貨孰高者。
2.資金貸與性質屬有短期融通資金之必要者，該項貸與之總金額以不超過本公司淨值40%為限。
3.依規定對直接間接持有表決權股份百分之百之國外公司間，從事資金貸與，不受前項限額限制。
註2：係本公司最近期財務報表淨值40%為限：淨值324,179千元 × 40% = 129,672千元]]></tw-gaap-notes:Note-LoansToOthers>
	<tw-gaap-notes:NamesLocationsAndRelatedInformationOfInvesteesOverWhichTheCompanyExercisesSignificantInfluence>
		<tw-gaap-notes:CompanyNameOfTheInvestor contextRef="From20120101To20120630"><![CDATA[隴華電子股份有限公司]]></tw-gaap-notes:CompanyNameOfTheInvestor>
		<tw-gaap-notes:CompanyNameOfTheInvestee contextRef="From20120101To20120630"><![CDATA[Eontronics International Co., Ltd.]]></tw-gaap-notes:CompanyNameOfTheInvestee>
		<tw-gaap-notes:LocationCode contextRef="From20120101To20120630"><![CDATA[226]]></tw-gaap-notes:LocationCode>
		<tw-gaap-notes:Location contextRef="From20120101To20120630"><![CDATA[英屬維京群島]]></tw-gaap-notes:Location>
		<tw-gaap-notes:MainBusinessesAndProducts contextRef="From20120101To20120630"><![CDATA[專業投資]]></tw-gaap-notes:MainBusinessesAndProducts>
		<tw-gaap-notes:OriginalInvestmentAmount>
			<tw-gaap-notes:EndingBalance3 contextRef="AsOf20120630" decimals="-3" unitRef="TWD">387349000</tw-gaap-notes:EndingBalance3>
			<tw-gaap-notes:BeginningBalance contextRef="AsOf20120630" decimals="-3" unitRef="TWD">387349000</tw-gaap-notes:BeginningBalance>
		</tw-gaap-notes:OriginalInvestmentAmount>
		<tw-gaap-notes:InvestmentsAtTheEndOfThePeriod>
			<tw-gaap-notes:NumberOfShares1 contextRef="AsOf20120630" decimals="0" unitRef="Shares">0</tw-gaap-notes:NumberOfShares1>
			<tw-gaap-notes:PercentageOfOwnership1 contextRef="AsOf20120630" decimals="4" unitRef="Pure">0.0100</tw-gaap-notes:PercentageOfOwnership1>
			<tw-gaap-notes:BookValue1 contextRef="AsOf20120630" decimals="-3" unitRef="TWD">74237000</tw-gaap-notes:BookValue1>
		</tw-gaap-notes:InvestmentsAtTheEndOfThePeriod>
		<tw-gaap-notes:NetIncomeLossesOfTheInvestee contextRef="From20120101To20120630" decimals="-3" unitRef="TWD">886000</tw-gaap-notes:NetIncomeLossesOfTheInvestee>
		<tw-gaap-notes:InvestmentIncomeLossesRecognized1 contextRef="From20120101To20120630" decimals="-3" unitRef="TWD">886000</tw-gaap-notes:InvestmentIncomeLossesRecognized1>
		<tw-gaap-notes:Note contextRef="From20120101To20120630"><![CDATA[]]></tw-gaap-notes:Note>
	</tw-gaap-notes:NamesLocationsAndRelatedInformationOfInvesteesOverWhichTheCompanyExercisesSignificantInfluence>

	<tw-gaap-notes:NamesLocationsAndRelatedInformationOfInvesteesOverWhichTheCompanyExercisesSignificantInfluence>
		<tw-gaap-notes:CompanyNameOfTheInvestor contextRef="From20120101To20120630"><![CDATA[Eontronics International Co., Ltd.]]></tw-gaap-notes:CompanyNameOfTheInvestor>
		<tw-gaap-notes:CompanyNameOfTheInvestee contextRef="From20120101To20120630"><![CDATA[誠泰電子(吳江)有限公司]]></tw-gaap-notes:CompanyNameOfTheInvestee>
		<tw-gaap-notes:LocationCode contextRef="From20120101To20120630"><![CDATA[230]]></tw-gaap-notes:LocationCode>
		<tw-gaap-notes:Location contextRef="From20120101To20120630"><![CDATA[中國大陸]]></tw-gaap-notes:Location>
		<tw-gaap-notes:MainBusinessesAndProducts contextRef="From20120101To20120630"><![CDATA[電腦主機板、板卡及機上盒等電子產品之生產及銷售]]></tw-gaap-notes:MainBusinessesAndProducts>
		<tw-gaap-notes:OriginalInvestmentAmount>
			<tw-gaap-notes:EndingBalance3 contextRef="AsOf20120630" decimals="-3" unitRef="TWD">324340000</tw-gaap-notes:EndingBalance3>
			<tw-gaap-notes:BeginningBalance contextRef="AsOf20120630" decimals="-3" unitRef="TWD">324340000</tw-gaap-notes:BeginningBalance>
		</tw-gaap-notes:OriginalInvestmentAmount>
		<tw-gaap-notes:InvestmentsAtTheEndOfThePeriod>
			<tw-gaap-notes:NumberOfShares1 contextRef="AsOf20120630" decimals="0" unitRef="Shares">0</tw-gaap-notes:NumberOfShares1>
			<tw-gaap-notes:PercentageOfOwnership1 contextRef="AsOf20120630" decimals="4" unitRef="Pure">0.0100</tw-gaap-notes:PercentageOfOwnership1>
			<tw-gaap-notes:BookValue1 contextRef="AsOf20120630" decimals="-3" unitRef="TWD">72542000</tw-gaap-notes:BookValue1>
		</tw-gaap-notes:InvestmentsAtTheEndOfThePeriod>
		<tw-gaap-notes:NetIncomeLossesOfTheInvestee contextRef="From20120101To20120630" decimals="-3" unitRef="TWD">887000</tw-gaap-notes:NetIncomeLossesOfTheInvestee>
		<tw-gaap-notes:InvestmentIncomeLossesRecognized1 contextRef="From20120101To20120630" decimals="-3" unitRef="TWD">887000</tw-gaap-notes:InvestmentIncomeLossesRecognized1>
		<tw-gaap-notes:Note contextRef="From20120101To20120630"><![CDATA[]]></tw-gaap-notes:Note>
	</tw-gaap-notes:NamesLocationsAndRelatedInformationOfInvesteesOverWhichTheCompanyExercisesSignificantInfluence>

	<tw-gaap-notes:Note-NamesLocationsAndRelatedInformationOfInvesteesOverWhichTheCompanyExercisesSignificantInfluence contextRef="From20120101To20120630"><![CDATA[註:隴華電子股份有限公司投資Eontronics International Co., Ltd.為USD11,670仟元
  Eontronics International Co., Ltd.投資誠泰電子(吳江)有限公司為USD9,820仟元]]></tw-gaap-notes:Note-NamesLocationsAndRelatedInformationOfInvesteesOverWhichTheCompanyExercisesSignificantInfluence>
	<tw-gaap-notes:InformationOfInvestmentInMainlandChina>
		<tw-gaap-notes:CompanyNameOfTheInvesteeInMainlandChina contextRef="From20120101To20120630"><![CDATA[誠泰電子(吳江)有限公司]]></tw-gaap-notes:CompanyNameOfTheInvesteeInMainlandChina>
		<tw-gaap-notes:MainBusinessesAndProducts contextRef="From20120101To20120630"><![CDATA[電腦主機板、板卡及機上盒等電子產品之生產及銷售]]></tw-gaap-notes:MainBusinessesAndProducts>
		<tw-gaap-notes:TotalAmountOfPaid-inCapital contextRef="AsOf20120630" decimals="-3" unitRef="TWD">324340000</tw-gaap-notes:TotalAmountOfPaid-inCapital>
		<tw-gaap-notes:MethodOfInvestment contextRef="From20120101To20120630"><![CDATA[透過第三地區設立公司再投資大陸公司。]]></tw-gaap-notes:MethodOfInvestment>
		<tw-gaap-notes:AccumulatedOutflowOfInvestmentFromTaiwanAtTheBeginningOfThePeriod contextRef="AsOf20120630" decimals="-3" unitRef="TWD">324340000</tw-gaap-notes:AccumulatedOutflowOfInvestmentFromTaiwanAtTheBeginningOfThePeriod>
		<tw-gaap-notes:InvestmentFlowsForThePeriod>
			<tw-gaap-notes:Outflow contextRef="From20120101To20120630" decimals="-3" unitRef="TWD">0</tw-gaap-notes:Outflow>
			<tw-gaap-notes:Inflow contextRef="From20120101To20120630" decimals="-3" unitRef="TWD">0</tw-gaap-notes:Inflow>
		</tw-gaap-notes:InvestmentFlowsForThePeriod>
		<tw-gaap-notes:AccumulatedOutflowOfInvestmentFromTaiwanAtTheEndOfThePeriod contextRef="AsOf20120630" decimals="-3" unitRef="TWD">324340000</tw-gaap-notes:AccumulatedOutflowOfInvestmentFromTaiwanAtTheEndOfThePeriod>
		<tw-gaap-notes:PercentageOfOwnershipThroughDirectAndIndirectInvestmentByTheCompany contextRef="AsOf20120630" decimals="4" unitRef="Pure">1.0000</tw-gaap-notes:PercentageOfOwnershipThroughDirectAndIndirectInvestmentByTheCompany>
		<tw-gaap-notes:InvestmentIncomeLossesRecognized2 contextRef="From20120101To20120630" decimals="-3" unitRef="TWD">887000</tw-gaap-notes:InvestmentIncomeLossesRecognized2>
		<tw-gaap-notes:BookValueAtTheEndOfThePeriod contextRef="AsOf20120630" decimals="-3" unitRef="TWD">72542000</tw-gaap-notes:BookValueAtTheEndOfThePeriod>
		<tw-gaap-notes:AccumulatedInwardRemittanceOfEarningsAsOfTheEndOfThePeriod contextRef="From20120101To20120630" decimals="-3" unitRef="TWD">0</tw-gaap-notes:AccumulatedInwardRemittanceOfEarningsAsOfTheEndOfThePeriod>
		<tw-gaap-notes:Note contextRef="From20120101To20120630"><![CDATA[]]></tw-gaap-notes:Note>
	</tw-gaap-notes:InformationOfInvestmentInMainlandChina>

	<tw-gaap-notes:Note-InformationOfInvestmentInMainlandChina contextRef="From20120101To20120630"><![CDATA[註：金額皆為新台幣仟元]]></tw-gaap-notes:Note-InformationOfInvestmentInMainlandChina>
	<tw-gaap-notes:LimitOnInvestmentInMainlandChina>
		<tw-gaap-notes:NameOfTheCompany contextRef="From20120101To20120630"><![CDATA[隴華電子股份有限公司]]></tw-gaap-notes:NameOfTheCompany>
		<tw-gaap-notes:AccumulatedInvestmentInMainlandChinaAtTheEndOfThePeriod contextRef="AsOf20120630" decimals="-3" unitRef="TWD">392852000</tw-gaap-notes:AccumulatedInvestmentInMainlandChinaAtTheEndOfThePeriod>
		<tw-gaap-notes:InvestmentAmountAuthorizedByTheInvestmentCommissionOfMOEA contextRef="From20120101To20120630" decimals="-3" unitRef="TWD">0</tw-gaap-notes:InvestmentAmountAuthorizedByTheInvestmentCommissionOfMOEA>
		<tw-gaap-notes:UpperLimitOnInvestmentInMainlandChinaImposedByTheInvestmentCommissionOfMOEA contextRef="From20120101To20120630" decimals="-3" unitRef="TWD">194507000</tw-gaap-notes:UpperLimitOnInvestmentInMainlandChinaImposedByTheInvestmentCommissionOfMOEA>
	</tw-gaap-notes:LimitOnInvestmentInMainlandChina>

	<tw-gaap-notes:Note-LimitOnInvestmentInMainlandChina contextRef="From20120101To20120630"><![CDATA[註:LIMC02 經濟部投審會核准投資金額為USD12,057仟元]]></tw-gaap-notes:Note-LimitOnInvestmentInMainlandChina>
	<tw-gaap-notes:Others>
		<tw-gaap-notes:Item contextRef="From20120101To20120630"><![CDATA[資產減損]]></tw-gaap-notes:Item>
		<tw-gaap-notes:Description contextRef="From20120101To20120630"><![CDATA[本公司依照財務會計準則公報第三十五號「資產減損之會計處理準則」之規定，於資產負債表日評估所有適用該公報之資產是否有減損跡象，如有減損跡象，則就個別資產或資產所屬之現金產生單位進行減損測試，估計資產(或資產所屬現金產生單位)之可回收金額，可回收金額係指淨公平價值及使用價值之孰高者。減損測試結果如為資產帳面價值超過可回收金額，則就超過部分於損益表認列減損損失。
反之，若於資產負債表日有證據顯示資產於以前年度認列之減損損失可能已不存在或減少時，應重新評估可回收金額，若可回收金額因估計發生變動而增加時，累計減損損失即應予迴轉，惟迴轉後之帳面價值不得超過資產在未認列減損損失之情況下，減除應提列折舊或攤銷後之帳面價值。
減損損失及減損迴轉利益分別列為營業外費用及損失與營業外收入及利益。
]]></tw-gaap-notes:Description>
	</tw-gaap-notes:Others>

</xbrl>

<!--This instance document is created by SIIAP V1.9.2-->
