<?xml version="1.0" encoding="UTF-8"?>
<xbrl xmlns="http://www.xbrl.org/2003/instance" xmlns:iso4217="http://www.xbrl.org/2003/iso4217" xmlns:link="http://www.xbrl.org/2003/linkbase" xmlns:tw-gaap-ar="http://www.xbrl.org/tw/fr/gaap/ar/2010-12-31" xmlns:tw-gaap-ci="http://www.xbrl.org/tw/fr/gaap/tw-gaap-ci-2010-12-31" xmlns:tw-gaap-notes="http://www.xbrl.org/tw/fr/gaap/notes/2010-12-31" xmlns:xbrldi="http://xbrl.org/2006/xbrldi" xmlns:xbrldt="http://xbrl.org/2005/xbrldt" xmlns:xbrli="http://www.xbrl.org/2003/instance" xmlns:xlink="http://www.w3.org/1999/xlink">
	<link:schemaRef xlink:arcrole="http://www.w3.org/1999/xlink/properties/linkbase" xlink:href="tw-gaap-ci-2010-12-31.xsd" xlink:type="simple"/>	<context id="AsOf20110221">
		<entity>
			<identifier scheme="http://www.twse.com.tw">1236</identifier>
		</entity>
		<period>
			<instant>2011-02-21</instant>
		</period>
	</context>
	<context id="From20090101To20091231_CumulativeTranslationAdjustmentsMember">
		<entity>
			<identifier scheme="http://www.twse.com.tw">1236</identifier>
		</entity>
		<period>
			<startDate>2009-01-01</startDate>
			<endDate>2009-12-31</endDate>
		</period>
		<scenario>
			<xbrldi:explicitMember dimension="tw-gaap-ci:StockholdersEquityDimensionMember">tw-gaap-ci:CumulativeTranslationAdjustmentsMember</xbrldi:explicitMember>
		</scenario>
	</context>
	<context id="From20090101To20091231_CapitalSurplusMember">
		<entity>
			<identifier scheme="http://www.twse.com.tw">1236</identifier>
		</entity>
		<period>
			<startDate>2009-01-01</startDate>
			<endDate>2009-12-31</endDate>
		</period>
		<scenario>
			<xbrldi:explicitMember dimension="tw-gaap-ci:StockholdersEquityDimensionMember">tw-gaap-ci:CapitalSurplusMember</xbrldi:explicitMember>
		</scenario>
	</context>
	<context id="From20090101To20091231_CapitalStockMember">
		<entity>
			<identifier scheme="http://www.twse.com.tw">1236</identifier>
		</entity>
		<period>
			<startDate>2009-01-01</startDate>
			<endDate>2009-12-31</endDate>
		</period>
		<scenario>
			<xbrldi:explicitMember dimension="tw-gaap-ci:StockholdersEquityDimensionMember">tw-gaap-ci:CapitalStockMember</xbrldi:explicitMember>
		</scenario>
	</context>
	<context id="From20090101To20091231_CommonStockValueMember">
		<entity>
			<identifier scheme="http://www.twse.com.tw">1236</identifier>
		</entity>
		<period>
			<startDate>2009-01-01</startDate>
			<endDate>2009-12-31</endDate>
		</period>
		<scenario>
			<xbrldi:explicitMember dimension="tw-gaap-ci:StockholdersEquityDimensionMember">tw-gaap-ci:CommonStockValueMember</xbrldi:explicitMember>
		</scenario>
	</context>
	<context id="From20090101To20091231_StockholdersEquitiesAdjustmentsMember">
		<entity>
			<identifier scheme="http://www.twse.com.tw">1236</identifier>
		</entity>
		<period>
			<startDate>2009-01-01</startDate>
			<endDate>2009-12-31</endDate>
		</period>
		<scenario>
			<xbrldi:explicitMember dimension="tw-gaap-ci:StockholdersEquityDimensionMember">tw-gaap-ci:StockholdersEquitiesAdjustmentsMember</xbrldi:explicitMember>
		</scenario>
	</context>
	<context id="From20090101To20091231_NetLossNotRecognizedPensionCostMember">
		<entity>
			<identifier scheme="http://www.twse.com.tw">1236</identifier>
		</entity>
		<period>
			<startDate>2009-01-01</startDate>
			<endDate>2009-12-31</endDate>
		</period>
		<scenario>
			<xbrldi:explicitMember dimension="tw-gaap-ci:StockholdersEquityDimensionMember">tw-gaap-ci:NetLossNotRecognizedPensionCostMember</xbrldi:explicitMember>
		</scenario>
	</context>
	<context id="From20090101To20091231_LegalReserveMember">
		<entity>
			<identifier scheme="http://www.twse.com.tw">1236</identifier>
		</entity>
		<period>
			<startDate>2009-01-01</startDate>
			<endDate>2009-12-31</endDate>
		</period>
		<scenario>
			<xbrldi:explicitMember dimension="tw-gaap-ci:StockholdersEquityDimensionMember">tw-gaap-ci:LegalReserveMember</xbrldi:explicitMember>
		</scenario>
	</context>
	<context id="From20090101To20091231_TotalStockholdersEquitiesMember">
		<entity>
			<identifier scheme="http://www.twse.com.tw">1236</identifier>
		</entity>
		<period>
			<startDate>2009-01-01</startDate>
			<endDate>2009-12-31</endDate>
		</period>
		<scenario>
			<xbrldi:explicitMember dimension="tw-gaap-ci:StockholdersEquityDimensionMember">tw-gaap-ci:TotalStockholdersEquitiesMember</xbrldi:explicitMember>
		</scenario>
	</context>
	<context id="From20090101To20091231_RetainedEarningsMember">
		<entity>
			<identifier scheme="http://www.twse.com.tw">1236</identifier>
		</entity>
		<period>
			<startDate>2009-01-01</startDate>
			<endDate>2009-12-31</endDate>
		</period>
		<scenario>
			<xbrldi:explicitMember dimension="tw-gaap-ci:StockholdersEquityDimensionMember">tw-gaap-ci:RetainedEarningsMember</xbrldi:explicitMember>
		</scenario>
	</context>
	<context id="From20090101To20091231_UnappropriatedRetainedEarningsMember">
		<entity>
			<identifier scheme="http://www.twse.com.tw">1236</identifier>
		</entity>
		<period>
			<startDate>2009-01-01</startDate>
			<endDate>2009-12-31</endDate>
		</period>
		<scenario>
			<xbrldi:explicitMember dimension="tw-gaap-ci:StockholdersEquityDimensionMember">tw-gaap-ci:UnappropriatedRetainedEarningsMember</xbrldi:explicitMember>
		</scenario>
	</context>
	<context id="AsOf20091231_TotalStockholdersEquitiesMember">
		<entity>
			<identifier scheme="http://www.twse.com.tw">1236</identifier>
		</entity>
		<period>
			<instant>2009-12-31</instant>
		</period>
		<scenario>
			<xbrldi:explicitMember dimension="tw-gaap-ci:StockholdersEquityDimensionMember">tw-gaap-ci:TotalStockholdersEquitiesMember</xbrldi:explicitMember>
		</scenario>
	</context>
	<context id="AsOf20091231_StockholdersEquitiesAdjustmentsMember">
		<entity>
			<identifier scheme="http://www.twse.com.tw">1236</identifier>
		</entity>
		<period>
			<instant>2009-12-31</instant>
		</period>
		<scenario>
			<xbrldi:explicitMember dimension="tw-gaap-ci:StockholdersEquityDimensionMember">tw-gaap-ci:StockholdersEquitiesAdjustmentsMember</xbrldi:explicitMember>
		</scenario>
	</context>
	<context id="AsOf20091231_NetLossNotRecognizedPensionCostMember">
		<entity>
			<identifier scheme="http://www.twse.com.tw">1236</identifier>
		</entity>
		<period>
			<instant>2009-12-31</instant>
		</period>
		<scenario>
			<xbrldi:explicitMember dimension="tw-gaap-ci:StockholdersEquityDimensionMember">tw-gaap-ci:NetLossNotRecognizedPensionCostMember</xbrldi:explicitMember>
		</scenario>
	</context>
	<context id="AsOf20091231_CumulativeTranslationAdjustmentsMember">
		<entity>
			<identifier scheme="http://www.twse.com.tw">1236</identifier>
		</entity>
		<period>
			<instant>2009-12-31</instant>
		</period>
		<scenario>
			<xbrldi:explicitMember dimension="tw-gaap-ci:StockholdersEquityDimensionMember">tw-gaap-ci:CumulativeTranslationAdjustmentsMember</xbrldi:explicitMember>
		</scenario>
	</context>
	<context id="AsOf20091231_RetainedEarningsMember">
		<entity>
			<identifier scheme="http://www.twse.com.tw">1236</identifier>
		</entity>
		<period>
			<instant>2009-12-31</instant>
		</period>
		<scenario>
			<xbrldi:explicitMember dimension="tw-gaap-ci:StockholdersEquityDimensionMember">tw-gaap-ci:RetainedEarningsMember</xbrldi:explicitMember>
		</scenario>
	</context>
	<context id="AsOf20091231_UnappropriatedRetainedEarningsMember">
		<entity>
			<identifier scheme="http://www.twse.com.tw">1236</identifier>
		</entity>
		<period>
			<instant>2009-12-31</instant>
		</period>
		<scenario>
			<xbrldi:explicitMember dimension="tw-gaap-ci:StockholdersEquityDimensionMember">tw-gaap-ci:UnappropriatedRetainedEarningsMember</xbrldi:explicitMember>
		</scenario>
	</context>
	<context id="AsOf20091231_LegalReserveMember">
		<entity>
			<identifier scheme="http://www.twse.com.tw">1236</identifier>
		</entity>
		<period>
			<instant>2009-12-31</instant>
		</period>
		<scenario>
			<xbrldi:explicitMember dimension="tw-gaap-ci:StockholdersEquityDimensionMember">tw-gaap-ci:LegalReserveMember</xbrldi:explicitMember>
		</scenario>
	</context>
	<context id="AsOf20091231_CapitalSurplusMember">
		<entity>
			<identifier scheme="http://www.twse.com.tw">1236</identifier>
		</entity>
		<period>
			<instant>2009-12-31</instant>
		</period>
		<scenario>
			<xbrldi:explicitMember dimension="tw-gaap-ci:StockholdersEquityDimensionMember">tw-gaap-ci:CapitalSurplusMember</xbrldi:explicitMember>
		</scenario>
	</context>
	<context id="AsOf20091231_CapitalStockMember">
		<entity>
			<identifier scheme="http://www.twse.com.tw">1236</identifier>
		</entity>
		<period>
			<instant>2009-12-31</instant>
		</period>
		<scenario>
			<xbrldi:explicitMember dimension="tw-gaap-ci:StockholdersEquityDimensionMember">tw-gaap-ci:CapitalStockMember</xbrldi:explicitMember>
		</scenario>
	</context>
	<context id="AsOf20091231_CommonStockValueMember">
		<entity>
			<identifier scheme="http://www.twse.com.tw">1236</identifier>
		</entity>
		<period>
			<instant>2009-12-31</instant>
		</period>
		<scenario>
			<xbrldi:explicitMember dimension="tw-gaap-ci:StockholdersEquityDimensionMember">tw-gaap-ci:CommonStockValueMember</xbrldi:explicitMember>
		</scenario>
	</context>
	<context id="From20100101To20101231_CumulativeTranslationAdjustmentsMember">
		<entity>
			<identifier scheme="http://www.twse.com.tw">1236</identifier>
		</entity>
		<period>
			<startDate>2010-01-01</startDate>
			<endDate>2010-12-31</endDate>
		</period>
		<scenario>
			<xbrldi:explicitMember dimension="tw-gaap-ci:StockholdersEquityDimensionMember">tw-gaap-ci:CumulativeTranslationAdjustmentsMember</xbrldi:explicitMember>
		</scenario>
	</context>
	<context id="From20100101To20101231_CapitalSurplusMember">
		<entity>
			<identifier scheme="http://www.twse.com.tw">1236</identifier>
		</entity>
		<period>
			<startDate>2010-01-01</startDate>
			<endDate>2010-12-31</endDate>
		</period>
		<scenario>
			<xbrldi:explicitMember dimension="tw-gaap-ci:StockholdersEquityDimensionMember">tw-gaap-ci:CapitalSurplusMember</xbrldi:explicitMember>
		</scenario>
	</context>
	<context id="From20100101To20101231_StockholdersEquitiesAdjustmentsMember">
		<entity>
			<identifier scheme="http://www.twse.com.tw">1236</identifier>
		</entity>
		<period>
			<startDate>2010-01-01</startDate>
			<endDate>2010-12-31</endDate>
		</period>
		<scenario>
			<xbrldi:explicitMember dimension="tw-gaap-ci:StockholdersEquityDimensionMember">tw-gaap-ci:StockholdersEquitiesAdjustmentsMember</xbrldi:explicitMember>
		</scenario>
	</context>
	<context id="From20100101To20101231_NetLossNotRecognizedPensionCostMember">
		<entity>
			<identifier scheme="http://www.twse.com.tw">1236</identifier>
		</entity>
		<period>
			<startDate>2010-01-01</startDate>
			<endDate>2010-12-31</endDate>
		</period>
		<scenario>
			<xbrldi:explicitMember dimension="tw-gaap-ci:StockholdersEquityDimensionMember">tw-gaap-ci:NetLossNotRecognizedPensionCostMember</xbrldi:explicitMember>
		</scenario>
	</context>
	<context id="From20100101To20101231_CapitalStockMember">
		<entity>
			<identifier scheme="http://www.twse.com.tw">1236</identifier>
		</entity>
		<period>
			<startDate>2010-01-01</startDate>
			<endDate>2010-12-31</endDate>
		</period>
		<scenario>
			<xbrldi:explicitMember dimension="tw-gaap-ci:StockholdersEquityDimensionMember">tw-gaap-ci:CapitalStockMember</xbrldi:explicitMember>
		</scenario>
	</context>
	<context id="From20100101To20101231_CommonStockValueMember">
		<entity>
			<identifier scheme="http://www.twse.com.tw">1236</identifier>
		</entity>
		<period>
			<startDate>2010-01-01</startDate>
			<endDate>2010-12-31</endDate>
		</period>
		<scenario>
			<xbrldi:explicitMember dimension="tw-gaap-ci:StockholdersEquityDimensionMember">tw-gaap-ci:CommonStockValueMember</xbrldi:explicitMember>
		</scenario>
	</context>
	<context id="From20100101To20101231_LegalReserveMember">
		<entity>
			<identifier scheme="http://www.twse.com.tw">1236</identifier>
		</entity>
		<period>
			<startDate>2010-01-01</startDate>
			<endDate>2010-12-31</endDate>
		</period>
		<scenario>
			<xbrldi:explicitMember dimension="tw-gaap-ci:StockholdersEquityDimensionMember">tw-gaap-ci:LegalReserveMember</xbrldi:explicitMember>
		</scenario>
	</context>
	<context id="From20100101To20101231_TotalStockholdersEquitiesMember">
		<entity>
			<identifier scheme="http://www.twse.com.tw">1236</identifier>
		</entity>
		<period>
			<startDate>2010-01-01</startDate>
			<endDate>2010-12-31</endDate>
		</period>
		<scenario>
			<xbrldi:explicitMember dimension="tw-gaap-ci:StockholdersEquityDimensionMember">tw-gaap-ci:TotalStockholdersEquitiesMember</xbrldi:explicitMember>
		</scenario>
	</context>
	<context id="From20100101To20101231_RetainedEarningsMember">
		<entity>
			<identifier scheme="http://www.twse.com.tw">1236</identifier>
		</entity>
		<period>
			<startDate>2010-01-01</startDate>
			<endDate>2010-12-31</endDate>
		</period>
		<scenario>
			<xbrldi:explicitMember dimension="tw-gaap-ci:StockholdersEquityDimensionMember">tw-gaap-ci:RetainedEarningsMember</xbrldi:explicitMember>
		</scenario>
	</context>
	<context id="From20100101To20101231_UnappropriatedRetainedEarningsMember">
		<entity>
			<identifier scheme="http://www.twse.com.tw">1236</identifier>
		</entity>
		<period>
			<startDate>2010-01-01</startDate>
			<endDate>2010-12-31</endDate>
		</period>
		<scenario>
			<xbrldi:explicitMember dimension="tw-gaap-ci:StockholdersEquityDimensionMember">tw-gaap-ci:UnappropriatedRetainedEarningsMember</xbrldi:explicitMember>
		</scenario>
	</context>
	<context id="AsOf20101231_TotalStockholdersEquitiesMember">
		<entity>
			<identifier scheme="http://www.twse.com.tw">1236</identifier>
		</entity>
		<period>
			<instant>2010-12-31</instant>
		</period>
		<scenario>
			<xbrldi:explicitMember dimension="tw-gaap-ci:StockholdersEquityDimensionMember">tw-gaap-ci:TotalStockholdersEquitiesMember</xbrldi:explicitMember>
		</scenario>
	</context>
	<context id="AsOf20101231_StockholdersEquitiesAdjustmentsMember">
		<entity>
			<identifier scheme="http://www.twse.com.tw">1236</identifier>
		</entity>
		<period>
			<instant>2010-12-31</instant>
		</period>
		<scenario>
			<xbrldi:explicitMember dimension="tw-gaap-ci:StockholdersEquityDimensionMember">tw-gaap-ci:StockholdersEquitiesAdjustmentsMember</xbrldi:explicitMember>
		</scenario>
	</context>
	<context id="AsOf20101231_NetLossNotRecognizedPensionCostMember">
		<entity>
			<identifier scheme="http://www.twse.com.tw">1236</identifier>
		</entity>
		<period>
			<instant>2010-12-31</instant>
		</period>
		<scenario>
			<xbrldi:explicitMember dimension="tw-gaap-ci:StockholdersEquityDimensionMember">tw-gaap-ci:NetLossNotRecognizedPensionCostMember</xbrldi:explicitMember>
		</scenario>
	</context>
	<context id="AsOf20101231_CumulativeTranslationAdjustmentsMember">
		<entity>
			<identifier scheme="http://www.twse.com.tw">1236</identifier>
		</entity>
		<period>
			<instant>2010-12-31</instant>
		</period>
		<scenario>
			<xbrldi:explicitMember dimension="tw-gaap-ci:StockholdersEquityDimensionMember">tw-gaap-ci:CumulativeTranslationAdjustmentsMember</xbrldi:explicitMember>
		</scenario>
	</context>
	<context id="AsOf20101231_RetainedEarningsMember">
		<entity>
			<identifier scheme="http://www.twse.com.tw">1236</identifier>
		</entity>
		<period>
			<instant>2010-12-31</instant>
		</period>
		<scenario>
			<xbrldi:explicitMember dimension="tw-gaap-ci:StockholdersEquityDimensionMember">tw-gaap-ci:RetainedEarningsMember</xbrldi:explicitMember>
		</scenario>
	</context>
	<context id="AsOf20101231_UnappropriatedRetainedEarningsMember">
		<entity>
			<identifier scheme="http://www.twse.com.tw">1236</identifier>
		</entity>
		<period>
			<instant>2010-12-31</instant>
		</period>
		<scenario>
			<xbrldi:explicitMember dimension="tw-gaap-ci:StockholdersEquityDimensionMember">tw-gaap-ci:UnappropriatedRetainedEarningsMember</xbrldi:explicitMember>
		</scenario>
	</context>
	<context id="AsOf20101231_LegalReserveMember">
		<entity>
			<identifier scheme="http://www.twse.com.tw">1236</identifier>
		</entity>
		<period>
			<instant>2010-12-31</instant>
		</period>
		<scenario>
			<xbrldi:explicitMember dimension="tw-gaap-ci:StockholdersEquityDimensionMember">tw-gaap-ci:LegalReserveMember</xbrldi:explicitMember>
		</scenario>
	</context>
	<context id="AsOf20101231_CapitalSurplusMember">
		<entity>
			<identifier scheme="http://www.twse.com.tw">1236</identifier>
		</entity>
		<period>
			<instant>2010-12-31</instant>
		</period>
		<scenario>
			<xbrldi:explicitMember dimension="tw-gaap-ci:StockholdersEquityDimensionMember">tw-gaap-ci:CapitalSurplusMember</xbrldi:explicitMember>
		</scenario>
	</context>
	<context id="AsOf20101231_CapitalStockMember">
		<entity>
			<identifier scheme="http://www.twse.com.tw">1236</identifier>
		</entity>
		<period>
			<instant>2010-12-31</instant>
		</period>
		<scenario>
			<xbrldi:explicitMember dimension="tw-gaap-ci:StockholdersEquityDimensionMember">tw-gaap-ci:CapitalStockMember</xbrldi:explicitMember>
		</scenario>
	</context>
	<context id="AsOf20101231_CommonStockValueMember">
		<entity>
			<identifier scheme="http://www.twse.com.tw">1236</identifier>
		</entity>
		<period>
			<instant>2010-12-31</instant>
		</period>
		<scenario>
			<xbrldi:explicitMember dimension="tw-gaap-ci:StockholdersEquityDimensionMember">tw-gaap-ci:CommonStockValueMember</xbrldi:explicitMember>
		</scenario>
	</context>
	<context id="AsOf20090101">
		<entity>
			<identifier scheme="http://www.twse.com.tw">1236</identifier>
		</entity>
		<period>
			<instant>2009-01-01</instant>
		</period>
	</context>
	<context id="AsOf20100101">
		<entity>
			<identifier scheme="http://www.twse.com.tw">1236</identifier>
		</entity>
		<period>
			<instant>2010-01-01</instant>
		</period>
	</context>
	<context id="From20090101To20091231">
		<entity>
			<identifier scheme="http://www.twse.com.tw">1236</identifier>
		</entity>
		<period>
			<startDate>2009-01-01</startDate>
			<endDate>2009-12-31</endDate>
		</period>
	</context>
	<context id="AsOf20091231">
		<entity>
			<identifier scheme="http://www.twse.com.tw">1236</identifier>
		</entity>
		<period>
			<instant>2009-12-31</instant>
		</period>
	</context>
	<context id="From20100101To20101231">
		<entity>
			<identifier scheme="http://www.twse.com.tw">1236</identifier>
		</entity>
		<period>
			<startDate>2010-01-01</startDate>
			<endDate>2010-12-31</endDate>
		</period>
	</context>
	<context id="AsOf20101231">
		<entity>
			<identifier scheme="http://www.twse.com.tw">1236</identifier>
		</entity>
		<period>
			<instant>2010-12-31</instant>
		</period>
	</context>
	<unit id="TWD">
		<measure>iso4217:TWD</measure>
	</unit>
	<unit id="Shares">
		<measure>xbrli:shares</measure>
	</unit>
	<unit id="EarningsPerShare">
		<divide>
			<unitNumerator>
				<measure>iso4217:TWD</measure>
			</unitNumerator>
			<unitDenominator>
				<measure>xbrli:shares</measure>
			</unitDenominator>
		</divide>
	</unit>
	<tw-gaap-ci:CashCashEquivalents contextRef="AsOf20101231" decimals="-3" unitRef="TWD">86367000</tw-gaap-ci:CashCashEquivalents>
	<tw-gaap-ci:CashCashEquivalents contextRef="AsOf20091231" decimals="-3" unitRef="TWD">59406000</tw-gaap-ci:CashCashEquivalents>
	<tw-gaap-ci:NetNotesReceivable contextRef="AsOf20101231" decimals="-3" unitRef="TWD">55860000</tw-gaap-ci:NetNotesReceivable>
	<tw-gaap-ci:NetNotesReceivable contextRef="AsOf20091231" decimals="-3" unitRef="TWD">41159000</tw-gaap-ci:NetNotesReceivable>
	<tw-gaap-ci:NetAccountsReceivable contextRef="AsOf20101231" decimals="-3" unitRef="TWD">298180000</tw-gaap-ci:NetAccountsReceivable>
	<tw-gaap-ci:NetAccountsReceivable contextRef="AsOf20091231" decimals="-3" unitRef="TWD">273916000</tw-gaap-ci:NetAccountsReceivable>
	<tw-gaap-ci:OtherReceivables contextRef="AsOf20101231" decimals="-3" unitRef="TWD">22646000</tw-gaap-ci:OtherReceivables>
	<tw-gaap-ci:OtherReceivables contextRef="AsOf20091231" decimals="-3" unitRef="TWD">22561000</tw-gaap-ci:OtherReceivables>
	<tw-gaap-ci:Inventories contextRef="AsOf20101231" decimals="-3" unitRef="TWD">341111000</tw-gaap-ci:Inventories>
	<tw-gaap-ci:Inventories contextRef="AsOf20091231" decimals="-3" unitRef="TWD">231901000</tw-gaap-ci:Inventories>
	<tw-gaap-ci:PrepaidExpenses contextRef="AsOf20101231" decimals="-3" unitRef="TWD">4724000</tw-gaap-ci:PrepaidExpenses>
	<tw-gaap-ci:PrepaidExpenses contextRef="AsOf20091231" decimals="-3" unitRef="TWD">5106000</tw-gaap-ci:PrepaidExpenses>
	<tw-gaap-ci:OtherPrepayments contextRef="AsOf20101231" decimals="-3" unitRef="TWD">20092000</tw-gaap-ci:OtherPrepayments>
	<tw-gaap-ci:OtherPrepayments contextRef="AsOf20091231" decimals="-3" unitRef="TWD">9433000</tw-gaap-ci:OtherPrepayments>
	<tw-gaap-ci:DeferredIncomeTaxAssetsCurrent contextRef="AsOf20101231" decimals="-3" unitRef="TWD">587000</tw-gaap-ci:DeferredIncomeTaxAssetsCurrent>
	<tw-gaap-ci:DeferredIncomeTaxAssetsCurrent contextRef="AsOf20091231" decimals="-3" unitRef="TWD">12739000</tw-gaap-ci:DeferredIncomeTaxAssetsCurrent>
	<tw-gaap-ci:OthercurrentAssetsOther contextRef="AsOf20101231" decimals="-3" unitRef="TWD">4701000</tw-gaap-ci:OthercurrentAssetsOther>
	<tw-gaap-ci:OthercurrentAssetsOther contextRef="AsOf20091231" decimals="-3" unitRef="TWD">4955000</tw-gaap-ci:OthercurrentAssetsOther>
	<tw-gaap-ci:OtherCurrentAssets contextRef="AsOf20101231" decimals="-3" unitRef="TWD">5288000</tw-gaap-ci:OtherCurrentAssets>
	<tw-gaap-ci:OtherCurrentAssets contextRef="AsOf20091231" decimals="-3" unitRef="TWD">17694000</tw-gaap-ci:OtherCurrentAssets>
	<tw-gaap-ci:CurrentAssets contextRef="AsOf20101231" decimals="-3" unitRef="TWD">834268000</tw-gaap-ci:CurrentAssets>
	<tw-gaap-ci:CurrentAssets contextRef="AsOf20091231" decimals="-3" unitRef="TWD">661176000</tw-gaap-ci:CurrentAssets>
	<tw-gaap-ci:NetFinancialAssetsCarriedCostNonCurrent contextRef="AsOf20101231" decimals="-3" unitRef="TWD">21398000</tw-gaap-ci:NetFinancialAssetsCarriedCostNonCurrent>
	<tw-gaap-ci:NetFinancialAssetsCarriedCostNonCurrent contextRef="AsOf20091231" decimals="-3" unitRef="TWD">21398000</tw-gaap-ci:NetFinancialAssetsCarriedCostNonCurrent>
	<tw-gaap-ci:LongtermInvestmentsEquity contextRef="AsOf20101231" decimals="-3" unitRef="TWD">156726000</tw-gaap-ci:LongtermInvestmentsEquity>
	<tw-gaap-ci:LongtermInvestmentsEquity contextRef="AsOf20091231" decimals="-3" unitRef="TWD">170789000</tw-gaap-ci:LongtermInvestmentsEquity>
	<tw-gaap-ci:LongtermInvestments contextRef="AsOf20101231" decimals="-3" unitRef="TWD">156726000</tw-gaap-ci:LongtermInvestments>
	<tw-gaap-ci:LongtermInvestments contextRef="AsOf20091231" decimals="-3" unitRef="TWD">170789000</tw-gaap-ci:LongtermInvestments>
	<tw-gaap-ci:FundsInvestments contextRef="AsOf20101231" decimals="-3" unitRef="TWD">178124000</tw-gaap-ci:FundsInvestments>
	<tw-gaap-ci:FundsInvestments contextRef="AsOf20091231" decimals="-3" unitRef="TWD">192187000</tw-gaap-ci:FundsInvestments>
	<tw-gaap-ci:Land contextRef="AsOf20101231" decimals="-3" unitRef="TWD">549892000</tw-gaap-ci:Land>
	<tw-gaap-ci:Land contextRef="AsOf20091231" decimals="-3" unitRef="TWD">410034000</tw-gaap-ci:Land>
	<tw-gaap-ci:BuildingsStructures contextRef="AsOf20101231" decimals="-3" unitRef="TWD">634087000</tw-gaap-ci:BuildingsStructures>
	<tw-gaap-ci:BuildingsStructures contextRef="AsOf20091231" decimals="-3" unitRef="TWD">657304000</tw-gaap-ci:BuildingsStructures>
	<tw-gaap-ci:MachineryEquipment contextRef="AsOf20101231" decimals="-3" unitRef="TWD">1001204000</tw-gaap-ci:MachineryEquipment>
	<tw-gaap-ci:MachineryEquipment contextRef="AsOf20091231" decimals="-3" unitRef="TWD">977128000</tw-gaap-ci:MachineryEquipment>
	<tw-gaap-ci:TransportationEquipment contextRef="AsOf20101231" decimals="-3" unitRef="TWD">55854000</tw-gaap-ci:TransportationEquipment>
	<tw-gaap-ci:TransportationEquipment contextRef="AsOf20091231" decimals="-3" unitRef="TWD">56027000</tw-gaap-ci:TransportationEquipment>
	<tw-gaap-ci:LeaseholdImprovements contextRef="AsOf20101231" decimals="-3" unitRef="TWD">66310000</tw-gaap-ci:LeaseholdImprovements>
	<tw-gaap-ci:LeaseholdImprovements contextRef="AsOf20091231" decimals="-3" unitRef="TWD">54780000</tw-gaap-ci:LeaseholdImprovements>
	<tw-gaap-ci:OtherFacilities contextRef="AsOf20101231" decimals="-3" unitRef="TWD">45513000</tw-gaap-ci:OtherFacilities>
	<tw-gaap-ci:OtherFacilities contextRef="AsOf20091231" decimals="-3" unitRef="TWD">44819000</tw-gaap-ci:OtherFacilities>
	<tw-gaap-ci:FixedAssetsOriginalCosts contextRef="AsOf20101231" decimals="-3" unitRef="TWD">2352860000</tw-gaap-ci:FixedAssetsOriginalCosts>
	<tw-gaap-ci:FixedAssetsOriginalCosts contextRef="AsOf20091231" decimals="-3" unitRef="TWD">2200092000</tw-gaap-ci:FixedAssetsOriginalCosts>
	<tw-gaap-ci:RevaluationIncrement contextRef="AsOf20101231" decimals="-3" unitRef="TWD">0</tw-gaap-ci:RevaluationIncrement>
	<tw-gaap-ci:RevaluationIncrement contextRef="AsOf20091231" decimals="-3" unitRef="TWD">0</tw-gaap-ci:RevaluationIncrement>
	<tw-gaap-ci:CostsRevaluationIncrement contextRef="AsOf20101231" decimals="-3" unitRef="TWD">2352860000</tw-gaap-ci:CostsRevaluationIncrement>
	<tw-gaap-ci:CostsRevaluationIncrement contextRef="AsOf20091231" decimals="-3" unitRef="TWD">2200092000</tw-gaap-ci:CostsRevaluationIncrement>
	<tw-gaap-ci:AccumulatedDepreciation contextRef="AsOf20101231" decimals="-3" unitRef="TWD">1320793000</tw-gaap-ci:AccumulatedDepreciation>
	<tw-gaap-ci:AccumulatedDepreciation contextRef="AsOf20091231" decimals="-3" unitRef="TWD">1269959000</tw-gaap-ci:AccumulatedDepreciation>
	<tw-gaap-ci:ConstructionProcessPrepaymentEquipments contextRef="AsOf20101231" decimals="-3" unitRef="TWD">128801000</tw-gaap-ci:ConstructionProcessPrepaymentEquipments>
	<tw-gaap-ci:ConstructionProcessPrepaymentEquipments contextRef="AsOf20091231" decimals="-3" unitRef="TWD">45610000</tw-gaap-ci:ConstructionProcessPrepaymentEquipments>
	<tw-gaap-ci:FixedAssets contextRef="AsOf20101231" decimals="-3" unitRef="TWD">1160868000</tw-gaap-ci:FixedAssets>
	<tw-gaap-ci:FixedAssets contextRef="AsOf20091231" decimals="-3" unitRef="TWD">975743000</tw-gaap-ci:FixedAssets>
	<tw-gaap-ci:DeferredPensionCost contextRef="AsOf20101231" decimals="-3" unitRef="TWD">2983000</tw-gaap-ci:DeferredPensionCost>
	<tw-gaap-ci:DeferredPensionCost contextRef="AsOf20091231" decimals="-3" unitRef="TWD">5967000</tw-gaap-ci:DeferredPensionCost>
	<tw-gaap-ci:IntangibleAssets contextRef="AsOf20101231" decimals="-3" unitRef="TWD">2983000</tw-gaap-ci:IntangibleAssets>
	<tw-gaap-ci:IntangibleAssets contextRef="AsOf20091231" decimals="-3" unitRef="TWD">5967000</tw-gaap-ci:IntangibleAssets>
	<tw-gaap-ci:NetRentalAssets contextRef="AsOf20101231" decimals="-3" unitRef="TWD">53766000</tw-gaap-ci:NetRentalAssets>
	<tw-gaap-ci:NetRentalAssets contextRef="AsOf20091231" decimals="-3" unitRef="TWD">44781000</tw-gaap-ci:NetRentalAssets>
	<tw-gaap-ci:NetIdledAssets contextRef="AsOf20101231" decimals="-3" unitRef="TWD">62000</tw-gaap-ci:NetIdledAssets>
	<tw-gaap-ci:NetIdledAssets contextRef="AsOf20091231" decimals="-3" unitRef="TWD">64000</tw-gaap-ci:NetIdledAssets>
	<tw-gaap-ci:GuaranteeDepositsPaid contextRef="AsOf20101231" decimals="-3" unitRef="TWD">10027000</tw-gaap-ci:GuaranteeDepositsPaid>
	<tw-gaap-ci:GuaranteeDepositsPaid contextRef="AsOf20091231" decimals="-3" unitRef="TWD">10606000</tw-gaap-ci:GuaranteeDepositsPaid>
	<tw-gaap-ci:DeferredCharges contextRef="AsOf20101231" decimals="-3" unitRef="TWD">16462000</tw-gaap-ci:DeferredCharges>
	<tw-gaap-ci:DeferredCharges contextRef="AsOf20091231" decimals="-3" unitRef="TWD">22573000</tw-gaap-ci:DeferredCharges>
	<tw-gaap-ci:DeferredIncomeTaxAssetsNonCurrent contextRef="AsOf20101231" decimals="-3" unitRef="TWD">19259000</tw-gaap-ci:DeferredIncomeTaxAssetsNonCurrent>
	<tw-gaap-ci:DeferredIncomeTaxAssetsNonCurrent contextRef="AsOf20091231" decimals="-3" unitRef="TWD">20893000</tw-gaap-ci:DeferredIncomeTaxAssetsNonCurrent>
	<tw-gaap-ci:DeferredDebitsLossesInterAffiliateAccounts contextRef="AsOf20101231" decimals="-3" unitRef="TWD">1055000</tw-gaap-ci:DeferredDebitsLossesInterAffiliateAccounts>
	<tw-gaap-ci:DeferredDebitsLossesInterAffiliateAccounts contextRef="AsOf20091231" decimals="-3" unitRef="TWD">1511000</tw-gaap-ci:DeferredDebitsLossesInterAffiliateAccounts>
	<tw-gaap-ci:OtherAssetsOther contextRef="AsOf20101231" decimals="-3" unitRef="TWD">1055000</tw-gaap-ci:OtherAssetsOther>
	<tw-gaap-ci:OtherAssetsOther contextRef="AsOf20091231" decimals="-3" unitRef="TWD">1511000</tw-gaap-ci:OtherAssetsOther>
	<tw-gaap-ci:AccumulatedImpairmentOtherAssets contextRef="AsOf20101231" decimals="-3" unitRef="TWD">62000</tw-gaap-ci:AccumulatedImpairmentOtherAssets>
	<tw-gaap-ci:AccumulatedImpairmentOtherAssets contextRef="AsOf20091231" decimals="-3" unitRef="TWD">64000</tw-gaap-ci:AccumulatedImpairmentOtherAssets>
	<tw-gaap-ci:OtherAssets contextRef="AsOf20101231" decimals="-3" unitRef="TWD">100569000</tw-gaap-ci:OtherAssets>
	<tw-gaap-ci:OtherAssets contextRef="AsOf20091231" decimals="-3" unitRef="TWD">100364000</tw-gaap-ci:OtherAssets>
	<tw-gaap-ci:Assets contextRef="AsOf20101231" decimals="-3" unitRef="TWD">2276812000</tw-gaap-ci:Assets>
	<tw-gaap-ci:Assets contextRef="AsOf20091231" decimals="-3" unitRef="TWD">1935437000</tw-gaap-ci:Assets>
	<tw-gaap-ci:ShortTermBorrowings contextRef="AsOf20101231" decimals="-3" unitRef="TWD">209685000</tw-gaap-ci:ShortTermBorrowings>
	<tw-gaap-ci:ShortTermBorrowings contextRef="AsOf20091231" decimals="-3" unitRef="TWD">71194000</tw-gaap-ci:ShortTermBorrowings>
	<tw-gaap-ci:ShorttermNotesBillsPayable contextRef="AsOf20101231" decimals="-3" unitRef="TWD">90000000</tw-gaap-ci:ShorttermNotesBillsPayable>
	<tw-gaap-ci:ShorttermNotesBillsPayable contextRef="AsOf20091231" decimals="-3" unitRef="TWD">49976000</tw-gaap-ci:ShorttermNotesBillsPayable>
	<tw-gaap-ci:NotesPayable contextRef="AsOf20101231" decimals="-3" unitRef="TWD">118645000</tw-gaap-ci:NotesPayable>
	<tw-gaap-ci:NotesPayable contextRef="AsOf20091231" decimals="-3" unitRef="TWD">84170000</tw-gaap-ci:NotesPayable>
	<tw-gaap-ci:AccountsPayable contextRef="AsOf20101231" decimals="-3" unitRef="TWD">131810000</tw-gaap-ci:AccountsPayable>
	<tw-gaap-ci:AccountsPayable contextRef="AsOf20091231" decimals="-3" unitRef="TWD">109809000</tw-gaap-ci:AccountsPayable>
	<tw-gaap-ci:IncomeTaxPayable contextRef="AsOf20101231" decimals="-3" unitRef="TWD">25808000</tw-gaap-ci:IncomeTaxPayable>
	<tw-gaap-ci:IncomeTaxPayable contextRef="AsOf20091231" decimals="-3" unitRef="TWD">0</tw-gaap-ci:IncomeTaxPayable>
	<tw-gaap-ci:AccruedExpenses contextRef="AsOf20101231" decimals="-3" unitRef="TWD">124132000</tw-gaap-ci:AccruedExpenses>
	<tw-gaap-ci:AccruedExpenses contextRef="AsOf20091231" decimals="-3" unitRef="TWD">113604000</tw-gaap-ci:AccruedExpenses>
	<tw-gaap-ci:OtherPayables contextRef="AsOf20101231" decimals="-3" unitRef="TWD">7650000</tw-gaap-ci:OtherPayables>
	<tw-gaap-ci:OtherPayables contextRef="AsOf20091231" decimals="-3" unitRef="TWD">10929000</tw-gaap-ci:OtherPayables>
	<tw-gaap-ci:AdvanceReceipts contextRef="AsOf20101231" decimals="-3" unitRef="TWD">31097000</tw-gaap-ci:AdvanceReceipts>
	<tw-gaap-ci:AdvanceReceipts contextRef="AsOf20091231" decimals="-3" unitRef="TWD">21258000</tw-gaap-ci:AdvanceReceipts>
	<tw-gaap-ci:TemporaryCredits contextRef="AsOf20101231" decimals="-3" unitRef="TWD">3594000</tw-gaap-ci:TemporaryCredits>
	<tw-gaap-ci:TemporaryCredits contextRef="AsOf20091231" decimals="-3" unitRef="TWD">5269000</tw-gaap-ci:TemporaryCredits>
	<tw-gaap-ci:ReceiptsCustody contextRef="AsOf20101231" decimals="-3" unitRef="TWD">2689000</tw-gaap-ci:ReceiptsCustody>
	<tw-gaap-ci:ReceiptsCustody contextRef="AsOf20091231" decimals="-3" unitRef="TWD">2175000</tw-gaap-ci:ReceiptsCustody>
	<tw-gaap-ci:OtherCurrentLiabilities contextRef="AsOf20101231" decimals="-3" unitRef="TWD">6283000</tw-gaap-ci:OtherCurrentLiabilities>
	<tw-gaap-ci:OtherCurrentLiabilities contextRef="AsOf20091231" decimals="-3" unitRef="TWD">7444000</tw-gaap-ci:OtherCurrentLiabilities>
	<tw-gaap-ci:CurrentLiabilities contextRef="AsOf20101231" decimals="-3" unitRef="TWD">745110000</tw-gaap-ci:CurrentLiabilities>
	<tw-gaap-ci:CurrentLiabilities contextRef="AsOf20091231" decimals="-3" unitRef="TWD">468384000</tw-gaap-ci:CurrentLiabilities>
	<tw-gaap-ci:PensionReserve contextRef="AsOf20101231" decimals="-3" unitRef="TWD">159918000</tw-gaap-ci:PensionReserve>
	<tw-gaap-ci:PensionReserve contextRef="AsOf20091231" decimals="-3" unitRef="TWD">155517000</tw-gaap-ci:PensionReserve>
	<tw-gaap-ci:GuaranteeDepositsReceived contextRef="AsOf20101231" decimals="-3" unitRef="TWD">56105000</tw-gaap-ci:GuaranteeDepositsReceived>
	<tw-gaap-ci:GuaranteeDepositsReceived contextRef="AsOf20091231" decimals="-3" unitRef="TWD">46675000</tw-gaap-ci:GuaranteeDepositsReceived>
	<tw-gaap-ci:DeferredCreditsGainsonInterAffiliateAccounts contextRef="AsOf20101231" decimals="-3" unitRef="TWD">239000</tw-gaap-ci:DeferredCreditsGainsonInterAffiliateAccounts>
	<tw-gaap-ci:DeferredCreditsGainsonInterAffiliateAccounts contextRef="AsOf20091231" decimals="-3" unitRef="TWD">650000</tw-gaap-ci:DeferredCreditsGainsonInterAffiliateAccounts>
	<tw-gaap-ci:OtherLiabilitiesOther contextRef="AsOf20101231" decimals="-3" unitRef="TWD">239000</tw-gaap-ci:OtherLiabilitiesOther>
	<tw-gaap-ci:OtherLiabilitiesOther contextRef="AsOf20091231" decimals="-3" unitRef="TWD">650000</tw-gaap-ci:OtherLiabilitiesOther>
	<tw-gaap-ci:OtherLiabilities contextRef="AsOf20101231" decimals="-3" unitRef="TWD">216262000</tw-gaap-ci:OtherLiabilities>
	<tw-gaap-ci:OtherLiabilities contextRef="AsOf20091231" decimals="-3" unitRef="TWD">202842000</tw-gaap-ci:OtherLiabilities>
	<tw-gaap-ci:Liabilities contextRef="AsOf20101231" decimals="-3" unitRef="TWD">961372000</tw-gaap-ci:Liabilities>
	<tw-gaap-ci:Liabilities contextRef="AsOf20091231" decimals="-3" unitRef="TWD">671226000</tw-gaap-ci:Liabilities>
	<tw-gaap-ci:CommonStock contextRef="AsOf20101231" decimals="-3" unitRef="TWD">920497000</tw-gaap-ci:CommonStock>
	<tw-gaap-ci:CommonStock contextRef="AsOf20091231" decimals="-3" unitRef="TWD">852312000</tw-gaap-ci:CommonStock>
	<tw-gaap-ci:Capital contextRef="AsOf20101231" decimals="-3" unitRef="TWD">920497000</tw-gaap-ci:Capital>
	<tw-gaap-ci:Capital contextRef="AsOf20091231" decimals="-3" unitRef="TWD">852312000</tw-gaap-ci:Capital>
	<tw-gaap-ci:CapitalSurplusTreasuryStockTransactions contextRef="AsOf20101231" decimals="-3" unitRef="TWD">288000</tw-gaap-ci:CapitalSurplusTreasuryStockTransactions>
	<tw-gaap-ci:CapitalSurplusTreasuryStockTransactions contextRef="AsOf20091231" decimals="-3" unitRef="TWD">288000</tw-gaap-ci:CapitalSurplusTreasuryStockTransactions>
	<tw-gaap-ci:CapitalSurplusPremiumMerger contextRef="AsOf20101231" decimals="-3" unitRef="TWD">33108000</tw-gaap-ci:CapitalSurplusPremiumMerger>
	<tw-gaap-ci:CapitalSurplusPremiumMerger contextRef="AsOf20091231" decimals="-3" unitRef="TWD">33108000</tw-gaap-ci:CapitalSurplusPremiumMerger>
	<tw-gaap-ci:CapitalSurplus contextRef="AsOf20101231" decimals="-3" unitRef="TWD">33396000</tw-gaap-ci:CapitalSurplus>
	<tw-gaap-ci:CapitalSurplus contextRef="AsOf20091231" decimals="-3" unitRef="TWD">33396000</tw-gaap-ci:CapitalSurplus>
	<tw-gaap-ci:LegalReserve contextRef="AsOf20101231" decimals="-3" unitRef="TWD">155459000</tw-gaap-ci:LegalReserve>
	<tw-gaap-ci:LegalReserve contextRef="AsOf20091231" decimals="-3" unitRef="TWD">138135000</tw-gaap-ci:LegalReserve>
	<tw-gaap-ci:UnappropriatedRetainedEarnings contextRef="AsOf20101231" decimals="-3" unitRef="TWD">211878000</tw-gaap-ci:UnappropriatedRetainedEarnings>
	<tw-gaap-ci:UnappropriatedRetainedEarnings contextRef="AsOf20091231" decimals="-3" unitRef="TWD">237529000</tw-gaap-ci:UnappropriatedRetainedEarnings>
	<tw-gaap-ci:RetainedEarnings contextRef="AsOf20101231" decimals="-3" unitRef="TWD">367337000</tw-gaap-ci:RetainedEarnings>
	<tw-gaap-ci:RetainedEarnings contextRef="AsOf20091231" decimals="-3" unitRef="TWD">375664000</tw-gaap-ci:RetainedEarnings>
	<tw-gaap-ci:CumulativeTranslationAdjustments contextRef="AsOf20101231" decimals="-3" unitRef="TWD">15450000</tw-gaap-ci:CumulativeTranslationAdjustments>
	<tw-gaap-ci:CumulativeTranslationAdjustments contextRef="AsOf20091231" decimals="-3" unitRef="TWD">25034000</tw-gaap-ci:CumulativeTranslationAdjustments>
	<tw-gaap-ci:NetLossNotRecognizedPensionCost contextRef="AsOf20101231" decimals="-3" unitRef="TWD">21240000</tw-gaap-ci:NetLossNotRecognizedPensionCost>
	<tw-gaap-ci:NetLossNotRecognizedPensionCost contextRef="AsOf20091231" decimals="-3" unitRef="TWD">22195000</tw-gaap-ci:NetLossNotRecognizedPensionCost>
	<tw-gaap-ci:StockholdersEquitiesAdjustments contextRef="AsOf20101231" decimals="-3" unitRef="TWD">-5790000</tw-gaap-ci:StockholdersEquitiesAdjustments>
	<tw-gaap-ci:StockholdersEquitiesAdjustments contextRef="AsOf20091231" decimals="-3" unitRef="TWD">2839000</tw-gaap-ci:StockholdersEquitiesAdjustments>
	<tw-gaap-ci:StockholdersEquities contextRef="AsOf20101231" decimals="-3" unitRef="TWD">1315440000</tw-gaap-ci:StockholdersEquities>
	<tw-gaap-ci:StockholdersEquities contextRef="AsOf20091231" decimals="-3" unitRef="TWD">1264211000</tw-gaap-ci:StockholdersEquities>
	<tw-gaap-ci:EquivalentSharesOutstandingAdvanceReceiptsCommonStock contextRef="AsOf20101231" decimals="0" unitRef="Shares">0</tw-gaap-ci:EquivalentSharesOutstandingAdvanceReceiptsCommonStock>
	<tw-gaap-ci:EquivalentSharesOutstandingAdvanceReceiptsCommonStock contextRef="AsOf20091231" decimals="0" unitRef="Shares">0</tw-gaap-ci:EquivalentSharesOutstandingAdvanceReceiptsCommonStock>
	<tw-gaap-ci:NumberTreasuryStockAcquiredCompanySubsidiaries contextRef="AsOf20101231" decimals="0" unitRef="Shares">0</tw-gaap-ci:NumberTreasuryStockAcquiredCompanySubsidiaries>
	<tw-gaap-ci:NumberTreasuryStockAcquiredCompanySubsidiaries contextRef="AsOf20091231" decimals="0" unitRef="Shares">0</tw-gaap-ci:NumberTreasuryStockAcquiredCompanySubsidiaries>
	<tw-gaap-ci:SalesRevenue contextRef="From20100101To20101231" decimals="-3" unitRef="TWD">2238420000</tw-gaap-ci:SalesRevenue>
	<tw-gaap-ci:SalesRevenue contextRef="From20090101To20091231" decimals="-3" unitRef="TWD">1882929000</tw-gaap-ci:SalesRevenue>
	<tw-gaap-ci:Sales contextRef="From20100101To20101231" decimals="-3" unitRef="TWD">2238420000</tw-gaap-ci:Sales>
	<tw-gaap-ci:Sales contextRef="From20090101To20091231" decimals="-3" unitRef="TWD">1882929000</tw-gaap-ci:Sales>
	<tw-gaap-ci:SalesReturns contextRef="From20100101To20101231" decimals="-3" unitRef="TWD">50128000</tw-gaap-ci:SalesReturns>
	<tw-gaap-ci:SalesReturns contextRef="From20090101To20091231" decimals="-3" unitRef="TWD">39645000</tw-gaap-ci:SalesReturns>
	<tw-gaap-ci:SalesDiscountsAllowances contextRef="From20100101To20101231" decimals="-3" unitRef="TWD">118301000</tw-gaap-ci:SalesDiscountsAllowances>
	<tw-gaap-ci:SalesDiscountsAllowances contextRef="From20090101To20091231" decimals="-3" unitRef="TWD">96210000</tw-gaap-ci:SalesDiscountsAllowances>
	<tw-gaap-ci:NetSales contextRef="From20100101To20101231" decimals="-3" unitRef="TWD">2069991000</tw-gaap-ci:NetSales>
	<tw-gaap-ci:NetSales contextRef="From20090101To20091231" decimals="-3" unitRef="TWD">1747074000</tw-gaap-ci:NetSales>
	<tw-gaap-ci:OperatingRevenue contextRef="From20100101To20101231" decimals="-3" unitRef="TWD">2069991000</tw-gaap-ci:OperatingRevenue>
	<tw-gaap-ci:OperatingRevenue contextRef="From20090101To20091231" decimals="-3" unitRef="TWD">1747074000</tw-gaap-ci:OperatingRevenue>
	<tw-gaap-ci:CostSales contextRef="From20100101To20101231" decimals="-3" unitRef="TWD">1420738000</tw-gaap-ci:CostSales>
	<tw-gaap-ci:CostSales contextRef="From20090101To20091231" decimals="-3" unitRef="TWD">1168716000</tw-gaap-ci:CostSales>
	<tw-gaap-ci:OperatingCosts contextRef="From20100101To20101231" decimals="-3" unitRef="TWD">1420738000</tw-gaap-ci:OperatingCosts>
	<tw-gaap-ci:OperatingCosts contextRef="From20090101To20091231" decimals="-3" unitRef="TWD">1168716000</tw-gaap-ci:OperatingCosts>
	<tw-gaap-ci:GrossProfitLossOperations contextRef="From20100101To20101231" decimals="-3" unitRef="TWD">649253000</tw-gaap-ci:GrossProfitLossOperations>
	<tw-gaap-ci:GrossProfitLossOperations contextRef="From20090101To20091231" decimals="-3" unitRef="TWD">578358000</tw-gaap-ci:GrossProfitLossOperations>
	<tw-gaap-ci:RealizedGainInterAffiliateAccounts contextRef="From20100101To20101231" decimals="-3" unitRef="TWD">-46000</tw-gaap-ci:RealizedGainInterAffiliateAccounts>
	<tw-gaap-ci:RealizedGainInterAffiliateAccounts contextRef="From20090101To20091231" decimals="-3" unitRef="TWD">-46000</tw-gaap-ci:RealizedGainInterAffiliateAccounts>
	<tw-gaap-ci:Sellingexpense contextRef="From20100101To20101231" decimals="-3" unitRef="TWD">382667000</tw-gaap-ci:Sellingexpense>
	<tw-gaap-ci:Sellingexpense contextRef="From20090101To20091231" decimals="-3" unitRef="TWD">345069000</tw-gaap-ci:Sellingexpense>
	<tw-gaap-ci:GeneralAdministrativeExpenses contextRef="From20100101To20101231" decimals="-3" unitRef="TWD">87844000</tw-gaap-ci:GeneralAdministrativeExpenses>
	<tw-gaap-ci:GeneralAdministrativeExpenses contextRef="From20090101To20091231" decimals="-3" unitRef="TWD">87330000</tw-gaap-ci:GeneralAdministrativeExpenses>
	<tw-gaap-ci:OperatingExpenses contextRef="From20100101To20101231" decimals="-3" unitRef="TWD">470511000</tw-gaap-ci:OperatingExpenses>
	<tw-gaap-ci:OperatingExpenses contextRef="From20090101To20091231" decimals="-3" unitRef="TWD">432399000</tw-gaap-ci:OperatingExpenses>
	<tw-gaap-ci:OperatingIncomeLoss contextRef="From20100101To20101231" decimals="-3" unitRef="TWD">178696000</tw-gaap-ci:OperatingIncomeLoss>
	<tw-gaap-ci:OperatingIncomeLoss contextRef="From20090101To20091231" decimals="-3" unitRef="TWD">145913000</tw-gaap-ci:OperatingIncomeLoss>
	<tw-gaap-ci:InterestIncome contextRef="From20100101To20101231" decimals="-3" unitRef="TWD">118000</tw-gaap-ci:InterestIncome>
	<tw-gaap-ci:InterestIncome contextRef="From20090101To20091231" decimals="-3" unitRef="TWD">212000</tw-gaap-ci:InterestIncome>
	<tw-gaap-ci:GainsDisposalFixedAssets contextRef="From20100101To20101231" decimals="-3" unitRef="TWD">318000</tw-gaap-ci:GainsDisposalFixedAssets>
	<tw-gaap-ci:GainsDisposalFixedAssets contextRef="From20090101To20091231" decimals="-3" unitRef="TWD">553000</tw-gaap-ci:GainsDisposalFixedAssets>
	<tw-gaap-ci:ForeignExchangeGains contextRef="From20100101To20101231" decimals="-3" unitRef="TWD">571000</tw-gaap-ci:ForeignExchangeGains>
	<tw-gaap-ci:ForeignExchangeGains contextRef="From20090101To20091231" decimals="-3" unitRef="TWD">2170000</tw-gaap-ci:ForeignExchangeGains>
	<tw-gaap-ci:RentIncome contextRef="From20100101To20101231" decimals="-3" unitRef="TWD">7331000</tw-gaap-ci:RentIncome>
	<tw-gaap-ci:RentIncome contextRef="From20090101To20091231" decimals="-3" unitRef="TWD">8819000</tw-gaap-ci:RentIncome>
	<tw-gaap-ci:MiscellaneousIncome contextRef="From20100101To20101231" decimals="-3" unitRef="TWD">6587000</tw-gaap-ci:MiscellaneousIncome>
	<tw-gaap-ci:MiscellaneousIncome contextRef="From20090101To20091231" decimals="-3" unitRef="TWD">32272000</tw-gaap-ci:MiscellaneousIncome>
	<tw-gaap-ci:NonOperatingIncomeGains contextRef="From20100101To20101231" decimals="-3" unitRef="TWD">14925000</tw-gaap-ci:NonOperatingIncomeGains>
	<tw-gaap-ci:NonOperatingIncomeGains contextRef="From20090101To20091231" decimals="-3" unitRef="TWD">44026000</tw-gaap-ci:NonOperatingIncomeGains>
	<tw-gaap-ci:InterestExpense contextRef="From20100101To20101231" decimals="-3" unitRef="TWD">2051000</tw-gaap-ci:InterestExpense>
	<tw-gaap-ci:InterestExpense contextRef="From20090101To20091231" decimals="-3" unitRef="TWD">1627000</tw-gaap-ci:InterestExpense>
	<tw-gaap-ci:NonOperatingExpensesInvestmentLossRecognizedEquityMethod contextRef="From20100101To20101231" decimals="-3" unitRef="TWD">4479000</tw-gaap-ci:NonOperatingExpensesInvestmentLossRecognizedEquityMethod>
	<tw-gaap-ci:NonOperatingExpensesInvestmentLossRecognizedEquityMethod contextRef="From20090101To20091231" decimals="-3" unitRef="TWD">12567000</tw-gaap-ci:NonOperatingExpensesInvestmentLossRecognizedEquityMethod>
	<tw-gaap-ci:NonOperatingExpensesInvestmentLoss contextRef="From20100101To20101231" decimals="-3" unitRef="TWD">4479000</tw-gaap-ci:NonOperatingExpensesInvestmentLoss>
	<tw-gaap-ci:NonOperatingExpensesInvestmentLoss contextRef="From20090101To20091231" decimals="-3" unitRef="TWD">12567000</tw-gaap-ci:NonOperatingExpensesInvestmentLoss>
	<tw-gaap-ci:MiscellaneousDisbursements contextRef="From20100101To20101231" decimals="-3" unitRef="TWD">1190000</tw-gaap-ci:MiscellaneousDisbursements>
	<tw-gaap-ci:MiscellaneousDisbursements contextRef="From20090101To20091231" decimals="-3" unitRef="TWD">5371000</tw-gaap-ci:MiscellaneousDisbursements>
	<tw-gaap-ci:NonOperatingExpenses contextRef="From20100101To20101231" decimals="-3" unitRef="TWD">7720000</tw-gaap-ci:NonOperatingExpenses>
	<tw-gaap-ci:NonOperatingExpenses contextRef="From20090101To20091231" decimals="-3" unitRef="TWD">19565000</tw-gaap-ci:NonOperatingExpenses>
	<tw-gaap-ci:IncomeContinuingOperationsBeforeIncomeTax contextRef="From20100101To20101231" decimals="-3" unitRef="TWD">185901000</tw-gaap-ci:IncomeContinuingOperationsBeforeIncomeTax>
	<tw-gaap-ci:IncomeContinuingOperationsBeforeIncomeTax contextRef="From20090101To20091231" decimals="-3" unitRef="TWD">170374000</tw-gaap-ci:IncomeContinuingOperationsBeforeIncomeTax>
	<tw-gaap-ci:IncomeTaxExpenseBenefit contextRef="From20100101To20101231" decimals="-3" unitRef="TWD">40811000</tw-gaap-ci:IncomeTaxExpenseBenefit>
	<tw-gaap-ci:IncomeTaxExpenseBenefit contextRef="From20090101To20091231" decimals="-3" unitRef="TWD">-2862000</tw-gaap-ci:IncomeTaxExpenseBenefit>
	<tw-gaap-ci:IncomeContinuingOperations contextRef="From20100101To20101231" decimals="-3" unitRef="TWD">145090000</tw-gaap-ci:IncomeContinuingOperations>
	<tw-gaap-ci:IncomeContinuingOperations contextRef="From20090101To20091231" decimals="-3" unitRef="TWD">173236000</tw-gaap-ci:IncomeContinuingOperations>
	<tw-gaap-ci:NetIncomeLoss contextRef="From20100101To20101231" decimals="-3" unitRef="TWD">145090000</tw-gaap-ci:NetIncomeLoss>
	<tw-gaap-ci:NetIncomeLoss contextRef="From20090101To20091231" decimals="-3" unitRef="TWD">173236000</tw-gaap-ci:NetIncomeLoss>
	<tw-gaap-ci:PrimaryEarningsPerShareIncomeLossContinuingOperations contextRef="From20100101To20101231" decimals="2" unitRef="TWD">1.58</tw-gaap-ci:PrimaryEarningsPerShareIncomeLossContinuingOperations>
	<tw-gaap-ci:PrimaryEarningsPerShareIncomeLossContinuingOperations contextRef="From20090101To20091231" decimals="2" unitRef="TWD">1.88</tw-gaap-ci:PrimaryEarningsPerShareIncomeLossContinuingOperations>
	<tw-gaap-ci:PrimaryEarningsPerShare contextRef="From20100101To20101231" decimals="2" unitRef="TWD">1.58</tw-gaap-ci:PrimaryEarningsPerShare>
	<tw-gaap-ci:PrimaryEarningsPerShare contextRef="From20090101To20091231" decimals="2" unitRef="TWD">1.88</tw-gaap-ci:PrimaryEarningsPerShare>
	<tw-gaap-ci:NetIncomeLoss_StatementCashFlows contextRef="From20100101To20101231" decimals="-3" unitRef="TWD">145090000</tw-gaap-ci:NetIncomeLoss_StatementCashFlows>
	<tw-gaap-ci:NetIncomeLoss_StatementCashFlows contextRef="From20090101To20091231" decimals="-3" unitRef="TWD">173236000</tw-gaap-ci:NetIncomeLoss_StatementCashFlows>
	<tw-gaap-ci:AdjustmentsReconcileNetIncomeNetCashProvidedUsedOperatingActivities contextRef="From20100101To20101231" decimals="-3" unitRef="TWD">107491000</tw-gaap-ci:AdjustmentsReconcileNetIncomeNetCashProvidedUsedOperatingActivities>
	<tw-gaap-ci:AdjustmentsReconcileNetIncomeNetCashProvidedUsedOperatingActivities contextRef="From20090101To20091231" decimals="-3" unitRef="TWD">110990000</tw-gaap-ci:AdjustmentsReconcileNetIncomeNetCashProvidedUsedOperatingActivities>
	<tw-gaap-ci:ChangesOperatingAssets contextRef="From20100101To20101231" decimals="-3" unitRef="TWD">-152177000</tw-gaap-ci:ChangesOperatingAssets>
	<tw-gaap-ci:ChangesOperatingAssets contextRef="From20090101To20091231" decimals="-3" unitRef="TWD">52108000</tw-gaap-ci:ChangesOperatingAssets>
	<tw-gaap-ci:ChangesOperatingLiabilities contextRef="From20100101To20101231" decimals="-3" unitRef="TWD">94520000</tw-gaap-ci:ChangesOperatingLiabilities>
	<tw-gaap-ci:ChangesOperatingLiabilities contextRef="From20090101To20091231" decimals="-3" unitRef="TWD">-68796000</tw-gaap-ci:ChangesOperatingLiabilities>
	<tw-gaap-ci:ChangesOperatingAssetsLiabilities contextRef="From20100101To20101231" decimals="-3" unitRef="TWD">-57657000</tw-gaap-ci:ChangesOperatingAssetsLiabilities>
	<tw-gaap-ci:ChangesOperatingAssetsLiabilities contextRef="From20090101To20091231" decimals="-3" unitRef="TWD">-16688000</tw-gaap-ci:ChangesOperatingAssetsLiabilities>
	<tw-gaap-ci:NetCashProvidedUsedOperatingActivities contextRef="From20100101To20101231" decimals="-3" unitRef="TWD">194924000</tw-gaap-ci:NetCashProvidedUsedOperatingActivities>
	<tw-gaap-ci:NetCashProvidedUsedOperatingActivities contextRef="From20090101To20091231" decimals="-3" unitRef="TWD">267538000</tw-gaap-ci:NetCashProvidedUsedOperatingActivities>
	<tw-gaap-ci:AcquisitionFinancialAssetsCarriedCost contextRef="From20100101To20101231" decimals="-3" unitRef="TWD">0</tw-gaap-ci:AcquisitionFinancialAssetsCarriedCost>
	<tw-gaap-ci:AcquisitionFinancialAssetsCarriedCost contextRef="From20090101To20091231" decimals="-3" unitRef="TWD">-1148000</tw-gaap-ci:AcquisitionFinancialAssetsCarriedCost>
	<tw-gaap-ci:AcquisitionPropertyPlantEquipment contextRef="From20100101To20101231" decimals="-3" unitRef="TWD">-264762000</tw-gaap-ci:AcquisitionPropertyPlantEquipment>
	<tw-gaap-ci:AcquisitionPropertyPlantEquipment contextRef="From20090101To20091231" decimals="-3" unitRef="TWD">-169111000</tw-gaap-ci:AcquisitionPropertyPlantEquipment>
	<tw-gaap-ci:ProceedsDisposalPropertyPlantEquipment contextRef="From20100101To20101231" decimals="-3" unitRef="TWD">405000</tw-gaap-ci:ProceedsDisposalPropertyPlantEquipment>
	<tw-gaap-ci:ProceedsDisposalPropertyPlantEquipment contextRef="From20090101To20091231" decimals="-3" unitRef="TWD">1168000</tw-gaap-ci:ProceedsDisposalPropertyPlantEquipment>
	<tw-gaap-ci:ChangesRefundableDeposits contextRef="From20100101To20101231" decimals="-3" unitRef="TWD">580000</tw-gaap-ci:ChangesRefundableDeposits>
	<tw-gaap-ci:ChangesRefundableDeposits contextRef="From20090101To20091231" decimals="-3" unitRef="TWD">990000</tw-gaap-ci:ChangesRefundableDeposits>
	<tw-gaap-ci:IncreaseDeferredCharges contextRef="From20100101To20101231" decimals="-3" unitRef="TWD">-6328000</tw-gaap-ci:IncreaseDeferredCharges>
	<tw-gaap-ci:IncreaseDeferredCharges contextRef="From20090101To20091231" decimals="-3" unitRef="TWD">-9273000</tw-gaap-ci:IncreaseDeferredCharges>
	<tw-gaap-ci:NetCashProvidedUsedInvestingActivities contextRef="From20100101To20101231" decimals="-3" unitRef="TWD">-270105000</tw-gaap-ci:NetCashProvidedUsedInvestingActivities>
	<tw-gaap-ci:NetCashProvidedUsedInvestingActivities contextRef="From20090101To20091231" decimals="-3" unitRef="TWD">-177374000</tw-gaap-ci:NetCashProvidedUsedInvestingActivities>
	<tw-gaap-ci:ChangesShortTermLoans contextRef="From20100101To20101231" decimals="-3" unitRef="TWD">138491000</tw-gaap-ci:ChangesShortTermLoans>
	<tw-gaap-ci:ChangesShortTermLoans contextRef="From20090101To20091231" decimals="-3" unitRef="TWD">-46609000</tw-gaap-ci:ChangesShortTermLoans>
	<tw-gaap-ci:ChangeShorttermNotesBillsPayable contextRef="From20100101To20101231" decimals="-3" unitRef="TWD">40024000</tw-gaap-ci:ChangeShorttermNotesBillsPayable>
	<tw-gaap-ci:ChangeShorttermNotesBillsPayable contextRef="From20090101To20091231" decimals="-3" unitRef="TWD">39995000</tw-gaap-ci:ChangeShorttermNotesBillsPayable>
	<tw-gaap-ci:ChangesGuaranteeDepositsReceived contextRef="From20100101To20101231" decimals="-3" unitRef="TWD">9430000</tw-gaap-ci:ChangesGuaranteeDepositsReceived>
	<tw-gaap-ci:ChangesGuaranteeDepositsReceived contextRef="From20090101To20091231" decimals="-3" unitRef="TWD">7985000</tw-gaap-ci:ChangesGuaranteeDepositsReceived>
	<tw-gaap-ci:CashDividends contextRef="From20100101To20101231" decimals="-3" unitRef="TWD">-85232000</tw-gaap-ci:CashDividends>
	<tw-gaap-ci:CashDividends contextRef="From20090101To20091231" decimals="-3" unitRef="TWD">-85231000</tw-gaap-ci:CashDividends>
	<tw-gaap-ci:NetCashProvidedUsedFinancingActivities contextRef="From20100101To20101231" decimals="-3" unitRef="TWD">102713000</tw-gaap-ci:NetCashProvidedUsedFinancingActivities>
	<tw-gaap-ci:NetCashProvidedUsedFinancingActivities contextRef="From20090101To20091231" decimals="-3" unitRef="TWD">-83860000</tw-gaap-ci:NetCashProvidedUsedFinancingActivities>
	<tw-gaap-ci:EffectExchangeRateChanges contextRef="From20100101To20101231" decimals="-3" unitRef="TWD">-571000</tw-gaap-ci:EffectExchangeRateChanges>
	<tw-gaap-ci:EffectExchangeRateChanges contextRef="From20090101To20091231" decimals="-3" unitRef="TWD">-2170000</tw-gaap-ci:EffectExchangeRateChanges>
	<tw-gaap-ci:NetChangesCashCashEquivalents contextRef="From20100101To20101231" decimals="-3" unitRef="TWD">26961000</tw-gaap-ci:NetChangesCashCashEquivalents>
	<tw-gaap-ci:NetChangesCashCashEquivalents contextRef="From20090101To20091231" decimals="-3" unitRef="TWD">4134000</tw-gaap-ci:NetChangesCashCashEquivalents>
	<tw-gaap-ci:CashCashEquivalents contextRef="AsOf20100101" decimals="-3" unitRef="TWD">59406000</tw-gaap-ci:CashCashEquivalents>
	<tw-gaap-ci:CashCashEquivalents contextRef="AsOf20090101" decimals="-3" unitRef="TWD">55272000</tw-gaap-ci:CashCashEquivalents>
	<tw-gaap-ci:InterestPaidExcludingCapitalizedInterest contextRef="From20100101To20101231" decimals="-3" unitRef="TWD">2003000</tw-gaap-ci:InterestPaidExcludingCapitalizedInterest>
	<tw-gaap-ci:InterestPaidExcludingCapitalizedInterest contextRef="From20090101To20091231" decimals="-3" unitRef="TWD">1864000</tw-gaap-ci:InterestPaidExcludingCapitalizedInterest>
	<tw-gaap-ci:IncomeTaxPaid contextRef="From20100101To20101231" decimals="-3" unitRef="TWD">1217000</tw-gaap-ci:IncomeTaxPaid>
	<tw-gaap-ci:IncomeTaxPaid contextRef="From20090101To20091231" decimals="-3" unitRef="TWD">18789000</tw-gaap-ci:IncomeTaxPaid>
	<tw-gaap-ci:IncreasePropertyPlantEquipment contextRef="From20100101To20101231" decimals="-3" unitRef="TWD">276793000</tw-gaap-ci:IncreasePropertyPlantEquipment>
	<tw-gaap-ci:IncreasePropertyPlantEquipment contextRef="From20090101To20091231" decimals="-3" unitRef="TWD">170527000</tw-gaap-ci:IncreasePropertyPlantEquipment>
	<tw-gaap-ci:ChangesPayableEquipmentPurchased contextRef="From20100101To20101231" decimals="-3" unitRef="TWD">-12031000</tw-gaap-ci:ChangesPayableEquipmentPurchased>
	<tw-gaap-ci:ChangesPayableEquipmentPurchased contextRef="From20090101To20091231" decimals="-3" unitRef="TWD">-1416000</tw-gaap-ci:ChangesPayableEquipmentPurchased>
	<tw-gaap-ci:CashPaidAcquisitionPropertyPlantEquipment contextRef="From20100101To20101231" decimals="-3" unitRef="TWD">264762000</tw-gaap-ci:CashPaidAcquisitionPropertyPlantEquipment>
	<tw-gaap-ci:CashPaidAcquisitionPropertyPlantEquipment contextRef="From20090101To20091231" decimals="-3" unitRef="TWD">169111000</tw-gaap-ci:CashPaidAcquisitionPropertyPlantEquipment>
	<tw-gaap-ci:BeginningBalanceMember contextRef="AsOf20101231_CommonStockValueMember" decimals="-3" unitRef="TWD">852312000</tw-gaap-ci:BeginningBalanceMember>
	<tw-gaap-ci:BeginningBalanceMember contextRef="AsOf20101231_CapitalStockMember" decimals="-3" unitRef="TWD">852312000</tw-gaap-ci:BeginningBalanceMember>
	<tw-gaap-ci:BeginningBalanceMember contextRef="AsOf20101231_CapitalSurplusMember" decimals="-3" unitRef="TWD">33396000</tw-gaap-ci:BeginningBalanceMember>
	<tw-gaap-ci:BeginningBalanceMember contextRef="AsOf20101231_LegalReserveMember" decimals="-3" unitRef="TWD">138135000</tw-gaap-ci:BeginningBalanceMember>
	<tw-gaap-ci:BeginningBalanceMember contextRef="AsOf20101231_UnappropriatedRetainedEarningsMember" decimals="-3" unitRef="TWD">237529000</tw-gaap-ci:BeginningBalanceMember>
	<tw-gaap-ci:BeginningBalanceMember contextRef="AsOf20101231_RetainedEarningsMember" decimals="-3" unitRef="TWD">375664000</tw-gaap-ci:BeginningBalanceMember>
	<tw-gaap-ci:BeginningBalanceMember contextRef="AsOf20101231_CumulativeTranslationAdjustmentsMember" decimals="-3" unitRef="TWD">25034000</tw-gaap-ci:BeginningBalanceMember>
	<tw-gaap-ci:BeginningBalanceMember contextRef="AsOf20101231_NetLossNotRecognizedPensionCostMember" decimals="-3" unitRef="TWD">-22195000</tw-gaap-ci:BeginningBalanceMember>
	<tw-gaap-ci:BeginningBalanceMember contextRef="AsOf20101231_StockholdersEquitiesAdjustmentsMember" decimals="-3" unitRef="TWD">2839000</tw-gaap-ci:BeginningBalanceMember>
	<tw-gaap-ci:BeginningBalanceMember contextRef="AsOf20101231_TotalStockholdersEquitiesMember" decimals="-3" unitRef="TWD">1264211000</tw-gaap-ci:BeginningBalanceMember>
	<tw-gaap-ci:NetIncomeLossMember contextRef="From20100101To20101231_UnappropriatedRetainedEarningsMember" decimals="-3" unitRef="TWD">145090000</tw-gaap-ci:NetIncomeLossMember>
	<tw-gaap-ci:NetIncomeLossMember contextRef="From20100101To20101231_RetainedEarningsMember" decimals="-3" unitRef="TWD">145090000</tw-gaap-ci:NetIncomeLossMember>
	<tw-gaap-ci:NetIncomeLossMember contextRef="From20100101To20101231_TotalStockholdersEquitiesMember" decimals="-3" unitRef="TWD">145090000</tw-gaap-ci:NetIncomeLossMember>
	<tw-gaap-ci:LegalReserveAppropriatedMember contextRef="From20100101To20101231_LegalReserveMember" decimals="-3" unitRef="TWD">17324000</tw-gaap-ci:LegalReserveAppropriatedMember>
	<tw-gaap-ci:LegalReserveAppropriatedMember contextRef="From20100101To20101231_UnappropriatedRetainedEarningsMember" decimals="-3" unitRef="TWD">-17324000</tw-gaap-ci:LegalReserveAppropriatedMember>
	<tw-gaap-ci:LegalReserveAppropriatedMember contextRef="From20100101To20101231_RetainedEarningsMember" decimals="-3" unitRef="TWD">0</tw-gaap-ci:LegalReserveAppropriatedMember>
	<tw-gaap-ci:LegalReserveAppropriatedMember contextRef="From20100101To20101231_TotalStockholdersEquitiesMember" decimals="-3" unitRef="TWD">0</tw-gaap-ci:LegalReserveAppropriatedMember>
	<tw-gaap-ci:CashDividendsCommonStockMember contextRef="From20100101To20101231_UnappropriatedRetainedEarningsMember" decimals="-3" unitRef="TWD">-85232000</tw-gaap-ci:CashDividendsCommonStockMember>
	<tw-gaap-ci:CashDividendsCommonStockMember contextRef="From20100101To20101231_RetainedEarningsMember" decimals="-3" unitRef="TWD">-85232000</tw-gaap-ci:CashDividendsCommonStockMember>
	<tw-gaap-ci:CashDividendsCommonStockMember contextRef="From20100101To20101231_TotalStockholdersEquitiesMember" decimals="-3" unitRef="TWD">-85232000</tw-gaap-ci:CashDividendsCommonStockMember>
	<tw-gaap-ci:RetainedEarningsTransferredCapitalMember contextRef="From20100101To20101231_CommonStockValueMember" decimals="-3" unitRef="TWD">68185000</tw-gaap-ci:RetainedEarningsTransferredCapitalMember>
	<tw-gaap-ci:RetainedEarningsTransferredCapitalMember contextRef="From20100101To20101231_CapitalStockMember" decimals="-3" unitRef="TWD">68185000</tw-gaap-ci:RetainedEarningsTransferredCapitalMember>
	<tw-gaap-ci:RetainedEarningsTransferredCapitalMember contextRef="From20100101To20101231_LegalReserveMember" decimals="-3" unitRef="TWD">0</tw-gaap-ci:RetainedEarningsTransferredCapitalMember>
	<tw-gaap-ci:RetainedEarningsTransferredCapitalMember contextRef="From20100101To20101231_UnappropriatedRetainedEarningsMember" decimals="-3" unitRef="TWD">-68185000</tw-gaap-ci:RetainedEarningsTransferredCapitalMember>
	<tw-gaap-ci:RetainedEarningsTransferredCapitalMember contextRef="From20100101To20101231_RetainedEarningsMember" decimals="-3" unitRef="TWD">-68185000</tw-gaap-ci:RetainedEarningsTransferredCapitalMember>
	<tw-gaap-ci:RetainedEarningsTransferredCapitalMember contextRef="From20100101To20101231_TotalStockholdersEquitiesMember" decimals="-3" unitRef="TWD">0</tw-gaap-ci:RetainedEarningsTransferredCapitalMember>
	<tw-gaap-ci:ChangesNetLossNotRecognizedPensionCostMember contextRef="From20100101To20101231_NetLossNotRecognizedPensionCostMember" decimals="-3" unitRef="TWD">955000</tw-gaap-ci:ChangesNetLossNotRecognizedPensionCostMember>
	<tw-gaap-ci:ChangesNetLossNotRecognizedPensionCostMember contextRef="From20100101To20101231_StockholdersEquitiesAdjustmentsMember" decimals="-3" unitRef="TWD">955000</tw-gaap-ci:ChangesNetLossNotRecognizedPensionCostMember>
	<tw-gaap-ci:ChangesNetLossNotRecognizedPensionCostMember contextRef="From20100101To20101231_TotalStockholdersEquitiesMember" decimals="-3" unitRef="TWD">955000</tw-gaap-ci:ChangesNetLossNotRecognizedPensionCostMember>
	<tw-gaap-ci:OthersMember contextRef="From20100101To20101231_CommonStockValueMember" decimals="-3" unitRef="TWD">0</tw-gaap-ci:OthersMember>
	<tw-gaap-ci:OthersMember contextRef="From20100101To20101231_CapitalStockMember" decimals="-3" unitRef="TWD">0</tw-gaap-ci:OthersMember>
	<tw-gaap-ci:OthersMember contextRef="From20100101To20101231_CapitalSurplusMember" decimals="-3" unitRef="TWD">0</tw-gaap-ci:OthersMember>
	<tw-gaap-ci:OthersMember contextRef="From20100101To20101231_LegalReserveMember" decimals="-3" unitRef="TWD">0</tw-gaap-ci:OthersMember>
	<tw-gaap-ci:OthersMember contextRef="From20100101To20101231_UnappropriatedRetainedEarningsMember" decimals="-3" unitRef="TWD">0</tw-gaap-ci:OthersMember>
	<tw-gaap-ci:OthersMember contextRef="From20100101To20101231_RetainedEarningsMember" decimals="-3" unitRef="TWD">0</tw-gaap-ci:OthersMember>
	<tw-gaap-ci:OthersMember contextRef="From20100101To20101231_CumulativeTranslationAdjustmentsMember" decimals="-3" unitRef="TWD">-9584000</tw-gaap-ci:OthersMember>
	<tw-gaap-ci:OthersMember contextRef="From20100101To20101231_NetLossNotRecognizedPensionCostMember" decimals="-3" unitRef="TWD">0</tw-gaap-ci:OthersMember>
	<tw-gaap-ci:OthersMember contextRef="From20100101To20101231_StockholdersEquitiesAdjustmentsMember" decimals="-3" unitRef="TWD">-9584000</tw-gaap-ci:OthersMember>
	<tw-gaap-ci:OthersMember contextRef="From20100101To20101231_TotalStockholdersEquitiesMember" decimals="-3" unitRef="TWD">-9584000</tw-gaap-ci:OthersMember>
	<tw-gaap-ci:ChangesMember contextRef="From20100101To20101231_CommonStockValueMember" decimals="-3" unitRef="TWD">68185000</tw-gaap-ci:ChangesMember>
	<tw-gaap-ci:ChangesMember contextRef="From20100101To20101231_CapitalStockMember" decimals="-3" unitRef="TWD">68185000</tw-gaap-ci:ChangesMember>
	<tw-gaap-ci:ChangesMember contextRef="From20100101To20101231_CapitalSurplusMember" decimals="-3" unitRef="TWD">0</tw-gaap-ci:ChangesMember>
	<tw-gaap-ci:ChangesMember contextRef="From20100101To20101231_LegalReserveMember" decimals="-3" unitRef="TWD">17324000</tw-gaap-ci:ChangesMember>
	<tw-gaap-ci:ChangesMember contextRef="From20100101To20101231_UnappropriatedRetainedEarningsMember" decimals="-3" unitRef="TWD">-25651000</tw-gaap-ci:ChangesMember>
	<tw-gaap-ci:ChangesMember contextRef="From20100101To20101231_RetainedEarningsMember" decimals="-3" unitRef="TWD">-8327000</tw-gaap-ci:ChangesMember>
	<tw-gaap-ci:ChangesMember contextRef="From20100101To20101231_CumulativeTranslationAdjustmentsMember" decimals="-3" unitRef="TWD">-9584000</tw-gaap-ci:ChangesMember>
	<tw-gaap-ci:ChangesMember contextRef="From20100101To20101231_NetLossNotRecognizedPensionCostMember" decimals="-3" unitRef="TWD">955000</tw-gaap-ci:ChangesMember>
	<tw-gaap-ci:ChangesMember contextRef="From20100101To20101231_StockholdersEquitiesAdjustmentsMember" decimals="-3" unitRef="TWD">-8629000</tw-gaap-ci:ChangesMember>
	<tw-gaap-ci:ChangesMember contextRef="From20100101To20101231_TotalStockholdersEquitiesMember" decimals="-3" unitRef="TWD">51229000</tw-gaap-ci:ChangesMember>
	<tw-gaap-ci:EndYear contextRef="AsOf20101231_CommonStockValueMember" decimals="-3" unitRef="TWD">920497000</tw-gaap-ci:EndYear>
	<tw-gaap-ci:EndYear contextRef="AsOf20101231_CapitalStockMember" decimals="-3" unitRef="TWD">920497000</tw-gaap-ci:EndYear>
	<tw-gaap-ci:EndYear contextRef="AsOf20101231_CapitalSurplusMember" decimals="-3" unitRef="TWD">33396000</tw-gaap-ci:EndYear>
	<tw-gaap-ci:EndYear contextRef="AsOf20101231_LegalReserveMember" decimals="-3" unitRef="TWD">155459000</tw-gaap-ci:EndYear>
	<tw-gaap-ci:EndYear contextRef="AsOf20101231_UnappropriatedRetainedEarningsMember" decimals="-3" unitRef="TWD">211878000</tw-gaap-ci:EndYear>
	<tw-gaap-ci:EndYear contextRef="AsOf20101231_RetainedEarningsMember" decimals="-3" unitRef="TWD">367337000</tw-gaap-ci:EndYear>
	<tw-gaap-ci:EndYear contextRef="AsOf20101231_CumulativeTranslationAdjustmentsMember" decimals="-3" unitRef="TWD">15450000</tw-gaap-ci:EndYear>
	<tw-gaap-ci:EndYear contextRef="AsOf20101231_NetLossNotRecognizedPensionCostMember" decimals="-3" unitRef="TWD">-21240000</tw-gaap-ci:EndYear>
	<tw-gaap-ci:EndYear contextRef="AsOf20101231_StockholdersEquitiesAdjustmentsMember" decimals="-3" unitRef="TWD">-5790000</tw-gaap-ci:EndYear>
	<tw-gaap-ci:EndYear contextRef="AsOf20101231_TotalStockholdersEquitiesMember" decimals="-3" unitRef="TWD">1315440000</tw-gaap-ci:EndYear>
	<tw-gaap-ci:BeginningBalanceMember contextRef="AsOf20091231_CommonStockValueMember" decimals="-3" unitRef="TWD">852312000</tw-gaap-ci:BeginningBalanceMember>
	<tw-gaap-ci:BeginningBalanceMember contextRef="AsOf20091231_CapitalStockMember" decimals="-3" unitRef="TWD">852312000</tw-gaap-ci:BeginningBalanceMember>
	<tw-gaap-ci:BeginningBalanceMember contextRef="AsOf20091231_CapitalSurplusMember" decimals="-3" unitRef="TWD">33396000</tw-gaap-ci:BeginningBalanceMember>
	<tw-gaap-ci:BeginningBalanceMember contextRef="AsOf20091231_LegalReserveMember" decimals="-3" unitRef="TWD">124912000</tw-gaap-ci:BeginningBalanceMember>
	<tw-gaap-ci:BeginningBalanceMember contextRef="AsOf20091231_UnappropriatedRetainedEarningsMember" decimals="-3" unitRef="TWD">162747000</tw-gaap-ci:BeginningBalanceMember>
	<tw-gaap-ci:BeginningBalanceMember contextRef="AsOf20091231_RetainedEarningsMember" decimals="-3" unitRef="TWD">287659000</tw-gaap-ci:BeginningBalanceMember>
	<tw-gaap-ci:BeginningBalanceMember contextRef="AsOf20091231_CumulativeTranslationAdjustmentsMember" decimals="-3" unitRef="TWD">29290000</tw-gaap-ci:BeginningBalanceMember>
	<tw-gaap-ci:BeginningBalanceMember contextRef="AsOf20091231_NetLossNotRecognizedPensionCostMember" decimals="-3" unitRef="TWD">0</tw-gaap-ci:BeginningBalanceMember>
	<tw-gaap-ci:BeginningBalanceMember contextRef="AsOf20091231_StockholdersEquitiesAdjustmentsMember" decimals="-3" unitRef="TWD">29290000</tw-gaap-ci:BeginningBalanceMember>
	<tw-gaap-ci:BeginningBalanceMember contextRef="AsOf20091231_TotalStockholdersEquitiesMember" decimals="-3" unitRef="TWD">1202657000</tw-gaap-ci:BeginningBalanceMember>
	<tw-gaap-ci:NetIncomeLossMember contextRef="From20090101To20091231_UnappropriatedRetainedEarningsMember" decimals="-3" unitRef="TWD">173236000</tw-gaap-ci:NetIncomeLossMember>
	<tw-gaap-ci:NetIncomeLossMember contextRef="From20090101To20091231_RetainedEarningsMember" decimals="-3" unitRef="TWD">173236000</tw-gaap-ci:NetIncomeLossMember>
	<tw-gaap-ci:NetIncomeLossMember contextRef="From20090101To20091231_TotalStockholdersEquitiesMember" decimals="-3" unitRef="TWD">173236000</tw-gaap-ci:NetIncomeLossMember>
	<tw-gaap-ci:LegalReserveAppropriatedMember contextRef="From20090101To20091231_LegalReserveMember" decimals="-3" unitRef="TWD">13223000</tw-gaap-ci:LegalReserveAppropriatedMember>
	<tw-gaap-ci:LegalReserveAppropriatedMember contextRef="From20090101To20091231_UnappropriatedRetainedEarningsMember" decimals="-3" unitRef="TWD">-13223000</tw-gaap-ci:LegalReserveAppropriatedMember>
	<tw-gaap-ci:LegalReserveAppropriatedMember contextRef="From20090101To20091231_RetainedEarningsMember" decimals="-3" unitRef="TWD">0</tw-gaap-ci:LegalReserveAppropriatedMember>
	<tw-gaap-ci:LegalReserveAppropriatedMember contextRef="From20090101To20091231_TotalStockholdersEquitiesMember" decimals="-3" unitRef="TWD">0</tw-gaap-ci:LegalReserveAppropriatedMember>
	<tw-gaap-ci:CashDividendsCommonStockMember contextRef="From20090101To20091231_UnappropriatedRetainedEarningsMember" decimals="-3" unitRef="TWD">-85231000</tw-gaap-ci:CashDividendsCommonStockMember>
	<tw-gaap-ci:CashDividendsCommonStockMember contextRef="From20090101To20091231_RetainedEarningsMember" decimals="-3" unitRef="TWD">-85231000</tw-gaap-ci:CashDividendsCommonStockMember>
	<tw-gaap-ci:CashDividendsCommonStockMember contextRef="From20090101To20091231_TotalStockholdersEquitiesMember" decimals="-3" unitRef="TWD">-85231000</tw-gaap-ci:CashDividendsCommonStockMember>
	<tw-gaap-ci:ChangesNetLossNotRecognizedPensionCostMember contextRef="From20090101To20091231_NetLossNotRecognizedPensionCostMember" decimals="-3" unitRef="TWD">-22195000</tw-gaap-ci:ChangesNetLossNotRecognizedPensionCostMember>
	<tw-gaap-ci:ChangesNetLossNotRecognizedPensionCostMember contextRef="From20090101To20091231_StockholdersEquitiesAdjustmentsMember" decimals="-3" unitRef="TWD">-22195000</tw-gaap-ci:ChangesNetLossNotRecognizedPensionCostMember>
	<tw-gaap-ci:ChangesNetLossNotRecognizedPensionCostMember contextRef="From20090101To20091231_TotalStockholdersEquitiesMember" decimals="-3" unitRef="TWD">-22195000</tw-gaap-ci:ChangesNetLossNotRecognizedPensionCostMember>
	<tw-gaap-ci:OthersMember contextRef="From20090101To20091231_CommonStockValueMember" decimals="-3" unitRef="TWD">0</tw-gaap-ci:OthersMember>
	<tw-gaap-ci:OthersMember contextRef="From20090101To20091231_CapitalStockMember" decimals="-3" unitRef="TWD">0</tw-gaap-ci:OthersMember>
	<tw-gaap-ci:OthersMember contextRef="From20090101To20091231_CapitalSurplusMember" decimals="-3" unitRef="TWD">0</tw-gaap-ci:OthersMember>
	<tw-gaap-ci:OthersMember contextRef="From20090101To20091231_LegalReserveMember" decimals="-3" unitRef="TWD">0</tw-gaap-ci:OthersMember>
	<tw-gaap-ci:OthersMember contextRef="From20090101To20091231_UnappropriatedRetainedEarningsMember" decimals="-3" unitRef="TWD">0</tw-gaap-ci:OthersMember>
	<tw-gaap-ci:OthersMember contextRef="From20090101To20091231_RetainedEarningsMember" decimals="-3" unitRef="TWD">0</tw-gaap-ci:OthersMember>
	<tw-gaap-ci:OthersMember contextRef="From20090101To20091231_CumulativeTranslationAdjustmentsMember" decimals="-3" unitRef="TWD">-4256000</tw-gaap-ci:OthersMember>
	<tw-gaap-ci:OthersMember contextRef="From20090101To20091231_NetLossNotRecognizedPensionCostMember" decimals="-3" unitRef="TWD">0</tw-gaap-ci:OthersMember>
	<tw-gaap-ci:OthersMember contextRef="From20090101To20091231_StockholdersEquitiesAdjustmentsMember" decimals="-3" unitRef="TWD">-4256000</tw-gaap-ci:OthersMember>
	<tw-gaap-ci:OthersMember contextRef="From20090101To20091231_TotalStockholdersEquitiesMember" decimals="-3" unitRef="TWD">-4256000</tw-gaap-ci:OthersMember>
	<tw-gaap-ci:ChangesMember contextRef="From20090101To20091231_CommonStockValueMember" decimals="-3" unitRef="TWD">0</tw-gaap-ci:ChangesMember>
	<tw-gaap-ci:ChangesMember contextRef="From20090101To20091231_CapitalStockMember" decimals="-3" unitRef="TWD">0</tw-gaap-ci:ChangesMember>
	<tw-gaap-ci:ChangesMember contextRef="From20090101To20091231_CapitalSurplusMember" decimals="-3" unitRef="TWD">0</tw-gaap-ci:ChangesMember>
	<tw-gaap-ci:ChangesMember contextRef="From20090101To20091231_LegalReserveMember" decimals="-3" unitRef="TWD">13223000</tw-gaap-ci:ChangesMember>
	<tw-gaap-ci:ChangesMember contextRef="From20090101To20091231_UnappropriatedRetainedEarningsMember" decimals="-3" unitRef="TWD">74782000</tw-gaap-ci:ChangesMember>
	<tw-gaap-ci:ChangesMember contextRef="From20090101To20091231_RetainedEarningsMember" decimals="-3" unitRef="TWD">88005000</tw-gaap-ci:ChangesMember>
	<tw-gaap-ci:ChangesMember contextRef="From20090101To20091231_CumulativeTranslationAdjustmentsMember" decimals="-3" unitRef="TWD">-4256000</tw-gaap-ci:ChangesMember>
	<tw-gaap-ci:ChangesMember contextRef="From20090101To20091231_NetLossNotRecognizedPensionCostMember" decimals="-3" unitRef="TWD">-22195000</tw-gaap-ci:ChangesMember>
	<tw-gaap-ci:ChangesMember contextRef="From20090101To20091231_StockholdersEquitiesAdjustmentsMember" decimals="-3" unitRef="TWD">-26451000</tw-gaap-ci:ChangesMember>
	<tw-gaap-ci:ChangesMember contextRef="From20090101To20091231_TotalStockholdersEquitiesMember" decimals="-3" unitRef="TWD">61554000</tw-gaap-ci:ChangesMember>
	<tw-gaap-ci:EndYear contextRef="AsOf20091231_CommonStockValueMember" decimals="-3" unitRef="TWD">852312000</tw-gaap-ci:EndYear>
	<tw-gaap-ci:EndYear contextRef="AsOf20091231_CapitalStockMember" decimals="-3" unitRef="TWD">852312000</tw-gaap-ci:EndYear>
	<tw-gaap-ci:EndYear contextRef="AsOf20091231_CapitalSurplusMember" decimals="-3" unitRef="TWD">33396000</tw-gaap-ci:EndYear>
	<tw-gaap-ci:EndYear contextRef="AsOf20091231_LegalReserveMember" decimals="-3" unitRef="TWD">138135000</tw-gaap-ci:EndYear>
	<tw-gaap-ci:EndYear contextRef="AsOf20091231_UnappropriatedRetainedEarningsMember" decimals="-3" unitRef="TWD">237529000</tw-gaap-ci:EndYear>
	<tw-gaap-ci:EndYear contextRef="AsOf20091231_RetainedEarningsMember" decimals="-3" unitRef="TWD">375664000</tw-gaap-ci:EndYear>
	<tw-gaap-ci:EndYear contextRef="AsOf20091231_CumulativeTranslationAdjustmentsMember" decimals="-3" unitRef="TWD">25034000</tw-gaap-ci:EndYear>
	<tw-gaap-ci:EndYear contextRef="AsOf20091231_NetLossNotRecognizedPensionCostMember" decimals="-3" unitRef="TWD">-22195000</tw-gaap-ci:EndYear>
	<tw-gaap-ci:EndYear contextRef="AsOf20091231_StockholdersEquitiesAdjustmentsMember" decimals="-3" unitRef="TWD">2839000</tw-gaap-ci:EndYear>
	<tw-gaap-ci:EndYear contextRef="AsOf20091231_TotalStockholdersEquitiesMember" decimals="-3" unitRef="TWD">1264211000</tw-gaap-ci:EndYear>
	<tw-gaap-ar:AccountantName contextRef="AsOf20110221">安永聯合會計師事務所</tw-gaap-ar:AccountantName>
	<tw-gaap-ar:AssuranceAccountantName1 contextRef="AsOf20110221">鄭戊水</tw-gaap-ar:AssuranceAccountantName1>
	<tw-gaap-ar:AssuranceAccountantName2 contextRef="AsOf20110221">黃建澤</tw-gaap-ar:AssuranceAccountantName2>
	<tw-gaap-ar:ReviewAuditDate contextRef="AsOf20110221">2011-02-21</tw-gaap-ar:ReviewAuditDate>
	<tw-gaap-ar:AuditReport contextRef="AsOf20110221">Y</tw-gaap-ar:AuditReport>
	<tw-gaap-ar:UnqualifiedOpinionAbstract contextRef="AsOf20110221">Y</tw-gaap-ar:UnqualifiedOpinionAbstract>
	<tw-gaap-ar:DescriptionEmphasizeItemBody contextRef="AsOf20110221"><![CDATA[]]></tw-gaap-ar:DescriptionEmphasizeItemBody>
	<tw-gaap-ar:DescriptionOtherItemBody contextRef="AsOf20110221"><![CDATA[]]></tw-gaap-ar:DescriptionOtherItemBody>
	<tw-gaap-ar:AccountantsReportBody contextRef="AsOf20110221"><![CDATA[    宏亞食品股份有限公司民國九十九年十二月三十一日及民國九十八年十二月三十一日
之資產負債表，暨民國九十九年一月一日至十二月三十一日及民國九十八年一月一日至十
二月三十一日之損益表、股東權益變動表及現金流量表，業經本會計師查核竣事。上開財
務報表之編製係管理階層之責任，本會計師之責任則為根據查核結果對上開財務報表表示
意見。
    本會計師係依照會計師查核簽證財務報表規則暨一般公認審計準則規劃並執行查核工
作，以合理確信財務報表有無重大不實表達。此項查核工作包括以抽查方式獲取財務報表
所列金額及所揭露事項之查核證據、評估管理階層編製財務報表所採用之會計原則及所作
之重大會計估計，暨評估財務報表整體之表達。本會計師相信此項查核工作可對所表示之
意見提供合理之依據。 
    依本會計師之意見，第一段所述財務報表在所有重大方面係依照商業會計法，商業會
計處理準則中與財務會計準則相關規定、證券發行人財務報告編製準則暨一般公認會計原
則編製，足以允當表達宏亞食品股份有限公司民國九十九年十二月三十一日及民國九十八
年十二月三十一日之財務狀況，暨民國九十九年一月一日至十二月三十一日及民國九十八
年一月一日至十二月三十一日之經營成果與現金流量。
    宏亞食品股份有限公司以編製民國九十九年度及民國九十八年度之合併財務報表，並
經本會計師出具無保留意見之查核報告在案，備供參考。
]]></tw-gaap-ar:AccountantsReportBody>
	<tw-gaap-notes:FinancialReportNotes contextRef="From20100101To20101231"><![CDATA[http://doc.twse.com.tw/server-java/t57sb01?step=1&colorchg=1&co_id=1236&year=99&seamon=4&mtype=A&]]></tw-gaap-notes:FinancialReportNotes>
	<tw-gaap-notes:OrganizationAndOperations contextRef="From20100101To20101231"><![CDATA[宏亞食品股份有限公司〈以下簡稱本公司〉設立於民國65年6月14日，經多次增資後截至民國99年12月31日止，實收資本額為新台幣920,497千元，
主要營業項目為糖果、餅乾、巧克力、月餅、西點、麵包、糕餅等食品製造加工及買賣。

截至民國99年及98年12月31日止，本公司員工人數分別為741人及791人。
]]></tw-gaap-notes:OrganizationAndOperations>
	<tw-gaap-notes:SummaryOfSignificantAccountingPolicies contextRef="From20100101To20101231"><![CDATA[本公司之財務報表係依照商業會計法、商業會計處理準則中與財務會計準則之規定、證券發行人財務報告編製準則暨一般公認會計原則編製。重
要會計政策彙總說明如下：

1.資產與負債區分流動與非流動之標準

  流動資產為預期於一年內變現或耗用之資產，資產不屬於流動資產者為非流動資產。流動負債為將於一年內清償之負債，負債不屬於流動負債
  者為非流動負債。

2.現金及約當現金

  係指同時具備下列條件之短期且具高度流動性之投資：
  (1)隨時可轉換成定額現金者。
  (2)即將到期且利率變動對其價值之影響甚少者。

3.金融資產

  本公司依財務會計準則公報第34號「金融商品之會計處理準則」及證券發行人財務報告編製準則之規定將金融資產分類為公平價值變動列入損
  益之金融資產及以成本衡量之金融資產等兩類。金融資產於原始認列時以公平價值衡量，但非以公平價值衡量且公平價值變動認列為損益之金
  融資產，尚應加計取得或發行之交易成本。

  本公司依慣例交易購買或出售之金融資產，採交易日（即本公司決定購買或出售金融資產的日期）會計處理，慣例交易係指一項金融資產之購
  買或出售，其資產之交付期間係在市場慣例或法令規定之期間內者。

  (1)公平價值變動列入損益之金融資產

     本公司對於取得及發生之主要目的為短期內出售或再買回之交易目的金融資產及非避險工具之衍生性商品分類為公平價值變動列入損益之
     金融資產。

     續後評價係以公平價值衡量且公平價值變動認列於當期損益。上市(櫃)公司股票係以資產負債表日公開市場之收盤價為公平價值；開放型
     基金則按資產負債表日每單位受益憑證淨資產價值為公平價值。

  (2)以成本衡量之金融資產

     本公司依財務會計準則公報第34號「公融商品之會計處理」之規定，將無活絡巿場公開報價且無法可靠衡量公平價值之權益商品投資，包
     括未上市、未上櫃及興櫃股票，係分類至以成本衡量之金融資產。若有減損之客觀證據，則認列減損損失，此減損金額不予迴轉。

4.金融資產之除列

  本公司對於構成金融資產或部分金融資產之合約權利喪失控制時，即除列該金融資產或部分金融資產。當本公司移轉全部或部分金融資產且放
  棄對金融資產之控制時，於交換所收取對價之範圍內視為出售。

  當金融資產之移轉未符合喪失控制之條件時，本公司則視該移轉交易為擔保借款，再取得資產之權利非屬衍生性金融商品。


5.備抵呆帳

  就期末應收票據、應收帳款、催收款及其他應收款債權之帳齡分析及根據以往發生呆帳率經驗予以評估提列備抵呆帳。

6.存貨

  民國98年1月1日前，存貨於取得時以成本為入帳基礎，採永續盤存制。存貨之計價採加權平均法，期末按成本與市價孰低法評價。比較成本與
  市價孰低時，係採總額比較法，並以重置(製)成本或淨變現價值為市價。

  存貨若有瑕疵、損壞或陳廢等，致其價值顯著減低者，則以淨變現價值為評價基礎。

  自民國98年1月1日起，存貨係逐項以成本與淨變現價值孰低評價。

  為使存貨達到可供銷售或供生產之狀態及地點所產生之成本如下：

  原物料－以實際進貨成本，採加權平均法。

  在製品及製成品－包括直接原料、直接人工及製造費用。固定製造費用係以正常產能分攤。在製品及製成品採加權平均法。

  淨變現價值係指在正常情況下，估計售價減除至完工尚需投入之成本及銷售費用後之餘額。

7.採權益法之長期股權投資

  (1)持有被投資公司表決權股份比例達20%以上，或未達20%惟具有重大影響力者，採權益法評價。採用權益法評價之長期股權投資，如投資成
     本與按股權比例計算之被投資公司淨值若有差額，應比照財務會計準則公報第25號「企業合併－購買法之會計處理」有關收購成本分攤之
     步驟予以分析處理，其中屬於商譽部份不得攤銷。

  (2)被投資公司若增發股數時，若各股東非按比例認購或取得，致使投資比例發生變動，並因而使投資公司所投資之股權淨值發生增減者，其
     增減數應調整資本公積及採權益法之長期股權投資；前項調整如應借記資本公積，而帳上由採權益法之長期股權投資所產生之資本公積餘
     額不足時，其差額借記保留盈餘。

  (3)出售長期股權投資時，應以售價與該投資帳面價值值之差額，作為長期股權投資處分損益，帳上如有因長期股權投資所產生之資本公積或
     其他股東權益調整項目餘額時，應按出售比例轉列當期損益。

  (4)聯屬公司間交易：本公司與採權益法評價之被投資公司間交易及各子公司間交易所產生之損益，若尚未實現者，則予遞延，並於實現時再
     予認列；交易損益如屬折舊或攤銷性資產所產生者，依其效益年限逐年承認；其他類資產所產生者，於實現年度認列。

  (5)本公司合併財務報表編製係依財務會計準則公報第7號「合併財務報表」之規定，對由本公司直接或間接持有表決權股份超過50%以上者，
     或雖未超過50%但對其具有實質控制能力者，均編入合併財務報表。


8.固定資產及出租資產

  固定資產及出租資產係以取得成本為入帳基礎，重大之改良、添置及更新等足以延長資產使用年數或增加資產價值之支出，則以資本支出處理
  ；一般修理及維護支出，則以當年度費用處理。固定資產及出租資產報廢或出售時，其成本、重估增值及截至報廢或出售時之累計折舊及累計
  減損均自帳上轉銷。如有出售資產利益，列入當年度營業外收入，如有出售資產損失，則列為營業外支出。

  固定資產及出租資產折舊係按其成本，採直線法依行政院公布之「固定資產耐用年數表」規定之耐用年限計提。耐用年限屆滿仍繼續使用者，
  依屆滿日起估計尚可使用之耐用年限及殘值，採直線法繼續提列折舊。

  閒置未使用之固定資產，列為其他資產，以帳面價值與淨變現價值孰低為評價基礎，其相關之折舊費用列為營業外支出。

9.利息資本化

  購建固定資產期間有關之利息費用，依財務會計準則公報第3號「利息資本化會計處理準則」規定應資本化者，則將有關利息予以資本化，分
  別列為各有關之資產項下。此項資本化之利息費用，採該項資產之折舊方法，按該項資產之耐用年限予以提列折舊。

10.遞延費用

   主係裝修工程款，以取得成本入帳，並採直線法按3年攤提。

11.資產減損

   本公司於每一資產負債表日評估所有適用35號公報之資產是否有減損跡象，如有減損跡象，則進行減損測試，依公報規定以個別資產或資產
   所屬之現金產生單位進行測試。減損測試結果如資產（或資產所屬現金產生單位）之帳面價值大於可回收金額，則須認列減損損失，而可回
   收金額則為淨公平價值及使用價值之較高者；反之，若於資產負債表日有證據顯示資產於以前年度認列之減損損失可能已不存在或減少時，
   應重新評估可回收金額，若可回收金額因資產之估計服務潛能變動而增加時，減損應予迴轉，惟迴轉後帳面價值不可超過資產在未認列減損
   損失情況下，減除應提列折舊或攤銷後之帳面價值。

   另外，已分攤商譽之現金產生單位或群組，不論有無減損跡象，每年定期進行減損測試。減損測試結果如現金產生單位或群組之帳面價值（
   包含商譽之帳面價值）大於可回收金額，則須認列減損損失，認列減損時，商譽先行減除，減除不足之數再依帳面價值之相對比例分攤至商
   譽以外之其他資產。商譽之減損，一經認列，嗣後不得以任何理由迴轉。
    
   減損損失及減損迴轉利益列為營業外收支。
        
12.金融資產之減損

   若有客觀證據顯示未有公開市場報價之權益商品投資，有減損之客觀證據，本公司將認列減損損失，減損金額為估計未來現金流量以類似金
   融資產當時市場報酬率折現之折現值與帳面價值間之差額，此減損金額不得迴轉。

13.退休金

   (1)本公司於民國76年成立勞工退休準備金委員會並訂有退休金辦法，並依內政部「勞工退休金準備金提撥及管理辦法」之規定，按月以給付
      薪資總額3%提列退休準備，自79年起提存於臺灣銀行專戶保管運用(未列入本公司財務報表) ，支付退休金時，由專戶儲存之勞工退休準
      備金撥付，倘有不足，於支付年度以費用列帳。

   (2)勞工退休金條例自民國94年7月1日起施行，並採確定提撥制。實施後員工得選擇適用「勞動基準法」有關之退休金規定，或適用該條例之
      退休金制度並保留適用該條例前之工作年資。對適用該條例之員工，本公司每月負擔之員工退休金提撥率，不得低於員工每月薪資6%。

   (3)本公司依財務會計準則公報第18號「退休金會計處理準則」之規定採精算師資料認列應計退休金負債並揭露相關資訊。

14.外幣交易

   本公司之會計記錄按新台幣入帳。依財務會計準則公報第14號「外幣換算之會計處理準則」規定，資產負債表日之外幣貨幣性資產或負債，
   按該日即期匯率予以調整，兌換差額列為當期損益。資產負債表日之外幣非貨幣性資產或負債，依公平價值衡量者，按該日即期匯率調整而
   產生之兌換差額，其公平價值變動認列為股東權益調整項目者，兌換差額列為股東權益調整項目；其公平價值變動認列為當期損益者，兌換
   差額列為當期損益；若其依成本衡量者，則按交易日之歷史匯率衡量。
     
15.所得稅費用

   本公司依財務會計準則公報第22號「所得稅之會計處理準則」之規定作跨期間與同期間之所得稅分攤，將應課稅暫時性差異之所得稅影響數
   認列為遞延所得稅負債；可減除暫時性差異、虧損扣抵及投資抵減之所得稅影響數則認列為遞延所得稅資產，再評估遞延所得稅資產之可實
   現性，認列其備抵評價科目。以前年度所得稅之調整，若為估計變動，則列為當年度所得稅費用之調整項目。

   遞延所得稅資產或負債依其相關資產或負債之分類劃分為流動或非流動項目，無相關之資產負債者，依預期回轉期間之長短期劃分為流動或
   非流動項目。

   民國87年度及以後年度未分配盈餘加徵10%之營利事業所得稅於股東會決議年度列為所得稅費用。

   本公司之固定資產若符合「促進產業升級條例」規定，購置機器設備、研究發展費用及人才培訓支出之所得稅抵減，採當期認列法，列為抵
   減年度估計所得稅之減項。

   本公司自95年度起，依照「所得基本稅額條例」計算營利事業基本稅額。

   本公司之營利事業所得稅稅率原為25%，依民國98年5月27日公布之所得稅法修正條文，本公司自民國99年度起適用之所得稅率改為20%；又依
   民國99年6月15日新公布之所得稅法修正條文，本公司自民國99年度起適用之所得稅率改為17%。

16.員工分紅及董監酬勞

   依財團法人中華民國會計研究發展基金會於96年3月發布(96)基秘字第052號函之規定，員工分紅及董監酬勞應視為費用,而非盈餘之分配。

17.收入及費用認列方法

   收入於獲利過程全部或大部分已完成，且已實現或可實現時認列；相關成本配合收入於發生時承認；費用則依權責發生制於交易事項實際發
   生時認列為當期費用。

18.庫藏股

   本公司依財務會計準則公報第30號「庫藏股票會計處理準則」之規定，子公司持有本公司股票視同庫藏股處理。

19.資本支出與收益支出之劃分

   一項支出之未來經濟效益達於未來各期者，列為資產並按其耐用年限攤銷，一項支出不具未來經濟效益或雖具未來經濟效益，但其金額不具
   重要性者，則列為當期費用或損失。
]]></tw-gaap-notes:SummaryOfSignificantAccountingPolicies>
	<tw-gaap-notes:ChangesInAccountingPrinciples contextRef="From20100101To20101231"><![CDATA[本公司自民國98年1月1日開始採用新修訂發布之財務會計準則公報第10號「存貨之會計處理準則」規定。
主要修訂為：1.存貨係以成本與淨變現價值孰低評價，且除同類別存貨外應逐項比較之；2.因產能較低或設備閒置導致之未分攤固定製造費用，應
於發生當期認列為銷貨成本；3.異常製造成本及跌價損失〈或回升利益〉應認列為銷貨成本。此項會計原則變動使民國98年度淨利減少3,211千元
及每股盈餘減少0.04元

依民國98年5月27日公布之所得稅法修正條文規定，營利事業所得稅稅率自民國99年度起由25%改為20%；又依民國99年6月15日新公布之所得稅法修
正條文，營利事業所得稅稅率自民國99年度起由20%調降為17%，前述變動使民國99年及98年之淨利分別減少3,392千元及5,799千元，每股盈餘分別
減少0.04元及0.07元。
]]></tw-gaap-notes:ChangesInAccountingPrinciples>
</xbrl>

<!--This instance document is created by SIIAP V1.4.4-->
