<?xml version="1.0" encoding="UTF-8"?>
<xbrl xmlns="http://www.xbrl.org/2003/instance" xmlns:iso4217="http://www.xbrl.org/2003/iso4217" xmlns:link="http://www.xbrl.org/2003/linkbase" xmlns:tw-gaap-ar="http://www.xbrl.org/tw/fr/gaap/ar/2010-12-31" xmlns:tw-gaap-ci="http://www.xbrl.org/tw/fr/gaap/tw-gaap-ci-2010-12-31" xmlns:tw-gaap-notes="http://www.xbrl.org/tw/fr/gaap/notes/2010-12-31" xmlns:xbrldi="http://xbrl.org/2006/xbrldi" xmlns:xbrldt="http://xbrl.org/2005/xbrldt" xmlns:xbrli="http://www.xbrl.org/2003/instance" xmlns:xlink="http://www.w3.org/1999/xlink">
	<link:schemaRef xlink:arcrole="http://www.w3.org/1999/xlink/properties/linkbase" xlink:href="tw-gaap-ci-2010-12-31.xsd" xlink:type="simple"/>	<context id="AsOf20110406">
		<entity>
			<identifier scheme="http://www.twse.com.tw">1213</identifier>
		</entity>
		<period>
			<instant>2011-04-06</instant>
		</period>
	</context>
	<context id="From20090101To20091231_TotalStockholdersEquitiesMember">
		<entity>
			<identifier scheme="http://www.twse.com.tw">1213</identifier>
		</entity>
		<period>
			<startDate>2009-01-01</startDate>
			<endDate>2009-12-31</endDate>
		</period>
		<scenario>
			<xbrldi:explicitMember dimension="tw-gaap-ci:StockholdersEquityDimensionMember">tw-gaap-ci:TotalStockholdersEquitiesMember</xbrldi:explicitMember>
		</scenario>
	</context>
	<context id="From20090101To20091231_StockholdersEquitiesAdjustmentsMember">
		<entity>
			<identifier scheme="http://www.twse.com.tw">1213</identifier>
		</entity>
		<period>
			<startDate>2009-01-01</startDate>
			<endDate>2009-12-31</endDate>
		</period>
		<scenario>
			<xbrldi:explicitMember dimension="tw-gaap-ci:StockholdersEquityDimensionMember">tw-gaap-ci:StockholdersEquitiesAdjustmentsMember</xbrldi:explicitMember>
		</scenario>
	</context>
	<context id="From20090101To20091231_CumulativeTranslationAdjustmentsMember">
		<entity>
			<identifier scheme="http://www.twse.com.tw">1213</identifier>
		</entity>
		<period>
			<startDate>2009-01-01</startDate>
			<endDate>2009-12-31</endDate>
		</period>
		<scenario>
			<xbrldi:explicitMember dimension="tw-gaap-ci:StockholdersEquityDimensionMember">tw-gaap-ci:CumulativeTranslationAdjustmentsMember</xbrldi:explicitMember>
		</scenario>
	</context>
	<context id="From20090101To20091231_RetainedEarningsMember">
		<entity>
			<identifier scheme="http://www.twse.com.tw">1213</identifier>
		</entity>
		<period>
			<startDate>2009-01-01</startDate>
			<endDate>2009-12-31</endDate>
		</period>
		<scenario>
			<xbrldi:explicitMember dimension="tw-gaap-ci:StockholdersEquityDimensionMember">tw-gaap-ci:RetainedEarningsMember</xbrldi:explicitMember>
		</scenario>
	</context>
	<context id="From20090101To20091231_UnappropriatedRetainedEarningsMember">
		<entity>
			<identifier scheme="http://www.twse.com.tw">1213</identifier>
		</entity>
		<period>
			<startDate>2009-01-01</startDate>
			<endDate>2009-12-31</endDate>
		</period>
		<scenario>
			<xbrldi:explicitMember dimension="tw-gaap-ci:StockholdersEquityDimensionMember">tw-gaap-ci:UnappropriatedRetainedEarningsMember</xbrldi:explicitMember>
		</scenario>
	</context>
	<context id="From20090101To20091231_SpecialReserveMember">
		<entity>
			<identifier scheme="http://www.twse.com.tw">1213</identifier>
		</entity>
		<period>
			<startDate>2009-01-01</startDate>
			<endDate>2009-12-31</endDate>
		</period>
		<scenario>
			<xbrldi:explicitMember dimension="tw-gaap-ci:StockholdersEquityDimensionMember">tw-gaap-ci:SpecialReserveMember</xbrldi:explicitMember>
		</scenario>
	</context>
	<context id="From20090101To20091231_LegalReserveMember">
		<entity>
			<identifier scheme="http://www.twse.com.tw">1213</identifier>
		</entity>
		<period>
			<startDate>2009-01-01</startDate>
			<endDate>2009-12-31</endDate>
		</period>
		<scenario>
			<xbrldi:explicitMember dimension="tw-gaap-ci:StockholdersEquityDimensionMember">tw-gaap-ci:LegalReserveMember</xbrldi:explicitMember>
		</scenario>
	</context>
	<context id="From20090101To20091231_CapitalSurplusMember">
		<entity>
			<identifier scheme="http://www.twse.com.tw">1213</identifier>
		</entity>
		<period>
			<startDate>2009-01-01</startDate>
			<endDate>2009-12-31</endDate>
		</period>
		<scenario>
			<xbrldi:explicitMember dimension="tw-gaap-ci:StockholdersEquityDimensionMember">tw-gaap-ci:CapitalSurplusMember</xbrldi:explicitMember>
		</scenario>
	</context>
	<context id="From20090101To20091231_CapitalStockMember">
		<entity>
			<identifier scheme="http://www.twse.com.tw">1213</identifier>
		</entity>
		<period>
			<startDate>2009-01-01</startDate>
			<endDate>2009-12-31</endDate>
		</period>
		<scenario>
			<xbrldi:explicitMember dimension="tw-gaap-ci:StockholdersEquityDimensionMember">tw-gaap-ci:CapitalStockMember</xbrldi:explicitMember>
		</scenario>
	</context>
	<context id="From20090101To20091231_CommonStockValueMember">
		<entity>
			<identifier scheme="http://www.twse.com.tw">1213</identifier>
		</entity>
		<period>
			<startDate>2009-01-01</startDate>
			<endDate>2009-12-31</endDate>
		</period>
		<scenario>
			<xbrldi:explicitMember dimension="tw-gaap-ci:StockholdersEquityDimensionMember">tw-gaap-ci:CommonStockValueMember</xbrldi:explicitMember>
		</scenario>
	</context>
	<context id="AsOf20091231_TotalStockholdersEquitiesMember">
		<entity>
			<identifier scheme="http://www.twse.com.tw">1213</identifier>
		</entity>
		<period>
			<instant>2009-12-31</instant>
		</period>
		<scenario>
			<xbrldi:explicitMember dimension="tw-gaap-ci:StockholdersEquityDimensionMember">tw-gaap-ci:TotalStockholdersEquitiesMember</xbrldi:explicitMember>
		</scenario>
	</context>
	<context id="AsOf20091231_StockholdersEquitiesAdjustmentsMember">
		<entity>
			<identifier scheme="http://www.twse.com.tw">1213</identifier>
		</entity>
		<period>
			<instant>2009-12-31</instant>
		</period>
		<scenario>
			<xbrldi:explicitMember dimension="tw-gaap-ci:StockholdersEquityDimensionMember">tw-gaap-ci:StockholdersEquitiesAdjustmentsMember</xbrldi:explicitMember>
		</scenario>
	</context>
	<context id="AsOf20091231_CumulativeTranslationAdjustmentsMember">
		<entity>
			<identifier scheme="http://www.twse.com.tw">1213</identifier>
		</entity>
		<period>
			<instant>2009-12-31</instant>
		</period>
		<scenario>
			<xbrldi:explicitMember dimension="tw-gaap-ci:StockholdersEquityDimensionMember">tw-gaap-ci:CumulativeTranslationAdjustmentsMember</xbrldi:explicitMember>
		</scenario>
	</context>
	<context id="AsOf20091231_RetainedEarningsMember">
		<entity>
			<identifier scheme="http://www.twse.com.tw">1213</identifier>
		</entity>
		<period>
			<instant>2009-12-31</instant>
		</period>
		<scenario>
			<xbrldi:explicitMember dimension="tw-gaap-ci:StockholdersEquityDimensionMember">tw-gaap-ci:RetainedEarningsMember</xbrldi:explicitMember>
		</scenario>
	</context>
	<context id="AsOf20091231_UnappropriatedRetainedEarningsMember">
		<entity>
			<identifier scheme="http://www.twse.com.tw">1213</identifier>
		</entity>
		<period>
			<instant>2009-12-31</instant>
		</period>
		<scenario>
			<xbrldi:explicitMember dimension="tw-gaap-ci:StockholdersEquityDimensionMember">tw-gaap-ci:UnappropriatedRetainedEarningsMember</xbrldi:explicitMember>
		</scenario>
	</context>
	<context id="AsOf20091231_SpecialReserveMember">
		<entity>
			<identifier scheme="http://www.twse.com.tw">1213</identifier>
		</entity>
		<period>
			<instant>2009-12-31</instant>
		</period>
		<scenario>
			<xbrldi:explicitMember dimension="tw-gaap-ci:StockholdersEquityDimensionMember">tw-gaap-ci:SpecialReserveMember</xbrldi:explicitMember>
		</scenario>
	</context>
	<context id="AsOf20091231_LegalReserveMember">
		<entity>
			<identifier scheme="http://www.twse.com.tw">1213</identifier>
		</entity>
		<period>
			<instant>2009-12-31</instant>
		</period>
		<scenario>
			<xbrldi:explicitMember dimension="tw-gaap-ci:StockholdersEquityDimensionMember">tw-gaap-ci:LegalReserveMember</xbrldi:explicitMember>
		</scenario>
	</context>
	<context id="AsOf20091231_CapitalSurplusMember">
		<entity>
			<identifier scheme="http://www.twse.com.tw">1213</identifier>
		</entity>
		<period>
			<instant>2009-12-31</instant>
		</period>
		<scenario>
			<xbrldi:explicitMember dimension="tw-gaap-ci:StockholdersEquityDimensionMember">tw-gaap-ci:CapitalSurplusMember</xbrldi:explicitMember>
		</scenario>
	</context>
	<context id="AsOf20091231_CapitalStockMember">
		<entity>
			<identifier scheme="http://www.twse.com.tw">1213</identifier>
		</entity>
		<period>
			<instant>2009-12-31</instant>
		</period>
		<scenario>
			<xbrldi:explicitMember dimension="tw-gaap-ci:StockholdersEquityDimensionMember">tw-gaap-ci:CapitalStockMember</xbrldi:explicitMember>
		</scenario>
	</context>
	<context id="AsOf20091231_CommonStockValueMember">
		<entity>
			<identifier scheme="http://www.twse.com.tw">1213</identifier>
		</entity>
		<period>
			<instant>2009-12-31</instant>
		</period>
		<scenario>
			<xbrldi:explicitMember dimension="tw-gaap-ci:StockholdersEquityDimensionMember">tw-gaap-ci:CommonStockValueMember</xbrldi:explicitMember>
		</scenario>
	</context>
	<context id="From20100101To20101231_TotalStockholdersEquitiesMember">
		<entity>
			<identifier scheme="http://www.twse.com.tw">1213</identifier>
		</entity>
		<period>
			<startDate>2010-01-01</startDate>
			<endDate>2010-12-31</endDate>
		</period>
		<scenario>
			<xbrldi:explicitMember dimension="tw-gaap-ci:StockholdersEquityDimensionMember">tw-gaap-ci:TotalStockholdersEquitiesMember</xbrldi:explicitMember>
		</scenario>
	</context>
	<context id="From20100101To20101231_StockholdersEquitiesAdjustmentsMember">
		<entity>
			<identifier scheme="http://www.twse.com.tw">1213</identifier>
		</entity>
		<period>
			<startDate>2010-01-01</startDate>
			<endDate>2010-12-31</endDate>
		</period>
		<scenario>
			<xbrldi:explicitMember dimension="tw-gaap-ci:StockholdersEquityDimensionMember">tw-gaap-ci:StockholdersEquitiesAdjustmentsMember</xbrldi:explicitMember>
		</scenario>
	</context>
	<context id="From20100101To20101231_CumulativeTranslationAdjustmentsMember">
		<entity>
			<identifier scheme="http://www.twse.com.tw">1213</identifier>
		</entity>
		<period>
			<startDate>2010-01-01</startDate>
			<endDate>2010-12-31</endDate>
		</period>
		<scenario>
			<xbrldi:explicitMember dimension="tw-gaap-ci:StockholdersEquityDimensionMember">tw-gaap-ci:CumulativeTranslationAdjustmentsMember</xbrldi:explicitMember>
		</scenario>
	</context>
	<context id="From20100101To20101231_RetainedEarningsMember">
		<entity>
			<identifier scheme="http://www.twse.com.tw">1213</identifier>
		</entity>
		<period>
			<startDate>2010-01-01</startDate>
			<endDate>2010-12-31</endDate>
		</period>
		<scenario>
			<xbrldi:explicitMember dimension="tw-gaap-ci:StockholdersEquityDimensionMember">tw-gaap-ci:RetainedEarningsMember</xbrldi:explicitMember>
		</scenario>
	</context>
	<context id="From20100101To20101231_UnappropriatedRetainedEarningsMember">
		<entity>
			<identifier scheme="http://www.twse.com.tw">1213</identifier>
		</entity>
		<period>
			<startDate>2010-01-01</startDate>
			<endDate>2010-12-31</endDate>
		</period>
		<scenario>
			<xbrldi:explicitMember dimension="tw-gaap-ci:StockholdersEquityDimensionMember">tw-gaap-ci:UnappropriatedRetainedEarningsMember</xbrldi:explicitMember>
		</scenario>
	</context>
	<context id="From20100101To20101231_SpecialReserveMember">
		<entity>
			<identifier scheme="http://www.twse.com.tw">1213</identifier>
		</entity>
		<period>
			<startDate>2010-01-01</startDate>
			<endDate>2010-12-31</endDate>
		</period>
		<scenario>
			<xbrldi:explicitMember dimension="tw-gaap-ci:StockholdersEquityDimensionMember">tw-gaap-ci:SpecialReserveMember</xbrldi:explicitMember>
		</scenario>
	</context>
	<context id="From20100101To20101231_LegalReserveMember">
		<entity>
			<identifier scheme="http://www.twse.com.tw">1213</identifier>
		</entity>
		<period>
			<startDate>2010-01-01</startDate>
			<endDate>2010-12-31</endDate>
		</period>
		<scenario>
			<xbrldi:explicitMember dimension="tw-gaap-ci:StockholdersEquityDimensionMember">tw-gaap-ci:LegalReserveMember</xbrldi:explicitMember>
		</scenario>
	</context>
	<context id="From20100101To20101231_CapitalSurplusMember">
		<entity>
			<identifier scheme="http://www.twse.com.tw">1213</identifier>
		</entity>
		<period>
			<startDate>2010-01-01</startDate>
			<endDate>2010-12-31</endDate>
		</period>
		<scenario>
			<xbrldi:explicitMember dimension="tw-gaap-ci:StockholdersEquityDimensionMember">tw-gaap-ci:CapitalSurplusMember</xbrldi:explicitMember>
		</scenario>
	</context>
	<context id="From20100101To20101231_CapitalStockMember">
		<entity>
			<identifier scheme="http://www.twse.com.tw">1213</identifier>
		</entity>
		<period>
			<startDate>2010-01-01</startDate>
			<endDate>2010-12-31</endDate>
		</period>
		<scenario>
			<xbrldi:explicitMember dimension="tw-gaap-ci:StockholdersEquityDimensionMember">tw-gaap-ci:CapitalStockMember</xbrldi:explicitMember>
		</scenario>
	</context>
	<context id="From20100101To20101231_CommonStockValueMember">
		<entity>
			<identifier scheme="http://www.twse.com.tw">1213</identifier>
		</entity>
		<period>
			<startDate>2010-01-01</startDate>
			<endDate>2010-12-31</endDate>
		</period>
		<scenario>
			<xbrldi:explicitMember dimension="tw-gaap-ci:StockholdersEquityDimensionMember">tw-gaap-ci:CommonStockValueMember</xbrldi:explicitMember>
		</scenario>
	</context>
	<context id="AsOf20101231_TotalStockholdersEquitiesMember">
		<entity>
			<identifier scheme="http://www.twse.com.tw">1213</identifier>
		</entity>
		<period>
			<instant>2010-12-31</instant>
		</period>
		<scenario>
			<xbrldi:explicitMember dimension="tw-gaap-ci:StockholdersEquityDimensionMember">tw-gaap-ci:TotalStockholdersEquitiesMember</xbrldi:explicitMember>
		</scenario>
	</context>
	<context id="AsOf20101231_StockholdersEquitiesAdjustmentsMember">
		<entity>
			<identifier scheme="http://www.twse.com.tw">1213</identifier>
		</entity>
		<period>
			<instant>2010-12-31</instant>
		</period>
		<scenario>
			<xbrldi:explicitMember dimension="tw-gaap-ci:StockholdersEquityDimensionMember">tw-gaap-ci:StockholdersEquitiesAdjustmentsMember</xbrldi:explicitMember>
		</scenario>
	</context>
	<context id="AsOf20101231_CumulativeTranslationAdjustmentsMember">
		<entity>
			<identifier scheme="http://www.twse.com.tw">1213</identifier>
		</entity>
		<period>
			<instant>2010-12-31</instant>
		</period>
		<scenario>
			<xbrldi:explicitMember dimension="tw-gaap-ci:StockholdersEquityDimensionMember">tw-gaap-ci:CumulativeTranslationAdjustmentsMember</xbrldi:explicitMember>
		</scenario>
	</context>
	<context id="AsOf20101231_RetainedEarningsMember">
		<entity>
			<identifier scheme="http://www.twse.com.tw">1213</identifier>
		</entity>
		<period>
			<instant>2010-12-31</instant>
		</period>
		<scenario>
			<xbrldi:explicitMember dimension="tw-gaap-ci:StockholdersEquityDimensionMember">tw-gaap-ci:RetainedEarningsMember</xbrldi:explicitMember>
		</scenario>
	</context>
	<context id="AsOf20101231_UnappropriatedRetainedEarningsMember">
		<entity>
			<identifier scheme="http://www.twse.com.tw">1213</identifier>
		</entity>
		<period>
			<instant>2010-12-31</instant>
		</period>
		<scenario>
			<xbrldi:explicitMember dimension="tw-gaap-ci:StockholdersEquityDimensionMember">tw-gaap-ci:UnappropriatedRetainedEarningsMember</xbrldi:explicitMember>
		</scenario>
	</context>
	<context id="AsOf20101231_SpecialReserveMember">
		<entity>
			<identifier scheme="http://www.twse.com.tw">1213</identifier>
		</entity>
		<period>
			<instant>2010-12-31</instant>
		</period>
		<scenario>
			<xbrldi:explicitMember dimension="tw-gaap-ci:StockholdersEquityDimensionMember">tw-gaap-ci:SpecialReserveMember</xbrldi:explicitMember>
		</scenario>
	</context>
	<context id="AsOf20101231_LegalReserveMember">
		<entity>
			<identifier scheme="http://www.twse.com.tw">1213</identifier>
		</entity>
		<period>
			<instant>2010-12-31</instant>
		</period>
		<scenario>
			<xbrldi:explicitMember dimension="tw-gaap-ci:StockholdersEquityDimensionMember">tw-gaap-ci:LegalReserveMember</xbrldi:explicitMember>
		</scenario>
	</context>
	<context id="AsOf20101231_CapitalSurplusMember">
		<entity>
			<identifier scheme="http://www.twse.com.tw">1213</identifier>
		</entity>
		<period>
			<instant>2010-12-31</instant>
		</period>
		<scenario>
			<xbrldi:explicitMember dimension="tw-gaap-ci:StockholdersEquityDimensionMember">tw-gaap-ci:CapitalSurplusMember</xbrldi:explicitMember>
		</scenario>
	</context>
	<context id="AsOf20101231_CapitalStockMember">
		<entity>
			<identifier scheme="http://www.twse.com.tw">1213</identifier>
		</entity>
		<period>
			<instant>2010-12-31</instant>
		</period>
		<scenario>
			<xbrldi:explicitMember dimension="tw-gaap-ci:StockholdersEquityDimensionMember">tw-gaap-ci:CapitalStockMember</xbrldi:explicitMember>
		</scenario>
	</context>
	<context id="AsOf20101231_CommonStockValueMember">
		<entity>
			<identifier scheme="http://www.twse.com.tw">1213</identifier>
		</entity>
		<period>
			<instant>2010-12-31</instant>
		</period>
		<scenario>
			<xbrldi:explicitMember dimension="tw-gaap-ci:StockholdersEquityDimensionMember">tw-gaap-ci:CommonStockValueMember</xbrldi:explicitMember>
		</scenario>
	</context>
	<context id="AsOf20090101">
		<entity>
			<identifier scheme="http://www.twse.com.tw">1213</identifier>
		</entity>
		<period>
			<instant>2009-01-01</instant>
		</period>
	</context>
	<context id="AsOf20100101">
		<entity>
			<identifier scheme="http://www.twse.com.tw">1213</identifier>
		</entity>
		<period>
			<instant>2010-01-01</instant>
		</period>
	</context>
	<context id="From20090101To20091231">
		<entity>
			<identifier scheme="http://www.twse.com.tw">1213</identifier>
		</entity>
		<period>
			<startDate>2009-01-01</startDate>
			<endDate>2009-12-31</endDate>
		</period>
	</context>
	<context id="AsOf20091231">
		<entity>
			<identifier scheme="http://www.twse.com.tw">1213</identifier>
		</entity>
		<period>
			<instant>2009-12-31</instant>
		</period>
	</context>
	<context id="From20100101To20101231">
		<entity>
			<identifier scheme="http://www.twse.com.tw">1213</identifier>
		</entity>
		<period>
			<startDate>2010-01-01</startDate>
			<endDate>2010-12-31</endDate>
		</period>
	</context>
	<context id="AsOf20101231">
		<entity>
			<identifier scheme="http://www.twse.com.tw">1213</identifier>
		</entity>
		<period>
			<instant>2010-12-31</instant>
		</period>
	</context>
	<unit id="TWD">
		<measure>iso4217:TWD</measure>
	</unit>
	<unit id="Shares">
		<measure>xbrli:shares</measure>
	</unit>
	<unit id="EarningsPerShare">
		<divide>
			<unitNumerator>
				<measure>iso4217:TWD</measure>
			</unitNumerator>
			<unitDenominator>
				<measure>xbrli:shares</measure>
			</unitDenominator>
		</divide>
	</unit>
	<tw-gaap-ci:CashCashEquivalents contextRef="AsOf20101231" decimals="-3" unitRef="TWD">113431000</tw-gaap-ci:CashCashEquivalents>
	<tw-gaap-ci:CashCashEquivalents contextRef="AsOf20091231" decimals="-3" unitRef="TWD">122836000</tw-gaap-ci:CashCashEquivalents>
	<tw-gaap-ci:NetAccountsReceivableRelatedParties contextRef="AsOf20101231" decimals="-3" unitRef="TWD">125276000</tw-gaap-ci:NetAccountsReceivableRelatedParties>
	<tw-gaap-ci:NetAccountsReceivableRelatedParties contextRef="AsOf20091231" decimals="-3" unitRef="TWD">118980000</tw-gaap-ci:NetAccountsReceivableRelatedParties>
	<tw-gaap-ci:OtherReceivablesRelatedPartiesOther contextRef="AsOf20101231" decimals="-3" unitRef="TWD">59507000</tw-gaap-ci:OtherReceivablesRelatedPartiesOther>
	<tw-gaap-ci:OtherReceivablesRelatedPartiesOther contextRef="AsOf20091231" decimals="-3" unitRef="TWD">60490000</tw-gaap-ci:OtherReceivablesRelatedPartiesOther>
	<tw-gaap-ci:OtherReceivablesRelatedParties contextRef="AsOf20101231" decimals="-3" unitRef="TWD">59507000</tw-gaap-ci:OtherReceivablesRelatedParties>
	<tw-gaap-ci:OtherReceivablesRelatedParties contextRef="AsOf20091231" decimals="-3" unitRef="TWD">60490000</tw-gaap-ci:OtherReceivablesRelatedParties>
	<tw-gaap-ci:Inventories contextRef="AsOf20101231" decimals="-3" unitRef="TWD">36925000</tw-gaap-ci:Inventories>
	<tw-gaap-ci:Inventories contextRef="AsOf20091231" decimals="-3" unitRef="TWD">28381000</tw-gaap-ci:Inventories>
	<tw-gaap-ci:DeferredIncomeTaxAssetsCurrent contextRef="AsOf20101231" decimals="-3" unitRef="TWD">1957000</tw-gaap-ci:DeferredIncomeTaxAssetsCurrent>
	<tw-gaap-ci:DeferredIncomeTaxAssetsCurrent contextRef="AsOf20091231" decimals="-3" unitRef="TWD">4531000</tw-gaap-ci:DeferredIncomeTaxAssetsCurrent>
	<tw-gaap-ci:OthercurrentAssetsOther contextRef="AsOf20101231" decimals="-3" unitRef="TWD">6667000</tw-gaap-ci:OthercurrentAssetsOther>
	<tw-gaap-ci:OthercurrentAssetsOther contextRef="AsOf20091231" decimals="-3" unitRef="TWD">5257000</tw-gaap-ci:OthercurrentAssetsOther>
	<tw-gaap-ci:OtherCurrentAssets contextRef="AsOf20101231" decimals="-3" unitRef="TWD">8624000</tw-gaap-ci:OtherCurrentAssets>
	<tw-gaap-ci:OtherCurrentAssets contextRef="AsOf20091231" decimals="-3" unitRef="TWD">9788000</tw-gaap-ci:OtherCurrentAssets>
	<tw-gaap-ci:CurrentAssets contextRef="AsOf20101231" decimals="-3" unitRef="TWD">343763000</tw-gaap-ci:CurrentAssets>
	<tw-gaap-ci:CurrentAssets contextRef="AsOf20091231" decimals="-3" unitRef="TWD">340475000</tw-gaap-ci:CurrentAssets>
	<tw-gaap-ci:OtherFinancialAssetsNonCurrent contextRef="AsOf20101231" decimals="-3" unitRef="TWD">34368000</tw-gaap-ci:OtherFinancialAssetsNonCurrent>
	<tw-gaap-ci:OtherFinancialAssetsNonCurrent contextRef="AsOf20091231" decimals="-3" unitRef="TWD">30196000</tw-gaap-ci:OtherFinancialAssetsNonCurrent>
	<tw-gaap-ci:FundsInvestments contextRef="AsOf20101231" decimals="-3" unitRef="TWD">34368000</tw-gaap-ci:FundsInvestments>
	<tw-gaap-ci:FundsInvestments contextRef="AsOf20091231" decimals="-3" unitRef="TWD">30196000</tw-gaap-ci:FundsInvestments>
	<tw-gaap-ci:Land contextRef="AsOf20101231" decimals="-3" unitRef="TWD">184251000</tw-gaap-ci:Land>
	<tw-gaap-ci:Land contextRef="AsOf20091231" decimals="-3" unitRef="TWD">184251000</tw-gaap-ci:Land>
	<tw-gaap-ci:BuildingsStructures contextRef="AsOf20101231" decimals="-3" unitRef="TWD">127437000</tw-gaap-ci:BuildingsStructures>
	<tw-gaap-ci:BuildingsStructures contextRef="AsOf20091231" decimals="-3" unitRef="TWD">127437000</tw-gaap-ci:BuildingsStructures>
	<tw-gaap-ci:MachineryEquipment contextRef="AsOf20101231" decimals="-3" unitRef="TWD">205814000</tw-gaap-ci:MachineryEquipment>
	<tw-gaap-ci:MachineryEquipment contextRef="AsOf20091231" decimals="-3" unitRef="TWD">205264000</tw-gaap-ci:MachineryEquipment>
	<tw-gaap-ci:TransportationEquipment contextRef="AsOf20101231" decimals="-3" unitRef="TWD">8497000</tw-gaap-ci:TransportationEquipment>
	<tw-gaap-ci:TransportationEquipment contextRef="AsOf20091231" decimals="-3" unitRef="TWD">8497000</tw-gaap-ci:TransportationEquipment>
	<tw-gaap-ci:OtherFacilities contextRef="AsOf20101231" decimals="-3" unitRef="TWD">22502000</tw-gaap-ci:OtherFacilities>
	<tw-gaap-ci:OtherFacilities contextRef="AsOf20091231" decimals="-3" unitRef="TWD">21156000</tw-gaap-ci:OtherFacilities>
	<tw-gaap-ci:FixedAssetsOriginalCosts contextRef="AsOf20101231" decimals="-3" unitRef="TWD">548501000</tw-gaap-ci:FixedAssetsOriginalCosts>
	<tw-gaap-ci:FixedAssetsOriginalCosts contextRef="AsOf20091231" decimals="-3" unitRef="TWD">546605000</tw-gaap-ci:FixedAssetsOriginalCosts>
	<tw-gaap-ci:CostsRevaluationIncrement contextRef="AsOf20101231" decimals="-3" unitRef="TWD">548501000</tw-gaap-ci:CostsRevaluationIncrement>
	<tw-gaap-ci:CostsRevaluationIncrement contextRef="AsOf20091231" decimals="-3" unitRef="TWD">546605000</tw-gaap-ci:CostsRevaluationIncrement>
	<tw-gaap-ci:AccumulatedDepreciation contextRef="AsOf20101231" decimals="-3" unitRef="TWD">299149000</tw-gaap-ci:AccumulatedDepreciation>
	<tw-gaap-ci:AccumulatedDepreciation contextRef="AsOf20091231" decimals="-3" unitRef="TWD">288340000</tw-gaap-ci:AccumulatedDepreciation>
	<tw-gaap-ci:ConstructionProcessPrepaymentEquipments contextRef="AsOf20101231" decimals="-3" unitRef="TWD">1314000</tw-gaap-ci:ConstructionProcessPrepaymentEquipments>
	<tw-gaap-ci:ConstructionProcessPrepaymentEquipments contextRef="AsOf20091231" decimals="-3" unitRef="TWD">0</tw-gaap-ci:ConstructionProcessPrepaymentEquipments>
	<tw-gaap-ci:FixedAssets contextRef="AsOf20101231" decimals="-3" unitRef="TWD">250666000</tw-gaap-ci:FixedAssets>
	<tw-gaap-ci:FixedAssets contextRef="AsOf20091231" decimals="-3" unitRef="TWD">258265000</tw-gaap-ci:FixedAssets>
	<tw-gaap-ci:NetRentalAssets contextRef="AsOf20101231" decimals="-3" unitRef="TWD">8000</tw-gaap-ci:NetRentalAssets>
	<tw-gaap-ci:NetRentalAssets contextRef="AsOf20091231" decimals="-3" unitRef="TWD">110000</tw-gaap-ci:NetRentalAssets>
	<tw-gaap-ci:GuaranteeDepositsPaid contextRef="AsOf20101231" decimals="-3" unitRef="TWD">1822000</tw-gaap-ci:GuaranteeDepositsPaid>
	<tw-gaap-ci:GuaranteeDepositsPaid contextRef="AsOf20091231" decimals="-3" unitRef="TWD">1842000</tw-gaap-ci:GuaranteeDepositsPaid>
	<tw-gaap-ci:DeferredCharges contextRef="AsOf20101231" decimals="-3" unitRef="TWD">13505000</tw-gaap-ci:DeferredCharges>
	<tw-gaap-ci:DeferredCharges contextRef="AsOf20091231" decimals="-3" unitRef="TWD">32679000</tw-gaap-ci:DeferredCharges>
	<tw-gaap-ci:LongtermNotesReceivableRelatedParties contextRef="AsOf20101231" decimals="-3" unitRef="TWD">77851000</tw-gaap-ci:LongtermNotesReceivableRelatedParties>
	<tw-gaap-ci:LongtermNotesReceivableRelatedParties contextRef="AsOf20091231" decimals="-3" unitRef="TWD">79079000</tw-gaap-ci:LongtermNotesReceivableRelatedParties>
	<tw-gaap-ci:DeferredIncomeTaxAssetsNonCurrent contextRef="AsOf20101231" decimals="-3" unitRef="TWD">5309000</tw-gaap-ci:DeferredIncomeTaxAssetsNonCurrent>
	<tw-gaap-ci:DeferredIncomeTaxAssetsNonCurrent contextRef="AsOf20091231" decimals="-3" unitRef="TWD">2901000</tw-gaap-ci:DeferredIncomeTaxAssetsNonCurrent>
	<tw-gaap-ci:OtherAssets contextRef="AsOf20101231" decimals="-3" unitRef="TWD">98495000</tw-gaap-ci:OtherAssets>
	<tw-gaap-ci:OtherAssets contextRef="AsOf20091231" decimals="-3" unitRef="TWD">116611000</tw-gaap-ci:OtherAssets>
	<tw-gaap-ci:Assets contextRef="AsOf20101231" decimals="-3" unitRef="TWD">727292000</tw-gaap-ci:Assets>
	<tw-gaap-ci:Assets contextRef="AsOf20091231" decimals="-3" unitRef="TWD">745547000</tw-gaap-ci:Assets>
	<tw-gaap-ci:ShortTermBorrowings contextRef="AsOf20101231" decimals="-3" unitRef="TWD">20000000</tw-gaap-ci:ShortTermBorrowings>
	<tw-gaap-ci:ShortTermBorrowings contextRef="AsOf20091231" decimals="-3" unitRef="TWD">25000000</tw-gaap-ci:ShortTermBorrowings>
	<tw-gaap-ci:NotesPayable contextRef="AsOf20101231" decimals="-3" unitRef="TWD">21684000</tw-gaap-ci:NotesPayable>
	<tw-gaap-ci:NotesPayable contextRef="AsOf20091231" decimals="-3" unitRef="TWD">23761000</tw-gaap-ci:NotesPayable>
	<tw-gaap-ci:AccountsPayable contextRef="AsOf20101231" decimals="-3" unitRef="TWD">52068000</tw-gaap-ci:AccountsPayable>
	<tw-gaap-ci:AccountsPayable contextRef="AsOf20091231" decimals="-3" unitRef="TWD">40570000</tw-gaap-ci:AccountsPayable>
	<tw-gaap-ci:AccountsPayableRelatedParties contextRef="AsOf20101231" decimals="-3" unitRef="TWD">16524000</tw-gaap-ci:AccountsPayableRelatedParties>
	<tw-gaap-ci:AccountsPayableRelatedParties contextRef="AsOf20091231" decimals="-3" unitRef="TWD">14636000</tw-gaap-ci:AccountsPayableRelatedParties>
	<tw-gaap-ci:IncomeTaxPayable contextRef="AsOf20101231" decimals="-3" unitRef="TWD">464000</tw-gaap-ci:IncomeTaxPayable>
	<tw-gaap-ci:IncomeTaxPayable contextRef="AsOf20091231" decimals="-3" unitRef="TWD">457000</tw-gaap-ci:IncomeTaxPayable>
	<tw-gaap-ci:AccruedExpenses contextRef="AsOf20101231" decimals="-3" unitRef="TWD">23096000</tw-gaap-ci:AccruedExpenses>
	<tw-gaap-ci:AccruedExpenses contextRef="AsOf20091231" decimals="-3" unitRef="TWD">28770000</tw-gaap-ci:AccruedExpenses>
	<tw-gaap-ci:OtherCurrentLiabilitiesOther contextRef="AsOf20101231" decimals="-3" unitRef="TWD">2575000</tw-gaap-ci:OtherCurrentLiabilitiesOther>
	<tw-gaap-ci:OtherCurrentLiabilitiesOther contextRef="AsOf20091231" decimals="-3" unitRef="TWD">2354000</tw-gaap-ci:OtherCurrentLiabilitiesOther>
	<tw-gaap-ci:OtherCurrentLiabilities contextRef="AsOf20101231" decimals="-3" unitRef="TWD">2575000</tw-gaap-ci:OtherCurrentLiabilities>
	<tw-gaap-ci:OtherCurrentLiabilities contextRef="AsOf20091231" decimals="-3" unitRef="TWD">2354000</tw-gaap-ci:OtherCurrentLiabilities>
	<tw-gaap-ci:CurrentLiabilities contextRef="AsOf20101231" decimals="-3" unitRef="TWD">136411000</tw-gaap-ci:CurrentLiabilities>
	<tw-gaap-ci:CurrentLiabilities contextRef="AsOf20091231" decimals="-3" unitRef="TWD">135548000</tw-gaap-ci:CurrentLiabilities>
	<tw-gaap-ci:GuaranteeDepositsReceived contextRef="AsOf20101231" decimals="-3" unitRef="TWD">4873000</tw-gaap-ci:GuaranteeDepositsReceived>
	<tw-gaap-ci:GuaranteeDepositsReceived contextRef="AsOf20091231" decimals="-3" unitRef="TWD">4549000</tw-gaap-ci:GuaranteeDepositsReceived>
	<tw-gaap-ci:OtherLiabilities-Other contextRef="AsOf20101231" decimals="-3" unitRef="TWD">3142000</tw-gaap-ci:OtherLiabilities-Other>
	<tw-gaap-ci:OtherLiabilities-Other contextRef="AsOf20091231" decimals="-3" unitRef="TWD">8366000</tw-gaap-ci:OtherLiabilities-Other>
	<tw-gaap-ci:OtherLiabilitiesOther contextRef="AsOf20101231" decimals="-3" unitRef="TWD">3142000</tw-gaap-ci:OtherLiabilitiesOther>
	<tw-gaap-ci:OtherLiabilitiesOther contextRef="AsOf20091231" decimals="-3" unitRef="TWD">8366000</tw-gaap-ci:OtherLiabilitiesOther>
	<tw-gaap-ci:OtherLiabilities contextRef="AsOf20101231" decimals="-3" unitRef="TWD">8015000</tw-gaap-ci:OtherLiabilities>
	<tw-gaap-ci:OtherLiabilities contextRef="AsOf20091231" decimals="-3" unitRef="TWD">12915000</tw-gaap-ci:OtherLiabilities>
	<tw-gaap-ci:Liabilities contextRef="AsOf20101231" decimals="-3" unitRef="TWD">144426000</tw-gaap-ci:Liabilities>
	<tw-gaap-ci:Liabilities contextRef="AsOf20091231" decimals="-3" unitRef="TWD">148463000</tw-gaap-ci:Liabilities>
	<tw-gaap-ci:CommonStock contextRef="AsOf20101231" decimals="-3" unitRef="TWD">514751000</tw-gaap-ci:CommonStock>
	<tw-gaap-ci:CommonStock contextRef="AsOf20091231" decimals="-3" unitRef="TWD">514751000</tw-gaap-ci:CommonStock>
	<tw-gaap-ci:Capital contextRef="AsOf20101231" decimals="-3" unitRef="TWD">514751000</tw-gaap-ci:Capital>
	<tw-gaap-ci:Capital contextRef="AsOf20091231" decimals="-3" unitRef="TWD">514751000</tw-gaap-ci:Capital>
	<tw-gaap-ci:CapitalSurplusAdditionalPaidCapitalCommonStock contextRef="AsOf20101231" decimals="-3" unitRef="TWD">21938000</tw-gaap-ci:CapitalSurplusAdditionalPaidCapitalCommonStock>
	<tw-gaap-ci:CapitalSurplusAdditionalPaidCapitalCommonStock contextRef="AsOf20091231" decimals="-3" unitRef="TWD">21938000</tw-gaap-ci:CapitalSurplusAdditionalPaidCapitalCommonStock>
	<tw-gaap-ci:CapitalSurplusAdditionalPaidCapital contextRef="AsOf20101231" decimals="-3" unitRef="TWD">21938000</tw-gaap-ci:CapitalSurplusAdditionalPaidCapital>
	<tw-gaap-ci:CapitalSurplusAdditionalPaidCapital contextRef="AsOf20091231" decimals="-3" unitRef="TWD">21938000</tw-gaap-ci:CapitalSurplusAdditionalPaidCapital>
	<tw-gaap-ci:CapitalSurplus contextRef="AsOf20101231" decimals="-3" unitRef="TWD">21938000</tw-gaap-ci:CapitalSurplus>
	<tw-gaap-ci:CapitalSurplus contextRef="AsOf20091231" decimals="-3" unitRef="TWD">21938000</tw-gaap-ci:CapitalSurplus>
	<tw-gaap-ci:LegalReserve contextRef="AsOf20101231" decimals="-3" unitRef="TWD">11555000</tw-gaap-ci:LegalReserve>
	<tw-gaap-ci:LegalReserve contextRef="AsOf20091231" decimals="-3" unitRef="TWD">10362000</tw-gaap-ci:LegalReserve>
	<tw-gaap-ci:SpecialReserve contextRef="AsOf20101231" decimals="-3" unitRef="TWD">2144000</tw-gaap-ci:SpecialReserve>
	<tw-gaap-ci:SpecialReserve contextRef="AsOf20091231" decimals="-3" unitRef="TWD">2325000</tw-gaap-ci:SpecialReserve>
	<tw-gaap-ci:UnappropriatedRetainedEarnings contextRef="AsOf20101231" decimals="-3" unitRef="TWD">34431000</tw-gaap-ci:UnappropriatedRetainedEarnings>
	<tw-gaap-ci:UnappropriatedRetainedEarnings contextRef="AsOf20091231" decimals="-3" unitRef="TWD">49852000</tw-gaap-ci:UnappropriatedRetainedEarnings>
	<tw-gaap-ci:RetainedEarnings contextRef="AsOf20101231" decimals="-3" unitRef="TWD">48130000</tw-gaap-ci:RetainedEarnings>
	<tw-gaap-ci:RetainedEarnings contextRef="AsOf20091231" decimals="-3" unitRef="TWD">62539000</tw-gaap-ci:RetainedEarnings>
	<tw-gaap-ci:CumulativeTranslationAdjustments contextRef="AsOf20101231" decimals="-3" unitRef="TWD">-1953000</tw-gaap-ci:CumulativeTranslationAdjustments>
	<tw-gaap-ci:CumulativeTranslationAdjustments contextRef="AsOf20091231" decimals="-3" unitRef="TWD">-2144000</tw-gaap-ci:CumulativeTranslationAdjustments>
	<tw-gaap-ci:StockholdersEquitiesAdjustments contextRef="AsOf20101231" decimals="-3" unitRef="TWD">-1953000</tw-gaap-ci:StockholdersEquitiesAdjustments>
	<tw-gaap-ci:StockholdersEquitiesAdjustments contextRef="AsOf20091231" decimals="-3" unitRef="TWD">-2144000</tw-gaap-ci:StockholdersEquitiesAdjustments>
	<tw-gaap-ci:StockholdersEquities contextRef="AsOf20101231" decimals="-3" unitRef="TWD">582866000</tw-gaap-ci:StockholdersEquities>
	<tw-gaap-ci:StockholdersEquities contextRef="AsOf20091231" decimals="-3" unitRef="TWD">597084000</tw-gaap-ci:StockholdersEquities>
	<tw-gaap-ci:EquivalentSharesOutstandingAdvanceReceiptsCommonStock contextRef="AsOf20101231" decimals="0" unitRef="Shares">0</tw-gaap-ci:EquivalentSharesOutstandingAdvanceReceiptsCommonStock>
	<tw-gaap-ci:EquivalentSharesOutstandingAdvanceReceiptsCommonStock contextRef="AsOf20091231" decimals="0" unitRef="Shares">0</tw-gaap-ci:EquivalentSharesOutstandingAdvanceReceiptsCommonStock>
	<tw-gaap-ci:NumberTreasuryStockAcquiredCompanySubsidiaries contextRef="AsOf20101231" decimals="0" unitRef="Shares">0</tw-gaap-ci:NumberTreasuryStockAcquiredCompanySubsidiaries>
	<tw-gaap-ci:NumberTreasuryStockAcquiredCompanySubsidiaries contextRef="AsOf20091231" decimals="0" unitRef="Shares">0</tw-gaap-ci:NumberTreasuryStockAcquiredCompanySubsidiaries>
	<tw-gaap-ci:Sales contextRef="From20100101To20101231" decimals="-3" unitRef="TWD">643560000</tw-gaap-ci:Sales>
	<tw-gaap-ci:Sales contextRef="From20090101To20091231" decimals="-3" unitRef="TWD">624381000</tw-gaap-ci:Sales>
	<tw-gaap-ci:SalesReturns contextRef="From20100101To20101231" decimals="-3" unitRef="TWD">226000</tw-gaap-ci:SalesReturns>
	<tw-gaap-ci:SalesReturns contextRef="From20090101To20091231" decimals="-3" unitRef="TWD">214000</tw-gaap-ci:SalesReturns>
	<tw-gaap-ci:SalesDiscountsAllowances contextRef="From20100101To20101231" decimals="-3" unitRef="TWD">14635000</tw-gaap-ci:SalesDiscountsAllowances>
	<tw-gaap-ci:SalesDiscountsAllowances contextRef="From20090101To20091231" decimals="-3" unitRef="TWD">13679000</tw-gaap-ci:SalesDiscountsAllowances>
	<tw-gaap-ci:NetSales contextRef="From20100101To20101231" decimals="-3" unitRef="TWD">628699000</tw-gaap-ci:NetSales>
	<tw-gaap-ci:NetSales contextRef="From20090101To20091231" decimals="-3" unitRef="TWD">610488000</tw-gaap-ci:NetSales>
	<tw-gaap-ci:ProcessingFeesRevenue contextRef="From20100101To20101231" decimals="-3" unitRef="TWD">800000</tw-gaap-ci:ProcessingFeesRevenue>
	<tw-gaap-ci:ProcessingFeesRevenue contextRef="From20090101To20091231" decimals="-3" unitRef="TWD">893000</tw-gaap-ci:ProcessingFeesRevenue>
	<tw-gaap-ci:TotalServiceRevenue contextRef="From20100101To20101231" decimals="-3" unitRef="TWD">800000</tw-gaap-ci:TotalServiceRevenue>
	<tw-gaap-ci:TotalServiceRevenue contextRef="From20090101To20091231" decimals="-3" unitRef="TWD">893000</tw-gaap-ci:TotalServiceRevenue>
	<tw-gaap-ci:OtherOperatingRevenue contextRef="From20100101To20101231" decimals="-3" unitRef="TWD">47449000</tw-gaap-ci:OtherOperatingRevenue>
	<tw-gaap-ci:OtherOperatingRevenue contextRef="From20090101To20091231" decimals="-3" unitRef="TWD">48192000</tw-gaap-ci:OtherOperatingRevenue>
	<tw-gaap-ci:OperatingRevenue contextRef="From20100101To20101231" decimals="-3" unitRef="TWD">676948000</tw-gaap-ci:OperatingRevenue>
	<tw-gaap-ci:OperatingRevenue contextRef="From20090101To20091231" decimals="-3" unitRef="TWD">659573000</tw-gaap-ci:OperatingRevenue>
	<tw-gaap-ci:CostSales contextRef="From20100101To20101231" decimals="-3" unitRef="TWD">556719000</tw-gaap-ci:CostSales>
	<tw-gaap-ci:CostSales contextRef="From20090101To20091231" decimals="-3" unitRef="TWD">517567000</tw-gaap-ci:CostSales>
	<tw-gaap-ci:ProcessingCost contextRef="From20100101To20101231" decimals="-3" unitRef="TWD">1043000</tw-gaap-ci:ProcessingCost>
	<tw-gaap-ci:ProcessingCost contextRef="From20090101To20091231" decimals="-3" unitRef="TWD">1016000</tw-gaap-ci:ProcessingCost>
	<tw-gaap-ci:TotalCostServices contextRef="From20100101To20101231" decimals="-3" unitRef="TWD">1043000</tw-gaap-ci:TotalCostServices>
	<tw-gaap-ci:TotalCostServices contextRef="From20090101To20091231" decimals="-3" unitRef="TWD">1016000</tw-gaap-ci:TotalCostServices>
	<tw-gaap-ci:OtherOperatingCosts contextRef="From20100101To20101231" decimals="-3" unitRef="TWD">42819000</tw-gaap-ci:OtherOperatingCosts>
	<tw-gaap-ci:OtherOperatingCosts contextRef="From20090101To20091231" decimals="-3" unitRef="TWD">52643000</tw-gaap-ci:OtherOperatingCosts>
	<tw-gaap-ci:OperatingCosts contextRef="From20100101To20101231" decimals="-3" unitRef="TWD">600581000</tw-gaap-ci:OperatingCosts>
	<tw-gaap-ci:OperatingCosts contextRef="From20090101To20091231" decimals="-3" unitRef="TWD">571226000</tw-gaap-ci:OperatingCosts>
	<tw-gaap-ci:GrossProfitLossOperations contextRef="From20100101To20101231" decimals="-3" unitRef="TWD">76367000</tw-gaap-ci:GrossProfitLossOperations>
	<tw-gaap-ci:GrossProfitLossOperations contextRef="From20090101To20091231" decimals="-3" unitRef="TWD">88347000</tw-gaap-ci:GrossProfitLossOperations>
	<tw-gaap-ci:UnrealizedGainInterAffiliateAccounts contextRef="From20100101To20101231" decimals="-3" unitRef="TWD">513000</tw-gaap-ci:UnrealizedGainInterAffiliateAccounts>
	<tw-gaap-ci:UnrealizedGainInterAffiliateAccounts contextRef="From20090101To20091231" decimals="-3" unitRef="TWD">300000</tw-gaap-ci:UnrealizedGainInterAffiliateAccounts>
	<tw-gaap-ci:RealizedGainInterAffiliateAccounts contextRef="From20100101To20101231" decimals="-3" unitRef="TWD">300000</tw-gaap-ci:RealizedGainInterAffiliateAccounts>
	<tw-gaap-ci:RealizedGainInterAffiliateAccounts contextRef="From20090101To20091231" decimals="-3" unitRef="TWD">468000</tw-gaap-ci:RealizedGainInterAffiliateAccounts>
	<tw-gaap-ci:Sellingexpense contextRef="From20100101To20101231" decimals="-3" unitRef="TWD">51046000</tw-gaap-ci:Sellingexpense>
	<tw-gaap-ci:Sellingexpense contextRef="From20090101To20091231" decimals="-3" unitRef="TWD">54924000</tw-gaap-ci:Sellingexpense>
	<tw-gaap-ci:GeneralAdministrativeExpenses contextRef="From20100101To20101231" decimals="-3" unitRef="TWD">18570000</tw-gaap-ci:GeneralAdministrativeExpenses>
	<tw-gaap-ci:GeneralAdministrativeExpenses contextRef="From20090101To20091231" decimals="-3" unitRef="TWD">18939000</tw-gaap-ci:GeneralAdministrativeExpenses>
	<tw-gaap-ci:OperatingExpenses contextRef="From20100101To20101231" decimals="-3" unitRef="TWD">69616000</tw-gaap-ci:OperatingExpenses>
	<tw-gaap-ci:OperatingExpenses contextRef="From20090101To20091231" decimals="-3" unitRef="TWD">73863000</tw-gaap-ci:OperatingExpenses>
	<tw-gaap-ci:OperatingIncomeLoss contextRef="From20100101To20101231" decimals="-3" unitRef="TWD">6538000</tw-gaap-ci:OperatingIncomeLoss>
	<tw-gaap-ci:OperatingIncomeLoss contextRef="From20090101To20091231" decimals="-3" unitRef="TWD">14652000</tw-gaap-ci:OperatingIncomeLoss>
	<tw-gaap-ci:InterestIncome contextRef="From20100101To20101231" decimals="-3" unitRef="TWD">1488000</tw-gaap-ci:InterestIncome>
	<tw-gaap-ci:InterestIncome contextRef="From20090101To20091231" decimals="-3" unitRef="TWD">3253000</tw-gaap-ci:InterestIncome>
	<tw-gaap-ci:InvestmentGainsRecognizedEquityMethod contextRef="From20100101To20101231" decimals="-3" unitRef="TWD">0</tw-gaap-ci:InvestmentGainsRecognizedEquityMethod>
	<tw-gaap-ci:InvestmentGainsRecognizedEquityMethod contextRef="From20090101To20091231" decimals="-3" unitRef="TWD">4627000</tw-gaap-ci:InvestmentGainsRecognizedEquityMethod>
	<tw-gaap-ci:InvestmentGains contextRef="From20100101To20101231" decimals="-3" unitRef="TWD">0</tw-gaap-ci:InvestmentGains>
	<tw-gaap-ci:InvestmentGains contextRef="From20090101To20091231" decimals="-3" unitRef="TWD">4627000</tw-gaap-ci:InvestmentGains>
	<tw-gaap-ci:RentIncome contextRef="From20100101To20101231" decimals="-3" unitRef="TWD">1484000</tw-gaap-ci:RentIncome>
	<tw-gaap-ci:RentIncome contextRef="From20090101To20091231" decimals="-3" unitRef="TWD">1412000</tw-gaap-ci:RentIncome>
	<tw-gaap-ci:MiscellaneousIncome contextRef="From20100101To20101231" decimals="-3" unitRef="TWD">1773000</tw-gaap-ci:MiscellaneousIncome>
	<tw-gaap-ci:MiscellaneousIncome contextRef="From20090101To20091231" decimals="-3" unitRef="TWD">23100000</tw-gaap-ci:MiscellaneousIncome>
	<tw-gaap-ci:NonOperatingIncomeGains contextRef="From20100101To20101231" decimals="-3" unitRef="TWD">4745000</tw-gaap-ci:NonOperatingIncomeGains>
	<tw-gaap-ci:NonOperatingIncomeGains contextRef="From20090101To20091231" decimals="-3" unitRef="TWD">32392000</tw-gaap-ci:NonOperatingIncomeGains>
	<tw-gaap-ci:InterestExpense contextRef="From20100101To20101231" decimals="-3" unitRef="TWD">419000</tw-gaap-ci:InterestExpense>
	<tw-gaap-ci:InterestExpense contextRef="From20090101To20091231" decimals="-3" unitRef="TWD">555000</tw-gaap-ci:InterestExpense>
	<tw-gaap-ci:NonOperatingExpensesInvestmentLossRecognizedEquityMethod contextRef="From20100101To20101231" decimals="-3" unitRef="TWD">896000</tw-gaap-ci:NonOperatingExpensesInvestmentLossRecognizedEquityMethod>
	<tw-gaap-ci:NonOperatingExpensesInvestmentLossRecognizedEquityMethod contextRef="From20090101To20091231" decimals="-3" unitRef="TWD">0</tw-gaap-ci:NonOperatingExpensesInvestmentLossRecognizedEquityMethod>
	<tw-gaap-ci:NonOperatingExpensesInvestmentLoss contextRef="From20100101To20101231" decimals="-3" unitRef="TWD">896000</tw-gaap-ci:NonOperatingExpensesInvestmentLoss>
	<tw-gaap-ci:NonOperatingExpensesInvestmentLoss contextRef="From20090101To20091231" decimals="-3" unitRef="TWD">0</tw-gaap-ci:NonOperatingExpensesInvestmentLoss>
	<tw-gaap-ci:ForeignExchangeLosses contextRef="From20100101To20101231" decimals="-3" unitRef="TWD">1041000</tw-gaap-ci:ForeignExchangeLosses>
	<tw-gaap-ci:ForeignExchangeLosses contextRef="From20090101To20091231" decimals="-3" unitRef="TWD">386000</tw-gaap-ci:ForeignExchangeLosses>
	<tw-gaap-ci:ImpairmentLossAssets contextRef="From20100101To20101231" decimals="-3" unitRef="TWD">19110000</tw-gaap-ci:ImpairmentLossAssets>
	<tw-gaap-ci:ImpairmentLossAssets contextRef="From20090101To20091231" decimals="-3" unitRef="TWD">28392000</tw-gaap-ci:ImpairmentLossAssets>
	<tw-gaap-ci:MiscellaneousDisbursements contextRef="From20100101To20101231" decimals="-3" unitRef="TWD">1250000</tw-gaap-ci:MiscellaneousDisbursements>
	<tw-gaap-ci:MiscellaneousDisbursements contextRef="From20090101To20091231" decimals="-3" unitRef="TWD">343000</tw-gaap-ci:MiscellaneousDisbursements>
	<tw-gaap-ci:NonOperatingExpenses contextRef="From20100101To20101231" decimals="-3" unitRef="TWD">22716000</tw-gaap-ci:NonOperatingExpenses>
	<tw-gaap-ci:NonOperatingExpenses contextRef="From20090101To20091231" decimals="-3" unitRef="TWD">29676000</tw-gaap-ci:NonOperatingExpenses>
	<tw-gaap-ci:IncomeContinuingOperationsBeforeIncomeTax contextRef="From20100101To20101231" decimals="-3" unitRef="TWD">-11433000</tw-gaap-ci:IncomeContinuingOperationsBeforeIncomeTax>
	<tw-gaap-ci:IncomeContinuingOperationsBeforeIncomeTax contextRef="From20090101To20091231" decimals="-3" unitRef="TWD">17368000</tw-gaap-ci:IncomeContinuingOperationsBeforeIncomeTax>
	<tw-gaap-ci:IncomeTaxExpenseBenefit contextRef="From20100101To20101231" decimals="-3" unitRef="TWD">2976000</tw-gaap-ci:IncomeTaxExpenseBenefit>
	<tw-gaap-ci:IncomeTaxExpenseBenefit contextRef="From20090101To20091231" decimals="-3" unitRef="TWD">5444000</tw-gaap-ci:IncomeTaxExpenseBenefit>
	<tw-gaap-ci:IncomeContinuingOperations contextRef="From20100101To20101231" decimals="-3" unitRef="TWD">-14409000</tw-gaap-ci:IncomeContinuingOperations>
	<tw-gaap-ci:IncomeContinuingOperations contextRef="From20090101To20091231" decimals="-3" unitRef="TWD">11924000</tw-gaap-ci:IncomeContinuingOperations>
	<tw-gaap-ci:NetIncomeLoss contextRef="From20100101To20101231" decimals="-3" unitRef="TWD">-14409000</tw-gaap-ci:NetIncomeLoss>
	<tw-gaap-ci:NetIncomeLoss contextRef="From20090101To20091231" decimals="-3" unitRef="TWD">11924000</tw-gaap-ci:NetIncomeLoss>
	<tw-gaap-ci:PrimaryEarningsPerShareIncomeLossContinuingOperations contextRef="From20100101To20101231" decimals="2" unitRef="TWD">-0.28</tw-gaap-ci:PrimaryEarningsPerShareIncomeLossContinuingOperations>
	<tw-gaap-ci:PrimaryEarningsPerShareIncomeLossContinuingOperations contextRef="From20090101To20091231" decimals="2" unitRef="TWD">0.23</tw-gaap-ci:PrimaryEarningsPerShareIncomeLossContinuingOperations>
	<tw-gaap-ci:PrimaryEarningsPerShare contextRef="From20100101To20101231" decimals="2" unitRef="TWD">-0.28</tw-gaap-ci:PrimaryEarningsPerShare>
	<tw-gaap-ci:PrimaryEarningsPerShare contextRef="From20090101To20091231" decimals="2" unitRef="TWD">0.23</tw-gaap-ci:PrimaryEarningsPerShare>
	<tw-gaap-ci:NetIncomeLoss_StatementCashFlows contextRef="From20100101To20101231" decimals="-3" unitRef="TWD">-14409000</tw-gaap-ci:NetIncomeLoss_StatementCashFlows>
	<tw-gaap-ci:NetIncomeLoss_StatementCashFlows contextRef="From20090101To20091231" decimals="-3" unitRef="TWD">11924000</tw-gaap-ci:NetIncomeLoss_StatementCashFlows>
	<tw-gaap-ci:DepreciationExpense-Operating contextRef="From20100101To20101231" decimals="-3" unitRef="TWD">11246000</tw-gaap-ci:DepreciationExpense-Operating>
	<tw-gaap-ci:DepreciationExpense-Operating contextRef="From20090101To20091231" decimals="-3" unitRef="TWD">11593000</tw-gaap-ci:DepreciationExpense-Operating>
	<tw-gaap-ci:AmortizationExpense-Operating contextRef="From20100101To20101231" decimals="-3" unitRef="TWD">9174000</tw-gaap-ci:AmortizationExpense-Operating>
	<tw-gaap-ci:AmortizationExpense-Operating contextRef="From20090101To20091231" decimals="-3" unitRef="TWD">14875000</tw-gaap-ci:AmortizationExpense-Operating>
	<tw-gaap-ci:GainLossInventoryValuationObsolescenceRecoverie contextRef="From20100101To20101231" decimals="-3" unitRef="TWD">261000</tw-gaap-ci:GainLossInventoryValuationObsolescenceRecoverie>
	<tw-gaap-ci:GainLossInventoryValuationObsolescenceRecoverie contextRef="From20090101To20091231" decimals="-3" unitRef="TWD">580000</tw-gaap-ci:GainLossInventoryValuationObsolescenceRecoverie>
	<tw-gaap-ci:InvestmentLossIncomeRecognizedEquityMethod contextRef="From20100101To20101231" decimals="-3" unitRef="TWD">896000</tw-gaap-ci:InvestmentLossIncomeRecognizedEquityMethod>
	<tw-gaap-ci:InvestmentLossIncomeRecognizedEquityMethod contextRef="From20090101To20091231" decimals="-3" unitRef="TWD">-4627000</tw-gaap-ci:InvestmentLossIncomeRecognizedEquityMethod>
	<tw-gaap-ci:GainLossDisposalScrappingFixedAssets contextRef="From20100101To20101231" decimals="-3" unitRef="TWD">9000</tw-gaap-ci:GainLossDisposalScrappingFixedAssets>
	<tw-gaap-ci:GainLossDisposalScrappingFixedAssets contextRef="From20090101To20091231" decimals="-3" unitRef="TWD">0</tw-gaap-ci:GainLossDisposalScrappingFixedAssets>
	<tw-gaap-ci:DisposalOtherAssetsLossesGains contextRef="From20100101To20101231" decimals="-3" unitRef="TWD">0</tw-gaap-ci:DisposalOtherAssetsLossesGains>
	<tw-gaap-ci:DisposalOtherAssetsLossesGains contextRef="From20090101To20091231" decimals="-3" unitRef="TWD">-166000</tw-gaap-ci:DisposalOtherAssetsLossesGains>
	<tw-gaap-ci:ImpairmentLossesNonFinancialAssets contextRef="From20100101To20101231" decimals="-3" unitRef="TWD">19110000</tw-gaap-ci:ImpairmentLossesNonFinancialAssets>
	<tw-gaap-ci:ImpairmentLossesNonFinancialAssets contextRef="From20090101To20091231" decimals="-3" unitRef="TWD">28392000</tw-gaap-ci:ImpairmentLossesNonFinancialAssets>
	<tw-gaap-ci:OtherAdjustmentsReconcileNetIncomeNetCashProvidedUsedOperatingActivities contextRef="From20100101To20101231" decimals="-3" unitRef="TWD">0</tw-gaap-ci:OtherAdjustmentsReconcileNetIncomeNetCashProvidedUsedOperatingActivities>
	<tw-gaap-ci:OtherAdjustmentsReconcileNetIncomeNetCashProvidedUsedOperatingActivities contextRef="From20090101To20091231" decimals="-3" unitRef="TWD">-21948000</tw-gaap-ci:OtherAdjustmentsReconcileNetIncomeNetCashProvidedUsedOperatingActivities>
	<tw-gaap-ci:AdjustmentsReconcileNetIncomeNetCashProvidedUsedOperatingActivities contextRef="From20100101To20101231" decimals="-3" unitRef="TWD">40696000</tw-gaap-ci:AdjustmentsReconcileNetIncomeNetCashProvidedUsedOperatingActivities>
	<tw-gaap-ci:AdjustmentsReconcileNetIncomeNetCashProvidedUsedOperatingActivities contextRef="From20090101To20091231" decimals="-3" unitRef="TWD">28699000</tw-gaap-ci:AdjustmentsReconcileNetIncomeNetCashProvidedUsedOperatingActivities>
	<tw-gaap-ci:ChangesAccountsReceivableRelatedParties contextRef="From20100101To20101231" decimals="-3" unitRef="TWD">-6296000</tw-gaap-ci:ChangesAccountsReceivableRelatedParties>
	<tw-gaap-ci:ChangesAccountsReceivableRelatedParties contextRef="From20090101To20091231" decimals="-3" unitRef="TWD">11373000</tw-gaap-ci:ChangesAccountsReceivableRelatedParties>
	<tw-gaap-ci:ChangesInventories contextRef="From20100101To20101231" decimals="-3" unitRef="TWD">-8805000</tw-gaap-ci:ChangesInventories>
	<tw-gaap-ci:ChangesInventories contextRef="From20090101To20091231" decimals="-3" unitRef="TWD">-107000</tw-gaap-ci:ChangesInventories>
	<tw-gaap-ci:ChangesOtherCurrentAssets_CI contextRef="From20100101To20101231" decimals="-3" unitRef="TWD">-1410000</tw-gaap-ci:ChangesOtherCurrentAssets_CI>
	<tw-gaap-ci:ChangesOtherCurrentAssets_CI contextRef="From20090101To20091231" decimals="-3" unitRef="TWD">1241000</tw-gaap-ci:ChangesOtherCurrentAssets_CI>
	<tw-gaap-ci:ChangesDeferredTaxAssets contextRef="From20100101To20101231" decimals="-3" unitRef="TWD">166000</tw-gaap-ci:ChangesDeferredTaxAssets>
	<tw-gaap-ci:ChangesDeferredTaxAssets contextRef="From20090101To20091231" decimals="-3" unitRef="TWD">4449000</tw-gaap-ci:ChangesDeferredTaxAssets>
	<tw-gaap-ci:ChangesOperatingAssets contextRef="From20100101To20101231" decimals="-3" unitRef="TWD">-16345000</tw-gaap-ci:ChangesOperatingAssets>
	<tw-gaap-ci:ChangesOperatingAssets contextRef="From20090101To20091231" decimals="-3" unitRef="TWD">16956000</tw-gaap-ci:ChangesOperatingAssets>
	<tw-gaap-ci:ChangesNotesPayable contextRef="From20100101To20101231" decimals="-3" unitRef="TWD">-2077000</tw-gaap-ci:ChangesNotesPayable>
	<tw-gaap-ci:ChangesNotesPayable contextRef="From20090101To20091231" decimals="-3" unitRef="TWD">3158000</tw-gaap-ci:ChangesNotesPayable>
	<tw-gaap-ci:ChangesAccountsPayable contextRef="From20100101To20101231" decimals="-3" unitRef="TWD">11498000</tw-gaap-ci:ChangesAccountsPayable>
	<tw-gaap-ci:ChangesAccountsPayable contextRef="From20090101To20091231" decimals="-3" unitRef="TWD">-2361000</tw-gaap-ci:ChangesAccountsPayable>
	<tw-gaap-ci:ChangesAccountsPayableRelatedParties contextRef="From20100101To20101231" decimals="-3" unitRef="TWD">1888000</tw-gaap-ci:ChangesAccountsPayableRelatedParties>
	<tw-gaap-ci:ChangesAccountsPayableRelatedParties contextRef="From20090101To20091231" decimals="-3" unitRef="TWD">1039000</tw-gaap-ci:ChangesAccountsPayableRelatedParties>
	<tw-gaap-ci:ChangesIncomeTaxPayable contextRef="From20100101To20101231" decimals="-3" unitRef="TWD">7000</tw-gaap-ci:ChangesIncomeTaxPayable>
	<tw-gaap-ci:ChangesIncomeTaxPayable contextRef="From20090101To20091231" decimals="-3" unitRef="TWD">-1720000</tw-gaap-ci:ChangesIncomeTaxPayable>
	<tw-gaap-ci:ChangesAccruedExpenses contextRef="From20100101To20101231" decimals="-3" unitRef="TWD">-5674000</tw-gaap-ci:ChangesAccruedExpenses>
	<tw-gaap-ci:ChangesAccruedExpenses contextRef="From20090101To20091231" decimals="-3" unitRef="TWD">2927000</tw-gaap-ci:ChangesAccruedExpenses>
	<tw-gaap-ci:ChangesOtherCurrentLiabilities_CI contextRef="From20100101To20101231" decimals="-3" unitRef="TWD">221000</tw-gaap-ci:ChangesOtherCurrentLiabilities_CI>
	<tw-gaap-ci:ChangesOtherCurrentLiabilities_CI contextRef="From20090101To20091231" decimals="-3" unitRef="TWD">2298000</tw-gaap-ci:ChangesOtherCurrentLiabilities_CI>
	<tw-gaap-ci:ChangesAccruedPensionLiabilities contextRef="From20100101To20101231" decimals="-3" unitRef="TWD">0</tw-gaap-ci:ChangesAccruedPensionLiabilities>
	<tw-gaap-ci:ChangesAccruedPensionLiabilities contextRef="From20090101To20091231" decimals="-3" unitRef="TWD">-13018000</tw-gaap-ci:ChangesAccruedPensionLiabilities>
	<tw-gaap-ci:ChangesDeferredCredits contextRef="From20100101To20101231" decimals="-3" unitRef="TWD">213000</tw-gaap-ci:ChangesDeferredCredits>
	<tw-gaap-ci:ChangesDeferredCredits contextRef="From20090101To20091231" decimals="-3" unitRef="TWD">-168000</tw-gaap-ci:ChangesDeferredCredits>
	<tw-gaap-ci:ChangesOperatingLiabilities contextRef="From20100101To20101231" decimals="-3" unitRef="TWD">6076000</tw-gaap-ci:ChangesOperatingLiabilities>
	<tw-gaap-ci:ChangesOperatingLiabilities contextRef="From20090101To20091231" decimals="-3" unitRef="TWD">-7845000</tw-gaap-ci:ChangesOperatingLiabilities>
	<tw-gaap-ci:ChangesOperatingAssetsLiabilities contextRef="From20100101To20101231" decimals="-3" unitRef="TWD">-10269000</tw-gaap-ci:ChangesOperatingAssetsLiabilities>
	<tw-gaap-ci:ChangesOperatingAssetsLiabilities contextRef="From20090101To20091231" decimals="-3" unitRef="TWD">9111000</tw-gaap-ci:ChangesOperatingAssetsLiabilities>
	<tw-gaap-ci:NetCashProvidedUsedOperatingActivities contextRef="From20100101To20101231" decimals="-3" unitRef="TWD">16018000</tw-gaap-ci:NetCashProvidedUsedOperatingActivities>
	<tw-gaap-ci:NetCashProvidedUsedOperatingActivities contextRef="From20090101To20091231" decimals="-3" unitRef="TWD">49734000</tw-gaap-ci:NetCashProvidedUsedOperatingActivities>
	<tw-gaap-ci:AcquisitionPropertyPlantEquipment contextRef="From20100101To20101231" decimals="-3" unitRef="TWD">-3554000</tw-gaap-ci:AcquisitionPropertyPlantEquipment>
	<tw-gaap-ci:AcquisitionPropertyPlantEquipment contextRef="From20090101To20091231" decimals="-3" unitRef="TWD">-2080000</tw-gaap-ci:AcquisitionPropertyPlantEquipment>
	<tw-gaap-ci:ProceedsDisposalRentalAssetsIdleAssets contextRef="From20100101To20101231" decimals="-3" unitRef="TWD">0</tw-gaap-ci:ProceedsDisposalRentalAssetsIdleAssets>
	<tw-gaap-ci:ProceedsDisposalRentalAssetsIdleAssets contextRef="From20090101To20091231" decimals="-3" unitRef="TWD">166000</tw-gaap-ci:ProceedsDisposalRentalAssetsIdleAssets>
	<tw-gaap-ci:ChangesRefundableDeposits contextRef="From20100101To20101231" decimals="-3" unitRef="TWD">20000</tw-gaap-ci:ChangesRefundableDeposits>
	<tw-gaap-ci:ChangesRefundableDeposits contextRef="From20090101To20091231" decimals="-3" unitRef="TWD">580000</tw-gaap-ci:ChangesRefundableDeposits>
	<tw-gaap-ci:IncreaseDeferredCharges contextRef="From20100101To20101231" decimals="-3" unitRef="TWD">-9110000</tw-gaap-ci:IncreaseDeferredCharges>
	<tw-gaap-ci:IncreaseDeferredCharges contextRef="From20090101To20091231" decimals="-3" unitRef="TWD">-23364000</tw-gaap-ci:IncreaseDeferredCharges>
	<tw-gaap-ci:ChangesOtherReceivablesRelatedParties contextRef="From20100101To20101231" decimals="-3" unitRef="TWD">-3931000</tw-gaap-ci:ChangesOtherReceivablesRelatedParties>
	<tw-gaap-ci:ChangesOtherReceivablesRelatedParties contextRef="From20090101To20091231" decimals="-3" unitRef="TWD">-1281000</tw-gaap-ci:ChangesOtherReceivablesRelatedParties>
	<tw-gaap-ci:ChangesOtherFinancialAssets contextRef="From20100101To20101231" decimals="-3" unitRef="TWD">-4172000</tw-gaap-ci:ChangesOtherFinancialAssets>
	<tw-gaap-ci:ChangesOtherFinancialAssets contextRef="From20090101To20091231" decimals="-3" unitRef="TWD">15000000</tw-gaap-ci:ChangesOtherFinancialAssets>
	<tw-gaap-ci:NetCashProvidedUsedInvestingActivities contextRef="From20100101To20101231" decimals="-3" unitRef="TWD">-20747000</tw-gaap-ci:NetCashProvidedUsedInvestingActivities>
	<tw-gaap-ci:NetCashProvidedUsedInvestingActivities contextRef="From20090101To20091231" decimals="-3" unitRef="TWD">-10979000</tw-gaap-ci:NetCashProvidedUsedInvestingActivities>
	<tw-gaap-ci:ChangesShortTermLoans contextRef="From20100101To20101231" decimals="-3" unitRef="TWD">-5000000</tw-gaap-ci:ChangesShortTermLoans>
	<tw-gaap-ci:ChangesShortTermLoans contextRef="From20090101To20091231" decimals="-3" unitRef="TWD">-3500000</tw-gaap-ci:ChangesShortTermLoans>
	<tw-gaap-ci:ChangesGuaranteeDepositsReceived contextRef="From20100101To20101231" decimals="-3" unitRef="TWD">324000</tw-gaap-ci:ChangesGuaranteeDepositsReceived>
	<tw-gaap-ci:ChangesGuaranteeDepositsReceived contextRef="From20090101To20091231" decimals="-3" unitRef="TWD">257000</tw-gaap-ci:ChangesGuaranteeDepositsReceived>
	<tw-gaap-ci:NetCashProvidedUsedFinancingActivities contextRef="From20100101To20101231" decimals="-3" unitRef="TWD">-4676000</tw-gaap-ci:NetCashProvidedUsedFinancingActivities>
	<tw-gaap-ci:NetCashProvidedUsedFinancingActivities contextRef="From20090101To20091231" decimals="-3" unitRef="TWD">-3243000</tw-gaap-ci:NetCashProvidedUsedFinancingActivities>
	<tw-gaap-ci:NetChangesCashCashEquivalents contextRef="From20100101To20101231" decimals="-3" unitRef="TWD">-9405000</tw-gaap-ci:NetChangesCashCashEquivalents>
	<tw-gaap-ci:NetChangesCashCashEquivalents contextRef="From20090101To20091231" decimals="-3" unitRef="TWD">35512000</tw-gaap-ci:NetChangesCashCashEquivalents>
	<tw-gaap-ci:CashCashEquivalents contextRef="AsOf20100101" decimals="-3" unitRef="TWD">122836000</tw-gaap-ci:CashCashEquivalents>
	<tw-gaap-ci:CashCashEquivalents contextRef="AsOf20090101" decimals="-3" unitRef="TWD">87324000</tw-gaap-ci:CashCashEquivalents>
	<tw-gaap-ci:InterestPaid contextRef="From20100101To20101231" decimals="-3" unitRef="TWD">405000</tw-gaap-ci:InterestPaid>
	<tw-gaap-ci:InterestPaid contextRef="From20090101To20091231" decimals="-3" unitRef="TWD">605000</tw-gaap-ci:InterestPaid>
	<tw-gaap-ci:InterestPaidExcludingCapitalizedInterest contextRef="From20100101To20101231" decimals="-3" unitRef="TWD">405000</tw-gaap-ci:InterestPaidExcludingCapitalizedInterest>
	<tw-gaap-ci:InterestPaidExcludingCapitalizedInterest contextRef="From20090101To20091231" decimals="-3" unitRef="TWD">605000</tw-gaap-ci:InterestPaidExcludingCapitalizedInterest>
	<tw-gaap-ci:IncomeTaxPaid contextRef="From20100101To20101231" decimals="-3" unitRef="TWD">1627000</tw-gaap-ci:IncomeTaxPaid>
	<tw-gaap-ci:IncomeTaxPaid contextRef="From20090101To20091231" decimals="-3" unitRef="TWD">3524000</tw-gaap-ci:IncomeTaxPaid>
	<tw-gaap-ci:BeginningBalanceMember contextRef="AsOf20101231_CommonStockValueMember" decimals="-3" unitRef="TWD">514751000</tw-gaap-ci:BeginningBalanceMember>
	<tw-gaap-ci:BeginningBalanceMember contextRef="AsOf20101231_CapitalStockMember" decimals="-3" unitRef="TWD">514751000</tw-gaap-ci:BeginningBalanceMember>
	<tw-gaap-ci:BeginningBalanceMember contextRef="AsOf20101231_CapitalSurplusMember" decimals="-3" unitRef="TWD">21938000</tw-gaap-ci:BeginningBalanceMember>
	<tw-gaap-ci:BeginningBalanceMember contextRef="AsOf20101231_LegalReserveMember" decimals="-3" unitRef="TWD">10362000</tw-gaap-ci:BeginningBalanceMember>
	<tw-gaap-ci:BeginningBalanceMember contextRef="AsOf20101231_SpecialReserveMember" decimals="-3" unitRef="TWD">2325000</tw-gaap-ci:BeginningBalanceMember>
	<tw-gaap-ci:BeginningBalanceMember contextRef="AsOf20101231_UnappropriatedRetainedEarningsMember" decimals="-3" unitRef="TWD">49852000</tw-gaap-ci:BeginningBalanceMember>
	<tw-gaap-ci:BeginningBalanceMember contextRef="AsOf20101231_RetainedEarningsMember" decimals="-3" unitRef="TWD">62539000</tw-gaap-ci:BeginningBalanceMember>
	<tw-gaap-ci:BeginningBalanceMember contextRef="AsOf20101231_CumulativeTranslationAdjustmentsMember" decimals="-3" unitRef="TWD">-2144000</tw-gaap-ci:BeginningBalanceMember>
	<tw-gaap-ci:BeginningBalanceMember contextRef="AsOf20101231_StockholdersEquitiesAdjustmentsMember" decimals="-3" unitRef="TWD">-2144000</tw-gaap-ci:BeginningBalanceMember>
	<tw-gaap-ci:BeginningBalanceMember contextRef="AsOf20101231_TotalStockholdersEquitiesMember" decimals="-3" unitRef="TWD">597084000</tw-gaap-ci:BeginningBalanceMember>
	<tw-gaap-ci:ReversalSpecialReserveAppropriatedMember contextRef="From20100101To20101231_CommonStockValueMember" decimals="-3" unitRef="TWD">0</tw-gaap-ci:ReversalSpecialReserveAppropriatedMember>
	<tw-gaap-ci:ReversalSpecialReserveAppropriatedMember contextRef="From20100101To20101231_CapitalStockMember" decimals="-3" unitRef="TWD">0</tw-gaap-ci:ReversalSpecialReserveAppropriatedMember>
	<tw-gaap-ci:ReversalSpecialReserveAppropriatedMember contextRef="From20100101To20101231_CapitalSurplusMember" decimals="-3" unitRef="TWD">0</tw-gaap-ci:ReversalSpecialReserveAppropriatedMember>
	<tw-gaap-ci:ReversalSpecialReserveAppropriatedMember contextRef="From20100101To20101231_LegalReserveMember" decimals="-3" unitRef="TWD">0</tw-gaap-ci:ReversalSpecialReserveAppropriatedMember>
	<tw-gaap-ci:ReversalSpecialReserveAppropriatedMember contextRef="From20100101To20101231_SpecialReserveMember" decimals="-3" unitRef="TWD">-181000</tw-gaap-ci:ReversalSpecialReserveAppropriatedMember>
	<tw-gaap-ci:ReversalSpecialReserveAppropriatedMember contextRef="From20100101To20101231_UnappropriatedRetainedEarningsMember" decimals="-3" unitRef="TWD">181000</tw-gaap-ci:ReversalSpecialReserveAppropriatedMember>
	<tw-gaap-ci:ReversalSpecialReserveAppropriatedMember contextRef="From20100101To20101231_RetainedEarningsMember" decimals="-3" unitRef="TWD">0</tw-gaap-ci:ReversalSpecialReserveAppropriatedMember>
	<tw-gaap-ci:ReversalSpecialReserveAppropriatedMember contextRef="From20100101To20101231_CumulativeTranslationAdjustmentsMember" decimals="-3" unitRef="TWD">0</tw-gaap-ci:ReversalSpecialReserveAppropriatedMember>
	<tw-gaap-ci:ReversalSpecialReserveAppropriatedMember contextRef="From20100101To20101231_StockholdersEquitiesAdjustmentsMember" decimals="-3" unitRef="TWD">0</tw-gaap-ci:ReversalSpecialReserveAppropriatedMember>
	<tw-gaap-ci:ReversalSpecialReserveAppropriatedMember contextRef="From20100101To20101231_TotalStockholdersEquitiesMember" decimals="-3" unitRef="TWD">0</tw-gaap-ci:ReversalSpecialReserveAppropriatedMember>
	<tw-gaap-ci:NetIncomeLossMember contextRef="From20100101To20101231_CommonStockValueMember" decimals="-3" unitRef="TWD">0</tw-gaap-ci:NetIncomeLossMember>
	<tw-gaap-ci:NetIncomeLossMember contextRef="From20100101To20101231_CapitalStockMember" decimals="-3" unitRef="TWD">0</tw-gaap-ci:NetIncomeLossMember>
	<tw-gaap-ci:NetIncomeLossMember contextRef="From20100101To20101231_CapitalSurplusMember" decimals="-3" unitRef="TWD">0</tw-gaap-ci:NetIncomeLossMember>
	<tw-gaap-ci:NetIncomeLossMember contextRef="From20100101To20101231_LegalReserveMember" decimals="-3" unitRef="TWD">0</tw-gaap-ci:NetIncomeLossMember>
	<tw-gaap-ci:NetIncomeLossMember contextRef="From20100101To20101231_SpecialReserveMember" decimals="-3" unitRef="TWD">0</tw-gaap-ci:NetIncomeLossMember>
	<tw-gaap-ci:NetIncomeLossMember contextRef="From20100101To20101231_UnappropriatedRetainedEarningsMember" decimals="-3" unitRef="TWD">-14409000</tw-gaap-ci:NetIncomeLossMember>
	<tw-gaap-ci:NetIncomeLossMember contextRef="From20100101To20101231_RetainedEarningsMember" decimals="-3" unitRef="TWD">-14409000</tw-gaap-ci:NetIncomeLossMember>
	<tw-gaap-ci:NetIncomeLossMember contextRef="From20100101To20101231_CumulativeTranslationAdjustmentsMember" decimals="-3" unitRef="TWD">0</tw-gaap-ci:NetIncomeLossMember>
	<tw-gaap-ci:NetIncomeLossMember contextRef="From20100101To20101231_StockholdersEquitiesAdjustmentsMember" decimals="-3" unitRef="TWD">0</tw-gaap-ci:NetIncomeLossMember>
	<tw-gaap-ci:NetIncomeLossMember contextRef="From20100101To20101231_TotalStockholdersEquitiesMember" decimals="-3" unitRef="TWD">-14409000</tw-gaap-ci:NetIncomeLossMember>
	<tw-gaap-ci:LegalReserveAppropriatedMember contextRef="From20100101To20101231_CommonStockValueMember" decimals="-3" unitRef="TWD">0</tw-gaap-ci:LegalReserveAppropriatedMember>
	<tw-gaap-ci:LegalReserveAppropriatedMember contextRef="From20100101To20101231_CapitalStockMember" decimals="-3" unitRef="TWD">0</tw-gaap-ci:LegalReserveAppropriatedMember>
	<tw-gaap-ci:LegalReserveAppropriatedMember contextRef="From20100101To20101231_CapitalSurplusMember" decimals="-3" unitRef="TWD">0</tw-gaap-ci:LegalReserveAppropriatedMember>
	<tw-gaap-ci:LegalReserveAppropriatedMember contextRef="From20100101To20101231_LegalReserveMember" decimals="-3" unitRef="TWD">1193000</tw-gaap-ci:LegalReserveAppropriatedMember>
	<tw-gaap-ci:LegalReserveAppropriatedMember contextRef="From20100101To20101231_SpecialReserveMember" decimals="-3" unitRef="TWD">0</tw-gaap-ci:LegalReserveAppropriatedMember>
	<tw-gaap-ci:LegalReserveAppropriatedMember contextRef="From20100101To20101231_UnappropriatedRetainedEarningsMember" decimals="-3" unitRef="TWD">-1193000</tw-gaap-ci:LegalReserveAppropriatedMember>
	<tw-gaap-ci:LegalReserveAppropriatedMember contextRef="From20100101To20101231_RetainedEarningsMember" decimals="-3" unitRef="TWD">0</tw-gaap-ci:LegalReserveAppropriatedMember>
	<tw-gaap-ci:LegalReserveAppropriatedMember contextRef="From20100101To20101231_CumulativeTranslationAdjustmentsMember" decimals="-3" unitRef="TWD">0</tw-gaap-ci:LegalReserveAppropriatedMember>
	<tw-gaap-ci:LegalReserveAppropriatedMember contextRef="From20100101To20101231_StockholdersEquitiesAdjustmentsMember" decimals="-3" unitRef="TWD">0</tw-gaap-ci:LegalReserveAppropriatedMember>
	<tw-gaap-ci:LegalReserveAppropriatedMember contextRef="From20100101To20101231_TotalStockholdersEquitiesMember" decimals="-3" unitRef="TWD">0</tw-gaap-ci:LegalReserveAppropriatedMember>
	<tw-gaap-ci:ChangesForeignExchangeGainLossTranslationForeignCurrencyFinancialStatementsMember contextRef="From20100101To20101231_CommonStockValueMember" decimals="-3" unitRef="TWD">0</tw-gaap-ci:ChangesForeignExchangeGainLossTranslationForeignCurrencyFinancialStatementsMember>
	<tw-gaap-ci:ChangesForeignExchangeGainLossTranslationForeignCurrencyFinancialStatementsMember contextRef="From20100101To20101231_CapitalStockMember" decimals="-3" unitRef="TWD">0</tw-gaap-ci:ChangesForeignExchangeGainLossTranslationForeignCurrencyFinancialStatementsMember>
	<tw-gaap-ci:ChangesForeignExchangeGainLossTranslationForeignCurrencyFinancialStatementsMember contextRef="From20100101To20101231_CapitalSurplusMember" decimals="-3" unitRef="TWD">0</tw-gaap-ci:ChangesForeignExchangeGainLossTranslationForeignCurrencyFinancialStatementsMember>
	<tw-gaap-ci:ChangesForeignExchangeGainLossTranslationForeignCurrencyFinancialStatementsMember contextRef="From20100101To20101231_LegalReserveMember" decimals="-3" unitRef="TWD">0</tw-gaap-ci:ChangesForeignExchangeGainLossTranslationForeignCurrencyFinancialStatementsMember>
	<tw-gaap-ci:ChangesForeignExchangeGainLossTranslationForeignCurrencyFinancialStatementsMember contextRef="From20100101To20101231_SpecialReserveMember" decimals="-3" unitRef="TWD">0</tw-gaap-ci:ChangesForeignExchangeGainLossTranslationForeignCurrencyFinancialStatementsMember>
	<tw-gaap-ci:ChangesForeignExchangeGainLossTranslationForeignCurrencyFinancialStatementsMember contextRef="From20100101To20101231_UnappropriatedRetainedEarningsMember" decimals="-3" unitRef="TWD">0</tw-gaap-ci:ChangesForeignExchangeGainLossTranslationForeignCurrencyFinancialStatementsMember>
	<tw-gaap-ci:ChangesForeignExchangeGainLossTranslationForeignCurrencyFinancialStatementsMember contextRef="From20100101To20101231_RetainedEarningsMember" decimals="-3" unitRef="TWD">0</tw-gaap-ci:ChangesForeignExchangeGainLossTranslationForeignCurrencyFinancialStatementsMember>
	<tw-gaap-ci:ChangesForeignExchangeGainLossTranslationForeignCurrencyFinancialStatementsMember contextRef="From20100101To20101231_CumulativeTranslationAdjustmentsMember" decimals="-3" unitRef="TWD">191000</tw-gaap-ci:ChangesForeignExchangeGainLossTranslationForeignCurrencyFinancialStatementsMember>
	<tw-gaap-ci:ChangesForeignExchangeGainLossTranslationForeignCurrencyFinancialStatementsMember contextRef="From20100101To20101231_StockholdersEquitiesAdjustmentsMember" decimals="-3" unitRef="TWD">191000</tw-gaap-ci:ChangesForeignExchangeGainLossTranslationForeignCurrencyFinancialStatementsMember>
	<tw-gaap-ci:ChangesForeignExchangeGainLossTranslationForeignCurrencyFinancialStatementsMember contextRef="From20100101To20101231_TotalStockholdersEquitiesMember" decimals="-3" unitRef="TWD">191000</tw-gaap-ci:ChangesForeignExchangeGainLossTranslationForeignCurrencyFinancialStatementsMember>
	<tw-gaap-ci:ChangesMember contextRef="From20100101To20101231_CommonStockValueMember" decimals="-3" unitRef="TWD">0</tw-gaap-ci:ChangesMember>
	<tw-gaap-ci:ChangesMember contextRef="From20100101To20101231_CapitalStockMember" decimals="-3" unitRef="TWD">0</tw-gaap-ci:ChangesMember>
	<tw-gaap-ci:ChangesMember contextRef="From20100101To20101231_CapitalSurplusMember" decimals="-3" unitRef="TWD">0</tw-gaap-ci:ChangesMember>
	<tw-gaap-ci:ChangesMember contextRef="From20100101To20101231_LegalReserveMember" decimals="-3" unitRef="TWD">1193000</tw-gaap-ci:ChangesMember>
	<tw-gaap-ci:ChangesMember contextRef="From20100101To20101231_SpecialReserveMember" decimals="-3" unitRef="TWD">-181000</tw-gaap-ci:ChangesMember>
	<tw-gaap-ci:ChangesMember contextRef="From20100101To20101231_UnappropriatedRetainedEarningsMember" decimals="-3" unitRef="TWD">-15421000</tw-gaap-ci:ChangesMember>
	<tw-gaap-ci:ChangesMember contextRef="From20100101To20101231_RetainedEarningsMember" decimals="-3" unitRef="TWD">-14409000</tw-gaap-ci:ChangesMember>
	<tw-gaap-ci:ChangesMember contextRef="From20100101To20101231_CumulativeTranslationAdjustmentsMember" decimals="-3" unitRef="TWD">191000</tw-gaap-ci:ChangesMember>
	<tw-gaap-ci:ChangesMember contextRef="From20100101To20101231_StockholdersEquitiesAdjustmentsMember" decimals="-3" unitRef="TWD">191000</tw-gaap-ci:ChangesMember>
	<tw-gaap-ci:ChangesMember contextRef="From20100101To20101231_TotalStockholdersEquitiesMember" decimals="-3" unitRef="TWD">-14218000</tw-gaap-ci:ChangesMember>
	<tw-gaap-ci:EndYear contextRef="AsOf20101231_CommonStockValueMember" decimals="-3" unitRef="TWD">514751000</tw-gaap-ci:EndYear>
	<tw-gaap-ci:EndYear contextRef="AsOf20101231_CapitalStockMember" decimals="-3" unitRef="TWD">514751000</tw-gaap-ci:EndYear>
	<tw-gaap-ci:EndYear contextRef="AsOf20101231_CapitalSurplusMember" decimals="-3" unitRef="TWD">21938000</tw-gaap-ci:EndYear>
	<tw-gaap-ci:EndYear contextRef="AsOf20101231_LegalReserveMember" decimals="-3" unitRef="TWD">11555000</tw-gaap-ci:EndYear>
	<tw-gaap-ci:EndYear contextRef="AsOf20101231_SpecialReserveMember" decimals="-3" unitRef="TWD">2144000</tw-gaap-ci:EndYear>
	<tw-gaap-ci:EndYear contextRef="AsOf20101231_UnappropriatedRetainedEarningsMember" decimals="-3" unitRef="TWD">34431000</tw-gaap-ci:EndYear>
	<tw-gaap-ci:EndYear contextRef="AsOf20101231_RetainedEarningsMember" decimals="-3" unitRef="TWD">48130000</tw-gaap-ci:EndYear>
	<tw-gaap-ci:EndYear contextRef="AsOf20101231_CumulativeTranslationAdjustmentsMember" decimals="-3" unitRef="TWD">-1953000</tw-gaap-ci:EndYear>
	<tw-gaap-ci:EndYear contextRef="AsOf20101231_StockholdersEquitiesAdjustmentsMember" decimals="-3" unitRef="TWD">-1953000</tw-gaap-ci:EndYear>
	<tw-gaap-ci:EndYear contextRef="AsOf20101231_TotalStockholdersEquitiesMember" decimals="-3" unitRef="TWD">582866000</tw-gaap-ci:EndYear>
	<tw-gaap-ci:BeginningBalanceMember contextRef="AsOf20091231_CommonStockValueMember" decimals="-3" unitRef="TWD">514751000</tw-gaap-ci:BeginningBalanceMember>
	<tw-gaap-ci:BeginningBalanceMember contextRef="AsOf20091231_CapitalStockMember" decimals="-3" unitRef="TWD">514751000</tw-gaap-ci:BeginningBalanceMember>
	<tw-gaap-ci:BeginningBalanceMember contextRef="AsOf20091231_CapitalSurplusMember" decimals="-3" unitRef="TWD">21938000</tw-gaap-ci:BeginningBalanceMember>
	<tw-gaap-ci:BeginningBalanceMember contextRef="AsOf20091231_LegalReserveMember" decimals="-3" unitRef="TWD">9784000</tw-gaap-ci:BeginningBalanceMember>
	<tw-gaap-ci:BeginningBalanceMember contextRef="AsOf20091231_SpecialReserveMember" decimals="-3" unitRef="TWD">1333000</tw-gaap-ci:BeginningBalanceMember>
	<tw-gaap-ci:BeginningBalanceMember contextRef="AsOf20091231_UnappropriatedRetainedEarningsMember" decimals="-3" unitRef="TWD">39498000</tw-gaap-ci:BeginningBalanceMember>
	<tw-gaap-ci:BeginningBalanceMember contextRef="AsOf20091231_RetainedEarningsMember" decimals="-3" unitRef="TWD">50615000</tw-gaap-ci:BeginningBalanceMember>
	<tw-gaap-ci:BeginningBalanceMember contextRef="AsOf20091231_CumulativeTranslationAdjustmentsMember" decimals="-3" unitRef="TWD">-2325000</tw-gaap-ci:BeginningBalanceMember>
	<tw-gaap-ci:BeginningBalanceMember contextRef="AsOf20091231_StockholdersEquitiesAdjustmentsMember" decimals="-3" unitRef="TWD">-2325000</tw-gaap-ci:BeginningBalanceMember>
	<tw-gaap-ci:BeginningBalanceMember contextRef="AsOf20091231_TotalStockholdersEquitiesMember" decimals="-3" unitRef="TWD">584979000</tw-gaap-ci:BeginningBalanceMember>
	<tw-gaap-ci:NetIncomeLossMember contextRef="From20090101To20091231_CommonStockValueMember" decimals="-3" unitRef="TWD">0</tw-gaap-ci:NetIncomeLossMember>
	<tw-gaap-ci:NetIncomeLossMember contextRef="From20090101To20091231_CapitalStockMember" decimals="-3" unitRef="TWD">0</tw-gaap-ci:NetIncomeLossMember>
	<tw-gaap-ci:NetIncomeLossMember contextRef="From20090101To20091231_CapitalSurplusMember" decimals="-3" unitRef="TWD">0</tw-gaap-ci:NetIncomeLossMember>
	<tw-gaap-ci:NetIncomeLossMember contextRef="From20090101To20091231_LegalReserveMember" decimals="-3" unitRef="TWD">0</tw-gaap-ci:NetIncomeLossMember>
	<tw-gaap-ci:NetIncomeLossMember contextRef="From20090101To20091231_SpecialReserveMember" decimals="-3" unitRef="TWD">0</tw-gaap-ci:NetIncomeLossMember>
	<tw-gaap-ci:NetIncomeLossMember contextRef="From20090101To20091231_UnappropriatedRetainedEarningsMember" decimals="-3" unitRef="TWD">11924000</tw-gaap-ci:NetIncomeLossMember>
	<tw-gaap-ci:NetIncomeLossMember contextRef="From20090101To20091231_RetainedEarningsMember" decimals="-3" unitRef="TWD">11924000</tw-gaap-ci:NetIncomeLossMember>
	<tw-gaap-ci:NetIncomeLossMember contextRef="From20090101To20091231_CumulativeTranslationAdjustmentsMember" decimals="-3" unitRef="TWD">0</tw-gaap-ci:NetIncomeLossMember>
	<tw-gaap-ci:NetIncomeLossMember contextRef="From20090101To20091231_StockholdersEquitiesAdjustmentsMember" decimals="-3" unitRef="TWD">0</tw-gaap-ci:NetIncomeLossMember>
	<tw-gaap-ci:NetIncomeLossMember contextRef="From20090101To20091231_TotalStockholdersEquitiesMember" decimals="-3" unitRef="TWD">11924000</tw-gaap-ci:NetIncomeLossMember>
	<tw-gaap-ci:LegalReserveAppropriatedMember contextRef="From20090101To20091231_CommonStockValueMember" decimals="-3" unitRef="TWD">0</tw-gaap-ci:LegalReserveAppropriatedMember>
	<tw-gaap-ci:LegalReserveAppropriatedMember contextRef="From20090101To20091231_CapitalStockMember" decimals="-3" unitRef="TWD">0</tw-gaap-ci:LegalReserveAppropriatedMember>
	<tw-gaap-ci:LegalReserveAppropriatedMember contextRef="From20090101To20091231_CapitalSurplusMember" decimals="-3" unitRef="TWD">0</tw-gaap-ci:LegalReserveAppropriatedMember>
	<tw-gaap-ci:LegalReserveAppropriatedMember contextRef="From20090101To20091231_LegalReserveMember" decimals="-3" unitRef="TWD">578000</tw-gaap-ci:LegalReserveAppropriatedMember>
	<tw-gaap-ci:LegalReserveAppropriatedMember contextRef="From20090101To20091231_SpecialReserveMember" decimals="-3" unitRef="TWD">0</tw-gaap-ci:LegalReserveAppropriatedMember>
	<tw-gaap-ci:LegalReserveAppropriatedMember contextRef="From20090101To20091231_UnappropriatedRetainedEarningsMember" decimals="-3" unitRef="TWD">-578000</tw-gaap-ci:LegalReserveAppropriatedMember>
	<tw-gaap-ci:LegalReserveAppropriatedMember contextRef="From20090101To20091231_RetainedEarningsMember" decimals="-3" unitRef="TWD">0</tw-gaap-ci:LegalReserveAppropriatedMember>
	<tw-gaap-ci:LegalReserveAppropriatedMember contextRef="From20090101To20091231_CumulativeTranslationAdjustmentsMember" decimals="-3" unitRef="TWD">0</tw-gaap-ci:LegalReserveAppropriatedMember>
	<tw-gaap-ci:LegalReserveAppropriatedMember contextRef="From20090101To20091231_StockholdersEquitiesAdjustmentsMember" decimals="-3" unitRef="TWD">0</tw-gaap-ci:LegalReserveAppropriatedMember>
	<tw-gaap-ci:LegalReserveAppropriatedMember contextRef="From20090101To20091231_TotalStockholdersEquitiesMember" decimals="-3" unitRef="TWD">0</tw-gaap-ci:LegalReserveAppropriatedMember>
	<tw-gaap-ci:SpecialReserveAppropriatedMember contextRef="From20090101To20091231_CommonStockValueMember" decimals="-3" unitRef="TWD">0</tw-gaap-ci:SpecialReserveAppropriatedMember>
	<tw-gaap-ci:SpecialReserveAppropriatedMember contextRef="From20090101To20091231_CapitalStockMember" decimals="-3" unitRef="TWD">0</tw-gaap-ci:SpecialReserveAppropriatedMember>
	<tw-gaap-ci:SpecialReserveAppropriatedMember contextRef="From20090101To20091231_CapitalSurplusMember" decimals="-3" unitRef="TWD">0</tw-gaap-ci:SpecialReserveAppropriatedMember>
	<tw-gaap-ci:SpecialReserveAppropriatedMember contextRef="From20090101To20091231_LegalReserveMember" decimals="-3" unitRef="TWD">0</tw-gaap-ci:SpecialReserveAppropriatedMember>
	<tw-gaap-ci:SpecialReserveAppropriatedMember contextRef="From20090101To20091231_SpecialReserveMember" decimals="-3" unitRef="TWD">992000</tw-gaap-ci:SpecialReserveAppropriatedMember>
	<tw-gaap-ci:SpecialReserveAppropriatedMember contextRef="From20090101To20091231_UnappropriatedRetainedEarningsMember" decimals="-3" unitRef="TWD">-992000</tw-gaap-ci:SpecialReserveAppropriatedMember>
	<tw-gaap-ci:SpecialReserveAppropriatedMember contextRef="From20090101To20091231_RetainedEarningsMember" decimals="-3" unitRef="TWD">0</tw-gaap-ci:SpecialReserveAppropriatedMember>
	<tw-gaap-ci:SpecialReserveAppropriatedMember contextRef="From20090101To20091231_CumulativeTranslationAdjustmentsMember" decimals="-3" unitRef="TWD">0</tw-gaap-ci:SpecialReserveAppropriatedMember>
	<tw-gaap-ci:SpecialReserveAppropriatedMember contextRef="From20090101To20091231_StockholdersEquitiesAdjustmentsMember" decimals="-3" unitRef="TWD">0</tw-gaap-ci:SpecialReserveAppropriatedMember>
	<tw-gaap-ci:SpecialReserveAppropriatedMember contextRef="From20090101To20091231_TotalStockholdersEquitiesMember" decimals="-3" unitRef="TWD">0</tw-gaap-ci:SpecialReserveAppropriatedMember>
	<tw-gaap-ci:ChangesForeignExchangeGainLossTranslationForeignCurrencyFinancialStatementsMember contextRef="From20090101To20091231_CommonStockValueMember" decimals="-3" unitRef="TWD">0</tw-gaap-ci:ChangesForeignExchangeGainLossTranslationForeignCurrencyFinancialStatementsMember>
	<tw-gaap-ci:ChangesForeignExchangeGainLossTranslationForeignCurrencyFinancialStatementsMember contextRef="From20090101To20091231_CapitalStockMember" decimals="-3" unitRef="TWD">0</tw-gaap-ci:ChangesForeignExchangeGainLossTranslationForeignCurrencyFinancialStatementsMember>
	<tw-gaap-ci:ChangesForeignExchangeGainLossTranslationForeignCurrencyFinancialStatementsMember contextRef="From20090101To20091231_CapitalSurplusMember" decimals="-3" unitRef="TWD">0</tw-gaap-ci:ChangesForeignExchangeGainLossTranslationForeignCurrencyFinancialStatementsMember>
	<tw-gaap-ci:ChangesForeignExchangeGainLossTranslationForeignCurrencyFinancialStatementsMember contextRef="From20090101To20091231_LegalReserveMember" decimals="-3" unitRef="TWD">0</tw-gaap-ci:ChangesForeignExchangeGainLossTranslationForeignCurrencyFinancialStatementsMember>
	<tw-gaap-ci:ChangesForeignExchangeGainLossTranslationForeignCurrencyFinancialStatementsMember contextRef="From20090101To20091231_SpecialReserveMember" decimals="-3" unitRef="TWD">0</tw-gaap-ci:ChangesForeignExchangeGainLossTranslationForeignCurrencyFinancialStatementsMember>
	<tw-gaap-ci:ChangesForeignExchangeGainLossTranslationForeignCurrencyFinancialStatementsMember contextRef="From20090101To20091231_UnappropriatedRetainedEarningsMember" decimals="-3" unitRef="TWD">0</tw-gaap-ci:ChangesForeignExchangeGainLossTranslationForeignCurrencyFinancialStatementsMember>
	<tw-gaap-ci:ChangesForeignExchangeGainLossTranslationForeignCurrencyFinancialStatementsMember contextRef="From20090101To20091231_RetainedEarningsMember" decimals="-3" unitRef="TWD">0</tw-gaap-ci:ChangesForeignExchangeGainLossTranslationForeignCurrencyFinancialStatementsMember>
	<tw-gaap-ci:ChangesForeignExchangeGainLossTranslationForeignCurrencyFinancialStatementsMember contextRef="From20090101To20091231_CumulativeTranslationAdjustmentsMember" decimals="-3" unitRef="TWD">181000</tw-gaap-ci:ChangesForeignExchangeGainLossTranslationForeignCurrencyFinancialStatementsMember>
	<tw-gaap-ci:ChangesForeignExchangeGainLossTranslationForeignCurrencyFinancialStatementsMember contextRef="From20090101To20091231_StockholdersEquitiesAdjustmentsMember" decimals="-3" unitRef="TWD">181000</tw-gaap-ci:ChangesForeignExchangeGainLossTranslationForeignCurrencyFinancialStatementsMember>
	<tw-gaap-ci:ChangesForeignExchangeGainLossTranslationForeignCurrencyFinancialStatementsMember contextRef="From20090101To20091231_TotalStockholdersEquitiesMember" decimals="-3" unitRef="TWD">181000</tw-gaap-ci:ChangesForeignExchangeGainLossTranslationForeignCurrencyFinancialStatementsMember>
	<tw-gaap-ci:ChangesMember contextRef="From20090101To20091231_CommonStockValueMember" decimals="-3" unitRef="TWD">0</tw-gaap-ci:ChangesMember>
	<tw-gaap-ci:ChangesMember contextRef="From20090101To20091231_CapitalStockMember" decimals="-3" unitRef="TWD">0</tw-gaap-ci:ChangesMember>
	<tw-gaap-ci:ChangesMember contextRef="From20090101To20091231_CapitalSurplusMember" decimals="-3" unitRef="TWD">0</tw-gaap-ci:ChangesMember>
	<tw-gaap-ci:ChangesMember contextRef="From20090101To20091231_LegalReserveMember" decimals="-3" unitRef="TWD">578000</tw-gaap-ci:ChangesMember>
	<tw-gaap-ci:ChangesMember contextRef="From20090101To20091231_SpecialReserveMember" decimals="-3" unitRef="TWD">992000</tw-gaap-ci:ChangesMember>
	<tw-gaap-ci:ChangesMember contextRef="From20090101To20091231_UnappropriatedRetainedEarningsMember" decimals="-3" unitRef="TWD">10354000</tw-gaap-ci:ChangesMember>
	<tw-gaap-ci:ChangesMember contextRef="From20090101To20091231_RetainedEarningsMember" decimals="-3" unitRef="TWD">11924000</tw-gaap-ci:ChangesMember>
	<tw-gaap-ci:ChangesMember contextRef="From20090101To20091231_CumulativeTranslationAdjustmentsMember" decimals="-3" unitRef="TWD">181000</tw-gaap-ci:ChangesMember>
	<tw-gaap-ci:ChangesMember contextRef="From20090101To20091231_StockholdersEquitiesAdjustmentsMember" decimals="-3" unitRef="TWD">181000</tw-gaap-ci:ChangesMember>
	<tw-gaap-ci:ChangesMember contextRef="From20090101To20091231_TotalStockholdersEquitiesMember" decimals="-3" unitRef="TWD">12105000</tw-gaap-ci:ChangesMember>
	<tw-gaap-ci:EndYear contextRef="AsOf20091231_CommonStockValueMember" decimals="-3" unitRef="TWD">514751000</tw-gaap-ci:EndYear>
	<tw-gaap-ci:EndYear contextRef="AsOf20091231_CapitalStockMember" decimals="-3" unitRef="TWD">514751000</tw-gaap-ci:EndYear>
	<tw-gaap-ci:EndYear contextRef="AsOf20091231_CapitalSurplusMember" decimals="-3" unitRef="TWD">21938000</tw-gaap-ci:EndYear>
	<tw-gaap-ci:EndYear contextRef="AsOf20091231_LegalReserveMember" decimals="-3" unitRef="TWD">10362000</tw-gaap-ci:EndYear>
	<tw-gaap-ci:EndYear contextRef="AsOf20091231_SpecialReserveMember" decimals="-3" unitRef="TWD">2325000</tw-gaap-ci:EndYear>
	<tw-gaap-ci:EndYear contextRef="AsOf20091231_UnappropriatedRetainedEarningsMember" decimals="-3" unitRef="TWD">49852000</tw-gaap-ci:EndYear>
	<tw-gaap-ci:EndYear contextRef="AsOf20091231_RetainedEarningsMember" decimals="-3" unitRef="TWD">62539000</tw-gaap-ci:EndYear>
	<tw-gaap-ci:EndYear contextRef="AsOf20091231_CumulativeTranslationAdjustmentsMember" decimals="-3" unitRef="TWD">-2144000</tw-gaap-ci:EndYear>
	<tw-gaap-ci:EndYear contextRef="AsOf20091231_StockholdersEquitiesAdjustmentsMember" decimals="-3" unitRef="TWD">-2144000</tw-gaap-ci:EndYear>
	<tw-gaap-ci:EndYear contextRef="AsOf20091231_TotalStockholdersEquitiesMember" decimals="-3" unitRef="TWD">597084000</tw-gaap-ci:EndYear>
	<tw-gaap-ar:AccountantName contextRef="AsOf20110406">資誠聯合會計師事務所</tw-gaap-ar:AccountantName>
	<tw-gaap-ar:AssuranceAccountantName1 contextRef="AsOf20110406">蕭金木</tw-gaap-ar:AssuranceAccountantName1>
	<tw-gaap-ar:AssuranceAccountantName2 contextRef="AsOf20110406">吳漢期</tw-gaap-ar:AssuranceAccountantName2>
	<tw-gaap-ar:ReviewAuditDate contextRef="AsOf20110406">2011-04-06</tw-gaap-ar:ReviewAuditDate>
	<tw-gaap-ar:AuditReport contextRef="AsOf20110406">Y</tw-gaap-ar:AuditReport>
	<tw-gaap-ar:UnqualifiedOpinionAbstract contextRef="AsOf20110406">Y</tw-gaap-ar:UnqualifiedOpinionAbstract>
	<tw-gaap-ar:DescriptionEmphasizeItemBody contextRef="AsOf20110406"><![CDATA[]]></tw-gaap-ar:DescriptionEmphasizeItemBody>
	<tw-gaap-ar:DescriptionOtherItemBody contextRef="AsOf20110406"><![CDATA[]]></tw-gaap-ar:DescriptionOtherItemBody>
	<tw-gaap-ar:AccountantsReportBody contextRef="AsOf20110406"><![CDATA[                            會計師查核報告
                                                  (100)財審報字第10003850號
大西洋飲料股份有限公司  公鑒：
    
    大西洋飲料股份有限公司民國99年及98年12月31日之資產負債表，暨民國99年及98
年1月1日至12月31日之損益表、股東權益變動表及現金流量表，業經本會計師查核竣事
。上開財務報表之編製係管理階層之責任，本會計師之責任則為根據查核結果對上開財
務報表表示意見。
    本會計師係依照「會計師查核簽證財務報表規則」及中華民國一般公認審計準則規
劃並執行查核工作，以合理確信財務報表有無重大不實表達。此項查核工作包括以抽查
方式獲取財務報表所列金額及所揭露事項之查核證據、評估管理階層編製財務報表所採
用之會計原則及所作之重大會計估計，暨評估財務報表整體之表達。本會計師相信此項
查核工作可對所表示之意見提供合理之依據。
    依本會計師之意見，第一段所述財務報表在所有重大方面係依照「證券發行人財務
報告編製準則」、「商業會計法」、「商業會計處理準則」及中華民國一般公認會計原
則編製，足以允當表達大西洋飲料股份有限公司民國99年及98年12月31日之財務狀況，
暨民國99年及98年1月1日至12月31日之經營成果與現金流量。
    如財務報表附註三所述，大西洋飲料股份有限公司自民國98年1月1日起，存貨相關
會計處理採用新修訂之財務會計準則公報第十號「存貨之會計處理準則」規定處理。
    
    大西洋飲料股份有限公司業已編製民國99年度及98年度之合併財務報表，並經本會
計師分別出具無保留意見及修正式無保留意見之查核報告在案，備供參考。

                                    資 誠 聯 合 會 計 師 事 務 所
                                           蕭金木
                                    會計師
                                           吳漢期

                                    前財政部證券管理委員會
                                    核准簽證文號：(81)台財證(六)第33095號
                                    前財政部證券暨期貨管理委員會
                                    核准簽證文號：(90)台財證(六)字第157088號
                                    中華民國100年4月6號

]]></tw-gaap-ar:AccountantsReportBody>
	<tw-gaap-notes:FinancialReportNotes contextRef="From20100101To20101231"><![CDATA[http://doc.twse.com.tw/server-java/t57sb01?step=1&colorchg=1&co_id=1213&year=99&seamon=4&mtype=A&]]></tw-gaap-notes:FinancialReportNotes>
	<tw-gaap-notes:OrganizationAndOperations contextRef="From20100101To20101231"><![CDATA[　　大西洋飲料股份有限公司（以下簡稱「本公司」）成立於民國54年7月，主要經營項目為
　　製造蘋果汽水、蘋果果汁、礦泉水及各種汽水、飲料等之批發與零售。本公司自民國79年
　　7月1日起為簡化經營型態，並減低推銷費用負擔，其銷售國內產品由關係人旭順食品股份
　　有限公司總經銷。本公司股票於民國70年4月10日起於台灣證券交易所上市買賣。截至民
　　國99年12月31止本公司員工人數約為110人。
]]></tw-gaap-notes:OrganizationAndOperations>
	<tw-gaap-notes:SummaryOfSignificantAccountingPolicies contextRef="From20100101To20101231"><![CDATA[　　本財務報表係依照「商業會計法」、「商業會計處理準則」、「證券發行人財務報告編製
　　準則」及中華民國一般公認會計原則編製。重要會計政策彙總說明如下：
　　(一)資產負債區分流動及非流動之分類標準
　　　　1.資產符合下列條件之一者，列為流動資產；資產不屬於流動資產者為非流動資產：
　　　　　(1)因營業所產生之資產，預期將於正常營業週期中變現、消耗或意圖出售者。
　　　　　(2)主要為交易目的而持有者。
　　　　　(3)預期於資產負債表日後十二個月內將變現者。
　　　　　(4)現金或約當現金，但於資產負債表日後逾十二個月用以交換、清償負債或受有其他
　　　　　　　限制者除外。
　　　　2.負債符合下列條件之一者，列為流動負債；負債不屬於流動負債者為非流動負債：
　　　　　(1)因營業而發生之債務，預期將於正常營業週期中清償者。
　　　　　(2)主要為交易目的而發生者。
　　　　　(3)須於資產負債表日後十二個月內清償者。
　　　　　(4)不能無條件延期至資產負債表日後逾十二個月清償之負債。
　　(二)外幣交易
　　　　1.本公司以新台幣為記帳單位。外幣交易按交易當日之即期匯率折算成記帳單位入帳，
　　　　　其與實際收付時之兌換差異，列為當年度損益。
　　　　2.期末就外幣貨幣性資產或負債餘額，按資產負債表日之即期匯率評價調整，因調整而
　　　　　產生之兌換差額列為當年度損益。
　　　　3.期末就外幣非貨幣性資產或負債餘額，屬依公平價值衡量且變動列入損益者，按資產
　　　　　負債表日之即期匯率評價調整，因調整而產生之兌換差額列為當年度損益；屬依公平
　　　　　價值衡量且變動列入股東權益調整項目者，按資產負債表日之即期匯率評價調整，因
　　　　　調整而產生之兌換差額，列為股東權益調整項目；屬非依公平價值衡量者，則按交易
　　　　　日之歷史匯率衡量。
　　(三)應收帳款
　　　　應收帳款係因出售商品或勞務發生之應收帳款，按設算利率計算其折現值為入帳基礎，
　　　　惟到期日在一年以內者，其折現值與到期值差異不大，按帳載金額評價。
　　(四)備抵呆帳
　　　　備抵呆帳係依據過去實際發生呆帳之經驗，衡量資產負債表日應收票據、應收帳款等各
　　　　項債權之帳齡情形及其收回可能性，予以評估提列。
　　(五)存貨
　　　　存貨採永續盤存制，以取得成本為入帳基礎，成本結轉按加權平均法計算，固定製造費
　　　　用按生產設備之正常產能分攤，因各期中期間產量波動所產生之成本差異，於編製期中
　　　　財務報表時予以遞延。期末存貨採成本與淨變現價值孰低衡量，比較成本與淨變現價值
　　　　孰低時，採逐項比較法。淨變現價值係指在正常情況下之估計售價減除至完工尚需投入
　　　　之成本及推銷費用後之餘額。
　　(六)採權益法之長期股權投資
　　　　1.持有被投資公司有表決權股份比例達20％以上或具有重大影響力者，採權益法評價。
　　　　　持有被投資公司有表決權股份比例超過50％或具有控制力者，採權益法評價並按季編
　　　　　製合併報表。
　　　　2.海外投資按權益法評價時，被投資公司財務報表轉換所產生之「累積換算調整數」作
　　　　　為本公司股東權益之調整項目。
　　　　3.自民國94年1月1日起對於採權益法評價之被投資公司，若對被投資公司已具有控制能
　　　　　力者，除被投資公司之其他股東有義務並能夠提出額外資金承擔其損失者外，以全額
　　　　　吸收超過被投資公司股東原有權益之損失金額，若該被投資公司日後獲利，則該利益
　　　　　宜先歸屬本公司，直至原多承擔之損失完全回復為止。
　　　　4.本公司與採權益法評價之被投資公司間交易所產生之重大損益於當期未實現者，予以
　　　　　消除。
　　(七)固定資產
　　　　1.固定資產以取得成本為入帳基礎，並將購建期間之有關利息資本化。
　　　　2.固定資產按估計經濟耐用年限，按平均法計提折舊，到期已折足而尚在使用之固定資
　　　　　產，仍繼續提列折舊。各項資產之耐用年限，除房屋及建築之主建物為36~41年及其附
　　　　　屬建物為3~11年，餘為2~10年。
　　　　3.凡支出效益及於以後各期之重大改良或大修支出列為資本支出，經常性維護或修理支
　　　　　出則列為當期費用。固定資產處分損益認列為當期營業外收支項下。
　　　　4.出租資產依其帳面價值轉列其他資產項下，當期提列之折舊費用列於營業外費用及損
　　　　　失。
　　　　5.固定資產發生閒置或已無使用價值時，按其淨公平價值或帳面價值較低者，轉列其他
　　　　　資產，差額列為當期損失，當期提列之折舊費用列為營業外支出。
　　(八)遞延費用
　　　　主係公路服務區之租賃改良裝潢款等，以取得成本為入帳基礎，並按其估計效益年數2
　　　　～6年，採平均法攤銷。
　　(九)非金融資產減損
　　　　本公司於資產負債表日針對有減損跡象之資產，估計其可回收金額，當可回收金額低於
　　　　其帳面價值時，則認列減損損失。可回收金額係指一項資產之淨公平價值或其使用價值
　　　　，兩者較高者。當以前年度認列資產減損之情況不再存在時，則在以前年度提列損失金
　　　　額之範圍內予以迴轉。
　　(十)退休金
　　　　退休金辦法屬確定給付退休辦法者，係依據精算結果認列淨退休金成本，淨退休金成本
　　　　包括當期服務成本、利息成本、基金資產之預期報酬及未認列過渡性淨給付義務與退休
　　　　金損益之攤銷數。退休金辦法屬確定提撥退休辦法者，則依權責發生基礎將應提撥之退
　　　　休基金數額認列為當期之退休金成本。
　　(十一)所得稅
　　　　　1.所得稅之會計處理採跨期間與同期間之所得稅分攤，以前年度溢低估之所得稅，列
　　　　　　為當期所得稅費用之調整項目。當稅法修正時，於公佈日年度按新規定將遞延所得稅
　　　　　　資產或負債重新計算，因而產生之遞延所得稅資產或負債變動影響數，列入當期繼續
　　　　　　營業部門之所得稅費用(利益)。
　　　　　2.因購置設備或技術及研究發展支出等所產生之所得稅抵減採當期認列法處理。
　　　　　3.未分配盈餘依所得稅法加徵10%之營利事業所得稅，於股東會決議分配盈餘後列為當
　　　　　　期費用。
　　(十二)員工分紅及董監酬勞
　　　　　自民國97年1月1日起，本公司員工分紅及董監酬勞成本，依民國96年3月16日財團法人
　　　　　中華民國會計研究發展基金會(96)基秘字第052號函「員工分紅及董監酬勞會計處理」
　　　　　之規定，於具法律義務或推定義務且金額可合理估計時，認列為費用及負債。嗣後股
　　　　　東會決議實際配發金額與估列金額有重大差異時，則列為次年度之損益。另依民國97
　　　　　年3月31日財團法人中華民國會計研究發展基金會(97)基秘字第127號函「上巿上櫃公
　　　　　司員工分紅股數計算基準」本公司以財務報告年度之次年度股東會決議日前一日之每
　　　　　股公平價值（收盤價），並考慮除權除息影響後之金額，計算股票紅利之股數。
　　(十三)收入、成本及費用
　　　　　收入於獲利過程大部份已完成，且已實現或可實現時認列。相關成本配合收入於發生
　　　　　時承認。費用則依權責發生制於發生時認列為當期費用。
　　(十四)會計估計
　　　　　本公司於編製財務報表時，依照中華民國一般公認會計原則之規定，對財務報表所列
　　　　　金額及或有事項，作必要之衡量、評估與揭露，其中包括若干假設及估計之採用，惟
　　　　　該等假設及估計與實際結果可能存有差異。
]]></tw-gaap-notes:SummaryOfSignificantAccountingPolicies>
	<tw-gaap-notes:ChangesInAccountingPrinciples contextRef="From20100101To20101231"><![CDATA[　　本公司自民國98年1月1日起，採用新修訂之財務會計準則公報第十號「存貨之會計處理準
　　則」，此項會計原則變動使營業成本及與存貨相關之營業外利益分別減少＄76及減少＄4
　　98，民國98年度淨利減少$807，每股盈餘減少新台幣0.02元。
]]></tw-gaap-notes:ChangesInAccountingPrinciples>
</xbrl>

<!--This instance document is created by SIIAP V1.4.5-->
