<?xml version="1.0" encoding="UTF-8"?>
<xbrl xmlns="http://www.xbrl.org/2003/instance" xmlns:iso4217="http://www.xbrl.org/2003/iso4217" xmlns:link="http://www.xbrl.org/2003/linkbase" xmlns:tw-gaap-ar="http://www.xbrl.org/tw/fr/gaap/ar/2010-09-30" xmlns:tw-gaap-ci="http://www.xbrl.org/tw/fr/gaap/tw-gaap-ci-2010-09-30" xmlns:tw-gaap-notes="http://www.xbrl.org/tw/fr/gaap/notes/2010-09-30" xmlns:xbrldi="http://xbrl.org/2006/xbrldi" xmlns:xbrldt="http://xbrl.org/2005/xbrldt" xmlns:xbrli="http://www.xbrl.org/2003/instance" xmlns:xlink="http://www.w3.org/1999/xlink">
	<link:schemaRef xlink:arcrole="http://www.w3.org/1999/xlink/properties/linkbase" xlink:href="tw-gaap-ci-2010-09-30.xsd" xlink:type="simple"/>	<context id="AsOf20101020">
		<entity>
			<identifier scheme="http://www.twse.com.tw">1235</identifier>
		</entity>
		<period>
			<instant>2010-10-20</instant>
		</period>
	</context>
	<context id="AsOf20090101">
		<entity>
			<identifier scheme="http://www.twse.com.tw">1235</identifier>
		</entity>
		<period>
			<instant>2009-01-01</instant>
		</period>
	</context>
	<context id="AsOf20100101">
		<entity>
			<identifier scheme="http://www.twse.com.tw">1235</identifier>
		</entity>
		<period>
			<instant>2010-01-01</instant>
		</period>
	</context>
	<context id="From20090101To20090930">
		<entity>
			<identifier scheme="http://www.twse.com.tw">1235</identifier>
		</entity>
		<period>
			<startDate>2009-01-01</startDate>
			<endDate>2009-09-30</endDate>
		</period>
	</context>
	<context id="AsOf20090930">
		<entity>
			<identifier scheme="http://www.twse.com.tw">1235</identifier>
		</entity>
		<period>
			<instant>2009-09-30</instant>
		</period>
	</context>
	<context id="From20100101To20100930">
		<entity>
			<identifier scheme="http://www.twse.com.tw">1235</identifier>
		</entity>
		<period>
			<startDate>2010-01-01</startDate>
			<endDate>2010-09-30</endDate>
		</period>
	</context>
	<context id="AsOf20100930">
		<entity>
			<identifier scheme="http://www.twse.com.tw">1235</identifier>
		</entity>
		<period>
			<instant>2010-09-30</instant>
		</period>
	</context>
	<unit id="TWD">
		<measure>iso4217:TWD</measure>
	</unit>
	<unit id="Shares">
		<measure>xbrli:shares</measure>
	</unit>
	<unit id="EarningsPerShare">
		<divide>
			<unitNumerator>
				<measure>iso4217:TWD</measure>
			</unitNumerator>
			<unitDenominator>
				<measure>xbrli:shares</measure>
			</unitDenominator>
		</divide>
	</unit>
	<tw-gaap-ci:CashHand contextRef="AsOf20100930" decimals="-3" unitRef="TWD">415000</tw-gaap-ci:CashHand>
	<tw-gaap-ci:CashHand contextRef="AsOf20090930" decimals="-3" unitRef="TWD">604000</tw-gaap-ci:CashHand>
	<tw-gaap-ci:CashBanks contextRef="AsOf20100930" decimals="-3" unitRef="TWD">5105000</tw-gaap-ci:CashBanks>
	<tw-gaap-ci:CashBanks contextRef="AsOf20090930" decimals="-3" unitRef="TWD">1190000</tw-gaap-ci:CashBanks>
	<tw-gaap-ci:CashCashEquivalents contextRef="AsOf20100930" decimals="-3" unitRef="TWD">5520000</tw-gaap-ci:CashCashEquivalents>
	<tw-gaap-ci:CashCashEquivalents contextRef="AsOf20090930" decimals="-3" unitRef="TWD">1794000</tw-gaap-ci:CashCashEquivalents>
	<tw-gaap-ci:AvailableSaleFinancialAssets-Current contextRef="AsOf20100930" decimals="-3" unitRef="TWD">358632000</tw-gaap-ci:AvailableSaleFinancialAssets-Current>
	<tw-gaap-ci:AvailableSaleFinancialAssets-Current contextRef="AsOf20090930" decimals="-3" unitRef="TWD">245994000</tw-gaap-ci:AvailableSaleFinancialAssets-Current>
	<tw-gaap-ci:ValuationAdjustmentAvailableSaleFinancialAssetsCurrent contextRef="AsOf20100930" decimals="-3" unitRef="TWD">157712000</tw-gaap-ci:ValuationAdjustmentAvailableSaleFinancialAssetsCurrent>
	<tw-gaap-ci:ValuationAdjustmentAvailableSaleFinancialAssetsCurrent contextRef="AsOf20090930" decimals="-3" unitRef="TWD">77175000</tw-gaap-ci:ValuationAdjustmentAvailableSaleFinancialAssetsCurrent>
	<tw-gaap-ci:AvailableSaleFinancialAssetsCurrent contextRef="AsOf20100930" decimals="-3" unitRef="TWD">516344000</tw-gaap-ci:AvailableSaleFinancialAssetsCurrent>
	<tw-gaap-ci:AvailableSaleFinancialAssetsCurrent contextRef="AsOf20090930" decimals="-3" unitRef="TWD">323169000</tw-gaap-ci:AvailableSaleFinancialAssetsCurrent>
	<tw-gaap-ci:NotesReceivable contextRef="AsOf20100930" decimals="-3" unitRef="TWD">68603000</tw-gaap-ci:NotesReceivable>
	<tw-gaap-ci:NotesReceivable contextRef="AsOf20090930" decimals="-3" unitRef="TWD">70278000</tw-gaap-ci:NotesReceivable>
	<tw-gaap-ci:AllowanceDoubtfulAccountsNotesReceivable contextRef="AsOf20100930" decimals="-3" unitRef="TWD">651000</tw-gaap-ci:AllowanceDoubtfulAccountsNotesReceivable>
	<tw-gaap-ci:AllowanceDoubtfulAccountsNotesReceivable contextRef="AsOf20090930" decimals="-3" unitRef="TWD">630000</tw-gaap-ci:AllowanceDoubtfulAccountsNotesReceivable>
	<tw-gaap-ci:NetNotesReceivable contextRef="AsOf20100930" decimals="-3" unitRef="TWD">67952000</tw-gaap-ci:NetNotesReceivable>
	<tw-gaap-ci:NetNotesReceivable contextRef="AsOf20090930" decimals="-3" unitRef="TWD">69648000</tw-gaap-ci:NetNotesReceivable>
	<tw-gaap-ci:NotesReceivableRelatedParties contextRef="AsOf20100930" decimals="-3" unitRef="TWD">812000</tw-gaap-ci:NotesReceivableRelatedParties>
	<tw-gaap-ci:NotesReceivableRelatedParties contextRef="AsOf20090930" decimals="-3" unitRef="TWD">2700000</tw-gaap-ci:NotesReceivableRelatedParties>
	<tw-gaap-ci:NetNotesReceivableRelatedParties contextRef="AsOf20100930" decimals="-3" unitRef="TWD">812000</tw-gaap-ci:NetNotesReceivableRelatedParties>
	<tw-gaap-ci:NetNotesReceivableRelatedParties contextRef="AsOf20090930" decimals="-3" unitRef="TWD">2700000</tw-gaap-ci:NetNotesReceivableRelatedParties>
	<tw-gaap-ci:AccountsReceivable contextRef="AsOf20100930" decimals="-3" unitRef="TWD">52085000</tw-gaap-ci:AccountsReceivable>
	<tw-gaap-ci:AccountsReceivable contextRef="AsOf20090930" decimals="-3" unitRef="TWD">59126000</tw-gaap-ci:AccountsReceivable>
	<tw-gaap-ci:AllowanceDoubtfulAccountsAccountsReceivableInstallmentAccountsLeases contextRef="AsOf20100930" decimals="-3" unitRef="TWD">5900000</tw-gaap-ci:AllowanceDoubtfulAccountsAccountsReceivableInstallmentAccountsLeases>
	<tw-gaap-ci:AllowanceDoubtfulAccountsAccountsReceivableInstallmentAccountsLeases contextRef="AsOf20090930" decimals="-3" unitRef="TWD">2509000</tw-gaap-ci:AllowanceDoubtfulAccountsAccountsReceivableInstallmentAccountsLeases>
	<tw-gaap-ci:NetAccountsReceivable contextRef="AsOf20100930" decimals="-3" unitRef="TWD">46185000</tw-gaap-ci:NetAccountsReceivable>
	<tw-gaap-ci:NetAccountsReceivable contextRef="AsOf20090930" decimals="-3" unitRef="TWD">56617000</tw-gaap-ci:NetAccountsReceivable>
	<tw-gaap-ci:AccountsReceivableRelatedParties contextRef="AsOf20100930" decimals="-3" unitRef="TWD">646000</tw-gaap-ci:AccountsReceivableRelatedParties>
	<tw-gaap-ci:AccountsReceivableRelatedParties contextRef="AsOf20090930" decimals="-3" unitRef="TWD">2892000</tw-gaap-ci:AccountsReceivableRelatedParties>
	<tw-gaap-ci:NetAccountsReceivableRelatedParties contextRef="AsOf20100930" decimals="-3" unitRef="TWD">646000</tw-gaap-ci:NetAccountsReceivableRelatedParties>
	<tw-gaap-ci:NetAccountsReceivableRelatedParties contextRef="AsOf20090930" decimals="-3" unitRef="TWD">2892000</tw-gaap-ci:NetAccountsReceivableRelatedParties>
	<tw-gaap-ci:OtherReceivablesOther contextRef="AsOf20100930" decimals="-3" unitRef="TWD">11370000</tw-gaap-ci:OtherReceivablesOther>
	<tw-gaap-ci:OtherReceivablesOther contextRef="AsOf20090930" decimals="-3" unitRef="TWD">11931000</tw-gaap-ci:OtherReceivablesOther>
	<tw-gaap-ci:OtherReceivables contextRef="AsOf20100930" decimals="-3" unitRef="TWD">11370000</tw-gaap-ci:OtherReceivables>
	<tw-gaap-ci:OtherReceivables contextRef="AsOf20090930" decimals="-3" unitRef="TWD">11931000</tw-gaap-ci:OtherReceivables>
	<tw-gaap-ci:OtherReceivablesRelatedPartiesOther contextRef="AsOf20100930" decimals="-3" unitRef="TWD">0</tw-gaap-ci:OtherReceivablesRelatedPartiesOther>
	<tw-gaap-ci:OtherReceivablesRelatedPartiesOther contextRef="AsOf20090930" decimals="-3" unitRef="TWD">0</tw-gaap-ci:OtherReceivablesRelatedPartiesOther>
	<tw-gaap-ci:OtherReceivablesRelatedParties contextRef="AsOf20100930" decimals="-3" unitRef="TWD">0</tw-gaap-ci:OtherReceivablesRelatedParties>
	<tw-gaap-ci:OtherReceivablesRelatedParties contextRef="AsOf20090930" decimals="-3" unitRef="TWD">0</tw-gaap-ci:OtherReceivablesRelatedParties>
	<tw-gaap-ci:FinishedGoods contextRef="AsOf20100930" decimals="-3" unitRef="TWD">1825000</tw-gaap-ci:FinishedGoods>
	<tw-gaap-ci:FinishedGoods contextRef="AsOf20090930" decimals="-3" unitRef="TWD">2779000</tw-gaap-ci:FinishedGoods>
	<tw-gaap-ci:WorkProcess contextRef="AsOf20100930" decimals="-3" unitRef="TWD">4157000</tw-gaap-ci:WorkProcess>
	<tw-gaap-ci:WorkProcess contextRef="AsOf20090930" decimals="-3" unitRef="TWD">4058000</tw-gaap-ci:WorkProcess>
	<tw-gaap-ci:RawMaterials contextRef="AsOf20100930" decimals="-3" unitRef="TWD">52470000</tw-gaap-ci:RawMaterials>
	<tw-gaap-ci:RawMaterials contextRef="AsOf20090930" decimals="-3" unitRef="TWD">66404000</tw-gaap-ci:RawMaterials>
	<tw-gaap-ci:Supplies_Manufacturing contextRef="AsOf20100930" decimals="-3" unitRef="TWD">2087000</tw-gaap-ci:Supplies_Manufacturing>
	<tw-gaap-ci:Supplies_Manufacturing contextRef="AsOf20090930" decimals="-3" unitRef="TWD">1981000</tw-gaap-ci:Supplies_Manufacturing>
	<tw-gaap-ci:MaterialsSuppliesTransit contextRef="AsOf20100930" decimals="-3" unitRef="TWD">4171000</tw-gaap-ci:MaterialsSuppliesTransit>
	<tw-gaap-ci:MaterialsSuppliesTransit contextRef="AsOf20090930" decimals="-3" unitRef="TWD">9607000</tw-gaap-ci:MaterialsSuppliesTransit>
	<tw-gaap-ci:InventoriesManufacturing contextRef="AsOf20100930" decimals="-3" unitRef="TWD">64710000</tw-gaap-ci:InventoriesManufacturing>
	<tw-gaap-ci:InventoriesManufacturing contextRef="AsOf20090930" decimals="-3" unitRef="TWD">84829000</tw-gaap-ci:InventoriesManufacturing>
	<tw-gaap-ci:Inventories contextRef="AsOf20100930" decimals="-3" unitRef="TWD">64710000</tw-gaap-ci:Inventories>
	<tw-gaap-ci:Inventories contextRef="AsOf20090930" decimals="-3" unitRef="TWD">84829000</tw-gaap-ci:Inventories>
	<tw-gaap-ci:OfficeSupplies contextRef="AsOf20100930" decimals="-3" unitRef="TWD">1083000</tw-gaap-ci:OfficeSupplies>
	<tw-gaap-ci:OfficeSupplies contextRef="AsOf20090930" decimals="-3" unitRef="TWD">957000</tw-gaap-ci:OfficeSupplies>
	<tw-gaap-ci:OtherPrepaidExpenses contextRef="AsOf20100930" decimals="-3" unitRef="TWD">82000</tw-gaap-ci:OtherPrepaidExpenses>
	<tw-gaap-ci:OtherPrepaidExpenses contextRef="AsOf20090930" decimals="-3" unitRef="TWD">19000</tw-gaap-ci:OtherPrepaidExpenses>
	<tw-gaap-ci:PrepaidExpenses contextRef="AsOf20100930" decimals="-3" unitRef="TWD">1165000</tw-gaap-ci:PrepaidExpenses>
	<tw-gaap-ci:PrepaidExpenses contextRef="AsOf20090930" decimals="-3" unitRef="TWD">976000</tw-gaap-ci:PrepaidExpenses>
	<tw-gaap-ci:PrepaymentPurchases contextRef="AsOf20100930" decimals="-3" unitRef="TWD">20105000</tw-gaap-ci:PrepaymentPurchases>
	<tw-gaap-ci:PrepaymentPurchases contextRef="AsOf20090930" decimals="-3" unitRef="TWD">0</tw-gaap-ci:PrepaymentPurchases>
	<tw-gaap-ci:PrepaidBusinessTax contextRef="AsOf20100930" decimals="-3" unitRef="TWD">1000</tw-gaap-ci:PrepaidBusinessTax>
	<tw-gaap-ci:PrepaidBusinessTax contextRef="AsOf20090930" decimals="-3" unitRef="TWD">0</tw-gaap-ci:PrepaidBusinessTax>
	<tw-gaap-ci:OtherPrepayments_OtherPrepayments contextRef="AsOf20100930" decimals="-3" unitRef="TWD">0</tw-gaap-ci:OtherPrepayments_OtherPrepayments>
	<tw-gaap-ci:OtherPrepayments_OtherPrepayments contextRef="AsOf20090930" decimals="-3" unitRef="TWD">5000</tw-gaap-ci:OtherPrepayments_OtherPrepayments>
	<tw-gaap-ci:OtherPrepayments contextRef="AsOf20100930" decimals="-3" unitRef="TWD">20106000</tw-gaap-ci:OtherPrepayments>
	<tw-gaap-ci:OtherPrepayments contextRef="AsOf20090930" decimals="-3" unitRef="TWD">5000</tw-gaap-ci:OtherPrepayments>
	<tw-gaap-ci:TemporaryPayments contextRef="AsOf20100930" decimals="-3" unitRef="TWD">4111000</tw-gaap-ci:TemporaryPayments>
	<tw-gaap-ci:TemporaryPayments contextRef="AsOf20090930" decimals="-3" unitRef="TWD">2922000</tw-gaap-ci:TemporaryPayments>
	<tw-gaap-ci:DeferredIncomeTaxAssetsCurrent contextRef="AsOf20100930" decimals="-3" unitRef="TWD">0</tw-gaap-ci:DeferredIncomeTaxAssetsCurrent>
	<tw-gaap-ci:DeferredIncomeTaxAssetsCurrent contextRef="AsOf20090930" decimals="-3" unitRef="TWD">525000</tw-gaap-ci:DeferredIncomeTaxAssetsCurrent>
	<tw-gaap-ci:RestrictedCurrentAssets contextRef="AsOf20100930" decimals="-3" unitRef="TWD">4933000</tw-gaap-ci:RestrictedCurrentAssets>
	<tw-gaap-ci:RestrictedCurrentAssets contextRef="AsOf20090930" decimals="-3" unitRef="TWD">6349000</tw-gaap-ci:RestrictedCurrentAssets>
	<tw-gaap-ci:OtherCurrentAssets contextRef="AsOf20100930" decimals="-3" unitRef="TWD">9044000</tw-gaap-ci:OtherCurrentAssets>
	<tw-gaap-ci:OtherCurrentAssets contextRef="AsOf20090930" decimals="-3" unitRef="TWD">9796000</tw-gaap-ci:OtherCurrentAssets>
	<tw-gaap-ci:CurrentAssets contextRef="AsOf20100930" decimals="-3" unitRef="TWD">743854000</tw-gaap-ci:CurrentAssets>
	<tw-gaap-ci:CurrentAssets contextRef="AsOf20090930" decimals="-3" unitRef="TWD">564357000</tw-gaap-ci:CurrentAssets>
	<tw-gaap-ci:FinancialAssetsCarriedCostNoncurrent contextRef="AsOf20100930" decimals="-3" unitRef="TWD">1577000</tw-gaap-ci:FinancialAssetsCarriedCostNoncurrent>
	<tw-gaap-ci:FinancialAssetsCarriedCostNoncurrent contextRef="AsOf20090930" decimals="-3" unitRef="TWD">1577000</tw-gaap-ci:FinancialAssetsCarriedCostNoncurrent>
	<tw-gaap-ci:NetFinancialAssetsCarriedCostNonCurrent contextRef="AsOf20100930" decimals="-3" unitRef="TWD">1577000</tw-gaap-ci:NetFinancialAssetsCarriedCostNonCurrent>
	<tw-gaap-ci:NetFinancialAssetsCarriedCostNonCurrent contextRef="AsOf20090930" decimals="-3" unitRef="TWD">1577000</tw-gaap-ci:NetFinancialAssetsCarriedCostNonCurrent>
	<tw-gaap-ci:LongtermInvestmentsEquity contextRef="AsOf20100930" decimals="-3" unitRef="TWD">264114000</tw-gaap-ci:LongtermInvestmentsEquity>
	<tw-gaap-ci:LongtermInvestmentsEquity contextRef="AsOf20090930" decimals="-3" unitRef="TWD">199618000</tw-gaap-ci:LongtermInvestmentsEquity>
	<tw-gaap-ci:LongtermInvestments contextRef="AsOf20100930" decimals="-3" unitRef="TWD">264114000</tw-gaap-ci:LongtermInvestments>
	<tw-gaap-ci:LongtermInvestments contextRef="AsOf20090930" decimals="-3" unitRef="TWD">199618000</tw-gaap-ci:LongtermInvestments>
	<tw-gaap-ci:FundsInvestments contextRef="AsOf20100930" decimals="-3" unitRef="TWD">265691000</tw-gaap-ci:FundsInvestments>
	<tw-gaap-ci:FundsInvestments contextRef="AsOf20090930" decimals="-3" unitRef="TWD">201195000</tw-gaap-ci:FundsInvestments>
	<tw-gaap-ci:Land contextRef="AsOf20100930" decimals="-3" unitRef="TWD">2240000</tw-gaap-ci:Land>
	<tw-gaap-ci:Land contextRef="AsOf20090930" decimals="-3" unitRef="TWD">2240000</tw-gaap-ci:Land>
	<tw-gaap-ci:BuildingsStructures contextRef="AsOf20100930" decimals="-3" unitRef="TWD">55448000</tw-gaap-ci:BuildingsStructures>
	<tw-gaap-ci:BuildingsStructures contextRef="AsOf20090930" decimals="-3" unitRef="TWD">55448000</tw-gaap-ci:BuildingsStructures>
	<tw-gaap-ci:MachineryEquipment contextRef="AsOf20100930" decimals="-3" unitRef="TWD">185170000</tw-gaap-ci:MachineryEquipment>
	<tw-gaap-ci:MachineryEquipment contextRef="AsOf20090930" decimals="-3" unitRef="TWD">185170000</tw-gaap-ci:MachineryEquipment>
	<tw-gaap-ci:TransportationEquipment contextRef="AsOf20100930" decimals="-3" unitRef="TWD">21319000</tw-gaap-ci:TransportationEquipment>
	<tw-gaap-ci:TransportationEquipment contextRef="AsOf20090930" decimals="-3" unitRef="TWD">19512000</tw-gaap-ci:TransportationEquipment>
	<tw-gaap-ci:OtherFacilities contextRef="AsOf20100930" decimals="-3" unitRef="TWD">16457000</tw-gaap-ci:OtherFacilities>
	<tw-gaap-ci:OtherFacilities contextRef="AsOf20090930" decimals="-3" unitRef="TWD">16306000</tw-gaap-ci:OtherFacilities>
	<tw-gaap-ci:FixedAssetsOriginalCosts contextRef="AsOf20100930" decimals="-3" unitRef="TWD">280634000</tw-gaap-ci:FixedAssetsOriginalCosts>
	<tw-gaap-ci:FixedAssetsOriginalCosts contextRef="AsOf20090930" decimals="-3" unitRef="TWD">278676000</tw-gaap-ci:FixedAssetsOriginalCosts>
	<tw-gaap-ci:LandRevaluationIncrement contextRef="AsOf20100930" decimals="-3" unitRef="TWD">95607000</tw-gaap-ci:LandRevaluationIncrement>
	<tw-gaap-ci:LandRevaluationIncrement contextRef="AsOf20090930" decimals="-3" unitRef="TWD">95607000</tw-gaap-ci:LandRevaluationIncrement>
	<tw-gaap-ci:BuildingsStructuresRevaluationIncrement contextRef="AsOf20100930" decimals="-3" unitRef="TWD">10779000</tw-gaap-ci:BuildingsStructuresRevaluationIncrement>
	<tw-gaap-ci:BuildingsStructuresRevaluationIncrement contextRef="AsOf20090930" decimals="-3" unitRef="TWD">10779000</tw-gaap-ci:BuildingsStructuresRevaluationIncrement>
	<tw-gaap-ci:MachineryEquipmentRevaluationIncrement contextRef="AsOf20100930" decimals="-3" unitRef="TWD">16084000</tw-gaap-ci:MachineryEquipmentRevaluationIncrement>
	<tw-gaap-ci:MachineryEquipmentRevaluationIncrement contextRef="AsOf20090930" decimals="-3" unitRef="TWD">16084000</tw-gaap-ci:MachineryEquipmentRevaluationIncrement>
	<tw-gaap-ci:OtherFacilitiesRevaluationIncrement contextRef="AsOf20100930" decimals="-3" unitRef="TWD">74000</tw-gaap-ci:OtherFacilitiesRevaluationIncrement>
	<tw-gaap-ci:OtherFacilitiesRevaluationIncrement contextRef="AsOf20090930" decimals="-3" unitRef="TWD">74000</tw-gaap-ci:OtherFacilitiesRevaluationIncrement>
	<tw-gaap-ci:RevaluationIncrement contextRef="AsOf20100930" decimals="-3" unitRef="TWD">122544000</tw-gaap-ci:RevaluationIncrement>
	<tw-gaap-ci:RevaluationIncrement contextRef="AsOf20090930" decimals="-3" unitRef="TWD">122544000</tw-gaap-ci:RevaluationIncrement>
	<tw-gaap-ci:CostsRevaluationIncrement contextRef="AsOf20100930" decimals="-3" unitRef="TWD">403178000</tw-gaap-ci:CostsRevaluationIncrement>
	<tw-gaap-ci:CostsRevaluationIncrement contextRef="AsOf20090930" decimals="-3" unitRef="TWD">401220000</tw-gaap-ci:CostsRevaluationIncrement>
	<tw-gaap-ci:AccumulateddepreciationBuildingsStructures contextRef="AsOf20100930" decimals="-3" unitRef="TWD">54731000</tw-gaap-ci:AccumulateddepreciationBuildingsStructures>
	<tw-gaap-ci:AccumulateddepreciationBuildingsStructures contextRef="AsOf20090930" decimals="-3" unitRef="TWD">53285000</tw-gaap-ci:AccumulateddepreciationBuildingsStructures>
	<tw-gaap-ci:AccumulatedDepreciationMachineryEquipment contextRef="AsOf20100930" decimals="-3" unitRef="TWD">194414000</tw-gaap-ci:AccumulatedDepreciationMachineryEquipment>
	<tw-gaap-ci:AccumulatedDepreciationMachineryEquipment contextRef="AsOf20090930" decimals="-3" unitRef="TWD">193152000</tw-gaap-ci:AccumulatedDepreciationMachineryEquipment>
	<tw-gaap-ci:AccumulatedDepreciationTransportationEquipment contextRef="AsOf20100930" decimals="-3" unitRef="TWD">16224000</tw-gaap-ci:AccumulatedDepreciationTransportationEquipment>
	<tw-gaap-ci:AccumulatedDepreciationTransportationEquipment contextRef="AsOf20090930" decimals="-3" unitRef="TWD">15014000</tw-gaap-ci:AccumulatedDepreciationTransportationEquipment>
	<tw-gaap-ci:AccumulatedDepreciationOtherFacilities contextRef="AsOf20100930" decimals="-3" unitRef="TWD">15094000</tw-gaap-ci:AccumulatedDepreciationOtherFacilities>
	<tw-gaap-ci:AccumulatedDepreciationOtherFacilities contextRef="AsOf20090930" decimals="-3" unitRef="TWD">14395000</tw-gaap-ci:AccumulatedDepreciationOtherFacilities>
	<tw-gaap-ci:AccumulatedDepreciation contextRef="AsOf20100930" decimals="-3" unitRef="TWD">280463000</tw-gaap-ci:AccumulatedDepreciation>
	<tw-gaap-ci:AccumulatedDepreciation contextRef="AsOf20090930" decimals="-3" unitRef="TWD">275846000</tw-gaap-ci:AccumulatedDepreciation>
	<tw-gaap-ci:PrepaymentsBusinessFacilities contextRef="AsOf20100930" decimals="-3" unitRef="TWD">12070000</tw-gaap-ci:PrepaymentsBusinessFacilities>
	<tw-gaap-ci:PrepaymentsBusinessFacilities contextRef="AsOf20090930" decimals="-3" unitRef="TWD">1095000</tw-gaap-ci:PrepaymentsBusinessFacilities>
	<tw-gaap-ci:ConstructionProcessPrepaymentEquipments contextRef="AsOf20100930" decimals="-3" unitRef="TWD">12070000</tw-gaap-ci:ConstructionProcessPrepaymentEquipments>
	<tw-gaap-ci:ConstructionProcessPrepaymentEquipments contextRef="AsOf20090930" decimals="-3" unitRef="TWD">1095000</tw-gaap-ci:ConstructionProcessPrepaymentEquipments>
	<tw-gaap-ci:FixedAssets contextRef="AsOf20100930" decimals="-3" unitRef="TWD">134785000</tw-gaap-ci:FixedAssets>
	<tw-gaap-ci:FixedAssets contextRef="AsOf20090930" decimals="-3" unitRef="TWD">126469000</tw-gaap-ci:FixedAssets>
	<tw-gaap-ci:IdledAssets contextRef="AsOf20100930" decimals="-3" unitRef="TWD">35635000</tw-gaap-ci:IdledAssets>
	<tw-gaap-ci:IdledAssets contextRef="AsOf20090930" decimals="-3" unitRef="TWD">20184000</tw-gaap-ci:IdledAssets>
	<tw-gaap-ci:NetIdledAssets contextRef="AsOf20100930" decimals="-3" unitRef="TWD">35635000</tw-gaap-ci:NetIdledAssets>
	<tw-gaap-ci:NetIdledAssets contextRef="AsOf20090930" decimals="-3" unitRef="TWD">20184000</tw-gaap-ci:NetIdledAssets>
	<tw-gaap-ci:GuaranteeDepositsPaid contextRef="AsOf20100930" decimals="-3" unitRef="TWD">146000</tw-gaap-ci:GuaranteeDepositsPaid>
	<tw-gaap-ci:GuaranteeDepositsPaid contextRef="AsOf20090930" decimals="-3" unitRef="TWD">167000</tw-gaap-ci:GuaranteeDepositsPaid>
	<tw-gaap-ci:OtherDeferredCharges contextRef="AsOf20100930" decimals="-3" unitRef="TWD">144000</tw-gaap-ci:OtherDeferredCharges>
	<tw-gaap-ci:OtherDeferredCharges contextRef="AsOf20090930" decimals="-3" unitRef="TWD">339000</tw-gaap-ci:OtherDeferredCharges>
	<tw-gaap-ci:DeferredCharges contextRef="AsOf20100930" decimals="-3" unitRef="TWD">144000</tw-gaap-ci:DeferredCharges>
	<tw-gaap-ci:DeferredCharges contextRef="AsOf20090930" decimals="-3" unitRef="TWD">339000</tw-gaap-ci:DeferredCharges>
	<tw-gaap-ci:OverdueReceivable contextRef="AsOf20100930" decimals="-3" unitRef="TWD">101566000</tw-gaap-ci:OverdueReceivable>
	<tw-gaap-ci:OverdueReceivable contextRef="AsOf20090930" decimals="-3" unitRef="TWD">143091000</tw-gaap-ci:OverdueReceivable>
	<tw-gaap-ci:LongtermNotesAccountsReceivable contextRef="AsOf20100930" decimals="-3" unitRef="TWD">101566000</tw-gaap-ci:LongtermNotesAccountsReceivable>
	<tw-gaap-ci:LongtermNotesAccountsReceivable contextRef="AsOf20090930" decimals="-3" unitRef="TWD">143091000</tw-gaap-ci:LongtermNotesAccountsReceivable>
	<tw-gaap-ci:DeferredIncomeTaxAssetsNonCurrent contextRef="AsOf20100930" decimals="-3" unitRef="TWD">6790000</tw-gaap-ci:DeferredIncomeTaxAssetsNonCurrent>
	<tw-gaap-ci:DeferredIncomeTaxAssetsNonCurrent contextRef="AsOf20090930" decimals="-3" unitRef="TWD">7484000</tw-gaap-ci:DeferredIncomeTaxAssetsNonCurrent>
	<tw-gaap-ci:OtherAssets contextRef="AsOf20100930" decimals="-3" unitRef="TWD">144281000</tw-gaap-ci:OtherAssets>
	<tw-gaap-ci:OtherAssets contextRef="AsOf20090930" decimals="-3" unitRef="TWD">171265000</tw-gaap-ci:OtherAssets>
	<tw-gaap-ci:Assets contextRef="AsOf20100930" decimals="-3" unitRef="TWD">1288611000</tw-gaap-ci:Assets>
	<tw-gaap-ci:Assets contextRef="AsOf20090930" decimals="-3" unitRef="TWD">1063286000</tw-gaap-ci:Assets>
	<tw-gaap-ci:BankLoan contextRef="AsOf20100930" decimals="-3" unitRef="TWD">147007000</tw-gaap-ci:BankLoan>
	<tw-gaap-ci:BankLoan contextRef="AsOf20090930" decimals="-3" unitRef="TWD">105532000</tw-gaap-ci:BankLoan>
	<tw-gaap-ci:OtherShorttermBorrowings contextRef="AsOf20100930" decimals="-3" unitRef="TWD">82922000</tw-gaap-ci:OtherShorttermBorrowings>
	<tw-gaap-ci:OtherShorttermBorrowings contextRef="AsOf20090930" decimals="-3" unitRef="TWD">50376000</tw-gaap-ci:OtherShorttermBorrowings>
	<tw-gaap-ci:ShortTermBorrowings contextRef="AsOf20100930" decimals="-3" unitRef="TWD">229929000</tw-gaap-ci:ShortTermBorrowings>
	<tw-gaap-ci:ShortTermBorrowings contextRef="AsOf20090930" decimals="-3" unitRef="TWD">155908000</tw-gaap-ci:ShortTermBorrowings>
	<tw-gaap-ci:ShorttermNotesBillsPayable-ShorttermNotesBillsPayable contextRef="AsOf20100930" decimals="-3" unitRef="TWD">70000000</tw-gaap-ci:ShorttermNotesBillsPayable-ShorttermNotesBillsPayable>
	<tw-gaap-ci:ShorttermNotesBillsPayable-ShorttermNotesBillsPayable contextRef="AsOf20090930" decimals="-3" unitRef="TWD">40000000</tw-gaap-ci:ShorttermNotesBillsPayable-ShorttermNotesBillsPayable>
	<tw-gaap-ci:DiscountShorttermNotesBillsPayable contextRef="AsOf20100930" decimals="-3" unitRef="TWD">47000</tw-gaap-ci:DiscountShorttermNotesBillsPayable>
	<tw-gaap-ci:DiscountShorttermNotesBillsPayable contextRef="AsOf20090930" decimals="-3" unitRef="TWD">129000</tw-gaap-ci:DiscountShorttermNotesBillsPayable>
	<tw-gaap-ci:ShorttermNotesBillsPayable contextRef="AsOf20100930" decimals="-3" unitRef="TWD">69953000</tw-gaap-ci:ShorttermNotesBillsPayable>
	<tw-gaap-ci:ShorttermNotesBillsPayable contextRef="AsOf20090930" decimals="-3" unitRef="TWD">39871000</tw-gaap-ci:ShorttermNotesBillsPayable>
	<tw-gaap-ci:NotesPayable_NotesPayable contextRef="AsOf20100930" decimals="-3" unitRef="TWD">386000</tw-gaap-ci:NotesPayable_NotesPayable>
	<tw-gaap-ci:NotesPayable_NotesPayable contextRef="AsOf20090930" decimals="-3" unitRef="TWD">1299000</tw-gaap-ci:NotesPayable_NotesPayable>
	<tw-gaap-ci:NotesPayable contextRef="AsOf20100930" decimals="-3" unitRef="TWD">386000</tw-gaap-ci:NotesPayable>
	<tw-gaap-ci:NotesPayable contextRef="AsOf20090930" decimals="-3" unitRef="TWD">1299000</tw-gaap-ci:NotesPayable>
	<tw-gaap-ci:AccountsPayable_AccountsPayable contextRef="AsOf20100930" decimals="-3" unitRef="TWD">15941000</tw-gaap-ci:AccountsPayable_AccountsPayable>
	<tw-gaap-ci:AccountsPayable_AccountsPayable contextRef="AsOf20090930" decimals="-3" unitRef="TWD">31421000</tw-gaap-ci:AccountsPayable_AccountsPayable>
	<tw-gaap-ci:AccountsPayable contextRef="AsOf20100930" decimals="-3" unitRef="TWD">15941000</tw-gaap-ci:AccountsPayable>
	<tw-gaap-ci:AccountsPayable contextRef="AsOf20090930" decimals="-3" unitRef="TWD">31421000</tw-gaap-ci:AccountsPayable>
	<tw-gaap-ci:AccountsPayableRelatedParties_AccountsPayableRelatedParties contextRef="AsOf20100930" decimals="-3" unitRef="TWD">1318000</tw-gaap-ci:AccountsPayableRelatedParties_AccountsPayableRelatedParties>
	<tw-gaap-ci:AccountsPayableRelatedParties_AccountsPayableRelatedParties contextRef="AsOf20090930" decimals="-3" unitRef="TWD">2034000</tw-gaap-ci:AccountsPayableRelatedParties_AccountsPayableRelatedParties>
	<tw-gaap-ci:AccountsPayableRelatedParties contextRef="AsOf20100930" decimals="-3" unitRef="TWD">1318000</tw-gaap-ci:AccountsPayableRelatedParties>
	<tw-gaap-ci:AccountsPayableRelatedParties contextRef="AsOf20090930" decimals="-3" unitRef="TWD">2034000</tw-gaap-ci:AccountsPayableRelatedParties>
	<tw-gaap-ci:IncomeTaxPayable contextRef="AsOf20100930" decimals="-3" unitRef="TWD">2598000</tw-gaap-ci:IncomeTaxPayable>
	<tw-gaap-ci:IncomeTaxPayable contextRef="AsOf20090930" decimals="-3" unitRef="TWD">0</tw-gaap-ci:IncomeTaxPayable>
	<tw-gaap-ci:SalariesWagesPayable contextRef="AsOf20100930" decimals="-3" unitRef="TWD">2328000</tw-gaap-ci:SalariesWagesPayable>
	<tw-gaap-ci:SalariesWagesPayable contextRef="AsOf20090930" decimals="-3" unitRef="TWD">2517000</tw-gaap-ci:SalariesWagesPayable>
	<tw-gaap-ci:InterestPayable contextRef="AsOf20100930" decimals="-3" unitRef="TWD">1309000</tw-gaap-ci:InterestPayable>
	<tw-gaap-ci:InterestPayable contextRef="AsOf20090930" decimals="-3" unitRef="TWD">2018000</tw-gaap-ci:InterestPayable>
	<tw-gaap-ci:OtherAccruedExpenses contextRef="AsOf20100930" decimals="-3" unitRef="TWD">1844000</tw-gaap-ci:OtherAccruedExpenses>
	<tw-gaap-ci:OtherAccruedExpenses contextRef="AsOf20090930" decimals="-3" unitRef="TWD">2035000</tw-gaap-ci:OtherAccruedExpenses>
	<tw-gaap-ci:AccruedExpenses contextRef="AsOf20100930" decimals="-3" unitRef="TWD">5481000</tw-gaap-ci:AccruedExpenses>
	<tw-gaap-ci:AccruedExpenses contextRef="AsOf20090930" decimals="-3" unitRef="TWD">6570000</tw-gaap-ci:AccruedExpenses>
	<tw-gaap-ci:BusinessTaxPayable contextRef="AsOf20100930" decimals="-3" unitRef="TWD">9000</tw-gaap-ci:BusinessTaxPayable>
	<tw-gaap-ci:BusinessTaxPayable contextRef="AsOf20090930" decimals="-3" unitRef="TWD">125000</tw-gaap-ci:BusinessTaxPayable>
	<tw-gaap-ci:CompensationDueDirectorsSupervisors contextRef="AsOf20100930" decimals="-3" unitRef="TWD">1388000</tw-gaap-ci:CompensationDueDirectorsSupervisors>
	<tw-gaap-ci:CompensationDueDirectorsSupervisors contextRef="AsOf20090930" decimals="-3" unitRef="TWD">1303000</tw-gaap-ci:CompensationDueDirectorsSupervisors>
	<tw-gaap-ci:OtherPayables contextRef="AsOf20100930" decimals="-3" unitRef="TWD">1397000</tw-gaap-ci:OtherPayables>
	<tw-gaap-ci:OtherPayables contextRef="AsOf20090930" decimals="-3" unitRef="TWD">1428000</tw-gaap-ci:OtherPayables>
	<tw-gaap-ci:TemporaryCredits contextRef="AsOf20100930" decimals="-3" unitRef="TWD">1609000</tw-gaap-ci:TemporaryCredits>
	<tw-gaap-ci:TemporaryCredits contextRef="AsOf20090930" decimals="-3" unitRef="TWD">1285000</tw-gaap-ci:TemporaryCredits>
	<tw-gaap-ci:ReceiptsCustody contextRef="AsOf20100930" decimals="-3" unitRef="TWD">79000</tw-gaap-ci:ReceiptsCustody>
	<tw-gaap-ci:ReceiptsCustody contextRef="AsOf20090930" decimals="-3" unitRef="TWD">149000</tw-gaap-ci:ReceiptsCustody>
	<tw-gaap-ci:OtherCurrentLiabilities contextRef="AsOf20100930" decimals="-3" unitRef="TWD">1688000</tw-gaap-ci:OtherCurrentLiabilities>
	<tw-gaap-ci:OtherCurrentLiabilities contextRef="AsOf20090930" decimals="-3" unitRef="TWD">1434000</tw-gaap-ci:OtherCurrentLiabilities>
	<tw-gaap-ci:CurrentLiabilities contextRef="AsOf20100930" decimals="-3" unitRef="TWD">328691000</tw-gaap-ci:CurrentLiabilities>
	<tw-gaap-ci:CurrentLiabilities contextRef="AsOf20090930" decimals="-3" unitRef="TWD">239965000</tw-gaap-ci:CurrentLiabilities>
	<tw-gaap-ci:ReserveLandRevaluationIncrementTax contextRef="AsOf20100930" decimals="-3" unitRef="TWD">36662000</tw-gaap-ci:ReserveLandRevaluationIncrementTax>
	<tw-gaap-ci:ReserveLandRevaluationIncrementTax contextRef="AsOf20090930" decimals="-3" unitRef="TWD">36662000</tw-gaap-ci:ReserveLandRevaluationIncrementTax>
	<tw-gaap-ci:Reserves contextRef="AsOf20100930" decimals="-3" unitRef="TWD">36662000</tw-gaap-ci:Reserves>
	<tw-gaap-ci:Reserves contextRef="AsOf20090930" decimals="-3" unitRef="TWD">36662000</tw-gaap-ci:Reserves>
	<tw-gaap-ci:PensionReserve contextRef="AsOf20100930" decimals="-3" unitRef="TWD">24302000</tw-gaap-ci:PensionReserve>
	<tw-gaap-ci:PensionReserve contextRef="AsOf20090930" decimals="-3" unitRef="TWD">23433000</tw-gaap-ci:PensionReserve>
	<tw-gaap-ci:Long-termInvestmentsEquityCredit contextRef="AsOf20100930" decimals="-3" unitRef="TWD">422000</tw-gaap-ci:Long-termInvestmentsEquityCredit>
	<tw-gaap-ci:Long-termInvestmentsEquityCredit contextRef="AsOf20090930" decimals="-3" unitRef="TWD">912000</tw-gaap-ci:Long-termInvestmentsEquityCredit>
	<tw-gaap-ci:OtherLiabilities contextRef="AsOf20100930" decimals="-3" unitRef="TWD">24724000</tw-gaap-ci:OtherLiabilities>
	<tw-gaap-ci:OtherLiabilities contextRef="AsOf20090930" decimals="-3" unitRef="TWD">24345000</tw-gaap-ci:OtherLiabilities>
	<tw-gaap-ci:Liabilities contextRef="AsOf20100930" decimals="-3" unitRef="TWD">390077000</tw-gaap-ci:Liabilities>
	<tw-gaap-ci:Liabilities contextRef="AsOf20090930" decimals="-3" unitRef="TWD">300972000</tw-gaap-ci:Liabilities>
	<tw-gaap-ci:CommonStock contextRef="AsOf20100930" decimals="-3" unitRef="TWD">545328000</tw-gaap-ci:CommonStock>
	<tw-gaap-ci:CommonStock contextRef="AsOf20090930" decimals="-3" unitRef="TWD">514024000</tw-gaap-ci:CommonStock>
	<tw-gaap-ci:StockDividendDistributed contextRef="AsOf20100930" decimals="-3" unitRef="TWD">0</tw-gaap-ci:StockDividendDistributed>
	<tw-gaap-ci:StockDividendDistributed contextRef="AsOf20090930" decimals="-3" unitRef="TWD">15421000</tw-gaap-ci:StockDividendDistributed>
	<tw-gaap-ci:Capital contextRef="AsOf20100930" decimals="-3" unitRef="TWD">545328000</tw-gaap-ci:Capital>
	<tw-gaap-ci:Capital contextRef="AsOf20090930" decimals="-3" unitRef="TWD">529445000</tw-gaap-ci:Capital>
	<tw-gaap-ci:CapitalSurplusAdditionalPaidCapitalCommonStock contextRef="AsOf20100930" decimals="-3" unitRef="TWD">26793000</tw-gaap-ci:CapitalSurplusAdditionalPaidCapitalCommonStock>
	<tw-gaap-ci:CapitalSurplusAdditionalPaidCapitalCommonStock contextRef="AsOf20090930" decimals="-3" unitRef="TWD">26793000</tw-gaap-ci:CapitalSurplusAdditionalPaidCapitalCommonStock>
	<tw-gaap-ci:CapitalSurplusAdditionalPaidCapital contextRef="AsOf20100930" decimals="-3" unitRef="TWD">26793000</tw-gaap-ci:CapitalSurplusAdditionalPaidCapital>
	<tw-gaap-ci:CapitalSurplusAdditionalPaidCapital contextRef="AsOf20090930" decimals="-3" unitRef="TWD">26793000</tw-gaap-ci:CapitalSurplusAdditionalPaidCapital>
	<tw-gaap-ci:CapitalSurplusTreasuryStockTransactions contextRef="AsOf20100930" decimals="-3" unitRef="TWD">778000</tw-gaap-ci:CapitalSurplusTreasuryStockTransactions>
	<tw-gaap-ci:CapitalSurplusTreasuryStockTransactions contextRef="AsOf20090930" decimals="-3" unitRef="TWD">778000</tw-gaap-ci:CapitalSurplusTreasuryStockTransactions>
	<tw-gaap-ci:CapitalSurplusLongTermEquityInvestments contextRef="AsOf20100930" decimals="-3" unitRef="TWD">34000</tw-gaap-ci:CapitalSurplusLongTermEquityInvestments>
	<tw-gaap-ci:CapitalSurplusLongTermEquityInvestments contextRef="AsOf20090930" decimals="-3" unitRef="TWD">34000</tw-gaap-ci:CapitalSurplusLongTermEquityInvestments>
	<tw-gaap-ci:CapitalSurplus-Other contextRef="AsOf20100930" decimals="-3" unitRef="TWD">69000</tw-gaap-ci:CapitalSurplus-Other>
	<tw-gaap-ci:CapitalSurplus-Other contextRef="AsOf20090930" decimals="-3" unitRef="TWD">69000</tw-gaap-ci:CapitalSurplus-Other>
	<tw-gaap-ci:CapitalSurplusOther contextRef="AsOf20100930" decimals="-3" unitRef="TWD">69000</tw-gaap-ci:CapitalSurplusOther>
	<tw-gaap-ci:CapitalSurplusOther contextRef="AsOf20090930" decimals="-3" unitRef="TWD">69000</tw-gaap-ci:CapitalSurplusOther>
	<tw-gaap-ci:CapitalSurplus contextRef="AsOf20100930" decimals="-3" unitRef="TWD">27674000</tw-gaap-ci:CapitalSurplus>
	<tw-gaap-ci:CapitalSurplus contextRef="AsOf20090930" decimals="-3" unitRef="TWD">27674000</tw-gaap-ci:CapitalSurplus>
	<tw-gaap-ci:LegalReserve contextRef="AsOf20100930" decimals="-3" unitRef="TWD">73772000</tw-gaap-ci:LegalReserve>
	<tw-gaap-ci:LegalReserve contextRef="AsOf20090930" decimals="-3" unitRef="TWD">72112000</tw-gaap-ci:LegalReserve>
	<tw-gaap-ci:SpecialReserve contextRef="AsOf20100930" decimals="-3" unitRef="TWD">0</tw-gaap-ci:SpecialReserve>
	<tw-gaap-ci:SpecialReserve contextRef="AsOf20090930" decimals="-3" unitRef="TWD">553000</tw-gaap-ci:SpecialReserve>
	<tw-gaap-ci:AccumulatedProfitLoss contextRef="AsOf20100930" decimals="-3" unitRef="TWD">9325000</tw-gaap-ci:AccumulatedProfitLoss>
	<tw-gaap-ci:AccumulatedProfitLoss contextRef="AsOf20090930" decimals="-3" unitRef="TWD">9713000</tw-gaap-ci:AccumulatedProfitLoss>
	<tw-gaap-ci:CurrentProfitLoss contextRef="AsOf20100930" decimals="-3" unitRef="TWD">26182000</tw-gaap-ci:CurrentProfitLoss>
	<tw-gaap-ci:CurrentProfitLoss contextRef="AsOf20090930" decimals="-3" unitRef="TWD">-1788000</tw-gaap-ci:CurrentProfitLoss>
	<tw-gaap-ci:UnappropriatedRetainedEarnings contextRef="AsOf20100930" decimals="-3" unitRef="TWD">35507000</tw-gaap-ci:UnappropriatedRetainedEarnings>
	<tw-gaap-ci:UnappropriatedRetainedEarnings contextRef="AsOf20090930" decimals="-3" unitRef="TWD">7925000</tw-gaap-ci:UnappropriatedRetainedEarnings>
	<tw-gaap-ci:RetainedEarnings contextRef="AsOf20100930" decimals="-3" unitRef="TWD">109279000</tw-gaap-ci:RetainedEarnings>
	<tw-gaap-ci:RetainedEarnings contextRef="AsOf20090930" decimals="-3" unitRef="TWD">80590000</tw-gaap-ci:RetainedEarnings>
	<tw-gaap-ci:CumulativeTranslationAdjustments contextRef="AsOf20100930" decimals="-3" unitRef="TWD">-1132000</tw-gaap-ci:CumulativeTranslationAdjustments>
	<tw-gaap-ci:CumulativeTranslationAdjustments contextRef="AsOf20090930" decimals="-3" unitRef="TWD">-815000</tw-gaap-ci:CumulativeTranslationAdjustments>
	<tw-gaap-ci:UnrealizedGainLossesAvailableSaleFinancialAssetsMember contextRef="From20100101To20100930" decimals="-3" unitRef="TWD">177883000</tw-gaap-ci:UnrealizedGainLossesAvailableSaleFinancialAssetsMember>
	<tw-gaap-ci:UnrealizedGainLossesAvailableSaleFinancialAssetsMember contextRef="From20090101To20090930" decimals="-3" unitRef="TWD">85918000</tw-gaap-ci:UnrealizedGainLossesAvailableSaleFinancialAssetsMember>
	<tw-gaap-ci:UnrealizedGainsLossesFinancialInstruments contextRef="AsOf20100930" decimals="-3" unitRef="TWD">177883000</tw-gaap-ci:UnrealizedGainsLossesFinancialInstruments>
	<tw-gaap-ci:UnrealizedGainsLossesFinancialInstruments contextRef="AsOf20090930" decimals="-3" unitRef="TWD">85918000</tw-gaap-ci:UnrealizedGainsLossesFinancialInstruments>
	<tw-gaap-ci:UnrealizedRevaluationIncrement contextRef="AsOf20100930" decimals="-3" unitRef="TWD">51086000</tw-gaap-ci:UnrealizedRevaluationIncrement>
	<tw-gaap-ci:UnrealizedRevaluationIncrement contextRef="AsOf20090930" decimals="-3" unitRef="TWD">51086000</tw-gaap-ci:UnrealizedRevaluationIncrement>
	<tw-gaap-ci:TreasuryStock contextRef="AsOf20100930" decimals="-3" unitRef="TWD">11584000</tw-gaap-ci:TreasuryStock>
	<tw-gaap-ci:TreasuryStock contextRef="AsOf20090930" decimals="-3" unitRef="TWD">11584000</tw-gaap-ci:TreasuryStock>
	<tw-gaap-ci:StockholdersEquitiesAdjustments contextRef="AsOf20100930" decimals="-3" unitRef="TWD">216253000</tw-gaap-ci:StockholdersEquitiesAdjustments>
	<tw-gaap-ci:StockholdersEquitiesAdjustments contextRef="AsOf20090930" decimals="-3" unitRef="TWD">124605000</tw-gaap-ci:StockholdersEquitiesAdjustments>
	<tw-gaap-ci:StockholdersEquities contextRef="AsOf20100930" decimals="-3" unitRef="TWD">898534000</tw-gaap-ci:StockholdersEquities>
	<tw-gaap-ci:StockholdersEquities contextRef="AsOf20090930" decimals="-3" unitRef="TWD">762314000</tw-gaap-ci:StockholdersEquities>
	<tw-gaap-ci:EquivalentSharesOutstandingAdvanceReceiptsCommonStock contextRef="AsOf20100930" decimals="0" unitRef="Shares">0</tw-gaap-ci:EquivalentSharesOutstandingAdvanceReceiptsCommonStock>
	<tw-gaap-ci:EquivalentSharesOutstandingAdvanceReceiptsCommonStock contextRef="AsOf20090930" decimals="0" unitRef="Shares">0</tw-gaap-ci:EquivalentSharesOutstandingAdvanceReceiptsCommonStock>
	<tw-gaap-ci:NumberTreasuryStockAcquiredCompanySubsidiaries contextRef="AsOf20100930" decimals="0" unitRef="Shares">2069525</tw-gaap-ci:NumberTreasuryStockAcquiredCompanySubsidiaries>
	<tw-gaap-ci:NumberTreasuryStockAcquiredCompanySubsidiaries contextRef="AsOf20090930" decimals="0" unitRef="Shares">1950727</tw-gaap-ci:NumberTreasuryStockAcquiredCompanySubsidiaries>
	<tw-gaap-ci:SalesRevenue contextRef="From20100101To20100930" decimals="-3" unitRef="TWD">309911000</tw-gaap-ci:SalesRevenue>
	<tw-gaap-ci:SalesRevenue contextRef="From20090101To20090930" decimals="-3" unitRef="TWD">301067000</tw-gaap-ci:SalesRevenue>
	<tw-gaap-ci:Sales contextRef="From20100101To20100930" decimals="-3" unitRef="TWD">309911000</tw-gaap-ci:Sales>
	<tw-gaap-ci:Sales contextRef="From20090101To20090930" decimals="-3" unitRef="TWD">301067000</tw-gaap-ci:Sales>
	<tw-gaap-ci:SalesReturns contextRef="From20100101To20100930" decimals="-3" unitRef="TWD">469000</tw-gaap-ci:SalesReturns>
	<tw-gaap-ci:SalesReturns contextRef="From20090101To20090930" decimals="-3" unitRef="TWD">852000</tw-gaap-ci:SalesReturns>
	<tw-gaap-ci:SalesDiscountsAllowances contextRef="From20100101To20100930" decimals="-3" unitRef="TWD">2693000</tw-gaap-ci:SalesDiscountsAllowances>
	<tw-gaap-ci:SalesDiscountsAllowances contextRef="From20090101To20090930" decimals="-3" unitRef="TWD">2977000</tw-gaap-ci:SalesDiscountsAllowances>
	<tw-gaap-ci:NetSales contextRef="From20100101To20100930" decimals="-3" unitRef="TWD">306749000</tw-gaap-ci:NetSales>
	<tw-gaap-ci:NetSales contextRef="From20090101To20090930" decimals="-3" unitRef="TWD">297238000</tw-gaap-ci:NetSales>
	<tw-gaap-ci:OperatingRevenue contextRef="From20100101To20100930" decimals="-3" unitRef="TWD">306749000</tw-gaap-ci:OperatingRevenue>
	<tw-gaap-ci:OperatingRevenue contextRef="From20090101To20090930" decimals="-3" unitRef="TWD">297238000</tw-gaap-ci:OperatingRevenue>
	<tw-gaap-ci:CostSalesCostSales contextRef="From20100101To20100930" decimals="-3" unitRef="TWD">273642000</tw-gaap-ci:CostSalesCostSales>
	<tw-gaap-ci:CostSalesCostSales contextRef="From20090101To20090930" decimals="-3" unitRef="TWD">270011000</tw-gaap-ci:CostSalesCostSales>
	<tw-gaap-ci:CostSales contextRef="From20100101To20100930" decimals="-3" unitRef="TWD">273642000</tw-gaap-ci:CostSales>
	<tw-gaap-ci:CostSales contextRef="From20090101To20090930" decimals="-3" unitRef="TWD">270011000</tw-gaap-ci:CostSales>
	<tw-gaap-ci:OperatingCosts contextRef="From20100101To20100930" decimals="-3" unitRef="TWD">273642000</tw-gaap-ci:OperatingCosts>
	<tw-gaap-ci:OperatingCosts contextRef="From20090101To20090930" decimals="-3" unitRef="TWD">270011000</tw-gaap-ci:OperatingCosts>
	<tw-gaap-ci:GrossProfitLossOperations contextRef="From20100101To20100930" decimals="-3" unitRef="TWD">33107000</tw-gaap-ci:GrossProfitLossOperations>
	<tw-gaap-ci:GrossProfitLossOperations contextRef="From20090101To20090930" decimals="-3" unitRef="TWD">27227000</tw-gaap-ci:GrossProfitLossOperations>
	<tw-gaap-ci:SalaryWages-SellingExpense contextRef="From20100101To20100930" decimals="-3" unitRef="TWD">1931000</tw-gaap-ci:SalaryWages-SellingExpense>
	<tw-gaap-ci:SalaryWages-SellingExpense contextRef="From20090101To20090930" decimals="-3" unitRef="TWD">1755000</tw-gaap-ci:SalaryWages-SellingExpense>
	<tw-gaap-ci:Freight-SellingExpense contextRef="From20100101To20100930" decimals="-3" unitRef="TWD">2873000</tw-gaap-ci:Freight-SellingExpense>
	<tw-gaap-ci:Freight-SellingExpense contextRef="From20090101To20090930" decimals="-3" unitRef="TWD">3218000</tw-gaap-ci:Freight-SellingExpense>
	<tw-gaap-ci:RepairsMaintenance-SellingExpense contextRef="From20100101To20100930" decimals="-3" unitRef="TWD">26000</tw-gaap-ci:RepairsMaintenance-SellingExpense>
	<tw-gaap-ci:RepairsMaintenance-SellingExpense contextRef="From20090101To20090930" decimals="-3" unitRef="TWD">86000</tw-gaap-ci:RepairsMaintenance-SellingExpense>
	<tw-gaap-ci:Advertisement-SellingExpense contextRef="From20100101To20100930" decimals="-3" unitRef="TWD">363000</tw-gaap-ci:Advertisement-SellingExpense>
	<tw-gaap-ci:Advertisement-SellingExpense contextRef="From20090101To20090930" decimals="-3" unitRef="TWD">0</tw-gaap-ci:Advertisement-SellingExpense>
	<tw-gaap-ci:Insurance-SellingExpense contextRef="From20100101To20100930" decimals="-3" unitRef="TWD">141000</tw-gaap-ci:Insurance-SellingExpense>
	<tw-gaap-ci:Insurance-SellingExpense contextRef="From20090101To20090930" decimals="-3" unitRef="TWD">112000</tw-gaap-ci:Insurance-SellingExpense>
	<tw-gaap-ci:Entertainment-SellingExpense contextRef="From20100101To20100930" decimals="-3" unitRef="TWD">45000</tw-gaap-ci:Entertainment-SellingExpense>
	<tw-gaap-ci:Entertainment-SellingExpense contextRef="From20090101To20090930" decimals="-3" unitRef="TWD">16000</tw-gaap-ci:Entertainment-SellingExpense>
	<tw-gaap-ci:Taxes-SellingExpense contextRef="From20100101To20100930" decimals="-3" unitRef="TWD">7000</tw-gaap-ci:Taxes-SellingExpense>
	<tw-gaap-ci:Taxes-SellingExpense contextRef="From20090101To20090930" decimals="-3" unitRef="TWD">14000</tw-gaap-ci:Taxes-SellingExpense>
	<tw-gaap-ci:Depreciations-SellingExpense contextRef="From20100101To20100930" decimals="-3" unitRef="TWD">85000</tw-gaap-ci:Depreciations-SellingExpense>
	<tw-gaap-ci:Depreciations-SellingExpense contextRef="From20090101To20090930" decimals="-3" unitRef="TWD">88000</tw-gaap-ci:Depreciations-SellingExpense>
	<tw-gaap-ci:FoodStipend-SellingExpense contextRef="From20100101To20100930" decimals="-3" unitRef="TWD">47000</tw-gaap-ci:FoodStipend-SellingExpense>
	<tw-gaap-ci:FoodStipend-SellingExpense contextRef="From20090101To20090930" decimals="-3" unitRef="TWD">35000</tw-gaap-ci:FoodStipend-SellingExpense>
	<tw-gaap-ci:EmployeeBenefits-SellingExpense contextRef="From20100101To20100930" decimals="-3" unitRef="TWD">41000</tw-gaap-ci:EmployeeBenefits-SellingExpense>
	<tw-gaap-ci:EmployeeBenefits-SellingExpense contextRef="From20090101To20090930" decimals="-3" unitRef="TWD">24000</tw-gaap-ci:EmployeeBenefits-SellingExpense>
	<tw-gaap-ci:CommissionsExpense-SellingExpense contextRef="From20100101To20100930" decimals="-3" unitRef="TWD">2000</tw-gaap-ci:CommissionsExpense-SellingExpense>
	<tw-gaap-ci:CommissionsExpense-SellingExpense contextRef="From20090101To20090930" decimals="-3" unitRef="TWD">31000</tw-gaap-ci:CommissionsExpense-SellingExpense>
	<tw-gaap-ci:Training-SellingExpense contextRef="From20100101To20100930" decimals="-3" unitRef="TWD">6000</tw-gaap-ci:Training-SellingExpense>
	<tw-gaap-ci:Training-SellingExpense contextRef="From20090101To20090930" decimals="-3" unitRef="TWD">0</tw-gaap-ci:Training-SellingExpense>
	<tw-gaap-ci:OtherExpenses-SellingExpense contextRef="From20100101To20100930" decimals="-3" unitRef="TWD">754000</tw-gaap-ci:OtherExpenses-SellingExpense>
	<tw-gaap-ci:OtherExpenses-SellingExpense contextRef="From20090101To20090930" decimals="-3" unitRef="TWD">743000</tw-gaap-ci:OtherExpenses-SellingExpense>
	<tw-gaap-ci:Sellingexpense contextRef="From20100101To20100930" decimals="-3" unitRef="TWD">6321000</tw-gaap-ci:Sellingexpense>
	<tw-gaap-ci:Sellingexpense contextRef="From20090101To20090930" decimals="-3" unitRef="TWD">6122000</tw-gaap-ci:Sellingexpense>
	<tw-gaap-ci:SalaryWages-GeneralAdministrativeExpenses contextRef="From20100101To20100930" decimals="-3" unitRef="TWD">9825000</tw-gaap-ci:SalaryWages-GeneralAdministrativeExpenses>
	<tw-gaap-ci:SalaryWages-GeneralAdministrativeExpenses contextRef="From20090101To20090930" decimals="-3" unitRef="TWD">10117000</tw-gaap-ci:SalaryWages-GeneralAdministrativeExpenses>
	<tw-gaap-ci:StationerySupplies-GeneralAdministrativeExpenses contextRef="From20100101To20100930" decimals="-3" unitRef="TWD">31000</tw-gaap-ci:StationerySupplies-GeneralAdministrativeExpenses>
	<tw-gaap-ci:StationerySupplies-GeneralAdministrativeExpenses contextRef="From20090101To20090930" decimals="-3" unitRef="TWD">134000</tw-gaap-ci:StationerySupplies-GeneralAdministrativeExpenses>
	<tw-gaap-ci:TravelingExpense-GeneralAdministrativeExpenses contextRef="From20100101To20100930" decimals="-3" unitRef="TWD">1000</tw-gaap-ci:TravelingExpense-GeneralAdministrativeExpenses>
	<tw-gaap-ci:TravelingExpense-GeneralAdministrativeExpenses contextRef="From20090101To20090930" decimals="-3" unitRef="TWD">6000</tw-gaap-ci:TravelingExpense-GeneralAdministrativeExpenses>
	<tw-gaap-ci:Freight-GeneralAdministrativeExpenses contextRef="From20100101To20100930" decimals="-3" unitRef="TWD">0</tw-gaap-ci:Freight-GeneralAdministrativeExpenses>
	<tw-gaap-ci:Freight-GeneralAdministrativeExpenses contextRef="From20090101To20090930" decimals="-3" unitRef="TWD">47000</tw-gaap-ci:Freight-GeneralAdministrativeExpenses>
	<tw-gaap-ci:PostagePhoneFaxExpense-GeneralAdministrativeExpenses contextRef="From20100101To20100930" decimals="-3" unitRef="TWD">200000</tw-gaap-ci:PostagePhoneFaxExpense-GeneralAdministrativeExpenses>
	<tw-gaap-ci:PostagePhoneFaxExpense-GeneralAdministrativeExpenses contextRef="From20090101To20090930" decimals="-3" unitRef="TWD">182000</tw-gaap-ci:PostagePhoneFaxExpense-GeneralAdministrativeExpenses>
	<tw-gaap-ci:RepairsMaintenance-GeneralAdministrativeExpenses contextRef="From20100101To20100930" decimals="-3" unitRef="TWD">444000</tw-gaap-ci:RepairsMaintenance-GeneralAdministrativeExpenses>
	<tw-gaap-ci:RepairsMaintenance-GeneralAdministrativeExpenses contextRef="From20090101To20090930" decimals="-3" unitRef="TWD">587000</tw-gaap-ci:RepairsMaintenance-GeneralAdministrativeExpenses>
	<tw-gaap-ci:Advertisement-GeneralAdministrativeExpenses contextRef="From20100101To20100930" decimals="-3" unitRef="TWD">83000</tw-gaap-ci:Advertisement-GeneralAdministrativeExpenses>
	<tw-gaap-ci:Advertisement-GeneralAdministrativeExpenses contextRef="From20090101To20090930" decimals="-3" unitRef="TWD">0</tw-gaap-ci:Advertisement-GeneralAdministrativeExpenses>
	<tw-gaap-ci:Utilities-GeneralAdministrativeExpenses contextRef="From20100101To20100930" decimals="-3" unitRef="TWD">303000</tw-gaap-ci:Utilities-GeneralAdministrativeExpenses>
	<tw-gaap-ci:Utilities-GeneralAdministrativeExpenses contextRef="From20090101To20090930" decimals="-3" unitRef="TWD">298000</tw-gaap-ci:Utilities-GeneralAdministrativeExpenses>
	<tw-gaap-ci:Insurance-GeneralAdministrativeExpenses contextRef="From20100101To20100930" decimals="-3" unitRef="TWD">752000</tw-gaap-ci:Insurance-GeneralAdministrativeExpenses>
	<tw-gaap-ci:Insurance-GeneralAdministrativeExpenses contextRef="From20090101To20090930" decimals="-3" unitRef="TWD">677000</tw-gaap-ci:Insurance-GeneralAdministrativeExpenses>
	<tw-gaap-ci:Entertainment-GeneralAdministrativeExpenses contextRef="From20100101To20100930" decimals="-3" unitRef="TWD">204000</tw-gaap-ci:Entertainment-GeneralAdministrativeExpenses>
	<tw-gaap-ci:Entertainment-GeneralAdministrativeExpenses contextRef="From20090101To20090930" decimals="-3" unitRef="TWD">428000</tw-gaap-ci:Entertainment-GeneralAdministrativeExpenses>
	<tw-gaap-ci:Donations-GeneralAdministrativeExpenses contextRef="From20100101To20100930" decimals="-3" unitRef="TWD">0</tw-gaap-ci:Donations-GeneralAdministrativeExpenses>
	<tw-gaap-ci:Donations-GeneralAdministrativeExpenses contextRef="From20090101To20090930" decimals="-3" unitRef="TWD">0</tw-gaap-ci:Donations-GeneralAdministrativeExpenses>
	<tw-gaap-ci:Taxes-GeneralAdministrativeExpenses contextRef="From20100101To20100930" decimals="-3" unitRef="TWD">5337000</tw-gaap-ci:Taxes-GeneralAdministrativeExpenses>
	<tw-gaap-ci:Taxes-GeneralAdministrativeExpenses contextRef="From20090101To20090930" decimals="-3" unitRef="TWD">2903000</tw-gaap-ci:Taxes-GeneralAdministrativeExpenses>
	<tw-gaap-ci:BadDebtLosses-GeneralAdministrativeExpenses contextRef="From20100101To20100930" decimals="-3" unitRef="TWD">1872000</tw-gaap-ci:BadDebtLosses-GeneralAdministrativeExpenses>
	<tw-gaap-ci:BadDebtLosses-GeneralAdministrativeExpenses contextRef="From20090101To20090930" decimals="-3" unitRef="TWD">8593000</tw-gaap-ci:BadDebtLosses-GeneralAdministrativeExpenses>
	<tw-gaap-ci:Depreciations-GeneralAdministrativeExpenses contextRef="From20100101To20100930" decimals="-3" unitRef="TWD">1410000</tw-gaap-ci:Depreciations-GeneralAdministrativeExpenses>
	<tw-gaap-ci:Depreciations-GeneralAdministrativeExpenses contextRef="From20090101To20090930" decimals="-3" unitRef="TWD">1217000</tw-gaap-ci:Depreciations-GeneralAdministrativeExpenses>
	<tw-gaap-ci:Amortizations-GeneralAdministrativeExpenses contextRef="From20100101To20100930" decimals="-3" unitRef="TWD">40000</tw-gaap-ci:Amortizations-GeneralAdministrativeExpenses>
	<tw-gaap-ci:Amortizations-GeneralAdministrativeExpenses contextRef="From20090101To20090930" decimals="-3" unitRef="TWD">41000</tw-gaap-ci:Amortizations-GeneralAdministrativeExpenses>
	<tw-gaap-ci:FoodStipend-GeneralAdministrativeExpenses contextRef="From20100101To20100930" decimals="-3" unitRef="TWD">47000</tw-gaap-ci:FoodStipend-GeneralAdministrativeExpenses>
	<tw-gaap-ci:FoodStipend-GeneralAdministrativeExpenses contextRef="From20090101To20090930" decimals="-3" unitRef="TWD">341000</tw-gaap-ci:FoodStipend-GeneralAdministrativeExpenses>
	<tw-gaap-ci:EmployeeBenefits-GeneralAdministrativeExpenses contextRef="From20100101To20100930" decimals="-3" unitRef="TWD">41000</tw-gaap-ci:EmployeeBenefits-GeneralAdministrativeExpenses>
	<tw-gaap-ci:EmployeeBenefits-GeneralAdministrativeExpenses contextRef="From20090101To20090930" decimals="-3" unitRef="TWD">122000</tw-gaap-ci:EmployeeBenefits-GeneralAdministrativeExpenses>
	<tw-gaap-ci:Training-GeneralAdministrativeExpenses contextRef="From20100101To20100930" decimals="-3" unitRef="TWD">141000</tw-gaap-ci:Training-GeneralAdministrativeExpenses>
	<tw-gaap-ci:Training-GeneralAdministrativeExpenses contextRef="From20090101To20090930" decimals="-3" unitRef="TWD">16000</tw-gaap-ci:Training-GeneralAdministrativeExpenses>
	<tw-gaap-ci:OtherExpenses-GeneralAdministrativeExpenses contextRef="From20100101To20100930" decimals="-3" unitRef="TWD">4336000</tw-gaap-ci:OtherExpenses-GeneralAdministrativeExpenses>
	<tw-gaap-ci:OtherExpenses-GeneralAdministrativeExpenses contextRef="From20090101To20090930" decimals="-3" unitRef="TWD">4552000</tw-gaap-ci:OtherExpenses-GeneralAdministrativeExpenses>
	<tw-gaap-ci:GeneralAdministrativeExpenses contextRef="From20100101To20100930" decimals="-3" unitRef="TWD">25067000</tw-gaap-ci:GeneralAdministrativeExpenses>
	<tw-gaap-ci:GeneralAdministrativeExpenses contextRef="From20090101To20090930" decimals="-3" unitRef="TWD">30261000</tw-gaap-ci:GeneralAdministrativeExpenses>
	<tw-gaap-ci:SalaryWages-ResearchDevelopmentExpenses contextRef="From20100101To20100930" decimals="-3" unitRef="TWD">969000</tw-gaap-ci:SalaryWages-ResearchDevelopmentExpenses>
	<tw-gaap-ci:SalaryWages-ResearchDevelopmentExpenses contextRef="From20090101To20090930" decimals="-3" unitRef="TWD">646000</tw-gaap-ci:SalaryWages-ResearchDevelopmentExpenses>
	<tw-gaap-ci:Insurance-ResearchDevelopmentExpenses contextRef="From20100101To20100930" decimals="-3" unitRef="TWD">73000</tw-gaap-ci:Insurance-ResearchDevelopmentExpenses>
	<tw-gaap-ci:Insurance-ResearchDevelopmentExpenses contextRef="From20090101To20090930" decimals="-3" unitRef="TWD">45000</tw-gaap-ci:Insurance-ResearchDevelopmentExpenses>
	<tw-gaap-ci:Taxes-ResearchDevelopmentExpenses contextRef="From20100101To20100930" decimals="-3" unitRef="TWD">7000</tw-gaap-ci:Taxes-ResearchDevelopmentExpenses>
	<tw-gaap-ci:Taxes-ResearchDevelopmentExpenses contextRef="From20090101To20090930" decimals="-3" unitRef="TWD">0</tw-gaap-ci:Taxes-ResearchDevelopmentExpenses>
	<tw-gaap-ci:DepreciationDepletion-ResearchDevelopmentExpenses contextRef="From20100101To20100930" decimals="-3" unitRef="TWD">19000</tw-gaap-ci:DepreciationDepletion-ResearchDevelopmentExpenses>
	<tw-gaap-ci:DepreciationDepletion-ResearchDevelopmentExpenses contextRef="From20090101To20090930" decimals="-3" unitRef="TWD">0</tw-gaap-ci:DepreciationDepletion-ResearchDevelopmentExpenses>
	<tw-gaap-ci:Amortizations-ResearchDevelopmentExpenses contextRef="From20100101To20100930" decimals="-3" unitRef="TWD">102000</tw-gaap-ci:Amortizations-ResearchDevelopmentExpenses>
	<tw-gaap-ci:Amortizations-ResearchDevelopmentExpenses contextRef="From20090101To20090930" decimals="-3" unitRef="TWD">180000</tw-gaap-ci:Amortizations-ResearchDevelopmentExpenses>
	<tw-gaap-ci:FoodStipend-ResearchDevelopmentExpenses contextRef="From20100101To20100930" decimals="-3" unitRef="TWD">21000</tw-gaap-ci:FoodStipend-ResearchDevelopmentExpenses>
	<tw-gaap-ci:FoodStipend-ResearchDevelopmentExpenses contextRef="From20090101To20090930" decimals="-3" unitRef="TWD">13000</tw-gaap-ci:FoodStipend-ResearchDevelopmentExpenses>
	<tw-gaap-ci:EmployeeBenefits-ResearchDevelopmentExpenses contextRef="From20100101To20100930" decimals="-3" unitRef="TWD">12000</tw-gaap-ci:EmployeeBenefits-ResearchDevelopmentExpenses>
	<tw-gaap-ci:EmployeeBenefits-ResearchDevelopmentExpenses contextRef="From20090101To20090930" decimals="-3" unitRef="TWD">4000</tw-gaap-ci:EmployeeBenefits-ResearchDevelopmentExpenses>
	<tw-gaap-ci:OtherExpenses-ResearchDevelopmentExpenses contextRef="From20100101To20100930" decimals="-3" unitRef="TWD">4000</tw-gaap-ci:OtherExpenses-ResearchDevelopmentExpenses>
	<tw-gaap-ci:OtherExpenses-ResearchDevelopmentExpenses contextRef="From20090101To20090930" decimals="-3" unitRef="TWD">0</tw-gaap-ci:OtherExpenses-ResearchDevelopmentExpenses>
	<tw-gaap-ci:ResearchDevelopmentExpenses contextRef="From20100101To20100930" decimals="-3" unitRef="TWD">1207000</tw-gaap-ci:ResearchDevelopmentExpenses>
	<tw-gaap-ci:ResearchDevelopmentExpenses contextRef="From20090101To20090930" decimals="-3" unitRef="TWD">888000</tw-gaap-ci:ResearchDevelopmentExpenses>
	<tw-gaap-ci:OperatingExpenses contextRef="From20100101To20100930" decimals="-3" unitRef="TWD">32595000</tw-gaap-ci:OperatingExpenses>
	<tw-gaap-ci:OperatingExpenses contextRef="From20090101To20090930" decimals="-3" unitRef="TWD">37271000</tw-gaap-ci:OperatingExpenses>
	<tw-gaap-ci:OperatingIncomeLoss contextRef="From20100101To20100930" decimals="-3" unitRef="TWD">512000</tw-gaap-ci:OperatingIncomeLoss>
	<tw-gaap-ci:OperatingIncomeLoss contextRef="From20090101To20090930" decimals="-3" unitRef="TWD">-10044000</tw-gaap-ci:OperatingIncomeLoss>
	<tw-gaap-ci:InterestIncome contextRef="From20100101To20100930" decimals="-3" unitRef="TWD">3961000</tw-gaap-ci:InterestIncome>
	<tw-gaap-ci:InterestIncome contextRef="From20090101To20090930" decimals="-3" unitRef="TWD">632000</tw-gaap-ci:InterestIncome>
	<tw-gaap-ci:InvestmentGainsRecognizedEquityMethod contextRef="From20100101To20100930" decimals="-3" unitRef="TWD">8497000</tw-gaap-ci:InvestmentGainsRecognizedEquityMethod>
	<tw-gaap-ci:InvestmentGainsRecognizedEquityMethod contextRef="From20090101To20090930" decimals="-3" unitRef="TWD">16722000</tw-gaap-ci:InvestmentGainsRecognizedEquityMethod>
	<tw-gaap-ci:DividendIncome contextRef="From20100101To20100930" decimals="-3" unitRef="TWD">7210000</tw-gaap-ci:DividendIncome>
	<tw-gaap-ci:DividendIncome contextRef="From20090101To20090930" decimals="-3" unitRef="TWD">2946000</tw-gaap-ci:DividendIncome>
	<tw-gaap-ci:InvestmentGains contextRef="From20100101To20100930" decimals="-3" unitRef="TWD">15707000</tw-gaap-ci:InvestmentGains>
	<tw-gaap-ci:InvestmentGains contextRef="From20090101To20090930" decimals="-3" unitRef="TWD">19668000</tw-gaap-ci:InvestmentGains>
	<tw-gaap-ci:GainsDisposalFixedAssets contextRef="From20100101To20100930" decimals="-3" unitRef="TWD">0</tw-gaap-ci:GainsDisposalFixedAssets>
	<tw-gaap-ci:GainsDisposalFixedAssets contextRef="From20090101To20090930" decimals="-3" unitRef="TWD">1099000</tw-gaap-ci:GainsDisposalFixedAssets>
	<tw-gaap-ci:GainsSaleInvestments contextRef="From20100101To20100930" decimals="-3" unitRef="TWD">2955000</tw-gaap-ci:GainsSaleInvestments>
	<tw-gaap-ci:GainsSaleInvestments contextRef="From20090101To20090930" decimals="-3" unitRef="TWD">112000</tw-gaap-ci:GainsSaleInvestments>
	<tw-gaap-ci:ForeignExchangeGains contextRef="From20100101To20100930" decimals="-3" unitRef="TWD">710000</tw-gaap-ci:ForeignExchangeGains>
	<tw-gaap-ci:ForeignExchangeGains contextRef="From20090101To20090930" decimals="-3" unitRef="TWD">1342000</tw-gaap-ci:ForeignExchangeGains>
	<tw-gaap-ci:MiscellaneousIncome contextRef="From20100101To20100930" decimals="-3" unitRef="TWD">11569000</tw-gaap-ci:MiscellaneousIncome>
	<tw-gaap-ci:MiscellaneousIncome contextRef="From20090101To20090930" decimals="-3" unitRef="TWD">2224000</tw-gaap-ci:MiscellaneousIncome>
	<tw-gaap-ci:NonOperatingIncomeGains contextRef="From20100101To20100930" decimals="-3" unitRef="TWD">34902000</tw-gaap-ci:NonOperatingIncomeGains>
	<tw-gaap-ci:NonOperatingIncomeGains contextRef="From20090101To20090930" decimals="-3" unitRef="TWD">25077000</tw-gaap-ci:NonOperatingIncomeGains>
	<tw-gaap-ci:InterestExpense contextRef="From20100101To20100930" decimals="-3" unitRef="TWD">3729000</tw-gaap-ci:InterestExpense>
	<tw-gaap-ci:InterestExpense contextRef="From20090101To20090930" decimals="-3" unitRef="TWD">4257000</tw-gaap-ci:InterestExpense>
	<tw-gaap-ci:LossSaleInvestments contextRef="From20100101To20100930" decimals="-3" unitRef="TWD">191000</tw-gaap-ci:LossSaleInvestments>
	<tw-gaap-ci:LossSaleInvestments contextRef="From20090101To20090930" decimals="-3" unitRef="TWD">8137000</tw-gaap-ci:LossSaleInvestments>
	<tw-gaap-ci:ForeignExchangeLosses contextRef="From20100101To20100930" decimals="-3" unitRef="TWD">60000</tw-gaap-ci:ForeignExchangeLosses>
	<tw-gaap-ci:ForeignExchangeLosses contextRef="From20090101To20090930" decimals="-3" unitRef="TWD">1672000</tw-gaap-ci:ForeignExchangeLosses>
	<tw-gaap-ci:MiscellaneousDisbursements contextRef="From20100101To20100930" decimals="-3" unitRef="TWD">1416000</tw-gaap-ci:MiscellaneousDisbursements>
	<tw-gaap-ci:MiscellaneousDisbursements contextRef="From20090101To20090930" decimals="-3" unitRef="TWD">1674000</tw-gaap-ci:MiscellaneousDisbursements>
	<tw-gaap-ci:NonOperatingExpenses contextRef="From20100101To20100930" decimals="-3" unitRef="TWD">5396000</tw-gaap-ci:NonOperatingExpenses>
	<tw-gaap-ci:NonOperatingExpenses contextRef="From20090101To20090930" decimals="-3" unitRef="TWD">15740000</tw-gaap-ci:NonOperatingExpenses>
	<tw-gaap-ci:IncomeContinuingOperationsBeforeIncomeTax contextRef="From20100101To20100930" decimals="-3" unitRef="TWD">30018000</tw-gaap-ci:IncomeContinuingOperationsBeforeIncomeTax>
	<tw-gaap-ci:IncomeContinuingOperationsBeforeIncomeTax contextRef="From20090101To20090930" decimals="-3" unitRef="TWD">-707000</tw-gaap-ci:IncomeContinuingOperationsBeforeIncomeTax>
	<tw-gaap-ci:IncomeTaxExpenseBenefitIncomeTaxExpenseBenefit contextRef="From20100101To20100930" decimals="-3" unitRef="TWD">3836000</tw-gaap-ci:IncomeTaxExpenseBenefitIncomeTaxExpenseBenefit>
	<tw-gaap-ci:IncomeTaxExpenseBenefitIncomeTaxExpenseBenefit contextRef="From20090101To20090930" decimals="-3" unitRef="TWD">1081000</tw-gaap-ci:IncomeTaxExpenseBenefitIncomeTaxExpenseBenefit>
	<tw-gaap-ci:IncomeTaxExpenseBenefit contextRef="From20100101To20100930" decimals="-3" unitRef="TWD">3836000</tw-gaap-ci:IncomeTaxExpenseBenefit>
	<tw-gaap-ci:IncomeTaxExpenseBenefit contextRef="From20090101To20090930" decimals="-3" unitRef="TWD">1081000</tw-gaap-ci:IncomeTaxExpenseBenefit>
	<tw-gaap-ci:IncomeContinuingOperations contextRef="From20100101To20100930" decimals="-3" unitRef="TWD">26182000</tw-gaap-ci:IncomeContinuingOperations>
	<tw-gaap-ci:IncomeContinuingOperations contextRef="From20090101To20090930" decimals="-3" unitRef="TWD">-1788000</tw-gaap-ci:IncomeContinuingOperations>
	<tw-gaap-ci:NetIncomeLoss contextRef="From20100101To20100930" decimals="-3" unitRef="TWD">26182000</tw-gaap-ci:NetIncomeLoss>
	<tw-gaap-ci:NetIncomeLoss contextRef="From20090101To20090930" decimals="-3" unitRef="TWD">-1788000</tw-gaap-ci:NetIncomeLoss>
	<tw-gaap-ci:PrimaryEarningsPerShare contextRef="From20100101To20100930" decimals="2" unitRef="TWD">0.50</tw-gaap-ci:PrimaryEarningsPerShare>
	<tw-gaap-ci:PrimaryEarningsPerShare contextRef="From20090101To20090930" decimals="2" unitRef="TWD">-0.03</tw-gaap-ci:PrimaryEarningsPerShare>
	<tw-gaap-ci:NetIncomeLoss_StatementCashFlows contextRef="From20100101To20100930" decimals="-3" unitRef="TWD">26182000</tw-gaap-ci:NetIncomeLoss_StatementCashFlows>
	<tw-gaap-ci:NetIncomeLoss_StatementCashFlows contextRef="From20090101To20090930" decimals="-3" unitRef="TWD">-1788000</tw-gaap-ci:NetIncomeLoss_StatementCashFlows>
	<tw-gaap-ci:DepreciationExpense-Operating contextRef="From20100101To20100930" decimals="-3" unitRef="TWD">3412000</tw-gaap-ci:DepreciationExpense-Operating>
	<tw-gaap-ci:DepreciationExpense-Operating contextRef="From20090101To20090930" decimals="-3" unitRef="TWD">3553000</tw-gaap-ci:DepreciationExpense-Operating>
	<tw-gaap-ci:AmortizationExpense-Operating contextRef="From20100101To20100930" decimals="-3" unitRef="TWD">142000</tw-gaap-ci:AmortizationExpense-Operating>
	<tw-gaap-ci:AmortizationExpense-Operating contextRef="From20090101To20090930" decimals="-3" unitRef="TWD">221000</tw-gaap-ci:AmortizationExpense-Operating>
	<tw-gaap-ci:ProvisionTransferRevenueBadDebtsLosses contextRef="From20100101To20100930" decimals="-3" unitRef="TWD">1872000</tw-gaap-ci:ProvisionTransferRevenueBadDebtsLosses>
	<tw-gaap-ci:ProvisionTransferRevenueBadDebtsLosses contextRef="From20090101To20090930" decimals="-3" unitRef="TWD">8593000</tw-gaap-ci:ProvisionTransferRevenueBadDebtsLosses>
	<tw-gaap-ci:InvestmentLossIncomeRecognizedEquityMethod contextRef="From20100101To20100930" decimals="-3" unitRef="TWD">-8497000</tw-gaap-ci:InvestmentLossIncomeRecognizedEquityMethod>
	<tw-gaap-ci:InvestmentLossIncomeRecognizedEquityMethod contextRef="From20090101To20090930" decimals="-3" unitRef="TWD">-16722000</tw-gaap-ci:InvestmentLossIncomeRecognizedEquityMethod>
	<tw-gaap-ci:GainLossDisposalScrappingFixedAssets contextRef="From20100101To20100930" decimals="-3" unitRef="TWD">0</tw-gaap-ci:GainLossDisposalScrappingFixedAssets>
	<tw-gaap-ci:GainLossDisposalScrappingFixedAssets contextRef="From20090101To20090930" decimals="-3" unitRef="TWD">-1099000</tw-gaap-ci:GainLossDisposalScrappingFixedAssets>
	<tw-gaap-ci:GainsLossesSaleInvestments contextRef="From20100101To20100930" decimals="-3" unitRef="TWD">-2764000</tw-gaap-ci:GainsLossesSaleInvestments>
	<tw-gaap-ci:GainsLossesSaleInvestments contextRef="From20090101To20090930" decimals="-3" unitRef="TWD">8025000</tw-gaap-ci:GainsLossesSaleInvestments>
	<tw-gaap-ci:OtherAdjustmentsReconcileNetIncomeNetCashProvidedUsedOperatingActivities contextRef="From20100101To20100930" decimals="-3" unitRef="TWD">0</tw-gaap-ci:OtherAdjustmentsReconcileNetIncomeNetCashProvidedUsedOperatingActivities>
	<tw-gaap-ci:OtherAdjustmentsReconcileNetIncomeNetCashProvidedUsedOperatingActivities contextRef="From20090101To20090930" decimals="-3" unitRef="TWD">77000</tw-gaap-ci:OtherAdjustmentsReconcileNetIncomeNetCashProvidedUsedOperatingActivities>
	<tw-gaap-ci:AdjustmentsReconcileNetIncomeNetCashProvidedUsedOperatingActivities contextRef="From20100101To20100930" decimals="-3" unitRef="TWD">-5835000</tw-gaap-ci:AdjustmentsReconcileNetIncomeNetCashProvidedUsedOperatingActivities>
	<tw-gaap-ci:AdjustmentsReconcileNetIncomeNetCashProvidedUsedOperatingActivities contextRef="From20090101To20090930" decimals="-3" unitRef="TWD">2648000</tw-gaap-ci:AdjustmentsReconcileNetIncomeNetCashProvidedUsedOperatingActivities>
	<tw-gaap-ci:ChangesNotesReceivable contextRef="From20100101To20100930" decimals="-3" unitRef="TWD">5361000</tw-gaap-ci:ChangesNotesReceivable>
	<tw-gaap-ci:ChangesNotesReceivable contextRef="From20090101To20090930" decimals="-3" unitRef="TWD">3476000</tw-gaap-ci:ChangesNotesReceivable>
	<tw-gaap-ci:ChangesNotesReceivableRelatedParties contextRef="From20100101To20100930" decimals="-3" unitRef="TWD">-659000</tw-gaap-ci:ChangesNotesReceivableRelatedParties>
	<tw-gaap-ci:ChangesNotesReceivableRelatedParties contextRef="From20090101To20090930" decimals="-3" unitRef="TWD">-2700000</tw-gaap-ci:ChangesNotesReceivableRelatedParties>
	<tw-gaap-ci:ChangesAccountsReceivable contextRef="From20100101To20100930" decimals="-3" unitRef="TWD">455000</tw-gaap-ci:ChangesAccountsReceivable>
	<tw-gaap-ci:ChangesAccountsReceivable contextRef="From20090101To20090930" decimals="-3" unitRef="TWD">1967000</tw-gaap-ci:ChangesAccountsReceivable>
	<tw-gaap-ci:ChangesAccountsReceivableRelatedParties contextRef="From20100101To20100930" decimals="-3" unitRef="TWD">2633000</tw-gaap-ci:ChangesAccountsReceivableRelatedParties>
	<tw-gaap-ci:ChangesAccountsReceivableRelatedParties contextRef="From20090101To20090930" decimals="-3" unitRef="TWD">1613000</tw-gaap-ci:ChangesAccountsReceivableRelatedParties>
	<tw-gaap-ci:ChangesOtherReceivables contextRef="From20100101To20100930" decimals="-3" unitRef="TWD">3839000</tw-gaap-ci:ChangesOtherReceivables>
	<tw-gaap-ci:ChangesOtherReceivables contextRef="From20090101To20090930" decimals="-3" unitRef="TWD">19273000</tw-gaap-ci:ChangesOtherReceivables>
	<tw-gaap-ci:ChangesOtherReceivableRelatedParties contextRef="From20100101To20100930" decimals="-3" unitRef="TWD">0</tw-gaap-ci:ChangesOtherReceivableRelatedParties>
	<tw-gaap-ci:ChangesOtherReceivableRelatedParties contextRef="From20090101To20090930" decimals="-3" unitRef="TWD">0</tw-gaap-ci:ChangesOtherReceivableRelatedParties>
	<tw-gaap-ci:ChangesInventories contextRef="From20100101To20100930" decimals="-3" unitRef="TWD">2087000</tw-gaap-ci:ChangesInventories>
	<tw-gaap-ci:ChangesInventories contextRef="From20090101To20090930" decimals="-3" unitRef="TWD">-12592000</tw-gaap-ci:ChangesInventories>
	<tw-gaap-ci:ChangesPrepaidExpenses contextRef="From20100101To20100930" decimals="-3" unitRef="TWD">-137000</tw-gaap-ci:ChangesPrepaidExpenses>
	<tw-gaap-ci:ChangesPrepaidExpenses contextRef="From20090101To20090930" decimals="-3" unitRef="TWD">4011000</tw-gaap-ci:ChangesPrepaidExpenses>
	<tw-gaap-ci:ChangesOtherPrepayments contextRef="From20100101To20100930" decimals="-3" unitRef="TWD">-16335000</tw-gaap-ci:ChangesOtherPrepayments>
	<tw-gaap-ci:ChangesOtherPrepayments contextRef="From20090101To20090930" decimals="-3" unitRef="TWD">21707000</tw-gaap-ci:ChangesOtherPrepayments>
	<tw-gaap-ci:ChangesOtherCurrentAssets_CI contextRef="From20100101To20100930" decimals="-3" unitRef="TWD">3052000</tw-gaap-ci:ChangesOtherCurrentAssets_CI>
	<tw-gaap-ci:ChangesOtherCurrentAssets_CI contextRef="From20090101To20090930" decimals="-3" unitRef="TWD">-3004000</tw-gaap-ci:ChangesOtherCurrentAssets_CI>
	<tw-gaap-ci:ChangesDeferredTaxAssets contextRef="From20100101To20100930" decimals="-3" unitRef="TWD">1107000</tw-gaap-ci:ChangesDeferredTaxAssets>
	<tw-gaap-ci:ChangesDeferredTaxAssets contextRef="From20090101To20090930" decimals="-3" unitRef="TWD">1362000</tw-gaap-ci:ChangesDeferredTaxAssets>
	<tw-gaap-ci:ChangesOtherOperatingAssets contextRef="From20100101To20100930" decimals="-3" unitRef="TWD">18125000</tw-gaap-ci:ChangesOtherOperatingAssets>
	<tw-gaap-ci:ChangesOtherOperatingAssets contextRef="From20090101To20090930" decimals="-3" unitRef="TWD">-1239000</tw-gaap-ci:ChangesOtherOperatingAssets>
	<tw-gaap-ci:ChangesOperatingAssets contextRef="From20100101To20100930" decimals="-3" unitRef="TWD">19528000</tw-gaap-ci:ChangesOperatingAssets>
	<tw-gaap-ci:ChangesOperatingAssets contextRef="From20090101To20090930" decimals="-3" unitRef="TWD">33874000</tw-gaap-ci:ChangesOperatingAssets>
	<tw-gaap-ci:ChangesNotesPayable contextRef="From20100101To20100930" decimals="-3" unitRef="TWD">293000</tw-gaap-ci:ChangesNotesPayable>
	<tw-gaap-ci:ChangesNotesPayable contextRef="From20090101To20090930" decimals="-3" unitRef="TWD">447000</tw-gaap-ci:ChangesNotesPayable>
	<tw-gaap-ci:ChangesAccountsPayable contextRef="From20100101To20100930" decimals="-3" unitRef="TWD">412000</tw-gaap-ci:ChangesAccountsPayable>
	<tw-gaap-ci:ChangesAccountsPayable contextRef="From20090101To20090930" decimals="-3" unitRef="TWD">21650000</tw-gaap-ci:ChangesAccountsPayable>
	<tw-gaap-ci:ChangesAccountsPayableRelatedParties contextRef="From20100101To20100930" decimals="-3" unitRef="TWD">628000</tw-gaap-ci:ChangesAccountsPayableRelatedParties>
	<tw-gaap-ci:ChangesAccountsPayableRelatedParties contextRef="From20090101To20090930" decimals="-3" unitRef="TWD">1048000</tw-gaap-ci:ChangesAccountsPayableRelatedParties>
	<tw-gaap-ci:ChangesIncomeTaxPayable contextRef="From20100101To20100930" decimals="-3" unitRef="TWD">2598000</tw-gaap-ci:ChangesIncomeTaxPayable>
	<tw-gaap-ci:ChangesIncomeTaxPayable contextRef="From20090101To20090930" decimals="-3" unitRef="TWD">-2391000</tw-gaap-ci:ChangesIncomeTaxPayable>
	<tw-gaap-ci:ChangesAccruedExpenses contextRef="From20100101To20100930" decimals="-3" unitRef="TWD">-92000</tw-gaap-ci:ChangesAccruedExpenses>
	<tw-gaap-ci:ChangesAccruedExpenses contextRef="From20090101To20090930" decimals="-3" unitRef="TWD">-1219000</tw-gaap-ci:ChangesAccruedExpenses>
	<tw-gaap-ci:ChangesOtherPayables contextRef="From20100101To20100930" decimals="-3" unitRef="TWD">-784000</tw-gaap-ci:ChangesOtherPayables>
	<tw-gaap-ci:ChangesOtherPayables contextRef="From20090101To20090930" decimals="-3" unitRef="TWD">501000</tw-gaap-ci:ChangesOtherPayables>
	<tw-gaap-ci:ChangesOtherCurrentLiabilities_CI contextRef="From20100101To20100930" decimals="-3" unitRef="TWD">386000</tw-gaap-ci:ChangesOtherCurrentLiabilities_CI>
	<tw-gaap-ci:ChangesOtherCurrentLiabilities_CI contextRef="From20090101To20090930" decimals="-3" unitRef="TWD">-1021000</tw-gaap-ci:ChangesOtherCurrentLiabilities_CI>
	<tw-gaap-ci:ChangesAccruedPensionLiabilities contextRef="From20100101To20100930" decimals="-3" unitRef="TWD">655000</tw-gaap-ci:ChangesAccruedPensionLiabilities>
	<tw-gaap-ci:ChangesAccruedPensionLiabilities contextRef="From20090101To20090930" decimals="-3" unitRef="TWD">539000</tw-gaap-ci:ChangesAccruedPensionLiabilities>
	<tw-gaap-ci:ChangesOperatingLiabilities contextRef="From20100101To20100930" decimals="-3" unitRef="TWD">4096000</tw-gaap-ci:ChangesOperatingLiabilities>
	<tw-gaap-ci:ChangesOperatingLiabilities contextRef="From20090101To20090930" decimals="-3" unitRef="TWD">19554000</tw-gaap-ci:ChangesOperatingLiabilities>
	<tw-gaap-ci:ChangesOperatingAssetsLiabilities contextRef="From20100101To20100930" decimals="-3" unitRef="TWD">23624000</tw-gaap-ci:ChangesOperatingAssetsLiabilities>
	<tw-gaap-ci:ChangesOperatingAssetsLiabilities contextRef="From20090101To20090930" decimals="-3" unitRef="TWD">53428000</tw-gaap-ci:ChangesOperatingAssetsLiabilities>
	<tw-gaap-ci:NetCashProvidedUsedOperatingActivities contextRef="From20100101To20100930" decimals="-3" unitRef="TWD">43971000</tw-gaap-ci:NetCashProvidedUsedOperatingActivities>
	<tw-gaap-ci:NetCashProvidedUsedOperatingActivities contextRef="From20090101To20090930" decimals="-3" unitRef="TWD">54288000</tw-gaap-ci:NetCashProvidedUsedOperatingActivities>
	<tw-gaap-ci:AcquisitionAvailableSaleFinancialAssets contextRef="From20100101To20100930" decimals="-3" unitRef="TWD">-111049000</tw-gaap-ci:AcquisitionAvailableSaleFinancialAssets>
	<tw-gaap-ci:AcquisitionAvailableSaleFinancialAssets contextRef="From20090101To20090930" decimals="-3" unitRef="TWD">-57066000</tw-gaap-ci:AcquisitionAvailableSaleFinancialAssets>
	<tw-gaap-ci:AcquisitionInvestmentsAccountedEquityMethod contextRef="From20100101To20100930" decimals="-3" unitRef="TWD">-27953000</tw-gaap-ci:AcquisitionInvestmentsAccountedEquityMethod>
	<tw-gaap-ci:AcquisitionInvestmentsAccountedEquityMethod contextRef="From20090101To20090930" decimals="-3" unitRef="TWD">-43490000</tw-gaap-ci:AcquisitionInvestmentsAccountedEquityMethod>
	<tw-gaap-ci:AcquisitionPropertyPlantEquipment contextRef="From20100101To20100930" decimals="-3" unitRef="TWD">-12221000</tw-gaap-ci:AcquisitionPropertyPlantEquipment>
	<tw-gaap-ci:AcquisitionPropertyPlantEquipment contextRef="From20090101To20090930" decimals="-3" unitRef="TWD">-1834000</tw-gaap-ci:AcquisitionPropertyPlantEquipment>
	<tw-gaap-ci:ProceedsDisposalPropertyPlantEquipment contextRef="From20100101To20100930" decimals="-3" unitRef="TWD">0</tw-gaap-ci:ProceedsDisposalPropertyPlantEquipment>
	<tw-gaap-ci:ProceedsDisposalPropertyPlantEquipment contextRef="From20090101To20090930" decimals="-3" unitRef="TWD">1668000</tw-gaap-ci:ProceedsDisposalPropertyPlantEquipment>
	<tw-gaap-ci:ChangesReceiptsAdvanceDisposalAssets contextRef="From20100101To20100930" decimals="-3" unitRef="TWD">0</tw-gaap-ci:ChangesReceiptsAdvanceDisposalAssets>
	<tw-gaap-ci:ChangesReceiptsAdvanceDisposalAssets contextRef="From20090101To20090930" decimals="-3" unitRef="TWD">9305000</tw-gaap-ci:ChangesReceiptsAdvanceDisposalAssets>
	<tw-gaap-ci:ChangesRestrictedAssets contextRef="From20100101To20100930" decimals="-3" unitRef="TWD">2328000</tw-gaap-ci:ChangesRestrictedAssets>
	<tw-gaap-ci:ChangesRestrictedAssets contextRef="From20090101To20090930" decimals="-3" unitRef="TWD">-6344000</tw-gaap-ci:ChangesRestrictedAssets>
	<tw-gaap-ci:ChamgesOtherAssets contextRef="From20100101To20100930" decimals="-3" unitRef="TWD">-15451000</tw-gaap-ci:ChamgesOtherAssets>
	<tw-gaap-ci:ChamgesOtherAssets contextRef="From20090101To20090930" decimals="-3" unitRef="TWD">-99000</tw-gaap-ci:ChamgesOtherAssets>
	<tw-gaap-ci:NetCashProvidedUsedInvestingActivities contextRef="From20100101To20100930" decimals="-3" unitRef="TWD">-164346000</tw-gaap-ci:NetCashProvidedUsedInvestingActivities>
	<tw-gaap-ci:NetCashProvidedUsedInvestingActivities contextRef="From20090101To20090930" decimals="-3" unitRef="TWD">-97860000</tw-gaap-ci:NetCashProvidedUsedInvestingActivities>
	<tw-gaap-ci:ChangesShortTermLoans contextRef="From20100101To20100930" decimals="-3" unitRef="TWD">81105000</tw-gaap-ci:ChangesShortTermLoans>
	<tw-gaap-ci:ChangesShortTermLoans contextRef="From20090101To20090930" decimals="-3" unitRef="TWD">-5612000</tw-gaap-ci:ChangesShortTermLoans>
	<tw-gaap-ci:ChangeShorttermNotesBillsPayable contextRef="From20100101To20100930" decimals="-3" unitRef="TWD">30020000</tw-gaap-ci:ChangeShorttermNotesBillsPayable>
	<tw-gaap-ci:ChangeShorttermNotesBillsPayable contextRef="From20090101To20090930" decimals="-3" unitRef="TWD">39871000</tw-gaap-ci:ChangeShorttermNotesBillsPayable>
	<tw-gaap-ci:NetCashProvidedUsedFinancingActivities contextRef="From20100101To20100930" decimals="-3" unitRef="TWD">111125000</tw-gaap-ci:NetCashProvidedUsedFinancingActivities>
	<tw-gaap-ci:NetCashProvidedUsedFinancingActivities contextRef="From20090101To20090930" decimals="-3" unitRef="TWD">34259000</tw-gaap-ci:NetCashProvidedUsedFinancingActivities>
	<tw-gaap-ci:NetChangesCashCashEquivalents contextRef="From20100101To20100930" decimals="-3" unitRef="TWD">-9250000</tw-gaap-ci:NetChangesCashCashEquivalents>
	<tw-gaap-ci:NetChangesCashCashEquivalents contextRef="From20090101To20090930" decimals="-3" unitRef="TWD">-9313000</tw-gaap-ci:NetChangesCashCashEquivalents>
	<tw-gaap-ci:CashCashEquivalents contextRef="AsOf20100101" decimals="-3" unitRef="TWD">14770000</tw-gaap-ci:CashCashEquivalents>
	<tw-gaap-ci:CashCashEquivalents contextRef="AsOf20090101" decimals="-3" unitRef="TWD">11107000</tw-gaap-ci:CashCashEquivalents>
	<tw-gaap-ci:InterestPaid contextRef="From20100101To20100930" decimals="-3" unitRef="TWD">4842000</tw-gaap-ci:InterestPaid>
	<tw-gaap-ci:InterestPaid contextRef="From20090101To20090930" decimals="-3" unitRef="TWD">4470000</tw-gaap-ci:InterestPaid>
	<tw-gaap-ci:InterestPaidExcludingCapitalizedInterest contextRef="From20100101To20100930" decimals="-3" unitRef="TWD">4842000</tw-gaap-ci:InterestPaidExcludingCapitalizedInterest>
	<tw-gaap-ci:InterestPaidExcludingCapitalizedInterest contextRef="From20090101To20090930" decimals="-3" unitRef="TWD">4470000</tw-gaap-ci:InterestPaidExcludingCapitalizedInterest>
	<tw-gaap-ci:IncomeTaxPaid contextRef="From20100101To20100930" decimals="-3" unitRef="TWD">131000</tw-gaap-ci:IncomeTaxPaid>
	<tw-gaap-ci:IncomeTaxPaid contextRef="From20090101To20090930" decimals="-3" unitRef="TWD">2208000</tw-gaap-ci:IncomeTaxPaid>
	<tw-gaap-ci:CumulativeTranslationAdjustments_CFS contextRef="From20100101To20100930" decimals="-3" unitRef="TWD">90000</tw-gaap-ci:CumulativeTranslationAdjustments_CFS>
	<tw-gaap-ci:CumulativeTranslationAdjustments_CFS contextRef="From20090101To20090930" decimals="-3" unitRef="TWD">262000</tw-gaap-ci:CumulativeTranslationAdjustments_CFS>
	<tw-gaap-ci:StockAcquiredCompanySubsidiariesLong-termReclassificationsTreasuryStock contextRef="From20100101To20100930" decimals="-3" unitRef="TWD">11584000</tw-gaap-ci:StockAcquiredCompanySubsidiariesLong-termReclassificationsTreasuryStock>
	<tw-gaap-ci:StockAcquiredCompanySubsidiariesLong-termReclassificationsTreasuryStock contextRef="From20090101To20090930" decimals="-3" unitRef="TWD">11584000</tw-gaap-ci:StockAcquiredCompanySubsidiariesLong-termReclassificationsTreasuryStock>
	<tw-gaap-ar:AccountantName contextRef="AsOf20101020">立一聯合會計師事務所</tw-gaap-ar:AccountantName>
	<tw-gaap-ar:AssuranceAccountantName1 contextRef="AsOf20101020">王世坤</tw-gaap-ar:AssuranceAccountantName1>
	<tw-gaap-ar:AssuranceAccountantName2 contextRef="AsOf20101020">楊玉貞</tw-gaap-ar:AssuranceAccountantName2>
	<tw-gaap-ar:ReviewAuditDate contextRef="AsOf20101020">2010-10-20</tw-gaap-ar:ReviewAuditDate>
	<tw-gaap-ar:ReviewReport contextRef="AsOf20101020">Y</tw-gaap-ar:ReviewReport>
	<tw-gaap-ar:QualifiedOpinionAbstract contextRef="AsOf20101020">Y</tw-gaap-ar:QualifiedOpinionAbstract>
	<tw-gaap-ar:ByInvestmentCompaniesWithoutAccountantAuditReportRecognizedGainLoss contextRef="AsOf20101020">Y</tw-gaap-ar:ByInvestmentCompaniesWithoutAccountantAuditReportRecognizedGainLoss>
	<tw-gaap-ar:DescriptionEmphasizeItemBody contextRef="AsOf20101020"><![CDATA[]]></tw-gaap-ar:DescriptionEmphasizeItemBody>
	<tw-gaap-ar:DescriptionOtherItemBody contextRef="AsOf20101020"><![CDATA[]]></tw-gaap-ar:DescriptionOtherItemBody>
	<tw-gaap-ar:AccountantsReportBody contextRef="AsOf20101020"><![CDATA[    興泰實業股份有限公司民國九十九年九月三十日及九十八年九月三十日之資產負債表，
暨民國九十九年一月一日至九月三十日及九十八年一月一日至九月三十日之損益表及現金流
量表，業經本會計師核閱竣事。上開財務報表之編製係管理階層之責任，本會計師之責任則
為根據核閱結果對上開財務報表表示意見。
    除下段所述者外，本會計師係依照審計準則公報第三十六號「財務報表之核閱」規劃並
執行核閱工作。由於本會計師僅實施分析、比較與查詢，並未依照一般公認審計準則查核，
因是無法對上開財務報表之整體表示查核意?。
    如財務報表附註四（七）所述，興泰實業股份有限公司民國九十九年九月三十日及九十
八年九月三十日採權益法評價之長期股權投資分別為新台幣二六四、一一四千元及一九九、
六一八千元，暨民國九十九年一月一日至九月三十日及九十八年一月一日至九月三十日認列
之投資收益分別為八、四九七千元及一六、七二二千元，係依被投資公司同期間未經會計師
核閱之財務報表評價而得，另如財務報表附註十一所述，民國九十九年九月三十日及九十八
年九月三十日所揭露有關被投資公司資訊，係依興泰實業股份有限公司所提供被投資公司之
資料揭露，亦未經會計師核閱。
    依本會計師核閱結果，除上段所述該等被投資公司財務報表倘經會計師核閱，對民國九
十九年九月三十日及九十八年九月三十日財務報表可能有所調整之影響外，並未發現第一段
所述財務報表在所有重大方面有違反證券發行人財務報告編製準則、商業會計法及商業會計
處理準則中與財務會計準則相關之規定暨一般公認會計原則而須作修正之情事。
    如財務報表附註三所述，興泰實業股份有限公司自民國九十八年一月一日起採用新修訂
之財務會計準則公報第十號「存貨之會計處理準則」。
]]></tw-gaap-ar:AccountantsReportBody>
	<tw-gaap-notes:FinancialReportnotes contextRef="AsOf20100930"><![CDATA[http://doc.twse.com.tw/server-java/t57sb01?step=1&colorchg=1&co_id=1235&year=99&seamon=3&mtype=A&]]></tw-gaap-notes:FinancialReportnotes>
</xbrl>

<!--This instance document is created by SIIAP V1.3.1-->
