<?xml version="1.0" encoding="UTF-8"?>
<xbrl xmlns="http://www.xbrl.org/2003/instance" xmlns:iso4217="http://www.xbrl.org/2003/iso4217" xmlns:link="http://www.xbrl.org/2003/linkbase" xmlns:tw-gaap-ar="http://www.xbrl.org/tw/fr/gaap/ar/2010-09-30" xmlns:tw-gaap-ci="http://www.xbrl.org/tw/fr/gaap/tw-gaap-ci-2010-09-30" xmlns:tw-gaap-notes="http://www.xbrl.org/tw/fr/gaap/notes/2010-09-30" xmlns:xbrldi="http://xbrl.org/2006/xbrldi" xmlns:xbrldt="http://xbrl.org/2005/xbrldt" xmlns:xbrli="http://www.xbrl.org/2003/instance" xmlns:xlink="http://www.w3.org/1999/xlink">
	<link:schemaRef xlink:arcrole="http://www.w3.org/1999/xlink/properties/linkbase" xlink:href="tw-gaap-ci-2010-09-30.xsd" xlink:type="simple"/>	<context id="AsOf20101019">
		<entity>
			<identifier scheme="http://www.twse.com.tw">1219</identifier>
		</entity>
		<period>
			<instant>2010-10-19</instant>
		</period>
	</context>
	<context id="AsOf20090101">
		<entity>
			<identifier scheme="http://www.twse.com.tw">1219</identifier>
		</entity>
		<period>
			<instant>2009-01-01</instant>
		</period>
	</context>
	<context id="AsOf20100101">
		<entity>
			<identifier scheme="http://www.twse.com.tw">1219</identifier>
		</entity>
		<period>
			<instant>2010-01-01</instant>
		</period>
	</context>
	<context id="From20090101To20090930">
		<entity>
			<identifier scheme="http://www.twse.com.tw">1219</identifier>
		</entity>
		<period>
			<startDate>2009-01-01</startDate>
			<endDate>2009-09-30</endDate>
		</period>
	</context>
	<context id="AsOf20090930">
		<entity>
			<identifier scheme="http://www.twse.com.tw">1219</identifier>
		</entity>
		<period>
			<instant>2009-09-30</instant>
		</period>
	</context>
	<context id="From20100101To20100930">
		<entity>
			<identifier scheme="http://www.twse.com.tw">1219</identifier>
		</entity>
		<period>
			<startDate>2010-01-01</startDate>
			<endDate>2010-09-30</endDate>
		</period>
	</context>
	<context id="AsOf20100930">
		<entity>
			<identifier scheme="http://www.twse.com.tw">1219</identifier>
		</entity>
		<period>
			<instant>2010-09-30</instant>
		</period>
	</context>
	<unit id="TWD">
		<measure>iso4217:TWD</measure>
	</unit>
	<unit id="Shares">
		<measure>xbrli:shares</measure>
	</unit>
	<unit id="EarningsPerShare">
		<divide>
			<unitNumerator>
				<measure>iso4217:TWD</measure>
			</unitNumerator>
			<unitDenominator>
				<measure>xbrli:shares</measure>
			</unitDenominator>
		</divide>
	</unit>
	<tw-gaap-ci:CashCashEquivalents contextRef="AsOf20100930" decimals="-3" unitRef="TWD">618390000</tw-gaap-ci:CashCashEquivalents>
	<tw-gaap-ci:CashCashEquivalents contextRef="AsOf20090930" decimals="-3" unitRef="TWD">438896000</tw-gaap-ci:CashCashEquivalents>
	<tw-gaap-ci:FinancialAssetsMeasuredFairValueProfitLossCurrent contextRef="AsOf20100930" decimals="-3" unitRef="TWD">28948000</tw-gaap-ci:FinancialAssetsMeasuredFairValueProfitLossCurrent>
	<tw-gaap-ci:FinancialAssetsMeasuredFairValueProfitLossCurrent contextRef="AsOf20090930" decimals="-3" unitRef="TWD">27292000</tw-gaap-ci:FinancialAssetsMeasuredFairValueProfitLossCurrent>
	<tw-gaap-ci:NetNotesReceivable contextRef="AsOf20100930" decimals="-3" unitRef="TWD">311274000</tw-gaap-ci:NetNotesReceivable>
	<tw-gaap-ci:NetNotesReceivable contextRef="AsOf20090930" decimals="-3" unitRef="TWD">308764000</tw-gaap-ci:NetNotesReceivable>
	<tw-gaap-ci:NetNotesReceivableRelatedParties contextRef="AsOf20100930" decimals="-3" unitRef="TWD">97256000</tw-gaap-ci:NetNotesReceivableRelatedParties>
	<tw-gaap-ci:NetNotesReceivableRelatedParties contextRef="AsOf20090930" decimals="-3" unitRef="TWD">59020000</tw-gaap-ci:NetNotesReceivableRelatedParties>
	<tw-gaap-ci:NetAccountsReceivable contextRef="AsOf20100930" decimals="-3" unitRef="TWD">532527000</tw-gaap-ci:NetAccountsReceivable>
	<tw-gaap-ci:NetAccountsReceivable contextRef="AsOf20090930" decimals="-3" unitRef="TWD">504237000</tw-gaap-ci:NetAccountsReceivable>
	<tw-gaap-ci:NetAccountsReceivableRelatedParties contextRef="AsOf20100930" decimals="-3" unitRef="TWD">97828000</tw-gaap-ci:NetAccountsReceivableRelatedParties>
	<tw-gaap-ci:NetAccountsReceivableRelatedParties contextRef="AsOf20090930" decimals="-3" unitRef="TWD">107539000</tw-gaap-ci:NetAccountsReceivableRelatedParties>
	<tw-gaap-ci:OtherReceivables contextRef="AsOf20100930" decimals="-3" unitRef="TWD">33404000</tw-gaap-ci:OtherReceivables>
	<tw-gaap-ci:OtherReceivables contextRef="AsOf20090930" decimals="-3" unitRef="TWD">31197000</tw-gaap-ci:OtherReceivables>
	<tw-gaap-ci:InventoriesManufacturing contextRef="AsOf20100930" decimals="-3" unitRef="TWD">1354160000</tw-gaap-ci:InventoriesManufacturing>
	<tw-gaap-ci:InventoriesManufacturing contextRef="AsOf20090930" decimals="-3" unitRef="TWD">1516203000</tw-gaap-ci:InventoriesManufacturing>
	<tw-gaap-ci:Inventories contextRef="AsOf20100930" decimals="-3" unitRef="TWD">1354160000</tw-gaap-ci:Inventories>
	<tw-gaap-ci:Inventories contextRef="AsOf20090930" decimals="-3" unitRef="TWD">1516203000</tw-gaap-ci:Inventories>
	<tw-gaap-ci:PrepaidExpenses contextRef="AsOf20100930" decimals="-3" unitRef="TWD">0</tw-gaap-ci:PrepaidExpenses>
	<tw-gaap-ci:PrepaidExpenses contextRef="AsOf20090930" decimals="-3" unitRef="TWD">0</tw-gaap-ci:PrepaidExpenses>
	<tw-gaap-ci:OtherPrepayments contextRef="AsOf20100930" decimals="-3" unitRef="TWD">43185000</tw-gaap-ci:OtherPrepayments>
	<tw-gaap-ci:OtherPrepayments contextRef="AsOf20090930" decimals="-3" unitRef="TWD">21173000</tw-gaap-ci:OtherPrepayments>
	<tw-gaap-ci:OtherCurrentAssets contextRef="AsOf20100930" decimals="-3" unitRef="TWD">7156000</tw-gaap-ci:OtherCurrentAssets>
	<tw-gaap-ci:OtherCurrentAssets contextRef="AsOf20090930" decimals="-3" unitRef="TWD">14304000</tw-gaap-ci:OtherCurrentAssets>
	<tw-gaap-ci:CurrentAssets contextRef="AsOf20100930" decimals="-3" unitRef="TWD">3124128000</tw-gaap-ci:CurrentAssets>
	<tw-gaap-ci:CurrentAssets contextRef="AsOf20090930" decimals="-3" unitRef="TWD">3028625000</tw-gaap-ci:CurrentAssets>
	<tw-gaap-ci:FinancialAssetsMeasuredFairValueProfitLossNonCurrent contextRef="AsOf20100930" decimals="-3" unitRef="TWD">0</tw-gaap-ci:FinancialAssetsMeasuredFairValueProfitLossNonCurrent>
	<tw-gaap-ci:FinancialAssetsMeasuredFairValueProfitLossNonCurrent contextRef="AsOf20090930" decimals="-3" unitRef="TWD">0</tw-gaap-ci:FinancialAssetsMeasuredFairValueProfitLossNonCurrent>
	<tw-gaap-ci:FinancialAssetsCarriedCostNoncurrent contextRef="AsOf20100930" decimals="-3" unitRef="TWD">24146000</tw-gaap-ci:FinancialAssetsCarriedCostNoncurrent>
	<tw-gaap-ci:FinancialAssetsCarriedCostNoncurrent contextRef="AsOf20090930" decimals="-3" unitRef="TWD">39146000</tw-gaap-ci:FinancialAssetsCarriedCostNoncurrent>
	<tw-gaap-ci:NetFinancialAssetsCarriedCostNonCurrent contextRef="AsOf20100930" decimals="-3" unitRef="TWD">24146000</tw-gaap-ci:NetFinancialAssetsCarriedCostNonCurrent>
	<tw-gaap-ci:NetFinancialAssetsCarriedCostNonCurrent contextRef="AsOf20090930" decimals="-3" unitRef="TWD">39146000</tw-gaap-ci:NetFinancialAssetsCarriedCostNonCurrent>
	<tw-gaap-ci:LongtermInvestmentsEquity contextRef="AsOf20100930" decimals="-3" unitRef="TWD">690142000</tw-gaap-ci:LongtermInvestmentsEquity>
	<tw-gaap-ci:LongtermInvestmentsEquity contextRef="AsOf20090930" decimals="-3" unitRef="TWD">697164000</tw-gaap-ci:LongtermInvestmentsEquity>
	<tw-gaap-ci:LongtermInvestments contextRef="AsOf20100930" decimals="-3" unitRef="TWD">690142000</tw-gaap-ci:LongtermInvestments>
	<tw-gaap-ci:LongtermInvestments contextRef="AsOf20090930" decimals="-3" unitRef="TWD">697164000</tw-gaap-ci:LongtermInvestments>
	<tw-gaap-ci:FundsInvestments contextRef="AsOf20100930" decimals="-3" unitRef="TWD">714288000</tw-gaap-ci:FundsInvestments>
	<tw-gaap-ci:FundsInvestments contextRef="AsOf20090930" decimals="-3" unitRef="TWD">736310000</tw-gaap-ci:FundsInvestments>
	<tw-gaap-ci:Land contextRef="AsOf20100930" decimals="-3" unitRef="TWD">353081000</tw-gaap-ci:Land>
	<tw-gaap-ci:Land contextRef="AsOf20090930" decimals="-3" unitRef="TWD">353081000</tw-gaap-ci:Land>
	<tw-gaap-ci:BuildingsStructures contextRef="AsOf20100930" decimals="-3" unitRef="TWD">1008672000</tw-gaap-ci:BuildingsStructures>
	<tw-gaap-ci:BuildingsStructures contextRef="AsOf20090930" decimals="-3" unitRef="TWD">998020000</tw-gaap-ci:BuildingsStructures>
	<tw-gaap-ci:MachineryEquipment contextRef="AsOf20100930" decimals="-3" unitRef="TWD">1602407000</tw-gaap-ci:MachineryEquipment>
	<tw-gaap-ci:MachineryEquipment contextRef="AsOf20090930" decimals="-3" unitRef="TWD">1570925000</tw-gaap-ci:MachineryEquipment>
	<tw-gaap-ci:TransportationEquipment contextRef="AsOf20100930" decimals="-3" unitRef="TWD">86920000</tw-gaap-ci:TransportationEquipment>
	<tw-gaap-ci:TransportationEquipment contextRef="AsOf20090930" decimals="-3" unitRef="TWD">78834000</tw-gaap-ci:TransportationEquipment>
	<tw-gaap-ci:OfficeEquipment contextRef="AsOf20100930" decimals="-3" unitRef="TWD">34782000</tw-gaap-ci:OfficeEquipment>
	<tw-gaap-ci:OfficeEquipment contextRef="AsOf20090930" decimals="-3" unitRef="TWD">41987000</tw-gaap-ci:OfficeEquipment>
	<tw-gaap-ci:OtherFacilities contextRef="AsOf20100930" decimals="-3" unitRef="TWD">63613000</tw-gaap-ci:OtherFacilities>
	<tw-gaap-ci:OtherFacilities contextRef="AsOf20090930" decimals="-3" unitRef="TWD">61755000</tw-gaap-ci:OtherFacilities>
	<tw-gaap-ci:FixedAssetsOriginalCosts contextRef="AsOf20100930" decimals="-3" unitRef="TWD">3149475000</tw-gaap-ci:FixedAssetsOriginalCosts>
	<tw-gaap-ci:FixedAssetsOriginalCosts contextRef="AsOf20090930" decimals="-3" unitRef="TWD">3104602000</tw-gaap-ci:FixedAssetsOriginalCosts>
	<tw-gaap-ci:RevaluationIncrement contextRef="AsOf20100930" decimals="-3" unitRef="TWD">802936000</tw-gaap-ci:RevaluationIncrement>
	<tw-gaap-ci:RevaluationIncrement contextRef="AsOf20090930" decimals="-3" unitRef="TWD">802936000</tw-gaap-ci:RevaluationIncrement>
	<tw-gaap-ci:CostsRevaluationIncrement contextRef="AsOf20100930" decimals="-3" unitRef="TWD">3952411000</tw-gaap-ci:CostsRevaluationIncrement>
	<tw-gaap-ci:CostsRevaluationIncrement contextRef="AsOf20090930" decimals="-3" unitRef="TWD">3907538000</tw-gaap-ci:CostsRevaluationIncrement>
	<tw-gaap-ci:AccumulatedDepreciation contextRef="AsOf20100930" decimals="-3" unitRef="TWD">2383986000</tw-gaap-ci:AccumulatedDepreciation>
	<tw-gaap-ci:AccumulatedDepreciation contextRef="AsOf20090930" decimals="-3" unitRef="TWD">2339773000</tw-gaap-ci:AccumulatedDepreciation>
	<tw-gaap-ci:AccumulatedImpairmentFixedAssets contextRef="AsOf20100930" decimals="-3" unitRef="TWD">26903000</tw-gaap-ci:AccumulatedImpairmentFixedAssets>
	<tw-gaap-ci:AccumulatedImpairmentFixedAssets contextRef="AsOf20090930" decimals="-3" unitRef="TWD">26903000</tw-gaap-ci:AccumulatedImpairmentFixedAssets>
	<tw-gaap-ci:ConstructionProcessPrepaymentEquipments contextRef="AsOf20100930" decimals="-3" unitRef="TWD">36218000</tw-gaap-ci:ConstructionProcessPrepaymentEquipments>
	<tw-gaap-ci:ConstructionProcessPrepaymentEquipments contextRef="AsOf20090930" decimals="-3" unitRef="TWD">8918000</tw-gaap-ci:ConstructionProcessPrepaymentEquipments>
	<tw-gaap-ci:FixedAssets contextRef="AsOf20100930" decimals="-3" unitRef="TWD">1577740000</tw-gaap-ci:FixedAssets>
	<tw-gaap-ci:FixedAssets contextRef="AsOf20090930" decimals="-3" unitRef="TWD">1549780000</tw-gaap-ci:FixedAssets>
	<tw-gaap-ci:DeferredPensionCost contextRef="AsOf20100930" decimals="-3" unitRef="TWD">28873000</tw-gaap-ci:DeferredPensionCost>
	<tw-gaap-ci:DeferredPensionCost contextRef="AsOf20090930" decimals="-3" unitRef="TWD">243000</tw-gaap-ci:DeferredPensionCost>
	<tw-gaap-ci:IntangibleAssets contextRef="AsOf20100930" decimals="-3" unitRef="TWD">28873000</tw-gaap-ci:IntangibleAssets>
	<tw-gaap-ci:IntangibleAssets contextRef="AsOf20090930" decimals="-3" unitRef="TWD">243000</tw-gaap-ci:IntangibleAssets>
	<tw-gaap-ci:NetRentalAssets contextRef="AsOf20100930" decimals="-3" unitRef="TWD">0</tw-gaap-ci:NetRentalAssets>
	<tw-gaap-ci:NetRentalAssets contextRef="AsOf20090930" decimals="-3" unitRef="TWD">0</tw-gaap-ci:NetRentalAssets>
	<tw-gaap-ci:NetIdledAssets contextRef="AsOf20100930" decimals="-3" unitRef="TWD">2806000</tw-gaap-ci:NetIdledAssets>
	<tw-gaap-ci:NetIdledAssets contextRef="AsOf20090930" decimals="-3" unitRef="TWD">3104000</tw-gaap-ci:NetIdledAssets>
	<tw-gaap-ci:GuaranteeDepositsPaid contextRef="AsOf20100930" decimals="-3" unitRef="TWD">2790000</tw-gaap-ci:GuaranteeDepositsPaid>
	<tw-gaap-ci:GuaranteeDepositsPaid contextRef="AsOf20090930" decimals="-3" unitRef="TWD">4444000</tw-gaap-ci:GuaranteeDepositsPaid>
	<tw-gaap-ci:DeferredCharges contextRef="AsOf20100930" decimals="-3" unitRef="TWD">2362000</tw-gaap-ci:DeferredCharges>
	<tw-gaap-ci:DeferredCharges contextRef="AsOf20090930" decimals="-3" unitRef="TWD">239000</tw-gaap-ci:DeferredCharges>
	<tw-gaap-ci:LongtermNotesAccountsReceivable contextRef="AsOf20100930" decimals="-3" unitRef="TWD">2881000</tw-gaap-ci:LongtermNotesAccountsReceivable>
	<tw-gaap-ci:LongtermNotesAccountsReceivable contextRef="AsOf20090930" decimals="-3" unitRef="TWD">3262000</tw-gaap-ci:LongtermNotesAccountsReceivable>
	<tw-gaap-ci:DeferredIncomeTaxAssetsNonCurrent contextRef="AsOf20100930" decimals="-3" unitRef="TWD">53072000</tw-gaap-ci:DeferredIncomeTaxAssetsNonCurrent>
	<tw-gaap-ci:DeferredIncomeTaxAssetsNonCurrent contextRef="AsOf20090930" decimals="-3" unitRef="TWD">71017000</tw-gaap-ci:DeferredIncomeTaxAssetsNonCurrent>
	<tw-gaap-ci:OtherAssets contextRef="AsOf20100930" decimals="-3" unitRef="TWD">63911000</tw-gaap-ci:OtherAssets>
	<tw-gaap-ci:OtherAssets contextRef="AsOf20090930" decimals="-3" unitRef="TWD">82066000</tw-gaap-ci:OtherAssets>
	<tw-gaap-ci:Assets contextRef="AsOf20100930" decimals="-3" unitRef="TWD">5508940000</tw-gaap-ci:Assets>
	<tw-gaap-ci:Assets contextRef="AsOf20090930" decimals="-3" unitRef="TWD">5397024000</tw-gaap-ci:Assets>
	<tw-gaap-ci:ShortTermBorrowings contextRef="AsOf20100930" decimals="-3" unitRef="TWD">235256000</tw-gaap-ci:ShortTermBorrowings>
	<tw-gaap-ci:ShortTermBorrowings contextRef="AsOf20090930" decimals="-3" unitRef="TWD">202461000</tw-gaap-ci:ShortTermBorrowings>
	<tw-gaap-ci:ShorttermNotesBillsPayable contextRef="AsOf20100930" decimals="-3" unitRef="TWD">0</tw-gaap-ci:ShorttermNotesBillsPayable>
	<tw-gaap-ci:ShorttermNotesBillsPayable contextRef="AsOf20090930" decimals="-3" unitRef="TWD">0</tw-gaap-ci:ShorttermNotesBillsPayable>
	<tw-gaap-ci:FinancialLiabilitiesMeasuredFairValueProfitLossCurrent contextRef="AsOf20100930" decimals="-3" unitRef="TWD">0</tw-gaap-ci:FinancialLiabilitiesMeasuredFairValueProfitLossCurrent>
	<tw-gaap-ci:FinancialLiabilitiesMeasuredFairValueProfitLossCurrent contextRef="AsOf20090930" decimals="-3" unitRef="TWD">0</tw-gaap-ci:FinancialLiabilitiesMeasuredFairValueProfitLossCurrent>
	<tw-gaap-ci:NotesPayable contextRef="AsOf20100930" decimals="-3" unitRef="TWD">93332000</tw-gaap-ci:NotesPayable>
	<tw-gaap-ci:NotesPayable contextRef="AsOf20090930" decimals="-3" unitRef="TWD">156288000</tw-gaap-ci:NotesPayable>
	<tw-gaap-ci:AccountsPayable contextRef="AsOf20100930" decimals="-3" unitRef="TWD">208805000</tw-gaap-ci:AccountsPayable>
	<tw-gaap-ci:AccountsPayable contextRef="AsOf20090930" decimals="-3" unitRef="TWD">128751000</tw-gaap-ci:AccountsPayable>
	<tw-gaap-ci:AccountsPayableRelatedParties contextRef="AsOf20100930" decimals="-3" unitRef="TWD">0</tw-gaap-ci:AccountsPayableRelatedParties>
	<tw-gaap-ci:AccountsPayableRelatedParties contextRef="AsOf20090930" decimals="-3" unitRef="TWD">0</tw-gaap-ci:AccountsPayableRelatedParties>
	<tw-gaap-ci:IncomeTaxPayable contextRef="AsOf20100930" decimals="-3" unitRef="TWD">0</tw-gaap-ci:IncomeTaxPayable>
	<tw-gaap-ci:IncomeTaxPayable contextRef="AsOf20090930" decimals="-3" unitRef="TWD">63075000</tw-gaap-ci:IncomeTaxPayable>
	<tw-gaap-ci:AccruedExpenses contextRef="AsOf20100930" decimals="-3" unitRef="TWD">93354000</tw-gaap-ci:AccruedExpenses>
	<tw-gaap-ci:AccruedExpenses contextRef="AsOf20090930" decimals="-3" unitRef="TWD">90506000</tw-gaap-ci:AccruedExpenses>
	<tw-gaap-ci:OtherPayables contextRef="AsOf20100930" decimals="-3" unitRef="TWD">0</tw-gaap-ci:OtherPayables>
	<tw-gaap-ci:OtherPayables contextRef="AsOf20090930" decimals="-3" unitRef="TWD">0</tw-gaap-ci:OtherPayables>
	<tw-gaap-ci:AdvanceReceipts contextRef="AsOf20100930" decimals="-3" unitRef="TWD">14997000</tw-gaap-ci:AdvanceReceipts>
	<tw-gaap-ci:AdvanceReceipts contextRef="AsOf20090930" decimals="-3" unitRef="TWD">9877000</tw-gaap-ci:AdvanceReceipts>
	<tw-gaap-ci:LongtermLiabilitiesCurrentPortion contextRef="AsOf20100930" decimals="-3" unitRef="TWD">125000000</tw-gaap-ci:LongtermLiabilitiesCurrentPortion>
	<tw-gaap-ci:LongtermLiabilitiesCurrentPortion contextRef="AsOf20090930" decimals="-3" unitRef="TWD">75000000</tw-gaap-ci:LongtermLiabilitiesCurrentPortion>
	<tw-gaap-ci:OtherCurrentLiabilities contextRef="AsOf20100930" decimals="-3" unitRef="TWD">3652000</tw-gaap-ci:OtherCurrentLiabilities>
	<tw-gaap-ci:OtherCurrentLiabilities contextRef="AsOf20090930" decimals="-3" unitRef="TWD">3614000</tw-gaap-ci:OtherCurrentLiabilities>
	<tw-gaap-ci:CurrentLiabilities contextRef="AsOf20100930" decimals="-3" unitRef="TWD">774396000</tw-gaap-ci:CurrentLiabilities>
	<tw-gaap-ci:CurrentLiabilities contextRef="AsOf20090930" decimals="-3" unitRef="TWD">729572000</tw-gaap-ci:CurrentLiabilities>
	<tw-gaap-ci:FinancialLiabilitiesMeasuredFairValueProfitLossNonCurrent contextRef="AsOf20100930" decimals="-3" unitRef="TWD">8589000</tw-gaap-ci:FinancialLiabilitiesMeasuredFairValueProfitLossNonCurrent>
	<tw-gaap-ci:FinancialLiabilitiesMeasuredFairValueProfitLossNonCurrent contextRef="AsOf20090930" decimals="-3" unitRef="TWD">10005000</tw-gaap-ci:FinancialLiabilitiesMeasuredFairValueProfitLossNonCurrent>
	<tw-gaap-ci:LongtermBankLoans contextRef="AsOf20100930" decimals="-3" unitRef="TWD">400000000</tw-gaap-ci:LongtermBankLoans>
	<tw-gaap-ci:LongtermBankLoans contextRef="AsOf20090930" decimals="-3" unitRef="TWD">425000000</tw-gaap-ci:LongtermBankLoans>
	<tw-gaap-ci:LongtermBorrowings contextRef="AsOf20100930" decimals="-3" unitRef="TWD">400000000</tw-gaap-ci:LongtermBorrowings>
	<tw-gaap-ci:LongtermBorrowings contextRef="AsOf20090930" decimals="-3" unitRef="TWD">425000000</tw-gaap-ci:LongtermBorrowings>
	<tw-gaap-ci:LongTermLiabilities contextRef="AsOf20100930" decimals="-3" unitRef="TWD">408589000</tw-gaap-ci:LongTermLiabilities>
	<tw-gaap-ci:LongTermLiabilities contextRef="AsOf20090930" decimals="-3" unitRef="TWD">435005000</tw-gaap-ci:LongTermLiabilities>
	<tw-gaap-ci:ReserveLandRevaluationIncrementTax contextRef="AsOf20100930" decimals="-3" unitRef="TWD">431001000</tw-gaap-ci:ReserveLandRevaluationIncrementTax>
	<tw-gaap-ci:ReserveLandRevaluationIncrementTax contextRef="AsOf20090930" decimals="-3" unitRef="TWD">431001000</tw-gaap-ci:ReserveLandRevaluationIncrementTax>
	<tw-gaap-ci:Reserves contextRef="AsOf20100930" decimals="-3" unitRef="TWD">431001000</tw-gaap-ci:Reserves>
	<tw-gaap-ci:Reserves contextRef="AsOf20090930" decimals="-3" unitRef="TWD">431001000</tw-gaap-ci:Reserves>
	<tw-gaap-ci:PensionReserve contextRef="AsOf20100930" decimals="-3" unitRef="TWD">223286000</tw-gaap-ci:PensionReserve>
	<tw-gaap-ci:PensionReserve contextRef="AsOf20090930" decimals="-3" unitRef="TWD">225281000</tw-gaap-ci:PensionReserve>
	<tw-gaap-ci:GuaranteeDepositsReceived contextRef="AsOf20100930" decimals="-3" unitRef="TWD">1111000</tw-gaap-ci:GuaranteeDepositsReceived>
	<tw-gaap-ci:GuaranteeDepositsReceived contextRef="AsOf20090930" decimals="-3" unitRef="TWD">1103000</tw-gaap-ci:GuaranteeDepositsReceived>
	<tw-gaap-ci:DeferredCreditsGainsonInterAffiliateAccounts contextRef="AsOf20100930" decimals="-3" unitRef="TWD">570000</tw-gaap-ci:DeferredCreditsGainsonInterAffiliateAccounts>
	<tw-gaap-ci:DeferredCreditsGainsonInterAffiliateAccounts contextRef="AsOf20090930" decimals="-3" unitRef="TWD">460000</tw-gaap-ci:DeferredCreditsGainsonInterAffiliateAccounts>
	<tw-gaap-ci:OtherLiabilitiesOther contextRef="AsOf20100930" decimals="-3" unitRef="TWD">570000</tw-gaap-ci:OtherLiabilitiesOther>
	<tw-gaap-ci:OtherLiabilitiesOther contextRef="AsOf20090930" decimals="-3" unitRef="TWD">460000</tw-gaap-ci:OtherLiabilitiesOther>
	<tw-gaap-ci:OtherLiabilities contextRef="AsOf20100930" decimals="-3" unitRef="TWD">224967000</tw-gaap-ci:OtherLiabilities>
	<tw-gaap-ci:OtherLiabilities contextRef="AsOf20090930" decimals="-3" unitRef="TWD">226844000</tw-gaap-ci:OtherLiabilities>
	<tw-gaap-ci:Liabilities contextRef="AsOf20100930" decimals="-3" unitRef="TWD">1838953000</tw-gaap-ci:Liabilities>
	<tw-gaap-ci:Liabilities contextRef="AsOf20090930" decimals="-3" unitRef="TWD">1822422000</tw-gaap-ci:Liabilities>
	<tw-gaap-ci:CommonStock contextRef="AsOf20100930" decimals="-3" unitRef="TWD">2839087000</tw-gaap-ci:CommonStock>
	<tw-gaap-ci:CommonStock contextRef="AsOf20090930" decimals="-3" unitRef="TWD">2743080000</tw-gaap-ci:CommonStock>
	<tw-gaap-ci:StockDividendDistributed contextRef="AsOf20100930" decimals="-3" unitRef="TWD">0</tw-gaap-ci:StockDividendDistributed>
	<tw-gaap-ci:StockDividendDistributed contextRef="AsOf20090930" decimals="-3" unitRef="TWD">0</tw-gaap-ci:StockDividendDistributed>
	<tw-gaap-ci:Capital contextRef="AsOf20100930" decimals="-3" unitRef="TWD">2839087000</tw-gaap-ci:Capital>
	<tw-gaap-ci:Capital contextRef="AsOf20090930" decimals="-3" unitRef="TWD">2743080000</tw-gaap-ci:Capital>
	<tw-gaap-ci:CapitalSurplusTreasuryStockTransactions contextRef="AsOf20100930" decimals="-3" unitRef="TWD">5996000</tw-gaap-ci:CapitalSurplusTreasuryStockTransactions>
	<tw-gaap-ci:CapitalSurplusTreasuryStockTransactions contextRef="AsOf20090930" decimals="-3" unitRef="TWD">5996000</tw-gaap-ci:CapitalSurplusTreasuryStockTransactions>
	<tw-gaap-ci:CapitalSurplusGainDisposalFixedAssets contextRef="AsOf20100930" decimals="-3" unitRef="TWD">0</tw-gaap-ci:CapitalSurplusGainDisposalFixedAssets>
	<tw-gaap-ci:CapitalSurplusGainDisposalFixedAssets contextRef="AsOf20090930" decimals="-3" unitRef="TWD">0</tw-gaap-ci:CapitalSurplusGainDisposalFixedAssets>
	<tw-gaap-ci:CapitalSurplusLongTermEquityInvestments contextRef="AsOf20100930" decimals="-3" unitRef="TWD">201352000</tw-gaap-ci:CapitalSurplusLongTermEquityInvestments>
	<tw-gaap-ci:CapitalSurplusLongTermEquityInvestments contextRef="AsOf20090930" decimals="-3" unitRef="TWD">201352000</tw-gaap-ci:CapitalSurplusLongTermEquityInvestments>
	<tw-gaap-ci:CapitalSurplusOther contextRef="AsOf20100930" decimals="-3" unitRef="TWD">8362000</tw-gaap-ci:CapitalSurplusOther>
	<tw-gaap-ci:CapitalSurplusOther contextRef="AsOf20090930" decimals="-3" unitRef="TWD">8362000</tw-gaap-ci:CapitalSurplusOther>
	<tw-gaap-ci:CapitalSurplus contextRef="AsOf20100930" decimals="-3" unitRef="TWD">215710000</tw-gaap-ci:CapitalSurplus>
	<tw-gaap-ci:CapitalSurplus contextRef="AsOf20090930" decimals="-3" unitRef="TWD">215710000</tw-gaap-ci:CapitalSurplus>
	<tw-gaap-ci:LegalReserve contextRef="AsOf20100930" decimals="-3" unitRef="TWD">113036000</tw-gaap-ci:LegalReserve>
	<tw-gaap-ci:LegalReserve contextRef="AsOf20090930" decimals="-3" unitRef="TWD">88172000</tw-gaap-ci:LegalReserve>
	<tw-gaap-ci:SpecialReserve contextRef="AsOf20100930" decimals="-3" unitRef="TWD">0</tw-gaap-ci:SpecialReserve>
	<tw-gaap-ci:SpecialReserve contextRef="AsOf20090930" decimals="-3" unitRef="TWD">0</tw-gaap-ci:SpecialReserve>
	<tw-gaap-ci:UnappropriatedRetainedEarnings contextRef="AsOf20100930" decimals="-3" unitRef="TWD">168491000</tw-gaap-ci:UnappropriatedRetainedEarnings>
	<tw-gaap-ci:UnappropriatedRetainedEarnings contextRef="AsOf20090930" decimals="-3" unitRef="TWD">193818000</tw-gaap-ci:UnappropriatedRetainedEarnings>
	<tw-gaap-ci:RetainedEarnings contextRef="AsOf20100930" decimals="-3" unitRef="TWD">281527000</tw-gaap-ci:RetainedEarnings>
	<tw-gaap-ci:RetainedEarnings contextRef="AsOf20090930" decimals="-3" unitRef="TWD">281990000</tw-gaap-ci:RetainedEarnings>
	<tw-gaap-ci:CumulativeTranslationAdjustments contextRef="AsOf20100930" decimals="-3" unitRef="TWD">11384000</tw-gaap-ci:CumulativeTranslationAdjustments>
	<tw-gaap-ci:CumulativeTranslationAdjustments contextRef="AsOf20090930" decimals="-3" unitRef="TWD">11314000</tw-gaap-ci:CumulativeTranslationAdjustments>
	<tw-gaap-ci:NetLossNotRecognizedPensionCost contextRef="AsOf20100930" decimals="-3" unitRef="TWD">229000</tw-gaap-ci:NetLossNotRecognizedPensionCost>
	<tw-gaap-ci:NetLossNotRecognizedPensionCost contextRef="AsOf20090930" decimals="-3" unitRef="TWD">0</tw-gaap-ci:NetLossNotRecognizedPensionCost>
	<tw-gaap-ci:UnrealizedRevaluationIncrement contextRef="AsOf20100930" decimals="-3" unitRef="TWD">322508000</tw-gaap-ci:UnrealizedRevaluationIncrement>
	<tw-gaap-ci:UnrealizedRevaluationIncrement contextRef="AsOf20090930" decimals="-3" unitRef="TWD">322508000</tw-gaap-ci:UnrealizedRevaluationIncrement>
	<tw-gaap-ci:StockholdersEquitiesAdjustments contextRef="AsOf20100930" decimals="-3" unitRef="TWD">333663000</tw-gaap-ci:StockholdersEquitiesAdjustments>
	<tw-gaap-ci:StockholdersEquitiesAdjustments contextRef="AsOf20090930" decimals="-3" unitRef="TWD">333822000</tw-gaap-ci:StockholdersEquitiesAdjustments>
	<tw-gaap-ci:StockholdersEquities contextRef="AsOf20100930" decimals="-3" unitRef="TWD">3669987000</tw-gaap-ci:StockholdersEquities>
	<tw-gaap-ci:StockholdersEquities contextRef="AsOf20090930" decimals="-3" unitRef="TWD">3574602000</tw-gaap-ci:StockholdersEquities>
	<tw-gaap-ci:EquivalentSharesOutstandingAdvanceReceiptsCommonStock contextRef="AsOf20100930" decimals="0" unitRef="Shares">0</tw-gaap-ci:EquivalentSharesOutstandingAdvanceReceiptsCommonStock>
	<tw-gaap-ci:EquivalentSharesOutstandingAdvanceReceiptsCommonStock contextRef="AsOf20090930" decimals="0" unitRef="Shares">0</tw-gaap-ci:EquivalentSharesOutstandingAdvanceReceiptsCommonStock>
	<tw-gaap-ci:NumberTreasuryStockAcquiredCompanySubsidiaries contextRef="AsOf20100930" decimals="0" unitRef="Shares">0</tw-gaap-ci:NumberTreasuryStockAcquiredCompanySubsidiaries>
	<tw-gaap-ci:NumberTreasuryStockAcquiredCompanySubsidiaries contextRef="AsOf20090930" decimals="0" unitRef="Shares">0</tw-gaap-ci:NumberTreasuryStockAcquiredCompanySubsidiaries>
	<tw-gaap-ci:Sales contextRef="From20100101To20100930" decimals="-3" unitRef="TWD">6738781000</tw-gaap-ci:Sales>
	<tw-gaap-ci:Sales contextRef="From20090101To20090930" decimals="-3" unitRef="TWD">6898807000</tw-gaap-ci:Sales>
	<tw-gaap-ci:SalesReturns contextRef="From20100101To20100930" decimals="-3" unitRef="TWD">28718000</tw-gaap-ci:SalesReturns>
	<tw-gaap-ci:SalesReturns contextRef="From20090101To20090930" decimals="-3" unitRef="TWD">29174000</tw-gaap-ci:SalesReturns>
	<tw-gaap-ci:SalesDiscountsAllowances contextRef="From20100101To20100930" decimals="-3" unitRef="TWD">114656000</tw-gaap-ci:SalesDiscountsAllowances>
	<tw-gaap-ci:SalesDiscountsAllowances contextRef="From20090101To20090930" decimals="-3" unitRef="TWD">106552000</tw-gaap-ci:SalesDiscountsAllowances>
	<tw-gaap-ci:NetSales contextRef="From20100101To20100930" decimals="-3" unitRef="TWD">6595407000</tw-gaap-ci:NetSales>
	<tw-gaap-ci:NetSales contextRef="From20090101To20090930" decimals="-3" unitRef="TWD">6763081000</tw-gaap-ci:NetSales>
	<tw-gaap-ci:ProcessingFeesRevenue contextRef="From20100101To20100930" decimals="-3" unitRef="TWD">2497000</tw-gaap-ci:ProcessingFeesRevenue>
	<tw-gaap-ci:ProcessingFeesRevenue contextRef="From20090101To20090930" decimals="-3" unitRef="TWD">4029000</tw-gaap-ci:ProcessingFeesRevenue>
	<tw-gaap-ci:TotalServiceRevenue contextRef="From20100101To20100930" decimals="-3" unitRef="TWD">2497000</tw-gaap-ci:TotalServiceRevenue>
	<tw-gaap-ci:TotalServiceRevenue contextRef="From20090101To20090930" decimals="-3" unitRef="TWD">4029000</tw-gaap-ci:TotalServiceRevenue>
	<tw-gaap-ci:OperatingRevenue contextRef="From20100101To20100930" decimals="-3" unitRef="TWD">6597904000</tw-gaap-ci:OperatingRevenue>
	<tw-gaap-ci:OperatingRevenue contextRef="From20090101To20090930" decimals="-3" unitRef="TWD">6767110000</tw-gaap-ci:OperatingRevenue>
	<tw-gaap-ci:CostSales contextRef="From20100101To20100930" decimals="-3" unitRef="TWD">6062557000</tw-gaap-ci:CostSales>
	<tw-gaap-ci:CostSales contextRef="From20090101To20090930" decimals="-3" unitRef="TWD">6167003000</tw-gaap-ci:CostSales>
	<tw-gaap-ci:ProcessingCost contextRef="From20100101To20100930" decimals="-3" unitRef="TWD">1046000</tw-gaap-ci:ProcessingCost>
	<tw-gaap-ci:ProcessingCost contextRef="From20090101To20090930" decimals="-3" unitRef="TWD">1710000</tw-gaap-ci:ProcessingCost>
	<tw-gaap-ci:TotalCostServices contextRef="From20100101To20100930" decimals="-3" unitRef="TWD">1046000</tw-gaap-ci:TotalCostServices>
	<tw-gaap-ci:TotalCostServices contextRef="From20090101To20090930" decimals="-3" unitRef="TWD">1710000</tw-gaap-ci:TotalCostServices>
	<tw-gaap-ci:OtherOperatingCosts contextRef="From20100101To20100930" decimals="-3" unitRef="TWD">14161000</tw-gaap-ci:OtherOperatingCosts>
	<tw-gaap-ci:OtherOperatingCosts contextRef="From20090101To20090930" decimals="-3" unitRef="TWD">9839000</tw-gaap-ci:OtherOperatingCosts>
	<tw-gaap-ci:OperatingCosts contextRef="From20100101To20100930" decimals="-3" unitRef="TWD">6077764000</tw-gaap-ci:OperatingCosts>
	<tw-gaap-ci:OperatingCosts contextRef="From20090101To20090930" decimals="-3" unitRef="TWD">6178552000</tw-gaap-ci:OperatingCosts>
	<tw-gaap-ci:GrossProfitLossOperations contextRef="From20100101To20100930" decimals="-3" unitRef="TWD">520140000</tw-gaap-ci:GrossProfitLossOperations>
	<tw-gaap-ci:GrossProfitLossOperations contextRef="From20090101To20090930" decimals="-3" unitRef="TWD">588558000</tw-gaap-ci:GrossProfitLossOperations>
	<tw-gaap-ci:RealizedGainInterAffiliateAccounts contextRef="From20100101To20100930" decimals="-3" unitRef="TWD">803000</tw-gaap-ci:RealizedGainInterAffiliateAccounts>
	<tw-gaap-ci:RealizedGainInterAffiliateAccounts contextRef="From20090101To20090930" decimals="-3" unitRef="TWD">-460000</tw-gaap-ci:RealizedGainInterAffiliateAccounts>
	<tw-gaap-ci:Sellingexpense contextRef="From20100101To20100930" decimals="-3" unitRef="TWD">264893000</tw-gaap-ci:Sellingexpense>
	<tw-gaap-ci:Sellingexpense contextRef="From20090101To20090930" decimals="-3" unitRef="TWD">251436000</tw-gaap-ci:Sellingexpense>
	<tw-gaap-ci:GeneralAdministrativeExpenses contextRef="From20100101To20100930" decimals="-3" unitRef="TWD">104654000</tw-gaap-ci:GeneralAdministrativeExpenses>
	<tw-gaap-ci:GeneralAdministrativeExpenses contextRef="From20090101To20090930" decimals="-3" unitRef="TWD">106679000</tw-gaap-ci:GeneralAdministrativeExpenses>
	<tw-gaap-ci:ResearchDevelopmentExpenses contextRef="From20100101To20100930" decimals="-3" unitRef="TWD">16017000</tw-gaap-ci:ResearchDevelopmentExpenses>
	<tw-gaap-ci:ResearchDevelopmentExpenses contextRef="From20090101To20090930" decimals="-3" unitRef="TWD">14842000</tw-gaap-ci:ResearchDevelopmentExpenses>
	<tw-gaap-ci:OperatingExpenses contextRef="From20100101To20100930" decimals="-3" unitRef="TWD">385564000</tw-gaap-ci:OperatingExpenses>
	<tw-gaap-ci:OperatingExpenses contextRef="From20090101To20090930" decimals="-3" unitRef="TWD">372957000</tw-gaap-ci:OperatingExpenses>
	<tw-gaap-ci:OperatingIncomeLoss contextRef="From20100101To20100930" decimals="-3" unitRef="TWD">135379000</tw-gaap-ci:OperatingIncomeLoss>
	<tw-gaap-ci:OperatingIncomeLoss contextRef="From20090101To20090930" decimals="-3" unitRef="TWD">215141000</tw-gaap-ci:OperatingIncomeLoss>
	<tw-gaap-ci:InterestIncome contextRef="From20100101To20100930" decimals="-3" unitRef="TWD">783000</tw-gaap-ci:InterestIncome>
	<tw-gaap-ci:InterestIncome contextRef="From20090101To20090930" decimals="-3" unitRef="TWD">570000</tw-gaap-ci:InterestIncome>
	<tw-gaap-ci:InvestmentGainsRecognizedEquityMethod contextRef="From20100101To20100930" decimals="-3" unitRef="TWD">5877000</tw-gaap-ci:InvestmentGainsRecognizedEquityMethod>
	<tw-gaap-ci:InvestmentGainsRecognizedEquityMethod contextRef="From20090101To20090930" decimals="-3" unitRef="TWD">16774000</tw-gaap-ci:InvestmentGainsRecognizedEquityMethod>
	<tw-gaap-ci:DividendIncome contextRef="From20100101To20100930" decimals="-3" unitRef="TWD">1742000</tw-gaap-ci:DividendIncome>
	<tw-gaap-ci:DividendIncome contextRef="From20090101To20090930" decimals="-3" unitRef="TWD">761000</tw-gaap-ci:DividendIncome>
	<tw-gaap-ci:InvestmentGains contextRef="From20100101To20100930" decimals="-3" unitRef="TWD">7619000</tw-gaap-ci:InvestmentGains>
	<tw-gaap-ci:InvestmentGains contextRef="From20090101To20090930" decimals="-3" unitRef="TWD">17535000</tw-gaap-ci:InvestmentGains>
	<tw-gaap-ci:GainsDisposalFixedAssets contextRef="From20100101To20100930" decimals="-3" unitRef="TWD">0</tw-gaap-ci:GainsDisposalFixedAssets>
	<tw-gaap-ci:GainsDisposalFixedAssets contextRef="From20090101To20090930" decimals="-3" unitRef="TWD">0</tw-gaap-ci:GainsDisposalFixedAssets>
	<tw-gaap-ci:GainsSaleInvestments contextRef="From20100101To20100930" decimals="-3" unitRef="TWD">876000</tw-gaap-ci:GainsSaleInvestments>
	<tw-gaap-ci:GainsSaleInvestments contextRef="From20090101To20090930" decimals="-3" unitRef="TWD">0</tw-gaap-ci:GainsSaleInvestments>
	<tw-gaap-ci:ForeignExchangeGains contextRef="From20100101To20100930" decimals="-3" unitRef="TWD">4633000</tw-gaap-ci:ForeignExchangeGains>
	<tw-gaap-ci:ForeignExchangeGains contextRef="From20090101To20090930" decimals="-3" unitRef="TWD">12375000</tw-gaap-ci:ForeignExchangeGains>
	<tw-gaap-ci:RentIncome contextRef="From20100101To20100930" decimals="-3" unitRef="TWD">7872000</tw-gaap-ci:RentIncome>
	<tw-gaap-ci:RentIncome contextRef="From20090101To20090930" decimals="-3" unitRef="TWD">8301000</tw-gaap-ci:RentIncome>
	<tw-gaap-ci:ReversalImpairmentLossAssets contextRef="From20100101To20100930" decimals="-3" unitRef="TWD">0</tw-gaap-ci:ReversalImpairmentLossAssets>
	<tw-gaap-ci:ReversalImpairmentLossAssets contextRef="From20090101To20090930" decimals="-3" unitRef="TWD">10765000</tw-gaap-ci:ReversalImpairmentLossAssets>
	<tw-gaap-ci:RevaluationGainFinancialAssets contextRef="From20100101To20100930" decimals="-3" unitRef="TWD">0</tw-gaap-ci:RevaluationGainFinancialAssets>
	<tw-gaap-ci:RevaluationGainFinancialAssets contextRef="From20090101To20090930" decimals="-3" unitRef="TWD">14665000</tw-gaap-ci:RevaluationGainFinancialAssets>
	<tw-gaap-ci:RevaluationGainFinancialLiabilities contextRef="From20100101To20100930" decimals="-3" unitRef="TWD">498000</tw-gaap-ci:RevaluationGainFinancialLiabilities>
	<tw-gaap-ci:RevaluationGainFinancialLiabilities contextRef="From20090101To20090930" decimals="-3" unitRef="TWD">2259000</tw-gaap-ci:RevaluationGainFinancialLiabilities>
	<tw-gaap-ci:MiscellaneousIncome contextRef="From20100101To20100930" decimals="-3" unitRef="TWD">29139000</tw-gaap-ci:MiscellaneousIncome>
	<tw-gaap-ci:MiscellaneousIncome contextRef="From20090101To20090930" decimals="-3" unitRef="TWD">22475000</tw-gaap-ci:MiscellaneousIncome>
	<tw-gaap-ci:NonOperatingIncomeGains contextRef="From20100101To20100930" decimals="-3" unitRef="TWD">51420000</tw-gaap-ci:NonOperatingIncomeGains>
	<tw-gaap-ci:NonOperatingIncomeGains contextRef="From20090101To20090930" decimals="-3" unitRef="TWD">88945000</tw-gaap-ci:NonOperatingIncomeGains>
	<tw-gaap-ci:InterestExpense contextRef="From20100101To20100930" decimals="-3" unitRef="TWD">9811000</tw-gaap-ci:InterestExpense>
	<tw-gaap-ci:InterestExpense contextRef="From20090101To20090930" decimals="-3" unitRef="TWD">11928000</tw-gaap-ci:InterestExpense>
	<tw-gaap-ci:NonOperatingExpensesInvestmentLossRecognizedEquityMethod contextRef="From20100101To20100930" decimals="-3" unitRef="TWD">0</tw-gaap-ci:NonOperatingExpensesInvestmentLossRecognizedEquityMethod>
	<tw-gaap-ci:NonOperatingExpensesInvestmentLossRecognizedEquityMethod contextRef="From20090101To20090930" decimals="-3" unitRef="TWD">0</tw-gaap-ci:NonOperatingExpensesInvestmentLossRecognizedEquityMethod>
	<tw-gaap-ci:OtherInvestmentLoss contextRef="From20100101To20100930" decimals="-3" unitRef="TWD">0</tw-gaap-ci:OtherInvestmentLoss>
	<tw-gaap-ci:OtherInvestmentLoss contextRef="From20090101To20090930" decimals="-3" unitRef="TWD">3422000</tw-gaap-ci:OtherInvestmentLoss>
	<tw-gaap-ci:NonOperatingExpensesInvestmentLoss contextRef="From20100101To20100930" decimals="-3" unitRef="TWD">0</tw-gaap-ci:NonOperatingExpensesInvestmentLoss>
	<tw-gaap-ci:NonOperatingExpensesInvestmentLoss contextRef="From20090101To20090930" decimals="-3" unitRef="TWD">3422000</tw-gaap-ci:NonOperatingExpensesInvestmentLoss>
	<tw-gaap-ci:LossDisposalFixedAssets contextRef="From20100101To20100930" decimals="-3" unitRef="TWD">164000</tw-gaap-ci:LossDisposalFixedAssets>
	<tw-gaap-ci:LossDisposalFixedAssets contextRef="From20090101To20090930" decimals="-3" unitRef="TWD">3989000</tw-gaap-ci:LossDisposalFixedAssets>
	<tw-gaap-ci:LossSaleInvestments contextRef="From20100101To20100930" decimals="-3" unitRef="TWD">0</tw-gaap-ci:LossSaleInvestments>
	<tw-gaap-ci:LossSaleInvestments contextRef="From20090101To20090930" decimals="-3" unitRef="TWD">0</tw-gaap-ci:LossSaleInvestments>
	<tw-gaap-ci:ForeignExchangeLosses contextRef="From20100101To20100930" decimals="-3" unitRef="TWD">0</tw-gaap-ci:ForeignExchangeLosses>
	<tw-gaap-ci:ForeignExchangeLosses contextRef="From20090101To20090930" decimals="-3" unitRef="TWD">0</tw-gaap-ci:ForeignExchangeLosses>
	<tw-gaap-ci:FinancialExpense contextRef="From20100101To20100930" decimals="-3" unitRef="TWD">0</tw-gaap-ci:FinancialExpense>
	<tw-gaap-ci:FinancialExpense contextRef="From20090101To20090930" decimals="-3" unitRef="TWD">0</tw-gaap-ci:FinancialExpense>
	<tw-gaap-ci:DividendsPreferredStockLiabilities contextRef="From20100101To20100930" decimals="-3" unitRef="TWD">0</tw-gaap-ci:DividendsPreferredStockLiabilities>
	<tw-gaap-ci:DividendsPreferredStockLiabilities contextRef="From20090101To20090930" decimals="-3" unitRef="TWD">0</tw-gaap-ci:DividendsPreferredStockLiabilities>
	<tw-gaap-ci:LossesWorkStoppages contextRef="From20100101To20100930" decimals="-3" unitRef="TWD">0</tw-gaap-ci:LossesWorkStoppages>
	<tw-gaap-ci:LossesWorkStoppages contextRef="From20090101To20090930" decimals="-3" unitRef="TWD">0</tw-gaap-ci:LossesWorkStoppages>
	<tw-gaap-ci:LossDepreciationValuationLossIdleAssets contextRef="From20100101To20100930" decimals="-3" unitRef="TWD">0</tw-gaap-ci:LossDepreciationValuationLossIdleAssets>
	<tw-gaap-ci:LossDepreciationValuationLossIdleAssets contextRef="From20090101To20090930" decimals="-3" unitRef="TWD">0</tw-gaap-ci:LossDepreciationValuationLossIdleAssets>
	<tw-gaap-ci:ImpairmentLossesFinancialAssets contextRef="From20100101To20100930" decimals="-3" unitRef="TWD">0</tw-gaap-ci:ImpairmentLossesFinancialAssets>
	<tw-gaap-ci:ImpairmentLossesFinancialAssets contextRef="From20090101To20090930" decimals="-3" unitRef="TWD">0</tw-gaap-ci:ImpairmentLossesFinancialAssets>
	<tw-gaap-ci:ImpairmentLossOtherAssets contextRef="From20100101To20100930" decimals="-3" unitRef="TWD">0</tw-gaap-ci:ImpairmentLossOtherAssets>
	<tw-gaap-ci:ImpairmentLossOtherAssets contextRef="From20090101To20090930" decimals="-3" unitRef="TWD">0</tw-gaap-ci:ImpairmentLossOtherAssets>
	<tw-gaap-ci:ImpairmentLossAssets contextRef="From20100101To20100930" decimals="-3" unitRef="TWD">0</tw-gaap-ci:ImpairmentLossAssets>
	<tw-gaap-ci:ImpairmentLossAssets contextRef="From20090101To20090930" decimals="-3" unitRef="TWD">0</tw-gaap-ci:ImpairmentLossAssets>
	<tw-gaap-ci:RevaluationLossFinancialAssets contextRef="From20100101To20100930" decimals="-3" unitRef="TWD">1154000</tw-gaap-ci:RevaluationLossFinancialAssets>
	<tw-gaap-ci:RevaluationLossFinancialAssets contextRef="From20090101To20090930" decimals="-3" unitRef="TWD">0</tw-gaap-ci:RevaluationLossFinancialAssets>
	<tw-gaap-ci:RevaluationLossFinancialLiabilities contextRef="From20100101To20100930" decimals="-3" unitRef="TWD">0</tw-gaap-ci:RevaluationLossFinancialLiabilities>
	<tw-gaap-ci:RevaluationLossFinancialLiabilities contextRef="From20090101To20090930" decimals="-3" unitRef="TWD">0</tw-gaap-ci:RevaluationLossFinancialLiabilities>
	<tw-gaap-ci:OtherRevaluationLoss contextRef="From20100101To20100930" decimals="-3" unitRef="TWD">0</tw-gaap-ci:OtherRevaluationLoss>
	<tw-gaap-ci:OtherRevaluationLoss contextRef="From20090101To20090930" decimals="-3" unitRef="TWD">0</tw-gaap-ci:OtherRevaluationLoss>
	<tw-gaap-ci:MiscellaneousDisbursements contextRef="From20100101To20100930" decimals="-3" unitRef="TWD">2149000</tw-gaap-ci:MiscellaneousDisbursements>
	<tw-gaap-ci:MiscellaneousDisbursements contextRef="From20090101To20090930" decimals="-3" unitRef="TWD">1974000</tw-gaap-ci:MiscellaneousDisbursements>
	<tw-gaap-ci:NonOperatingExpenses contextRef="From20100101To20100930" decimals="-3" unitRef="TWD">13278000</tw-gaap-ci:NonOperatingExpenses>
	<tw-gaap-ci:NonOperatingExpenses contextRef="From20090101To20090930" decimals="-3" unitRef="TWD">21313000</tw-gaap-ci:NonOperatingExpenses>
	<tw-gaap-ci:IncomeContinuingOperationsBeforeIncomeTax contextRef="From20100101To20100930" decimals="-3" unitRef="TWD">173521000</tw-gaap-ci:IncomeContinuingOperationsBeforeIncomeTax>
	<tw-gaap-ci:IncomeContinuingOperationsBeforeIncomeTax contextRef="From20090101To20090930" decimals="-3" unitRef="TWD">282773000</tw-gaap-ci:IncomeContinuingOperationsBeforeIncomeTax>
	<tw-gaap-ci:IncomeTaxExpenseBenefit contextRef="From20100101To20100930" decimals="-3" unitRef="TWD">45016000</tw-gaap-ci:IncomeTaxExpenseBenefit>
	<tw-gaap-ci:IncomeTaxExpenseBenefit contextRef="From20090101To20090930" decimals="-3" unitRef="TWD">88955000</tw-gaap-ci:IncomeTaxExpenseBenefit>
	<tw-gaap-ci:IncomeContinuingOperations contextRef="From20100101To20100930" decimals="-3" unitRef="TWD">128505000</tw-gaap-ci:IncomeContinuingOperations>
	<tw-gaap-ci:IncomeContinuingOperations contextRef="From20090101To20090930" decimals="-3" unitRef="TWD">193818000</tw-gaap-ci:IncomeContinuingOperations>
	<tw-gaap-ci:CumulativeEffectChangesAccountingPrinciple contextRef="From20100101To20100930" decimals="-3" unitRef="TWD">0</tw-gaap-ci:CumulativeEffectChangesAccountingPrinciple>
	<tw-gaap-ci:CumulativeEffectChangesAccountingPrinciple contextRef="From20090101To20090930" decimals="-3" unitRef="TWD">0</tw-gaap-ci:CumulativeEffectChangesAccountingPrinciple>
	<tw-gaap-ci:NetIncomeLoss contextRef="From20100101To20100930" decimals="-3" unitRef="TWD">128505000</tw-gaap-ci:NetIncomeLoss>
	<tw-gaap-ci:NetIncomeLoss contextRef="From20090101To20090930" decimals="-3" unitRef="TWD">193818000</tw-gaap-ci:NetIncomeLoss>
	<tw-gaap-ci:PrimaryEarningsPerShare contextRef="From20100101To20100930" decimals="2" unitRef="TWD">0.45</tw-gaap-ci:PrimaryEarningsPerShare>
	<tw-gaap-ci:PrimaryEarningsPerShare contextRef="From20090101To20090930" decimals="2" unitRef="TWD">0.68</tw-gaap-ci:PrimaryEarningsPerShare>
	<tw-gaap-ci:NetIncomeLoss_StatementCashFlows contextRef="From20100101To20100930" decimals="-3" unitRef="TWD">128505000</tw-gaap-ci:NetIncomeLoss_StatementCashFlows>
	<tw-gaap-ci:NetIncomeLoss_StatementCashFlows contextRef="From20090101To20090930" decimals="-3" unitRef="TWD">193818000</tw-gaap-ci:NetIncomeLoss_StatementCashFlows>
	<tw-gaap-ci:DepreciationExpense-Operating contextRef="From20100101To20100930" decimals="-3" unitRef="TWD">43129000</tw-gaap-ci:DepreciationExpense-Operating>
	<tw-gaap-ci:DepreciationExpense-Operating contextRef="From20090101To20090930" decimals="-3" unitRef="TWD">43228000</tw-gaap-ci:DepreciationExpense-Operating>
	<tw-gaap-ci:AmortizationExpense-Operating contextRef="From20100101To20100930" decimals="-3" unitRef="TWD">904000</tw-gaap-ci:AmortizationExpense-Operating>
	<tw-gaap-ci:AmortizationExpense-Operating contextRef="From20090101To20090930" decimals="-3" unitRef="TWD">230000</tw-gaap-ci:AmortizationExpense-Operating>
	<tw-gaap-ci:ProvisionTransferRevenueBadDebtsLosses contextRef="From20100101To20100930" decimals="-3" unitRef="TWD">5251000</tw-gaap-ci:ProvisionTransferRevenueBadDebtsLosses>
	<tw-gaap-ci:ProvisionTransferRevenueBadDebtsLosses contextRef="From20090101To20090930" decimals="-3" unitRef="TWD">421000</tw-gaap-ci:ProvisionTransferRevenueBadDebtsLosses>
	<tw-gaap-ci:ChangesNetPensionCostUnappropriated contextRef="From20100101To20100930" decimals="-3" unitRef="TWD">-41875000</tw-gaap-ci:ChangesNetPensionCostUnappropriated>
	<tw-gaap-ci:ChangesNetPensionCostUnappropriated contextRef="From20090101To20090930" decimals="-3" unitRef="TWD">8888000</tw-gaap-ci:ChangesNetPensionCostUnappropriated>
	<tw-gaap-ci:GainLossInventoryValuationObsolescenceRecoverie contextRef="From20100101To20100930" decimals="-3" unitRef="TWD">0</tw-gaap-ci:GainLossInventoryValuationObsolescenceRecoverie>
	<tw-gaap-ci:GainLossInventoryValuationObsolescenceRecoverie contextRef="From20090101To20090930" decimals="-3" unitRef="TWD">3116000</tw-gaap-ci:GainLossInventoryValuationObsolescenceRecoverie>
	<tw-gaap-ci:InvestmentLossIncomeRecognizedEquityMethod contextRef="From20100101To20100930" decimals="-3" unitRef="TWD">-5877000</tw-gaap-ci:InvestmentLossIncomeRecognizedEquityMethod>
	<tw-gaap-ci:InvestmentLossIncomeRecognizedEquityMethod contextRef="From20090101To20090930" decimals="-3" unitRef="TWD">-16774000</tw-gaap-ci:InvestmentLossIncomeRecognizedEquityMethod>
	<tw-gaap-ci:CashDividendsReceivedEquityMethodInvestees contextRef="From20100101To20100930" decimals="-3" unitRef="TWD">22372000</tw-gaap-ci:CashDividendsReceivedEquityMethodInvestees>
	<tw-gaap-ci:CashDividendsReceivedEquityMethodInvestees contextRef="From20090101To20090930" decimals="-3" unitRef="TWD">14089000</tw-gaap-ci:CashDividendsReceivedEquityMethodInvestees>
	<tw-gaap-ci:GainLossDisposalScrappingFixedAssets contextRef="From20100101To20100930" decimals="-3" unitRef="TWD">164000</tw-gaap-ci:GainLossDisposalScrappingFixedAssets>
	<tw-gaap-ci:GainLossDisposalScrappingFixedAssets contextRef="From20090101To20090930" decimals="-3" unitRef="TWD">3989000</tw-gaap-ci:GainLossDisposalScrappingFixedAssets>
	<tw-gaap-ci:FixedAssetsTransferredExpenses contextRef="From20100101To20100930" decimals="-3" unitRef="TWD">1040000</tw-gaap-ci:FixedAssetsTransferredExpenses>
	<tw-gaap-ci:FixedAssetsTransferredExpenses contextRef="From20090101To20090930" decimals="-3" unitRef="TWD">97000</tw-gaap-ci:FixedAssetsTransferredExpenses>
	<tw-gaap-ci:GainsLossesSaleInvestments contextRef="From20100101To20100930" decimals="-3" unitRef="TWD">-876000</tw-gaap-ci:GainsLossesSaleInvestments>
	<tw-gaap-ci:GainsLossesSaleInvestments contextRef="From20090101To20090930" decimals="-3" unitRef="TWD">0</tw-gaap-ci:GainsLossesSaleInvestments>
	<tw-gaap-ci:UnrealizedRevaluationGainFinancialAssetsLiabilities contextRef="From20100101To20100930" decimals="-3" unitRef="TWD">656000</tw-gaap-ci:UnrealizedRevaluationGainFinancialAssetsLiabilities>
	<tw-gaap-ci:UnrealizedRevaluationGainFinancialAssetsLiabilities contextRef="From20090101To20090930" decimals="-3" unitRef="TWD">-12077000</tw-gaap-ci:UnrealizedRevaluationGainFinancialAssetsLiabilities>
	<tw-gaap-ci:ImpairmentLossesFinancialAsset contextRef="From20100101To20100930" decimals="-3" unitRef="TWD">0</tw-gaap-ci:ImpairmentLossesFinancialAsset>
	<tw-gaap-ci:ImpairmentLossesFinancialAsset contextRef="From20090101To20090930" decimals="-3" unitRef="TWD">0</tw-gaap-ci:ImpairmentLossesFinancialAsset>
	<tw-gaap-ci:ReversalImpairmentLossNonFinancialAssets contextRef="From20100101To20100930" decimals="-3" unitRef="TWD">0</tw-gaap-ci:ReversalImpairmentLossNonFinancialAssets>
	<tw-gaap-ci:ReversalImpairmentLossNonFinancialAssets contextRef="From20090101To20090930" decimals="-3" unitRef="TWD">-10765000</tw-gaap-ci:ReversalImpairmentLossNonFinancialAssets>
	<tw-gaap-ci:LossGainDeferredIncomeTax contextRef="From20100101To20100930" decimals="-3" unitRef="TWD">0</tw-gaap-ci:LossGainDeferredIncomeTax>
	<tw-gaap-ci:LossGainDeferredIncomeTax contextRef="From20090101To20090930" decimals="-3" unitRef="TWD">0</tw-gaap-ci:LossGainDeferredIncomeTax>
	<tw-gaap-ci:OtherAdjustmentsReconcileNetIncomeNetCashProvidedUsedOperatingActivities contextRef="From20100101To20100930" decimals="-3" unitRef="TWD">-803000</tw-gaap-ci:OtherAdjustmentsReconcileNetIncomeNetCashProvidedUsedOperatingActivities>
	<tw-gaap-ci:OtherAdjustmentsReconcileNetIncomeNetCashProvidedUsedOperatingActivities contextRef="From20090101To20090930" decimals="-3" unitRef="TWD">3882000</tw-gaap-ci:OtherAdjustmentsReconcileNetIncomeNetCashProvidedUsedOperatingActivities>
	<tw-gaap-ci:AdjustmentsReconcileNetIncomeNetCashProvidedUsedOperatingActivities contextRef="From20100101To20100930" decimals="-3" unitRef="TWD">24085000</tw-gaap-ci:AdjustmentsReconcileNetIncomeNetCashProvidedUsedOperatingActivities>
	<tw-gaap-ci:AdjustmentsReconcileNetIncomeNetCashProvidedUsedOperatingActivities contextRef="From20090101To20090930" decimals="-3" unitRef="TWD">38324000</tw-gaap-ci:AdjustmentsReconcileNetIncomeNetCashProvidedUsedOperatingActivities>
	<tw-gaap-ci:ChangesNotesReceivableRelatedParties contextRef="From20100101To20100930" decimals="-3" unitRef="TWD">10695000</tw-gaap-ci:ChangesNotesReceivableRelatedParties>
	<tw-gaap-ci:ChangesNotesReceivableRelatedParties contextRef="From20090101To20090930" decimals="-3" unitRef="TWD">-12717000</tw-gaap-ci:ChangesNotesReceivableRelatedParties>
	<tw-gaap-ci:ChangesAccountsReceivableRelatedParties contextRef="From20100101To20100930" decimals="-3" unitRef="TWD">-74286000</tw-gaap-ci:ChangesAccountsReceivableRelatedParties>
	<tw-gaap-ci:ChangesAccountsReceivableRelatedParties contextRef="From20090101To20090930" decimals="-3" unitRef="TWD">-23904000</tw-gaap-ci:ChangesAccountsReceivableRelatedParties>
	<tw-gaap-ci:ChangesOtherReceivables contextRef="From20100101To20100930" decimals="-3" unitRef="TWD">-893000</tw-gaap-ci:ChangesOtherReceivables>
	<tw-gaap-ci:ChangesOtherReceivables contextRef="From20090101To20090930" decimals="-3" unitRef="TWD">-608000</tw-gaap-ci:ChangesOtherReceivables>
	<tw-gaap-ci:ChangesInventories contextRef="From20100101To20100930" decimals="-3" unitRef="TWD">-312003000</tw-gaap-ci:ChangesInventories>
	<tw-gaap-ci:ChangesInventories contextRef="From20090101To20090930" decimals="-3" unitRef="TWD">45677000</tw-gaap-ci:ChangesInventories>
	<tw-gaap-ci:ChangesOtherPrepayments contextRef="From20100101To20100930" decimals="-3" unitRef="TWD">-17904000</tw-gaap-ci:ChangesOtherPrepayments>
	<tw-gaap-ci:ChangesOtherPrepayments contextRef="From20090101To20090930" decimals="-3" unitRef="TWD">47556000</tw-gaap-ci:ChangesOtherPrepayments>
	<tw-gaap-ci:ChangesOtherCurrentAssets_CI contextRef="From20100101To20100930" decimals="-3" unitRef="TWD">-4509000</tw-gaap-ci:ChangesOtherCurrentAssets_CI>
	<tw-gaap-ci:ChangesOtherCurrentAssets_CI contextRef="From20090101To20090930" decimals="-3" unitRef="TWD">-4222000</tw-gaap-ci:ChangesOtherCurrentAssets_CI>
	<tw-gaap-ci:ChangesDeferredTaxAssets contextRef="From20100101To20100930" decimals="-3" unitRef="TWD">20229000</tw-gaap-ci:ChangesDeferredTaxAssets>
	<tw-gaap-ci:ChangesDeferredTaxAssets contextRef="From20090101To20090930" decimals="-3" unitRef="TWD">24429000</tw-gaap-ci:ChangesDeferredTaxAssets>
	<tw-gaap-ci:ChangesOtherOperatingAssets contextRef="From20100101To20100930" decimals="-3" unitRef="TWD">4796000</tw-gaap-ci:ChangesOtherOperatingAssets>
	<tw-gaap-ci:ChangesOtherOperatingAssets contextRef="From20090101To20090930" decimals="-3" unitRef="TWD">1258000</tw-gaap-ci:ChangesOtherOperatingAssets>
	<tw-gaap-ci:ChangesOperatingAssets contextRef="From20100101To20100930" decimals="-3" unitRef="TWD">-373875000</tw-gaap-ci:ChangesOperatingAssets>
	<tw-gaap-ci:ChangesOperatingAssets contextRef="From20090101To20090930" decimals="-3" unitRef="TWD">77469000</tw-gaap-ci:ChangesOperatingAssets>
	<tw-gaap-ci:ChangesNotesPayableRelatedParties contextRef="From20100101To20100930" decimals="-3" unitRef="TWD">-38292000</tw-gaap-ci:ChangesNotesPayableRelatedParties>
	<tw-gaap-ci:ChangesNotesPayableRelatedParties contextRef="From20090101To20090930" decimals="-3" unitRef="TWD">49037000</tw-gaap-ci:ChangesNotesPayableRelatedParties>
	<tw-gaap-ci:ChangesAccountsPayableRelatedParties contextRef="From20100101To20100930" decimals="-3" unitRef="TWD">70281000</tw-gaap-ci:ChangesAccountsPayableRelatedParties>
	<tw-gaap-ci:ChangesAccountsPayableRelatedParties contextRef="From20090101To20090930" decimals="-3" unitRef="TWD">24077000</tw-gaap-ci:ChangesAccountsPayableRelatedParties>
	<tw-gaap-ci:ChangesIncomeTaxPayable contextRef="From20100101To20100930" decimals="-3" unitRef="TWD">-74178000</tw-gaap-ci:ChangesIncomeTaxPayable>
	<tw-gaap-ci:ChangesIncomeTaxPayable contextRef="From20090101To20090930" decimals="-3" unitRef="TWD">59840000</tw-gaap-ci:ChangesIncomeTaxPayable>
	<tw-gaap-ci:ChangesAccruedExpenses contextRef="From20100101To20100930" decimals="-3" unitRef="TWD">-12584000</tw-gaap-ci:ChangesAccruedExpenses>
	<tw-gaap-ci:ChangesAccruedExpenses contextRef="From20090101To20090930" decimals="-3" unitRef="TWD">26006000</tw-gaap-ci:ChangesAccruedExpenses>
	<tw-gaap-ci:ChangesOtherPayables contextRef="From20100101To20100930" decimals="-3" unitRef="TWD">0</tw-gaap-ci:ChangesOtherPayables>
	<tw-gaap-ci:ChangesOtherPayables contextRef="From20090101To20090930" decimals="-3" unitRef="TWD">0</tw-gaap-ci:ChangesOtherPayables>
	<tw-gaap-ci:ChangesReceiptsAdvance contextRef="From20100101To20100930" decimals="-3" unitRef="TWD">-1348000</tw-gaap-ci:ChangesReceiptsAdvance>
	<tw-gaap-ci:ChangesReceiptsAdvance contextRef="From20090101To20090930" decimals="-3" unitRef="TWD">-10924000</tw-gaap-ci:ChangesReceiptsAdvance>
	<tw-gaap-ci:ChangesOtherCurrentLiabilities_CI contextRef="From20100101To20100930" decimals="-3" unitRef="TWD">-16598000</tw-gaap-ci:ChangesOtherCurrentLiabilities_CI>
	<tw-gaap-ci:ChangesOtherCurrentLiabilities_CI contextRef="From20090101To20090930" decimals="-3" unitRef="TWD">-14977000</tw-gaap-ci:ChangesOtherCurrentLiabilities_CI>
	<tw-gaap-ci:ChangesOperatingLiabilities contextRef="From20100101To20100930" decimals="-3" unitRef="TWD">-72719000</tw-gaap-ci:ChangesOperatingLiabilities>
	<tw-gaap-ci:ChangesOperatingLiabilities contextRef="From20090101To20090930" decimals="-3" unitRef="TWD">133059000</tw-gaap-ci:ChangesOperatingLiabilities>
	<tw-gaap-ci:ChangesOperatingAssetsLiabilities contextRef="From20100101To20100930" decimals="-3" unitRef="TWD">-446594000</tw-gaap-ci:ChangesOperatingAssetsLiabilities>
	<tw-gaap-ci:ChangesOperatingAssetsLiabilities contextRef="From20090101To20090930" decimals="-3" unitRef="TWD">210528000</tw-gaap-ci:ChangesOperatingAssetsLiabilities>
	<tw-gaap-ci:NetCashProvidedUsedOperatingActivities contextRef="From20100101To20100930" decimals="-3" unitRef="TWD">-294004000</tw-gaap-ci:NetCashProvidedUsedOperatingActivities>
	<tw-gaap-ci:NetCashProvidedUsedOperatingActivities contextRef="From20090101To20090930" decimals="-3" unitRef="TWD">442670000</tw-gaap-ci:NetCashProvidedUsedOperatingActivities>
	<tw-gaap-ci:AcquisitionFinancialAssetsFairValueProfitLoss contextRef="From20100101To20100930" decimals="-3" unitRef="TWD">0</tw-gaap-ci:AcquisitionFinancialAssetsFairValueProfitLoss>
	<tw-gaap-ci:AcquisitionFinancialAssetsFairValueProfitLoss contextRef="From20090101To20090930" decimals="-3" unitRef="TWD">0</tw-gaap-ci:AcquisitionFinancialAssetsFairValueProfitLoss>
	<tw-gaap-ci:ProceedsDisposalFinancialAssetsDesignatedFairValueProfitLoss contextRef="From20100101To20100930" decimals="-3" unitRef="TWD">0</tw-gaap-ci:ProceedsDisposalFinancialAssetsDesignatedFairValueProfitLoss>
	<tw-gaap-ci:ProceedsDisposalFinancialAssetsDesignatedFairValueProfitLoss contextRef="From20090101To20090930" decimals="-3" unitRef="TWD">0</tw-gaap-ci:ProceedsDisposalFinancialAssetsDesignatedFairValueProfitLoss>
	<tw-gaap-ci:AcquisitionPropertyPlantEquipment contextRef="From20100101To20100930" decimals="-3" unitRef="TWD">-75606000</tw-gaap-ci:AcquisitionPropertyPlantEquipment>
	<tw-gaap-ci:AcquisitionPropertyPlantEquipment contextRef="From20090101To20090930" decimals="-3" unitRef="TWD">-28118000</tw-gaap-ci:AcquisitionPropertyPlantEquipment>
	<tw-gaap-ci:ProceedsDisposalPropertyPlantEquipment contextRef="From20100101To20100930" decimals="-3" unitRef="TWD">48000</tw-gaap-ci:ProceedsDisposalPropertyPlantEquipment>
	<tw-gaap-ci:ProceedsDisposalPropertyPlantEquipment contextRef="From20090101To20090930" decimals="-3" unitRef="TWD">26267000</tw-gaap-ci:ProceedsDisposalPropertyPlantEquipment>
	<tw-gaap-ci:ChangesRefundableDeposits contextRef="From20100101To20100930" decimals="-3" unitRef="TWD">1625000</tw-gaap-ci:ChangesRefundableDeposits>
	<tw-gaap-ci:ChangesRefundableDeposits contextRef="From20090101To20090930" decimals="-3" unitRef="TWD">-1944000</tw-gaap-ci:ChangesRefundableDeposits>
	<tw-gaap-ci:IncreaseDeferredCharges contextRef="From20100101To20100930" decimals="-3" unitRef="TWD">-1473000</tw-gaap-ci:IncreaseDeferredCharges>
	<tw-gaap-ci:IncreaseDeferredCharges contextRef="From20090101To20090930" decimals="-3" unitRef="TWD">0</tw-gaap-ci:IncreaseDeferredCharges>
	<tw-gaap-ci:ChangesRestrictedAssets contextRef="From20100101To20100930" decimals="-3" unitRef="TWD">0</tw-gaap-ci:ChangesRestrictedAssets>
	<tw-gaap-ci:ChangesRestrictedAssets contextRef="From20090101To20090930" decimals="-3" unitRef="TWD">0</tw-gaap-ci:ChangesRestrictedAssets>
	<tw-gaap-ci:OtherInvestingActivities contextRef="From20100101To20100930" decimals="-3" unitRef="TWD">15164000</tw-gaap-ci:OtherInvestingActivities>
	<tw-gaap-ci:OtherInvestingActivities contextRef="From20090101To20090930" decimals="-3" unitRef="TWD">-2361000</tw-gaap-ci:OtherInvestingActivities>
	<tw-gaap-ci:NetCashProvidedUsedInvestingActivities contextRef="From20100101To20100930" decimals="-3" unitRef="TWD">-60242000</tw-gaap-ci:NetCashProvidedUsedInvestingActivities>
	<tw-gaap-ci:NetCashProvidedUsedInvestingActivities contextRef="From20090101To20090930" decimals="-3" unitRef="TWD">-6156000</tw-gaap-ci:NetCashProvidedUsedInvestingActivities>
	<tw-gaap-ci:ChangesShortTermLoans contextRef="From20100101To20100930" decimals="-3" unitRef="TWD">-72076000</tw-gaap-ci:ChangesShortTermLoans>
	<tw-gaap-ci:ChangesShortTermLoans contextRef="From20090101To20090930" decimals="-3" unitRef="TWD">-556980000</tw-gaap-ci:ChangesShortTermLoans>
	<tw-gaap-ci:RedemptionBonds contextRef="From20100101To20100930" decimals="-3" unitRef="TWD">0</tw-gaap-ci:RedemptionBonds>
	<tw-gaap-ci:RedemptionBonds contextRef="From20090101To20090930" decimals="-3" unitRef="TWD">0</tw-gaap-ci:RedemptionBonds>
	<tw-gaap-ci:ProceedsLongTermDebt contextRef="From20100101To20100930" decimals="-3" unitRef="TWD">300000000</tw-gaap-ci:ProceedsLongTermDebt>
	<tw-gaap-ci:ProceedsLongTermDebt contextRef="From20090101To20090930" decimals="-3" unitRef="TWD">300000000</tw-gaap-ci:ProceedsLongTermDebt>
	<tw-gaap-ci:RepaymentLongTermDebt contextRef="From20100101To20100930" decimals="-3" unitRef="TWD">-275000000</tw-gaap-ci:RepaymentLongTermDebt>
	<tw-gaap-ci:RepaymentLongTermDebt contextRef="From20090101To20090930" decimals="-3" unitRef="TWD">-200000000</tw-gaap-ci:RepaymentLongTermDebt>
	<tw-gaap-ci:ChangesGuaranteeDepositsReceived contextRef="From20100101To20100930" decimals="-3" unitRef="TWD">46000</tw-gaap-ci:ChangesGuaranteeDepositsReceived>
	<tw-gaap-ci:ChangesGuaranteeDepositsReceived contextRef="From20090101To20090930" decimals="-3" unitRef="TWD">25000</tw-gaap-ci:ChangesGuaranteeDepositsReceived>
	<tw-gaap-ci:ChangesPayables contextRef="From20100101To20100930" decimals="-3" unitRef="TWD">0</tw-gaap-ci:ChangesPayables>
	<tw-gaap-ci:ChangesPayables contextRef="From20090101To20090930" decimals="-3" unitRef="TWD">0</tw-gaap-ci:ChangesPayables>
	<tw-gaap-ci:CashDividends contextRef="From20100101To20100930" decimals="-3" unitRef="TWD">-87778000</tw-gaap-ci:CashDividends>
	<tw-gaap-ci:CashDividends contextRef="From20090101To20090930" decimals="-3" unitRef="TWD">0</tw-gaap-ci:CashDividends>
	<tw-gaap-ci:CashBonusDirectorsSupervisorsAndEmployees contextRef="From20100101To20100930" decimals="-3" unitRef="TWD">0</tw-gaap-ci:CashBonusDirectorsSupervisorsAndEmployees>
	<tw-gaap-ci:CashBonusDirectorsSupervisorsAndEmployees contextRef="From20090101To20090930" decimals="-3" unitRef="TWD">0</tw-gaap-ci:CashBonusDirectorsSupervisorsAndEmployees>
	<tw-gaap-ci:OtherFinancingActivities contextRef="From20100101To20100930" decimals="-3" unitRef="TWD">0</tw-gaap-ci:OtherFinancingActivities>
	<tw-gaap-ci:OtherFinancingActivities contextRef="From20090101To20090930" decimals="-3" unitRef="TWD">326000</tw-gaap-ci:OtherFinancingActivities>
	<tw-gaap-ci:NetCashProvidedUsedFinancingActivities contextRef="From20100101To20100930" decimals="-3" unitRef="TWD">-134808000</tw-gaap-ci:NetCashProvidedUsedFinancingActivities>
	<tw-gaap-ci:NetCashProvidedUsedFinancingActivities contextRef="From20090101To20090930" decimals="-3" unitRef="TWD">-456629000</tw-gaap-ci:NetCashProvidedUsedFinancingActivities>
	<tw-gaap-ci:NetChangesCashCashEquivalents contextRef="From20100101To20100930" decimals="-3" unitRef="TWD">-489054000</tw-gaap-ci:NetChangesCashCashEquivalents>
	<tw-gaap-ci:NetChangesCashCashEquivalents contextRef="From20090101To20090930" decimals="-3" unitRef="TWD">-20115000</tw-gaap-ci:NetChangesCashCashEquivalents>
	<tw-gaap-ci:CashCashEquivalents contextRef="AsOf20100101" decimals="-3" unitRef="TWD">1107444000</tw-gaap-ci:CashCashEquivalents>
	<tw-gaap-ci:CashCashEquivalents contextRef="AsOf20090101" decimals="-3" unitRef="TWD">459011000</tw-gaap-ci:CashCashEquivalents>
	<tw-gaap-ci:InterestPaid contextRef="From20100101To20100930" decimals="-3" unitRef="TWD">10020000</tw-gaap-ci:InterestPaid>
	<tw-gaap-ci:InterestPaid contextRef="From20090101To20090930" decimals="-3" unitRef="TWD">12633000</tw-gaap-ci:InterestPaid>
	<tw-gaap-ci:InterestPaidExcludingCapitalizedInterest contextRef="From20100101To20100930" decimals="-3" unitRef="TWD">10020000</tw-gaap-ci:InterestPaidExcludingCapitalizedInterest>
	<tw-gaap-ci:InterestPaidExcludingCapitalizedInterest contextRef="From20090101To20090930" decimals="-3" unitRef="TWD">12633000</tw-gaap-ci:InterestPaidExcludingCapitalizedInterest>
	<tw-gaap-ci:IncomeTaxPaid contextRef="From20100101To20100930" decimals="-3" unitRef="TWD">99407000</tw-gaap-ci:IncomeTaxPaid>
	<tw-gaap-ci:IncomeTaxPaid contextRef="From20090101To20090930" decimals="-3" unitRef="TWD">4685000</tw-gaap-ci:IncomeTaxPaid>
	<tw-gaap-ci:CurrentPortionLong-termLiability contextRef="From20100101To20100930" decimals="-3" unitRef="TWD">125000000</tw-gaap-ci:CurrentPortionLong-termLiability>
	<tw-gaap-ci:CurrentPortionLong-termLiability contextRef="From20090101To20090930" decimals="-3" unitRef="TWD">75000000</tw-gaap-ci:CurrentPortionLong-termLiability>
	<tw-gaap-ci:ProfitCapitalIncrement contextRef="From20100101To20100930" decimals="-3" unitRef="TWD">96008000</tw-gaap-ci:ProfitCapitalIncrement>
	<tw-gaap-ci:ProfitCapitalIncrement contextRef="From20090101To20090930" decimals="-3" unitRef="TWD">0</tw-gaap-ci:ProfitCapitalIncrement>
	<tw-gaap-ci:CumulativeTranslationAdjustments_CFS contextRef="From20100101To20100930" decimals="-3" unitRef="TWD">253000</tw-gaap-ci:CumulativeTranslationAdjustments_CFS>
	<tw-gaap-ci:CumulativeTranslationAdjustments_CFS contextRef="From20090101To20090930" decimals="-3" unitRef="TWD">-828000</tw-gaap-ci:CumulativeTranslationAdjustments_CFS>
	<tw-gaap-ci:EmployeesBonusPayableCompensationDueDirectorsSupervisor-CashFlowStatement contextRef="From20100101To20100930" decimals="-3" unitRef="TWD">0</tw-gaap-ci:EmployeesBonusPayableCompensationDueDirectorsSupervisor-CashFlowStatement>
	<tw-gaap-ci:EmployeesBonusPayableCompensationDueDirectorsSupervisor-CashFlowStatement contextRef="From20090101To20090930" decimals="-3" unitRef="TWD">0</tw-gaap-ci:EmployeesBonusPayableCompensationDueDirectorsSupervisor-CashFlowStatement>
	<tw-gaap-ci:Other contextRef="From20100101To20100930" decimals="-3" unitRef="TWD">0</tw-gaap-ci:Other>
	<tw-gaap-ci:Other contextRef="From20090101To20090930" decimals="-3" unitRef="TWD">0</tw-gaap-ci:Other>
	<tw-gaap-ci:IncreasePropertyPlantEquipment contextRef="From20100101To20100930" decimals="-3" unitRef="TWD">66591000</tw-gaap-ci:IncreasePropertyPlantEquipment>
	<tw-gaap-ci:IncreasePropertyPlantEquipment contextRef="From20090101To20090930" decimals="-3" unitRef="TWD">29251000</tw-gaap-ci:IncreasePropertyPlantEquipment>
	<tw-gaap-ci:ChangesPayableEquipmentPurchased contextRef="From20100101To20100930" decimals="-3" unitRef="TWD">9015000</tw-gaap-ci:ChangesPayableEquipmentPurchased>
	<tw-gaap-ci:ChangesPayableEquipmentPurchased contextRef="From20090101To20090930" decimals="-3" unitRef="TWD">-1133000</tw-gaap-ci:ChangesPayableEquipmentPurchased>
	<tw-gaap-ci:CashPaidAcquisitionPropertyPlantEquipment contextRef="From20100101To20100930" decimals="-3" unitRef="TWD">75606000</tw-gaap-ci:CashPaidAcquisitionPropertyPlantEquipment>
	<tw-gaap-ci:CashPaidAcquisitionPropertyPlantEquipment contextRef="From20090101To20090930" decimals="-3" unitRef="TWD">28118000</tw-gaap-ci:CashPaidAcquisitionPropertyPlantEquipment>
	<tw-gaap-ar:AccountantName contextRef="AsOf20101019">群智聯合會計師事務所</tw-gaap-ar:AccountantName>
	<tw-gaap-ar:AssuranceAccountantName1 contextRef="AsOf20101019">黃奕睿</tw-gaap-ar:AssuranceAccountantName1>
	<tw-gaap-ar:AssuranceAccountantName2 contextRef="AsOf20101019">陳郁惠</tw-gaap-ar:AssuranceAccountantName2>
	<tw-gaap-ar:ReviewAuditDate contextRef="AsOf20101019">2010-10-19</tw-gaap-ar:ReviewAuditDate>
	<tw-gaap-ar:ReviewReport contextRef="AsOf20101019">Y</tw-gaap-ar:ReviewReport>
	<tw-gaap-ar:QualifiedOpinionAbstract contextRef="AsOf20101019">Y</tw-gaap-ar:QualifiedOpinionAbstract>
	<tw-gaap-ar:ByInvestmentCompaniesWithoutAccountantAuditReportRecognizedGainLoss contextRef="AsOf20101019">Y</tw-gaap-ar:ByInvestmentCompaniesWithoutAccountantAuditReportRecognizedGainLoss>
	<tw-gaap-ar:DescriptionEmphasizeItemBody contextRef="AsOf20101019"><![CDATA[]]></tw-gaap-ar:DescriptionEmphasizeItemBody>
	<tw-gaap-ar:DescriptionOtherItemBody contextRef="AsOf20101019"><![CDATA[]]></tw-gaap-ar:DescriptionOtherItemBody>
	<tw-gaap-ar:AccountantsReportBody contextRef="AsOf20101019"><![CDATA[                          會計師查核報告

福壽實業股份有限公司 公鑒：
    福壽實業股份有限公司(以下簡稱福壽公司)民國九十九年九月三十日及民國九十八
年九月三十日之資產負債表，暨民國九十九年一月一日至九月三十日及民國九十八年一
月一日至九月三十日之損益表及現金流量表，業經本會計師核閱竣事。上開財務報表之
編製係管理階層之責任，本會計師之責任則為根據核閱結果出具報告。
    除下段所述者外，本會計師係依照審計準則公報第三十六號「財務報表之核閱」規
劃並執行核閱工作。由於本會計師僅實施分析、比較與查詢，並未依照一般公認審計準
則查核，故無法對上開財務報表整體表示查核意見。
    如財務報表附註四(七)所述，福壽公司民國九十九年九月三十日及民國九十八年九
月三十日採權益法評價之長期股權投資餘額分別為新台幣(以下同)690,142仟元及
697,164仟元；暨其民國九十九年前三季及民國九十八年前三季相關之投資收益淨額分別
為5,877仟元及16,774仟元；暨財務報表附註十一附註揭露事項所述轉投資事業之相關資
訊，係以該等被投資公司同期間未經會計師核閱之財務報表為依據。
    依本會計師核閱結果，除上段所述該等被投資公司財務報表倘經會計師核閱，對財
務報表可能有所調整之影響外，並未發現第一段所述財務報表在所有重大方面有違反
「證券發行人財務報告編製準則」、商業會計法及商業會計處理準則中與財務會計準則
相關之規定暨一般公認會計原則而須作修正之情事。
    如財務報表附註三所述，福壽公司自民國九十八年一月一日起，依據新修訂之財務
會計準則公報第十號「存貨之會計處理準則」規定，對期末存貨採成本與淨變現價值孰
低法評價，在比較成本與淨變現價值孰低時，採逐項比較法。
    福壽公司已編製民國九十九年前三季之合併財務報表，業經本會計師出具保留意見
之核閱報告在案，備供參考。

    


                        群智聯合會計師事務所
                                                (95)金管證(六)字第134197 號
                        主管機關核准文號
                                                (94)金管證(六)字第112583 號
                        會 計 師：黃 奕 睿
                        會 計 師：陳 郁 惠

           中  華  民  國  九  十  九  年  十  月    十  九  日




]]></tw-gaap-ar:AccountantsReportBody>
	<tw-gaap-notes:FinancialReportnotes contextRef="AsOf20100930"><![CDATA[http://doc.twse.com.tw/server-java/t57sb01?step=1&colorchg=1&co_id=1219&year=99&seamon=3&mtype=A&]]></tw-gaap-notes:FinancialReportnotes>
</xbrl>

<!--This instance document is created by SIIAP V1.3.1-->
