<?xml version="1.0" encoding="UTF-8"?>
<xbrl xmlns="http://www.xbrl.org/2003/instance" xmlns:iso4217="http://www.xbrl.org/2003/iso4217" xmlns:link="http://www.xbrl.org/2003/linkbase" xmlns:tw-gaap-ar="http://www.xbrl.org/tw/fr/gaap/ar/2010-09-30" xmlns:tw-gaap-ci="http://www.xbrl.org/tw/fr/gaap/tw-gaap-ci-2010-09-30" xmlns:tw-gaap-notes="http://www.xbrl.org/tw/fr/gaap/notes/2010-09-30" xmlns:xbrldi="http://xbrl.org/2006/xbrldi" xmlns:xbrldt="http://xbrl.org/2005/xbrldt" xmlns:xbrli="http://www.xbrl.org/2003/instance" xmlns:xlink="http://www.w3.org/1999/xlink">
	<link:schemaRef xlink:arcrole="http://www.w3.org/1999/xlink/properties/linkbase" xlink:href="tw-gaap-ci-2010-09-30.xsd" xlink:type="simple"/>	<context id="AsOf20101022">
		<entity>
			<identifier scheme="http://www.twse.com.tw">1218</identifier>
		</entity>
		<period>
			<instant>2010-10-22</instant>
		</period>
	</context>
	<context id="AsOf20090101">
		<entity>
			<identifier scheme="http://www.twse.com.tw">1218</identifier>
		</entity>
		<period>
			<instant>2009-01-01</instant>
		</period>
	</context>
	<context id="AsOf20100101">
		<entity>
			<identifier scheme="http://www.twse.com.tw">1218</identifier>
		</entity>
		<period>
			<instant>2010-01-01</instant>
		</period>
	</context>
	<context id="From20090101To20090930">
		<entity>
			<identifier scheme="http://www.twse.com.tw">1218</identifier>
		</entity>
		<period>
			<startDate>2009-01-01</startDate>
			<endDate>2009-09-30</endDate>
		</period>
	</context>
	<context id="AsOf20090930">
		<entity>
			<identifier scheme="http://www.twse.com.tw">1218</identifier>
		</entity>
		<period>
			<instant>2009-09-30</instant>
		</period>
	</context>
	<context id="From20100101To20100930">
		<entity>
			<identifier scheme="http://www.twse.com.tw">1218</identifier>
		</entity>
		<period>
			<startDate>2010-01-01</startDate>
			<endDate>2010-09-30</endDate>
		</period>
	</context>
	<context id="AsOf20100930">
		<entity>
			<identifier scheme="http://www.twse.com.tw">1218</identifier>
		</entity>
		<period>
			<instant>2010-09-30</instant>
		</period>
	</context>
	<unit id="TWD">
		<measure>iso4217:TWD</measure>
	</unit>
	<unit id="Shares">
		<measure>xbrli:shares</measure>
	</unit>
	<unit id="EarningsPerShare">
		<divide>
			<unitNumerator>
				<measure>iso4217:TWD</measure>
			</unitNumerator>
			<unitDenominator>
				<measure>xbrli:shares</measure>
			</unitDenominator>
		</divide>
	</unit>
	<tw-gaap-ci:CashHand contextRef="AsOf20100930" decimals="-3" unitRef="TWD">255000</tw-gaap-ci:CashHand>
	<tw-gaap-ci:CashHand contextRef="AsOf20090930" decimals="-3" unitRef="TWD">162000</tw-gaap-ci:CashHand>
	<tw-gaap-ci:CashBanks contextRef="AsOf20100930" decimals="-3" unitRef="TWD">326493000</tw-gaap-ci:CashBanks>
	<tw-gaap-ci:CashBanks contextRef="AsOf20090930" decimals="-3" unitRef="TWD">308887000</tw-gaap-ci:CashBanks>
	<tw-gaap-ci:CashCashEquivalents contextRef="AsOf20100930" decimals="-3" unitRef="TWD">326748000</tw-gaap-ci:CashCashEquivalents>
	<tw-gaap-ci:CashCashEquivalents contextRef="AsOf20090930" decimals="-3" unitRef="TWD">309049000</tw-gaap-ci:CashCashEquivalents>
	<tw-gaap-ci:FinancialAssetsMeasuredFairValueProfitLossCurrent contextRef="AsOf20100930" decimals="-3" unitRef="TWD">2555000</tw-gaap-ci:FinancialAssetsMeasuredFairValueProfitLossCurrent>
	<tw-gaap-ci:FinancialAssetsMeasuredFairValueProfitLossCurrent contextRef="AsOf20090930" decimals="-3" unitRef="TWD">4621000</tw-gaap-ci:FinancialAssetsMeasuredFairValueProfitLossCurrent>
	<tw-gaap-ci:AvailableSaleFinancialAssetsCurrent contextRef="AsOf20100930" decimals="-3" unitRef="TWD">332636000</tw-gaap-ci:AvailableSaleFinancialAssetsCurrent>
	<tw-gaap-ci:AvailableSaleFinancialAssetsCurrent contextRef="AsOf20090930" decimals="-3" unitRef="TWD">43244000</tw-gaap-ci:AvailableSaleFinancialAssetsCurrent>
	<tw-gaap-ci:NotesReceivable contextRef="AsOf20100930" decimals="-3" unitRef="TWD">221178000</tw-gaap-ci:NotesReceivable>
	<tw-gaap-ci:NotesReceivable contextRef="AsOf20090930" decimals="-3" unitRef="TWD">225003000</tw-gaap-ci:NotesReceivable>
	<tw-gaap-ci:NetNotesReceivable contextRef="AsOf20100930" decimals="-3" unitRef="TWD">221178000</tw-gaap-ci:NetNotesReceivable>
	<tw-gaap-ci:NetNotesReceivable contextRef="AsOf20090930" decimals="-3" unitRef="TWD">225003000</tw-gaap-ci:NetNotesReceivable>
	<tw-gaap-ci:NotesReceivableRelatedParties contextRef="AsOf20100930" decimals="-3" unitRef="TWD">546593000</tw-gaap-ci:NotesReceivableRelatedParties>
	<tw-gaap-ci:NotesReceivableRelatedParties contextRef="AsOf20090930" decimals="-3" unitRef="TWD">560862000</tw-gaap-ci:NotesReceivableRelatedParties>
	<tw-gaap-ci:NetNotesReceivableRelatedParties contextRef="AsOf20100930" decimals="-3" unitRef="TWD">546593000</tw-gaap-ci:NetNotesReceivableRelatedParties>
	<tw-gaap-ci:NetNotesReceivableRelatedParties contextRef="AsOf20090930" decimals="-3" unitRef="TWD">560862000</tw-gaap-ci:NetNotesReceivableRelatedParties>
	<tw-gaap-ci:AccountsReceivable contextRef="AsOf20100930" decimals="-3" unitRef="TWD">502270000</tw-gaap-ci:AccountsReceivable>
	<tw-gaap-ci:AccountsReceivable contextRef="AsOf20090930" decimals="-3" unitRef="TWD">470395000</tw-gaap-ci:AccountsReceivable>
	<tw-gaap-ci:AllowanceDoubtfulAccountsAccountsReceivableInstallmentAccountsLeases contextRef="AsOf20100930" decimals="-3" unitRef="TWD">84974000</tw-gaap-ci:AllowanceDoubtfulAccountsAccountsReceivableInstallmentAccountsLeases>
	<tw-gaap-ci:AllowanceDoubtfulAccountsAccountsReceivableInstallmentAccountsLeases contextRef="AsOf20090930" decimals="-3" unitRef="TWD">86100000</tw-gaap-ci:AllowanceDoubtfulAccountsAccountsReceivableInstallmentAccountsLeases>
	<tw-gaap-ci:NetAccountsReceivable contextRef="AsOf20100930" decimals="-3" unitRef="TWD">417296000</tw-gaap-ci:NetAccountsReceivable>
	<tw-gaap-ci:NetAccountsReceivable contextRef="AsOf20090930" decimals="-3" unitRef="TWD">384295000</tw-gaap-ci:NetAccountsReceivable>
	<tw-gaap-ci:AccountsReceivableRelatedParties contextRef="AsOf20100930" decimals="-3" unitRef="TWD">284763000</tw-gaap-ci:AccountsReceivableRelatedParties>
	<tw-gaap-ci:AccountsReceivableRelatedParties contextRef="AsOf20090930" decimals="-3" unitRef="TWD">293671000</tw-gaap-ci:AccountsReceivableRelatedParties>
	<tw-gaap-ci:NetAccountsReceivableRelatedParties contextRef="AsOf20100930" decimals="-3" unitRef="TWD">284763000</tw-gaap-ci:NetAccountsReceivableRelatedParties>
	<tw-gaap-ci:NetAccountsReceivableRelatedParties contextRef="AsOf20090930" decimals="-3" unitRef="TWD">293671000</tw-gaap-ci:NetAccountsReceivableRelatedParties>
	<tw-gaap-ci:OtherFinancialAssetsCurrent contextRef="AsOf20100930" decimals="-3" unitRef="TWD">4975000</tw-gaap-ci:OtherFinancialAssetsCurrent>
	<tw-gaap-ci:OtherFinancialAssetsCurrent contextRef="AsOf20090930" decimals="-3" unitRef="TWD">5531000</tw-gaap-ci:OtherFinancialAssetsCurrent>
	<tw-gaap-ci:FinishedGoods contextRef="AsOf20100930" decimals="-3" unitRef="TWD">223438000</tw-gaap-ci:FinishedGoods>
	<tw-gaap-ci:FinishedGoods contextRef="AsOf20090930" decimals="-3" unitRef="TWD">315769000</tw-gaap-ci:FinishedGoods>
	<tw-gaap-ci:RawMaterials contextRef="AsOf20100930" decimals="-3" unitRef="TWD">371512000</tw-gaap-ci:RawMaterials>
	<tw-gaap-ci:RawMaterials contextRef="AsOf20090930" decimals="-3" unitRef="TWD">285057000</tw-gaap-ci:RawMaterials>
	<tw-gaap-ci:Supplies_Manufacturing contextRef="AsOf20100930" decimals="-3" unitRef="TWD">27033000</tw-gaap-ci:Supplies_Manufacturing>
	<tw-gaap-ci:Supplies_Manufacturing contextRef="AsOf20090930" decimals="-3" unitRef="TWD">22082000</tw-gaap-ci:Supplies_Manufacturing>
	<tw-gaap-ci:AllowanceInventoryValuationObsolescenceLosses_Manufacturing contextRef="AsOf20100930" decimals="-3" unitRef="TWD">12400000</tw-gaap-ci:AllowanceInventoryValuationObsolescenceLosses_Manufacturing>
	<tw-gaap-ci:AllowanceInventoryValuationObsolescenceLosses_Manufacturing contextRef="AsOf20090930" decimals="-3" unitRef="TWD">13600000</tw-gaap-ci:AllowanceInventoryValuationObsolescenceLosses_Manufacturing>
	<tw-gaap-ci:InventoriesManufacturing contextRef="AsOf20100930" decimals="-3" unitRef="TWD">609583000</tw-gaap-ci:InventoriesManufacturing>
	<tw-gaap-ci:InventoriesManufacturing contextRef="AsOf20090930" decimals="-3" unitRef="TWD">609308000</tw-gaap-ci:InventoriesManufacturing>
	<tw-gaap-ci:InventoriesConstructionBusiness contextRef="AsOf20100930" decimals="-3" unitRef="TWD">47394000</tw-gaap-ci:InventoriesConstructionBusiness>
	<tw-gaap-ci:InventoriesConstructionBusiness contextRef="AsOf20090930" decimals="-3" unitRef="TWD">33715000</tw-gaap-ci:InventoriesConstructionBusiness>
	<tw-gaap-ci:Inventories contextRef="AsOf20100930" decimals="-3" unitRef="TWD">656977000</tw-gaap-ci:Inventories>
	<tw-gaap-ci:Inventories contextRef="AsOf20090930" decimals="-3" unitRef="TWD">643023000</tw-gaap-ci:Inventories>
	<tw-gaap-ci:PrepaymentPurchases contextRef="AsOf20100930" decimals="-3" unitRef="TWD">515038000</tw-gaap-ci:PrepaymentPurchases>
	<tw-gaap-ci:PrepaymentPurchases contextRef="AsOf20090930" decimals="-3" unitRef="TWD">298771000</tw-gaap-ci:PrepaymentPurchases>
	<tw-gaap-ci:OtherPrepayments contextRef="AsOf20100930" decimals="-3" unitRef="TWD">515038000</tw-gaap-ci:OtherPrepayments>
	<tw-gaap-ci:OtherPrepayments contextRef="AsOf20090930" decimals="-3" unitRef="TWD">298771000</tw-gaap-ci:OtherPrepayments>
	<tw-gaap-ci:OtherCurrentAssets contextRef="AsOf20100930" decimals="-3" unitRef="TWD">42353000</tw-gaap-ci:OtherCurrentAssets>
	<tw-gaap-ci:OtherCurrentAssets contextRef="AsOf20090930" decimals="-3" unitRef="TWD">16406000</tw-gaap-ci:OtherCurrentAssets>
	<tw-gaap-ci:CurrentAssets contextRef="AsOf20100930" decimals="-3" unitRef="TWD">3351112000</tw-gaap-ci:CurrentAssets>
	<tw-gaap-ci:CurrentAssets contextRef="AsOf20090930" decimals="-3" unitRef="TWD">2784476000</tw-gaap-ci:CurrentAssets>
	<tw-gaap-ci:AvailableSaleFinancialAssets-NonCurrent contextRef="AsOf20100930" decimals="-3" unitRef="TWD">39582000</tw-gaap-ci:AvailableSaleFinancialAssets-NonCurrent>
	<tw-gaap-ci:AvailableSaleFinancialAssets-NonCurrent contextRef="AsOf20090930" decimals="-3" unitRef="TWD">210683000</tw-gaap-ci:AvailableSaleFinancialAssets-NonCurrent>
	<tw-gaap-ci:AvailablesaleFinancialAssetsNonCurrent contextRef="AsOf20100930" decimals="-3" unitRef="TWD">39582000</tw-gaap-ci:AvailablesaleFinancialAssetsNonCurrent>
	<tw-gaap-ci:AvailablesaleFinancialAssetsNonCurrent contextRef="AsOf20090930" decimals="-3" unitRef="TWD">210683000</tw-gaap-ci:AvailablesaleFinancialAssetsNonCurrent>
	<tw-gaap-ci:FinancialAssetsCarriedCostNoncurrent contextRef="AsOf20100930" decimals="-3" unitRef="TWD">45986000</tw-gaap-ci:FinancialAssetsCarriedCostNoncurrent>
	<tw-gaap-ci:FinancialAssetsCarriedCostNoncurrent contextRef="AsOf20090930" decimals="-3" unitRef="TWD">50558000</tw-gaap-ci:FinancialAssetsCarriedCostNoncurrent>
	<tw-gaap-ci:NetFinancialAssetsCarriedCostNonCurrent contextRef="AsOf20100930" decimals="-3" unitRef="TWD">45986000</tw-gaap-ci:NetFinancialAssetsCarriedCostNonCurrent>
	<tw-gaap-ci:NetFinancialAssetsCarriedCostNonCurrent contextRef="AsOf20090930" decimals="-3" unitRef="TWD">50558000</tw-gaap-ci:NetFinancialAssetsCarriedCostNonCurrent>
	<tw-gaap-ci:LongtermInvestmentsEquity contextRef="AsOf20100930" decimals="-3" unitRef="TWD">2594784000</tw-gaap-ci:LongtermInvestmentsEquity>
	<tw-gaap-ci:LongtermInvestmentsEquity contextRef="AsOf20090930" decimals="-3" unitRef="TWD">2541654000</tw-gaap-ci:LongtermInvestmentsEquity>
	<tw-gaap-ci:LongtermInvestments contextRef="AsOf20100930" decimals="-3" unitRef="TWD">2594784000</tw-gaap-ci:LongtermInvestments>
	<tw-gaap-ci:LongtermInvestments contextRef="AsOf20090930" decimals="-3" unitRef="TWD">2541654000</tw-gaap-ci:LongtermInvestments>
	<tw-gaap-ci:OtherFinancialAssetsNonCurrent contextRef="AsOf20100930" decimals="-3" unitRef="TWD">8427000</tw-gaap-ci:OtherFinancialAssetsNonCurrent>
	<tw-gaap-ci:OtherFinancialAssetsNonCurrent contextRef="AsOf20090930" decimals="-3" unitRef="TWD">5344000</tw-gaap-ci:OtherFinancialAssetsNonCurrent>
	<tw-gaap-ci:AccumulatedImpairmentInvestments contextRef="AsOf20100930" decimals="-3" unitRef="TWD">95491000</tw-gaap-ci:AccumulatedImpairmentInvestments>
	<tw-gaap-ci:AccumulatedImpairmentInvestments contextRef="AsOf20090930" decimals="-3" unitRef="TWD">95491000</tw-gaap-ci:AccumulatedImpairmentInvestments>
	<tw-gaap-ci:FundsInvestments contextRef="AsOf20100930" decimals="-3" unitRef="TWD">2593288000</tw-gaap-ci:FundsInvestments>
	<tw-gaap-ci:FundsInvestments contextRef="AsOf20090930" decimals="-3" unitRef="TWD">2712748000</tw-gaap-ci:FundsInvestments>
	<tw-gaap-ci:Land contextRef="AsOf20100930" decimals="-3" unitRef="TWD">666526000</tw-gaap-ci:Land>
	<tw-gaap-ci:Land contextRef="AsOf20090930" decimals="-3" unitRef="TWD">666526000</tw-gaap-ci:Land>
	<tw-gaap-ci:BuildingsStructures contextRef="AsOf20100930" decimals="-3" unitRef="TWD">586650000</tw-gaap-ci:BuildingsStructures>
	<tw-gaap-ci:BuildingsStructures contextRef="AsOf20090930" decimals="-3" unitRef="TWD">578724000</tw-gaap-ci:BuildingsStructures>
	<tw-gaap-ci:MachineryEquipment contextRef="AsOf20100930" decimals="-3" unitRef="TWD">974149000</tw-gaap-ci:MachineryEquipment>
	<tw-gaap-ci:MachineryEquipment contextRef="AsOf20090930" decimals="-3" unitRef="TWD">974135000</tw-gaap-ci:MachineryEquipment>
	<tw-gaap-ci:TransportationEquipment contextRef="AsOf20100930" decimals="-3" unitRef="TWD">27866000</tw-gaap-ci:TransportationEquipment>
	<tw-gaap-ci:TransportationEquipment contextRef="AsOf20090930" decimals="-3" unitRef="TWD">26880000</tw-gaap-ci:TransportationEquipment>
	<tw-gaap-ci:MaintenanceEquipmentTools contextRef="AsOf20100930" decimals="-3" unitRef="TWD">29303000</tw-gaap-ci:MaintenanceEquipmentTools>
	<tw-gaap-ci:MaintenanceEquipmentTools contextRef="AsOf20090930" decimals="-3" unitRef="TWD">28764000</tw-gaap-ci:MaintenanceEquipmentTools>
	<tw-gaap-ci:RentalAssetsLand contextRef="AsOf20100930" decimals="-3" unitRef="TWD">333104000</tw-gaap-ci:RentalAssetsLand>
	<tw-gaap-ci:RentalAssetsLand contextRef="AsOf20090930" decimals="-3" unitRef="TWD">356390000</tw-gaap-ci:RentalAssetsLand>
	<tw-gaap-ci:OtherFacilities contextRef="AsOf20100930" decimals="-3" unitRef="TWD">78027000</tw-gaap-ci:OtherFacilities>
	<tw-gaap-ci:OtherFacilities contextRef="AsOf20090930" decimals="-3" unitRef="TWD">74980000</tw-gaap-ci:OtherFacilities>
	<tw-gaap-ci:FixedAssetsOriginalCosts contextRef="AsOf20100930" decimals="-3" unitRef="TWD">2695625000</tw-gaap-ci:FixedAssetsOriginalCosts>
	<tw-gaap-ci:FixedAssetsOriginalCosts contextRef="AsOf20090930" decimals="-3" unitRef="TWD">2706399000</tw-gaap-ci:FixedAssetsOriginalCosts>
	<tw-gaap-ci:LandRevaluationIncrement contextRef="AsOf20100930" decimals="-3" unitRef="TWD">684263000</tw-gaap-ci:LandRevaluationIncrement>
	<tw-gaap-ci:LandRevaluationIncrement contextRef="AsOf20090930" decimals="-3" unitRef="TWD">684263000</tw-gaap-ci:LandRevaluationIncrement>
	<tw-gaap-ci:LandImprovementsRevaluationIncrement contextRef="AsOf20100930" decimals="-3" unitRef="TWD">13693000</tw-gaap-ci:LandImprovementsRevaluationIncrement>
	<tw-gaap-ci:LandImprovementsRevaluationIncrement contextRef="AsOf20090930" decimals="-3" unitRef="TWD">13693000</tw-gaap-ci:LandImprovementsRevaluationIncrement>
	<tw-gaap-ci:TransportationEquipmentRevaluationIncrement contextRef="AsOf20100930" decimals="-3" unitRef="TWD">164000</tw-gaap-ci:TransportationEquipmentRevaluationIncrement>
	<tw-gaap-ci:TransportationEquipmentRevaluationIncrement contextRef="AsOf20090930" decimals="-3" unitRef="TWD">164000</tw-gaap-ci:TransportationEquipmentRevaluationIncrement>
	<tw-gaap-ci:RentalAssetsRevaluationIncrement contextRef="AsOf20100930" decimals="-3" unitRef="TWD">63530000</tw-gaap-ci:RentalAssetsRevaluationIncrement>
	<tw-gaap-ci:RentalAssetsRevaluationIncrement contextRef="AsOf20090930" decimals="-3" unitRef="TWD">63530000</tw-gaap-ci:RentalAssetsRevaluationIncrement>
	<tw-gaap-ci:RevaluationIncrement contextRef="AsOf20100930" decimals="-3" unitRef="TWD">761650000</tw-gaap-ci:RevaluationIncrement>
	<tw-gaap-ci:RevaluationIncrement contextRef="AsOf20090930" decimals="-3" unitRef="TWD">761650000</tw-gaap-ci:RevaluationIncrement>
	<tw-gaap-ci:CostsRevaluationIncrement contextRef="AsOf20100930" decimals="-3" unitRef="TWD">3457275000</tw-gaap-ci:CostsRevaluationIncrement>
	<tw-gaap-ci:CostsRevaluationIncrement contextRef="AsOf20090930" decimals="-3" unitRef="TWD">3468049000</tw-gaap-ci:CostsRevaluationIncrement>
	<tw-gaap-ci:AccumulateddepreciationBuildingsStructures contextRef="AsOf20100930" decimals="-3" unitRef="TWD">323167000</tw-gaap-ci:AccumulateddepreciationBuildingsStructures>
	<tw-gaap-ci:AccumulateddepreciationBuildingsStructures contextRef="AsOf20090930" decimals="-3" unitRef="TWD">306878000</tw-gaap-ci:AccumulateddepreciationBuildingsStructures>
	<tw-gaap-ci:AccumulatedDepreciationMachineryEquipment contextRef="AsOf20100930" decimals="-3" unitRef="TWD">778621000</tw-gaap-ci:AccumulatedDepreciationMachineryEquipment>
	<tw-gaap-ci:AccumulatedDepreciationMachineryEquipment contextRef="AsOf20090930" decimals="-3" unitRef="TWD">795653000</tw-gaap-ci:AccumulatedDepreciationMachineryEquipment>
	<tw-gaap-ci:AccumulatedDepreciationTransportationEquipment contextRef="AsOf20100930" decimals="-3" unitRef="TWD">23132000</tw-gaap-ci:AccumulatedDepreciationTransportationEquipment>
	<tw-gaap-ci:AccumulatedDepreciationTransportationEquipment contextRef="AsOf20090930" decimals="-3" unitRef="TWD">23548000</tw-gaap-ci:AccumulatedDepreciationTransportationEquipment>
	<tw-gaap-ci:AccumulatedDepreciationBusinessFacilities contextRef="AsOf20100930" decimals="-3" unitRef="TWD">20284000</tw-gaap-ci:AccumulatedDepreciationBusinessFacilities>
	<tw-gaap-ci:AccumulatedDepreciationBusinessFacilities contextRef="AsOf20090930" decimals="-3" unitRef="TWD">19194000</tw-gaap-ci:AccumulatedDepreciationBusinessFacilities>
	<tw-gaap-ci:AccumulatedDepreciationRentalAssets contextRef="AsOf20100930" decimals="-3" unitRef="TWD">112990000</tw-gaap-ci:AccumulatedDepreciationRentalAssets>
	<tw-gaap-ci:AccumulatedDepreciationRentalAssets contextRef="AsOf20090930" decimals="-3" unitRef="TWD">108984000</tw-gaap-ci:AccumulatedDepreciationRentalAssets>
	<tw-gaap-ci:AccumulatedDepreciationOtherFacilities contextRef="AsOf20100930" decimals="-3" unitRef="TWD">58198000</tw-gaap-ci:AccumulatedDepreciationOtherFacilities>
	<tw-gaap-ci:AccumulatedDepreciationOtherFacilities contextRef="AsOf20090930" decimals="-3" unitRef="TWD">51195000</tw-gaap-ci:AccumulatedDepreciationOtherFacilities>
	<tw-gaap-ci:AccumulatedDepreciation contextRef="AsOf20100930" decimals="-3" unitRef="TWD">1316392000</tw-gaap-ci:AccumulatedDepreciation>
	<tw-gaap-ci:AccumulatedDepreciation contextRef="AsOf20090930" decimals="-3" unitRef="TWD">1305452000</tw-gaap-ci:AccumulatedDepreciation>
	<tw-gaap-ci:UnfinishedConstruction contextRef="AsOf20100930" decimals="-3" unitRef="TWD">966000</tw-gaap-ci:UnfinishedConstruction>
	<tw-gaap-ci:UnfinishedConstruction contextRef="AsOf20090930" decimals="-3" unitRef="TWD">867000</tw-gaap-ci:UnfinishedConstruction>
	<tw-gaap-ci:PrepaymentsBusinessFacilities contextRef="AsOf20100930" decimals="-3" unitRef="TWD">38038000</tw-gaap-ci:PrepaymentsBusinessFacilities>
	<tw-gaap-ci:PrepaymentsBusinessFacilities contextRef="AsOf20090930" decimals="-3" unitRef="TWD">44921000</tw-gaap-ci:PrepaymentsBusinessFacilities>
	<tw-gaap-ci:ConstructionProcessPrepaymentEquipments contextRef="AsOf20100930" decimals="-3" unitRef="TWD">39004000</tw-gaap-ci:ConstructionProcessPrepaymentEquipments>
	<tw-gaap-ci:ConstructionProcessPrepaymentEquipments contextRef="AsOf20090930" decimals="-3" unitRef="TWD">45788000</tw-gaap-ci:ConstructionProcessPrepaymentEquipments>
	<tw-gaap-ci:FixedAssets contextRef="AsOf20100930" decimals="-3" unitRef="TWD">2179887000</tw-gaap-ci:FixedAssets>
	<tw-gaap-ci:FixedAssets contextRef="AsOf20090930" decimals="-3" unitRef="TWD">2208385000</tw-gaap-ci:FixedAssets>
	<tw-gaap-ci:RentalAssets contextRef="AsOf20100930" decimals="-3" unitRef="TWD">65126000</tw-gaap-ci:RentalAssets>
	<tw-gaap-ci:RentalAssets contextRef="AsOf20090930" decimals="-3" unitRef="TWD">65126000</tw-gaap-ci:RentalAssets>
	<tw-gaap-ci:AccumulatedDepreciationRentalProperties contextRef="AsOf20100930" decimals="-3" unitRef="TWD">60536000</tw-gaap-ci:AccumulatedDepreciationRentalProperties>
	<tw-gaap-ci:AccumulatedDepreciationRentalProperties contextRef="AsOf20090930" decimals="-3" unitRef="TWD">60536000</tw-gaap-ci:AccumulatedDepreciationRentalProperties>
	<tw-gaap-ci:NetRentalAssets contextRef="AsOf20100930" decimals="-3" unitRef="TWD">4590000</tw-gaap-ci:NetRentalAssets>
	<tw-gaap-ci:NetRentalAssets contextRef="AsOf20090930" decimals="-3" unitRef="TWD">4590000</tw-gaap-ci:NetRentalAssets>
	<tw-gaap-ci:IdledAssets contextRef="AsOf20100930" decimals="-3" unitRef="TWD">79682000</tw-gaap-ci:IdledAssets>
	<tw-gaap-ci:IdledAssets contextRef="AsOf20090930" decimals="-3" unitRef="TWD">87305000</tw-gaap-ci:IdledAssets>
	<tw-gaap-ci:AccumulatedDepreciationIdleAssets contextRef="AsOf20100930" decimals="-3" unitRef="TWD">73924000</tw-gaap-ci:AccumulatedDepreciationIdleAssets>
	<tw-gaap-ci:AccumulatedDepreciationIdleAssets contextRef="AsOf20090930" decimals="-3" unitRef="TWD">78910000</tw-gaap-ci:AccumulatedDepreciationIdleAssets>
	<tw-gaap-ci:NetIdledAssets contextRef="AsOf20100930" decimals="-3" unitRef="TWD">5758000</tw-gaap-ci:NetIdledAssets>
	<tw-gaap-ci:NetIdledAssets contextRef="AsOf20090930" decimals="-3" unitRef="TWD">8395000</tw-gaap-ci:NetIdledAssets>
	<tw-gaap-ci:DeferredIncomeTaxAssetsNonCurrent contextRef="AsOf20100930" decimals="-3" unitRef="TWD">57405000</tw-gaap-ci:DeferredIncomeTaxAssetsNonCurrent>
	<tw-gaap-ci:DeferredIncomeTaxAssetsNonCurrent contextRef="AsOf20090930" decimals="-3" unitRef="TWD">68768000</tw-gaap-ci:DeferredIncomeTaxAssetsNonCurrent>
	<tw-gaap-ci:AccumulatedImpairmentOtherAssets contextRef="AsOf20100930" decimals="-3" unitRef="TWD">4019000</tw-gaap-ci:AccumulatedImpairmentOtherAssets>
	<tw-gaap-ci:AccumulatedImpairmentOtherAssets contextRef="AsOf20090930" decimals="-3" unitRef="TWD">4019000</tw-gaap-ci:AccumulatedImpairmentOtherAssets>
	<tw-gaap-ci:OtherAssets contextRef="AsOf20100930" decimals="-3" unitRef="TWD">63734000</tw-gaap-ci:OtherAssets>
	<tw-gaap-ci:OtherAssets contextRef="AsOf20090930" decimals="-3" unitRef="TWD">77734000</tw-gaap-ci:OtherAssets>
	<tw-gaap-ci:Assets contextRef="AsOf20100930" decimals="-3" unitRef="TWD">8188021000</tw-gaap-ci:Assets>
	<tw-gaap-ci:Assets contextRef="AsOf20090930" decimals="-3" unitRef="TWD">7783343000</tw-gaap-ci:Assets>
	<tw-gaap-ci:ShortTermBorrowings contextRef="AsOf20100930" decimals="-3" unitRef="TWD">1189482000</tw-gaap-ci:ShortTermBorrowings>
	<tw-gaap-ci:ShortTermBorrowings contextRef="AsOf20090930" decimals="-3" unitRef="TWD">531299000</tw-gaap-ci:ShortTermBorrowings>
	<tw-gaap-ci:ShorttermNotesBillsPayable-ShorttermNotesBillsPayable contextRef="AsOf20100930" decimals="-3" unitRef="TWD">420000000</tw-gaap-ci:ShorttermNotesBillsPayable-ShorttermNotesBillsPayable>
	<tw-gaap-ci:ShorttermNotesBillsPayable-ShorttermNotesBillsPayable contextRef="AsOf20090930" decimals="-3" unitRef="TWD">130000000</tw-gaap-ci:ShorttermNotesBillsPayable-ShorttermNotesBillsPayable>
	<tw-gaap-ci:ShorttermNotesBillsPayable contextRef="AsOf20100930" decimals="-3" unitRef="TWD">420000000</tw-gaap-ci:ShorttermNotesBillsPayable>
	<tw-gaap-ci:ShorttermNotesBillsPayable contextRef="AsOf20090930" decimals="-3" unitRef="TWD">130000000</tw-gaap-ci:ShorttermNotesBillsPayable>
	<tw-gaap-ci:FinancialLiabilitiesMeasuredFairValueProfitLossCurrent contextRef="AsOf20100930" decimals="-3" unitRef="TWD">6046000</tw-gaap-ci:FinancialLiabilitiesMeasuredFairValueProfitLossCurrent>
	<tw-gaap-ci:FinancialLiabilitiesMeasuredFairValueProfitLossCurrent contextRef="AsOf20090930" decimals="-3" unitRef="TWD">8089000</tw-gaap-ci:FinancialLiabilitiesMeasuredFairValueProfitLossCurrent>
	<tw-gaap-ci:NotesPayable_NotesPayable contextRef="AsOf20100930" decimals="-3" unitRef="TWD">216049000</tw-gaap-ci:NotesPayable_NotesPayable>
	<tw-gaap-ci:NotesPayable_NotesPayable contextRef="AsOf20090930" decimals="-3" unitRef="TWD">182012000</tw-gaap-ci:NotesPayable_NotesPayable>
	<tw-gaap-ci:NotesPayable contextRef="AsOf20100930" decimals="-3" unitRef="TWD">216049000</tw-gaap-ci:NotesPayable>
	<tw-gaap-ci:NotesPayable contextRef="AsOf20090930" decimals="-3" unitRef="TWD">182012000</tw-gaap-ci:NotesPayable>
	<tw-gaap-ci:AccountsPayable_AccountsPayable contextRef="AsOf20100930" decimals="-3" unitRef="TWD">170314000</tw-gaap-ci:AccountsPayable_AccountsPayable>
	<tw-gaap-ci:AccountsPayable_AccountsPayable contextRef="AsOf20090930" decimals="-3" unitRef="TWD">137816000</tw-gaap-ci:AccountsPayable_AccountsPayable>
	<tw-gaap-ci:AccountsPayable contextRef="AsOf20100930" decimals="-3" unitRef="TWD">170314000</tw-gaap-ci:AccountsPayable>
	<tw-gaap-ci:AccountsPayable contextRef="AsOf20090930" decimals="-3" unitRef="TWD">137816000</tw-gaap-ci:AccountsPayable>
	<tw-gaap-ci:AccruedExpenses contextRef="AsOf20100930" decimals="-3" unitRef="TWD">65261000</tw-gaap-ci:AccruedExpenses>
	<tw-gaap-ci:AccruedExpenses contextRef="AsOf20090930" decimals="-3" unitRef="TWD">62052000</tw-gaap-ci:AccruedExpenses>
	<tw-gaap-ci:OtherFinancialLiabilitiesCurrent contextRef="AsOf20100930" decimals="-3" unitRef="TWD">97734000</tw-gaap-ci:OtherFinancialLiabilitiesCurrent>
	<tw-gaap-ci:OtherFinancialLiabilitiesCurrent contextRef="AsOf20090930" decimals="-3" unitRef="TWD">63739000</tw-gaap-ci:OtherFinancialLiabilitiesCurrent>
	<tw-gaap-ci:LongtermLiabilitiesCurrentPortion contextRef="AsOf20100930" decimals="-3" unitRef="TWD">325000000</tw-gaap-ci:LongtermLiabilitiesCurrentPortion>
	<tw-gaap-ci:LongtermLiabilitiesCurrentPortion contextRef="AsOf20090930" decimals="-3" unitRef="TWD">362500000</tw-gaap-ci:LongtermLiabilitiesCurrentPortion>
	<tw-gaap-ci:OtherCurrentLiabilities contextRef="AsOf20100930" decimals="-3" unitRef="TWD">6831000</tw-gaap-ci:OtherCurrentLiabilities>
	<tw-gaap-ci:OtherCurrentLiabilities contextRef="AsOf20090930" decimals="-3" unitRef="TWD">9993000</tw-gaap-ci:OtherCurrentLiabilities>
	<tw-gaap-ci:CurrentLiabilities contextRef="AsOf20100930" decimals="-3" unitRef="TWD">2496717000</tw-gaap-ci:CurrentLiabilities>
	<tw-gaap-ci:CurrentLiabilities contextRef="AsOf20090930" decimals="-3" unitRef="TWD">1487500000</tw-gaap-ci:CurrentLiabilities>
	<tw-gaap-ci:LongtermBankLoans contextRef="AsOf20100930" decimals="-3" unitRef="TWD">1465000000</tw-gaap-ci:LongtermBankLoans>
	<tw-gaap-ci:LongtermBankLoans contextRef="AsOf20090930" decimals="-3" unitRef="TWD">2177500000</tw-gaap-ci:LongtermBankLoans>
	<tw-gaap-ci:LongtermBorrowings contextRef="AsOf20100930" decimals="-3" unitRef="TWD">1465000000</tw-gaap-ci:LongtermBorrowings>
	<tw-gaap-ci:LongtermBorrowings contextRef="AsOf20090930" decimals="-3" unitRef="TWD">2177500000</tw-gaap-ci:LongtermBorrowings>
	<tw-gaap-ci:OtherFinancialLiabilitiesNonCurrent contextRef="AsOf20100930" decimals="-3" unitRef="TWD">11894000</tw-gaap-ci:OtherFinancialLiabilitiesNonCurrent>
	<tw-gaap-ci:OtherFinancialLiabilitiesNonCurrent contextRef="AsOf20090930" decimals="-3" unitRef="TWD">24783000</tw-gaap-ci:OtherFinancialLiabilitiesNonCurrent>
	<tw-gaap-ci:LongTermLiabilities contextRef="AsOf20100930" decimals="-3" unitRef="TWD">1476894000</tw-gaap-ci:LongTermLiabilities>
	<tw-gaap-ci:LongTermLiabilities contextRef="AsOf20090930" decimals="-3" unitRef="TWD">2202283000</tw-gaap-ci:LongTermLiabilities>
	<tw-gaap-ci:ReserveLandRevaluationIncrementTax contextRef="AsOf20100930" decimals="-3" unitRef="TWD">229042000</tw-gaap-ci:ReserveLandRevaluationIncrementTax>
	<tw-gaap-ci:ReserveLandRevaluationIncrementTax contextRef="AsOf20090930" decimals="-3" unitRef="TWD">229042000</tw-gaap-ci:ReserveLandRevaluationIncrementTax>
	<tw-gaap-ci:Reserves contextRef="AsOf20100930" decimals="-3" unitRef="TWD">229042000</tw-gaap-ci:Reserves>
	<tw-gaap-ci:Reserves contextRef="AsOf20090930" decimals="-3" unitRef="TWD">229042000</tw-gaap-ci:Reserves>
	<tw-gaap-ci:PensionReserve contextRef="AsOf20100930" decimals="-3" unitRef="TWD">190114000</tw-gaap-ci:PensionReserve>
	<tw-gaap-ci:PensionReserve contextRef="AsOf20090930" decimals="-3" unitRef="TWD">189499000</tw-gaap-ci:PensionReserve>
	<tw-gaap-ci:OtherLiabilitiesOther contextRef="AsOf20100930" decimals="-3" unitRef="TWD">11684000</tw-gaap-ci:OtherLiabilitiesOther>
	<tw-gaap-ci:OtherLiabilitiesOther contextRef="AsOf20090930" decimals="-3" unitRef="TWD">12216000</tw-gaap-ci:OtherLiabilitiesOther>
	<tw-gaap-ci:OtherLiabilities contextRef="AsOf20100930" decimals="-3" unitRef="TWD">201798000</tw-gaap-ci:OtherLiabilities>
	<tw-gaap-ci:OtherLiabilities contextRef="AsOf20090930" decimals="-3" unitRef="TWD">201715000</tw-gaap-ci:OtherLiabilities>
	<tw-gaap-ci:Liabilities contextRef="AsOf20100930" decimals="-3" unitRef="TWD">4404451000</tw-gaap-ci:Liabilities>
	<tw-gaap-ci:Liabilities contextRef="AsOf20090930" decimals="-3" unitRef="TWD">4120540000</tw-gaap-ci:Liabilities>
	<tw-gaap-ci:CommonStock contextRef="AsOf20100930" decimals="-3" unitRef="TWD">3330531000</tw-gaap-ci:CommonStock>
	<tw-gaap-ci:CommonStock contextRef="AsOf20090930" decimals="-3" unitRef="TWD">3202434000</tw-gaap-ci:CommonStock>
	<tw-gaap-ci:Capital contextRef="AsOf20100930" decimals="-3" unitRef="TWD">3330531000</tw-gaap-ci:Capital>
	<tw-gaap-ci:Capital contextRef="AsOf20090930" decimals="-3" unitRef="TWD">3202434000</tw-gaap-ci:Capital>
	<tw-gaap-ci:CapitalSurplusTreasuryStockTransactions contextRef="AsOf20100930" decimals="-3" unitRef="TWD">2284000</tw-gaap-ci:CapitalSurplusTreasuryStockTransactions>
	<tw-gaap-ci:CapitalSurplusTreasuryStockTransactions contextRef="AsOf20090930" decimals="-3" unitRef="TWD">0</tw-gaap-ci:CapitalSurplusTreasuryStockTransactions>
	<tw-gaap-ci:CapitalSurplusLongTermEquityInvestments contextRef="AsOf20100930" decimals="-3" unitRef="TWD">43537000</tw-gaap-ci:CapitalSurplusLongTermEquityInvestments>
	<tw-gaap-ci:CapitalSurplusLongTermEquityInvestments contextRef="AsOf20090930" decimals="-3" unitRef="TWD">43537000</tw-gaap-ci:CapitalSurplusLongTermEquityInvestments>
	<tw-gaap-ci:CapitalSurplus contextRef="AsOf20100930" decimals="-3" unitRef="TWD">45821000</tw-gaap-ci:CapitalSurplus>
	<tw-gaap-ci:CapitalSurplus contextRef="AsOf20090930" decimals="-3" unitRef="TWD">43537000</tw-gaap-ci:CapitalSurplus>
	<tw-gaap-ci:LegalReserve contextRef="AsOf20100930" decimals="-3" unitRef="TWD">22892000</tw-gaap-ci:LegalReserve>
	<tw-gaap-ci:LegalReserve contextRef="AsOf20090930" decimals="-3" unitRef="TWD">0</tw-gaap-ci:LegalReserve>
	<tw-gaap-ci:SpecialReserve contextRef="AsOf20100930" decimals="-3" unitRef="TWD">0</tw-gaap-ci:SpecialReserve>
	<tw-gaap-ci:SpecialReserve contextRef="AsOf20090930" decimals="-3" unitRef="TWD">17653000</tw-gaap-ci:SpecialReserve>
	<tw-gaap-ci:AccumulatedProfitLoss contextRef="AsOf20100930" decimals="-3" unitRef="TWD">13886000</tw-gaap-ci:AccumulatedProfitLoss>
	<tw-gaap-ci:AccumulatedProfitLoss contextRef="AsOf20090930" decimals="-3" unitRef="TWD">0</tw-gaap-ci:AccumulatedProfitLoss>
	<tw-gaap-ci:CurrentProfitLoss contextRef="AsOf20100930" decimals="-3" unitRef="TWD">188382000</tw-gaap-ci:CurrentProfitLoss>
	<tw-gaap-ci:CurrentProfitLoss contextRef="AsOf20090930" decimals="-3" unitRef="TWD">210295000</tw-gaap-ci:CurrentProfitLoss>
	<tw-gaap-ci:UnappropriatedRetainedEarnings contextRef="AsOf20100930" decimals="-3" unitRef="TWD">202268000</tw-gaap-ci:UnappropriatedRetainedEarnings>
	<tw-gaap-ci:UnappropriatedRetainedEarnings contextRef="AsOf20090930" decimals="-3" unitRef="TWD">210295000</tw-gaap-ci:UnappropriatedRetainedEarnings>
	<tw-gaap-ci:RetainedEarnings contextRef="AsOf20100930" decimals="-3" unitRef="TWD">225160000</tw-gaap-ci:RetainedEarnings>
	<tw-gaap-ci:RetainedEarnings contextRef="AsOf20090930" decimals="-3" unitRef="TWD">227948000</tw-gaap-ci:RetainedEarnings>
	<tw-gaap-ci:CumulativeTranslationAdjustments contextRef="AsOf20100930" decimals="-3" unitRef="TWD">64326000</tw-gaap-ci:CumulativeTranslationAdjustments>
	<tw-gaap-ci:CumulativeTranslationAdjustments contextRef="AsOf20090930" decimals="-3" unitRef="TWD">66634000</tw-gaap-ci:CumulativeTranslationAdjustments>
	<tw-gaap-ci:NetLossNotRecognizedPensionCost contextRef="AsOf20100930" decimals="-3" unitRef="TWD">10038000</tw-gaap-ci:NetLossNotRecognizedPensionCost>
	<tw-gaap-ci:NetLossNotRecognizedPensionCost contextRef="AsOf20090930" decimals="-3" unitRef="TWD">7168000</tw-gaap-ci:NetLossNotRecognizedPensionCost>
	<tw-gaap-ci:UnrealizedGainLossesAvailableSaleFinancialAssetsMember contextRef="From20100101To20100930" decimals="-3" unitRef="TWD">-25736000</tw-gaap-ci:UnrealizedGainLossesAvailableSaleFinancialAssetsMember>
	<tw-gaap-ci:UnrealizedGainLossesAvailableSaleFinancialAssetsMember contextRef="From20090101To20090930" decimals="-3" unitRef="TWD">-24088000</tw-gaap-ci:UnrealizedGainLossesAvailableSaleFinancialAssetsMember>
	<tw-gaap-ci:UnrealizedGainsLossesFinancialInstruments contextRef="AsOf20100930" decimals="-3" unitRef="TWD">-25736000</tw-gaap-ci:UnrealizedGainsLossesFinancialInstruments>
	<tw-gaap-ci:UnrealizedGainsLossesFinancialInstruments contextRef="AsOf20090930" decimals="-3" unitRef="TWD">-24088000</tw-gaap-ci:UnrealizedGainsLossesFinancialInstruments>
	<tw-gaap-ci:UnrealizedRevaluationIncrement contextRef="AsOf20100930" decimals="-3" unitRef="TWD">220447000</tw-gaap-ci:UnrealizedRevaluationIncrement>
	<tw-gaap-ci:UnrealizedRevaluationIncrement contextRef="AsOf20090930" decimals="-3" unitRef="TWD">220447000</tw-gaap-ci:UnrealizedRevaluationIncrement>
	<tw-gaap-ci:TreasuryStock contextRef="AsOf20100930" decimals="-3" unitRef="TWD">66941000</tw-gaap-ci:TreasuryStock>
	<tw-gaap-ci:TreasuryStock contextRef="AsOf20090930" decimals="-3" unitRef="TWD">66941000</tw-gaap-ci:TreasuryStock>
	<tw-gaap-ci:StockholdersEquitiesAdjustments contextRef="AsOf20100930" decimals="-3" unitRef="TWD">182058000</tw-gaap-ci:StockholdersEquitiesAdjustments>
	<tw-gaap-ci:StockholdersEquitiesAdjustments contextRef="AsOf20090930" decimals="-3" unitRef="TWD">188884000</tw-gaap-ci:StockholdersEquitiesAdjustments>
	<tw-gaap-ci:StockholdersEquities contextRef="AsOf20100930" decimals="-3" unitRef="TWD">3783570000</tw-gaap-ci:StockholdersEquities>
	<tw-gaap-ci:StockholdersEquities contextRef="AsOf20090930" decimals="-3" unitRef="TWD">3662803000</tw-gaap-ci:StockholdersEquities>
	<tw-gaap-ci:EquivalentSharesOutstandingAdvanceReceiptsCommonStock contextRef="AsOf20100930" decimals="0" unitRef="Shares">0</tw-gaap-ci:EquivalentSharesOutstandingAdvanceReceiptsCommonStock>
	<tw-gaap-ci:EquivalentSharesOutstandingAdvanceReceiptsCommonStock contextRef="AsOf20090930" decimals="0" unitRef="Shares">0</tw-gaap-ci:EquivalentSharesOutstandingAdvanceReceiptsCommonStock>
	<tw-gaap-ci:NumberTreasuryStockAcquiredCompanySubsidiaries contextRef="AsOf20100930" decimals="0" unitRef="Shares">12696764</tw-gaap-ci:NumberTreasuryStockAcquiredCompanySubsidiaries>
	<tw-gaap-ci:NumberTreasuryStockAcquiredCompanySubsidiaries contextRef="AsOf20090930" decimals="0" unitRef="Shares">12208428</tw-gaap-ci:NumberTreasuryStockAcquiredCompanySubsidiaries>
	<tw-gaap-ci:SalesRevenue contextRef="From20100101To20100930" decimals="-3" unitRef="TWD">5375123000</tw-gaap-ci:SalesRevenue>
	<tw-gaap-ci:SalesRevenue contextRef="From20090101To20090930" decimals="-3" unitRef="TWD">5322061000</tw-gaap-ci:SalesRevenue>
	<tw-gaap-ci:Sales contextRef="From20100101To20100930" decimals="-3" unitRef="TWD">5375123000</tw-gaap-ci:Sales>
	<tw-gaap-ci:Sales contextRef="From20090101To20090930" decimals="-3" unitRef="TWD">5322061000</tw-gaap-ci:Sales>
	<tw-gaap-ci:NetSales contextRef="From20100101To20100930" decimals="-3" unitRef="TWD">5375123000</tw-gaap-ci:NetSales>
	<tw-gaap-ci:NetSales contextRef="From20090101To20090930" decimals="-3" unitRef="TWD">5322061000</tw-gaap-ci:NetSales>
	<tw-gaap-ci:RentalRevenue contextRef="From20100101To20100930" decimals="-3" unitRef="TWD">14423000</tw-gaap-ci:RentalRevenue>
	<tw-gaap-ci:RentalRevenue contextRef="From20090101To20090930" decimals="-3" unitRef="TWD">15523000</tw-gaap-ci:RentalRevenue>
	<tw-gaap-ci:TotalRentalRevenue contextRef="From20100101To20100930" decimals="-3" unitRef="TWD">14423000</tw-gaap-ci:TotalRentalRevenue>
	<tw-gaap-ci:TotalRentalRevenue contextRef="From20090101To20090930" decimals="-3" unitRef="TWD">15523000</tw-gaap-ci:TotalRentalRevenue>
	<tw-gaap-ci:ConstructionRevenueConstructionRevenue contextRef="From20100101To20100930" decimals="-3" unitRef="TWD">18464000</tw-gaap-ci:ConstructionRevenueConstructionRevenue>
	<tw-gaap-ci:ConstructionRevenueConstructionRevenue contextRef="From20090101To20090930" decimals="-3" unitRef="TWD">34002000</tw-gaap-ci:ConstructionRevenueConstructionRevenue>
	<tw-gaap-ci:ConstructionRevenue contextRef="From20100101To20100930" decimals="-3" unitRef="TWD">18464000</tw-gaap-ci:ConstructionRevenue>
	<tw-gaap-ci:ConstructionRevenue contextRef="From20090101To20090930" decimals="-3" unitRef="TWD">34002000</tw-gaap-ci:ConstructionRevenue>
	<tw-gaap-ci:ConstructionEngineeringRevenue contextRef="From20100101To20100930" decimals="-3" unitRef="TWD">18464000</tw-gaap-ci:ConstructionEngineeringRevenue>
	<tw-gaap-ci:ConstructionEngineeringRevenue contextRef="From20090101To20090930" decimals="-3" unitRef="TWD">34002000</tw-gaap-ci:ConstructionEngineeringRevenue>
	<tw-gaap-ci:OperatingRevenue contextRef="From20100101To20100930" decimals="-3" unitRef="TWD">5408010000</tw-gaap-ci:OperatingRevenue>
	<tw-gaap-ci:OperatingRevenue contextRef="From20090101To20090930" decimals="-3" unitRef="TWD">5371586000</tw-gaap-ci:OperatingRevenue>
	<tw-gaap-ci:CostSalesCostSales contextRef="From20100101To20100930" decimals="-3" unitRef="TWD">4892695000</tw-gaap-ci:CostSalesCostSales>
	<tw-gaap-ci:CostSalesCostSales contextRef="From20090101To20090930" decimals="-3" unitRef="TWD">4732772000</tw-gaap-ci:CostSalesCostSales>
	<tw-gaap-ci:CostSales contextRef="From20100101To20100930" decimals="-3" unitRef="TWD">4892695000</tw-gaap-ci:CostSales>
	<tw-gaap-ci:CostSales contextRef="From20090101To20090930" decimals="-3" unitRef="TWD">4732772000</tw-gaap-ci:CostSales>
	<tw-gaap-ci:CostRental contextRef="From20100101To20100930" decimals="-3" unitRef="TWD">4441000</tw-gaap-ci:CostRental>
	<tw-gaap-ci:CostRental contextRef="From20090101To20090930" decimals="-3" unitRef="TWD">4090000</tw-gaap-ci:CostRental>
	<tw-gaap-ci:TotalCostRental contextRef="From20100101To20100930" decimals="-3" unitRef="TWD">4441000</tw-gaap-ci:TotalCostRental>
	<tw-gaap-ci:TotalCostRental contextRef="From20090101To20090930" decimals="-3" unitRef="TWD">4090000</tw-gaap-ci:TotalCostRental>
	<tw-gaap-ci:CostConstructionSales contextRef="From20100101To20100930" decimals="-3" unitRef="TWD">8343000</tw-gaap-ci:CostConstructionSales>
	<tw-gaap-ci:CostConstructionSales contextRef="From20090101To20090930" decimals="-3" unitRef="TWD">23298000</tw-gaap-ci:CostConstructionSales>
	<tw-gaap-ci:CostConstructionEngineeringService contextRef="From20100101To20100930" decimals="-3" unitRef="TWD">8343000</tw-gaap-ci:CostConstructionEngineeringService>
	<tw-gaap-ci:CostConstructionEngineeringService contextRef="From20090101To20090930" decimals="-3" unitRef="TWD">23298000</tw-gaap-ci:CostConstructionEngineeringService>
	<tw-gaap-ci:OperatingCosts contextRef="From20100101To20100930" decimals="-3" unitRef="TWD">4905479000</tw-gaap-ci:OperatingCosts>
	<tw-gaap-ci:OperatingCosts contextRef="From20090101To20090930" decimals="-3" unitRef="TWD">4760160000</tw-gaap-ci:OperatingCosts>
	<tw-gaap-ci:GrossProfitLossOperations contextRef="From20100101To20100930" decimals="-3" unitRef="TWD">502531000</tw-gaap-ci:GrossProfitLossOperations>
	<tw-gaap-ci:GrossProfitLossOperations contextRef="From20090101To20090930" decimals="-3" unitRef="TWD">611426000</tw-gaap-ci:GrossProfitLossOperations>
	<tw-gaap-ci:UnrealizedGainInterAffiliateAccounts contextRef="From20100101To20100930" decimals="-3" unitRef="TWD">11684000</tw-gaap-ci:UnrealizedGainInterAffiliateAccounts>
	<tw-gaap-ci:UnrealizedGainInterAffiliateAccounts contextRef="From20090101To20090930" decimals="-3" unitRef="TWD">12216000</tw-gaap-ci:UnrealizedGainInterAffiliateAccounts>
	<tw-gaap-ci:RealizedGainInterAffiliateAccounts contextRef="From20100101To20100930" decimals="-3" unitRef="TWD">12589000</tw-gaap-ci:RealizedGainInterAffiliateAccounts>
	<tw-gaap-ci:RealizedGainInterAffiliateAccounts contextRef="From20090101To20090930" decimals="-3" unitRef="TWD">9168000</tw-gaap-ci:RealizedGainInterAffiliateAccounts>
	<tw-gaap-ci:Sellingexpense contextRef="From20100101To20100930" decimals="-3" unitRef="TWD">325991000</tw-gaap-ci:Sellingexpense>
	<tw-gaap-ci:Sellingexpense contextRef="From20090101To20090930" decimals="-3" unitRef="TWD">255013000</tw-gaap-ci:Sellingexpense>
	<tw-gaap-ci:GeneralAdministrativeExpenses contextRef="From20100101To20100930" decimals="-3" unitRef="TWD">184408000</tw-gaap-ci:GeneralAdministrativeExpenses>
	<tw-gaap-ci:GeneralAdministrativeExpenses contextRef="From20090101To20090930" decimals="-3" unitRef="TWD">162527000</tw-gaap-ci:GeneralAdministrativeExpenses>
	<tw-gaap-ci:OperatingExpenses contextRef="From20100101To20100930" decimals="-3" unitRef="TWD">510399000</tw-gaap-ci:OperatingExpenses>
	<tw-gaap-ci:OperatingExpenses contextRef="From20090101To20090930" decimals="-3" unitRef="TWD">417540000</tw-gaap-ci:OperatingExpenses>
	<tw-gaap-ci:OperatingIncomeLoss contextRef="From20100101To20100930" decimals="-3" unitRef="TWD">-6963000</tw-gaap-ci:OperatingIncomeLoss>
	<tw-gaap-ci:OperatingIncomeLoss contextRef="From20090101To20090930" decimals="-3" unitRef="TWD">190838000</tw-gaap-ci:OperatingIncomeLoss>
	<tw-gaap-ci:InterestIncome contextRef="From20100101To20100930" decimals="-3" unitRef="TWD">200000</tw-gaap-ci:InterestIncome>
	<tw-gaap-ci:InterestIncome contextRef="From20090101To20090930" decimals="-3" unitRef="TWD">264000</tw-gaap-ci:InterestIncome>
	<tw-gaap-ci:InvestmentGainsRecognizedEquityMethod contextRef="From20100101To20100930" decimals="-3" unitRef="TWD">162450000</tw-gaap-ci:InvestmentGainsRecognizedEquityMethod>
	<tw-gaap-ci:InvestmentGainsRecognizedEquityMethod contextRef="From20090101To20090930" decimals="-3" unitRef="TWD">95048000</tw-gaap-ci:InvestmentGainsRecognizedEquityMethod>
	<tw-gaap-ci:DividendIncome contextRef="From20100101To20100930" decimals="-3" unitRef="TWD">11990000</tw-gaap-ci:DividendIncome>
	<tw-gaap-ci:DividendIncome contextRef="From20090101To20090930" decimals="-3" unitRef="TWD">5069000</tw-gaap-ci:DividendIncome>
	<tw-gaap-ci:InvestmentGains contextRef="From20100101To20100930" decimals="-3" unitRef="TWD">174440000</tw-gaap-ci:InvestmentGains>
	<tw-gaap-ci:InvestmentGains contextRef="From20090101To20090930" decimals="-3" unitRef="TWD">100117000</tw-gaap-ci:InvestmentGains>
	<tw-gaap-ci:GainsDisposalFixedAssets contextRef="From20100101To20100930" decimals="-3" unitRef="TWD">1154000</tw-gaap-ci:GainsDisposalFixedAssets>
	<tw-gaap-ci:GainsDisposalFixedAssets contextRef="From20090101To20090930" decimals="-3" unitRef="TWD">0</tw-gaap-ci:GainsDisposalFixedAssets>
	<tw-gaap-ci:GainsSaleInvestments contextRef="From20100101To20100930" decimals="-3" unitRef="TWD">4282000</tw-gaap-ci:GainsSaleInvestments>
	<tw-gaap-ci:GainsSaleInvestments contextRef="From20090101To20090930" decimals="-3" unitRef="TWD">0</tw-gaap-ci:GainsSaleInvestments>
	<tw-gaap-ci:ForeignExchangeGains contextRef="From20100101To20100930" decimals="-3" unitRef="TWD">19844000</tw-gaap-ci:ForeignExchangeGains>
	<tw-gaap-ci:ForeignExchangeGains contextRef="From20090101To20090930" decimals="-3" unitRef="TWD">6465000</tw-gaap-ci:ForeignExchangeGains>
	<tw-gaap-ci:RevaluationGainFinancialAssets contextRef="From20100101To20100930" decimals="-3" unitRef="TWD">0</tw-gaap-ci:RevaluationGainFinancialAssets>
	<tw-gaap-ci:RevaluationGainFinancialAssets contextRef="From20090101To20090930" decimals="-3" unitRef="TWD">1683000</tw-gaap-ci:RevaluationGainFinancialAssets>
	<tw-gaap-ci:RevaluationGainFinancialLiabilities contextRef="From20100101To20100930" decimals="-3" unitRef="TWD">8975000</tw-gaap-ci:RevaluationGainFinancialLiabilities>
	<tw-gaap-ci:RevaluationGainFinancialLiabilities contextRef="From20090101To20090930" decimals="-3" unitRef="TWD">0</tw-gaap-ci:RevaluationGainFinancialLiabilities>
	<tw-gaap-ci:MiscellaneousIncome contextRef="From20100101To20100930" decimals="-3" unitRef="TWD">47452000</tw-gaap-ci:MiscellaneousIncome>
	<tw-gaap-ci:MiscellaneousIncome contextRef="From20090101To20090930" decimals="-3" unitRef="TWD">40834000</tw-gaap-ci:MiscellaneousIncome>
	<tw-gaap-ci:NonOperatingIncomeGains contextRef="From20100101To20100930" decimals="-3" unitRef="TWD">256347000</tw-gaap-ci:NonOperatingIncomeGains>
	<tw-gaap-ci:NonOperatingIncomeGains contextRef="From20090101To20090930" decimals="-3" unitRef="TWD">149363000</tw-gaap-ci:NonOperatingIncomeGains>
	<tw-gaap-ci:InterestExpense contextRef="From20100101To20100930" decimals="-3" unitRef="TWD">40631000</tw-gaap-ci:InterestExpense>
	<tw-gaap-ci:InterestExpense contextRef="From20090101To20090930" decimals="-3" unitRef="TWD">60015000</tw-gaap-ci:InterestExpense>
	<tw-gaap-ci:LossDisposalFixedAssets contextRef="From20100101To20100930" decimals="-3" unitRef="TWD">0</tw-gaap-ci:LossDisposalFixedAssets>
	<tw-gaap-ci:LossDisposalFixedAssets contextRef="From20090101To20090930" decimals="-3" unitRef="TWD">5500000</tw-gaap-ci:LossDisposalFixedAssets>
	<tw-gaap-ci:RevaluationLossFinancialAssets contextRef="From20100101To20100930" decimals="-3" unitRef="TWD">12534000</tw-gaap-ci:RevaluationLossFinancialAssets>
	<tw-gaap-ci:RevaluationLossFinancialAssets contextRef="From20090101To20090930" decimals="-3" unitRef="TWD">0</tw-gaap-ci:RevaluationLossFinancialAssets>
	<tw-gaap-ci:RevaluationLossFinancialLiabilities contextRef="From20100101To20100930" decimals="-3" unitRef="TWD">0</tw-gaap-ci:RevaluationLossFinancialLiabilities>
	<tw-gaap-ci:RevaluationLossFinancialLiabilities contextRef="From20090101To20090930" decimals="-3" unitRef="TWD">5163000</tw-gaap-ci:RevaluationLossFinancialLiabilities>
	<tw-gaap-ci:MiscellaneousDisbursements contextRef="From20100101To20100930" decimals="-3" unitRef="TWD">5385000</tw-gaap-ci:MiscellaneousDisbursements>
	<tw-gaap-ci:MiscellaneousDisbursements contextRef="From20090101To20090930" decimals="-3" unitRef="TWD">11746000</tw-gaap-ci:MiscellaneousDisbursements>
	<tw-gaap-ci:NonOperatingExpenses contextRef="From20100101To20100930" decimals="-3" unitRef="TWD">58550000</tw-gaap-ci:NonOperatingExpenses>
	<tw-gaap-ci:NonOperatingExpenses contextRef="From20090101To20090930" decimals="-3" unitRef="TWD">82424000</tw-gaap-ci:NonOperatingExpenses>
	<tw-gaap-ci:IncomeContinuingOperationsBeforeIncomeTax contextRef="From20100101To20100930" decimals="-3" unitRef="TWD">190834000</tw-gaap-ci:IncomeContinuingOperationsBeforeIncomeTax>
	<tw-gaap-ci:IncomeContinuingOperationsBeforeIncomeTax contextRef="From20090101To20090930" decimals="-3" unitRef="TWD">257777000</tw-gaap-ci:IncomeContinuingOperationsBeforeIncomeTax>
	<tw-gaap-ci:IncomeTaxExpenseBenefit contextRef="From20100101To20100930" decimals="-3" unitRef="TWD">2452000</tw-gaap-ci:IncomeTaxExpenseBenefit>
	<tw-gaap-ci:IncomeTaxExpenseBenefit contextRef="From20090101To20090930" decimals="-3" unitRef="TWD">23473000</tw-gaap-ci:IncomeTaxExpenseBenefit>
	<tw-gaap-ci:IncomeContinuingOperations contextRef="From20100101To20100930" decimals="-3" unitRef="TWD">188382000</tw-gaap-ci:IncomeContinuingOperations>
	<tw-gaap-ci:IncomeContinuingOperations contextRef="From20090101To20090930" decimals="-3" unitRef="TWD">234304000</tw-gaap-ci:IncomeContinuingOperations>
	<tw-gaap-ci:NetIncomeLoss contextRef="From20100101To20100930" decimals="-3" unitRef="TWD">188382000</tw-gaap-ci:NetIncomeLoss>
	<tw-gaap-ci:NetIncomeLoss contextRef="From20090101To20090930" decimals="-3" unitRef="TWD">234304000</tw-gaap-ci:NetIncomeLoss>
	<tw-gaap-ci:PrimaryEarningsPerShare contextRef="From20100101To20100930" decimals="2" unitRef="TWD">0.59</tw-gaap-ci:PrimaryEarningsPerShare>
	<tw-gaap-ci:PrimaryEarningsPerShare contextRef="From20090101To20090930" decimals="2" unitRef="TWD">0.73</tw-gaap-ci:PrimaryEarningsPerShare>
	<tw-gaap-ci:NetIncomeLoss_StatementCashFlows contextRef="From20100101To20100930" decimals="-3" unitRef="TWD">188382000</tw-gaap-ci:NetIncomeLoss_StatementCashFlows>
	<tw-gaap-ci:NetIncomeLoss_StatementCashFlows contextRef="From20090101To20090930" decimals="-3" unitRef="TWD">234304000</tw-gaap-ci:NetIncomeLoss_StatementCashFlows>
	<tw-gaap-ci:DepreciationExpense-Operating contextRef="From20100101To20100930" decimals="-3" unitRef="TWD">44132000</tw-gaap-ci:DepreciationExpense-Operating>
	<tw-gaap-ci:DepreciationExpense-Operating contextRef="From20090101To20090930" decimals="-3" unitRef="TWD">44413000</tw-gaap-ci:DepreciationExpense-Operating>
	<tw-gaap-ci:AmortizationExpense-Operating contextRef="From20100101To20100930" decimals="-3" unitRef="TWD">0</tw-gaap-ci:AmortizationExpense-Operating>
	<tw-gaap-ci:AmortizationExpense-Operating contextRef="From20090101To20090930" decimals="-3" unitRef="TWD">1783000</tw-gaap-ci:AmortizationExpense-Operating>
	<tw-gaap-ci:ProvisionTransferRevenueBadDebtsLosses contextRef="From20100101To20100930" decimals="-3" unitRef="TWD">0</tw-gaap-ci:ProvisionTransferRevenueBadDebtsLosses>
	<tw-gaap-ci:ProvisionTransferRevenueBadDebtsLosses contextRef="From20090101To20090930" decimals="-3" unitRef="TWD">3600000</tw-gaap-ci:ProvisionTransferRevenueBadDebtsLosses>
	<tw-gaap-ci:GainLossInventoryValuationObsolescenceRecoverie contextRef="From20100101To20100930" decimals="-3" unitRef="TWD">-18907000</tw-gaap-ci:GainLossInventoryValuationObsolescenceRecoverie>
	<tw-gaap-ci:GainLossInventoryValuationObsolescenceRecoverie contextRef="From20090101To20090930" decimals="-3" unitRef="TWD">-23145000</tw-gaap-ci:GainLossInventoryValuationObsolescenceRecoverie>
	<tw-gaap-ci:InventoryOverShort contextRef="From20100101To20100930" decimals="-3" unitRef="TWD">-901000</tw-gaap-ci:InventoryOverShort>
	<tw-gaap-ci:InventoryOverShort contextRef="From20090101To20090930" decimals="-3" unitRef="TWD">-1873000</tw-gaap-ci:InventoryOverShort>
	<tw-gaap-ci:InvestmentLossIncomeRecognizedEquityMethod contextRef="From20100101To20100930" decimals="-3" unitRef="TWD">-162450000</tw-gaap-ci:InvestmentLossIncomeRecognizedEquityMethod>
	<tw-gaap-ci:InvestmentLossIncomeRecognizedEquityMethod contextRef="From20090101To20090930" decimals="-3" unitRef="TWD">-95048000</tw-gaap-ci:InvestmentLossIncomeRecognizedEquityMethod>
	<tw-gaap-ci:CashDividendsReceivedEquityMethodInvestees contextRef="From20100101To20100930" decimals="-3" unitRef="TWD">142839000</tw-gaap-ci:CashDividendsReceivedEquityMethodInvestees>
	<tw-gaap-ci:CashDividendsReceivedEquityMethodInvestees contextRef="From20090101To20090930" decimals="-3" unitRef="TWD">137031000</tw-gaap-ci:CashDividendsReceivedEquityMethodInvestees>
	<tw-gaap-ci:GainLossDisposalScrappingFixedAssets contextRef="From20100101To20100930" decimals="-3" unitRef="TWD">-1087000</tw-gaap-ci:GainLossDisposalScrappingFixedAssets>
	<tw-gaap-ci:GainLossDisposalScrappingFixedAssets contextRef="From20090101To20090930" decimals="-3" unitRef="TWD">5889000</tw-gaap-ci:GainLossDisposalScrappingFixedAssets>
	<tw-gaap-ci:DisposalScrappingIdleAssetsLossesGains contextRef="From20100101To20100930" decimals="-3" unitRef="TWD">181000</tw-gaap-ci:DisposalScrappingIdleAssetsLossesGains>
	<tw-gaap-ci:DisposalScrappingIdleAssetsLossesGains contextRef="From20090101To20090930" decimals="-3" unitRef="TWD">0</tw-gaap-ci:DisposalScrappingIdleAssetsLossesGains>
	<tw-gaap-ci:GainsLossesSaleInvestments contextRef="From20100101To20100930" decimals="-3" unitRef="TWD">-4282000</tw-gaap-ci:GainsLossesSaleInvestments>
	<tw-gaap-ci:GainsLossesSaleInvestments contextRef="From20090101To20090930" decimals="-3" unitRef="TWD">-32000</tw-gaap-ci:GainsLossesSaleInvestments>
	<tw-gaap-ci:UnrealizedRevaluationGainFinancialAssetsLiabilities contextRef="From20100101To20100930" decimals="-3" unitRef="TWD">3559000</tw-gaap-ci:UnrealizedRevaluationGainFinancialAssetsLiabilities>
	<tw-gaap-ci:UnrealizedRevaluationGainFinancialAssetsLiabilities contextRef="From20090101To20090930" decimals="-3" unitRef="TWD">3512000</tw-gaap-ci:UnrealizedRevaluationGainFinancialAssetsLiabilities>
	<tw-gaap-ci:UnrealizedGainInteraffiliateAccounts_StatementCashFlows contextRef="From20100101To20100930" decimals="-3" unitRef="TWD">11684000</tw-gaap-ci:UnrealizedGainInteraffiliateAccounts_StatementCashFlows>
	<tw-gaap-ci:UnrealizedGainInteraffiliateAccounts_StatementCashFlows contextRef="From20090101To20090930" decimals="-3" unitRef="TWD">12216000</tw-gaap-ci:UnrealizedGainInteraffiliateAccounts_StatementCashFlows>
	<tw-gaap-ci:RealizedGainInteraffiliateAccounts_StatementCashFlows contextRef="From20100101To20100930" decimals="-3" unitRef="TWD">-12589000</tw-gaap-ci:RealizedGainInteraffiliateAccounts_StatementCashFlows>
	<tw-gaap-ci:RealizedGainInteraffiliateAccounts_StatementCashFlows contextRef="From20090101To20090930" decimals="-3" unitRef="TWD">-9168000</tw-gaap-ci:RealizedGainInteraffiliateAccounts_StatementCashFlows>
	<tw-gaap-ci:AdjustmentsReconcileNetIncomeNetCashProvidedUsedOperatingActivities contextRef="From20100101To20100930" decimals="-3" unitRef="TWD">2179000</tw-gaap-ci:AdjustmentsReconcileNetIncomeNetCashProvidedUsedOperatingActivities>
	<tw-gaap-ci:AdjustmentsReconcileNetIncomeNetCashProvidedUsedOperatingActivities contextRef="From20090101To20090930" decimals="-3" unitRef="TWD">79178000</tw-gaap-ci:AdjustmentsReconcileNetIncomeNetCashProvidedUsedOperatingActivities>
	<tw-gaap-ci:ChangesFinancialAssetsHeldTrading contextRef="From20100101To20100930" decimals="-3" unitRef="TWD">-15089000</tw-gaap-ci:ChangesFinancialAssetsHeldTrading>
	<tw-gaap-ci:ChangesFinancialAssetsHeldTrading contextRef="From20090101To20090930" decimals="-3" unitRef="TWD">4603000</tw-gaap-ci:ChangesFinancialAssetsHeldTrading>
	<tw-gaap-ci:ChangesNotesReceivable contextRef="From20100101To20100930" decimals="-3" unitRef="TWD">-8838000</tw-gaap-ci:ChangesNotesReceivable>
	<tw-gaap-ci:ChangesNotesReceivable contextRef="From20090101To20090930" decimals="-3" unitRef="TWD">2263000</tw-gaap-ci:ChangesNotesReceivable>
	<tw-gaap-ci:ChangesNotesReceivableRelatedParties contextRef="From20100101To20100930" decimals="-3" unitRef="TWD">-190395000</tw-gaap-ci:ChangesNotesReceivableRelatedParties>
	<tw-gaap-ci:ChangesNotesReceivableRelatedParties contextRef="From20090101To20090930" decimals="-3" unitRef="TWD">-362656000</tw-gaap-ci:ChangesNotesReceivableRelatedParties>
	<tw-gaap-ci:ChangesAccountsReceivable contextRef="From20100101To20100930" decimals="-3" unitRef="TWD">-136812000</tw-gaap-ci:ChangesAccountsReceivable>
	<tw-gaap-ci:ChangesAccountsReceivable contextRef="From20090101To20090930" decimals="-3" unitRef="TWD">-57356000</tw-gaap-ci:ChangesAccountsReceivable>
	<tw-gaap-ci:ChangesAccountsReceivableRelatedParties contextRef="From20100101To20100930" decimals="-3" unitRef="TWD">-80558000</tw-gaap-ci:ChangesAccountsReceivableRelatedParties>
	<tw-gaap-ci:ChangesAccountsReceivableRelatedParties contextRef="From20090101To20090930" decimals="-3" unitRef="TWD">-56719000</tw-gaap-ci:ChangesAccountsReceivableRelatedParties>
	<tw-gaap-ci:ChangesInventories contextRef="From20100101To20100930" decimals="-3" unitRef="TWD">21554000</tw-gaap-ci:ChangesInventories>
	<tw-gaap-ci:ChangesInventories contextRef="From20090101To20090930" decimals="-3" unitRef="TWD">386872000</tw-gaap-ci:ChangesInventories>
	<tw-gaap-ci:ChangesOtherPrepayments contextRef="From20100101To20100930" decimals="-3" unitRef="TWD">-449679000</tw-gaap-ci:ChangesOtherPrepayments>
	<tw-gaap-ci:ChangesOtherPrepayments contextRef="From20090101To20090930" decimals="-3" unitRef="TWD">176021000</tw-gaap-ci:ChangesOtherPrepayments>
	<tw-gaap-ci:ChangesOtherCurrentAssets_CI contextRef="From20100101To20100930" decimals="-3" unitRef="TWD">-16798000</tw-gaap-ci:ChangesOtherCurrentAssets_CI>
	<tw-gaap-ci:ChangesOtherCurrentAssets_CI contextRef="From20090101To20090930" decimals="-3" unitRef="TWD">26722000</tw-gaap-ci:ChangesOtherCurrentAssets_CI>
	<tw-gaap-ci:ChangesOtherFinancialAssets_CI contextRef="From20100101To20100930" decimals="-3" unitRef="TWD">38175000</tw-gaap-ci:ChangesOtherFinancialAssets_CI>
	<tw-gaap-ci:ChangesOtherFinancialAssets_CI contextRef="From20090101To20090930" decimals="-3" unitRef="TWD">3866000</tw-gaap-ci:ChangesOtherFinancialAssets_CI>
	<tw-gaap-ci:ChangesDeferredTaxAssets contextRef="From20100101To20100930" decimals="-3" unitRef="TWD">821000</tw-gaap-ci:ChangesDeferredTaxAssets>
	<tw-gaap-ci:ChangesDeferredTaxAssets contextRef="From20090101To20090930" decimals="-3" unitRef="TWD">25390000</tw-gaap-ci:ChangesDeferredTaxAssets>
	<tw-gaap-ci:ChangesOperatingAssets contextRef="From20100101To20100930" decimals="-3" unitRef="TWD">-837619000</tw-gaap-ci:ChangesOperatingAssets>
	<tw-gaap-ci:ChangesOperatingAssets contextRef="From20090101To20090930" decimals="-3" unitRef="TWD">149006000</tw-gaap-ci:ChangesOperatingAssets>
	<tw-gaap-ci:ChangesFinancialLiabilitiesTrading contextRef="From20100101To20100930" decimals="-3" unitRef="TWD">15021000</tw-gaap-ci:ChangesFinancialLiabilitiesTrading>
	<tw-gaap-ci:ChangesFinancialLiabilitiesTrading contextRef="From20090101To20090930" decimals="-3" unitRef="TWD">-3889000</tw-gaap-ci:ChangesFinancialLiabilitiesTrading>
	<tw-gaap-ci:ChangesNotesPayable contextRef="From20100101To20100930" decimals="-3" unitRef="TWD">115252000</tw-gaap-ci:ChangesNotesPayable>
	<tw-gaap-ci:ChangesNotesPayable contextRef="From20090101To20090930" decimals="-3" unitRef="TWD">40855000</tw-gaap-ci:ChangesNotesPayable>
	<tw-gaap-ci:ChangesAccountsPayable contextRef="From20100101To20100930" decimals="-3" unitRef="TWD">96239000</tw-gaap-ci:ChangesAccountsPayable>
	<tw-gaap-ci:ChangesAccountsPayable contextRef="From20090101To20090930" decimals="-3" unitRef="TWD">28644000</tw-gaap-ci:ChangesAccountsPayable>
	<tw-gaap-ci:ChangesAccruedExpenses contextRef="From20100101To20100930" decimals="-3" unitRef="TWD">-19915000</tw-gaap-ci:ChangesAccruedExpenses>
	<tw-gaap-ci:ChangesAccruedExpenses contextRef="From20090101To20090930" decimals="-3" unitRef="TWD">16105000</tw-gaap-ci:ChangesAccruedExpenses>
	<tw-gaap-ci:ChangesOtherFinancialLiabilities_CI contextRef="From20100101To20100930" decimals="-3" unitRef="TWD">54494000</tw-gaap-ci:ChangesOtherFinancialLiabilities_CI>
	<tw-gaap-ci:ChangesOtherFinancialLiabilities_CI contextRef="From20090101To20090930" decimals="-3" unitRef="TWD">-10966000</tw-gaap-ci:ChangesOtherFinancialLiabilities_CI>
	<tw-gaap-ci:ChangesOtherCurrentLiabilities_CI contextRef="From20100101To20100930" decimals="-3" unitRef="TWD">-5327000</tw-gaap-ci:ChangesOtherCurrentLiabilities_CI>
	<tw-gaap-ci:ChangesOtherCurrentLiabilities_CI contextRef="From20090101To20090930" decimals="-3" unitRef="TWD">-107970000</tw-gaap-ci:ChangesOtherCurrentLiabilities_CI>
	<tw-gaap-ci:ChangesAccruedPensionLiabilities contextRef="From20100101To20100930" decimals="-3" unitRef="TWD">1284000</tw-gaap-ci:ChangesAccruedPensionLiabilities>
	<tw-gaap-ci:ChangesAccruedPensionLiabilities contextRef="From20090101To20090930" decimals="-3" unitRef="TWD">2815000</tw-gaap-ci:ChangesAccruedPensionLiabilities>
	<tw-gaap-ci:ChangesOperatingLiabilities contextRef="From20100101To20100930" decimals="-3" unitRef="TWD">257048000</tw-gaap-ci:ChangesOperatingLiabilities>
	<tw-gaap-ci:ChangesOperatingLiabilities contextRef="From20090101To20090930" decimals="-3" unitRef="TWD">-34406000</tw-gaap-ci:ChangesOperatingLiabilities>
	<tw-gaap-ci:ChangesOperatingAssetsLiabilities contextRef="From20100101To20100930" decimals="-3" unitRef="TWD">-580571000</tw-gaap-ci:ChangesOperatingAssetsLiabilities>
	<tw-gaap-ci:ChangesOperatingAssetsLiabilities contextRef="From20090101To20090930" decimals="-3" unitRef="TWD">114600000</tw-gaap-ci:ChangesOperatingAssetsLiabilities>
	<tw-gaap-ci:NetCashProvidedUsedOperatingActivities contextRef="From20100101To20100930" decimals="-3" unitRef="TWD">-390010000</tw-gaap-ci:NetCashProvidedUsedOperatingActivities>
	<tw-gaap-ci:NetCashProvidedUsedOperatingActivities contextRef="From20090101To20090930" decimals="-3" unitRef="TWD">428082000</tw-gaap-ci:NetCashProvidedUsedOperatingActivities>
	<tw-gaap-ci:AcquisitionAvailableSaleFinancialAssets contextRef="From20100101To20100930" decimals="-3" unitRef="TWD">-358470000</tw-gaap-ci:AcquisitionAvailableSaleFinancialAssets>
	<tw-gaap-ci:AcquisitionAvailableSaleFinancialAssets contextRef="From20090101To20090930" decimals="-3" unitRef="TWD">-141241000</tw-gaap-ci:AcquisitionAvailableSaleFinancialAssets>
	<tw-gaap-ci:ProceedsDisposalAvailableSaleFinancialAssets contextRef="From20100101To20100930" decimals="-3" unitRef="TWD">137585000</tw-gaap-ci:ProceedsDisposalAvailableSaleFinancialAssets>
	<tw-gaap-ci:ProceedsDisposalAvailableSaleFinancialAssets contextRef="From20090101To20090930" decimals="-3" unitRef="TWD">120031000</tw-gaap-ci:ProceedsDisposalAvailableSaleFinancialAssets>
	<tw-gaap-ci:AvailableSaleFinancialAssetsCapitalReduction contextRef="From20100101To20100930" decimals="-3" unitRef="TWD">7123000</tw-gaap-ci:AvailableSaleFinancialAssetsCapitalReduction>
	<tw-gaap-ci:AvailableSaleFinancialAssetsCapitalReduction contextRef="From20090101To20090930" decimals="-3" unitRef="TWD">0</tw-gaap-ci:AvailableSaleFinancialAssetsCapitalReduction>
	<tw-gaap-ci:ProceedsDisposalFinancialAssetsCarriedCost contextRef="From20100101To20100930" decimals="-3" unitRef="TWD">1190000</tw-gaap-ci:ProceedsDisposalFinancialAssetsCarriedCost>
	<tw-gaap-ci:ProceedsDisposalFinancialAssetsCarriedCost contextRef="From20090101To20090930" decimals="-3" unitRef="TWD">0</tw-gaap-ci:ProceedsDisposalFinancialAssetsCarriedCost>
	<tw-gaap-ci:AcquisitionInvestmentsAccountedEquityMethod contextRef="From20100101To20100930" decimals="-3" unitRef="TWD">-80000</tw-gaap-ci:AcquisitionInvestmentsAccountedEquityMethod>
	<tw-gaap-ci:AcquisitionInvestmentsAccountedEquityMethod contextRef="From20090101To20090930" decimals="-3" unitRef="TWD">0</tw-gaap-ci:AcquisitionInvestmentsAccountedEquityMethod>
	<tw-gaap-ci:ProceedsDisposalInvestmentsAccountedEquityMethod contextRef="From20100101To20100930" decimals="-3" unitRef="TWD">7052000</tw-gaap-ci:ProceedsDisposalInvestmentsAccountedEquityMethod>
	<tw-gaap-ci:ProceedsDisposalInvestmentsAccountedEquityMethod contextRef="From20090101To20090930" decimals="-3" unitRef="TWD">0</tw-gaap-ci:ProceedsDisposalInvestmentsAccountedEquityMethod>
	<tw-gaap-ci:ReductionReturnStockValueInvestments contextRef="From20100101To20100930" decimals="-3" unitRef="TWD">1712000</tw-gaap-ci:ReductionReturnStockValueInvestments>
	<tw-gaap-ci:ReductionReturnStockValueInvestments contextRef="From20090101To20090930" decimals="-3" unitRef="TWD">0</tw-gaap-ci:ReductionReturnStockValueInvestments>
	<tw-gaap-ci:AcquisitionPropertyPlantEquipment contextRef="From20100101To20100930" decimals="-3" unitRef="TWD">-32347000</tw-gaap-ci:AcquisitionPropertyPlantEquipment>
	<tw-gaap-ci:AcquisitionPropertyPlantEquipment contextRef="From20090101To20090930" decimals="-3" unitRef="TWD">-74134000</tw-gaap-ci:AcquisitionPropertyPlantEquipment>
	<tw-gaap-ci:ProceedsDisposalPropertyPlantEquipment contextRef="From20100101To20100930" decimals="-3" unitRef="TWD">1808000</tw-gaap-ci:ProceedsDisposalPropertyPlantEquipment>
	<tw-gaap-ci:ProceedsDisposalPropertyPlantEquipment contextRef="From20090101To20090930" decimals="-3" unitRef="TWD">2486000</tw-gaap-ci:ProceedsDisposalPropertyPlantEquipment>
	<tw-gaap-ci:ChangesOtherFinancialAssets contextRef="From20100101To20100930" decimals="-3" unitRef="TWD">-2242000</tw-gaap-ci:ChangesOtherFinancialAssets>
	<tw-gaap-ci:ChangesOtherFinancialAssets contextRef="From20090101To20090930" decimals="-3" unitRef="TWD">209000</tw-gaap-ci:ChangesOtherFinancialAssets>
	<tw-gaap-ci:NetCashProvidedUsedInvestingActivities contextRef="From20100101To20100930" decimals="-3" unitRef="TWD">-236669000</tw-gaap-ci:NetCashProvidedUsedInvestingActivities>
	<tw-gaap-ci:NetCashProvidedUsedInvestingActivities contextRef="From20090101To20090930" decimals="-3" unitRef="TWD">-92649000</tw-gaap-ci:NetCashProvidedUsedInvestingActivities>
	<tw-gaap-ci:ChangesShortTermLoans contextRef="From20100101To20100930" decimals="-3" unitRef="TWD">991565000</tw-gaap-ci:ChangesShortTermLoans>
	<tw-gaap-ci:ChangesShortTermLoans contextRef="From20090101To20090930" decimals="-3" unitRef="TWD">-793801000</tw-gaap-ci:ChangesShortTermLoans>
	<tw-gaap-ci:ChangeShorttermNotesBillsPayable contextRef="From20100101To20100930" decimals="-3" unitRef="TWD">420000000</tw-gaap-ci:ChangeShorttermNotesBillsPayable>
	<tw-gaap-ci:ChangeShorttermNotesBillsPayable contextRef="From20090101To20090930" decimals="-3" unitRef="TWD">-240000000</tw-gaap-ci:ChangeShorttermNotesBillsPayable>
	<tw-gaap-ci:ProceedsLongTermDebt contextRef="From20100101To20100930" decimals="-3" unitRef="TWD">-800000000</tw-gaap-ci:ProceedsLongTermDebt>
	<tw-gaap-ci:ProceedsLongTermDebt contextRef="From20090101To20090930" decimals="-3" unitRef="TWD">590000000</tw-gaap-ci:ProceedsLongTermDebt>
	<tw-gaap-ci:ChangesOtherFinancialLiabilities contextRef="From20100101To20100930" decimals="-3" unitRef="TWD">1039000</tw-gaap-ci:ChangesOtherFinancialLiabilities>
	<tw-gaap-ci:ChangesOtherFinancialLiabilities contextRef="From20090101To20090930" decimals="-3" unitRef="TWD">-4688000</tw-gaap-ci:ChangesOtherFinancialLiabilities>
	<tw-gaap-ci:CashDividends contextRef="From20100101To20100930" decimals="-3" unitRef="TWD">-64049000</tw-gaap-ci:CashDividends>
	<tw-gaap-ci:CashDividends contextRef="From20090101To20090930" decimals="-3" unitRef="TWD">0</tw-gaap-ci:CashDividends>
	<tw-gaap-ci:NetCashProvidedUsedFinancingActivities contextRef="From20100101To20100930" decimals="-3" unitRef="TWD">548555000</tw-gaap-ci:NetCashProvidedUsedFinancingActivities>
	<tw-gaap-ci:NetCashProvidedUsedFinancingActivities contextRef="From20090101To20090930" decimals="-3" unitRef="TWD">-448489000</tw-gaap-ci:NetCashProvidedUsedFinancingActivities>
	<tw-gaap-ci:NetChangesCashCashEquivalents contextRef="From20100101To20100930" decimals="-3" unitRef="TWD">-78124000</tw-gaap-ci:NetChangesCashCashEquivalents>
	<tw-gaap-ci:NetChangesCashCashEquivalents contextRef="From20090101To20090930" decimals="-3" unitRef="TWD">-113056000</tw-gaap-ci:NetChangesCashCashEquivalents>
	<tw-gaap-ci:CashCashEquivalents contextRef="AsOf20100101" decimals="-3" unitRef="TWD">404872000</tw-gaap-ci:CashCashEquivalents>
	<tw-gaap-ci:CashCashEquivalents contextRef="AsOf20090101" decimals="-3" unitRef="TWD">422105000</tw-gaap-ci:CashCashEquivalents>
	<tw-gaap-ci:InterestPaid contextRef="From20100101To20100930" decimals="-3" unitRef="TWD">40015000</tw-gaap-ci:InterestPaid>
	<tw-gaap-ci:InterestPaid contextRef="From20090101To20090930" decimals="-3" unitRef="TWD">60016000</tw-gaap-ci:InterestPaid>
	<tw-gaap-ci:InterestPaidExcludingCapitalizedInterest contextRef="From20100101To20100930" decimals="-3" unitRef="TWD">40015000</tw-gaap-ci:InterestPaidExcludingCapitalizedInterest>
	<tw-gaap-ci:InterestPaidExcludingCapitalizedInterest contextRef="From20090101To20090930" decimals="-3" unitRef="TWD">60016000</tw-gaap-ci:InterestPaidExcludingCapitalizedInterest>
	<tw-gaap-ci:IncomeTaxPaid contextRef="From20100101To20100930" decimals="-3" unitRef="TWD">852000</tw-gaap-ci:IncomeTaxPaid>
	<tw-gaap-ci:IncomeTaxPaid contextRef="From20090101To20090930" decimals="-3" unitRef="TWD">1237000</tw-gaap-ci:IncomeTaxPaid>
	<tw-gaap-ci:CurrentPortionLong-termLiability contextRef="From20100101To20100930" decimals="-3" unitRef="TWD">325000000</tw-gaap-ci:CurrentPortionLong-termLiability>
	<tw-gaap-ci:CurrentPortionLong-termLiability contextRef="From20090101To20090930" decimals="-3" unitRef="TWD">362500000</tw-gaap-ci:CurrentPortionLong-termLiability>
	<tw-gaap-ci:FixedAssetsTransferredInventories contextRef="From20100101To20100930" decimals="-3" unitRef="TWD">5453000</tw-gaap-ci:FixedAssetsTransferredInventories>
	<tw-gaap-ci:FixedAssetsTransferredInventories contextRef="From20090101To20090930" decimals="-3" unitRef="TWD">5831000</tw-gaap-ci:FixedAssetsTransferredInventories>
	<tw-gaap-ar:AccountantName contextRef="AsOf20101022">安侯建業聯合會計師事務所</tw-gaap-ar:AccountantName>
	<tw-gaap-ar:AssuranceAccountantName1 contextRef="AsOf20101022">陳嘉修</tw-gaap-ar:AssuranceAccountantName1>
	<tw-gaap-ar:AssuranceAccountantName2 contextRef="AsOf20101022">張淑瑩</tw-gaap-ar:AssuranceAccountantName2>
	<tw-gaap-ar:ReviewAuditDate contextRef="AsOf20101022">2010-10-22</tw-gaap-ar:ReviewAuditDate>
	<tw-gaap-ar:ReviewReport contextRef="AsOf20101022">Y</tw-gaap-ar:ReviewReport>
	<tw-gaap-ar:QualifiedOpinionAdditionOtherItemExplainatoryParagraph contextRef="AsOf20101022">Y</tw-gaap-ar:QualifiedOpinionAdditionOtherItemExplainatoryParagraph>
	<tw-gaap-ar:ContainOtherAccountantsReport contextRef="AsOf20101022">Y</tw-gaap-ar:ContainOtherAccountantsReport>
	<tw-gaap-ar:ByInvestmentCompaniesWithoutAccountantAuditReportRecognizedGainLoss contextRef="AsOf20101022">Y</tw-gaap-ar:ByInvestmentCompaniesWithoutAccountantAuditReportRecognizedGainLoss>
	<tw-gaap-ar:DescriptionEmphasizeItemBody contextRef="AsOf20101022"><![CDATA[]]></tw-gaap-ar:DescriptionEmphasizeItemBody>
	<tw-gaap-ar:DescriptionOtherItemBody contextRef="AsOf20101022"><![CDATA[]]></tw-gaap-ar:DescriptionOtherItemBody>
	<tw-gaap-ar:AccountantsReportBody contextRef="AsOf20101022"><![CDATA[　　　　　泰山企業股份有限公司民國九十九年及九十八年九月三十日之資產負債表，
暨截至各該日止之民國九十九年及九十八年前三季之損益表及現金流量表，業經本會計
師核閱竣事。上開財務季報表之編製係管理階層之責任，本會計師之責任則為根據核閱
結果出具報告。泰山企業股份有限公司部份採權益法評價之長期股權投資中，有關全家
便利商店股份有限公司同期間之財務季報表未經本會計師核閱，而係由其他會計師核閱
，因此，本會計師對上開財務季報表之核閱結果，有關全家便利商店股份有限公司財務
季報表所列之金額，係依據其他會計師之核閱結果。民國九十九年及九十八年九月三十
日對全家便利商店股份有限公司採權益法評價之長期股權投資金額分別為1,715,451千
元及1,648,174千元，分別占資產總額之20.95%及21.18%，民國九十九年及九十八年前
三季認列之投資收益分別為168,695千元及127,563千元，分別占稅前淨利之88.40%及
49.49%。
　　　　　除下段所述者外，本會計師係依照審計準則公報第三十六號「財務報表之
核閱」規劃並執行核閱工作。由於本會計師僅實施分析、比較與查詢，並未依照一般公
認審計準則查核，故無法對上開財務季報表整體表示查核意見。
　　　　　如財務報表附註四(五)所述，泰山企業股份有限公司民國九十九年及九十八
年九月三十日採權益法之長期股權投資分別為783,842千元及797,989千元，暨民國九十
九年及九十八年前三季採權益法認列之投資損失分別為6,245千元及32,515千元，係依據
該些被投資公司未經會計師核閱之財務報表，以權益法評價計列。另，附註十一(二)
「轉投資事業相關資訊」係由被投資公司所提供，本會計師未依第二段所述之核閱程序
執行核閱工作。
　　　　　依本會計師核閱結果及其他會計師核閱報告，除上段所述該等被投資公司之
財務季報表及轉投資事業相關資訊倘經會計師核閱，對第一段所述之財務季報表可能有
所調整之影響外，並未發現第一段所述財務季報表在所有重大方面有違反證券發行人財
務報告編製準則、商業會計法及商業會計處理準則中與財務會計準則相關之規定及一般
公認會計原則而須作修正之情事。

]]></tw-gaap-ar:AccountantsReportBody>
	<tw-gaap-notes:FinancialReportnotes contextRef="AsOf20100930"><![CDATA[http://doc.twse.com.tw/server-java/t57sb01?step=1&colorchg=1&co_id=1218&year=99&seamon=3&mtype=A&]]></tw-gaap-notes:FinancialReportnotes>
</xbrl>

<!--This instance document is created by SIIAP V1.3.1-->
