<?xml version="1.0" encoding="UTF-8"?>
<xbrl xmlns="http://www.xbrl.org/2003/instance" xmlns:iso4217="http://www.xbrl.org/2003/iso4217" xmlns:link="http://www.xbrl.org/2003/linkbase" xmlns:tw-gaap-ar="http://www.xbrl.org/tw/fr/gaap/ar/2010-06-30" xmlns:tw-gaap-ci="http://www.xbrl.org/tw/fr/gaap/tw-gaap-ci-2010-06-30" xmlns:tw-gaap-notes="http://www.xbrl.org/tw/fr/gaap/notes/2010-06-30" xmlns:xbrldi="http://xbrl.org/2006/xbrldi" xmlns:xbrldt="http://xbrl.org/2005/xbrldt" xmlns:xbrli="http://www.xbrl.org/2003/instance" xmlns:xlink="http://www.w3.org/1999/xlink">
	<link:schemaRef xlink:arcrole="http://www.w3.org/1999/xlink/properties/linkbase" xlink:href="tw-gaap-ci-2010-06-30.xsd" xlink:type="simple"/>	<context id="AsOf20100811">
		<entity>
			<identifier scheme="http://www.twse.com.tw">2474</identifier>
		</entity>
		<period>
			<instant>2010-08-11</instant>
		</period>
	</context>
	<context id="From20090101To20090630_UnrealizedRevaluationIncrementMember">
		<entity>
			<identifier scheme="http://www.twse.com.tw">2474</identifier>
		</entity>
		<period>
			<startDate>2009-01-01</startDate>
			<endDate>2009-06-30</endDate>
		</period>
		<scenario>
			<xbrldi:explicitMember dimension="tw-gaap-ci:StockholdersEquityDimensionMember">tw-gaap-ci:UnrealizedRevaluationIncrementMember</xbrldi:explicitMember>
		</scenario>
	</context>
	<context id="From20090101To20090630_CumulativeTranslationAdjustmentsMember">
		<entity>
			<identifier scheme="http://www.twse.com.tw">2474</identifier>
		</entity>
		<period>
			<startDate>2009-01-01</startDate>
			<endDate>2009-06-30</endDate>
		</period>
		<scenario>
			<xbrldi:explicitMember dimension="tw-gaap-ci:StockholdersEquityDimensionMember">tw-gaap-ci:CumulativeTranslationAdjustmentsMember</xbrldi:explicitMember>
		</scenario>
	</context>
	<context id="From20090101To20090630_StockholdersEquitiesAdjustmentsMember">
		<entity>
			<identifier scheme="http://www.twse.com.tw">2474</identifier>
		</entity>
		<period>
			<startDate>2009-01-01</startDate>
			<endDate>2009-06-30</endDate>
		</period>
		<scenario>
			<xbrldi:explicitMember dimension="tw-gaap-ci:StockholdersEquityDimensionMember">tw-gaap-ci:StockholdersEquitiesAdjustmentsMember</xbrldi:explicitMember>
		</scenario>
	</context>
	<context id="From20090101To20090630_UnrealizedGainLossesFinancialInstrumentMember">
		<entity>
			<identifier scheme="http://www.twse.com.tw">2474</identifier>
		</entity>
		<period>
			<startDate>2009-01-01</startDate>
			<endDate>2009-06-30</endDate>
		</period>
		<scenario>
			<xbrldi:explicitMember dimension="tw-gaap-ci:StockholdersEquityDimensionMember">tw-gaap-ci:UnrealizedGainLossesFinancialInstrumentMember</xbrldi:explicitMember>
		</scenario>
	</context>
	<context id="From20090101To20090630_LegalReserveMember">
		<entity>
			<identifier scheme="http://www.twse.com.tw">2474</identifier>
		</entity>
		<period>
			<startDate>2009-01-01</startDate>
			<endDate>2009-06-30</endDate>
		</period>
		<scenario>
			<xbrldi:explicitMember dimension="tw-gaap-ci:StockholdersEquityDimensionMember">tw-gaap-ci:LegalReserveMember</xbrldi:explicitMember>
		</scenario>
	</context>
	<context id="From20090101To20090630_RetainedEarningsMember">
		<entity>
			<identifier scheme="http://www.twse.com.tw">2474</identifier>
		</entity>
		<period>
			<startDate>2009-01-01</startDate>
			<endDate>2009-06-30</endDate>
		</period>
		<scenario>
			<xbrldi:explicitMember dimension="tw-gaap-ci:StockholdersEquityDimensionMember">tw-gaap-ci:RetainedEarningsMember</xbrldi:explicitMember>
		</scenario>
	</context>
	<context id="From20090101To20090630_UnappropriatedRetainedEarningsMember">
		<entity>
			<identifier scheme="http://www.twse.com.tw">2474</identifier>
		</entity>
		<period>
			<startDate>2009-01-01</startDate>
			<endDate>2009-06-30</endDate>
		</period>
		<scenario>
			<xbrldi:explicitMember dimension="tw-gaap-ci:StockholdersEquityDimensionMember">tw-gaap-ci:UnappropriatedRetainedEarningsMember</xbrldi:explicitMember>
		</scenario>
	</context>
	<context id="From20090101To20090630_TotalStockholdersEquitiesMember">
		<entity>
			<identifier scheme="http://www.twse.com.tw">2474</identifier>
		</entity>
		<period>
			<startDate>2009-01-01</startDate>
			<endDate>2009-06-30</endDate>
		</period>
		<scenario>
			<xbrldi:explicitMember dimension="tw-gaap-ci:StockholdersEquityDimensionMember">tw-gaap-ci:TotalStockholdersEquitiesMember</xbrldi:explicitMember>
		</scenario>
	</context>
	<context id="From20090101To20090630_CapitalSurplusMember">
		<entity>
			<identifier scheme="http://www.twse.com.tw">2474</identifier>
		</entity>
		<period>
			<startDate>2009-01-01</startDate>
			<endDate>2009-06-30</endDate>
		</period>
		<scenario>
			<xbrldi:explicitMember dimension="tw-gaap-ci:StockholdersEquityDimensionMember">tw-gaap-ci:CapitalSurplusMember</xbrldi:explicitMember>
		</scenario>
	</context>
	<context id="From20090101To20090630_CapitalStockMember">
		<entity>
			<identifier scheme="http://www.twse.com.tw">2474</identifier>
		</entity>
		<period>
			<startDate>2009-01-01</startDate>
			<endDate>2009-06-30</endDate>
		</period>
		<scenario>
			<xbrldi:explicitMember dimension="tw-gaap-ci:StockholdersEquityDimensionMember">tw-gaap-ci:CapitalStockMember</xbrldi:explicitMember>
		</scenario>
	</context>
	<context id="From20090101To20090630_CommonStockValueMember">
		<entity>
			<identifier scheme="http://www.twse.com.tw">2474</identifier>
		</entity>
		<period>
			<startDate>2009-01-01</startDate>
			<endDate>2009-06-30</endDate>
		</period>
		<scenario>
			<xbrldi:explicitMember dimension="tw-gaap-ci:StockholdersEquityDimensionMember">tw-gaap-ci:CommonStockValueMember</xbrldi:explicitMember>
		</scenario>
	</context>
	<context id="AsOf20090630_TotalStockholdersEquitiesMember">
		<entity>
			<identifier scheme="http://www.twse.com.tw">2474</identifier>
		</entity>
		<period>
			<instant>2009-06-30</instant>
		</period>
		<scenario>
			<xbrldi:explicitMember dimension="tw-gaap-ci:StockholdersEquityDimensionMember">tw-gaap-ci:TotalStockholdersEquitiesMember</xbrldi:explicitMember>
		</scenario>
	</context>
	<context id="AsOf20090630_StockholdersEquitiesAdjustmentsMember">
		<entity>
			<identifier scheme="http://www.twse.com.tw">2474</identifier>
		</entity>
		<period>
			<instant>2009-06-30</instant>
		</period>
		<scenario>
			<xbrldi:explicitMember dimension="tw-gaap-ci:StockholdersEquityDimensionMember">tw-gaap-ci:StockholdersEquitiesAdjustmentsMember</xbrldi:explicitMember>
		</scenario>
	</context>
	<context id="AsOf20090630_UnrealizedRevaluationIncrementMember">
		<entity>
			<identifier scheme="http://www.twse.com.tw">2474</identifier>
		</entity>
		<period>
			<instant>2009-06-30</instant>
		</period>
		<scenario>
			<xbrldi:explicitMember dimension="tw-gaap-ci:StockholdersEquityDimensionMember">tw-gaap-ci:UnrealizedRevaluationIncrementMember</xbrldi:explicitMember>
		</scenario>
	</context>
	<context id="AsOf20090630_UnrealizedGainLossesFinancialInstrumentMember">
		<entity>
			<identifier scheme="http://www.twse.com.tw">2474</identifier>
		</entity>
		<period>
			<instant>2009-06-30</instant>
		</period>
		<scenario>
			<xbrldi:explicitMember dimension="tw-gaap-ci:StockholdersEquityDimensionMember">tw-gaap-ci:UnrealizedGainLossesFinancialInstrumentMember</xbrldi:explicitMember>
		</scenario>
	</context>
	<context id="AsOf20090630_CumulativeTranslationAdjustmentsMember">
		<entity>
			<identifier scheme="http://www.twse.com.tw">2474</identifier>
		</entity>
		<period>
			<instant>2009-06-30</instant>
		</period>
		<scenario>
			<xbrldi:explicitMember dimension="tw-gaap-ci:StockholdersEquityDimensionMember">tw-gaap-ci:CumulativeTranslationAdjustmentsMember</xbrldi:explicitMember>
		</scenario>
	</context>
	<context id="AsOf20090630_RetainedEarningsMember">
		<entity>
			<identifier scheme="http://www.twse.com.tw">2474</identifier>
		</entity>
		<period>
			<instant>2009-06-30</instant>
		</period>
		<scenario>
			<xbrldi:explicitMember dimension="tw-gaap-ci:StockholdersEquityDimensionMember">tw-gaap-ci:RetainedEarningsMember</xbrldi:explicitMember>
		</scenario>
	</context>
	<context id="AsOf20090630_UnappropriatedRetainedEarningsMember">
		<entity>
			<identifier scheme="http://www.twse.com.tw">2474</identifier>
		</entity>
		<period>
			<instant>2009-06-30</instant>
		</period>
		<scenario>
			<xbrldi:explicitMember dimension="tw-gaap-ci:StockholdersEquityDimensionMember">tw-gaap-ci:UnappropriatedRetainedEarningsMember</xbrldi:explicitMember>
		</scenario>
	</context>
	<context id="AsOf20090630_LegalReserveMember">
		<entity>
			<identifier scheme="http://www.twse.com.tw">2474</identifier>
		</entity>
		<period>
			<instant>2009-06-30</instant>
		</period>
		<scenario>
			<xbrldi:explicitMember dimension="tw-gaap-ci:StockholdersEquityDimensionMember">tw-gaap-ci:LegalReserveMember</xbrldi:explicitMember>
		</scenario>
	</context>
	<context id="AsOf20090630_CapitalSurplusMember">
		<entity>
			<identifier scheme="http://www.twse.com.tw">2474</identifier>
		</entity>
		<period>
			<instant>2009-06-30</instant>
		</period>
		<scenario>
			<xbrldi:explicitMember dimension="tw-gaap-ci:StockholdersEquityDimensionMember">tw-gaap-ci:CapitalSurplusMember</xbrldi:explicitMember>
		</scenario>
	</context>
	<context id="AsOf20090630_CapitalStockMember">
		<entity>
			<identifier scheme="http://www.twse.com.tw">2474</identifier>
		</entity>
		<period>
			<instant>2009-06-30</instant>
		</period>
		<scenario>
			<xbrldi:explicitMember dimension="tw-gaap-ci:StockholdersEquityDimensionMember">tw-gaap-ci:CapitalStockMember</xbrldi:explicitMember>
		</scenario>
	</context>
	<context id="AsOf20090630_CommonStockValueMember">
		<entity>
			<identifier scheme="http://www.twse.com.tw">2474</identifier>
		</entity>
		<period>
			<instant>2009-06-30</instant>
		</period>
		<scenario>
			<xbrldi:explicitMember dimension="tw-gaap-ci:StockholdersEquityDimensionMember">tw-gaap-ci:CommonStockValueMember</xbrldi:explicitMember>
		</scenario>
	</context>
	<context id="From20100101To20100630_UnrealizedRevaluationIncrementMember">
		<entity>
			<identifier scheme="http://www.twse.com.tw">2474</identifier>
		</entity>
		<period>
			<startDate>2010-01-01</startDate>
			<endDate>2010-06-30</endDate>
		</period>
		<scenario>
			<xbrldi:explicitMember dimension="tw-gaap-ci:StockholdersEquityDimensionMember">tw-gaap-ci:UnrealizedRevaluationIncrementMember</xbrldi:explicitMember>
		</scenario>
	</context>
	<context id="From20100101To20100630_CapitalStockMember">
		<entity>
			<identifier scheme="http://www.twse.com.tw">2474</identifier>
		</entity>
		<period>
			<startDate>2010-01-01</startDate>
			<endDate>2010-06-30</endDate>
		</period>
		<scenario>
			<xbrldi:explicitMember dimension="tw-gaap-ci:StockholdersEquityDimensionMember">tw-gaap-ci:CapitalStockMember</xbrldi:explicitMember>
		</scenario>
	</context>
	<context id="From20100101To20100630_CommonStockValueMember">
		<entity>
			<identifier scheme="http://www.twse.com.tw">2474</identifier>
		</entity>
		<period>
			<startDate>2010-01-01</startDate>
			<endDate>2010-06-30</endDate>
		</period>
		<scenario>
			<xbrldi:explicitMember dimension="tw-gaap-ci:StockholdersEquityDimensionMember">tw-gaap-ci:CommonStockValueMember</xbrldi:explicitMember>
		</scenario>
	</context>
	<context id="From20100101To20100630_CumulativeTranslationAdjustmentsMember">
		<entity>
			<identifier scheme="http://www.twse.com.tw">2474</identifier>
		</entity>
		<period>
			<startDate>2010-01-01</startDate>
			<endDate>2010-06-30</endDate>
		</period>
		<scenario>
			<xbrldi:explicitMember dimension="tw-gaap-ci:StockholdersEquityDimensionMember">tw-gaap-ci:CumulativeTranslationAdjustmentsMember</xbrldi:explicitMember>
		</scenario>
	</context>
	<context id="From20100101To20100630_StockholdersEquitiesAdjustmentsMember">
		<entity>
			<identifier scheme="http://www.twse.com.tw">2474</identifier>
		</entity>
		<period>
			<startDate>2010-01-01</startDate>
			<endDate>2010-06-30</endDate>
		</period>
		<scenario>
			<xbrldi:explicitMember dimension="tw-gaap-ci:StockholdersEquityDimensionMember">tw-gaap-ci:StockholdersEquitiesAdjustmentsMember</xbrldi:explicitMember>
		</scenario>
	</context>
	<context id="From20100101To20100630_UnrealizedGainLossesFinancialInstrumentMember">
		<entity>
			<identifier scheme="http://www.twse.com.tw">2474</identifier>
		</entity>
		<period>
			<startDate>2010-01-01</startDate>
			<endDate>2010-06-30</endDate>
		</period>
		<scenario>
			<xbrldi:explicitMember dimension="tw-gaap-ci:StockholdersEquityDimensionMember">tw-gaap-ci:UnrealizedGainLossesFinancialInstrumentMember</xbrldi:explicitMember>
		</scenario>
	</context>
	<context id="From20100101To20100630_CapitalSurplusMember">
		<entity>
			<identifier scheme="http://www.twse.com.tw">2474</identifier>
		</entity>
		<period>
			<startDate>2010-01-01</startDate>
			<endDate>2010-06-30</endDate>
		</period>
		<scenario>
			<xbrldi:explicitMember dimension="tw-gaap-ci:StockholdersEquityDimensionMember">tw-gaap-ci:CapitalSurplusMember</xbrldi:explicitMember>
		</scenario>
	</context>
	<context id="From20100101To20100630_LegalReserveMember">
		<entity>
			<identifier scheme="http://www.twse.com.tw">2474</identifier>
		</entity>
		<period>
			<startDate>2010-01-01</startDate>
			<endDate>2010-06-30</endDate>
		</period>
		<scenario>
			<xbrldi:explicitMember dimension="tw-gaap-ci:StockholdersEquityDimensionMember">tw-gaap-ci:LegalReserveMember</xbrldi:explicitMember>
		</scenario>
	</context>
	<context id="From20100101To20100630_TotalStockholdersEquitiesMember">
		<entity>
			<identifier scheme="http://www.twse.com.tw">2474</identifier>
		</entity>
		<period>
			<startDate>2010-01-01</startDate>
			<endDate>2010-06-30</endDate>
		</period>
		<scenario>
			<xbrldi:explicitMember dimension="tw-gaap-ci:StockholdersEquityDimensionMember">tw-gaap-ci:TotalStockholdersEquitiesMember</xbrldi:explicitMember>
		</scenario>
	</context>
	<context id="From20100101To20100630_RetainedEarningsMember">
		<entity>
			<identifier scheme="http://www.twse.com.tw">2474</identifier>
		</entity>
		<period>
			<startDate>2010-01-01</startDate>
			<endDate>2010-06-30</endDate>
		</period>
		<scenario>
			<xbrldi:explicitMember dimension="tw-gaap-ci:StockholdersEquityDimensionMember">tw-gaap-ci:RetainedEarningsMember</xbrldi:explicitMember>
		</scenario>
	</context>
	<context id="From20100101To20100630_UnappropriatedRetainedEarningsMember">
		<entity>
			<identifier scheme="http://www.twse.com.tw">2474</identifier>
		</entity>
		<period>
			<startDate>2010-01-01</startDate>
			<endDate>2010-06-30</endDate>
		</period>
		<scenario>
			<xbrldi:explicitMember dimension="tw-gaap-ci:StockholdersEquityDimensionMember">tw-gaap-ci:UnappropriatedRetainedEarningsMember</xbrldi:explicitMember>
		</scenario>
	</context>
	<context id="AsOf20100630_TotalStockholdersEquitiesMember">
		<entity>
			<identifier scheme="http://www.twse.com.tw">2474</identifier>
		</entity>
		<period>
			<instant>2010-06-30</instant>
		</period>
		<scenario>
			<xbrldi:explicitMember dimension="tw-gaap-ci:StockholdersEquityDimensionMember">tw-gaap-ci:TotalStockholdersEquitiesMember</xbrldi:explicitMember>
		</scenario>
	</context>
	<context id="AsOf20100630_StockholdersEquitiesAdjustmentsMember">
		<entity>
			<identifier scheme="http://www.twse.com.tw">2474</identifier>
		</entity>
		<period>
			<instant>2010-06-30</instant>
		</period>
		<scenario>
			<xbrldi:explicitMember dimension="tw-gaap-ci:StockholdersEquityDimensionMember">tw-gaap-ci:StockholdersEquitiesAdjustmentsMember</xbrldi:explicitMember>
		</scenario>
	</context>
	<context id="AsOf20100630_UnrealizedRevaluationIncrementMember">
		<entity>
			<identifier scheme="http://www.twse.com.tw">2474</identifier>
		</entity>
		<period>
			<instant>2010-06-30</instant>
		</period>
		<scenario>
			<xbrldi:explicitMember dimension="tw-gaap-ci:StockholdersEquityDimensionMember">tw-gaap-ci:UnrealizedRevaluationIncrementMember</xbrldi:explicitMember>
		</scenario>
	</context>
	<context id="AsOf20100630_UnrealizedGainLossesFinancialInstrumentMember">
		<entity>
			<identifier scheme="http://www.twse.com.tw">2474</identifier>
		</entity>
		<period>
			<instant>2010-06-30</instant>
		</period>
		<scenario>
			<xbrldi:explicitMember dimension="tw-gaap-ci:StockholdersEquityDimensionMember">tw-gaap-ci:UnrealizedGainLossesFinancialInstrumentMember</xbrldi:explicitMember>
		</scenario>
	</context>
	<context id="AsOf20100630_CumulativeTranslationAdjustmentsMember">
		<entity>
			<identifier scheme="http://www.twse.com.tw">2474</identifier>
		</entity>
		<period>
			<instant>2010-06-30</instant>
		</period>
		<scenario>
			<xbrldi:explicitMember dimension="tw-gaap-ci:StockholdersEquityDimensionMember">tw-gaap-ci:CumulativeTranslationAdjustmentsMember</xbrldi:explicitMember>
		</scenario>
	</context>
	<context id="AsOf20100630_RetainedEarningsMember">
		<entity>
			<identifier scheme="http://www.twse.com.tw">2474</identifier>
		</entity>
		<period>
			<instant>2010-06-30</instant>
		</period>
		<scenario>
			<xbrldi:explicitMember dimension="tw-gaap-ci:StockholdersEquityDimensionMember">tw-gaap-ci:RetainedEarningsMember</xbrldi:explicitMember>
		</scenario>
	</context>
	<context id="AsOf20100630_UnappropriatedRetainedEarningsMember">
		<entity>
			<identifier scheme="http://www.twse.com.tw">2474</identifier>
		</entity>
		<period>
			<instant>2010-06-30</instant>
		</period>
		<scenario>
			<xbrldi:explicitMember dimension="tw-gaap-ci:StockholdersEquityDimensionMember">tw-gaap-ci:UnappropriatedRetainedEarningsMember</xbrldi:explicitMember>
		</scenario>
	</context>
	<context id="AsOf20100630_LegalReserveMember">
		<entity>
			<identifier scheme="http://www.twse.com.tw">2474</identifier>
		</entity>
		<period>
			<instant>2010-06-30</instant>
		</period>
		<scenario>
			<xbrldi:explicitMember dimension="tw-gaap-ci:StockholdersEquityDimensionMember">tw-gaap-ci:LegalReserveMember</xbrldi:explicitMember>
		</scenario>
	</context>
	<context id="AsOf20100630_CapitalSurplusMember">
		<entity>
			<identifier scheme="http://www.twse.com.tw">2474</identifier>
		</entity>
		<period>
			<instant>2010-06-30</instant>
		</period>
		<scenario>
			<xbrldi:explicitMember dimension="tw-gaap-ci:StockholdersEquityDimensionMember">tw-gaap-ci:CapitalSurplusMember</xbrldi:explicitMember>
		</scenario>
	</context>
	<context id="AsOf20100630_CapitalStockMember">
		<entity>
			<identifier scheme="http://www.twse.com.tw">2474</identifier>
		</entity>
		<period>
			<instant>2010-06-30</instant>
		</period>
		<scenario>
			<xbrldi:explicitMember dimension="tw-gaap-ci:StockholdersEquityDimensionMember">tw-gaap-ci:CapitalStockMember</xbrldi:explicitMember>
		</scenario>
	</context>
	<context id="AsOf20100630_CommonStockValueMember">
		<entity>
			<identifier scheme="http://www.twse.com.tw">2474</identifier>
		</entity>
		<period>
			<instant>2010-06-30</instant>
		</period>
		<scenario>
			<xbrldi:explicitMember dimension="tw-gaap-ci:StockholdersEquityDimensionMember">tw-gaap-ci:CommonStockValueMember</xbrldi:explicitMember>
		</scenario>
	</context>
	<context id="AsOf20090101">
		<entity>
			<identifier scheme="http://www.twse.com.tw">2474</identifier>
		</entity>
		<period>
			<instant>2009-01-01</instant>
		</period>
	</context>
	<context id="AsOf20100101">
		<entity>
			<identifier scheme="http://www.twse.com.tw">2474</identifier>
		</entity>
		<period>
			<instant>2010-01-01</instant>
		</period>
	</context>
	<context id="From20090101To20090630">
		<entity>
			<identifier scheme="http://www.twse.com.tw">2474</identifier>
		</entity>
		<period>
			<startDate>2009-01-01</startDate>
			<endDate>2009-06-30</endDate>
		</period>
	</context>
	<context id="AsOf20090630">
		<entity>
			<identifier scheme="http://www.twse.com.tw">2474</identifier>
		</entity>
		<period>
			<instant>2009-06-30</instant>
		</period>
	</context>
	<context id="From20100101To20100630">
		<entity>
			<identifier scheme="http://www.twse.com.tw">2474</identifier>
		</entity>
		<period>
			<startDate>2010-01-01</startDate>
			<endDate>2010-06-30</endDate>
		</period>
	</context>
	<context id="AsOf20100630">
		<entity>
			<identifier scheme="http://www.twse.com.tw">2474</identifier>
		</entity>
		<period>
			<instant>2010-06-30</instant>
		</period>
	</context>
	<unit id="TWD">
		<measure>iso4217:TWD</measure>
	</unit>
	<unit id="Shares">
		<measure>xbrli:shares</measure>
	</unit>
	<unit id="EarningsPerShare">
		<divide>
			<unitNumerator>
				<measure>iso4217:TWD</measure>
			</unitNumerator>
			<unitDenominator>
				<measure>xbrli:shares</measure>
			</unitDenominator>
		</divide>
	</unit>
	<tw-gaap-ci:CashCashEquivalents contextRef="AsOf20100630" decimals="-3" unitRef="TWD">1313572000</tw-gaap-ci:CashCashEquivalents>
	<tw-gaap-ci:CashCashEquivalents contextRef="AsOf20090630" decimals="-3" unitRef="TWD">526546000</tw-gaap-ci:CashCashEquivalents>
	<tw-gaap-ci:AvailableSaleFinancialAssetsCurrent contextRef="AsOf20100630" decimals="-3" unitRef="TWD">1767964000</tw-gaap-ci:AvailableSaleFinancialAssetsCurrent>
	<tw-gaap-ci:AvailableSaleFinancialAssetsCurrent contextRef="AsOf20090630" decimals="-3" unitRef="TWD">353195000</tw-gaap-ci:AvailableSaleFinancialAssetsCurrent>
	<tw-gaap-ci:NetNotesReceivable contextRef="AsOf20100630" decimals="-3" unitRef="TWD">9000</tw-gaap-ci:NetNotesReceivable>
	<tw-gaap-ci:NetNotesReceivable contextRef="AsOf20090630" decimals="-3" unitRef="TWD">1534000</tw-gaap-ci:NetNotesReceivable>
	<tw-gaap-ci:NetAccountsReceivable contextRef="AsOf20100630" decimals="-3" unitRef="TWD">404914000</tw-gaap-ci:NetAccountsReceivable>
	<tw-gaap-ci:NetAccountsReceivable contextRef="AsOf20090630" decimals="-3" unitRef="TWD">286329000</tw-gaap-ci:NetAccountsReceivable>
	<tw-gaap-ci:NetAccountsReceivableRelatedParties contextRef="AsOf20100630" decimals="-3" unitRef="TWD">4469000</tw-gaap-ci:NetAccountsReceivableRelatedParties>
	<tw-gaap-ci:NetAccountsReceivableRelatedParties contextRef="AsOf20090630" decimals="-3" unitRef="TWD">7836000</tw-gaap-ci:NetAccountsReceivableRelatedParties>
	<tw-gaap-ci:OtherReceivables contextRef="AsOf20100630" decimals="-3" unitRef="TWD">8356000</tw-gaap-ci:OtherReceivables>
	<tw-gaap-ci:OtherReceivables contextRef="AsOf20090630" decimals="-3" unitRef="TWD">8502000</tw-gaap-ci:OtherReceivables>
	<tw-gaap-ci:OtherReceivablesRelatedParties contextRef="AsOf20100630" decimals="-3" unitRef="TWD">407000</tw-gaap-ci:OtherReceivablesRelatedParties>
	<tw-gaap-ci:OtherReceivablesRelatedParties contextRef="AsOf20090630" decimals="-3" unitRef="TWD">314483000</tw-gaap-ci:OtherReceivablesRelatedParties>
	<tw-gaap-ci:InventoriesManufacturing contextRef="AsOf20100630" decimals="-3" unitRef="TWD">132875000</tw-gaap-ci:InventoriesManufacturing>
	<tw-gaap-ci:InventoriesManufacturing contextRef="AsOf20090630" decimals="-3" unitRef="TWD">91917000</tw-gaap-ci:InventoriesManufacturing>
	<tw-gaap-ci:Inventories contextRef="AsOf20100630" decimals="-3" unitRef="TWD">132875000</tw-gaap-ci:Inventories>
	<tw-gaap-ci:Inventories contextRef="AsOf20090630" decimals="-3" unitRef="TWD">91917000</tw-gaap-ci:Inventories>
	<tw-gaap-ci:DeferredIncomeTaxAssetsCurrent contextRef="AsOf20100630" decimals="-3" unitRef="TWD">55609000</tw-gaap-ci:DeferredIncomeTaxAssetsCurrent>
	<tw-gaap-ci:DeferredIncomeTaxAssetsCurrent contextRef="AsOf20090630" decimals="-3" unitRef="TWD">31677000</tw-gaap-ci:DeferredIncomeTaxAssetsCurrent>
	<tw-gaap-ci:OthercurrentAssetsOther contextRef="AsOf20100630" decimals="-3" unitRef="TWD">24613000</tw-gaap-ci:OthercurrentAssetsOther>
	<tw-gaap-ci:OthercurrentAssetsOther contextRef="AsOf20090630" decimals="-3" unitRef="TWD">24565000</tw-gaap-ci:OthercurrentAssetsOther>
	<tw-gaap-ci:OtherCurrentAssets contextRef="AsOf20100630" decimals="-3" unitRef="TWD">80222000</tw-gaap-ci:OtherCurrentAssets>
	<tw-gaap-ci:OtherCurrentAssets contextRef="AsOf20090630" decimals="-3" unitRef="TWD">56242000</tw-gaap-ci:OtherCurrentAssets>
	<tw-gaap-ci:CurrentAssets contextRef="AsOf20100630" decimals="-3" unitRef="TWD">3712788000</tw-gaap-ci:CurrentAssets>
	<tw-gaap-ci:CurrentAssets contextRef="AsOf20090630" decimals="-3" unitRef="TWD">1646584000</tw-gaap-ci:CurrentAssets>
	<tw-gaap-ci:NetFinancialAssetsCarriedCostNonCurrent contextRef="AsOf20100630" decimals="-3" unitRef="TWD">229167000</tw-gaap-ci:NetFinancialAssetsCarriedCostNonCurrent>
	<tw-gaap-ci:NetFinancialAssetsCarriedCostNonCurrent contextRef="AsOf20090630" decimals="-3" unitRef="TWD">229167000</tw-gaap-ci:NetFinancialAssetsCarriedCostNonCurrent>
	<tw-gaap-ci:LongtermInvestmentsEquity contextRef="AsOf20100630" decimals="-3" unitRef="TWD">34210510000</tw-gaap-ci:LongtermInvestmentsEquity>
	<tw-gaap-ci:LongtermInvestmentsEquity contextRef="AsOf20090630" decimals="-3" unitRef="TWD">31131822000</tw-gaap-ci:LongtermInvestmentsEquity>
	<tw-gaap-ci:LongtermInvestments contextRef="AsOf20100630" decimals="-3" unitRef="TWD">34210510000</tw-gaap-ci:LongtermInvestments>
	<tw-gaap-ci:LongtermInvestments contextRef="AsOf20090630" decimals="-3" unitRef="TWD">31131822000</tw-gaap-ci:LongtermInvestments>
	<tw-gaap-ci:FundsInvestments contextRef="AsOf20100630" decimals="-3" unitRef="TWD">34439677000</tw-gaap-ci:FundsInvestments>
	<tw-gaap-ci:FundsInvestments contextRef="AsOf20090630" decimals="-3" unitRef="TWD">31360989000</tw-gaap-ci:FundsInvestments>
	<tw-gaap-ci:BuildingsStructures contextRef="AsOf20100630" decimals="-3" unitRef="TWD">568613000</tw-gaap-ci:BuildingsStructures>
	<tw-gaap-ci:BuildingsStructures contextRef="AsOf20090630" decimals="-3" unitRef="TWD">566524000</tw-gaap-ci:BuildingsStructures>
	<tw-gaap-ci:MachineryEquipment contextRef="AsOf20100630" decimals="-3" unitRef="TWD">1823207000</tw-gaap-ci:MachineryEquipment>
	<tw-gaap-ci:MachineryEquipment contextRef="AsOf20090630" decimals="-3" unitRef="TWD">1792806000</tw-gaap-ci:MachineryEquipment>
	<tw-gaap-ci:TransportationEquipment contextRef="AsOf20100630" decimals="-3" unitRef="TWD">9706000</tw-gaap-ci:TransportationEquipment>
	<tw-gaap-ci:TransportationEquipment contextRef="AsOf20090630" decimals="-3" unitRef="TWD">9706000</tw-gaap-ci:TransportationEquipment>
	<tw-gaap-ci:OfficeEquipment contextRef="AsOf20100630" decimals="-3" unitRef="TWD">37151000</tw-gaap-ci:OfficeEquipment>
	<tw-gaap-ci:OfficeEquipment contextRef="AsOf20090630" decimals="-3" unitRef="TWD">38065000</tw-gaap-ci:OfficeEquipment>
	<tw-gaap-ci:RentalAssetsOther contextRef="AsOf20100630" decimals="-3" unitRef="TWD">318932000</tw-gaap-ci:RentalAssetsOther>
	<tw-gaap-ci:RentalAssetsOther contextRef="AsOf20090630" decimals="-3" unitRef="TWD">318932000</tw-gaap-ci:RentalAssetsOther>
	<tw-gaap-ci:OtherFacilities contextRef="AsOf20100630" decimals="-3" unitRef="TWD">214401000</tw-gaap-ci:OtherFacilities>
	<tw-gaap-ci:OtherFacilities contextRef="AsOf20090630" decimals="-3" unitRef="TWD">208236000</tw-gaap-ci:OtherFacilities>
	<tw-gaap-ci:FixedAssetsOriginalCosts contextRef="AsOf20100630" decimals="-3" unitRef="TWD">2972010000</tw-gaap-ci:FixedAssetsOriginalCosts>
	<tw-gaap-ci:FixedAssetsOriginalCosts contextRef="AsOf20090630" decimals="-3" unitRef="TWD">2934269000</tw-gaap-ci:FixedAssetsOriginalCosts>
	<tw-gaap-ci:RevaluationIncrement contextRef="AsOf20100630" decimals="-3" unitRef="TWD">43615000</tw-gaap-ci:RevaluationIncrement>
	<tw-gaap-ci:RevaluationIncrement contextRef="AsOf20090630" decimals="-3" unitRef="TWD">43615000</tw-gaap-ci:RevaluationIncrement>
	<tw-gaap-ci:CostsRevaluationIncrement contextRef="AsOf20100630" decimals="-3" unitRef="TWD">3015625000</tw-gaap-ci:CostsRevaluationIncrement>
	<tw-gaap-ci:CostsRevaluationIncrement contextRef="AsOf20090630" decimals="-3" unitRef="TWD">2977884000</tw-gaap-ci:CostsRevaluationIncrement>
	<tw-gaap-ci:AccumulatedDepreciation contextRef="AsOf20100630" decimals="-3" unitRef="TWD">1078429000</tw-gaap-ci:AccumulatedDepreciation>
	<tw-gaap-ci:AccumulatedDepreciation contextRef="AsOf20090630" decimals="-3" unitRef="TWD">880845000</tw-gaap-ci:AccumulatedDepreciation>
	<tw-gaap-ci:ConstructionProcessPrepaymentEquipments contextRef="AsOf20100630" decimals="-3" unitRef="TWD">667292000</tw-gaap-ci:ConstructionProcessPrepaymentEquipments>
	<tw-gaap-ci:ConstructionProcessPrepaymentEquipments contextRef="AsOf20090630" decimals="-3" unitRef="TWD">658903000</tw-gaap-ci:ConstructionProcessPrepaymentEquipments>
	<tw-gaap-ci:FixedAssets contextRef="AsOf20100630" decimals="-3" unitRef="TWD">2604488000</tw-gaap-ci:FixedAssets>
	<tw-gaap-ci:FixedAssets contextRef="AsOf20090630" decimals="-3" unitRef="TWD">2755942000</tw-gaap-ci:FixedAssets>
	<tw-gaap-ci:LandUseRight contextRef="AsOf20100630" decimals="-3" unitRef="TWD">10631000</tw-gaap-ci:LandUseRight>
	<tw-gaap-ci:LandUseRight contextRef="AsOf20090630" decimals="-3" unitRef="TWD">11712000</tw-gaap-ci:LandUseRight>
	<tw-gaap-ci:OtherIntangibleAssets contextRef="AsOf20100630" decimals="-3" unitRef="TWD">10631000</tw-gaap-ci:OtherIntangibleAssets>
	<tw-gaap-ci:OtherIntangibleAssets contextRef="AsOf20090630" decimals="-3" unitRef="TWD">11712000</tw-gaap-ci:OtherIntangibleAssets>
	<tw-gaap-ci:IntangibleAssets contextRef="AsOf20100630" decimals="-3" unitRef="TWD">10631000</tw-gaap-ci:IntangibleAssets>
	<tw-gaap-ci:IntangibleAssets contextRef="AsOf20090630" decimals="-3" unitRef="TWD">11712000</tw-gaap-ci:IntangibleAssets>
	<tw-gaap-ci:GuaranteeDepositsPaid contextRef="AsOf20100630" decimals="-3" unitRef="TWD">3057000</tw-gaap-ci:GuaranteeDepositsPaid>
	<tw-gaap-ci:GuaranteeDepositsPaid contextRef="AsOf20090630" decimals="-3" unitRef="TWD">33000</tw-gaap-ci:GuaranteeDepositsPaid>
	<tw-gaap-ci:RestrictedNoncurrentAssets contextRef="AsOf20100630" decimals="-3" unitRef="TWD">191286000</tw-gaap-ci:RestrictedNoncurrentAssets>
	<tw-gaap-ci:RestrictedNoncurrentAssets contextRef="AsOf20090630" decimals="-3" unitRef="TWD">0</tw-gaap-ci:RestrictedNoncurrentAssets>
	<tw-gaap-ci:OtherAssetsOther_OtherAssetsOther contextRef="AsOf20100630" decimals="-3" unitRef="TWD">526275000</tw-gaap-ci:OtherAssetsOther_OtherAssetsOther>
	<tw-gaap-ci:OtherAssetsOther_OtherAssetsOther contextRef="AsOf20090630" decimals="-3" unitRef="TWD">14833000</tw-gaap-ci:OtherAssetsOther_OtherAssetsOther>
	<tw-gaap-ci:OtherAssetsOther contextRef="AsOf20100630" decimals="-3" unitRef="TWD">717561000</tw-gaap-ci:OtherAssetsOther>
	<tw-gaap-ci:OtherAssetsOther contextRef="AsOf20090630" decimals="-3" unitRef="TWD">14833000</tw-gaap-ci:OtherAssetsOther>
	<tw-gaap-ci:OtherAssets contextRef="AsOf20100630" decimals="-3" unitRef="TWD">720618000</tw-gaap-ci:OtherAssets>
	<tw-gaap-ci:OtherAssets contextRef="AsOf20090630" decimals="-3" unitRef="TWD">14866000</tw-gaap-ci:OtherAssets>
	<tw-gaap-ci:Assets contextRef="AsOf20100630" decimals="-3" unitRef="TWD">41488202000</tw-gaap-ci:Assets>
	<tw-gaap-ci:Assets contextRef="AsOf20090630" decimals="-3" unitRef="TWD">35790093000</tw-gaap-ci:Assets>
	<tw-gaap-ci:FinancialLiabilitiesMeasuredFairValueProfitLossCurrent contextRef="AsOf20100630" decimals="-3" unitRef="TWD">111464000</tw-gaap-ci:FinancialLiabilitiesMeasuredFairValueProfitLossCurrent>
	<tw-gaap-ci:FinancialLiabilitiesMeasuredFairValueProfitLossCurrent contextRef="AsOf20090630" decimals="-3" unitRef="TWD">0</tw-gaap-ci:FinancialLiabilitiesMeasuredFairValueProfitLossCurrent>
	<tw-gaap-ci:AccountsPayable contextRef="AsOf20100630" decimals="-3" unitRef="TWD">80930000</tw-gaap-ci:AccountsPayable>
	<tw-gaap-ci:AccountsPayable contextRef="AsOf20090630" decimals="-3" unitRef="TWD">29891000</tw-gaap-ci:AccountsPayable>
	<tw-gaap-ci:AccountsPayableRelatedParties contextRef="AsOf20100630" decimals="-3" unitRef="TWD">1484000</tw-gaap-ci:AccountsPayableRelatedParties>
	<tw-gaap-ci:AccountsPayableRelatedParties contextRef="AsOf20090630" decimals="-3" unitRef="TWD">149935000</tw-gaap-ci:AccountsPayableRelatedParties>
	<tw-gaap-ci:IncomeTaxPayable contextRef="AsOf20100630" decimals="-3" unitRef="TWD">164903000</tw-gaap-ci:IncomeTaxPayable>
	<tw-gaap-ci:IncomeTaxPayable contextRef="AsOf20090630" decimals="-3" unitRef="TWD">271231000</tw-gaap-ci:IncomeTaxPayable>
	<tw-gaap-ci:AccruedExpenses contextRef="AsOf20100630" decimals="-3" unitRef="TWD">297138000</tw-gaap-ci:AccruedExpenses>
	<tw-gaap-ci:AccruedExpenses contextRef="AsOf20090630" decimals="-3" unitRef="TWD">327941000</tw-gaap-ci:AccruedExpenses>
	<tw-gaap-ci:OtherPayablesRelatedParties contextRef="AsOf20100630" decimals="-3" unitRef="TWD">0</tw-gaap-ci:OtherPayablesRelatedParties>
	<tw-gaap-ci:OtherPayablesRelatedParties contextRef="AsOf20090630" decimals="-3" unitRef="TWD">1329000</tw-gaap-ci:OtherPayablesRelatedParties>
	<tw-gaap-ci:DividendPayable contextRef="AsOf20100630" decimals="-3" unitRef="TWD">1329817000</tw-gaap-ci:DividendPayable>
	<tw-gaap-ci:DividendPayable contextRef="AsOf20090630" decimals="-3" unitRef="TWD">599716000</tw-gaap-ci:DividendPayable>
	<tw-gaap-ci:OtherPayables contextRef="AsOf20100630" decimals="-3" unitRef="TWD">1329817000</tw-gaap-ci:OtherPayables>
	<tw-gaap-ci:OtherPayables contextRef="AsOf20090630" decimals="-3" unitRef="TWD">599716000</tw-gaap-ci:OtherPayables>
	<tw-gaap-ci:LongtermBorrowingsCurrentPortion contextRef="AsOf20100630" decimals="-3" unitRef="TWD">700000000</tw-gaap-ci:LongtermBorrowingsCurrentPortion>
	<tw-gaap-ci:LongtermBorrowingsCurrentPortion contextRef="AsOf20090630" decimals="-3" unitRef="TWD">433333000</tw-gaap-ci:LongtermBorrowingsCurrentPortion>
	<tw-gaap-ci:LongtermLiabilitiesCurrentPortion contextRef="AsOf20100630" decimals="-3" unitRef="TWD">700000000</tw-gaap-ci:LongtermLiabilitiesCurrentPortion>
	<tw-gaap-ci:LongtermLiabilitiesCurrentPortion contextRef="AsOf20090630" decimals="-3" unitRef="TWD">433333000</tw-gaap-ci:LongtermLiabilitiesCurrentPortion>
	<tw-gaap-ci:OtherCurrentLiabilitiesOther contextRef="AsOf20100630" decimals="-3" unitRef="TWD">13597000</tw-gaap-ci:OtherCurrentLiabilitiesOther>
	<tw-gaap-ci:OtherCurrentLiabilitiesOther contextRef="AsOf20090630" decimals="-3" unitRef="TWD">11141000</tw-gaap-ci:OtherCurrentLiabilitiesOther>
	<tw-gaap-ci:OtherCurrentLiabilities contextRef="AsOf20100630" decimals="-3" unitRef="TWD">13597000</tw-gaap-ci:OtherCurrentLiabilities>
	<tw-gaap-ci:OtherCurrentLiabilities contextRef="AsOf20090630" decimals="-3" unitRef="TWD">11141000</tw-gaap-ci:OtherCurrentLiabilities>
	<tw-gaap-ci:CurrentLiabilities contextRef="AsOf20100630" decimals="-3" unitRef="TWD">2699333000</tw-gaap-ci:CurrentLiabilities>
	<tw-gaap-ci:CurrentLiabilities contextRef="AsOf20090630" decimals="-3" unitRef="TWD">1824517000</tw-gaap-ci:CurrentLiabilities>
	<tw-gaap-ci:BondPayable contextRef="AsOf20100630" decimals="-3" unitRef="TWD">4676296000</tw-gaap-ci:BondPayable>
	<tw-gaap-ci:BondPayable contextRef="AsOf20090630" decimals="-3" unitRef="TWD">0</tw-gaap-ci:BondPayable>
	<tw-gaap-ci:LongtermBorrowings contextRef="AsOf20100630" decimals="-3" unitRef="TWD">1656667000</tw-gaap-ci:LongtermBorrowings>
	<tw-gaap-ci:LongtermBorrowings contextRef="AsOf20090630" decimals="-3" unitRef="TWD">3333667000</tw-gaap-ci:LongtermBorrowings>
	<tw-gaap-ci:LongTermLiabilities contextRef="AsOf20100630" decimals="-3" unitRef="TWD">6332963000</tw-gaap-ci:LongTermLiabilities>
	<tw-gaap-ci:LongTermLiabilities contextRef="AsOf20090630" decimals="-3" unitRef="TWD">3333667000</tw-gaap-ci:LongTermLiabilities>
	<tw-gaap-ci:ReserveLandRevaluationIncrementTax contextRef="AsOf20100630" decimals="-3" unitRef="TWD">12596000</tw-gaap-ci:ReserveLandRevaluationIncrementTax>
	<tw-gaap-ci:ReserveLandRevaluationIncrementTax contextRef="AsOf20090630" decimals="-3" unitRef="TWD">12596000</tw-gaap-ci:ReserveLandRevaluationIncrementTax>
	<tw-gaap-ci:Reserves contextRef="AsOf20100630" decimals="-3" unitRef="TWD">12596000</tw-gaap-ci:Reserves>
	<tw-gaap-ci:Reserves contextRef="AsOf20090630" decimals="-3" unitRef="TWD">12596000</tw-gaap-ci:Reserves>
	<tw-gaap-ci:GuaranteeDepositsReceived contextRef="AsOf20100630" decimals="-3" unitRef="TWD">3260000</tw-gaap-ci:GuaranteeDepositsReceived>
	<tw-gaap-ci:GuaranteeDepositsReceived contextRef="AsOf20090630" decimals="-3" unitRef="TWD">5460000</tw-gaap-ci:GuaranteeDepositsReceived>
	<tw-gaap-ci:DeferredIncomeTax contextRef="AsOf20100630" decimals="-3" unitRef="TWD">47058000</tw-gaap-ci:DeferredIncomeTax>
	<tw-gaap-ci:DeferredIncomeTax contextRef="AsOf20090630" decimals="-3" unitRef="TWD">41700000</tw-gaap-ci:DeferredIncomeTax>
	<tw-gaap-ci:DeferredCreditsGainsonInterAffiliateAccounts contextRef="AsOf20100630" decimals="-3" unitRef="TWD">16715000</tw-gaap-ci:DeferredCreditsGainsonInterAffiliateAccounts>
	<tw-gaap-ci:DeferredCreditsGainsonInterAffiliateAccounts contextRef="AsOf20090630" decimals="-3" unitRef="TWD">22524000</tw-gaap-ci:DeferredCreditsGainsonInterAffiliateAccounts>
	<tw-gaap-ci:OtherLiabilitiesOther contextRef="AsOf20100630" decimals="-3" unitRef="TWD">16715000</tw-gaap-ci:OtherLiabilitiesOther>
	<tw-gaap-ci:OtherLiabilitiesOther contextRef="AsOf20090630" decimals="-3" unitRef="TWD">22524000</tw-gaap-ci:OtherLiabilitiesOther>
	<tw-gaap-ci:OtherLiabilities contextRef="AsOf20100630" decimals="-3" unitRef="TWD">67033000</tw-gaap-ci:OtherLiabilities>
	<tw-gaap-ci:OtherLiabilities contextRef="AsOf20090630" decimals="-3" unitRef="TWD">69684000</tw-gaap-ci:OtherLiabilities>
	<tw-gaap-ci:Liabilities contextRef="AsOf20100630" decimals="-3" unitRef="TWD">9111925000</tw-gaap-ci:Liabilities>
	<tw-gaap-ci:Liabilities contextRef="AsOf20090630" decimals="-3" unitRef="TWD">5240464000</tw-gaap-ci:Liabilities>
	<tw-gaap-ci:CommonStock contextRef="AsOf20100630" decimals="-3" unitRef="TWD">6649085000</tw-gaap-ci:CommonStock>
	<tw-gaap-ci:CommonStock contextRef="AsOf20090630" decimals="-3" unitRef="TWD">5997159000</tw-gaap-ci:CommonStock>
	<tw-gaap-ci:StockDividendDistributed contextRef="AsOf20100630" decimals="-3" unitRef="TWD">0</tw-gaap-ci:StockDividendDistributed>
	<tw-gaap-ci:StockDividendDistributed contextRef="AsOf20090630" decimals="-3" unitRef="TWD">651926000</tw-gaap-ci:StockDividendDistributed>
	<tw-gaap-ci:Capital contextRef="AsOf20100630" decimals="-3" unitRef="TWD">6649085000</tw-gaap-ci:Capital>
	<tw-gaap-ci:Capital contextRef="AsOf20090630" decimals="-3" unitRef="TWD">6649085000</tw-gaap-ci:Capital>
	<tw-gaap-ci:CapitalSurplusAdditionalPaidCapitalCommonStock contextRef="AsOf20100630" decimals="-3" unitRef="TWD">1583179000</tw-gaap-ci:CapitalSurplusAdditionalPaidCapitalCommonStock>
	<tw-gaap-ci:CapitalSurplusAdditionalPaidCapitalCommonStock contextRef="AsOf20090630" decimals="-3" unitRef="TWD">1268975000</tw-gaap-ci:CapitalSurplusAdditionalPaidCapitalCommonStock>
	<tw-gaap-ci:CapitalSurplusAdditionalPaidCapitalBondConversion contextRef="AsOf20100630" decimals="-3" unitRef="TWD">3909701000</tw-gaap-ci:CapitalSurplusAdditionalPaidCapitalBondConversion>
	<tw-gaap-ci:CapitalSurplusAdditionalPaidCapitalBondConversion contextRef="AsOf20090630" decimals="-3" unitRef="TWD">3909701000</tw-gaap-ci:CapitalSurplusAdditionalPaidCapitalBondConversion>
	<tw-gaap-ci:CapitalSurplusAdditionalPaidCapital contextRef="AsOf20100630" decimals="-3" unitRef="TWD">5492880000</tw-gaap-ci:CapitalSurplusAdditionalPaidCapital>
	<tw-gaap-ci:CapitalSurplusAdditionalPaidCapital contextRef="AsOf20090630" decimals="-3" unitRef="TWD">5178676000</tw-gaap-ci:CapitalSurplusAdditionalPaidCapital>
	<tw-gaap-ci:CapitalSurplusLongTermEquityInvestments contextRef="AsOf20100630" decimals="-3" unitRef="TWD">3197000</tw-gaap-ci:CapitalSurplusLongTermEquityInvestments>
	<tw-gaap-ci:CapitalSurplusLongTermEquityInvestments contextRef="AsOf20090630" decimals="-3" unitRef="TWD">0</tw-gaap-ci:CapitalSurplusLongTermEquityInvestments>
	<tw-gaap-ci:CapitalSurplusStockOption contextRef="AsOf20100630" decimals="-3" unitRef="TWD">290909000</tw-gaap-ci:CapitalSurplusStockOption>
	<tw-gaap-ci:CapitalSurplusStockOption contextRef="AsOf20090630" decimals="-3" unitRef="TWD">0</tw-gaap-ci:CapitalSurplusStockOption>
	<tw-gaap-ci:CapitalSurplusOther contextRef="AsOf20100630" decimals="-3" unitRef="TWD">0</tw-gaap-ci:CapitalSurplusOther>
	<tw-gaap-ci:CapitalSurplusOther contextRef="AsOf20090630" decimals="-3" unitRef="TWD">314204000</tw-gaap-ci:CapitalSurplusOther>
	<tw-gaap-ci:CapitalSurplus contextRef="AsOf20100630" decimals="-3" unitRef="TWD">5786986000</tw-gaap-ci:CapitalSurplus>
	<tw-gaap-ci:CapitalSurplus contextRef="AsOf20090630" decimals="-3" unitRef="TWD">5492880000</tw-gaap-ci:CapitalSurplus>
	<tw-gaap-ci:LegalReserve contextRef="AsOf20100630" decimals="-3" unitRef="TWD">2941719000</tw-gaap-ci:LegalReserve>
	<tw-gaap-ci:LegalReserve contextRef="AsOf20090630" decimals="-3" unitRef="TWD">2609711000</tw-gaap-ci:LegalReserve>
	<tw-gaap-ci:AccumulatedProfitLoss contextRef="AsOf20100630" decimals="-3" unitRef="TWD">15132775000</tw-gaap-ci:AccumulatedProfitLoss>
	<tw-gaap-ci:AccumulatedProfitLoss contextRef="AsOf20090630" decimals="-3" unitRef="TWD">13452701000</tw-gaap-ci:AccumulatedProfitLoss>
	<tw-gaap-ci:UnappropriatedRetainedEarnings contextRef="AsOf20100630" decimals="-3" unitRef="TWD">15132775000</tw-gaap-ci:UnappropriatedRetainedEarnings>
	<tw-gaap-ci:UnappropriatedRetainedEarnings contextRef="AsOf20090630" decimals="-3" unitRef="TWD">13452701000</tw-gaap-ci:UnappropriatedRetainedEarnings>
	<tw-gaap-ci:RetainedEarnings contextRef="AsOf20100630" decimals="-3" unitRef="TWD">18074494000</tw-gaap-ci:RetainedEarnings>
	<tw-gaap-ci:RetainedEarnings contextRef="AsOf20090630" decimals="-3" unitRef="TWD">16062412000</tw-gaap-ci:RetainedEarnings>
	<tw-gaap-ci:CumulativeTranslationAdjustments contextRef="AsOf20100630" decimals="-3" unitRef="TWD">1850549000</tw-gaap-ci:CumulativeTranslationAdjustments>
	<tw-gaap-ci:CumulativeTranslationAdjustments contextRef="AsOf20090630" decimals="-3" unitRef="TWD">2334053000</tw-gaap-ci:CumulativeTranslationAdjustments>
	<tw-gaap-ci:UnrealizedGainsLossesFinancialInstruments contextRef="AsOf20100630" decimals="-3" unitRef="TWD">4144000</tw-gaap-ci:UnrealizedGainsLossesFinancialInstruments>
	<tw-gaap-ci:UnrealizedGainsLossesFinancialInstruments contextRef="AsOf20090630" decimals="-3" unitRef="TWD">180000</tw-gaap-ci:UnrealizedGainsLossesFinancialInstruments>
	<tw-gaap-ci:UnrealizedRevaluationIncrement contextRef="AsOf20100630" decimals="-3" unitRef="TWD">11019000</tw-gaap-ci:UnrealizedRevaluationIncrement>
	<tw-gaap-ci:UnrealizedRevaluationIncrement contextRef="AsOf20090630" decimals="-3" unitRef="TWD">11019000</tw-gaap-ci:UnrealizedRevaluationIncrement>
	<tw-gaap-ci:StockholdersEquitiesAdjustments contextRef="AsOf20100630" decimals="-3" unitRef="TWD">1865712000</tw-gaap-ci:StockholdersEquitiesAdjustments>
	<tw-gaap-ci:StockholdersEquitiesAdjustments contextRef="AsOf20090630" decimals="-3" unitRef="TWD">2345252000</tw-gaap-ci:StockholdersEquitiesAdjustments>
	<tw-gaap-ci:StockholdersEquities contextRef="AsOf20100630" decimals="-3" unitRef="TWD">32376277000</tw-gaap-ci:StockholdersEquities>
	<tw-gaap-ci:StockholdersEquities contextRef="AsOf20090630" decimals="-3" unitRef="TWD">30549629000</tw-gaap-ci:StockholdersEquities>
	<tw-gaap-ci:EquivalentSharesOutstandingAdvanceReceiptsCommonStock contextRef="AsOf20100630" decimals="0" unitRef="Shares">0</tw-gaap-ci:EquivalentSharesOutstandingAdvanceReceiptsCommonStock>
	<tw-gaap-ci:EquivalentSharesOutstandingAdvanceReceiptsCommonStock contextRef="AsOf20090630" decimals="0" unitRef="Shares">0</tw-gaap-ci:EquivalentSharesOutstandingAdvanceReceiptsCommonStock>
	<tw-gaap-ci:NumberTreasuryStockAcquiredCompanySubsidiaries contextRef="AsOf20100630" decimals="0" unitRef="Shares">0</tw-gaap-ci:NumberTreasuryStockAcquiredCompanySubsidiaries>
	<tw-gaap-ci:NumberTreasuryStockAcquiredCompanySubsidiaries contextRef="AsOf20090630" decimals="0" unitRef="Shares">0</tw-gaap-ci:NumberTreasuryStockAcquiredCompanySubsidiaries>
	<tw-gaap-ci:Sales contextRef="From20100101To20100630" decimals="-3" unitRef="TWD">558846000</tw-gaap-ci:Sales>
	<tw-gaap-ci:Sales contextRef="From20090101To20090630" decimals="-3" unitRef="TWD">598878000</tw-gaap-ci:Sales>
	<tw-gaap-ci:SalesReturns contextRef="From20100101To20100630" decimals="-3" unitRef="TWD">1283000</tw-gaap-ci:SalesReturns>
	<tw-gaap-ci:SalesReturns contextRef="From20090101To20090630" decimals="-3" unitRef="TWD">14690000</tw-gaap-ci:SalesReturns>
	<tw-gaap-ci:NetSales contextRef="From20100101To20100630" decimals="-3" unitRef="TWD">557563000</tw-gaap-ci:NetSales>
	<tw-gaap-ci:NetSales contextRef="From20090101To20090630" decimals="-3" unitRef="TWD">584188000</tw-gaap-ci:NetSales>
	<tw-gaap-ci:OperatingRevenue contextRef="From20100101To20100630" decimals="-3" unitRef="TWD">557563000</tw-gaap-ci:OperatingRevenue>
	<tw-gaap-ci:OperatingRevenue contextRef="From20090101To20090630" decimals="-3" unitRef="TWD">584188000</tw-gaap-ci:OperatingRevenue>
	<tw-gaap-ci:OperatingCosts contextRef="From20100101To20100630" decimals="-3" unitRef="TWD">439888000</tw-gaap-ci:OperatingCosts>
	<tw-gaap-ci:OperatingCosts contextRef="From20090101To20090630" decimals="-3" unitRef="TWD">523775000</tw-gaap-ci:OperatingCosts>
	<tw-gaap-ci:GrossProfitLossOperations contextRef="From20100101To20100630" decimals="-3" unitRef="TWD">117675000</tw-gaap-ci:GrossProfitLossOperations>
	<tw-gaap-ci:GrossProfitLossOperations contextRef="From20090101To20090630" decimals="-3" unitRef="TWD">60413000</tw-gaap-ci:GrossProfitLossOperations>
	<tw-gaap-ci:Sellingexpense contextRef="From20100101To20100630" decimals="-3" unitRef="TWD">18155000</tw-gaap-ci:Sellingexpense>
	<tw-gaap-ci:Sellingexpense contextRef="From20090101To20090630" decimals="-3" unitRef="TWD">7967000</tw-gaap-ci:Sellingexpense>
	<tw-gaap-ci:GeneralAdministrativeExpenses contextRef="From20100101To20100630" decimals="-3" unitRef="TWD">40515000</tw-gaap-ci:GeneralAdministrativeExpenses>
	<tw-gaap-ci:GeneralAdministrativeExpenses contextRef="From20090101To20090630" decimals="-3" unitRef="TWD">36120000</tw-gaap-ci:GeneralAdministrativeExpenses>
	<tw-gaap-ci:ResearchDevelopmentExpenses contextRef="From20100101To20100630" decimals="-3" unitRef="TWD">52719000</tw-gaap-ci:ResearchDevelopmentExpenses>
	<tw-gaap-ci:ResearchDevelopmentExpenses contextRef="From20090101To20090630" decimals="-3" unitRef="TWD">60401000</tw-gaap-ci:ResearchDevelopmentExpenses>
	<tw-gaap-ci:OperatingExpenses contextRef="From20100101To20100630" decimals="-3" unitRef="TWD">111389000</tw-gaap-ci:OperatingExpenses>
	<tw-gaap-ci:OperatingExpenses contextRef="From20090101To20090630" decimals="-3" unitRef="TWD">104488000</tw-gaap-ci:OperatingExpenses>
	<tw-gaap-ci:OperatingIncomeLoss contextRef="From20100101To20100630" decimals="-3" unitRef="TWD">6286000</tw-gaap-ci:OperatingIncomeLoss>
	<tw-gaap-ci:OperatingIncomeLoss contextRef="From20090101To20090630" decimals="-3" unitRef="TWD">-44075000</tw-gaap-ci:OperatingIncomeLoss>
	<tw-gaap-ci:InterestIncome contextRef="From20100101To20100630" decimals="-3" unitRef="TWD">3156000</tw-gaap-ci:InterestIncome>
	<tw-gaap-ci:InterestIncome contextRef="From20090101To20090630" decimals="-3" unitRef="TWD">2877000</tw-gaap-ci:InterestIncome>
	<tw-gaap-ci:InvestmentGainsRecognizedEquityMethod contextRef="From20100101To20100630" decimals="-3" unitRef="TWD">1617075000</tw-gaap-ci:InvestmentGainsRecognizedEquityMethod>
	<tw-gaap-ci:InvestmentGainsRecognizedEquityMethod contextRef="From20090101To20090630" decimals="-3" unitRef="TWD">1678100000</tw-gaap-ci:InvestmentGainsRecognizedEquityMethod>
	<tw-gaap-ci:InvestmentGains contextRef="From20100101To20100630" decimals="-3" unitRef="TWD">1617075000</tw-gaap-ci:InvestmentGains>
	<tw-gaap-ci:InvestmentGains contextRef="From20090101To20090630" decimals="-3" unitRef="TWD">1678100000</tw-gaap-ci:InvestmentGains>
	<tw-gaap-ci:GainsDisposalFixedAssets contextRef="From20100101To20100630" decimals="-3" unitRef="TWD">2788000</tw-gaap-ci:GainsDisposalFixedAssets>
	<tw-gaap-ci:GainsDisposalFixedAssets contextRef="From20090101To20090630" decimals="-3" unitRef="TWD">5697000</tw-gaap-ci:GainsDisposalFixedAssets>
	<tw-gaap-ci:GainsSaleInvestments contextRef="From20100101To20100630" decimals="-3" unitRef="TWD">1127000</tw-gaap-ci:GainsSaleInvestments>
	<tw-gaap-ci:GainsSaleInvestments contextRef="From20090101To20090630" decimals="-3" unitRef="TWD">22000</tw-gaap-ci:GainsSaleInvestments>
	<tw-gaap-ci:ForeignExchangeGains contextRef="From20100101To20100630" decimals="-3" unitRef="TWD">2056000</tw-gaap-ci:ForeignExchangeGains>
	<tw-gaap-ci:ForeignExchangeGains contextRef="From20090101To20090630" decimals="-3" unitRef="TWD">24277000</tw-gaap-ci:ForeignExchangeGains>
	<tw-gaap-ci:RevaluationGainFinancialAssets contextRef="From20100101To20100630" decimals="-3" unitRef="TWD">0</tw-gaap-ci:RevaluationGainFinancialAssets>
	<tw-gaap-ci:RevaluationGainFinancialAssets contextRef="From20090101To20090630" decimals="-3" unitRef="TWD">254000</tw-gaap-ci:RevaluationGainFinancialAssets>
	<tw-gaap-ci:MiscellaneousIncome contextRef="From20100101To20100630" decimals="-3" unitRef="TWD">1182000</tw-gaap-ci:MiscellaneousIncome>
	<tw-gaap-ci:MiscellaneousIncome contextRef="From20090101To20090630" decimals="-3" unitRef="TWD">2553000</tw-gaap-ci:MiscellaneousIncome>
	<tw-gaap-ci:NonOperatingIncomeGains contextRef="From20100101To20100630" decimals="-3" unitRef="TWD">1627384000</tw-gaap-ci:NonOperatingIncomeGains>
	<tw-gaap-ci:NonOperatingIncomeGains contextRef="From20090101To20090630" decimals="-3" unitRef="TWD">1713780000</tw-gaap-ci:NonOperatingIncomeGains>
	<tw-gaap-ci:InterestExpense contextRef="From20100101To20100630" decimals="-3" unitRef="TWD">44249000</tw-gaap-ci:InterestExpense>
	<tw-gaap-ci:InterestExpense contextRef="From20090101To20090630" decimals="-3" unitRef="TWD">22188000</tw-gaap-ci:InterestExpense>
	<tw-gaap-ci:LossDisposalFixedAssets contextRef="From20100101To20100630" decimals="-3" unitRef="TWD">141000</tw-gaap-ci:LossDisposalFixedAssets>
	<tw-gaap-ci:LossDisposalFixedAssets contextRef="From20090101To20090630" decimals="-3" unitRef="TWD">128000</tw-gaap-ci:LossDisposalFixedAssets>
	<tw-gaap-ci:RevaluationLossFinancialLiabilities contextRef="From20100101To20100630" decimals="-3" unitRef="TWD">42627000</tw-gaap-ci:RevaluationLossFinancialLiabilities>
	<tw-gaap-ci:RevaluationLossFinancialLiabilities contextRef="From20090101To20090630" decimals="-3" unitRef="TWD">0</tw-gaap-ci:RevaluationLossFinancialLiabilities>
	<tw-gaap-ci:MiscellaneousDisbursements contextRef="From20100101To20100630" decimals="-3" unitRef="TWD">357000</tw-gaap-ci:MiscellaneousDisbursements>
	<tw-gaap-ci:MiscellaneousDisbursements contextRef="From20090101To20090630" decimals="-3" unitRef="TWD">0</tw-gaap-ci:MiscellaneousDisbursements>
	<tw-gaap-ci:NonOperatingExpenses contextRef="From20100101To20100630" decimals="-3" unitRef="TWD">87374000</tw-gaap-ci:NonOperatingExpenses>
	<tw-gaap-ci:NonOperatingExpenses contextRef="From20090101To20090630" decimals="-3" unitRef="TWD">22316000</tw-gaap-ci:NonOperatingExpenses>
	<tw-gaap-ci:IncomeContinuingOperationsBeforeIncomeTax contextRef="From20100101To20100630" decimals="-3" unitRef="TWD">1546296000</tw-gaap-ci:IncomeContinuingOperationsBeforeIncomeTax>
	<tw-gaap-ci:IncomeContinuingOperationsBeforeIncomeTax contextRef="From20090101To20090630" decimals="-3" unitRef="TWD">1647389000</tw-gaap-ci:IncomeContinuingOperationsBeforeIncomeTax>
	<tw-gaap-ci:IncomeTaxExpenseBenefit contextRef="From20100101To20100630" decimals="-3" unitRef="TWD">140103000</tw-gaap-ci:IncomeTaxExpenseBenefit>
	<tw-gaap-ci:IncomeTaxExpenseBenefit contextRef="From20090101To20090630" decimals="-3" unitRef="TWD">263012000</tw-gaap-ci:IncomeTaxExpenseBenefit>
	<tw-gaap-ci:IncomeContinuingOperations contextRef="From20100101To20100630" decimals="-3" unitRef="TWD">1406193000</tw-gaap-ci:IncomeContinuingOperations>
	<tw-gaap-ci:IncomeContinuingOperations contextRef="From20090101To20090630" decimals="-3" unitRef="TWD">1384377000</tw-gaap-ci:IncomeContinuingOperations>
	<tw-gaap-ci:NetIncomeLoss contextRef="From20100101To20100630" decimals="-3" unitRef="TWD">1406193000</tw-gaap-ci:NetIncomeLoss>
	<tw-gaap-ci:NetIncomeLoss contextRef="From20090101To20090630" decimals="-3" unitRef="TWD">1384377000</tw-gaap-ci:NetIncomeLoss>
	<tw-gaap-ci:PrimaryEarningsPerShare contextRef="From20100101To20100630" decimals="2" unitRef="TWD">2.11</tw-gaap-ci:PrimaryEarningsPerShare>
	<tw-gaap-ci:PrimaryEarningsPerShare contextRef="From20090101To20090630" decimals="2" unitRef="TWD">2.10</tw-gaap-ci:PrimaryEarningsPerShare>
	<tw-gaap-ci:DilutedEarningsPerShare contextRef="From20100101To20100630" decimals="2" unitRef="TWD">2.08</tw-gaap-ci:DilutedEarningsPerShare>
	<tw-gaap-ci:DilutedEarningsPerShare contextRef="From20090101To20090630" decimals="2" unitRef="TWD">2.09</tw-gaap-ci:DilutedEarningsPerShare>
	<tw-gaap-ci:NetIncomeLoss_StatementCashFlows contextRef="From20100101To20100630" decimals="-3" unitRef="TWD">1406193000</tw-gaap-ci:NetIncomeLoss_StatementCashFlows>
	<tw-gaap-ci:NetIncomeLoss_StatementCashFlows contextRef="From20090101To20090630" decimals="-3" unitRef="TWD">1384377000</tw-gaap-ci:NetIncomeLoss_StatementCashFlows>
	<tw-gaap-ci:DepreciationExpense-Operating contextRef="From20100101To20100630" decimals="-3" unitRef="TWD">111199000</tw-gaap-ci:DepreciationExpense-Operating>
	<tw-gaap-ci:DepreciationExpense-Operating contextRef="From20090101To20090630" decimals="-3" unitRef="TWD">126912000</tw-gaap-ci:DepreciationExpense-Operating>
	<tw-gaap-ci:AmortizationExpense-Operating contextRef="From20100101To20100630" decimals="-3" unitRef="TWD">4645000</tw-gaap-ci:AmortizationExpense-Operating>
	<tw-gaap-ci:AmortizationExpense-Operating contextRef="From20090101To20090630" decimals="-3" unitRef="TWD">6116000</tw-gaap-ci:AmortizationExpense-Operating>
	<tw-gaap-ci:ProvisionAllowanceSalesReturnsDiscountsAllowances contextRef="From20100101To20100630" decimals="-3" unitRef="TWD">-2532000</tw-gaap-ci:ProvisionAllowanceSalesReturnsDiscountsAllowances>
	<tw-gaap-ci:ProvisionAllowanceSalesReturnsDiscountsAllowances contextRef="From20090101To20090630" decimals="-3" unitRef="TWD">4166000</tw-gaap-ci:ProvisionAllowanceSalesReturnsDiscountsAllowances>
	<tw-gaap-ci:AmortizationDiscountsPremiumsBondsPayable contextRef="From20100101To20100630" decimals="-3" unitRef="TWD">35119000</tw-gaap-ci:AmortizationDiscountsPremiumsBondsPayable>
	<tw-gaap-ci:AmortizationDiscountsPremiumsBondsPayable contextRef="From20090101To20090630" decimals="-3" unitRef="TWD">0</tw-gaap-ci:AmortizationDiscountsPremiumsBondsPayable>
	<tw-gaap-ci:ChangesNetPensionCostUnappropriated contextRef="From20100101To20100630" decimals="-3" unitRef="TWD">-853000</tw-gaap-ci:ChangesNetPensionCostUnappropriated>
	<tw-gaap-ci:ChangesNetPensionCostUnappropriated contextRef="From20090101To20090630" decimals="-3" unitRef="TWD">0</tw-gaap-ci:ChangesNetPensionCostUnappropriated>
	<tw-gaap-ci:GainLossInventoryValuationObsolescenceRecoverie contextRef="From20100101To20100630" decimals="-3" unitRef="TWD">2250000</tw-gaap-ci:GainLossInventoryValuationObsolescenceRecoverie>
	<tw-gaap-ci:GainLossInventoryValuationObsolescenceRecoverie contextRef="From20090101To20090630" decimals="-3" unitRef="TWD">162000</tw-gaap-ci:GainLossInventoryValuationObsolescenceRecoverie>
	<tw-gaap-ci:InventoryOverShort contextRef="From20100101To20100630" decimals="-3" unitRef="TWD">-491000</tw-gaap-ci:InventoryOverShort>
	<tw-gaap-ci:InventoryOverShort contextRef="From20090101To20090630" decimals="-3" unitRef="TWD">0</tw-gaap-ci:InventoryOverShort>
	<tw-gaap-ci:InvestmentLossIncomeRecognizedEquityMethod contextRef="From20100101To20100630" decimals="-3" unitRef="TWD">-1617075000</tw-gaap-ci:InvestmentLossIncomeRecognizedEquityMethod>
	<tw-gaap-ci:InvestmentLossIncomeRecognizedEquityMethod contextRef="From20090101To20090630" decimals="-3" unitRef="TWD">-1678100000</tw-gaap-ci:InvestmentLossIncomeRecognizedEquityMethod>
	<tw-gaap-ci:CashDividendsReceivedEquityMethodInvestees contextRef="From20100101To20100630" decimals="-3" unitRef="TWD">6930000</tw-gaap-ci:CashDividendsReceivedEquityMethodInvestees>
	<tw-gaap-ci:CashDividendsReceivedEquityMethodInvestees contextRef="From20090101To20090630" decimals="-3" unitRef="TWD">0</tw-gaap-ci:CashDividendsReceivedEquityMethodInvestees>
	<tw-gaap-ci:GainLossDisposalScrappingFixedAssets contextRef="From20100101To20100630" decimals="-3" unitRef="TWD">-2647000</tw-gaap-ci:GainLossDisposalScrappingFixedAssets>
	<tw-gaap-ci:GainLossDisposalScrappingFixedAssets contextRef="From20090101To20090630" decimals="-3" unitRef="TWD">-5569000</tw-gaap-ci:GainLossDisposalScrappingFixedAssets>
	<tw-gaap-ci:GainsLossesSaleInvestments contextRef="From20100101To20100630" decimals="-3" unitRef="TWD">-1127000</tw-gaap-ci:GainsLossesSaleInvestments>
	<tw-gaap-ci:GainsLossesSaleInvestments contextRef="From20090101To20090630" decimals="-3" unitRef="TWD">-22000</tw-gaap-ci:GainsLossesSaleInvestments>
	<tw-gaap-ci:UnrealizedRevaluationGainFinancialAssetsLiabilities contextRef="From20100101To20100630" decimals="-3" unitRef="TWD">42414000</tw-gaap-ci:UnrealizedRevaluationGainFinancialAssetsLiabilities>
	<tw-gaap-ci:UnrealizedRevaluationGainFinancialAssetsLiabilities contextRef="From20090101To20090630" decimals="-3" unitRef="TWD">-254000</tw-gaap-ci:UnrealizedRevaluationGainFinancialAssetsLiabilities>
	<tw-gaap-ci:LossGainDeferredIncomeTax contextRef="From20100101To20100630" decimals="-3" unitRef="TWD">2446000</tw-gaap-ci:LossGainDeferredIncomeTax>
	<tw-gaap-ci:LossGainDeferredIncomeTax contextRef="From20090101To20090630" decimals="-3" unitRef="TWD">-16742000</tw-gaap-ci:LossGainDeferredIncomeTax>
	<tw-gaap-ci:AdjustmentsReconcileNetIncomeNetCashProvidedUsedOperatingActivities contextRef="From20100101To20100630" decimals="-3" unitRef="TWD">-1419722000</tw-gaap-ci:AdjustmentsReconcileNetIncomeNetCashProvidedUsedOperatingActivities>
	<tw-gaap-ci:AdjustmentsReconcileNetIncomeNetCashProvidedUsedOperatingActivities contextRef="From20090101To20090630" decimals="-3" unitRef="TWD">-1563331000</tw-gaap-ci:AdjustmentsReconcileNetIncomeNetCashProvidedUsedOperatingActivities>
	<tw-gaap-ci:ChangesNotesReceivable contextRef="From20100101To20100630" decimals="-3" unitRef="TWD">-9000</tw-gaap-ci:ChangesNotesReceivable>
	<tw-gaap-ci:ChangesNotesReceivable contextRef="From20090101To20090630" decimals="-3" unitRef="TWD">-1411000</tw-gaap-ci:ChangesNotesReceivable>
	<tw-gaap-ci:ChangesAccountsReceivable contextRef="From20100101To20100630" decimals="-3" unitRef="TWD">-240064000</tw-gaap-ci:ChangesAccountsReceivable>
	<tw-gaap-ci:ChangesAccountsReceivable contextRef="From20090101To20090630" decimals="-3" unitRef="TWD">1249944000</tw-gaap-ci:ChangesAccountsReceivable>
	<tw-gaap-ci:ChangesAccountsReceivableRelatedParties contextRef="From20100101To20100630" decimals="-3" unitRef="TWD">-4425000</tw-gaap-ci:ChangesAccountsReceivableRelatedParties>
	<tw-gaap-ci:ChangesAccountsReceivableRelatedParties contextRef="From20090101To20090630" decimals="-3" unitRef="TWD">55206000</tw-gaap-ci:ChangesAccountsReceivableRelatedParties>
	<tw-gaap-ci:ChangesOtherReceivables contextRef="From20100101To20100630" decimals="-3" unitRef="TWD">10021000</tw-gaap-ci:ChangesOtherReceivables>
	<tw-gaap-ci:ChangesOtherReceivables contextRef="From20090101To20090630" decimals="-3" unitRef="TWD">33248000</tw-gaap-ci:ChangesOtherReceivables>
	<tw-gaap-ci:ChangesOtherReceivableRelatedParties contextRef="From20100101To20100630" decimals="-3" unitRef="TWD">1362000</tw-gaap-ci:ChangesOtherReceivableRelatedParties>
	<tw-gaap-ci:ChangesOtherReceivableRelatedParties contextRef="From20090101To20090630" decimals="-3" unitRef="TWD">0</tw-gaap-ci:ChangesOtherReceivableRelatedParties>
	<tw-gaap-ci:ChangesInventories contextRef="From20100101To20100630" decimals="-3" unitRef="TWD">-37494000</tw-gaap-ci:ChangesInventories>
	<tw-gaap-ci:ChangesInventories contextRef="From20090101To20090630" decimals="-3" unitRef="TWD">71793000</tw-gaap-ci:ChangesInventories>
	<tw-gaap-ci:ChangesOtherCurrentAssets_CI contextRef="From20100101To20100630" decimals="-3" unitRef="TWD">-7435000</tw-gaap-ci:ChangesOtherCurrentAssets_CI>
	<tw-gaap-ci:ChangesOtherCurrentAssets_CI contextRef="From20090101To20090630" decimals="-3" unitRef="TWD">-831000</tw-gaap-ci:ChangesOtherCurrentAssets_CI>
	<tw-gaap-ci:ChangesOperatingAssets contextRef="From20100101To20100630" decimals="-3" unitRef="TWD">-278044000</tw-gaap-ci:ChangesOperatingAssets>
	<tw-gaap-ci:ChangesOperatingAssets contextRef="From20090101To20090630" decimals="-3" unitRef="TWD">1407949000</tw-gaap-ci:ChangesOperatingAssets>
	<tw-gaap-ci:ChangesAccountsPayable contextRef="From20100101To20100630" decimals="-3" unitRef="TWD">44686000</tw-gaap-ci:ChangesAccountsPayable>
	<tw-gaap-ci:ChangesAccountsPayable contextRef="From20090101To20090630" decimals="-3" unitRef="TWD">-40580000</tw-gaap-ci:ChangesAccountsPayable>
	<tw-gaap-ci:ChangesAccountsPayableRelatedParties contextRef="From20100101To20100630" decimals="-3" unitRef="TWD">1042000</tw-gaap-ci:ChangesAccountsPayableRelatedParties>
	<tw-gaap-ci:ChangesAccountsPayableRelatedParties contextRef="From20090101To20090630" decimals="-3" unitRef="TWD">-903563000</tw-gaap-ci:ChangesAccountsPayableRelatedParties>
	<tw-gaap-ci:ChangesIncomeTaxPayable contextRef="From20100101To20100630" decimals="-3" unitRef="TWD">-105778000</tw-gaap-ci:ChangesIncomeTaxPayable>
	<tw-gaap-ci:ChangesIncomeTaxPayable contextRef="From20090101To20090630" decimals="-3" unitRef="TWD">-93035000</tw-gaap-ci:ChangesIncomeTaxPayable>
	<tw-gaap-ci:ChangesAccruedExpenses contextRef="From20100101To20100630" decimals="-3" unitRef="TWD">38951000</tw-gaap-ci:ChangesAccruedExpenses>
	<tw-gaap-ci:ChangesAccruedExpenses contextRef="From20090101To20090630" decimals="-3" unitRef="TWD">-101965000</tw-gaap-ci:ChangesAccruedExpenses>
	<tw-gaap-ci:ChangeOtherPayableRelatedParties contextRef="From20100101To20100630" decimals="-3" unitRef="TWD">0</tw-gaap-ci:ChangeOtherPayableRelatedParties>
	<tw-gaap-ci:ChangeOtherPayableRelatedParties contextRef="From20090101To20090630" decimals="-3" unitRef="TWD">1329000</tw-gaap-ci:ChangeOtherPayableRelatedParties>
	<tw-gaap-ci:ChangesOtherCurrentLiabilities_CI contextRef="From20100101To20100630" decimals="-3" unitRef="TWD">-1330000</tw-gaap-ci:ChangesOtherCurrentLiabilities_CI>
	<tw-gaap-ci:ChangesOtherCurrentLiabilities_CI contextRef="From20090101To20090630" decimals="-3" unitRef="TWD">-469000</tw-gaap-ci:ChangesOtherCurrentLiabilities_CI>
	<tw-gaap-ci:ChangesOperatingLiabilities contextRef="From20100101To20100630" decimals="-3" unitRef="TWD">-22429000</tw-gaap-ci:ChangesOperatingLiabilities>
	<tw-gaap-ci:ChangesOperatingLiabilities contextRef="From20090101To20090630" decimals="-3" unitRef="TWD">-1138283000</tw-gaap-ci:ChangesOperatingLiabilities>
	<tw-gaap-ci:ChangesOperatingAssetsLiabilities contextRef="From20100101To20100630" decimals="-3" unitRef="TWD">-300473000</tw-gaap-ci:ChangesOperatingAssetsLiabilities>
	<tw-gaap-ci:ChangesOperatingAssetsLiabilities contextRef="From20090101To20090630" decimals="-3" unitRef="TWD">269666000</tw-gaap-ci:ChangesOperatingAssetsLiabilities>
	<tw-gaap-ci:NetCashProvidedUsedOperatingActivities contextRef="From20100101To20100630" decimals="-3" unitRef="TWD">-314002000</tw-gaap-ci:NetCashProvidedUsedOperatingActivities>
	<tw-gaap-ci:NetCashProvidedUsedOperatingActivities contextRef="From20090101To20090630" decimals="-3" unitRef="TWD">90712000</tw-gaap-ci:NetCashProvidedUsedOperatingActivities>
	<tw-gaap-ci:ProceedsDisposalFinancialAssetsDesignatedFairValueProfitLoss contextRef="From20100101To20100630" decimals="-3" unitRef="TWD">0</tw-gaap-ci:ProceedsDisposalFinancialAssetsDesignatedFairValueProfitLoss>
	<tw-gaap-ci:ProceedsDisposalFinancialAssetsDesignatedFairValueProfitLoss contextRef="From20090101To20090630" decimals="-3" unitRef="TWD">16974000</tw-gaap-ci:ProceedsDisposalFinancialAssetsDesignatedFairValueProfitLoss>
	<tw-gaap-ci:AcquisitionAvailableSaleFinancialAssets contextRef="From20100101To20100630" decimals="-3" unitRef="TWD">-898000000</tw-gaap-ci:AcquisitionAvailableSaleFinancialAssets>
	<tw-gaap-ci:AcquisitionAvailableSaleFinancialAssets contextRef="From20090101To20090630" decimals="-3" unitRef="TWD">-396000000</tw-gaap-ci:AcquisitionAvailableSaleFinancialAssets>
	<tw-gaap-ci:ProceedsDisposalAvailableSaleFinancialAssets contextRef="From20100101To20100630" decimals="-3" unitRef="TWD">2321360000</tw-gaap-ci:ProceedsDisposalAvailableSaleFinancialAssets>
	<tw-gaap-ci:ProceedsDisposalAvailableSaleFinancialAssets contextRef="From20090101To20090630" decimals="-3" unitRef="TWD">43007000</tw-gaap-ci:ProceedsDisposalAvailableSaleFinancialAssets>
	<tw-gaap-ci:AcquisitionFinancialAssetsCarriedCost contextRef="From20100101To20100630" decimals="-3" unitRef="TWD">0</tw-gaap-ci:AcquisitionFinancialAssetsCarriedCost>
	<tw-gaap-ci:AcquisitionFinancialAssetsCarriedCost contextRef="From20090101To20090630" decimals="-3" unitRef="TWD">-18113000</tw-gaap-ci:AcquisitionFinancialAssetsCarriedCost>
	<tw-gaap-ci:AcquisitionInvestmentsAccountedEquityMethod contextRef="From20100101To20100630" decimals="-3" unitRef="TWD">-24531000</tw-gaap-ci:AcquisitionInvestmentsAccountedEquityMethod>
	<tw-gaap-ci:AcquisitionInvestmentsAccountedEquityMethod contextRef="From20090101To20090630" decimals="-3" unitRef="TWD">0</tw-gaap-ci:AcquisitionInvestmentsAccountedEquityMethod>
	<tw-gaap-ci:ReductionReturnStockValueInvestments contextRef="From20100101To20100630" decimals="-3" unitRef="TWD">0</tw-gaap-ci:ReductionReturnStockValueInvestments>
	<tw-gaap-ci:ReductionReturnStockValueInvestments contextRef="From20090101To20090630" decimals="-3" unitRef="TWD">71000000</tw-gaap-ci:ReductionReturnStockValueInvestments>
	<tw-gaap-ci:AcquisitionPropertyPlantEquipment contextRef="From20100101To20100630" decimals="-3" unitRef="TWD">-61810000</tw-gaap-ci:AcquisitionPropertyPlantEquipment>
	<tw-gaap-ci:AcquisitionPropertyPlantEquipment contextRef="From20090101To20090630" decimals="-3" unitRef="TWD">-43183000</tw-gaap-ci:AcquisitionPropertyPlantEquipment>
	<tw-gaap-ci:ProceedsDisposalPropertyPlantEquipment contextRef="From20100101To20100630" decimals="-3" unitRef="TWD">65000</tw-gaap-ci:ProceedsDisposalPropertyPlantEquipment>
	<tw-gaap-ci:ProceedsDisposalPropertyPlantEquipment contextRef="From20090101To20090630" decimals="-3" unitRef="TWD">2095000</tw-gaap-ci:ProceedsDisposalPropertyPlantEquipment>
	<tw-gaap-ci:ChangesRefundableDeposits contextRef="From20100101To20100630" decimals="-3" unitRef="TWD">-3024000</tw-gaap-ci:ChangesRefundableDeposits>
	<tw-gaap-ci:ChangesRefundableDeposits contextRef="From20090101To20090630" decimals="-3" unitRef="TWD">12000</tw-gaap-ci:ChangesRefundableDeposits>
	<tw-gaap-ci:ChangesRestrictedAssets contextRef="From20100101To20100630" decimals="-3" unitRef="TWD">-191286000</tw-gaap-ci:ChangesRestrictedAssets>
	<tw-gaap-ci:ChangesRestrictedAssets contextRef="From20090101To20090630" decimals="-3" unitRef="TWD">87034000</tw-gaap-ci:ChangesRestrictedAssets>
	<tw-gaap-ci:ChamgesOtherAssets contextRef="From20100101To20100630" decimals="-3" unitRef="TWD">-4392000</tw-gaap-ci:ChamgesOtherAssets>
	<tw-gaap-ci:ChamgesOtherAssets contextRef="From20090101To20090630" decimals="-3" unitRef="TWD">-3194000</tw-gaap-ci:ChamgesOtherAssets>
	<tw-gaap-ci:NetCashProvidedUsedInvestingActivities contextRef="From20100101To20100630" decimals="-3" unitRef="TWD">1138382000</tw-gaap-ci:NetCashProvidedUsedInvestingActivities>
	<tw-gaap-ci:NetCashProvidedUsedInvestingActivities contextRef="From20090101To20090630" decimals="-3" unitRef="TWD">-240368000</tw-gaap-ci:NetCashProvidedUsedInvestingActivities>
	<tw-gaap-ci:ChangesShortTermLoans contextRef="From20100101To20100630" decimals="-3" unitRef="TWD">0</tw-gaap-ci:ChangesShortTermLoans>
	<tw-gaap-ci:ChangesShortTermLoans contextRef="From20090101To20090630" decimals="-3" unitRef="TWD">-156076000</tw-gaap-ci:ChangesShortTermLoans>
	<tw-gaap-ci:RepaymentLongTermDebt contextRef="From20100101To20100630" decimals="-3" unitRef="TWD">-1927000000</tw-gaap-ci:RepaymentLongTermDebt>
	<tw-gaap-ci:RepaymentLongTermDebt contextRef="From20090101To20090630" decimals="-3" unitRef="TWD">-116224000</tw-gaap-ci:RepaymentLongTermDebt>
	<tw-gaap-ci:ChangesGuaranteeDepositsReceived contextRef="From20100101To20100630" decimals="-3" unitRef="TWD">0</tw-gaap-ci:ChangesGuaranteeDepositsReceived>
	<tw-gaap-ci:ChangesGuaranteeDepositsReceived contextRef="From20090101To20090630" decimals="-3" unitRef="TWD">-1950000</tw-gaap-ci:ChangesGuaranteeDepositsReceived>
	<tw-gaap-ci:NetCashProvidedUsedFinancingActivities contextRef="From20100101To20100630" decimals="-3" unitRef="TWD">-1927000000</tw-gaap-ci:NetCashProvidedUsedFinancingActivities>
	<tw-gaap-ci:NetCashProvidedUsedFinancingActivities contextRef="From20090101To20090630" decimals="-3" unitRef="TWD">-274250000</tw-gaap-ci:NetCashProvidedUsedFinancingActivities>
	<tw-gaap-ci:EffectExchangeRateChanges contextRef="From20100101To20100630" decimals="-3" unitRef="TWD">0</tw-gaap-ci:EffectExchangeRateChanges>
	<tw-gaap-ci:EffectExchangeRateChanges contextRef="From20090101To20090630" decimals="-3" unitRef="TWD">0</tw-gaap-ci:EffectExchangeRateChanges>
	<tw-gaap-ci:NetChangesCashCashEquivalents contextRef="From20100101To20100630" decimals="-3" unitRef="TWD">-1102620000</tw-gaap-ci:NetChangesCashCashEquivalents>
	<tw-gaap-ci:NetChangesCashCashEquivalents contextRef="From20090101To20090630" decimals="-3" unitRef="TWD">-423906000</tw-gaap-ci:NetChangesCashCashEquivalents>
	<tw-gaap-ci:CashCashEquivalents contextRef="AsOf20100101" decimals="-3" unitRef="TWD">2416192000</tw-gaap-ci:CashCashEquivalents>
	<tw-gaap-ci:CashCashEquivalents contextRef="AsOf20090101" decimals="-3" unitRef="TWD">950452000</tw-gaap-ci:CashCashEquivalents>
	<tw-gaap-ci:InterestPaidExcludingCapitalizedInterest contextRef="From20100101To20100630" decimals="-3" unitRef="TWD">10624000</tw-gaap-ci:InterestPaidExcludingCapitalizedInterest>
	<tw-gaap-ci:InterestPaidExcludingCapitalizedInterest contextRef="From20090101To20090630" decimals="-3" unitRef="TWD">27833000</tw-gaap-ci:InterestPaidExcludingCapitalizedInterest>
	<tw-gaap-ci:IncomeTaxPaid contextRef="From20100101To20100630" decimals="-3" unitRef="TWD">243435000</tw-gaap-ci:IncomeTaxPaid>
	<tw-gaap-ci:IncomeTaxPaid contextRef="From20090101To20090630" decimals="-3" unitRef="TWD">372417000</tw-gaap-ci:IncomeTaxPaid>
	<tw-gaap-ci:CurrentPortionLong-termLiability contextRef="From20100101To20100630" decimals="-3" unitRef="TWD">350000000</tw-gaap-ci:CurrentPortionLong-termLiability>
	<tw-gaap-ci:CurrentPortionLong-termLiability contextRef="From20090101To20090630" decimals="-3" unitRef="TWD">350000000</tw-gaap-ci:CurrentPortionLong-termLiability>
	<tw-gaap-ci:DividendsPayable contextRef="From20100101To20100630" decimals="-3" unitRef="TWD">1329817000</tw-gaap-ci:DividendsPayable>
	<tw-gaap-ci:DividendsPayable contextRef="From20090101To20090630" decimals="-3" unitRef="TWD">599716000</tw-gaap-ci:DividendsPayable>
	<tw-gaap-ci:IncreasePropertyPlantEquipment contextRef="From20100101To20100630" decimals="-3" unitRef="TWD">65941000</tw-gaap-ci:IncreasePropertyPlantEquipment>
	<tw-gaap-ci:IncreasePropertyPlantEquipment contextRef="From20090101To20090630" decimals="-3" unitRef="TWD">8449000</tw-gaap-ci:IncreasePropertyPlantEquipment>
	<tw-gaap-ci:ChangesPayableEquipmentPurchased contextRef="From20100101To20100630" decimals="-3" unitRef="TWD">-4131000</tw-gaap-ci:ChangesPayableEquipmentPurchased>
	<tw-gaap-ci:ChangesPayableEquipmentPurchased contextRef="From20090101To20090630" decimals="-3" unitRef="TWD">34734000</tw-gaap-ci:ChangesPayableEquipmentPurchased>
	<tw-gaap-ci:CashPaidAcquisitionPropertyPlantEquipment contextRef="From20100101To20100630" decimals="-3" unitRef="TWD">61810000</tw-gaap-ci:CashPaidAcquisitionPropertyPlantEquipment>
	<tw-gaap-ci:CashPaidAcquisitionPropertyPlantEquipment contextRef="From20090101To20090630" decimals="-3" unitRef="TWD">43183000</tw-gaap-ci:CashPaidAcquisitionPropertyPlantEquipment>
	<tw-gaap-ci:ProceedsSalePropertyPlantEquipment contextRef="From20100101To20100630" decimals="-3" unitRef="TWD">65000</tw-gaap-ci:ProceedsSalePropertyPlantEquipment>
	<tw-gaap-ci:ProceedsSalePropertyPlantEquipment contextRef="From20090101To20090630" decimals="-3" unitRef="TWD">316578000</tw-gaap-ci:ProceedsSalePropertyPlantEquipment>
	<tw-gaap-ci:ChangesOtherReceivablesSaleFixedAssets contextRef="From20100101To20100630" decimals="-3" unitRef="TWD">0</tw-gaap-ci:ChangesOtherReceivablesSaleFixedAssets>
	<tw-gaap-ci:ChangesOtherReceivablesSaleFixedAssets contextRef="From20090101To20090630" decimals="-3" unitRef="TWD">-314483000</tw-gaap-ci:ChangesOtherReceivablesSaleFixedAssets>
	<tw-gaap-ci:CashReceivedSalePropertyPlantEquipment contextRef="From20100101To20100630" decimals="-3" unitRef="TWD">65000</tw-gaap-ci:CashReceivedSalePropertyPlantEquipment>
	<tw-gaap-ci:CashReceivedSalePropertyPlantEquipment contextRef="From20090101To20090630" decimals="-3" unitRef="TWD">2095000</tw-gaap-ci:CashReceivedSalePropertyPlantEquipment>
	<tw-gaap-ci:BeginningBalanceMember contextRef="AsOf20100630_CommonStockValueMember" decimals="-3" unitRef="TWD">6649085000</tw-gaap-ci:BeginningBalanceMember>
	<tw-gaap-ci:BeginningBalanceMember contextRef="AsOf20100630_CapitalStockMember" decimals="-3" unitRef="TWD">6649085000</tw-gaap-ci:BeginningBalanceMember>
	<tw-gaap-ci:BeginningBalanceMember contextRef="AsOf20100630_CapitalSurplusMember" decimals="-3" unitRef="TWD">5784450000</tw-gaap-ci:BeginningBalanceMember>
	<tw-gaap-ci:BeginningBalanceMember contextRef="AsOf20100630_LegalReserveMember" decimals="-3" unitRef="TWD">2609711000</tw-gaap-ci:BeginningBalanceMember>
	<tw-gaap-ci:BeginningBalanceMember contextRef="AsOf20100630_UnappropriatedRetainedEarningsMember" decimals="-3" unitRef="TWD">15388407000</tw-gaap-ci:BeginningBalanceMember>
	<tw-gaap-ci:BeginningBalanceMember contextRef="AsOf20100630_RetainedEarningsMember" decimals="-3" unitRef="TWD">17998118000</tw-gaap-ci:BeginningBalanceMember>
	<tw-gaap-ci:BeginningBalanceMember contextRef="AsOf20100630_CumulativeTranslationAdjustmentsMember" decimals="-3" unitRef="TWD">1515397000</tw-gaap-ci:BeginningBalanceMember>
	<tw-gaap-ci:BeginningBalanceMember contextRef="AsOf20100630_UnrealizedGainLossesFinancialInstrumentMember" decimals="-3" unitRef="TWD">601000</tw-gaap-ci:BeginningBalanceMember>
	<tw-gaap-ci:BeginningBalanceMember contextRef="AsOf20100630_UnrealizedRevaluationIncrementMember" decimals="-3" unitRef="TWD">11019000</tw-gaap-ci:BeginningBalanceMember>
	<tw-gaap-ci:BeginningBalanceMember contextRef="AsOf20100630_StockholdersEquitiesAdjustmentsMember" decimals="-3" unitRef="TWD">1527017000</tw-gaap-ci:BeginningBalanceMember>
	<tw-gaap-ci:BeginningBalanceMember contextRef="AsOf20100630_TotalStockholdersEquitiesMember" decimals="-3" unitRef="TWD">31958670000</tw-gaap-ci:BeginningBalanceMember>
	<tw-gaap-ci:NetIncomeLossMember contextRef="From20100101To20100630_UnappropriatedRetainedEarningsMember" decimals="-3" unitRef="TWD">1406193000</tw-gaap-ci:NetIncomeLossMember>
	<tw-gaap-ci:NetIncomeLossMember contextRef="From20100101To20100630_RetainedEarningsMember" decimals="-3" unitRef="TWD">1406193000</tw-gaap-ci:NetIncomeLossMember>
	<tw-gaap-ci:NetIncomeLossMember contextRef="From20100101To20100630_TotalStockholdersEquitiesMember" decimals="-3" unitRef="TWD">1406193000</tw-gaap-ci:NetIncomeLossMember>
	<tw-gaap-ci:LegalReserveAppropriatedMember contextRef="From20100101To20100630_LegalReserveMember" decimals="-3" unitRef="TWD">332008000</tw-gaap-ci:LegalReserveAppropriatedMember>
	<tw-gaap-ci:LegalReserveAppropriatedMember contextRef="From20100101To20100630_UnappropriatedRetainedEarningsMember" decimals="-3" unitRef="TWD">-332008000</tw-gaap-ci:LegalReserveAppropriatedMember>
	<tw-gaap-ci:LegalReserveAppropriatedMember contextRef="From20100101To20100630_RetainedEarningsMember" decimals="-3" unitRef="TWD">0</tw-gaap-ci:LegalReserveAppropriatedMember>
	<tw-gaap-ci:LegalReserveAppropriatedMember contextRef="From20100101To20100630_TotalStockholdersEquitiesMember" decimals="-3" unitRef="TWD">0</tw-gaap-ci:LegalReserveAppropriatedMember>
	<tw-gaap-ci:CashDividendsCommonStockMember contextRef="From20100101To20100630_UnappropriatedRetainedEarningsMember" decimals="-3" unitRef="TWD">-1329817000</tw-gaap-ci:CashDividendsCommonStockMember>
	<tw-gaap-ci:CashDividendsCommonStockMember contextRef="From20100101To20100630_RetainedEarningsMember" decimals="-3" unitRef="TWD">-1329817000</tw-gaap-ci:CashDividendsCommonStockMember>
	<tw-gaap-ci:CashDividendsCommonStockMember contextRef="From20100101To20100630_TotalStockholdersEquitiesMember" decimals="-3" unitRef="TWD">-1329817000</tw-gaap-ci:CashDividendsCommonStockMember>
	<tw-gaap-ci:EffectLongtermEquityInvestmentNotRecognizedShareholdingPercentageMember contextRef="From20100101To20100630_CapitalSurplusMember" decimals="-3" unitRef="TWD">2536000</tw-gaap-ci:EffectLongtermEquityInvestmentNotRecognizedShareholdingPercentageMember>
	<tw-gaap-ci:EffectLongtermEquityInvestmentNotRecognizedShareholdingPercentageMember contextRef="From20100101To20100630_UnappropriatedRetainedEarningsMember" decimals="-3" unitRef="TWD">0</tw-gaap-ci:EffectLongtermEquityInvestmentNotRecognizedShareholdingPercentageMember>
	<tw-gaap-ci:EffectLongtermEquityInvestmentNotRecognizedShareholdingPercentageMember contextRef="From20100101To20100630_RetainedEarningsMember" decimals="-3" unitRef="TWD">0</tw-gaap-ci:EffectLongtermEquityInvestmentNotRecognizedShareholdingPercentageMember>
	<tw-gaap-ci:EffectLongtermEquityInvestmentNotRecognizedShareholdingPercentageMember contextRef="From20100101To20100630_TotalStockholdersEquitiesMember" decimals="-3" unitRef="TWD">2536000</tw-gaap-ci:EffectLongtermEquityInvestmentNotRecognizedShareholdingPercentageMember>
	<tw-gaap-ci:ChangesUnrealizedGainLossesAvailableSaleFinancialAssetsMember contextRef="From20100101To20100630_UnrealizedGainLossesFinancialInstrumentMember" decimals="-3" unitRef="TWD">3543000</tw-gaap-ci:ChangesUnrealizedGainLossesAvailableSaleFinancialAssetsMember>
	<tw-gaap-ci:ChangesUnrealizedGainLossesAvailableSaleFinancialAssetsMember contextRef="From20100101To20100630_StockholdersEquitiesAdjustmentsMember" decimals="-3" unitRef="TWD">3543000</tw-gaap-ci:ChangesUnrealizedGainLossesAvailableSaleFinancialAssetsMember>
	<tw-gaap-ci:ChangesUnrealizedGainLossesAvailableSaleFinancialAssetsMember contextRef="From20100101To20100630_TotalStockholdersEquitiesMember" decimals="-3" unitRef="TWD">3543000</tw-gaap-ci:ChangesUnrealizedGainLossesAvailableSaleFinancialAssetsMember>
	<tw-gaap-ci:ChangesForeignExchangeGainLossTranslationForeignCurrencyFinancialStatementsMember contextRef="From20100101To20100630_CumulativeTranslationAdjustmentsMember" decimals="-3" unitRef="TWD">335152000</tw-gaap-ci:ChangesForeignExchangeGainLossTranslationForeignCurrencyFinancialStatementsMember>
	<tw-gaap-ci:ChangesForeignExchangeGainLossTranslationForeignCurrencyFinancialStatementsMember contextRef="From20100101To20100630_StockholdersEquitiesAdjustmentsMember" decimals="-3" unitRef="TWD">335152000</tw-gaap-ci:ChangesForeignExchangeGainLossTranslationForeignCurrencyFinancialStatementsMember>
	<tw-gaap-ci:ChangesForeignExchangeGainLossTranslationForeignCurrencyFinancialStatementsMember contextRef="From20100101To20100630_TotalStockholdersEquitiesMember" decimals="-3" unitRef="TWD">335152000</tw-gaap-ci:ChangesForeignExchangeGainLossTranslationForeignCurrencyFinancialStatementsMember>
	<tw-gaap-ci:ChangesMember contextRef="From20100101To20100630_CommonStockValueMember" decimals="-3" unitRef="TWD">0</tw-gaap-ci:ChangesMember>
	<tw-gaap-ci:ChangesMember contextRef="From20100101To20100630_CapitalStockMember" decimals="-3" unitRef="TWD">0</tw-gaap-ci:ChangesMember>
	<tw-gaap-ci:ChangesMember contextRef="From20100101To20100630_CapitalSurplusMember" decimals="-3" unitRef="TWD">2536000</tw-gaap-ci:ChangesMember>
	<tw-gaap-ci:ChangesMember contextRef="From20100101To20100630_LegalReserveMember" decimals="-3" unitRef="TWD">332008000</tw-gaap-ci:ChangesMember>
	<tw-gaap-ci:ChangesMember contextRef="From20100101To20100630_UnappropriatedRetainedEarningsMember" decimals="-3" unitRef="TWD">-255632000</tw-gaap-ci:ChangesMember>
	<tw-gaap-ci:ChangesMember contextRef="From20100101To20100630_RetainedEarningsMember" decimals="-3" unitRef="TWD">76376000</tw-gaap-ci:ChangesMember>
	<tw-gaap-ci:ChangesMember contextRef="From20100101To20100630_CumulativeTranslationAdjustmentsMember" decimals="-3" unitRef="TWD">335152000</tw-gaap-ci:ChangesMember>
	<tw-gaap-ci:ChangesMember contextRef="From20100101To20100630_UnrealizedGainLossesFinancialInstrumentMember" decimals="-3" unitRef="TWD">3543000</tw-gaap-ci:ChangesMember>
	<tw-gaap-ci:ChangesMember contextRef="From20100101To20100630_UnrealizedRevaluationIncrementMember" decimals="-3" unitRef="TWD">0</tw-gaap-ci:ChangesMember>
	<tw-gaap-ci:ChangesMember contextRef="From20100101To20100630_StockholdersEquitiesAdjustmentsMember" decimals="-3" unitRef="TWD">338695000</tw-gaap-ci:ChangesMember>
	<tw-gaap-ci:ChangesMember contextRef="From20100101To20100630_TotalStockholdersEquitiesMember" decimals="-3" unitRef="TWD">417607000</tw-gaap-ci:ChangesMember>
	<tw-gaap-ci:EndYear contextRef="AsOf20100630_CommonStockValueMember" decimals="-3" unitRef="TWD">6649085000</tw-gaap-ci:EndYear>
	<tw-gaap-ci:EndYear contextRef="AsOf20100630_CapitalStockMember" decimals="-3" unitRef="TWD">6649085000</tw-gaap-ci:EndYear>
	<tw-gaap-ci:EndYear contextRef="AsOf20100630_CapitalSurplusMember" decimals="-3" unitRef="TWD">5786986000</tw-gaap-ci:EndYear>
	<tw-gaap-ci:EndYear contextRef="AsOf20100630_LegalReserveMember" decimals="-3" unitRef="TWD">2941719000</tw-gaap-ci:EndYear>
	<tw-gaap-ci:EndYear contextRef="AsOf20100630_UnappropriatedRetainedEarningsMember" decimals="-3" unitRef="TWD">15132775000</tw-gaap-ci:EndYear>
	<tw-gaap-ci:EndYear contextRef="AsOf20100630_RetainedEarningsMember" decimals="-3" unitRef="TWD">18074494000</tw-gaap-ci:EndYear>
	<tw-gaap-ci:EndYear contextRef="AsOf20100630_CumulativeTranslationAdjustmentsMember" decimals="-3" unitRef="TWD">1850549000</tw-gaap-ci:EndYear>
	<tw-gaap-ci:EndYear contextRef="AsOf20100630_UnrealizedGainLossesFinancialInstrumentMember" decimals="-3" unitRef="TWD">4144000</tw-gaap-ci:EndYear>
	<tw-gaap-ci:EndYear contextRef="AsOf20100630_UnrealizedRevaluationIncrementMember" decimals="-3" unitRef="TWD">11019000</tw-gaap-ci:EndYear>
	<tw-gaap-ci:EndYear contextRef="AsOf20100630_StockholdersEquitiesAdjustmentsMember" decimals="-3" unitRef="TWD">1865712000</tw-gaap-ci:EndYear>
	<tw-gaap-ci:EndYear contextRef="AsOf20100630_TotalStockholdersEquitiesMember" decimals="-3" unitRef="TWD">32376277000</tw-gaap-ci:EndYear>
	<tw-gaap-ci:BeginningBalanceMember contextRef="AsOf20090630_CommonStockValueMember" decimals="-3" unitRef="TWD">5997159000</tw-gaap-ci:BeginningBalanceMember>
	<tw-gaap-ci:BeginningBalanceMember contextRef="AsOf20090630_CapitalStockMember" decimals="-3" unitRef="TWD">5997159000</tw-gaap-ci:BeginningBalanceMember>
	<tw-gaap-ci:BeginningBalanceMember contextRef="AsOf20090630_CapitalSurplusMember" decimals="-3" unitRef="TWD">5178676000</tw-gaap-ci:BeginningBalanceMember>
	<tw-gaap-ci:BeginningBalanceMember contextRef="AsOf20090630_LegalReserveMember" decimals="-3" unitRef="TWD">2175072000</tw-gaap-ci:BeginningBalanceMember>
	<tw-gaap-ci:BeginningBalanceMember contextRef="AsOf20090630_UnappropriatedRetainedEarningsMember" decimals="-3" unitRef="TWD">13705391000</tw-gaap-ci:BeginningBalanceMember>
	<tw-gaap-ci:BeginningBalanceMember contextRef="AsOf20090630_RetainedEarningsMember" decimals="-3" unitRef="TWD">15880463000</tw-gaap-ci:BeginningBalanceMember>
	<tw-gaap-ci:BeginningBalanceMember contextRef="AsOf20090630_CumulativeTranslationAdjustmentsMember" decimals="-3" unitRef="TWD">2386420000</tw-gaap-ci:BeginningBalanceMember>
	<tw-gaap-ci:BeginningBalanceMember contextRef="AsOf20090630_UnrealizedGainLossesFinancialInstrumentMember" decimals="-3" unitRef="TWD">0</tw-gaap-ci:BeginningBalanceMember>
	<tw-gaap-ci:BeginningBalanceMember contextRef="AsOf20090630_UnrealizedRevaluationIncrementMember" decimals="-3" unitRef="TWD">11019000</tw-gaap-ci:BeginningBalanceMember>
	<tw-gaap-ci:BeginningBalanceMember contextRef="AsOf20090630_StockholdersEquitiesAdjustmentsMember" decimals="-3" unitRef="TWD">2397439000</tw-gaap-ci:BeginningBalanceMember>
	<tw-gaap-ci:BeginningBalanceMember contextRef="AsOf20090630_TotalStockholdersEquitiesMember" decimals="-3" unitRef="TWD">29453737000</tw-gaap-ci:BeginningBalanceMember>
	<tw-gaap-ci:EmployeeStockBonusMember contextRef="From20090101To20090630_CommonStockValueMember" decimals="-3" unitRef="TWD">52210000</tw-gaap-ci:EmployeeStockBonusMember>
	<tw-gaap-ci:EmployeeStockBonusMember contextRef="From20090101To20090630_CapitalStockMember" decimals="-3" unitRef="TWD">52210000</tw-gaap-ci:EmployeeStockBonusMember>
	<tw-gaap-ci:EmployeeStockBonusMember contextRef="From20090101To20090630_CapitalSurplusMember" decimals="-3" unitRef="TWD">314204000</tw-gaap-ci:EmployeeStockBonusMember>
	<tw-gaap-ci:EmployeeStockBonusMember contextRef="From20090101To20090630_TotalStockholdersEquitiesMember" decimals="-3" unitRef="TWD">366414000</tw-gaap-ci:EmployeeStockBonusMember>
	<tw-gaap-ci:NetIncomeLossMember contextRef="From20090101To20090630_UnappropriatedRetainedEarningsMember" decimals="-3" unitRef="TWD">1384377000</tw-gaap-ci:NetIncomeLossMember>
	<tw-gaap-ci:NetIncomeLossMember contextRef="From20090101To20090630_RetainedEarningsMember" decimals="-3" unitRef="TWD">1384377000</tw-gaap-ci:NetIncomeLossMember>
	<tw-gaap-ci:NetIncomeLossMember contextRef="From20090101To20090630_TotalStockholdersEquitiesMember" decimals="-3" unitRef="TWD">1384377000</tw-gaap-ci:NetIncomeLossMember>
	<tw-gaap-ci:LegalReserveAppropriatedMember contextRef="From20090101To20090630_LegalReserveMember" decimals="-3" unitRef="TWD">434639000</tw-gaap-ci:LegalReserveAppropriatedMember>
	<tw-gaap-ci:LegalReserveAppropriatedMember contextRef="From20090101To20090630_UnappropriatedRetainedEarningsMember" decimals="-3" unitRef="TWD">-434639000</tw-gaap-ci:LegalReserveAppropriatedMember>
	<tw-gaap-ci:LegalReserveAppropriatedMember contextRef="From20090101To20090630_RetainedEarningsMember" decimals="-3" unitRef="TWD">0</tw-gaap-ci:LegalReserveAppropriatedMember>
	<tw-gaap-ci:LegalReserveAppropriatedMember contextRef="From20090101To20090630_TotalStockholdersEquitiesMember" decimals="-3" unitRef="TWD">0</tw-gaap-ci:LegalReserveAppropriatedMember>
	<tw-gaap-ci:CashDividendsCommonStockMember contextRef="From20090101To20090630_UnappropriatedRetainedEarningsMember" decimals="-3" unitRef="TWD">-599716000</tw-gaap-ci:CashDividendsCommonStockMember>
	<tw-gaap-ci:CashDividendsCommonStockMember contextRef="From20090101To20090630_RetainedEarningsMember" decimals="-3" unitRef="TWD">-599716000</tw-gaap-ci:CashDividendsCommonStockMember>
	<tw-gaap-ci:CashDividendsCommonStockMember contextRef="From20090101To20090630_TotalStockholdersEquitiesMember" decimals="-3" unitRef="TWD">-599716000</tw-gaap-ci:CashDividendsCommonStockMember>
	<tw-gaap-ci:RetainedEarningsTransferredCapitalMember contextRef="From20090101To20090630_CommonStockValueMember" decimals="-3" unitRef="TWD">599716000</tw-gaap-ci:RetainedEarningsTransferredCapitalMember>
	<tw-gaap-ci:RetainedEarningsTransferredCapitalMember contextRef="From20090101To20090630_CapitalStockMember" decimals="-3" unitRef="TWD">599716000</tw-gaap-ci:RetainedEarningsTransferredCapitalMember>
	<tw-gaap-ci:RetainedEarningsTransferredCapitalMember contextRef="From20090101To20090630_LegalReserveMember" decimals="-3" unitRef="TWD">0</tw-gaap-ci:RetainedEarningsTransferredCapitalMember>
	<tw-gaap-ci:RetainedEarningsTransferredCapitalMember contextRef="From20090101To20090630_UnappropriatedRetainedEarningsMember" decimals="-3" unitRef="TWD">-599716000</tw-gaap-ci:RetainedEarningsTransferredCapitalMember>
	<tw-gaap-ci:RetainedEarningsTransferredCapitalMember contextRef="From20090101To20090630_RetainedEarningsMember" decimals="-3" unitRef="TWD">-599716000</tw-gaap-ci:RetainedEarningsTransferredCapitalMember>
	<tw-gaap-ci:RetainedEarningsTransferredCapitalMember contextRef="From20090101To20090630_TotalStockholdersEquitiesMember" decimals="-3" unitRef="TWD">0</tw-gaap-ci:RetainedEarningsTransferredCapitalMember>
	<tw-gaap-ci:EffectLongtermEquityInvestmentNotRecognizedShareholdingPercentageMember contextRef="From20090101To20090630_CapitalSurplusMember" decimals="-3" unitRef="TWD">0</tw-gaap-ci:EffectLongtermEquityInvestmentNotRecognizedShareholdingPercentageMember>
	<tw-gaap-ci:EffectLongtermEquityInvestmentNotRecognizedShareholdingPercentageMember contextRef="From20090101To20090630_UnappropriatedRetainedEarningsMember" decimals="-3" unitRef="TWD">-2996000</tw-gaap-ci:EffectLongtermEquityInvestmentNotRecognizedShareholdingPercentageMember>
	<tw-gaap-ci:EffectLongtermEquityInvestmentNotRecognizedShareholdingPercentageMember contextRef="From20090101To20090630_RetainedEarningsMember" decimals="-3" unitRef="TWD">-2996000</tw-gaap-ci:EffectLongtermEquityInvestmentNotRecognizedShareholdingPercentageMember>
	<tw-gaap-ci:EffectLongtermEquityInvestmentNotRecognizedShareholdingPercentageMember contextRef="From20090101To20090630_TotalStockholdersEquitiesMember" decimals="-3" unitRef="TWD">-2996000</tw-gaap-ci:EffectLongtermEquityInvestmentNotRecognizedShareholdingPercentageMember>
	<tw-gaap-ci:ChangesUnrealizedGainLossesAvailableSaleFinancialAssetsMember contextRef="From20090101To20090630_UnrealizedGainLossesFinancialInstrumentMember" decimals="-3" unitRef="TWD">180000</tw-gaap-ci:ChangesUnrealizedGainLossesAvailableSaleFinancialAssetsMember>
	<tw-gaap-ci:ChangesUnrealizedGainLossesAvailableSaleFinancialAssetsMember contextRef="From20090101To20090630_StockholdersEquitiesAdjustmentsMember" decimals="-3" unitRef="TWD">180000</tw-gaap-ci:ChangesUnrealizedGainLossesAvailableSaleFinancialAssetsMember>
	<tw-gaap-ci:ChangesUnrealizedGainLossesAvailableSaleFinancialAssetsMember contextRef="From20090101To20090630_TotalStockholdersEquitiesMember" decimals="-3" unitRef="TWD">180000</tw-gaap-ci:ChangesUnrealizedGainLossesAvailableSaleFinancialAssetsMember>
	<tw-gaap-ci:ChangesForeignExchangeGainLossTranslationForeignCurrencyFinancialStatementsMember contextRef="From20090101To20090630_CumulativeTranslationAdjustmentsMember" decimals="-3" unitRef="TWD">-52367000</tw-gaap-ci:ChangesForeignExchangeGainLossTranslationForeignCurrencyFinancialStatementsMember>
	<tw-gaap-ci:ChangesForeignExchangeGainLossTranslationForeignCurrencyFinancialStatementsMember contextRef="From20090101To20090630_StockholdersEquitiesAdjustmentsMember" decimals="-3" unitRef="TWD">-52367000</tw-gaap-ci:ChangesForeignExchangeGainLossTranslationForeignCurrencyFinancialStatementsMember>
	<tw-gaap-ci:ChangesForeignExchangeGainLossTranslationForeignCurrencyFinancialStatementsMember contextRef="From20090101To20090630_TotalStockholdersEquitiesMember" decimals="-3" unitRef="TWD">-52367000</tw-gaap-ci:ChangesForeignExchangeGainLossTranslationForeignCurrencyFinancialStatementsMember>
	<tw-gaap-ci:ChangesMember contextRef="From20090101To20090630_CommonStockValueMember" decimals="-3" unitRef="TWD">651926000</tw-gaap-ci:ChangesMember>
	<tw-gaap-ci:ChangesMember contextRef="From20090101To20090630_CapitalStockMember" decimals="-3" unitRef="TWD">651926000</tw-gaap-ci:ChangesMember>
	<tw-gaap-ci:ChangesMember contextRef="From20090101To20090630_CapitalSurplusMember" decimals="-3" unitRef="TWD">314204000</tw-gaap-ci:ChangesMember>
	<tw-gaap-ci:ChangesMember contextRef="From20090101To20090630_LegalReserveMember" decimals="-3" unitRef="TWD">434639000</tw-gaap-ci:ChangesMember>
	<tw-gaap-ci:ChangesMember contextRef="From20090101To20090630_UnappropriatedRetainedEarningsMember" decimals="-3" unitRef="TWD">-252690000</tw-gaap-ci:ChangesMember>
	<tw-gaap-ci:ChangesMember contextRef="From20090101To20090630_RetainedEarningsMember" decimals="-3" unitRef="TWD">181949000</tw-gaap-ci:ChangesMember>
	<tw-gaap-ci:ChangesMember contextRef="From20090101To20090630_CumulativeTranslationAdjustmentsMember" decimals="-3" unitRef="TWD">-52367000</tw-gaap-ci:ChangesMember>
	<tw-gaap-ci:ChangesMember contextRef="From20090101To20090630_UnrealizedGainLossesFinancialInstrumentMember" decimals="-3" unitRef="TWD">180000</tw-gaap-ci:ChangesMember>
	<tw-gaap-ci:ChangesMember contextRef="From20090101To20090630_UnrealizedRevaluationIncrementMember" decimals="-3" unitRef="TWD">0</tw-gaap-ci:ChangesMember>
	<tw-gaap-ci:ChangesMember contextRef="From20090101To20090630_StockholdersEquitiesAdjustmentsMember" decimals="-3" unitRef="TWD">-52187000</tw-gaap-ci:ChangesMember>
	<tw-gaap-ci:ChangesMember contextRef="From20090101To20090630_TotalStockholdersEquitiesMember" decimals="-3" unitRef="TWD">1095892000</tw-gaap-ci:ChangesMember>
	<tw-gaap-ci:EndYear contextRef="AsOf20090630_CommonStockValueMember" decimals="-3" unitRef="TWD">6649085000</tw-gaap-ci:EndYear>
	<tw-gaap-ci:EndYear contextRef="AsOf20090630_CapitalStockMember" decimals="-3" unitRef="TWD">6649085000</tw-gaap-ci:EndYear>
	<tw-gaap-ci:EndYear contextRef="AsOf20090630_CapitalSurplusMember" decimals="-3" unitRef="TWD">5492880000</tw-gaap-ci:EndYear>
	<tw-gaap-ci:EndYear contextRef="AsOf20090630_LegalReserveMember" decimals="-3" unitRef="TWD">2609711000</tw-gaap-ci:EndYear>
	<tw-gaap-ci:EndYear contextRef="AsOf20090630_UnappropriatedRetainedEarningsMember" decimals="-3" unitRef="TWD">13452701000</tw-gaap-ci:EndYear>
	<tw-gaap-ci:EndYear contextRef="AsOf20090630_RetainedEarningsMember" decimals="-3" unitRef="TWD">16062412000</tw-gaap-ci:EndYear>
	<tw-gaap-ci:EndYear contextRef="AsOf20090630_CumulativeTranslationAdjustmentsMember" decimals="-3" unitRef="TWD">2334053000</tw-gaap-ci:EndYear>
	<tw-gaap-ci:EndYear contextRef="AsOf20090630_UnrealizedGainLossesFinancialInstrumentMember" decimals="-3" unitRef="TWD">180000</tw-gaap-ci:EndYear>
	<tw-gaap-ci:EndYear contextRef="AsOf20090630_UnrealizedRevaluationIncrementMember" decimals="-3" unitRef="TWD">11019000</tw-gaap-ci:EndYear>
	<tw-gaap-ci:EndYear contextRef="AsOf20090630_StockholdersEquitiesAdjustmentsMember" decimals="-3" unitRef="TWD">2345252000</tw-gaap-ci:EndYear>
	<tw-gaap-ci:EndYear contextRef="AsOf20090630_TotalStockholdersEquitiesMember" decimals="-3" unitRef="TWD">30549629000</tw-gaap-ci:EndYear>
	<tw-gaap-ar:AccountantName contextRef="AsOf20100811">勤業眾信聯合會計師事務所</tw-gaap-ar:AccountantName>
	<tw-gaap-ar:AssuranceAccountantName1 contextRef="AsOf20100811">廖鴻儒</tw-gaap-ar:AssuranceAccountantName1>
	<tw-gaap-ar:AssuranceAccountantName2 contextRef="AsOf20100811">李季珍</tw-gaap-ar:AssuranceAccountantName2>
	<tw-gaap-ar:ReviewAuditDate contextRef="AsOf20100811">2010-08-11</tw-gaap-ar:ReviewAuditDate>
	<tw-gaap-ar:AuditReport contextRef="AsOf20100811">Y</tw-gaap-ar:AuditReport>
	<tw-gaap-ar:QualifiedOpinionAdditionOtherItemExplainatoryParagraph contextRef="AsOf20100811">Y</tw-gaap-ar:QualifiedOpinionAdditionOtherItemExplainatoryParagraph>
	<tw-gaap-ar:ContainOtherAccountantsReport contextRef="AsOf20100811">Y</tw-gaap-ar:ContainOtherAccountantsReport>
	<tw-gaap-ar:ByInvestmentCompaniesWithoutAccountantAuditReportRecognizedGainLoss contextRef="AsOf20100811">Y</tw-gaap-ar:ByInvestmentCompaniesWithoutAccountantAuditReportRecognizedGainLoss>
	<tw-gaap-ar:DescriptionEmphasizeItemBody contextRef="AsOf20100811"><![CDATA[]]></tw-gaap-ar:DescriptionEmphasizeItemBody>
	<tw-gaap-ar:DescriptionOtherItemBody contextRef="AsOf20100811"><![CDATA[]]></tw-gaap-ar:DescriptionOtherItemBody>
	<tw-gaap-ar:AccountantsReportBody contextRef="AsOf20100811"><![CDATA[                      會  計  師  查  核  報  告               
                                                                
可成科技股份有限公司 公鑒:                                      


    可成科技股份有限公司民國九十九年及九十八年六月三十日之資產負債
表，暨民國九十九及九十八年一月一日至六月三十日之損益表、股東權益變
動表及現金流量表，業經本會計師查核竣事。上開財務報表之編製係管理階
層之責任，本會計師之責任則為根據查核結果對上開財務報表表示意見。列
入上開財務報表中，按權益法評價之被投資公司鑫禾科技公司之財務報表係
由其他會計師查核，因此，本會計師對上開財務報表所表示之意見中，其有
關投資鑫禾科技公司長期股權投資及其投資損益，係依據其他會計師之查核
報告認列。民國九十九年及九十八年六月三十日對鑫禾科技公司之長期股權
投資金額分別為新台幣（以下同）288,471千元及182,762千元，分別占資產
總額之0.70%及0.51%。民國九十九及九十八年上半年度對鑫禾科技公司之投
資收益分別為47,520千元及44,676千元，分別占稅前淨利之3.07%及2.71%。
    除下段所述者外，本會計師依照會計師查核簽證財務報表規則及一般公
認審計準則規劃並執行查核工作，以合理確信財務報表有無重大不實表達。
此項查核工作包括以抽查方式獲取財務報表所列金額及所揭露事項之查核證
據、評估管理階層編製財務報表所採用之會計原則及所作之重大會計估計，
暨評估財務報表整體之表達。本會計師相信此項查核工作及其他會計師之查
核報告可對所表示之意見提供合理之依據。
    如財務報表附註十所述，可成科技股份有限公司經由Nanomag 
International Co.,Ltd.轉投資之巢湖雲海鎂業有限公司，其民國九十九年六
月三十日長期股權投資餘額為190,124千元；民國九十九年上半年度認列投資
損失為610千元，暨財務報表附註二三揭露之轉投資事業相關資訊係依據該
被投資公司同期間未經會計師查核之財務報表認列及揭露。
    依本會計師之意見，基於本會計師之查核結果及其他會計師之查核報告
，除上段所述該被投資公司財務報表倘經會計師查核，對財務報表可能有
所調整之影響外，第一段所述財務報表在所有重大方面係依照證券發行人財
務報告編製準則、商業會計法及商業會計處理準則中與財務會計準則相關之
規定暨一般公認會計原則編製，足以允當表達可成科技股份有限公司民國九
十九年及九十八年六月三十日之財務狀況，暨民國九十九及九十八年上半年
度之經營成果與現金流量。
    如財務報表附註三所述，可成科技股份有限公司自民國九十八年一月一
日起，採用新修訂之財務會計準則公報第十號「存貨之會計處理準則」。
    可成科技股份有限公司已編製民國九十九及九十八年上半年度之合併財
務報表，經本會計師核閱並分別出具保留式核閱報告及修正式無保留核閱報
告在案，備供參考。
    隨附可成科技股份有限公司民國九十九年上半年度財務報表重要會計科
目明細表，主要係供補充分析，亦經本會計師執行第二段所述之查核程序。
據本會計師之意見，該等科目明細表在所有重大方面與第一段所述財務報表
相關資訊一致。

勤業眾信聯合會計師事務所                                            
會 計 師 廖 鴻 儒		    會 計 師 李 季 珍  
行政院金融監督管理委員會核准文號    財政部證券暨期貨管理委員會核准文號　
金管證審字第0990031652號            台財證六字第0920123784號  
                                                                
中　　華　　民　　國　九 十 九　年　八　月　十一　日
]]></tw-gaap-ar:AccountantsReportBody>
	<tw-gaap-notes:FinancialReportnotes contextRef="AsOf20100630"><![CDATA[http://doc.twse.com.tw/server-java/t57sb01?step=1&colorchg=1&co_id=2474&year=99&seamon=2&mtype=A&]]></tw-gaap-notes:FinancialReportnotes>
</xbrl>

<!--This instance document is created by SIIAP V1.2.11-->
