<?xml version="1.0" encoding="UTF-8"?>
<xbrl xmlns="http://www.xbrl.org/2003/instance" xmlns:iso4217="http://www.xbrl.org/2003/iso4217" xmlns:link="http://www.xbrl.org/2003/linkbase" xmlns:tw-gaap-ar="http://www.xbrl.org/tw/fr/gaap/ar/2010-06-30" xmlns:tw-gaap-ci="http://www.xbrl.org/tw/fr/gaap/tw-gaap-ci-2010-06-30" xmlns:tw-gaap-notes="http://www.xbrl.org/tw/fr/gaap/notes/2010-06-30" xmlns:xbrldi="http://xbrl.org/2006/xbrldi" xmlns:xbrldt="http://xbrl.org/2005/xbrldt" xmlns:xbrli="http://www.xbrl.org/2003/instance" xmlns:xlink="http://www.w3.org/1999/xlink">
	<link:schemaRef xlink:arcrole="http://www.w3.org/1999/xlink/properties/linkbase" xlink:href="tw-gaap-ci-2010-06-30.xsd" xlink:type="simple"/>	<context id="AsOf20100804">
		<entity>
			<identifier scheme="http://www.twse.com.tw">9912</identifier>
		</entity>
		<period>
			<instant>2010-08-04</instant>
		</period>
	</context>
	<context id="From20090101To20090630_StockholdersEquitiesAdjustmentsMember">
		<entity>
			<identifier scheme="http://www.twse.com.tw">9912</identifier>
		</entity>
		<period>
			<startDate>2009-01-01</startDate>
			<endDate>2009-06-30</endDate>
		</period>
		<scenario>
			<xbrldi:explicitMember dimension="tw-gaap-ci:StockholdersEquityDimensionMember">tw-gaap-ci:StockholdersEquitiesAdjustmentsMember</xbrldi:explicitMember>
		</scenario>
	</context>
	<context id="From20090101To20090630_CumulativeTranslationAdjustmentsMember">
		<entity>
			<identifier scheme="http://www.twse.com.tw">9912</identifier>
		</entity>
		<period>
			<startDate>2009-01-01</startDate>
			<endDate>2009-06-30</endDate>
		</period>
		<scenario>
			<xbrldi:explicitMember dimension="tw-gaap-ci:StockholdersEquityDimensionMember">tw-gaap-ci:CumulativeTranslationAdjustmentsMember</xbrldi:explicitMember>
		</scenario>
	</context>
	<context id="From20090101To20090630_TotalStockholdersEquitiesMember">
		<entity>
			<identifier scheme="http://www.twse.com.tw">9912</identifier>
		</entity>
		<period>
			<startDate>2009-01-01</startDate>
			<endDate>2009-06-30</endDate>
		</period>
		<scenario>
			<xbrldi:explicitMember dimension="tw-gaap-ci:StockholdersEquityDimensionMember">tw-gaap-ci:TotalStockholdersEquitiesMember</xbrldi:explicitMember>
		</scenario>
	</context>
	<context id="From20090101To20090630_RetainedEarningsMember">
		<entity>
			<identifier scheme="http://www.twse.com.tw">9912</identifier>
		</entity>
		<period>
			<startDate>2009-01-01</startDate>
			<endDate>2009-06-30</endDate>
		</period>
		<scenario>
			<xbrldi:explicitMember dimension="tw-gaap-ci:StockholdersEquityDimensionMember">tw-gaap-ci:RetainedEarningsMember</xbrldi:explicitMember>
		</scenario>
	</context>
	<context id="From20090101To20090630_UnappropriatedRetainedEarningsMember">
		<entity>
			<identifier scheme="http://www.twse.com.tw">9912</identifier>
		</entity>
		<period>
			<startDate>2009-01-01</startDate>
			<endDate>2009-06-30</endDate>
		</period>
		<scenario>
			<xbrldi:explicitMember dimension="tw-gaap-ci:StockholdersEquityDimensionMember">tw-gaap-ci:UnappropriatedRetainedEarningsMember</xbrldi:explicitMember>
		</scenario>
	</context>
	<context id="AsOf20090630_TotalStockholdersEquitiesMember">
		<entity>
			<identifier scheme="http://www.twse.com.tw">9912</identifier>
		</entity>
		<period>
			<instant>2009-06-30</instant>
		</period>
		<scenario>
			<xbrldi:explicitMember dimension="tw-gaap-ci:StockholdersEquityDimensionMember">tw-gaap-ci:TotalStockholdersEquitiesMember</xbrldi:explicitMember>
		</scenario>
	</context>
	<context id="AsOf20090630_StockholdersEquitiesAdjustmentsMember">
		<entity>
			<identifier scheme="http://www.twse.com.tw">9912</identifier>
		</entity>
		<period>
			<instant>2009-06-30</instant>
		</period>
		<scenario>
			<xbrldi:explicitMember dimension="tw-gaap-ci:StockholdersEquityDimensionMember">tw-gaap-ci:StockholdersEquitiesAdjustmentsMember</xbrldi:explicitMember>
		</scenario>
	</context>
	<context id="AsOf20090630_UnrealizedRevaluationIncrementMember">
		<entity>
			<identifier scheme="http://www.twse.com.tw">9912</identifier>
		</entity>
		<period>
			<instant>2009-06-30</instant>
		</period>
		<scenario>
			<xbrldi:explicitMember dimension="tw-gaap-ci:StockholdersEquityDimensionMember">tw-gaap-ci:UnrealizedRevaluationIncrementMember</xbrldi:explicitMember>
		</scenario>
	</context>
	<context id="AsOf20090630_CumulativeTranslationAdjustmentsMember">
		<entity>
			<identifier scheme="http://www.twse.com.tw">9912</identifier>
		</entity>
		<period>
			<instant>2009-06-30</instant>
		</period>
		<scenario>
			<xbrldi:explicitMember dimension="tw-gaap-ci:StockholdersEquityDimensionMember">tw-gaap-ci:CumulativeTranslationAdjustmentsMember</xbrldi:explicitMember>
		</scenario>
	</context>
	<context id="AsOf20090630_RetainedEarningsMember">
		<entity>
			<identifier scheme="http://www.twse.com.tw">9912</identifier>
		</entity>
		<period>
			<instant>2009-06-30</instant>
		</period>
		<scenario>
			<xbrldi:explicitMember dimension="tw-gaap-ci:StockholdersEquityDimensionMember">tw-gaap-ci:RetainedEarningsMember</xbrldi:explicitMember>
		</scenario>
	</context>
	<context id="AsOf20090630_UnappropriatedRetainedEarningsMember">
		<entity>
			<identifier scheme="http://www.twse.com.tw">9912</identifier>
		</entity>
		<period>
			<instant>2009-06-30</instant>
		</period>
		<scenario>
			<xbrldi:explicitMember dimension="tw-gaap-ci:StockholdersEquityDimensionMember">tw-gaap-ci:UnappropriatedRetainedEarningsMember</xbrldi:explicitMember>
		</scenario>
	</context>
	<context id="AsOf20090630_LegalReserveMember">
		<entity>
			<identifier scheme="http://www.twse.com.tw">9912</identifier>
		</entity>
		<period>
			<instant>2009-06-30</instant>
		</period>
		<scenario>
			<xbrldi:explicitMember dimension="tw-gaap-ci:StockholdersEquityDimensionMember">tw-gaap-ci:LegalReserveMember</xbrldi:explicitMember>
		</scenario>
	</context>
	<context id="AsOf20090630_CapitalStockMember">
		<entity>
			<identifier scheme="http://www.twse.com.tw">9912</identifier>
		</entity>
		<period>
			<instant>2009-06-30</instant>
		</period>
		<scenario>
			<xbrldi:explicitMember dimension="tw-gaap-ci:StockholdersEquityDimensionMember">tw-gaap-ci:CapitalStockMember</xbrldi:explicitMember>
		</scenario>
	</context>
	<context id="AsOf20090630_CommonStockValueMember">
		<entity>
			<identifier scheme="http://www.twse.com.tw">9912</identifier>
		</entity>
		<period>
			<instant>2009-06-30</instant>
		</period>
		<scenario>
			<xbrldi:explicitMember dimension="tw-gaap-ci:StockholdersEquityDimensionMember">tw-gaap-ci:CommonStockValueMember</xbrldi:explicitMember>
		</scenario>
	</context>
	<context id="From20100101To20100630_CumulativeTranslationAdjustmentsMember">
		<entity>
			<identifier scheme="http://www.twse.com.tw">9912</identifier>
		</entity>
		<period>
			<startDate>2010-01-01</startDate>
			<endDate>2010-06-30</endDate>
		</period>
		<scenario>
			<xbrldi:explicitMember dimension="tw-gaap-ci:StockholdersEquityDimensionMember">tw-gaap-ci:CumulativeTranslationAdjustmentsMember</xbrldi:explicitMember>
		</scenario>
	</context>
	<context id="From20100101To20100630_StockholdersEquitiesAdjustmentsMember">
		<entity>
			<identifier scheme="http://www.twse.com.tw">9912</identifier>
		</entity>
		<period>
			<startDate>2010-01-01</startDate>
			<endDate>2010-06-30</endDate>
		</period>
		<scenario>
			<xbrldi:explicitMember dimension="tw-gaap-ci:StockholdersEquityDimensionMember">tw-gaap-ci:StockholdersEquitiesAdjustmentsMember</xbrldi:explicitMember>
		</scenario>
	</context>
	<context id="From20100101To20100630_UnrealizedRevaluationIncrementMember">
		<entity>
			<identifier scheme="http://www.twse.com.tw">9912</identifier>
		</entity>
		<period>
			<startDate>2010-01-01</startDate>
			<endDate>2010-06-30</endDate>
		</period>
		<scenario>
			<xbrldi:explicitMember dimension="tw-gaap-ci:StockholdersEquityDimensionMember">tw-gaap-ci:UnrealizedRevaluationIncrementMember</xbrldi:explicitMember>
		</scenario>
	</context>
	<context id="From20100101To20100630_TotalStockholdersEquitiesMember">
		<entity>
			<identifier scheme="http://www.twse.com.tw">9912</identifier>
		</entity>
		<period>
			<startDate>2010-01-01</startDate>
			<endDate>2010-06-30</endDate>
		</period>
		<scenario>
			<xbrldi:explicitMember dimension="tw-gaap-ci:StockholdersEquityDimensionMember">tw-gaap-ci:TotalStockholdersEquitiesMember</xbrldi:explicitMember>
		</scenario>
	</context>
	<context id="From20100101To20100630_RetainedEarningsMember">
		<entity>
			<identifier scheme="http://www.twse.com.tw">9912</identifier>
		</entity>
		<period>
			<startDate>2010-01-01</startDate>
			<endDate>2010-06-30</endDate>
		</period>
		<scenario>
			<xbrldi:explicitMember dimension="tw-gaap-ci:StockholdersEquityDimensionMember">tw-gaap-ci:RetainedEarningsMember</xbrldi:explicitMember>
		</scenario>
	</context>
	<context id="From20100101To20100630_UnappropriatedRetainedEarningsMember">
		<entity>
			<identifier scheme="http://www.twse.com.tw">9912</identifier>
		</entity>
		<period>
			<startDate>2010-01-01</startDate>
			<endDate>2010-06-30</endDate>
		</period>
		<scenario>
			<xbrldi:explicitMember dimension="tw-gaap-ci:StockholdersEquityDimensionMember">tw-gaap-ci:UnappropriatedRetainedEarningsMember</xbrldi:explicitMember>
		</scenario>
	</context>
	<context id="AsOf20100630_TotalStockholdersEquitiesMember">
		<entity>
			<identifier scheme="http://www.twse.com.tw">9912</identifier>
		</entity>
		<period>
			<instant>2010-06-30</instant>
		</period>
		<scenario>
			<xbrldi:explicitMember dimension="tw-gaap-ci:StockholdersEquityDimensionMember">tw-gaap-ci:TotalStockholdersEquitiesMember</xbrldi:explicitMember>
		</scenario>
	</context>
	<context id="AsOf20100630_StockholdersEquitiesAdjustmentsMember">
		<entity>
			<identifier scheme="http://www.twse.com.tw">9912</identifier>
		</entity>
		<period>
			<instant>2010-06-30</instant>
		</period>
		<scenario>
			<xbrldi:explicitMember dimension="tw-gaap-ci:StockholdersEquityDimensionMember">tw-gaap-ci:StockholdersEquitiesAdjustmentsMember</xbrldi:explicitMember>
		</scenario>
	</context>
	<context id="AsOf20100630_UnrealizedRevaluationIncrementMember">
		<entity>
			<identifier scheme="http://www.twse.com.tw">9912</identifier>
		</entity>
		<period>
			<instant>2010-06-30</instant>
		</period>
		<scenario>
			<xbrldi:explicitMember dimension="tw-gaap-ci:StockholdersEquityDimensionMember">tw-gaap-ci:UnrealizedRevaluationIncrementMember</xbrldi:explicitMember>
		</scenario>
	</context>
	<context id="AsOf20100630_CumulativeTranslationAdjustmentsMember">
		<entity>
			<identifier scheme="http://www.twse.com.tw">9912</identifier>
		</entity>
		<period>
			<instant>2010-06-30</instant>
		</period>
		<scenario>
			<xbrldi:explicitMember dimension="tw-gaap-ci:StockholdersEquityDimensionMember">tw-gaap-ci:CumulativeTranslationAdjustmentsMember</xbrldi:explicitMember>
		</scenario>
	</context>
	<context id="AsOf20100630_RetainedEarningsMember">
		<entity>
			<identifier scheme="http://www.twse.com.tw">9912</identifier>
		</entity>
		<period>
			<instant>2010-06-30</instant>
		</period>
		<scenario>
			<xbrldi:explicitMember dimension="tw-gaap-ci:StockholdersEquityDimensionMember">tw-gaap-ci:RetainedEarningsMember</xbrldi:explicitMember>
		</scenario>
	</context>
	<context id="AsOf20100630_UnappropriatedRetainedEarningsMember">
		<entity>
			<identifier scheme="http://www.twse.com.tw">9912</identifier>
		</entity>
		<period>
			<instant>2010-06-30</instant>
		</period>
		<scenario>
			<xbrldi:explicitMember dimension="tw-gaap-ci:StockholdersEquityDimensionMember">tw-gaap-ci:UnappropriatedRetainedEarningsMember</xbrldi:explicitMember>
		</scenario>
	</context>
	<context id="AsOf20100630_LegalReserveMember">
		<entity>
			<identifier scheme="http://www.twse.com.tw">9912</identifier>
		</entity>
		<period>
			<instant>2010-06-30</instant>
		</period>
		<scenario>
			<xbrldi:explicitMember dimension="tw-gaap-ci:StockholdersEquityDimensionMember">tw-gaap-ci:LegalReserveMember</xbrldi:explicitMember>
		</scenario>
	</context>
	<context id="AsOf20100630_CapitalStockMember">
		<entity>
			<identifier scheme="http://www.twse.com.tw">9912</identifier>
		</entity>
		<period>
			<instant>2010-06-30</instant>
		</period>
		<scenario>
			<xbrldi:explicitMember dimension="tw-gaap-ci:StockholdersEquityDimensionMember">tw-gaap-ci:CapitalStockMember</xbrldi:explicitMember>
		</scenario>
	</context>
	<context id="AsOf20100630_CommonStockValueMember">
		<entity>
			<identifier scheme="http://www.twse.com.tw">9912</identifier>
		</entity>
		<period>
			<instant>2010-06-30</instant>
		</period>
		<scenario>
			<xbrldi:explicitMember dimension="tw-gaap-ci:StockholdersEquityDimensionMember">tw-gaap-ci:CommonStockValueMember</xbrldi:explicitMember>
		</scenario>
	</context>
	<context id="AsOf20090101">
		<entity>
			<identifier scheme="http://www.twse.com.tw">9912</identifier>
		</entity>
		<period>
			<instant>2009-01-01</instant>
		</period>
	</context>
	<context id="AsOf20100101">
		<entity>
			<identifier scheme="http://www.twse.com.tw">9912</identifier>
		</entity>
		<period>
			<instant>2010-01-01</instant>
		</period>
	</context>
	<context id="From20090101To20090630">
		<entity>
			<identifier scheme="http://www.twse.com.tw">9912</identifier>
		</entity>
		<period>
			<startDate>2009-01-01</startDate>
			<endDate>2009-06-30</endDate>
		</period>
	</context>
	<context id="AsOf20090630">
		<entity>
			<identifier scheme="http://www.twse.com.tw">9912</identifier>
		</entity>
		<period>
			<instant>2009-06-30</instant>
		</period>
	</context>
	<context id="From20100101To20100630">
		<entity>
			<identifier scheme="http://www.twse.com.tw">9912</identifier>
		</entity>
		<period>
			<startDate>2010-01-01</startDate>
			<endDate>2010-06-30</endDate>
		</period>
	</context>
	<context id="AsOf20100630">
		<entity>
			<identifier scheme="http://www.twse.com.tw">9912</identifier>
		</entity>
		<period>
			<instant>2010-06-30</instant>
		</period>
	</context>
	<unit id="TWD">
		<measure>iso4217:TWD</measure>
	</unit>
	<unit id="Shares">
		<measure>xbrli:shares</measure>
	</unit>
	<unit id="EarningsPerShare">
		<divide>
			<unitNumerator>
				<measure>iso4217:TWD</measure>
			</unitNumerator>
			<unitDenominator>
				<measure>xbrli:shares</measure>
			</unitDenominator>
		</divide>
	</unit>
	<tw-gaap-ci:PettyCashRevolvingFunds contextRef="AsOf20100630" decimals="-3" unitRef="TWD">195000</tw-gaap-ci:PettyCashRevolvingFunds>
	<tw-gaap-ci:PettyCashRevolvingFunds contextRef="AsOf20090630" decimals="-3" unitRef="TWD">248000</tw-gaap-ci:PettyCashRevolvingFunds>
	<tw-gaap-ci:CashBanks contextRef="AsOf20100630" decimals="-3" unitRef="TWD">32255000</tw-gaap-ci:CashBanks>
	<tw-gaap-ci:CashBanks contextRef="AsOf20090630" decimals="-3" unitRef="TWD">90361000</tw-gaap-ci:CashBanks>
	<tw-gaap-ci:CashCashEquivalents contextRef="AsOf20100630" decimals="-3" unitRef="TWD">32450000</tw-gaap-ci:CashCashEquivalents>
	<tw-gaap-ci:CashCashEquivalents contextRef="AsOf20090630" decimals="-3" unitRef="TWD">90609000</tw-gaap-ci:CashCashEquivalents>
	<tw-gaap-ci:FinancialAssetsMeasuredFairValueProfitLossCurrent contextRef="AsOf20100630" decimals="-3" unitRef="TWD">6081000</tw-gaap-ci:FinancialAssetsMeasuredFairValueProfitLossCurrent>
	<tw-gaap-ci:FinancialAssetsMeasuredFairValueProfitLossCurrent contextRef="AsOf20090630" decimals="-3" unitRef="TWD">0</tw-gaap-ci:FinancialAssetsMeasuredFairValueProfitLossCurrent>
	<tw-gaap-ci:NotesReceivable contextRef="AsOf20100630" decimals="-3" unitRef="TWD">304000</tw-gaap-ci:NotesReceivable>
	<tw-gaap-ci:NotesReceivable contextRef="AsOf20090630" decimals="-3" unitRef="TWD">198000</tw-gaap-ci:NotesReceivable>
	<tw-gaap-ci:NetNotesReceivable contextRef="AsOf20100630" decimals="-3" unitRef="TWD">304000</tw-gaap-ci:NetNotesReceivable>
	<tw-gaap-ci:NetNotesReceivable contextRef="AsOf20090630" decimals="-3" unitRef="TWD">198000</tw-gaap-ci:NetNotesReceivable>
	<tw-gaap-ci:AccountsReceivable contextRef="AsOf20100630" decimals="-3" unitRef="TWD">1537000</tw-gaap-ci:AccountsReceivable>
	<tw-gaap-ci:AccountsReceivable contextRef="AsOf20090630" decimals="-3" unitRef="TWD">1894000</tw-gaap-ci:AccountsReceivable>
	<tw-gaap-ci:AllowanceDoubtfulAccountsAccountsReceivableInstallmentAccountsLeases contextRef="AsOf20100630" decimals="-3" unitRef="TWD">395000</tw-gaap-ci:AllowanceDoubtfulAccountsAccountsReceivableInstallmentAccountsLeases>
	<tw-gaap-ci:AllowanceDoubtfulAccountsAccountsReceivableInstallmentAccountsLeases contextRef="AsOf20090630" decimals="-3" unitRef="TWD">395000</tw-gaap-ci:AllowanceDoubtfulAccountsAccountsReceivableInstallmentAccountsLeases>
	<tw-gaap-ci:NetAccountsReceivable contextRef="AsOf20100630" decimals="-3" unitRef="TWD">1142000</tw-gaap-ci:NetAccountsReceivable>
	<tw-gaap-ci:NetAccountsReceivable contextRef="AsOf20090630" decimals="-3" unitRef="TWD">1499000</tw-gaap-ci:NetAccountsReceivable>
	<tw-gaap-ci:NetAccountsReceivableRelatedParties contextRef="AsOf20100630" decimals="-3" unitRef="TWD">19009000</tw-gaap-ci:NetAccountsReceivableRelatedParties>
	<tw-gaap-ci:NetAccountsReceivableRelatedParties contextRef="AsOf20090630" decimals="-3" unitRef="TWD">73459000</tw-gaap-ci:NetAccountsReceivableRelatedParties>
	<tw-gaap-ci:OtherFinancialAssetsCurrent contextRef="AsOf20100630" decimals="-3" unitRef="TWD">2894000</tw-gaap-ci:OtherFinancialAssetsCurrent>
	<tw-gaap-ci:OtherFinancialAssetsCurrent contextRef="AsOf20090630" decimals="-3" unitRef="TWD">705000</tw-gaap-ci:OtherFinancialAssetsCurrent>
	<tw-gaap-ci:FinishedGoods contextRef="AsOf20100630" decimals="-3" unitRef="TWD">201283000</tw-gaap-ci:FinishedGoods>
	<tw-gaap-ci:FinishedGoods contextRef="AsOf20090630" decimals="-3" unitRef="TWD">293485000</tw-gaap-ci:FinishedGoods>
	<tw-gaap-ci:AllowanceInventoryValuationObsolescenceLosses_Manufacturing contextRef="AsOf20100630" decimals="-3" unitRef="TWD">2426000</tw-gaap-ci:AllowanceInventoryValuationObsolescenceLosses_Manufacturing>
	<tw-gaap-ci:AllowanceInventoryValuationObsolescenceLosses_Manufacturing contextRef="AsOf20090630" decimals="-3" unitRef="TWD">15505000</tw-gaap-ci:AllowanceInventoryValuationObsolescenceLosses_Manufacturing>
	<tw-gaap-ci:InventoriesManufacturing contextRef="AsOf20100630" decimals="-3" unitRef="TWD">198857000</tw-gaap-ci:InventoriesManufacturing>
	<tw-gaap-ci:InventoriesManufacturing contextRef="AsOf20090630" decimals="-3" unitRef="TWD">277980000</tw-gaap-ci:InventoriesManufacturing>
	<tw-gaap-ci:Inventories contextRef="AsOf20100630" decimals="-3" unitRef="TWD">198857000</tw-gaap-ci:Inventories>
	<tw-gaap-ci:Inventories contextRef="AsOf20090630" decimals="-3" unitRef="TWD">277980000</tw-gaap-ci:Inventories>
	<tw-gaap-ci:PrepaymentPurchases contextRef="AsOf20100630" decimals="-3" unitRef="TWD">14858000</tw-gaap-ci:PrepaymentPurchases>
	<tw-gaap-ci:PrepaymentPurchases contextRef="AsOf20090630" decimals="-3" unitRef="TWD">17091000</tw-gaap-ci:PrepaymentPurchases>
	<tw-gaap-ci:OverpaidBusinessTax contextRef="AsOf20100630" decimals="-3" unitRef="TWD">2286000</tw-gaap-ci:OverpaidBusinessTax>
	<tw-gaap-ci:OverpaidBusinessTax contextRef="AsOf20090630" decimals="-3" unitRef="TWD">2972000</tw-gaap-ci:OverpaidBusinessTax>
	<tw-gaap-ci:OtherPrepayments_OtherPrepayments contextRef="AsOf20100630" decimals="-3" unitRef="TWD">3346000</tw-gaap-ci:OtherPrepayments_OtherPrepayments>
	<tw-gaap-ci:OtherPrepayments_OtherPrepayments contextRef="AsOf20090630" decimals="-3" unitRef="TWD">2693000</tw-gaap-ci:OtherPrepayments_OtherPrepayments>
	<tw-gaap-ci:OtherPrepayments contextRef="AsOf20100630" decimals="-3" unitRef="TWD">20490000</tw-gaap-ci:OtherPrepayments>
	<tw-gaap-ci:OtherPrepayments contextRef="AsOf20090630" decimals="-3" unitRef="TWD">22756000</tw-gaap-ci:OtherPrepayments>
	<tw-gaap-ci:DeferredIncomeTaxAssetsCurrent contextRef="AsOf20100630" decimals="-3" unitRef="TWD">0</tw-gaap-ci:DeferredIncomeTaxAssetsCurrent>
	<tw-gaap-ci:DeferredIncomeTaxAssetsCurrent contextRef="AsOf20090630" decimals="-3" unitRef="TWD">4640000</tw-gaap-ci:DeferredIncomeTaxAssetsCurrent>
	<tw-gaap-ci:OtherCurrentAssets contextRef="AsOf20100630" decimals="-3" unitRef="TWD">0</tw-gaap-ci:OtherCurrentAssets>
	<tw-gaap-ci:OtherCurrentAssets contextRef="AsOf20090630" decimals="-3" unitRef="TWD">4640000</tw-gaap-ci:OtherCurrentAssets>
	<tw-gaap-ci:CurrentAssets contextRef="AsOf20100630" decimals="-3" unitRef="TWD">281227000</tw-gaap-ci:CurrentAssets>
	<tw-gaap-ci:CurrentAssets contextRef="AsOf20090630" decimals="-3" unitRef="TWD">471846000</tw-gaap-ci:CurrentAssets>
	<tw-gaap-ci:LongtermInvestmentsEquity contextRef="AsOf20100630" decimals="-3" unitRef="TWD">70451000</tw-gaap-ci:LongtermInvestmentsEquity>
	<tw-gaap-ci:LongtermInvestmentsEquity contextRef="AsOf20090630" decimals="-3" unitRef="TWD">100442000</tw-gaap-ci:LongtermInvestmentsEquity>
	<tw-gaap-ci:LongtermInvestments contextRef="AsOf20100630" decimals="-3" unitRef="TWD">70451000</tw-gaap-ci:LongtermInvestments>
	<tw-gaap-ci:LongtermInvestments contextRef="AsOf20090630" decimals="-3" unitRef="TWD">100442000</tw-gaap-ci:LongtermInvestments>
	<tw-gaap-ci:FundsInvestments contextRef="AsOf20100630" decimals="-3" unitRef="TWD">70451000</tw-gaap-ci:FundsInvestments>
	<tw-gaap-ci:FundsInvestments contextRef="AsOf20090630" decimals="-3" unitRef="TWD">100442000</tw-gaap-ci:FundsInvestments>
	<tw-gaap-ci:Land contextRef="AsOf20100630" decimals="-3" unitRef="TWD">11976000</tw-gaap-ci:Land>
	<tw-gaap-ci:Land contextRef="AsOf20090630" decimals="-3" unitRef="TWD">11976000</tw-gaap-ci:Land>
	<tw-gaap-ci:BuildingsStructures contextRef="AsOf20100630" decimals="-3" unitRef="TWD">13821000</tw-gaap-ci:BuildingsStructures>
	<tw-gaap-ci:BuildingsStructures contextRef="AsOf20090630" decimals="-3" unitRef="TWD">13821000</tw-gaap-ci:BuildingsStructures>
	<tw-gaap-ci:MachineryEquipment contextRef="AsOf20100630" decimals="-3" unitRef="TWD">8195000</tw-gaap-ci:MachineryEquipment>
	<tw-gaap-ci:MachineryEquipment contextRef="AsOf20090630" decimals="-3" unitRef="TWD">8065000</tw-gaap-ci:MachineryEquipment>
	<tw-gaap-ci:MoldingEquipment contextRef="AsOf20100630" decimals="-3" unitRef="TWD">87515000</tw-gaap-ci:MoldingEquipment>
	<tw-gaap-ci:MoldingEquipment contextRef="AsOf20090630" decimals="-3" unitRef="TWD">69069000</tw-gaap-ci:MoldingEquipment>
	<tw-gaap-ci:OtherFacilities contextRef="AsOf20100630" decimals="-3" unitRef="TWD">10670000</tw-gaap-ci:OtherFacilities>
	<tw-gaap-ci:OtherFacilities contextRef="AsOf20090630" decimals="-3" unitRef="TWD">10595000</tw-gaap-ci:OtherFacilities>
	<tw-gaap-ci:FixedAssetsOriginalCosts contextRef="AsOf20100630" decimals="-3" unitRef="TWD">132177000</tw-gaap-ci:FixedAssetsOriginalCosts>
	<tw-gaap-ci:FixedAssetsOriginalCosts contextRef="AsOf20090630" decimals="-3" unitRef="TWD">113526000</tw-gaap-ci:FixedAssetsOriginalCosts>
	<tw-gaap-ci:CostsRevaluationIncrement contextRef="AsOf20100630" decimals="-3" unitRef="TWD">132177000</tw-gaap-ci:CostsRevaluationIncrement>
	<tw-gaap-ci:CostsRevaluationIncrement contextRef="AsOf20090630" decimals="-3" unitRef="TWD">113526000</tw-gaap-ci:CostsRevaluationIncrement>
	<tw-gaap-ci:AccumulateddepreciationBuildingsStructures contextRef="AsOf20100630" decimals="-3" unitRef="TWD">6623000</tw-gaap-ci:AccumulateddepreciationBuildingsStructures>
	<tw-gaap-ci:AccumulateddepreciationBuildingsStructures contextRef="AsOf20090630" decimals="-3" unitRef="TWD">5570000</tw-gaap-ci:AccumulateddepreciationBuildingsStructures>
	<tw-gaap-ci:AccumulatedDepreciationMachineryEquipment contextRef="AsOf20100630" decimals="-3" unitRef="TWD">82015000</tw-gaap-ci:AccumulatedDepreciationMachineryEquipment>
	<tw-gaap-ci:AccumulatedDepreciationMachineryEquipment contextRef="AsOf20090630" decimals="-3" unitRef="TWD">74202000</tw-gaap-ci:AccumulatedDepreciationMachineryEquipment>
	<tw-gaap-ci:AccumulatedDepreciationOtherFacilities contextRef="AsOf20100630" decimals="-3" unitRef="TWD">7514000</tw-gaap-ci:AccumulatedDepreciationOtherFacilities>
	<tw-gaap-ci:AccumulatedDepreciationOtherFacilities contextRef="AsOf20090630" decimals="-3" unitRef="TWD">5314000</tw-gaap-ci:AccumulatedDepreciationOtherFacilities>
	<tw-gaap-ci:AccumulatedDepreciation contextRef="AsOf20100630" decimals="-3" unitRef="TWD">96152000</tw-gaap-ci:AccumulatedDepreciation>
	<tw-gaap-ci:AccumulatedDepreciation contextRef="AsOf20090630" decimals="-3" unitRef="TWD">85086000</tw-gaap-ci:AccumulatedDepreciation>
	<tw-gaap-ci:FixedAssets contextRef="AsOf20100630" decimals="-3" unitRef="TWD">36025000</tw-gaap-ci:FixedAssets>
	<tw-gaap-ci:FixedAssets contextRef="AsOf20090630" decimals="-3" unitRef="TWD">28440000</tw-gaap-ci:FixedAssets>
	<tw-gaap-ci:RentalAssets contextRef="AsOf20100630" decimals="-3" unitRef="TWD">84735000</tw-gaap-ci:RentalAssets>
	<tw-gaap-ci:RentalAssets contextRef="AsOf20090630" decimals="-3" unitRef="TWD">84735000</tw-gaap-ci:RentalAssets>
	<tw-gaap-ci:RentalPropertiesRevaluationIncrement contextRef="AsOf20100630" decimals="-3" unitRef="TWD">383140000</tw-gaap-ci:RentalPropertiesRevaluationIncrement>
	<tw-gaap-ci:RentalPropertiesRevaluationIncrement contextRef="AsOf20090630" decimals="-3" unitRef="TWD">330423000</tw-gaap-ci:RentalPropertiesRevaluationIncrement>
	<tw-gaap-ci:AccumulatedDepreciationRentalProperties contextRef="AsOf20100630" decimals="-3" unitRef="TWD">54224000</tw-gaap-ci:AccumulatedDepreciationRentalProperties>
	<tw-gaap-ci:AccumulatedDepreciationRentalProperties contextRef="AsOf20090630" decimals="-3" unitRef="TWD">48888000</tw-gaap-ci:AccumulatedDepreciationRentalProperties>
	<tw-gaap-ci:NetRentalAssets contextRef="AsOf20100630" decimals="-3" unitRef="TWD">413651000</tw-gaap-ci:NetRentalAssets>
	<tw-gaap-ci:NetRentalAssets contextRef="AsOf20090630" decimals="-3" unitRef="TWD">366270000</tw-gaap-ci:NetRentalAssets>
	<tw-gaap-ci:GuaranteeDepositsPaid contextRef="AsOf20100630" decimals="-3" unitRef="TWD">356000</tw-gaap-ci:GuaranteeDepositsPaid>
	<tw-gaap-ci:GuaranteeDepositsPaid contextRef="AsOf20090630" decimals="-3" unitRef="TWD">357000</tw-gaap-ci:GuaranteeDepositsPaid>
	<tw-gaap-ci:OtherDeferredCharges contextRef="AsOf20100630" decimals="-3" unitRef="TWD">1224000</tw-gaap-ci:OtherDeferredCharges>
	<tw-gaap-ci:OtherDeferredCharges contextRef="AsOf20090630" decimals="-3" unitRef="TWD">1481000</tw-gaap-ci:OtherDeferredCharges>
	<tw-gaap-ci:DeferredCharges contextRef="AsOf20100630" decimals="-3" unitRef="TWD">1224000</tw-gaap-ci:DeferredCharges>
	<tw-gaap-ci:DeferredCharges contextRef="AsOf20090630" decimals="-3" unitRef="TWD">1481000</tw-gaap-ci:DeferredCharges>
	<tw-gaap-ci:DeferredIncomeTaxAssetsNonCurrent contextRef="AsOf20100630" decimals="-3" unitRef="TWD">57462000</tw-gaap-ci:DeferredIncomeTaxAssetsNonCurrent>
	<tw-gaap-ci:DeferredIncomeTaxAssetsNonCurrent contextRef="AsOf20090630" decimals="-3" unitRef="TWD">63235000</tw-gaap-ci:DeferredIncomeTaxAssetsNonCurrent>
	<tw-gaap-ci:OtherAssetsOther_OtherAssetsOther contextRef="AsOf20100630" decimals="-3" unitRef="TWD">0</tw-gaap-ci:OtherAssetsOther_OtherAssetsOther>
	<tw-gaap-ci:OtherAssetsOther_OtherAssetsOther contextRef="AsOf20090630" decimals="-3" unitRef="TWD">82000</tw-gaap-ci:OtherAssetsOther_OtherAssetsOther>
	<tw-gaap-ci:OtherAssetsOther contextRef="AsOf20100630" decimals="-3" unitRef="TWD">0</tw-gaap-ci:OtherAssetsOther>
	<tw-gaap-ci:OtherAssetsOther contextRef="AsOf20090630" decimals="-3" unitRef="TWD">82000</tw-gaap-ci:OtherAssetsOther>
	<tw-gaap-ci:OtherAssets contextRef="AsOf20100630" decimals="-3" unitRef="TWD">472693000</tw-gaap-ci:OtherAssets>
	<tw-gaap-ci:OtherAssets contextRef="AsOf20090630" decimals="-3" unitRef="TWD">431425000</tw-gaap-ci:OtherAssets>
	<tw-gaap-ci:Assets contextRef="AsOf20100630" decimals="-3" unitRef="TWD">860396000</tw-gaap-ci:Assets>
	<tw-gaap-ci:Assets contextRef="AsOf20090630" decimals="-3" unitRef="TWD">1032153000</tw-gaap-ci:Assets>
	<tw-gaap-ci:ShortTermBorrowings contextRef="AsOf20100630" decimals="-3" unitRef="TWD">201000000</tw-gaap-ci:ShortTermBorrowings>
	<tw-gaap-ci:ShortTermBorrowings contextRef="AsOf20090630" decimals="-3" unitRef="TWD">370000000</tw-gaap-ci:ShortTermBorrowings>
	<tw-gaap-ci:ShorttermNotesBillsPayable contextRef="AsOf20100630" decimals="-3" unitRef="TWD">9987000</tw-gaap-ci:ShorttermNotesBillsPayable>
	<tw-gaap-ci:ShorttermNotesBillsPayable contextRef="AsOf20090630" decimals="-3" unitRef="TWD">0</tw-gaap-ci:ShorttermNotesBillsPayable>
	<tw-gaap-ci:FinancialLiabilitiesDesignatedFairValueProfitLossCurrent contextRef="AsOf20100630" decimals="-3" unitRef="TWD">0</tw-gaap-ci:FinancialLiabilitiesDesignatedFairValueProfitLossCurrent>
	<tw-gaap-ci:FinancialLiabilitiesDesignatedFairValueProfitLossCurrent contextRef="AsOf20090630" decimals="-3" unitRef="TWD">5306000</tw-gaap-ci:FinancialLiabilitiesDesignatedFairValueProfitLossCurrent>
	<tw-gaap-ci:FinancialLiabilitiesMeasuredFairValueProfitLossCurrent contextRef="AsOf20100630" decimals="-3" unitRef="TWD">0</tw-gaap-ci:FinancialLiabilitiesMeasuredFairValueProfitLossCurrent>
	<tw-gaap-ci:FinancialLiabilitiesMeasuredFairValueProfitLossCurrent contextRef="AsOf20090630" decimals="-3" unitRef="TWD">5306000</tw-gaap-ci:FinancialLiabilitiesMeasuredFairValueProfitLossCurrent>
	<tw-gaap-ci:NotesPayable contextRef="AsOf20100630" decimals="-3" unitRef="TWD">3098000</tw-gaap-ci:NotesPayable>
	<tw-gaap-ci:NotesPayable contextRef="AsOf20090630" decimals="-3" unitRef="TWD">994000</tw-gaap-ci:NotesPayable>
	<tw-gaap-ci:AccountsPayable contextRef="AsOf20100630" decimals="-3" unitRef="TWD">80512000</tw-gaap-ci:AccountsPayable>
	<tw-gaap-ci:AccountsPayable contextRef="AsOf20090630" decimals="-3" unitRef="TWD">80232000</tw-gaap-ci:AccountsPayable>
	<tw-gaap-ci:SalariesWagesPayable contextRef="AsOf20100630" decimals="-3" unitRef="TWD">1234000</tw-gaap-ci:SalariesWagesPayable>
	<tw-gaap-ci:SalariesWagesPayable contextRef="AsOf20090630" decimals="-3" unitRef="TWD">1402000</tw-gaap-ci:SalariesWagesPayable>
	<tw-gaap-ci:OtherAccruedExpenses contextRef="AsOf20100630" decimals="-3" unitRef="TWD">6582000</tw-gaap-ci:OtherAccruedExpenses>
	<tw-gaap-ci:OtherAccruedExpenses contextRef="AsOf20090630" decimals="-3" unitRef="TWD">9887000</tw-gaap-ci:OtherAccruedExpenses>
	<tw-gaap-ci:AccruedExpenses contextRef="AsOf20100630" decimals="-3" unitRef="TWD">7816000</tw-gaap-ci:AccruedExpenses>
	<tw-gaap-ci:AccruedExpenses contextRef="AsOf20090630" decimals="-3" unitRef="TWD">11289000</tw-gaap-ci:AccruedExpenses>
	<tw-gaap-ci:BalancePayableMachineryEquipment contextRef="AsOf20100630" decimals="-3" unitRef="TWD">12520000</tw-gaap-ci:BalancePayableMachineryEquipment>
	<tw-gaap-ci:BalancePayableMachineryEquipment contextRef="AsOf20090630" decimals="-3" unitRef="TWD">8403000</tw-gaap-ci:BalancePayableMachineryEquipment>
	<tw-gaap-ci:OtherPayables contextRef="AsOf20100630" decimals="-3" unitRef="TWD">12520000</tw-gaap-ci:OtherPayables>
	<tw-gaap-ci:OtherPayables contextRef="AsOf20090630" decimals="-3" unitRef="TWD">8403000</tw-gaap-ci:OtherPayables>
	<tw-gaap-ci:AdvanceSalesReceipts contextRef="AsOf20100630" decimals="-3" unitRef="TWD">514000</tw-gaap-ci:AdvanceSalesReceipts>
	<tw-gaap-ci:AdvanceSalesReceipts contextRef="AsOf20090630" decimals="-3" unitRef="TWD">17091000</tw-gaap-ci:AdvanceSalesReceipts>
	<tw-gaap-ci:AdvanceReceipts contextRef="AsOf20100630" decimals="-3" unitRef="TWD">514000</tw-gaap-ci:AdvanceReceipts>
	<tw-gaap-ci:AdvanceReceipts contextRef="AsOf20090630" decimals="-3" unitRef="TWD">17091000</tw-gaap-ci:AdvanceReceipts>
	<tw-gaap-ci:ProvisionContingentServiceCost contextRef="AsOf20100630" decimals="-3" unitRef="TWD">3163000</tw-gaap-ci:ProvisionContingentServiceCost>
	<tw-gaap-ci:ProvisionContingentServiceCost contextRef="AsOf20090630" decimals="-3" unitRef="TWD">1502000</tw-gaap-ci:ProvisionContingentServiceCost>
	<tw-gaap-ci:OtherCurrentLiabilitiesOther contextRef="AsOf20100630" decimals="-3" unitRef="TWD">706000</tw-gaap-ci:OtherCurrentLiabilitiesOther>
	<tw-gaap-ci:OtherCurrentLiabilitiesOther contextRef="AsOf20090630" decimals="-3" unitRef="TWD">331000</tw-gaap-ci:OtherCurrentLiabilitiesOther>
	<tw-gaap-ci:OtherCurrentLiabilities contextRef="AsOf20100630" decimals="-3" unitRef="TWD">3869000</tw-gaap-ci:OtherCurrentLiabilities>
	<tw-gaap-ci:OtherCurrentLiabilities contextRef="AsOf20090630" decimals="-3" unitRef="TWD">1833000</tw-gaap-ci:OtherCurrentLiabilities>
	<tw-gaap-ci:CurrentLiabilities contextRef="AsOf20100630" decimals="-3" unitRef="TWD">319316000</tw-gaap-ci:CurrentLiabilities>
	<tw-gaap-ci:CurrentLiabilities contextRef="AsOf20090630" decimals="-3" unitRef="TWD">495148000</tw-gaap-ci:CurrentLiabilities>
	<tw-gaap-ci:ReserveLandRevaluationIncrementTax contextRef="AsOf20100630" decimals="-3" unitRef="TWD">113287000</tw-gaap-ci:ReserveLandRevaluationIncrementTax>
	<tw-gaap-ci:ReserveLandRevaluationIncrementTax contextRef="AsOf20090630" decimals="-3" unitRef="TWD">99061000</tw-gaap-ci:ReserveLandRevaluationIncrementTax>
	<tw-gaap-ci:Reserves contextRef="AsOf20100630" decimals="-3" unitRef="TWD">113287000</tw-gaap-ci:Reserves>
	<tw-gaap-ci:Reserves contextRef="AsOf20090630" decimals="-3" unitRef="TWD">99061000</tw-gaap-ci:Reserves>
	<tw-gaap-ci:GuaranteeDepositsReceived contextRef="AsOf20100630" decimals="-3" unitRef="TWD">4911000</tw-gaap-ci:GuaranteeDepositsReceived>
	<tw-gaap-ci:GuaranteeDepositsReceived contextRef="AsOf20090630" decimals="-3" unitRef="TWD">1702000</tw-gaap-ci:GuaranteeDepositsReceived>
	<tw-gaap-ci:OtherLiabilities-Other contextRef="AsOf20100630" decimals="-3" unitRef="TWD">0</tw-gaap-ci:OtherLiabilities-Other>
	<tw-gaap-ci:OtherLiabilities-Other contextRef="AsOf20090630" decimals="-3" unitRef="TWD">3856000</tw-gaap-ci:OtherLiabilities-Other>
	<tw-gaap-ci:OtherLiabilitiesOther contextRef="AsOf20100630" decimals="-3" unitRef="TWD">0</tw-gaap-ci:OtherLiabilitiesOther>
	<tw-gaap-ci:OtherLiabilitiesOther contextRef="AsOf20090630" decimals="-3" unitRef="TWD">3856000</tw-gaap-ci:OtherLiabilitiesOther>
	<tw-gaap-ci:OtherLiabilities contextRef="AsOf20100630" decimals="-3" unitRef="TWD">4911000</tw-gaap-ci:OtherLiabilities>
	<tw-gaap-ci:OtherLiabilities contextRef="AsOf20090630" decimals="-3" unitRef="TWD">5558000</tw-gaap-ci:OtherLiabilities>
	<tw-gaap-ci:Liabilities contextRef="AsOf20100630" decimals="-3" unitRef="TWD">437514000</tw-gaap-ci:Liabilities>
	<tw-gaap-ci:Liabilities contextRef="AsOf20090630" decimals="-3" unitRef="TWD">599767000</tw-gaap-ci:Liabilities>
	<tw-gaap-ci:CommonStock contextRef="AsOf20100630" decimals="-3" unitRef="TWD">460874000</tw-gaap-ci:CommonStock>
	<tw-gaap-ci:CommonStock contextRef="AsOf20090630" decimals="-3" unitRef="TWD">460874000</tw-gaap-ci:CommonStock>
	<tw-gaap-ci:Capital contextRef="AsOf20100630" decimals="-3" unitRef="TWD">460874000</tw-gaap-ci:Capital>
	<tw-gaap-ci:Capital contextRef="AsOf20090630" decimals="-3" unitRef="TWD">460874000</tw-gaap-ci:Capital>
	<tw-gaap-ci:LegalReserve contextRef="AsOf20100630" decimals="-3" unitRef="TWD">709000</tw-gaap-ci:LegalReserve>
	<tw-gaap-ci:LegalReserve contextRef="AsOf20090630" decimals="-3" unitRef="TWD">709000</tw-gaap-ci:LegalReserve>
	<tw-gaap-ci:AccumulatedProfitLoss contextRef="AsOf20100630" decimals="-3" unitRef="TWD">-157097000</tw-gaap-ci:AccumulatedProfitLoss>
	<tw-gaap-ci:AccumulatedProfitLoss contextRef="AsOf20090630" decimals="-3" unitRef="TWD">-115227000</tw-gaap-ci:AccumulatedProfitLoss>
	<tw-gaap-ci:UnappropriatedRetainedEarnings contextRef="AsOf20100630" decimals="-3" unitRef="TWD">-157097000</tw-gaap-ci:UnappropriatedRetainedEarnings>
	<tw-gaap-ci:UnappropriatedRetainedEarnings contextRef="AsOf20090630" decimals="-3" unitRef="TWD">-115227000</tw-gaap-ci:UnappropriatedRetainedEarnings>
	<tw-gaap-ci:RetainedEarnings contextRef="AsOf20100630" decimals="-3" unitRef="TWD">-156388000</tw-gaap-ci:RetainedEarnings>
	<tw-gaap-ci:RetainedEarnings contextRef="AsOf20090630" decimals="-3" unitRef="TWD">-114518000</tw-gaap-ci:RetainedEarnings>
	<tw-gaap-ci:CumulativeTranslationAdjustments contextRef="AsOf20100630" decimals="-3" unitRef="TWD">-35866000</tw-gaap-ci:CumulativeTranslationAdjustments>
	<tw-gaap-ci:CumulativeTranslationAdjustments contextRef="AsOf20090630" decimals="-3" unitRef="TWD">-29741000</tw-gaap-ci:CumulativeTranslationAdjustments>
	<tw-gaap-ci:UnrealizedRevaluationIncrement contextRef="AsOf20100630" decimals="-3" unitRef="TWD">154262000</tw-gaap-ci:UnrealizedRevaluationIncrement>
	<tw-gaap-ci:UnrealizedRevaluationIncrement contextRef="AsOf20090630" decimals="-3" unitRef="TWD">115771000</tw-gaap-ci:UnrealizedRevaluationIncrement>
	<tw-gaap-ci:StockholdersEquitiesAdjustments contextRef="AsOf20100630" decimals="-3" unitRef="TWD">118396000</tw-gaap-ci:StockholdersEquitiesAdjustments>
	<tw-gaap-ci:StockholdersEquitiesAdjustments contextRef="AsOf20090630" decimals="-3" unitRef="TWD">86030000</tw-gaap-ci:StockholdersEquitiesAdjustments>
	<tw-gaap-ci:StockholdersEquities contextRef="AsOf20100630" decimals="-3" unitRef="TWD">422882000</tw-gaap-ci:StockholdersEquities>
	<tw-gaap-ci:StockholdersEquities contextRef="AsOf20090630" decimals="-3" unitRef="TWD">432386000</tw-gaap-ci:StockholdersEquities>
	<tw-gaap-ci:EquivalentSharesOutstandingAdvanceReceiptsCommonStock contextRef="AsOf20100630" decimals="0" unitRef="Shares">0</tw-gaap-ci:EquivalentSharesOutstandingAdvanceReceiptsCommonStock>
	<tw-gaap-ci:EquivalentSharesOutstandingAdvanceReceiptsCommonStock contextRef="AsOf20090630" decimals="0" unitRef="Shares">0</tw-gaap-ci:EquivalentSharesOutstandingAdvanceReceiptsCommonStock>
	<tw-gaap-ci:NumberTreasuryStockAcquiredCompanySubsidiaries contextRef="AsOf20100630" decimals="0" unitRef="Shares">0</tw-gaap-ci:NumberTreasuryStockAcquiredCompanySubsidiaries>
	<tw-gaap-ci:NumberTreasuryStockAcquiredCompanySubsidiaries contextRef="AsOf20090630" decimals="0" unitRef="Shares">0</tw-gaap-ci:NumberTreasuryStockAcquiredCompanySubsidiaries>
	<tw-gaap-ci:Sales contextRef="From20100101To20100630" decimals="-3" unitRef="TWD">252690000</tw-gaap-ci:Sales>
	<tw-gaap-ci:Sales contextRef="From20090101To20090630" decimals="-3" unitRef="TWD">335588000</tw-gaap-ci:Sales>
	<tw-gaap-ci:SalesReturns contextRef="From20100101To20100630" decimals="-3" unitRef="TWD">5000</tw-gaap-ci:SalesReturns>
	<tw-gaap-ci:SalesReturns contextRef="From20090101To20090630" decimals="-3" unitRef="TWD">86000</tw-gaap-ci:SalesReturns>
	<tw-gaap-ci:SalesDiscountsAllowances contextRef="From20100101To20100630" decimals="-3" unitRef="TWD">4000</tw-gaap-ci:SalesDiscountsAllowances>
	<tw-gaap-ci:SalesDiscountsAllowances contextRef="From20090101To20090630" decimals="-3" unitRef="TWD">0</tw-gaap-ci:SalesDiscountsAllowances>
	<tw-gaap-ci:NetSales contextRef="From20100101To20100630" decimals="-3" unitRef="TWD">252681000</tw-gaap-ci:NetSales>
	<tw-gaap-ci:NetSales contextRef="From20090101To20090630" decimals="-3" unitRef="TWD">335502000</tw-gaap-ci:NetSales>
	<tw-gaap-ci:OperatingRevenue contextRef="From20100101To20100630" decimals="-3" unitRef="TWD">252681000</tw-gaap-ci:OperatingRevenue>
	<tw-gaap-ci:OperatingRevenue contextRef="From20090101To20090630" decimals="-3" unitRef="TWD">335502000</tw-gaap-ci:OperatingRevenue>
	<tw-gaap-ci:CostSales contextRef="From20100101To20100630" decimals="-3" unitRef="TWD">216317000</tw-gaap-ci:CostSales>
	<tw-gaap-ci:CostSales contextRef="From20090101To20090630" decimals="-3" unitRef="TWD">302858000</tw-gaap-ci:CostSales>
	<tw-gaap-ci:OperatingCosts contextRef="From20100101To20100630" decimals="-3" unitRef="TWD">216317000</tw-gaap-ci:OperatingCosts>
	<tw-gaap-ci:OperatingCosts contextRef="From20090101To20090630" decimals="-3" unitRef="TWD">302858000</tw-gaap-ci:OperatingCosts>
	<tw-gaap-ci:GrossProfitLossOperations contextRef="From20100101To20100630" decimals="-3" unitRef="TWD">36364000</tw-gaap-ci:GrossProfitLossOperations>
	<tw-gaap-ci:GrossProfitLossOperations contextRef="From20090101To20090630" decimals="-3" unitRef="TWD">32644000</tw-gaap-ci:GrossProfitLossOperations>
	<tw-gaap-ci:Sellingexpense contextRef="From20100101To20100630" decimals="-3" unitRef="TWD">25186000</tw-gaap-ci:Sellingexpense>
	<tw-gaap-ci:Sellingexpense contextRef="From20090101To20090630" decimals="-3" unitRef="TWD">24531000</tw-gaap-ci:Sellingexpense>
	<tw-gaap-ci:GeneralAdministrativeExpenses contextRef="From20100101To20100630" decimals="-3" unitRef="TWD">16329000</tw-gaap-ci:GeneralAdministrativeExpenses>
	<tw-gaap-ci:GeneralAdministrativeExpenses contextRef="From20090101To20090630" decimals="-3" unitRef="TWD">19174000</tw-gaap-ci:GeneralAdministrativeExpenses>
	<tw-gaap-ci:ResearchDevelopmentExpenses contextRef="From20100101To20100630" decimals="-3" unitRef="TWD">2751000</tw-gaap-ci:ResearchDevelopmentExpenses>
	<tw-gaap-ci:ResearchDevelopmentExpenses contextRef="From20090101To20090630" decimals="-3" unitRef="TWD">7253000</tw-gaap-ci:ResearchDevelopmentExpenses>
	<tw-gaap-ci:OperatingExpenses contextRef="From20100101To20100630" decimals="-3" unitRef="TWD">44266000</tw-gaap-ci:OperatingExpenses>
	<tw-gaap-ci:OperatingExpenses contextRef="From20090101To20090630" decimals="-3" unitRef="TWD">50958000</tw-gaap-ci:OperatingExpenses>
	<tw-gaap-ci:OperatingIncomeLoss contextRef="From20100101To20100630" decimals="-3" unitRef="TWD">-7902000</tw-gaap-ci:OperatingIncomeLoss>
	<tw-gaap-ci:OperatingIncomeLoss contextRef="From20090101To20090630" decimals="-3" unitRef="TWD">-18314000</tw-gaap-ci:OperatingIncomeLoss>
	<tw-gaap-ci:InterestIncome contextRef="From20100101To20100630" decimals="-3" unitRef="TWD">32000</tw-gaap-ci:InterestIncome>
	<tw-gaap-ci:InterestIncome contextRef="From20090101To20090630" decimals="-3" unitRef="TWD">455000</tw-gaap-ci:InterestIncome>
	<tw-gaap-ci:ForeignExchangeGains contextRef="From20100101To20100630" decimals="-3" unitRef="TWD">0</tw-gaap-ci:ForeignExchangeGains>
	<tw-gaap-ci:ForeignExchangeGains contextRef="From20090101To20090630" decimals="-3" unitRef="TWD">2537000</tw-gaap-ci:ForeignExchangeGains>
	<tw-gaap-ci:RevaluationGainFinancialAssets contextRef="From20100101To20100630" decimals="-3" unitRef="TWD">13831000</tw-gaap-ci:RevaluationGainFinancialAssets>
	<tw-gaap-ci:RevaluationGainFinancialAssets contextRef="From20090101To20090630" decimals="-3" unitRef="TWD">0</tw-gaap-ci:RevaluationGainFinancialAssets>
	<tw-gaap-ci:MiscellaneousIncome contextRef="From20100101To20100630" decimals="-3" unitRef="TWD">9601000</tw-gaap-ci:MiscellaneousIncome>
	<tw-gaap-ci:MiscellaneousIncome contextRef="From20090101To20090630" decimals="-3" unitRef="TWD">7709000</tw-gaap-ci:MiscellaneousIncome>
	<tw-gaap-ci:NonOperatingIncomeGains contextRef="From20100101To20100630" decimals="-3" unitRef="TWD">23464000</tw-gaap-ci:NonOperatingIncomeGains>
	<tw-gaap-ci:NonOperatingIncomeGains contextRef="From20090101To20090630" decimals="-3" unitRef="TWD">10701000</tw-gaap-ci:NonOperatingIncomeGains>
	<tw-gaap-ci:InterestExpense contextRef="From20100101To20100630" decimals="-3" unitRef="TWD">2665000</tw-gaap-ci:InterestExpense>
	<tw-gaap-ci:InterestExpense contextRef="From20090101To20090630" decimals="-3" unitRef="TWD">5468000</tw-gaap-ci:InterestExpense>
	<tw-gaap-ci:NonOperatingExpensesInvestmentLossRecognizedEquityMethod contextRef="From20100101To20100630" decimals="-3" unitRef="TWD">13885000</tw-gaap-ci:NonOperatingExpensesInvestmentLossRecognizedEquityMethod>
	<tw-gaap-ci:NonOperatingExpensesInvestmentLossRecognizedEquityMethod contextRef="From20090101To20090630" decimals="-3" unitRef="TWD">24731000</tw-gaap-ci:NonOperatingExpensesInvestmentLossRecognizedEquityMethod>
	<tw-gaap-ci:NonOperatingExpensesInvestmentLoss contextRef="From20100101To20100630" decimals="-3" unitRef="TWD">13885000</tw-gaap-ci:NonOperatingExpensesInvestmentLoss>
	<tw-gaap-ci:NonOperatingExpensesInvestmentLoss contextRef="From20090101To20090630" decimals="-3" unitRef="TWD">24731000</tw-gaap-ci:NonOperatingExpensesInvestmentLoss>
	<tw-gaap-ci:ForeignExchangeLosses contextRef="From20100101To20100630" decimals="-3" unitRef="TWD">28737000</tw-gaap-ci:ForeignExchangeLosses>
	<tw-gaap-ci:ForeignExchangeLosses contextRef="From20090101To20090630" decimals="-3" unitRef="TWD">0</tw-gaap-ci:ForeignExchangeLosses>
	<tw-gaap-ci:RevaluationLossFinancialLiabilities contextRef="From20100101To20100630" decimals="-3" unitRef="TWD">0</tw-gaap-ci:RevaluationLossFinancialLiabilities>
	<tw-gaap-ci:RevaluationLossFinancialLiabilities contextRef="From20090101To20090630" decimals="-3" unitRef="TWD">9948000</tw-gaap-ci:RevaluationLossFinancialLiabilities>
	<tw-gaap-ci:MiscellaneousDisbursements contextRef="From20100101To20100630" decimals="-3" unitRef="TWD">28000</tw-gaap-ci:MiscellaneousDisbursements>
	<tw-gaap-ci:MiscellaneousDisbursements contextRef="From20090101To20090630" decimals="-3" unitRef="TWD">112000</tw-gaap-ci:MiscellaneousDisbursements>
	<tw-gaap-ci:NonOperatingExpenses contextRef="From20100101To20100630" decimals="-3" unitRef="TWD">45315000</tw-gaap-ci:NonOperatingExpenses>
	<tw-gaap-ci:NonOperatingExpenses contextRef="From20090101To20090630" decimals="-3" unitRef="TWD">40259000</tw-gaap-ci:NonOperatingExpenses>
	<tw-gaap-ci:IncomeContinuingOperationsBeforeIncomeTax contextRef="From20100101To20100630" decimals="-3" unitRef="TWD">-29753000</tw-gaap-ci:IncomeContinuingOperationsBeforeIncomeTax>
	<tw-gaap-ci:IncomeContinuingOperationsBeforeIncomeTax contextRef="From20090101To20090630" decimals="-3" unitRef="TWD">-47872000</tw-gaap-ci:IncomeContinuingOperationsBeforeIncomeTax>
	<tw-gaap-ci:IncomeTaxExpenseBenefit contextRef="From20100101To20100630" decimals="-3" unitRef="TWD">8203000</tw-gaap-ci:IncomeTaxExpenseBenefit>
	<tw-gaap-ci:IncomeTaxExpenseBenefit contextRef="From20090101To20090630" decimals="-3" unitRef="TWD">4820000</tw-gaap-ci:IncomeTaxExpenseBenefit>
	<tw-gaap-ci:IncomeContinuingOperations contextRef="From20100101To20100630" decimals="-3" unitRef="TWD">-37956000</tw-gaap-ci:IncomeContinuingOperations>
	<tw-gaap-ci:IncomeContinuingOperations contextRef="From20090101To20090630" decimals="-3" unitRef="TWD">-52692000</tw-gaap-ci:IncomeContinuingOperations>
	<tw-gaap-ci:NetIncomeLoss contextRef="From20100101To20100630" decimals="-3" unitRef="TWD">-37956000</tw-gaap-ci:NetIncomeLoss>
	<tw-gaap-ci:NetIncomeLoss contextRef="From20090101To20090630" decimals="-3" unitRef="TWD">-52692000</tw-gaap-ci:NetIncomeLoss>
	<tw-gaap-ci:PrimaryEarningsPerShareIncomeLossContinuingOperations contextRef="From20100101To20100630" decimals="2" unitRef="TWD">-0.82</tw-gaap-ci:PrimaryEarningsPerShareIncomeLossContinuingOperations>
	<tw-gaap-ci:PrimaryEarningsPerShareIncomeLossContinuingOperations contextRef="From20090101To20090630" decimals="2" unitRef="TWD">-1.14</tw-gaap-ci:PrimaryEarningsPerShareIncomeLossContinuingOperations>
	<tw-gaap-ci:PrimaryEarningsPerShare contextRef="From20100101To20100630" decimals="2" unitRef="TWD">-0.82</tw-gaap-ci:PrimaryEarningsPerShare>
	<tw-gaap-ci:PrimaryEarningsPerShare contextRef="From20090101To20090630" decimals="2" unitRef="TWD">-1.14</tw-gaap-ci:PrimaryEarningsPerShare>
	<tw-gaap-ci:NetIncomeLoss_StatementCashFlows contextRef="From20100101To20100630" decimals="-3" unitRef="TWD">-37956000</tw-gaap-ci:NetIncomeLoss_StatementCashFlows>
	<tw-gaap-ci:NetIncomeLoss_StatementCashFlows contextRef="From20090101To20090630" decimals="-3" unitRef="TWD">-52692000</tw-gaap-ci:NetIncomeLoss_StatementCashFlows>
	<tw-gaap-ci:DepreciationExpense-Operating contextRef="From20100101To20100630" decimals="-3" unitRef="TWD">7380000</tw-gaap-ci:DepreciationExpense-Operating>
	<tw-gaap-ci:DepreciationExpense-Operating contextRef="From20090101To20090630" decimals="-3" unitRef="TWD">6662000</tw-gaap-ci:DepreciationExpense-Operating>
	<tw-gaap-ci:AmortizationExpense-Operating contextRef="From20100101To20100630" decimals="-3" unitRef="TWD">221000</tw-gaap-ci:AmortizationExpense-Operating>
	<tw-gaap-ci:AmortizationExpense-Operating contextRef="From20090101To20090630" decimals="-3" unitRef="TWD">295000</tw-gaap-ci:AmortizationExpense-Operating>
	<tw-gaap-ci:ProvisionTransferRevenueBadDebtsLosses contextRef="From20100101To20100630" decimals="-3" unitRef="TWD">0</tw-gaap-ci:ProvisionTransferRevenueBadDebtsLosses>
	<tw-gaap-ci:ProvisionTransferRevenueBadDebtsLosses contextRef="From20090101To20090630" decimals="-3" unitRef="TWD">3000</tw-gaap-ci:ProvisionTransferRevenueBadDebtsLosses>
	<tw-gaap-ci:GainLossInventoryValuationObsolescenceRecoverie contextRef="From20100101To20100630" decimals="-3" unitRef="TWD">-2827000</tw-gaap-ci:GainLossInventoryValuationObsolescenceRecoverie>
	<tw-gaap-ci:GainLossInventoryValuationObsolescenceRecoverie contextRef="From20090101To20090630" decimals="-3" unitRef="TWD">3336000</tw-gaap-ci:GainLossInventoryValuationObsolescenceRecoverie>
	<tw-gaap-ci:InvestmentLossIncomeRecognizedEquityMethod contextRef="From20100101To20100630" decimals="-3" unitRef="TWD">13885000</tw-gaap-ci:InvestmentLossIncomeRecognizedEquityMethod>
	<tw-gaap-ci:InvestmentLossIncomeRecognizedEquityMethod contextRef="From20090101To20090630" decimals="-3" unitRef="TWD">24731000</tw-gaap-ci:InvestmentLossIncomeRecognizedEquityMethod>
	<tw-gaap-ci:GainLossDisposalScrappingFixedAssets contextRef="From20100101To20100630" decimals="-3" unitRef="TWD">0</tw-gaap-ci:GainLossDisposalScrappingFixedAssets>
	<tw-gaap-ci:GainLossDisposalScrappingFixedAssets contextRef="From20090101To20090630" decimals="-3" unitRef="TWD">5000</tw-gaap-ci:GainLossDisposalScrappingFixedAssets>
	<tw-gaap-ci:AdjustmentsReconcileNetIncomeNetCashProvidedUsedOperatingActivities contextRef="From20100101To20100630" decimals="-3" unitRef="TWD">18659000</tw-gaap-ci:AdjustmentsReconcileNetIncomeNetCashProvidedUsedOperatingActivities>
	<tw-gaap-ci:AdjustmentsReconcileNetIncomeNetCashProvidedUsedOperatingActivities contextRef="From20090101To20090630" decimals="-3" unitRef="TWD">35032000</tw-gaap-ci:AdjustmentsReconcileNetIncomeNetCashProvidedUsedOperatingActivities>
	<tw-gaap-ci:ChangesFinancialAssetsHeldTrading contextRef="From20100101To20100630" decimals="-3" unitRef="TWD">-5188000</tw-gaap-ci:ChangesFinancialAssetsHeldTrading>
	<tw-gaap-ci:ChangesFinancialAssetsHeldTrading contextRef="From20090101To20090630" decimals="-3" unitRef="TWD">0</tw-gaap-ci:ChangesFinancialAssetsHeldTrading>
	<tw-gaap-ci:ChangesNotesReceivable contextRef="From20100101To20100630" decimals="-3" unitRef="TWD">-207000</tw-gaap-ci:ChangesNotesReceivable>
	<tw-gaap-ci:ChangesNotesReceivable contextRef="From20090101To20090630" decimals="-3" unitRef="TWD">-198000</tw-gaap-ci:ChangesNotesReceivable>
	<tw-gaap-ci:ChangesAccountsReceivable contextRef="From20100101To20100630" decimals="-3" unitRef="TWD">-882000</tw-gaap-ci:ChangesAccountsReceivable>
	<tw-gaap-ci:ChangesAccountsReceivable contextRef="From20090101To20090630" decimals="-3" unitRef="TWD">6074000</tw-gaap-ci:ChangesAccountsReceivable>
	<tw-gaap-ci:ChangesAccountsReceivableRelatedParties contextRef="From20100101To20100630" decimals="-3" unitRef="TWD">8053000</tw-gaap-ci:ChangesAccountsReceivableRelatedParties>
	<tw-gaap-ci:ChangesAccountsReceivableRelatedParties contextRef="From20090101To20090630" decimals="-3" unitRef="TWD">-32745000</tw-gaap-ci:ChangesAccountsReceivableRelatedParties>
	<tw-gaap-ci:ChangesInventories contextRef="From20100101To20100630" decimals="-3" unitRef="TWD">-33315000</tw-gaap-ci:ChangesInventories>
	<tw-gaap-ci:ChangesInventories contextRef="From20090101To20090630" decimals="-3" unitRef="TWD">23802000</tw-gaap-ci:ChangesInventories>
	<tw-gaap-ci:ChangesOtherPrepayments contextRef="From20100101To20100630" decimals="-3" unitRef="TWD">490000</tw-gaap-ci:ChangesOtherPrepayments>
	<tw-gaap-ci:ChangesOtherPrepayments contextRef="From20090101To20090630" decimals="-3" unitRef="TWD">27374000</tw-gaap-ci:ChangesOtherPrepayments>
	<tw-gaap-ci:ChangesOtherFinancialAssets_CI contextRef="From20100101To20100630" decimals="-3" unitRef="TWD">373000</tw-gaap-ci:ChangesOtherFinancialAssets_CI>
	<tw-gaap-ci:ChangesOtherFinancialAssets_CI contextRef="From20090101To20090630" decimals="-3" unitRef="TWD">1306000</tw-gaap-ci:ChangesOtherFinancialAssets_CI>
	<tw-gaap-ci:ChangesDeferredTaxAssets contextRef="From20100101To20100630" decimals="-3" unitRef="TWD">6812000</tw-gaap-ci:ChangesDeferredTaxAssets>
	<tw-gaap-ci:ChangesDeferredTaxAssets contextRef="From20090101To20090630" decimals="-3" unitRef="TWD">4641000</tw-gaap-ci:ChangesDeferredTaxAssets>
	<tw-gaap-ci:ChangesOtherOperatingAssets contextRef="From20100101To20100630" decimals="-3" unitRef="TWD">1368000</tw-gaap-ci:ChangesOtherOperatingAssets>
	<tw-gaap-ci:ChangesOtherOperatingAssets contextRef="From20090101To20090630" decimals="-3" unitRef="TWD">214000</tw-gaap-ci:ChangesOtherOperatingAssets>
	<tw-gaap-ci:ChangesOperatingAssets contextRef="From20100101To20100630" decimals="-3" unitRef="TWD">-22496000</tw-gaap-ci:ChangesOperatingAssets>
	<tw-gaap-ci:ChangesOperatingAssets contextRef="From20090101To20090630" decimals="-3" unitRef="TWD">30468000</tw-gaap-ci:ChangesOperatingAssets>
	<tw-gaap-ci:ChangesFinancialLiabilitiesTrading contextRef="From20100101To20100630" decimals="-3" unitRef="TWD">0</tw-gaap-ci:ChangesFinancialLiabilitiesTrading>
	<tw-gaap-ci:ChangesFinancialLiabilitiesTrading contextRef="From20090101To20090630" decimals="-3" unitRef="TWD">5306000</tw-gaap-ci:ChangesFinancialLiabilitiesTrading>
	<tw-gaap-ci:ChangesNotesPayable contextRef="From20100101To20100630" decimals="-3" unitRef="TWD">2455000</tw-gaap-ci:ChangesNotesPayable>
	<tw-gaap-ci:ChangesNotesPayable contextRef="From20090101To20090630" decimals="-3" unitRef="TWD">-1526000</tw-gaap-ci:ChangesNotesPayable>
	<tw-gaap-ci:ChangesAccountsPayable contextRef="From20100101To20100630" decimals="-3" unitRef="TWD">12133000</tw-gaap-ci:ChangesAccountsPayable>
	<tw-gaap-ci:ChangesAccountsPayable contextRef="From20090101To20090630" decimals="-3" unitRef="TWD">8166000</tw-gaap-ci:ChangesAccountsPayable>
	<tw-gaap-ci:ChangesAccruedExpenses contextRef="From20100101To20100630" decimals="-3" unitRef="TWD">-3027000</tw-gaap-ci:ChangesAccruedExpenses>
	<tw-gaap-ci:ChangesAccruedExpenses contextRef="From20090101To20090630" decimals="-3" unitRef="TWD">-271000</tw-gaap-ci:ChangesAccruedExpenses>
	<tw-gaap-ci:ChangesReceiptsAdvance contextRef="From20100101To20100630" decimals="-3" unitRef="TWD">-14578000</tw-gaap-ci:ChangesReceiptsAdvance>
	<tw-gaap-ci:ChangesReceiptsAdvance contextRef="From20090101To20090630" decimals="-3" unitRef="TWD">3919000</tw-gaap-ci:ChangesReceiptsAdvance>
	<tw-gaap-ci:ChangesOtherCurrentLiabilities_CI contextRef="From20100101To20100630" decimals="-3" unitRef="TWD">757000</tw-gaap-ci:ChangesOtherCurrentLiabilities_CI>
	<tw-gaap-ci:ChangesOtherCurrentLiabilities_CI contextRef="From20090101To20090630" decimals="-3" unitRef="TWD">997000</tw-gaap-ci:ChangesOtherCurrentLiabilities_CI>
	<tw-gaap-ci:ChangesOtherOperatingLiabilities contextRef="From20100101To20100630" decimals="-3" unitRef="TWD">0</tw-gaap-ci:ChangesOtherOperatingLiabilities>
	<tw-gaap-ci:ChangesOtherOperatingLiabilities contextRef="From20090101To20090630" decimals="-3" unitRef="TWD">-4206000</tw-gaap-ci:ChangesOtherOperatingLiabilities>
	<tw-gaap-ci:ChangesOperatingLiabilities contextRef="From20100101To20100630" decimals="-3" unitRef="TWD">-2260000</tw-gaap-ci:ChangesOperatingLiabilities>
	<tw-gaap-ci:ChangesOperatingLiabilities contextRef="From20090101To20090630" decimals="-3" unitRef="TWD">12385000</tw-gaap-ci:ChangesOperatingLiabilities>
	<tw-gaap-ci:ChangesOperatingAssetsLiabilities contextRef="From20100101To20100630" decimals="-3" unitRef="TWD">-24756000</tw-gaap-ci:ChangesOperatingAssetsLiabilities>
	<tw-gaap-ci:ChangesOperatingAssetsLiabilities contextRef="From20090101To20090630" decimals="-3" unitRef="TWD">42853000</tw-gaap-ci:ChangesOperatingAssetsLiabilities>
	<tw-gaap-ci:NetCashProvidedUsedOperatingActivities contextRef="From20100101To20100630" decimals="-3" unitRef="TWD">-44053000</tw-gaap-ci:NetCashProvidedUsedOperatingActivities>
	<tw-gaap-ci:NetCashProvidedUsedOperatingActivities contextRef="From20090101To20090630" decimals="-3" unitRef="TWD">25193000</tw-gaap-ci:NetCashProvidedUsedOperatingActivities>
	<tw-gaap-ci:AcquisitionPropertyPlantEquipment contextRef="From20100101To20100630" decimals="-3" unitRef="TWD">-8741000</tw-gaap-ci:AcquisitionPropertyPlantEquipment>
	<tw-gaap-ci:AcquisitionPropertyPlantEquipment contextRef="From20090101To20090630" decimals="-3" unitRef="TWD">-1551000</tw-gaap-ci:AcquisitionPropertyPlantEquipment>
	<tw-gaap-ci:IncreaseDeferredCharges contextRef="From20100101To20100630" decimals="-3" unitRef="TWD">-200000</tw-gaap-ci:IncreaseDeferredCharges>
	<tw-gaap-ci:IncreaseDeferredCharges contextRef="From20090101To20090630" decimals="-3" unitRef="TWD">-40000</tw-gaap-ci:IncreaseDeferredCharges>
	<tw-gaap-ci:ChangesRestrictedAssets contextRef="From20100101To20100630" decimals="-3" unitRef="TWD">4855000</tw-gaap-ci:ChangesRestrictedAssets>
	<tw-gaap-ci:ChangesRestrictedAssets contextRef="From20090101To20090630" decimals="-3" unitRef="TWD">0</tw-gaap-ci:ChangesRestrictedAssets>
	<tw-gaap-ci:NetCashProvidedUsedInvestingActivities contextRef="From20100101To20100630" decimals="-3" unitRef="TWD">-4086000</tw-gaap-ci:NetCashProvidedUsedInvestingActivities>
	<tw-gaap-ci:NetCashProvidedUsedInvestingActivities contextRef="From20090101To20090630" decimals="-3" unitRef="TWD">-1591000</tw-gaap-ci:NetCashProvidedUsedInvestingActivities>
	<tw-gaap-ci:ChangesShortTermLoans contextRef="From20100101To20100630" decimals="-3" unitRef="TWD">-79000000</tw-gaap-ci:ChangesShortTermLoans>
	<tw-gaap-ci:ChangesShortTermLoans contextRef="From20090101To20090630" decimals="-3" unitRef="TWD">-35000000</tw-gaap-ci:ChangesShortTermLoans>
	<tw-gaap-ci:ChangeShorttermNotesBillsPayable contextRef="From20100101To20100630" decimals="-3" unitRef="TWD">9987000</tw-gaap-ci:ChangeShorttermNotesBillsPayable>
	<tw-gaap-ci:ChangeShorttermNotesBillsPayable contextRef="From20090101To20090630" decimals="-3" unitRef="TWD">-9988000</tw-gaap-ci:ChangeShorttermNotesBillsPayable>
	<tw-gaap-ci:NetCashProvidedUsedFinancingActivities contextRef="From20100101To20100630" decimals="-3" unitRef="TWD">-69013000</tw-gaap-ci:NetCashProvidedUsedFinancingActivities>
	<tw-gaap-ci:NetCashProvidedUsedFinancingActivities contextRef="From20090101To20090630" decimals="-3" unitRef="TWD">-44988000</tw-gaap-ci:NetCashProvidedUsedFinancingActivities>
	<tw-gaap-ci:NetChangesCashCashEquivalents contextRef="From20100101To20100630" decimals="-3" unitRef="TWD">-117152000</tw-gaap-ci:NetChangesCashCashEquivalents>
	<tw-gaap-ci:NetChangesCashCashEquivalents contextRef="From20090101To20090630" decimals="-3" unitRef="TWD">-21386000</tw-gaap-ci:NetChangesCashCashEquivalents>
	<tw-gaap-ci:CashCashEquivalents contextRef="AsOf20100101" decimals="-3" unitRef="TWD">149602000</tw-gaap-ci:CashCashEquivalents>
	<tw-gaap-ci:CashCashEquivalents contextRef="AsOf20090101" decimals="-3" unitRef="TWD">111995000</tw-gaap-ci:CashCashEquivalents>
	<tw-gaap-ci:InterestPaid contextRef="From20100101To20100630" decimals="-3" unitRef="TWD">2957000</tw-gaap-ci:InterestPaid>
	<tw-gaap-ci:InterestPaid contextRef="From20090101To20090630" decimals="-3" unitRef="TWD">5583000</tw-gaap-ci:InterestPaid>
	<tw-gaap-ci:InterestPaidExcludingCapitalizedInterest contextRef="From20100101To20100630" decimals="-3" unitRef="TWD">2957000</tw-gaap-ci:InterestPaidExcludingCapitalizedInterest>
	<tw-gaap-ci:InterestPaidExcludingCapitalizedInterest contextRef="From20090101To20090630" decimals="-3" unitRef="TWD">5583000</tw-gaap-ci:InterestPaidExcludingCapitalizedInterest>
	<tw-gaap-ci:IncomeTaxPaid contextRef="From20100101To20100630" decimals="-3" unitRef="TWD">3000</tw-gaap-ci:IncomeTaxPaid>
	<tw-gaap-ci:IncomeTaxPaid contextRef="From20090101To20090630" decimals="-3" unitRef="TWD">15000</tw-gaap-ci:IncomeTaxPaid>
	<tw-gaap-ci:IncreasePropertyPlantEquipment contextRef="From20100101To20100630" decimals="-3" unitRef="TWD">12353000</tw-gaap-ci:IncreasePropertyPlantEquipment>
	<tw-gaap-ci:IncreasePropertyPlantEquipment contextRef="From20090101To20090630" decimals="-3" unitRef="TWD">192000</tw-gaap-ci:IncreasePropertyPlantEquipment>
	<tw-gaap-ci:ChangesPayableEquipmentPurchased contextRef="From20100101To20100630" decimals="-3" unitRef="TWD">-3612000</tw-gaap-ci:ChangesPayableEquipmentPurchased>
	<tw-gaap-ci:ChangesPayableEquipmentPurchased contextRef="From20090101To20090630" decimals="-3" unitRef="TWD">1359000</tw-gaap-ci:ChangesPayableEquipmentPurchased>
	<tw-gaap-ci:CashPaidAcquisitionPropertyPlantEquipment contextRef="From20100101To20100630" decimals="-3" unitRef="TWD">8741000</tw-gaap-ci:CashPaidAcquisitionPropertyPlantEquipment>
	<tw-gaap-ci:CashPaidAcquisitionPropertyPlantEquipment contextRef="From20090101To20090630" decimals="-3" unitRef="TWD">1551000</tw-gaap-ci:CashPaidAcquisitionPropertyPlantEquipment>
	<tw-gaap-ci:BeginningBalanceMember contextRef="AsOf20100630_CommonStockValueMember" decimals="-3" unitRef="TWD">460874000</tw-gaap-ci:BeginningBalanceMember>
	<tw-gaap-ci:BeginningBalanceMember contextRef="AsOf20100630_CapitalStockMember" decimals="-3" unitRef="TWD">460874000</tw-gaap-ci:BeginningBalanceMember>
	<tw-gaap-ci:BeginningBalanceMember contextRef="AsOf20100630_LegalReserveMember" decimals="-3" unitRef="TWD">709000</tw-gaap-ci:BeginningBalanceMember>
	<tw-gaap-ci:BeginningBalanceMember contextRef="AsOf20100630_UnappropriatedRetainedEarningsMember" decimals="-3" unitRef="TWD">-119141000</tw-gaap-ci:BeginningBalanceMember>
	<tw-gaap-ci:BeginningBalanceMember contextRef="AsOf20100630_RetainedEarningsMember" decimals="-3" unitRef="TWD">-118432000</tw-gaap-ci:BeginningBalanceMember>
	<tw-gaap-ci:BeginningBalanceMember contextRef="AsOf20100630_CumulativeTranslationAdjustmentsMember" decimals="-3" unitRef="TWD">-30306000</tw-gaap-ci:BeginningBalanceMember>
	<tw-gaap-ci:BeginningBalanceMember contextRef="AsOf20100630_UnrealizedRevaluationIncrementMember" decimals="-3" unitRef="TWD">115771000</tw-gaap-ci:BeginningBalanceMember>
	<tw-gaap-ci:BeginningBalanceMember contextRef="AsOf20100630_StockholdersEquitiesAdjustmentsMember" decimals="-3" unitRef="TWD">85465000</tw-gaap-ci:BeginningBalanceMember>
	<tw-gaap-ci:BeginningBalanceMember contextRef="AsOf20100630_TotalStockholdersEquitiesMember" decimals="-3" unitRef="TWD">427907000</tw-gaap-ci:BeginningBalanceMember>
	<tw-gaap-ci:NetIncomeLossMember contextRef="From20100101To20100630_UnappropriatedRetainedEarningsMember" decimals="-3" unitRef="TWD">-37956000</tw-gaap-ci:NetIncomeLossMember>
	<tw-gaap-ci:NetIncomeLossMember contextRef="From20100101To20100630_RetainedEarningsMember" decimals="-3" unitRef="TWD">-37956000</tw-gaap-ci:NetIncomeLossMember>
	<tw-gaap-ci:NetIncomeLossMember contextRef="From20100101To20100630_TotalStockholdersEquitiesMember" decimals="-3" unitRef="TWD">-37956000</tw-gaap-ci:NetIncomeLossMember>
	<tw-gaap-ci:ChangesUnrealizedRevaluationIncrementMember contextRef="From20100101To20100630_UnrealizedRevaluationIncrementMember" decimals="-3" unitRef="TWD">38491000</tw-gaap-ci:ChangesUnrealizedRevaluationIncrementMember>
	<tw-gaap-ci:ChangesUnrealizedRevaluationIncrementMember contextRef="From20100101To20100630_StockholdersEquitiesAdjustmentsMember" decimals="-3" unitRef="TWD">38491000</tw-gaap-ci:ChangesUnrealizedRevaluationIncrementMember>
	<tw-gaap-ci:ChangesUnrealizedRevaluationIncrementMember contextRef="From20100101To20100630_TotalStockholdersEquitiesMember" decimals="-3" unitRef="TWD">38491000</tw-gaap-ci:ChangesUnrealizedRevaluationIncrementMember>
	<tw-gaap-ci:ChangesForeignExchangeGainLossTranslationForeignCurrencyFinancialStatementsMember contextRef="From20100101To20100630_CumulativeTranslationAdjustmentsMember" decimals="-3" unitRef="TWD">-5560000</tw-gaap-ci:ChangesForeignExchangeGainLossTranslationForeignCurrencyFinancialStatementsMember>
	<tw-gaap-ci:ChangesForeignExchangeGainLossTranslationForeignCurrencyFinancialStatementsMember contextRef="From20100101To20100630_StockholdersEquitiesAdjustmentsMember" decimals="-3" unitRef="TWD">-5560000</tw-gaap-ci:ChangesForeignExchangeGainLossTranslationForeignCurrencyFinancialStatementsMember>
	<tw-gaap-ci:ChangesForeignExchangeGainLossTranslationForeignCurrencyFinancialStatementsMember contextRef="From20100101To20100630_TotalStockholdersEquitiesMember" decimals="-3" unitRef="TWD">-5560000</tw-gaap-ci:ChangesForeignExchangeGainLossTranslationForeignCurrencyFinancialStatementsMember>
	<tw-gaap-ci:ChangesMember contextRef="From20100101To20100630_UnappropriatedRetainedEarningsMember" decimals="-3" unitRef="TWD">-37956000</tw-gaap-ci:ChangesMember>
	<tw-gaap-ci:ChangesMember contextRef="From20100101To20100630_RetainedEarningsMember" decimals="-3" unitRef="TWD">-37956000</tw-gaap-ci:ChangesMember>
	<tw-gaap-ci:ChangesMember contextRef="From20100101To20100630_CumulativeTranslationAdjustmentsMember" decimals="-3" unitRef="TWD">-5560000</tw-gaap-ci:ChangesMember>
	<tw-gaap-ci:ChangesMember contextRef="From20100101To20100630_UnrealizedRevaluationIncrementMember" decimals="-3" unitRef="TWD">38491000</tw-gaap-ci:ChangesMember>
	<tw-gaap-ci:ChangesMember contextRef="From20100101To20100630_StockholdersEquitiesAdjustmentsMember" decimals="-3" unitRef="TWD">32931000</tw-gaap-ci:ChangesMember>
	<tw-gaap-ci:ChangesMember contextRef="From20100101To20100630_TotalStockholdersEquitiesMember" decimals="-3" unitRef="TWD">-5025000</tw-gaap-ci:ChangesMember>
	<tw-gaap-ci:EndYear contextRef="AsOf20100630_CommonStockValueMember" decimals="-3" unitRef="TWD">460874000</tw-gaap-ci:EndYear>
	<tw-gaap-ci:EndYear contextRef="AsOf20100630_CapitalStockMember" decimals="-3" unitRef="TWD">460874000</tw-gaap-ci:EndYear>
	<tw-gaap-ci:EndYear contextRef="AsOf20100630_LegalReserveMember" decimals="-3" unitRef="TWD">709000</tw-gaap-ci:EndYear>
	<tw-gaap-ci:EndYear contextRef="AsOf20100630_UnappropriatedRetainedEarningsMember" decimals="-3" unitRef="TWD">-157097000</tw-gaap-ci:EndYear>
	<tw-gaap-ci:EndYear contextRef="AsOf20100630_RetainedEarningsMember" decimals="-3" unitRef="TWD">-156388000</tw-gaap-ci:EndYear>
	<tw-gaap-ci:EndYear contextRef="AsOf20100630_CumulativeTranslationAdjustmentsMember" decimals="-3" unitRef="TWD">-35866000</tw-gaap-ci:EndYear>
	<tw-gaap-ci:EndYear contextRef="AsOf20100630_UnrealizedRevaluationIncrementMember" decimals="-3" unitRef="TWD">154262000</tw-gaap-ci:EndYear>
	<tw-gaap-ci:EndYear contextRef="AsOf20100630_StockholdersEquitiesAdjustmentsMember" decimals="-3" unitRef="TWD">118396000</tw-gaap-ci:EndYear>
	<tw-gaap-ci:EndYear contextRef="AsOf20100630_TotalStockholdersEquitiesMember" decimals="-3" unitRef="TWD">422882000</tw-gaap-ci:EndYear>
	<tw-gaap-ci:BeginningBalanceMember contextRef="AsOf20090630_CommonStockValueMember" decimals="-3" unitRef="TWD">460874000</tw-gaap-ci:BeginningBalanceMember>
	<tw-gaap-ci:BeginningBalanceMember contextRef="AsOf20090630_CapitalStockMember" decimals="-3" unitRef="TWD">460874000</tw-gaap-ci:BeginningBalanceMember>
	<tw-gaap-ci:BeginningBalanceMember contextRef="AsOf20090630_LegalReserveMember" decimals="-3" unitRef="TWD">709000</tw-gaap-ci:BeginningBalanceMember>
	<tw-gaap-ci:BeginningBalanceMember contextRef="AsOf20090630_UnappropriatedRetainedEarningsMember" decimals="-3" unitRef="TWD">-62535000</tw-gaap-ci:BeginningBalanceMember>
	<tw-gaap-ci:BeginningBalanceMember contextRef="AsOf20090630_RetainedEarningsMember" decimals="-3" unitRef="TWD">-61826000</tw-gaap-ci:BeginningBalanceMember>
	<tw-gaap-ci:BeginningBalanceMember contextRef="AsOf20090630_CumulativeTranslationAdjustmentsMember" decimals="-3" unitRef="TWD">-29399000</tw-gaap-ci:BeginningBalanceMember>
	<tw-gaap-ci:BeginningBalanceMember contextRef="AsOf20090630_UnrealizedRevaluationIncrementMember" decimals="-3" unitRef="TWD">115771000</tw-gaap-ci:BeginningBalanceMember>
	<tw-gaap-ci:BeginningBalanceMember contextRef="AsOf20090630_StockholdersEquitiesAdjustmentsMember" decimals="-3" unitRef="TWD">86372000</tw-gaap-ci:BeginningBalanceMember>
	<tw-gaap-ci:BeginningBalanceMember contextRef="AsOf20090630_TotalStockholdersEquitiesMember" decimals="-3" unitRef="TWD">485420000</tw-gaap-ci:BeginningBalanceMember>
	<tw-gaap-ci:NetIncomeLossMember contextRef="From20090101To20090630_UnappropriatedRetainedEarningsMember" decimals="-3" unitRef="TWD">-52692000</tw-gaap-ci:NetIncomeLossMember>
	<tw-gaap-ci:NetIncomeLossMember contextRef="From20090101To20090630_RetainedEarningsMember" decimals="-3" unitRef="TWD">-52692000</tw-gaap-ci:NetIncomeLossMember>
	<tw-gaap-ci:NetIncomeLossMember contextRef="From20090101To20090630_TotalStockholdersEquitiesMember" decimals="-3" unitRef="TWD">-52692000</tw-gaap-ci:NetIncomeLossMember>
	<tw-gaap-ci:ChangesForeignExchangeGainLossTranslationForeignCurrencyFinancialStatementsMember contextRef="From20090101To20090630_CumulativeTranslationAdjustmentsMember" decimals="-3" unitRef="TWD">-342000</tw-gaap-ci:ChangesForeignExchangeGainLossTranslationForeignCurrencyFinancialStatementsMember>
	<tw-gaap-ci:ChangesForeignExchangeGainLossTranslationForeignCurrencyFinancialStatementsMember contextRef="From20090101To20090630_StockholdersEquitiesAdjustmentsMember" decimals="-3" unitRef="TWD">-342000</tw-gaap-ci:ChangesForeignExchangeGainLossTranslationForeignCurrencyFinancialStatementsMember>
	<tw-gaap-ci:ChangesForeignExchangeGainLossTranslationForeignCurrencyFinancialStatementsMember contextRef="From20090101To20090630_TotalStockholdersEquitiesMember" decimals="-3" unitRef="TWD">-342000</tw-gaap-ci:ChangesForeignExchangeGainLossTranslationForeignCurrencyFinancialStatementsMember>
	<tw-gaap-ci:ChangesMember contextRef="From20090101To20090630_UnappropriatedRetainedEarningsMember" decimals="-3" unitRef="TWD">-52692000</tw-gaap-ci:ChangesMember>
	<tw-gaap-ci:ChangesMember contextRef="From20090101To20090630_RetainedEarningsMember" decimals="-3" unitRef="TWD">-52692000</tw-gaap-ci:ChangesMember>
	<tw-gaap-ci:ChangesMember contextRef="From20090101To20090630_CumulativeTranslationAdjustmentsMember" decimals="-3" unitRef="TWD">-342000</tw-gaap-ci:ChangesMember>
	<tw-gaap-ci:ChangesMember contextRef="From20090101To20090630_StockholdersEquitiesAdjustmentsMember" decimals="-3" unitRef="TWD">-342000</tw-gaap-ci:ChangesMember>
	<tw-gaap-ci:ChangesMember contextRef="From20090101To20090630_TotalStockholdersEquitiesMember" decimals="-3" unitRef="TWD">-53034000</tw-gaap-ci:ChangesMember>
	<tw-gaap-ci:EndYear contextRef="AsOf20090630_CommonStockValueMember" decimals="-3" unitRef="TWD">460874000</tw-gaap-ci:EndYear>
	<tw-gaap-ci:EndYear contextRef="AsOf20090630_CapitalStockMember" decimals="-3" unitRef="TWD">460874000</tw-gaap-ci:EndYear>
	<tw-gaap-ci:EndYear contextRef="AsOf20090630_LegalReserveMember" decimals="-3" unitRef="TWD">709000</tw-gaap-ci:EndYear>
	<tw-gaap-ci:EndYear contextRef="AsOf20090630_UnappropriatedRetainedEarningsMember" decimals="-3" unitRef="TWD">-115227000</tw-gaap-ci:EndYear>
	<tw-gaap-ci:EndYear contextRef="AsOf20090630_RetainedEarningsMember" decimals="-3" unitRef="TWD">-114518000</tw-gaap-ci:EndYear>
	<tw-gaap-ci:EndYear contextRef="AsOf20090630_CumulativeTranslationAdjustmentsMember" decimals="-3" unitRef="TWD">-29741000</tw-gaap-ci:EndYear>
	<tw-gaap-ci:EndYear contextRef="AsOf20090630_UnrealizedRevaluationIncrementMember" decimals="-3" unitRef="TWD">115771000</tw-gaap-ci:EndYear>
	<tw-gaap-ci:EndYear contextRef="AsOf20090630_StockholdersEquitiesAdjustmentsMember" decimals="-3" unitRef="TWD">86030000</tw-gaap-ci:EndYear>
	<tw-gaap-ci:EndYear contextRef="AsOf20090630_TotalStockholdersEquitiesMember" decimals="-3" unitRef="TWD">432386000</tw-gaap-ci:EndYear>
	<tw-gaap-ar:AccountantName contextRef="AsOf20100804">安侯建業聯合會計師事務所</tw-gaap-ar:AccountantName>
	<tw-gaap-ar:AssuranceAccountantName1 contextRef="AsOf20100804">魏忠華</tw-gaap-ar:AssuranceAccountantName1>
	<tw-gaap-ar:AssuranceAccountantName2 contextRef="AsOf20100804">王怡文</tw-gaap-ar:AssuranceAccountantName2>
	<tw-gaap-ar:ReviewAuditDate contextRef="AsOf20100804">2010-08-04</tw-gaap-ar:ReviewAuditDate>
	<tw-gaap-ar:AuditReport contextRef="AsOf20100804">Y</tw-gaap-ar:AuditReport>
	<tw-gaap-ar:QualifiedOpinionAbstract contextRef="AsOf20100804">Y</tw-gaap-ar:QualifiedOpinionAbstract>
	<tw-gaap-ar:ByInvestmentCompaniesWithoutAccountantAuditReportRecognizedGainLoss contextRef="AsOf20100804">Y</tw-gaap-ar:ByInvestmentCompaniesWithoutAccountantAuditReportRecognizedGainLoss>
	<tw-gaap-ar:DescriptionEmphasizeItemBody contextRef="AsOf20100804"><![CDATA[]]></tw-gaap-ar:DescriptionEmphasizeItemBody>
	<tw-gaap-ar:DescriptionOtherItemBody contextRef="AsOf20100804"><![CDATA[]]></tw-gaap-ar:DescriptionOtherItemBody>
	<tw-gaap-ar:AccountantsReportBody contextRef="AsOf20100804"><![CDATA[會計師查核報告


偉聯科技股份有限公司董事會　公鑒： 

    偉聯科技股份有限公司民國九十九年及九十八年六月三十日之資產負債表，
暨截至各該日止之民國九十九年及九十八年上半年度之損益表、股東權益變動表
及現金流量表，業經本會計師查核竣事。上開財務報表之編製係管理階層之責任
，本會計師之責任則為根據查核結果對　上開財務報表表示意見。
    除下段所述者外，本會計師係依照會計師查核簽證財務報表規則暨一般公認
審計準則規劃並執行查核工作，以合理確信財務報表有無重大不實表達。此項查
核工作包括以抽查方式獲取財務報表所列金額及所揭露事項之查核證據、評估管
理階層編製財務報表所採用之會計原則及所作之重大會計估計，暨評估財務報表
整體之表達。本會計師相信此項查核工作可對所表示之意見提供合理之依據。
    如財務報表附註四之(四)所述，偉聯科技股份有限公司民國九十九年及九十
八年六月三十日採權益法評價之長期股權投資分別為70,451千元及100,442千元，
民國九十九年及九十八年上半年度認列投資損失淨額分別為13,885千元及24,731
千元，係依據被投資公司未經會計師查核之財務報表，以權益法評價計列。另財
務報表附註十一之(二)「轉投資事業相關資訊」係由被投資公司所提供，本會計
師未依第二段所述之查核程序執行查核工作。
    依本會計師之意見，除上段所述被投資公司之財務報表及相關資訊如經會計
師查核，對於第一段所述之財務報表可能有所調整外，第一段所述財務報表在所
有重大方面係依照證券發行人財務報告編製準則、商業會計法及商業會計處理準
則中與財務會計準則相關之規定及一般公認會計原則編製，足以允當表達偉聯科
技股份有限公司民國九十九年及九十八年六月三十日之財務狀況，暨截至各該日
止之民國九十九年及九十八年上半年度之經營成果與現金流量。
    民國九十九年上半年度財務報表重要會計科目明細表，主要係供補充分析之
用，亦經本會計師採用第二段所述之查核程序予以查核。依本會計師之意見，除
第三段所述事項之可能調整外，該等明細表係依據證券發行人財務報告編製準則
編製，足以允當表達其與第一段所述財務報表有關之內容。
    如財務報表附註三所述，偉聯科技股份有限公司自民國九十八年一月一日起
，有關存貨之原始衡量及後續衡量適用財務會計準則公報第十號「存貨之會計處
理準則」第一次修訂條文。此項會計原則變動使民國九十八年上半年度淨損增加
6.437千元，每股虧損增加0.14元。
    偉聯科技股份有限公司已編製民國九十九年及九十八年上半年度之合併財務
報表，並經本會計師出具部份子公司財務報表係未經會計師核閱之保留式核閱報
告在案，備供參考。





           
                     

	                安 侯 建 業 聯 合 會 計 師 事 務 所
			
			                  魏  忠  華 
	                會　計　師    ：	
			                  王  怡  文

                 
                        證券主管機關  (88)台財證(六)第18311號
                        核准簽證文號：台財證六字第0990013761號
                        民 國 九 十 九 年 八 月   四 日
]]></tw-gaap-ar:AccountantsReportBody>
	<tw-gaap-notes:FinancialReportnotes contextRef="AsOf20100630"><![CDATA[http://doc.twse.com.tw/server-java/t57sb01?step=1&colorchg=1&co_id=9912&year=99&seamon=2&mtype=A&]]></tw-gaap-notes:FinancialReportnotes>
</xbrl>

<!--This instance document is created by SIIAP V1.2.11-->
