<?xml version="1.0" encoding="UTF-8"?>
<xbrl xmlns="http://www.xbrl.org/2003/instance" xmlns:iso4217="http://www.xbrl.org/2003/iso4217" xmlns:link="http://www.xbrl.org/2003/linkbase" xmlns:tw-gaap-ar="http://www.xbrl.org/tw/fr/gaap/ar/2010-06-30" xmlns:tw-gaap-ci="http://www.xbrl.org/tw/fr/gaap/tw-gaap-ci-2010-06-30" xmlns:tw-gaap-notes="http://www.xbrl.org/tw/fr/gaap/notes/2010-06-30" xmlns:xbrldi="http://xbrl.org/2006/xbrldi" xmlns:xbrldt="http://xbrl.org/2005/xbrldt" xmlns:xbrli="http://www.xbrl.org/2003/instance" xmlns:xlink="http://www.w3.org/1999/xlink">
	<link:schemaRef xlink:arcrole="http://www.w3.org/1999/xlink/properties/linkbase" xlink:href="tw-gaap-ci-2010-06-30.xsd" xlink:type="simple"/>	<context id="AsOf20100723">
		<entity>
			<identifier scheme="http://www.twse.com.tw">3002</identifier>
		</entity>
		<period>
			<instant>2010-07-23</instant>
		</period>
	</context>
	<context id="From20090101To20090630_CapitalSurplusMember">
		<entity>
			<identifier scheme="http://www.twse.com.tw">3002</identifier>
		</entity>
		<period>
			<startDate>2009-01-01</startDate>
			<endDate>2009-06-30</endDate>
		</period>
		<scenario>
			<xbrldi:explicitMember dimension="tw-gaap-ci:StockholdersEquityDimensionMember">tw-gaap-ci:CapitalSurplusMember</xbrldi:explicitMember>
		</scenario>
	</context>
	<context id="From20090101To20090630_CapitalStockMember">
		<entity>
			<identifier scheme="http://www.twse.com.tw">3002</identifier>
		</entity>
		<period>
			<startDate>2009-01-01</startDate>
			<endDate>2009-06-30</endDate>
		</period>
		<scenario>
			<xbrldi:explicitMember dimension="tw-gaap-ci:StockholdersEquityDimensionMember">tw-gaap-ci:CapitalStockMember</xbrldi:explicitMember>
		</scenario>
	</context>
	<context id="From20090101To20090630_CommonStockValueMember">
		<entity>
			<identifier scheme="http://www.twse.com.tw">3002</identifier>
		</entity>
		<period>
			<startDate>2009-01-01</startDate>
			<endDate>2009-06-30</endDate>
		</period>
		<scenario>
			<xbrldi:explicitMember dimension="tw-gaap-ci:StockholdersEquityDimensionMember">tw-gaap-ci:CommonStockValueMember</xbrldi:explicitMember>
		</scenario>
	</context>
	<context id="From20090101To20090630_CumulativeTranslationAdjustmentsMember">
		<entity>
			<identifier scheme="http://www.twse.com.tw">3002</identifier>
		</entity>
		<period>
			<startDate>2009-01-01</startDate>
			<endDate>2009-06-30</endDate>
		</period>
		<scenario>
			<xbrldi:explicitMember dimension="tw-gaap-ci:StockholdersEquityDimensionMember">tw-gaap-ci:CumulativeTranslationAdjustmentsMember</xbrldi:explicitMember>
		</scenario>
	</context>
	<context id="From20090101To20090630_StockholdersEquitiesAdjustmentsMember">
		<entity>
			<identifier scheme="http://www.twse.com.tw">3002</identifier>
		</entity>
		<period>
			<startDate>2009-01-01</startDate>
			<endDate>2009-06-30</endDate>
		</period>
		<scenario>
			<xbrldi:explicitMember dimension="tw-gaap-ci:StockholdersEquityDimensionMember">tw-gaap-ci:StockholdersEquitiesAdjustmentsMember</xbrldi:explicitMember>
		</scenario>
	</context>
	<context id="From20090101To20090630_UnrealizedGainLossesFinancialInstrumentMember">
		<entity>
			<identifier scheme="http://www.twse.com.tw">3002</identifier>
		</entity>
		<period>
			<startDate>2009-01-01</startDate>
			<endDate>2009-06-30</endDate>
		</period>
		<scenario>
			<xbrldi:explicitMember dimension="tw-gaap-ci:StockholdersEquityDimensionMember">tw-gaap-ci:UnrealizedGainLossesFinancialInstrumentMember</xbrldi:explicitMember>
		</scenario>
	</context>
	<context id="From20090101To20090630_SpecialReserveMember">
		<entity>
			<identifier scheme="http://www.twse.com.tw">3002</identifier>
		</entity>
		<period>
			<startDate>2009-01-01</startDate>
			<endDate>2009-06-30</endDate>
		</period>
		<scenario>
			<xbrldi:explicitMember dimension="tw-gaap-ci:StockholdersEquityDimensionMember">tw-gaap-ci:SpecialReserveMember</xbrldi:explicitMember>
		</scenario>
	</context>
	<context id="From20090101To20090630_LegalReserveMember">
		<entity>
			<identifier scheme="http://www.twse.com.tw">3002</identifier>
		</entity>
		<period>
			<startDate>2009-01-01</startDate>
			<endDate>2009-06-30</endDate>
		</period>
		<scenario>
			<xbrldi:explicitMember dimension="tw-gaap-ci:StockholdersEquityDimensionMember">tw-gaap-ci:LegalReserveMember</xbrldi:explicitMember>
		</scenario>
	</context>
	<context id="From20090101To20090630_TotalStockholdersEquitiesMember">
		<entity>
			<identifier scheme="http://www.twse.com.tw">3002</identifier>
		</entity>
		<period>
			<startDate>2009-01-01</startDate>
			<endDate>2009-06-30</endDate>
		</period>
		<scenario>
			<xbrldi:explicitMember dimension="tw-gaap-ci:StockholdersEquityDimensionMember">tw-gaap-ci:TotalStockholdersEquitiesMember</xbrldi:explicitMember>
		</scenario>
	</context>
	<context id="From20090101To20090630_RetainedEarningsMember">
		<entity>
			<identifier scheme="http://www.twse.com.tw">3002</identifier>
		</entity>
		<period>
			<startDate>2009-01-01</startDate>
			<endDate>2009-06-30</endDate>
		</period>
		<scenario>
			<xbrldi:explicitMember dimension="tw-gaap-ci:StockholdersEquityDimensionMember">tw-gaap-ci:RetainedEarningsMember</xbrldi:explicitMember>
		</scenario>
	</context>
	<context id="From20090101To20090630_UnappropriatedRetainedEarningsMember">
		<entity>
			<identifier scheme="http://www.twse.com.tw">3002</identifier>
		</entity>
		<period>
			<startDate>2009-01-01</startDate>
			<endDate>2009-06-30</endDate>
		</period>
		<scenario>
			<xbrldi:explicitMember dimension="tw-gaap-ci:StockholdersEquityDimensionMember">tw-gaap-ci:UnappropriatedRetainedEarningsMember</xbrldi:explicitMember>
		</scenario>
	</context>
	<context id="AsOf20090630_TotalStockholdersEquitiesMember">
		<entity>
			<identifier scheme="http://www.twse.com.tw">3002</identifier>
		</entity>
		<period>
			<instant>2009-06-30</instant>
		</period>
		<scenario>
			<xbrldi:explicitMember dimension="tw-gaap-ci:StockholdersEquityDimensionMember">tw-gaap-ci:TotalStockholdersEquitiesMember</xbrldi:explicitMember>
		</scenario>
	</context>
	<context id="AsOf20090630_StockholdersEquitiesAdjustmentsMember">
		<entity>
			<identifier scheme="http://www.twse.com.tw">3002</identifier>
		</entity>
		<period>
			<instant>2009-06-30</instant>
		</period>
		<scenario>
			<xbrldi:explicitMember dimension="tw-gaap-ci:StockholdersEquityDimensionMember">tw-gaap-ci:StockholdersEquitiesAdjustmentsMember</xbrldi:explicitMember>
		</scenario>
	</context>
	<context id="AsOf20090630_UnrealizedGainLossesFinancialInstrumentMember">
		<entity>
			<identifier scheme="http://www.twse.com.tw">3002</identifier>
		</entity>
		<period>
			<instant>2009-06-30</instant>
		</period>
		<scenario>
			<xbrldi:explicitMember dimension="tw-gaap-ci:StockholdersEquityDimensionMember">tw-gaap-ci:UnrealizedGainLossesFinancialInstrumentMember</xbrldi:explicitMember>
		</scenario>
	</context>
	<context id="AsOf20090630_CumulativeTranslationAdjustmentsMember">
		<entity>
			<identifier scheme="http://www.twse.com.tw">3002</identifier>
		</entity>
		<period>
			<instant>2009-06-30</instant>
		</period>
		<scenario>
			<xbrldi:explicitMember dimension="tw-gaap-ci:StockholdersEquityDimensionMember">tw-gaap-ci:CumulativeTranslationAdjustmentsMember</xbrldi:explicitMember>
		</scenario>
	</context>
	<context id="AsOf20090630_RetainedEarningsMember">
		<entity>
			<identifier scheme="http://www.twse.com.tw">3002</identifier>
		</entity>
		<period>
			<instant>2009-06-30</instant>
		</period>
		<scenario>
			<xbrldi:explicitMember dimension="tw-gaap-ci:StockholdersEquityDimensionMember">tw-gaap-ci:RetainedEarningsMember</xbrldi:explicitMember>
		</scenario>
	</context>
	<context id="AsOf20090630_UnappropriatedRetainedEarningsMember">
		<entity>
			<identifier scheme="http://www.twse.com.tw">3002</identifier>
		</entity>
		<period>
			<instant>2009-06-30</instant>
		</period>
		<scenario>
			<xbrldi:explicitMember dimension="tw-gaap-ci:StockholdersEquityDimensionMember">tw-gaap-ci:UnappropriatedRetainedEarningsMember</xbrldi:explicitMember>
		</scenario>
	</context>
	<context id="AsOf20090630_SpecialReserveMember">
		<entity>
			<identifier scheme="http://www.twse.com.tw">3002</identifier>
		</entity>
		<period>
			<instant>2009-06-30</instant>
		</period>
		<scenario>
			<xbrldi:explicitMember dimension="tw-gaap-ci:StockholdersEquityDimensionMember">tw-gaap-ci:SpecialReserveMember</xbrldi:explicitMember>
		</scenario>
	</context>
	<context id="AsOf20090630_LegalReserveMember">
		<entity>
			<identifier scheme="http://www.twse.com.tw">3002</identifier>
		</entity>
		<period>
			<instant>2009-06-30</instant>
		</period>
		<scenario>
			<xbrldi:explicitMember dimension="tw-gaap-ci:StockholdersEquityDimensionMember">tw-gaap-ci:LegalReserveMember</xbrldi:explicitMember>
		</scenario>
	</context>
	<context id="AsOf20090630_CapitalSurplusMember">
		<entity>
			<identifier scheme="http://www.twse.com.tw">3002</identifier>
		</entity>
		<period>
			<instant>2009-06-30</instant>
		</period>
		<scenario>
			<xbrldi:explicitMember dimension="tw-gaap-ci:StockholdersEquityDimensionMember">tw-gaap-ci:CapitalSurplusMember</xbrldi:explicitMember>
		</scenario>
	</context>
	<context id="AsOf20090630_CapitalStockMember">
		<entity>
			<identifier scheme="http://www.twse.com.tw">3002</identifier>
		</entity>
		<period>
			<instant>2009-06-30</instant>
		</period>
		<scenario>
			<xbrldi:explicitMember dimension="tw-gaap-ci:StockholdersEquityDimensionMember">tw-gaap-ci:CapitalStockMember</xbrldi:explicitMember>
		</scenario>
	</context>
	<context id="AsOf20090630_CommonStockValueMember">
		<entity>
			<identifier scheme="http://www.twse.com.tw">3002</identifier>
		</entity>
		<period>
			<instant>2009-06-30</instant>
		</period>
		<scenario>
			<xbrldi:explicitMember dimension="tw-gaap-ci:StockholdersEquityDimensionMember">tw-gaap-ci:CommonStockValueMember</xbrldi:explicitMember>
		</scenario>
	</context>
	<context id="From20100101To20100630_CapitalStockMember">
		<entity>
			<identifier scheme="http://www.twse.com.tw">3002</identifier>
		</entity>
		<period>
			<startDate>2010-01-01</startDate>
			<endDate>2010-06-30</endDate>
		</period>
		<scenario>
			<xbrldi:explicitMember dimension="tw-gaap-ci:StockholdersEquityDimensionMember">tw-gaap-ci:CapitalStockMember</xbrldi:explicitMember>
		</scenario>
	</context>
	<context id="From20100101To20100630_CommonStockValueMember">
		<entity>
			<identifier scheme="http://www.twse.com.tw">3002</identifier>
		</entity>
		<period>
			<startDate>2010-01-01</startDate>
			<endDate>2010-06-30</endDate>
		</period>
		<scenario>
			<xbrldi:explicitMember dimension="tw-gaap-ci:StockholdersEquityDimensionMember">tw-gaap-ci:CommonStockValueMember</xbrldi:explicitMember>
		</scenario>
	</context>
	<context id="From20100101To20100630_CumulativeTranslationAdjustmentsMember">
		<entity>
			<identifier scheme="http://www.twse.com.tw">3002</identifier>
		</entity>
		<period>
			<startDate>2010-01-01</startDate>
			<endDate>2010-06-30</endDate>
		</period>
		<scenario>
			<xbrldi:explicitMember dimension="tw-gaap-ci:StockholdersEquityDimensionMember">tw-gaap-ci:CumulativeTranslationAdjustmentsMember</xbrldi:explicitMember>
		</scenario>
	</context>
	<context id="From20100101To20100630_StockholdersEquitiesAdjustmentsMember">
		<entity>
			<identifier scheme="http://www.twse.com.tw">3002</identifier>
		</entity>
		<period>
			<startDate>2010-01-01</startDate>
			<endDate>2010-06-30</endDate>
		</period>
		<scenario>
			<xbrldi:explicitMember dimension="tw-gaap-ci:StockholdersEquityDimensionMember">tw-gaap-ci:StockholdersEquitiesAdjustmentsMember</xbrldi:explicitMember>
		</scenario>
	</context>
	<context id="From20100101To20100630_UnrealizedGainLossesFinancialInstrumentMember">
		<entity>
			<identifier scheme="http://www.twse.com.tw">3002</identifier>
		</entity>
		<period>
			<startDate>2010-01-01</startDate>
			<endDate>2010-06-30</endDate>
		</period>
		<scenario>
			<xbrldi:explicitMember dimension="tw-gaap-ci:StockholdersEquityDimensionMember">tw-gaap-ci:UnrealizedGainLossesFinancialInstrumentMember</xbrldi:explicitMember>
		</scenario>
	</context>
	<context id="From20100101To20100630_CapitalSurplusMember">
		<entity>
			<identifier scheme="http://www.twse.com.tw">3002</identifier>
		</entity>
		<period>
			<startDate>2010-01-01</startDate>
			<endDate>2010-06-30</endDate>
		</period>
		<scenario>
			<xbrldi:explicitMember dimension="tw-gaap-ci:StockholdersEquityDimensionMember">tw-gaap-ci:CapitalSurplusMember</xbrldi:explicitMember>
		</scenario>
	</context>
	<context id="From20100101To20100630_LegalReserveMember">
		<entity>
			<identifier scheme="http://www.twse.com.tw">3002</identifier>
		</entity>
		<period>
			<startDate>2010-01-01</startDate>
			<endDate>2010-06-30</endDate>
		</period>
		<scenario>
			<xbrldi:explicitMember dimension="tw-gaap-ci:StockholdersEquityDimensionMember">tw-gaap-ci:LegalReserveMember</xbrldi:explicitMember>
		</scenario>
	</context>
	<context id="From20100101To20100630_TotalStockholdersEquitiesMember">
		<entity>
			<identifier scheme="http://www.twse.com.tw">3002</identifier>
		</entity>
		<period>
			<startDate>2010-01-01</startDate>
			<endDate>2010-06-30</endDate>
		</period>
		<scenario>
			<xbrldi:explicitMember dimension="tw-gaap-ci:StockholdersEquityDimensionMember">tw-gaap-ci:TotalStockholdersEquitiesMember</xbrldi:explicitMember>
		</scenario>
	</context>
	<context id="From20100101To20100630_RetainedEarningsMember">
		<entity>
			<identifier scheme="http://www.twse.com.tw">3002</identifier>
		</entity>
		<period>
			<startDate>2010-01-01</startDate>
			<endDate>2010-06-30</endDate>
		</period>
		<scenario>
			<xbrldi:explicitMember dimension="tw-gaap-ci:StockholdersEquityDimensionMember">tw-gaap-ci:RetainedEarningsMember</xbrldi:explicitMember>
		</scenario>
	</context>
	<context id="From20100101To20100630_UnappropriatedRetainedEarningsMember">
		<entity>
			<identifier scheme="http://www.twse.com.tw">3002</identifier>
		</entity>
		<period>
			<startDate>2010-01-01</startDate>
			<endDate>2010-06-30</endDate>
		</period>
		<scenario>
			<xbrldi:explicitMember dimension="tw-gaap-ci:StockholdersEquityDimensionMember">tw-gaap-ci:UnappropriatedRetainedEarningsMember</xbrldi:explicitMember>
		</scenario>
	</context>
	<context id="From20100101To20100630_SpecialReserveMember">
		<entity>
			<identifier scheme="http://www.twse.com.tw">3002</identifier>
		</entity>
		<period>
			<startDate>2010-01-01</startDate>
			<endDate>2010-06-30</endDate>
		</period>
		<scenario>
			<xbrldi:explicitMember dimension="tw-gaap-ci:StockholdersEquityDimensionMember">tw-gaap-ci:SpecialReserveMember</xbrldi:explicitMember>
		</scenario>
	</context>
	<context id="AsOf20100630_TotalStockholdersEquitiesMember">
		<entity>
			<identifier scheme="http://www.twse.com.tw">3002</identifier>
		</entity>
		<period>
			<instant>2010-06-30</instant>
		</period>
		<scenario>
			<xbrldi:explicitMember dimension="tw-gaap-ci:StockholdersEquityDimensionMember">tw-gaap-ci:TotalStockholdersEquitiesMember</xbrldi:explicitMember>
		</scenario>
	</context>
	<context id="AsOf20100630_StockholdersEquitiesAdjustmentsMember">
		<entity>
			<identifier scheme="http://www.twse.com.tw">3002</identifier>
		</entity>
		<period>
			<instant>2010-06-30</instant>
		</period>
		<scenario>
			<xbrldi:explicitMember dimension="tw-gaap-ci:StockholdersEquityDimensionMember">tw-gaap-ci:StockholdersEquitiesAdjustmentsMember</xbrldi:explicitMember>
		</scenario>
	</context>
	<context id="AsOf20100630_UnrealizedGainLossesFinancialInstrumentMember">
		<entity>
			<identifier scheme="http://www.twse.com.tw">3002</identifier>
		</entity>
		<period>
			<instant>2010-06-30</instant>
		</period>
		<scenario>
			<xbrldi:explicitMember dimension="tw-gaap-ci:StockholdersEquityDimensionMember">tw-gaap-ci:UnrealizedGainLossesFinancialInstrumentMember</xbrldi:explicitMember>
		</scenario>
	</context>
	<context id="AsOf20100630_CumulativeTranslationAdjustmentsMember">
		<entity>
			<identifier scheme="http://www.twse.com.tw">3002</identifier>
		</entity>
		<period>
			<instant>2010-06-30</instant>
		</period>
		<scenario>
			<xbrldi:explicitMember dimension="tw-gaap-ci:StockholdersEquityDimensionMember">tw-gaap-ci:CumulativeTranslationAdjustmentsMember</xbrldi:explicitMember>
		</scenario>
	</context>
	<context id="AsOf20100630_RetainedEarningsMember">
		<entity>
			<identifier scheme="http://www.twse.com.tw">3002</identifier>
		</entity>
		<period>
			<instant>2010-06-30</instant>
		</period>
		<scenario>
			<xbrldi:explicitMember dimension="tw-gaap-ci:StockholdersEquityDimensionMember">tw-gaap-ci:RetainedEarningsMember</xbrldi:explicitMember>
		</scenario>
	</context>
	<context id="AsOf20100630_UnappropriatedRetainedEarningsMember">
		<entity>
			<identifier scheme="http://www.twse.com.tw">3002</identifier>
		</entity>
		<period>
			<instant>2010-06-30</instant>
		</period>
		<scenario>
			<xbrldi:explicitMember dimension="tw-gaap-ci:StockholdersEquityDimensionMember">tw-gaap-ci:UnappropriatedRetainedEarningsMember</xbrldi:explicitMember>
		</scenario>
	</context>
	<context id="AsOf20100630_SpecialReserveMember">
		<entity>
			<identifier scheme="http://www.twse.com.tw">3002</identifier>
		</entity>
		<period>
			<instant>2010-06-30</instant>
		</period>
		<scenario>
			<xbrldi:explicitMember dimension="tw-gaap-ci:StockholdersEquityDimensionMember">tw-gaap-ci:SpecialReserveMember</xbrldi:explicitMember>
		</scenario>
	</context>
	<context id="AsOf20100630_LegalReserveMember">
		<entity>
			<identifier scheme="http://www.twse.com.tw">3002</identifier>
		</entity>
		<period>
			<instant>2010-06-30</instant>
		</period>
		<scenario>
			<xbrldi:explicitMember dimension="tw-gaap-ci:StockholdersEquityDimensionMember">tw-gaap-ci:LegalReserveMember</xbrldi:explicitMember>
		</scenario>
	</context>
	<context id="AsOf20100630_CapitalSurplusMember">
		<entity>
			<identifier scheme="http://www.twse.com.tw">3002</identifier>
		</entity>
		<period>
			<instant>2010-06-30</instant>
		</period>
		<scenario>
			<xbrldi:explicitMember dimension="tw-gaap-ci:StockholdersEquityDimensionMember">tw-gaap-ci:CapitalSurplusMember</xbrldi:explicitMember>
		</scenario>
	</context>
	<context id="AsOf20100630_CapitalStockMember">
		<entity>
			<identifier scheme="http://www.twse.com.tw">3002</identifier>
		</entity>
		<period>
			<instant>2010-06-30</instant>
		</period>
		<scenario>
			<xbrldi:explicitMember dimension="tw-gaap-ci:StockholdersEquityDimensionMember">tw-gaap-ci:CapitalStockMember</xbrldi:explicitMember>
		</scenario>
	</context>
	<context id="AsOf20100630_CommonStockValueMember">
		<entity>
			<identifier scheme="http://www.twse.com.tw">3002</identifier>
		</entity>
		<period>
			<instant>2010-06-30</instant>
		</period>
		<scenario>
			<xbrldi:explicitMember dimension="tw-gaap-ci:StockholdersEquityDimensionMember">tw-gaap-ci:CommonStockValueMember</xbrldi:explicitMember>
		</scenario>
	</context>
	<context id="AsOf20090101">
		<entity>
			<identifier scheme="http://www.twse.com.tw">3002</identifier>
		</entity>
		<period>
			<instant>2009-01-01</instant>
		</period>
	</context>
	<context id="AsOf20100101">
		<entity>
			<identifier scheme="http://www.twse.com.tw">3002</identifier>
		</entity>
		<period>
			<instant>2010-01-01</instant>
		</period>
	</context>
	<context id="From20090101To20090630">
		<entity>
			<identifier scheme="http://www.twse.com.tw">3002</identifier>
		</entity>
		<period>
			<startDate>2009-01-01</startDate>
			<endDate>2009-06-30</endDate>
		</period>
	</context>
	<context id="AsOf20090630">
		<entity>
			<identifier scheme="http://www.twse.com.tw">3002</identifier>
		</entity>
		<period>
			<instant>2009-06-30</instant>
		</period>
	</context>
	<context id="From20100101To20100630">
		<entity>
			<identifier scheme="http://www.twse.com.tw">3002</identifier>
		</entity>
		<period>
			<startDate>2010-01-01</startDate>
			<endDate>2010-06-30</endDate>
		</period>
	</context>
	<context id="AsOf20100630">
		<entity>
			<identifier scheme="http://www.twse.com.tw">3002</identifier>
		</entity>
		<period>
			<instant>2010-06-30</instant>
		</period>
	</context>
	<unit id="TWD">
		<measure>iso4217:TWD</measure>
	</unit>
	<unit id="Shares">
		<measure>xbrli:shares</measure>
	</unit>
	<unit id="EarningsPerShare">
		<divide>
			<unitNumerator>
				<measure>iso4217:TWD</measure>
			</unitNumerator>
			<unitDenominator>
				<measure>xbrli:shares</measure>
			</unitDenominator>
		</divide>
	</unit>
	<tw-gaap-ci:CashCashEquivalents contextRef="AsOf20100630" decimals="-3" unitRef="TWD">201445000</tw-gaap-ci:CashCashEquivalents>
	<tw-gaap-ci:CashCashEquivalents contextRef="AsOf20090630" decimals="-3" unitRef="TWD">323993000</tw-gaap-ci:CashCashEquivalents>
	<tw-gaap-ci:AvailableSaleFinancialAssetsCurrent contextRef="AsOf20100630" decimals="-3" unitRef="TWD">277585000</tw-gaap-ci:AvailableSaleFinancialAssetsCurrent>
	<tw-gaap-ci:AvailableSaleFinancialAssetsCurrent contextRef="AsOf20090630" decimals="-3" unitRef="TWD">357555000</tw-gaap-ci:AvailableSaleFinancialAssetsCurrent>
	<tw-gaap-ci:NetNotesReceivable contextRef="AsOf20100630" decimals="-3" unitRef="TWD">0</tw-gaap-ci:NetNotesReceivable>
	<tw-gaap-ci:NetNotesReceivable contextRef="AsOf20090630" decimals="-3" unitRef="TWD">630000</tw-gaap-ci:NetNotesReceivable>
	<tw-gaap-ci:NetAccountsReceivable contextRef="AsOf20100630" decimals="-3" unitRef="TWD">114465000</tw-gaap-ci:NetAccountsReceivable>
	<tw-gaap-ci:NetAccountsReceivable contextRef="AsOf20090630" decimals="-3" unitRef="TWD">142196000</tw-gaap-ci:NetAccountsReceivable>
	<tw-gaap-ci:NetAccountsReceivableRelatedParties contextRef="AsOf20100630" decimals="-3" unitRef="TWD">32232000</tw-gaap-ci:NetAccountsReceivableRelatedParties>
	<tw-gaap-ci:NetAccountsReceivableRelatedParties contextRef="AsOf20090630" decimals="-3" unitRef="TWD">47718000</tw-gaap-ci:NetAccountsReceivableRelatedParties>
	<tw-gaap-ci:OtherReceivables contextRef="AsOf20100630" decimals="-3" unitRef="TWD">234000</tw-gaap-ci:OtherReceivables>
	<tw-gaap-ci:OtherReceivables contextRef="AsOf20090630" decimals="-3" unitRef="TWD">1481000</tw-gaap-ci:OtherReceivables>
	<tw-gaap-ci:InventoriesManufacturing contextRef="AsOf20100630" decimals="-3" unitRef="TWD">48000</tw-gaap-ci:InventoriesManufacturing>
	<tw-gaap-ci:InventoriesManufacturing contextRef="AsOf20090630" decimals="-3" unitRef="TWD">2000</tw-gaap-ci:InventoriesManufacturing>
	<tw-gaap-ci:Inventories contextRef="AsOf20100630" decimals="-3" unitRef="TWD">48000</tw-gaap-ci:Inventories>
	<tw-gaap-ci:Inventories contextRef="AsOf20090630" decimals="-3" unitRef="TWD">2000</tw-gaap-ci:Inventories>
	<tw-gaap-ci:DeferredIncomeTaxAssetsCurrent contextRef="AsOf20100630" decimals="-3" unitRef="TWD">2200000</tw-gaap-ci:DeferredIncomeTaxAssetsCurrent>
	<tw-gaap-ci:DeferredIncomeTaxAssetsCurrent contextRef="AsOf20090630" decimals="-3" unitRef="TWD">0</tw-gaap-ci:DeferredIncomeTaxAssetsCurrent>
	<tw-gaap-ci:OthercurrentAssetsOther contextRef="AsOf20100630" decimals="-3" unitRef="TWD">1704000</tw-gaap-ci:OthercurrentAssetsOther>
	<tw-gaap-ci:OthercurrentAssetsOther contextRef="AsOf20090630" decimals="-3" unitRef="TWD">1284000</tw-gaap-ci:OthercurrentAssetsOther>
	<tw-gaap-ci:OtherCurrentAssets contextRef="AsOf20100630" decimals="-3" unitRef="TWD">3904000</tw-gaap-ci:OtherCurrentAssets>
	<tw-gaap-ci:OtherCurrentAssets contextRef="AsOf20090630" decimals="-3" unitRef="TWD">1284000</tw-gaap-ci:OtherCurrentAssets>
	<tw-gaap-ci:CurrentAssets contextRef="AsOf20100630" decimals="-3" unitRef="TWD">629913000</tw-gaap-ci:CurrentAssets>
	<tw-gaap-ci:CurrentAssets contextRef="AsOf20090630" decimals="-3" unitRef="TWD">874859000</tw-gaap-ci:CurrentAssets>
	<tw-gaap-ci:LongtermInvestmentsEquity contextRef="AsOf20100630" decimals="-3" unitRef="TWD">1337569000</tw-gaap-ci:LongtermInvestmentsEquity>
	<tw-gaap-ci:LongtermInvestmentsEquity contextRef="AsOf20090630" decimals="-3" unitRef="TWD">1273543000</tw-gaap-ci:LongtermInvestmentsEquity>
	<tw-gaap-ci:LongtermInvestments contextRef="AsOf20100630" decimals="-3" unitRef="TWD">1337569000</tw-gaap-ci:LongtermInvestments>
	<tw-gaap-ci:LongtermInvestments contextRef="AsOf20090630" decimals="-3" unitRef="TWD">1273543000</tw-gaap-ci:LongtermInvestments>
	<tw-gaap-ci:FundsInvestments contextRef="AsOf20100630" decimals="-3" unitRef="TWD">1337569000</tw-gaap-ci:FundsInvestments>
	<tw-gaap-ci:FundsInvestments contextRef="AsOf20090630" decimals="-3" unitRef="TWD">1273543000</tw-gaap-ci:FundsInvestments>
	<tw-gaap-ci:Land contextRef="AsOf20100630" decimals="-3" unitRef="TWD">60057000</tw-gaap-ci:Land>
	<tw-gaap-ci:Land contextRef="AsOf20090630" decimals="-3" unitRef="TWD">60057000</tw-gaap-ci:Land>
	<tw-gaap-ci:BuildingsStructures contextRef="AsOf20100630" decimals="-3" unitRef="TWD">38905000</tw-gaap-ci:BuildingsStructures>
	<tw-gaap-ci:BuildingsStructures contextRef="AsOf20090630" decimals="-3" unitRef="TWD">38977000</tw-gaap-ci:BuildingsStructures>
	<tw-gaap-ci:MachineryEquipment contextRef="AsOf20100630" decimals="-3" unitRef="TWD">212000</tw-gaap-ci:MachineryEquipment>
	<tw-gaap-ci:MachineryEquipment contextRef="AsOf20090630" decimals="-3" unitRef="TWD">200000</tw-gaap-ci:MachineryEquipment>
	<tw-gaap-ci:TransportationEquipment contextRef="AsOf20100630" decimals="-3" unitRef="TWD">4028000</tw-gaap-ci:TransportationEquipment>
	<tw-gaap-ci:TransportationEquipment contextRef="AsOf20090630" decimals="-3" unitRef="TWD">4028000</tw-gaap-ci:TransportationEquipment>
	<tw-gaap-ci:OfficeEquipment contextRef="AsOf20100630" decimals="-3" unitRef="TWD">851000</tw-gaap-ci:OfficeEquipment>
	<tw-gaap-ci:OfficeEquipment contextRef="AsOf20090630" decimals="-3" unitRef="TWD">1239000</tw-gaap-ci:OfficeEquipment>
	<tw-gaap-ci:OtherFacilities contextRef="AsOf20100630" decimals="-3" unitRef="TWD">66000</tw-gaap-ci:OtherFacilities>
	<tw-gaap-ci:OtherFacilities contextRef="AsOf20090630" decimals="-3" unitRef="TWD">33000</tw-gaap-ci:OtherFacilities>
	<tw-gaap-ci:FixedAssetsOriginalCosts contextRef="AsOf20100630" decimals="-3" unitRef="TWD">104119000</tw-gaap-ci:FixedAssetsOriginalCosts>
	<tw-gaap-ci:FixedAssetsOriginalCosts contextRef="AsOf20090630" decimals="-3" unitRef="TWD">104534000</tw-gaap-ci:FixedAssetsOriginalCosts>
	<tw-gaap-ci:CostsRevaluationIncrement contextRef="AsOf20100630" decimals="-3" unitRef="TWD">104119000</tw-gaap-ci:CostsRevaluationIncrement>
	<tw-gaap-ci:CostsRevaluationIncrement contextRef="AsOf20090630" decimals="-3" unitRef="TWD">104534000</tw-gaap-ci:CostsRevaluationIncrement>
	<tw-gaap-ci:AccumulatedDepreciation contextRef="AsOf20100630" decimals="-3" unitRef="TWD">13603000</tw-gaap-ci:AccumulatedDepreciation>
	<tw-gaap-ci:AccumulatedDepreciation contextRef="AsOf20090630" decimals="-3" unitRef="TWD">12383000</tw-gaap-ci:AccumulatedDepreciation>
	<tw-gaap-ci:ConstructionProcessPrepaymentEquipments contextRef="AsOf20100630" decimals="-3" unitRef="TWD">0</tw-gaap-ci:ConstructionProcessPrepaymentEquipments>
	<tw-gaap-ci:ConstructionProcessPrepaymentEquipments contextRef="AsOf20090630" decimals="-3" unitRef="TWD">52000</tw-gaap-ci:ConstructionProcessPrepaymentEquipments>
	<tw-gaap-ci:FixedAssets contextRef="AsOf20100630" decimals="-3" unitRef="TWD">90516000</tw-gaap-ci:FixedAssets>
	<tw-gaap-ci:FixedAssets contextRef="AsOf20090630" decimals="-3" unitRef="TWD">92203000</tw-gaap-ci:FixedAssets>
	<tw-gaap-ci:DeferredPensionCost contextRef="AsOf20100630" decimals="-3" unitRef="TWD">290000</tw-gaap-ci:DeferredPensionCost>
	<tw-gaap-ci:DeferredPensionCost contextRef="AsOf20090630" decimals="-3" unitRef="TWD">0</tw-gaap-ci:DeferredPensionCost>
	<tw-gaap-ci:IntangibleAssets contextRef="AsOf20100630" decimals="-3" unitRef="TWD">290000</tw-gaap-ci:IntangibleAssets>
	<tw-gaap-ci:IntangibleAssets contextRef="AsOf20090630" decimals="-3" unitRef="TWD">0</tw-gaap-ci:IntangibleAssets>
	<tw-gaap-ci:NetRentalAssets contextRef="AsOf20100630" decimals="-3" unitRef="TWD">4035000</tw-gaap-ci:NetRentalAssets>
	<tw-gaap-ci:NetRentalAssets contextRef="AsOf20090630" decimals="-3" unitRef="TWD">4125000</tw-gaap-ci:NetRentalAssets>
	<tw-gaap-ci:NetIdledAssets contextRef="AsOf20100630" decimals="-3" unitRef="TWD">0</tw-gaap-ci:NetIdledAssets>
	<tw-gaap-ci:NetIdledAssets contextRef="AsOf20090630" decimals="-3" unitRef="TWD">32000</tw-gaap-ci:NetIdledAssets>
	<tw-gaap-ci:OtherAssetsOther contextRef="AsOf20100630" decimals="-3" unitRef="TWD">57000</tw-gaap-ci:OtherAssetsOther>
	<tw-gaap-ci:OtherAssetsOther contextRef="AsOf20090630" decimals="-3" unitRef="TWD">111000</tw-gaap-ci:OtherAssetsOther>
	<tw-gaap-ci:OtherAssets contextRef="AsOf20100630" decimals="-3" unitRef="TWD">4092000</tw-gaap-ci:OtherAssets>
	<tw-gaap-ci:OtherAssets contextRef="AsOf20090630" decimals="-3" unitRef="TWD">4268000</tw-gaap-ci:OtherAssets>
	<tw-gaap-ci:Assets contextRef="AsOf20100630" decimals="-3" unitRef="TWD">2062380000</tw-gaap-ci:Assets>
	<tw-gaap-ci:Assets contextRef="AsOf20090630" decimals="-3" unitRef="TWD">2244873000</tw-gaap-ci:Assets>
	<tw-gaap-ci:NotesPayable contextRef="AsOf20100630" decimals="-3" unitRef="TWD">1284000</tw-gaap-ci:NotesPayable>
	<tw-gaap-ci:NotesPayable contextRef="AsOf20090630" decimals="-3" unitRef="TWD">2566000</tw-gaap-ci:NotesPayable>
	<tw-gaap-ci:AccountsPayable contextRef="AsOf20100630" decimals="-3" unitRef="TWD">2374000</tw-gaap-ci:AccountsPayable>
	<tw-gaap-ci:AccountsPayable contextRef="AsOf20090630" decimals="-3" unitRef="TWD">3527000</tw-gaap-ci:AccountsPayable>
	<tw-gaap-ci:AccountsPayableRelatedParties contextRef="AsOf20100630" decimals="-3" unitRef="TWD">280187000</tw-gaap-ci:AccountsPayableRelatedParties>
	<tw-gaap-ci:AccountsPayableRelatedParties contextRef="AsOf20090630" decimals="-3" unitRef="TWD">475756000</tw-gaap-ci:AccountsPayableRelatedParties>
	<tw-gaap-ci:IncomeTaxPayable contextRef="AsOf20100630" decimals="-3" unitRef="TWD">5003000</tw-gaap-ci:IncomeTaxPayable>
	<tw-gaap-ci:IncomeTaxPayable contextRef="AsOf20090630" decimals="-3" unitRef="TWD">6128000</tw-gaap-ci:IncomeTaxPayable>
	<tw-gaap-ci:AccruedExpenses contextRef="AsOf20100630" decimals="-3" unitRef="TWD">31018000</tw-gaap-ci:AccruedExpenses>
	<tw-gaap-ci:AccruedExpenses contextRef="AsOf20090630" decimals="-3" unitRef="TWD">27709000</tw-gaap-ci:AccruedExpenses>
	<tw-gaap-ci:DividendPayable contextRef="AsOf20100630" decimals="-3" unitRef="TWD">183600000</tw-gaap-ci:DividendPayable>
	<tw-gaap-ci:DividendPayable contextRef="AsOf20090630" decimals="-3" unitRef="TWD">102000000</tw-gaap-ci:DividendPayable>
	<tw-gaap-ci:OtherPayables contextRef="AsOf20100630" decimals="-3" unitRef="TWD">183600000</tw-gaap-ci:OtherPayables>
	<tw-gaap-ci:OtherPayables contextRef="AsOf20090630" decimals="-3" unitRef="TWD">102000000</tw-gaap-ci:OtherPayables>
	<tw-gaap-ci:AdvanceReceipts contextRef="AsOf20100630" decimals="-3" unitRef="TWD">12723000</tw-gaap-ci:AdvanceReceipts>
	<tw-gaap-ci:AdvanceReceipts contextRef="AsOf20090630" decimals="-3" unitRef="TWD">11573000</tw-gaap-ci:AdvanceReceipts>
	<tw-gaap-ci:DeferredIncomeTaxLiabilities contextRef="AsOf20100630" decimals="-3" unitRef="TWD">0</tw-gaap-ci:DeferredIncomeTaxLiabilities>
	<tw-gaap-ci:DeferredIncomeTaxLiabilities contextRef="AsOf20090630" decimals="-3" unitRef="TWD">14000</tw-gaap-ci:DeferredIncomeTaxLiabilities>
	<tw-gaap-ci:OtherCurrentLiabilitiesOther contextRef="AsOf20100630" decimals="-3" unitRef="TWD">408000</tw-gaap-ci:OtherCurrentLiabilitiesOther>
	<tw-gaap-ci:OtherCurrentLiabilitiesOther contextRef="AsOf20090630" decimals="-3" unitRef="TWD">594000</tw-gaap-ci:OtherCurrentLiabilitiesOther>
	<tw-gaap-ci:OtherCurrentLiabilities contextRef="AsOf20100630" decimals="-3" unitRef="TWD">408000</tw-gaap-ci:OtherCurrentLiabilities>
	<tw-gaap-ci:OtherCurrentLiabilities contextRef="AsOf20090630" decimals="-3" unitRef="TWD">608000</tw-gaap-ci:OtherCurrentLiabilities>
	<tw-gaap-ci:CurrentLiabilities contextRef="AsOf20100630" decimals="-3" unitRef="TWD">516597000</tw-gaap-ci:CurrentLiabilities>
	<tw-gaap-ci:CurrentLiabilities contextRef="AsOf20090630" decimals="-3" unitRef="TWD">629867000</tw-gaap-ci:CurrentLiabilities>
	<tw-gaap-ci:PensionReserve contextRef="AsOf20100630" decimals="-3" unitRef="TWD">11772000</tw-gaap-ci:PensionReserve>
	<tw-gaap-ci:PensionReserve contextRef="AsOf20090630" decimals="-3" unitRef="TWD">10991000</tw-gaap-ci:PensionReserve>
	<tw-gaap-ci:GuaranteeDepositsReceived contextRef="AsOf20100630" decimals="-3" unitRef="TWD">255000</tw-gaap-ci:GuaranteeDepositsReceived>
	<tw-gaap-ci:GuaranteeDepositsReceived contextRef="AsOf20090630" decimals="-3" unitRef="TWD">255000</tw-gaap-ci:GuaranteeDepositsReceived>
	<tw-gaap-ci:DeferredIncomeTax contextRef="AsOf20100630" decimals="-3" unitRef="TWD">193645000</tw-gaap-ci:DeferredIncomeTax>
	<tw-gaap-ci:DeferredIncomeTax contextRef="AsOf20090630" decimals="-3" unitRef="TWD">213103000</tw-gaap-ci:DeferredIncomeTax>
	<tw-gaap-ci:OtherLiabilities contextRef="AsOf20100630" decimals="-3" unitRef="TWD">205672000</tw-gaap-ci:OtherLiabilities>
	<tw-gaap-ci:OtherLiabilities contextRef="AsOf20090630" decimals="-3" unitRef="TWD">224349000</tw-gaap-ci:OtherLiabilities>
	<tw-gaap-ci:Liabilities contextRef="AsOf20100630" decimals="-3" unitRef="TWD">722269000</tw-gaap-ci:Liabilities>
	<tw-gaap-ci:Liabilities contextRef="AsOf20090630" decimals="-3" unitRef="TWD">854216000</tw-gaap-ci:Liabilities>
	<tw-gaap-ci:CommonStock contextRef="AsOf20100630" decimals="-3" unitRef="TWD">1020000000</tw-gaap-ci:CommonStock>
	<tw-gaap-ci:CommonStock contextRef="AsOf20090630" decimals="-3" unitRef="TWD">1020000000</tw-gaap-ci:CommonStock>
	<tw-gaap-ci:Capital contextRef="AsOf20100630" decimals="-3" unitRef="TWD">1020000000</tw-gaap-ci:Capital>
	<tw-gaap-ci:Capital contextRef="AsOf20090630" decimals="-3" unitRef="TWD">1020000000</tw-gaap-ci:Capital>
	<tw-gaap-ci:CapitalSurplusAdditionalPaidCapitalCommonStock contextRef="AsOf20100630" decimals="-3" unitRef="TWD">1089000</tw-gaap-ci:CapitalSurplusAdditionalPaidCapitalCommonStock>
	<tw-gaap-ci:CapitalSurplusAdditionalPaidCapitalCommonStock contextRef="AsOf20090630" decimals="-3" unitRef="TWD">1089000</tw-gaap-ci:CapitalSurplusAdditionalPaidCapitalCommonStock>
	<tw-gaap-ci:CapitalSurplusAdditionalPaidCapital contextRef="AsOf20100630" decimals="-3" unitRef="TWD">1089000</tw-gaap-ci:CapitalSurplusAdditionalPaidCapital>
	<tw-gaap-ci:CapitalSurplusAdditionalPaidCapital contextRef="AsOf20090630" decimals="-3" unitRef="TWD">1089000</tw-gaap-ci:CapitalSurplusAdditionalPaidCapital>
	<tw-gaap-ci:CapitalSurplusOther contextRef="AsOf20100630" decimals="-3" unitRef="TWD">5125000</tw-gaap-ci:CapitalSurplusOther>
	<tw-gaap-ci:CapitalSurplusOther contextRef="AsOf20090630" decimals="-3" unitRef="TWD">126000</tw-gaap-ci:CapitalSurplusOther>
	<tw-gaap-ci:CapitalSurplus contextRef="AsOf20100630" decimals="-3" unitRef="TWD">6214000</tw-gaap-ci:CapitalSurplus>
	<tw-gaap-ci:CapitalSurplus contextRef="AsOf20090630" decimals="-3" unitRef="TWD">1215000</tw-gaap-ci:CapitalSurplus>
	<tw-gaap-ci:LegalReserve contextRef="AsOf20100630" decimals="-3" unitRef="TWD">168018000</tw-gaap-ci:LegalReserve>
	<tw-gaap-ci:LegalReserve contextRef="AsOf20090630" decimals="-3" unitRef="TWD">144968000</tw-gaap-ci:LegalReserve>
	<tw-gaap-ci:SpecialReserve contextRef="AsOf20100630" decimals="-3" unitRef="TWD">6235000</tw-gaap-ci:SpecialReserve>
	<tw-gaap-ci:SpecialReserve contextRef="AsOf20090630" decimals="-3" unitRef="TWD">16780000</tw-gaap-ci:SpecialReserve>
	<tw-gaap-ci:UnappropriatedRetainedEarnings contextRef="AsOf20100630" decimals="-3" unitRef="TWD">140540000</tw-gaap-ci:UnappropriatedRetainedEarnings>
	<tw-gaap-ci:UnappropriatedRetainedEarnings contextRef="AsOf20090630" decimals="-3" unitRef="TWD">184164000</tw-gaap-ci:UnappropriatedRetainedEarnings>
	<tw-gaap-ci:RetainedEarnings contextRef="AsOf20100630" decimals="-3" unitRef="TWD">314793000</tw-gaap-ci:RetainedEarnings>
	<tw-gaap-ci:RetainedEarnings contextRef="AsOf20090630" decimals="-3" unitRef="TWD">345912000</tw-gaap-ci:RetainedEarnings>
	<tw-gaap-ci:CumulativeTranslationAdjustments contextRef="AsOf20100630" decimals="-3" unitRef="TWD">15057000</tw-gaap-ci:CumulativeTranslationAdjustments>
	<tw-gaap-ci:CumulativeTranslationAdjustments contextRef="AsOf20090630" decimals="-3" unitRef="TWD">37394000</tw-gaap-ci:CumulativeTranslationAdjustments>
	<tw-gaap-ci:UnrealizedGainsLossesFinancialInstruments contextRef="AsOf20100630" decimals="-3" unitRef="TWD">-15953000</tw-gaap-ci:UnrealizedGainsLossesFinancialInstruments>
	<tw-gaap-ci:UnrealizedGainsLossesFinancialInstruments contextRef="AsOf20090630" decimals="-3" unitRef="TWD">-13864000</tw-gaap-ci:UnrealizedGainsLossesFinancialInstruments>
	<tw-gaap-ci:StockholdersEquitiesAdjustments contextRef="AsOf20100630" decimals="-3" unitRef="TWD">-896000</tw-gaap-ci:StockholdersEquitiesAdjustments>
	<tw-gaap-ci:StockholdersEquitiesAdjustments contextRef="AsOf20090630" decimals="-3" unitRef="TWD">23530000</tw-gaap-ci:StockholdersEquitiesAdjustments>
	<tw-gaap-ci:StockholdersEquities contextRef="AsOf20100630" decimals="-3" unitRef="TWD">1340111000</tw-gaap-ci:StockholdersEquities>
	<tw-gaap-ci:StockholdersEquities contextRef="AsOf20090630" decimals="-3" unitRef="TWD">1390657000</tw-gaap-ci:StockholdersEquities>
	<tw-gaap-ci:EquivalentSharesOutstandingAdvanceReceiptsCommonStock contextRef="AsOf20100630" decimals="0" unitRef="Shares">0</tw-gaap-ci:EquivalentSharesOutstandingAdvanceReceiptsCommonStock>
	<tw-gaap-ci:EquivalentSharesOutstandingAdvanceReceiptsCommonStock contextRef="AsOf20090630" decimals="0" unitRef="Shares">0</tw-gaap-ci:EquivalentSharesOutstandingAdvanceReceiptsCommonStock>
	<tw-gaap-ci:NumberTreasuryStockAcquiredCompanySubsidiaries contextRef="AsOf20100630" decimals="0" unitRef="Shares">0</tw-gaap-ci:NumberTreasuryStockAcquiredCompanySubsidiaries>
	<tw-gaap-ci:NumberTreasuryStockAcquiredCompanySubsidiaries contextRef="AsOf20090630" decimals="0" unitRef="Shares">0</tw-gaap-ci:NumberTreasuryStockAcquiredCompanySubsidiaries>
	<tw-gaap-ci:Sales contextRef="From20100101To20100630" decimals="-3" unitRef="TWD">355682000</tw-gaap-ci:Sales>
	<tw-gaap-ci:Sales contextRef="From20090101To20090630" decimals="-3" unitRef="TWD">350935000</tw-gaap-ci:Sales>
	<tw-gaap-ci:SalesReturns contextRef="From20100101To20100630" decimals="-3" unitRef="TWD">3311000</tw-gaap-ci:SalesReturns>
	<tw-gaap-ci:SalesReturns contextRef="From20090101To20090630" decimals="-3" unitRef="TWD">6909000</tw-gaap-ci:SalesReturns>
	<tw-gaap-ci:NetSales contextRef="From20100101To20100630" decimals="-3" unitRef="TWD">352371000</tw-gaap-ci:NetSales>
	<tw-gaap-ci:NetSales contextRef="From20090101To20090630" decimals="-3" unitRef="TWD">344026000</tw-gaap-ci:NetSales>
	<tw-gaap-ci:DesignFeesRevenue contextRef="From20100101To20100630" decimals="-3" unitRef="TWD">2109000</tw-gaap-ci:DesignFeesRevenue>
	<tw-gaap-ci:DesignFeesRevenue contextRef="From20090101To20090630" decimals="-3" unitRef="TWD">2215000</tw-gaap-ci:DesignFeesRevenue>
	<tw-gaap-ci:ServiceRevenue contextRef="From20100101To20100630" decimals="-3" unitRef="TWD">2109000</tw-gaap-ci:ServiceRevenue>
	<tw-gaap-ci:ServiceRevenue contextRef="From20090101To20090630" decimals="-3" unitRef="TWD">2215000</tw-gaap-ci:ServiceRevenue>
	<tw-gaap-ci:TotalServiceRevenue contextRef="From20100101To20100630" decimals="-3" unitRef="TWD">2109000</tw-gaap-ci:TotalServiceRevenue>
	<tw-gaap-ci:TotalServiceRevenue contextRef="From20090101To20090630" decimals="-3" unitRef="TWD">2215000</tw-gaap-ci:TotalServiceRevenue>
	<tw-gaap-ci:OperatingRevenue contextRef="From20100101To20100630" decimals="-3" unitRef="TWD">354480000</tw-gaap-ci:OperatingRevenue>
	<tw-gaap-ci:OperatingRevenue contextRef="From20090101To20090630" decimals="-3" unitRef="TWD">346241000</tw-gaap-ci:OperatingRevenue>
	<tw-gaap-ci:OperatingCosts contextRef="From20100101To20100630" decimals="-3" unitRef="TWD">284980000</tw-gaap-ci:OperatingCosts>
	<tw-gaap-ci:OperatingCosts contextRef="From20090101To20090630" decimals="-3" unitRef="TWD">260996000</tw-gaap-ci:OperatingCosts>
	<tw-gaap-ci:GrossProfitLossOperations contextRef="From20100101To20100630" decimals="-3" unitRef="TWD">69500000</tw-gaap-ci:GrossProfitLossOperations>
	<tw-gaap-ci:GrossProfitLossOperations contextRef="From20090101To20090630" decimals="-3" unitRef="TWD">85245000</tw-gaap-ci:GrossProfitLossOperations>
	<tw-gaap-ci:Sellingexpense contextRef="From20100101To20100630" decimals="-3" unitRef="TWD">27807000</tw-gaap-ci:Sellingexpense>
	<tw-gaap-ci:Sellingexpense contextRef="From20090101To20090630" decimals="-3" unitRef="TWD">23875000</tw-gaap-ci:Sellingexpense>
	<tw-gaap-ci:GeneralAdministrativeExpenses contextRef="From20100101To20100630" decimals="-3" unitRef="TWD">15150000</tw-gaap-ci:GeneralAdministrativeExpenses>
	<tw-gaap-ci:GeneralAdministrativeExpenses contextRef="From20090101To20090630" decimals="-3" unitRef="TWD">17611000</tw-gaap-ci:GeneralAdministrativeExpenses>
	<tw-gaap-ci:ResearchDevelopmentExpenses contextRef="From20100101To20100630" decimals="-3" unitRef="TWD">10292000</tw-gaap-ci:ResearchDevelopmentExpenses>
	<tw-gaap-ci:ResearchDevelopmentExpenses contextRef="From20090101To20090630" decimals="-3" unitRef="TWD">11067000</tw-gaap-ci:ResearchDevelopmentExpenses>
	<tw-gaap-ci:OperatingExpenses contextRef="From20100101To20100630" decimals="-3" unitRef="TWD">53249000</tw-gaap-ci:OperatingExpenses>
	<tw-gaap-ci:OperatingExpenses contextRef="From20090101To20090630" decimals="-3" unitRef="TWD">52553000</tw-gaap-ci:OperatingExpenses>
	<tw-gaap-ci:OperatingIncomeLoss contextRef="From20100101To20100630" decimals="-3" unitRef="TWD">16251000</tw-gaap-ci:OperatingIncomeLoss>
	<tw-gaap-ci:OperatingIncomeLoss contextRef="From20090101To20090630" decimals="-3" unitRef="TWD">32692000</tw-gaap-ci:OperatingIncomeLoss>
	<tw-gaap-ci:InterestIncome contextRef="From20100101To20100630" decimals="-3" unitRef="TWD">946000</tw-gaap-ci:InterestIncome>
	<tw-gaap-ci:InterestIncome contextRef="From20090101To20090630" decimals="-3" unitRef="TWD">2849000</tw-gaap-ci:InterestIncome>
	<tw-gaap-ci:InvestmentGainsRecognizedEquityMethod contextRef="From20100101To20100630" decimals="-3" unitRef="TWD">36748000</tw-gaap-ci:InvestmentGainsRecognizedEquityMethod>
	<tw-gaap-ci:InvestmentGainsRecognizedEquityMethod contextRef="From20090101To20090630" decimals="-3" unitRef="TWD">76772000</tw-gaap-ci:InvestmentGainsRecognizedEquityMethod>
	<tw-gaap-ci:DividendIncome contextRef="From20100101To20100630" decimals="-3" unitRef="TWD">956000</tw-gaap-ci:DividendIncome>
	<tw-gaap-ci:DividendIncome contextRef="From20090101To20090630" decimals="-3" unitRef="TWD">1206000</tw-gaap-ci:DividendIncome>
	<tw-gaap-ci:InvestmentGains contextRef="From20100101To20100630" decimals="-3" unitRef="TWD">37704000</tw-gaap-ci:InvestmentGains>
	<tw-gaap-ci:InvestmentGains contextRef="From20090101To20090630" decimals="-3" unitRef="TWD">77978000</tw-gaap-ci:InvestmentGains>
	<tw-gaap-ci:GainsSaleInvestments contextRef="From20100101To20100630" decimals="-3" unitRef="TWD">1278000</tw-gaap-ci:GainsSaleInvestments>
	<tw-gaap-ci:GainsSaleInvestments contextRef="From20090101To20090630" decimals="-3" unitRef="TWD">748000</tw-gaap-ci:GainsSaleInvestments>
	<tw-gaap-ci:ForeignExchangeGains contextRef="From20100101To20100630" decimals="-3" unitRef="TWD">0</tw-gaap-ci:ForeignExchangeGains>
	<tw-gaap-ci:ForeignExchangeGains contextRef="From20090101To20090630" decimals="-3" unitRef="TWD">5009000</tw-gaap-ci:ForeignExchangeGains>
	<tw-gaap-ci:RentIncome contextRef="From20100101To20100630" decimals="-3" unitRef="TWD">486000</tw-gaap-ci:RentIncome>
	<tw-gaap-ci:RentIncome contextRef="From20090101To20090630" decimals="-3" unitRef="TWD">486000</tw-gaap-ci:RentIncome>
	<tw-gaap-ci:ReversalAllowanceDoubtfulReceivable contextRef="From20100101To20100630" decimals="-3" unitRef="TWD">0</tw-gaap-ci:ReversalAllowanceDoubtfulReceivable>
	<tw-gaap-ci:ReversalAllowanceDoubtfulReceivable contextRef="From20090101To20090630" decimals="-3" unitRef="TWD">197000</tw-gaap-ci:ReversalAllowanceDoubtfulReceivable>
	<tw-gaap-ci:MiscellaneousIncome contextRef="From20100101To20100630" decimals="-3" unitRef="TWD">1468000</tw-gaap-ci:MiscellaneousIncome>
	<tw-gaap-ci:MiscellaneousIncome contextRef="From20090101To20090630" decimals="-3" unitRef="TWD">1003000</tw-gaap-ci:MiscellaneousIncome>
	<tw-gaap-ci:NonOperatingIncomeGains contextRef="From20100101To20100630" decimals="-3" unitRef="TWD">41882000</tw-gaap-ci:NonOperatingIncomeGains>
	<tw-gaap-ci:NonOperatingIncomeGains contextRef="From20090101To20090630" decimals="-3" unitRef="TWD">88270000</tw-gaap-ci:NonOperatingIncomeGains>
	<tw-gaap-ci:ForeignExchangeLosses contextRef="From20100101To20100630" decimals="-3" unitRef="TWD">13744000</tw-gaap-ci:ForeignExchangeLosses>
	<tw-gaap-ci:ForeignExchangeLosses contextRef="From20090101To20090630" decimals="-3" unitRef="TWD">0</tw-gaap-ci:ForeignExchangeLosses>
	<tw-gaap-ci:MiscellaneousDisbursements contextRef="From20100101To20100630" decimals="-3" unitRef="TWD">452000</tw-gaap-ci:MiscellaneousDisbursements>
	<tw-gaap-ci:MiscellaneousDisbursements contextRef="From20090101To20090630" decimals="-3" unitRef="TWD">371000</tw-gaap-ci:MiscellaneousDisbursements>
	<tw-gaap-ci:NonOperatingExpenses contextRef="From20100101To20100630" decimals="-3" unitRef="TWD">14196000</tw-gaap-ci:NonOperatingExpenses>
	<tw-gaap-ci:NonOperatingExpenses contextRef="From20090101To20090630" decimals="-3" unitRef="TWD">371000</tw-gaap-ci:NonOperatingExpenses>
	<tw-gaap-ci:IncomeContinuingOperationsBeforeIncomeTax contextRef="From20100101To20100630" decimals="-3" unitRef="TWD">43937000</tw-gaap-ci:IncomeContinuingOperationsBeforeIncomeTax>
	<tw-gaap-ci:IncomeContinuingOperationsBeforeIncomeTax contextRef="From20090101To20090630" decimals="-3" unitRef="TWD">120591000</tw-gaap-ci:IncomeContinuingOperationsBeforeIncomeTax>
	<tw-gaap-ci:IncomeTaxExpenseBenefit contextRef="From20100101To20100630" decimals="-3" unitRef="TWD">-23715000</tw-gaap-ci:IncomeTaxExpenseBenefit>
	<tw-gaap-ci:IncomeTaxExpenseBenefit contextRef="From20090101To20090630" decimals="-3" unitRef="TWD">-25079000</tw-gaap-ci:IncomeTaxExpenseBenefit>
	<tw-gaap-ci:IncomeContinuingOperations contextRef="From20100101To20100630" decimals="-3" unitRef="TWD">67652000</tw-gaap-ci:IncomeContinuingOperations>
	<tw-gaap-ci:IncomeContinuingOperations contextRef="From20090101To20090630" decimals="-3" unitRef="TWD">145670000</tw-gaap-ci:IncomeContinuingOperations>
	<tw-gaap-ci:NetIncomeLoss contextRef="From20100101To20100630" decimals="-3" unitRef="TWD">67652000</tw-gaap-ci:NetIncomeLoss>
	<tw-gaap-ci:NetIncomeLoss contextRef="From20090101To20090630" decimals="-3" unitRef="TWD">145670000</tw-gaap-ci:NetIncomeLoss>
	<tw-gaap-ci:PrimaryEarningsPerShare contextRef="From20100101To20100630" decimals="2" unitRef="TWD">0.66</tw-gaap-ci:PrimaryEarningsPerShare>
	<tw-gaap-ci:PrimaryEarningsPerShare contextRef="From20090101To20090630" decimals="2" unitRef="TWD">1.43</tw-gaap-ci:PrimaryEarningsPerShare>
	<tw-gaap-ci:DilutedEarningsPerShare contextRef="From20100101To20100630" decimals="2" unitRef="TWD">0.66</tw-gaap-ci:DilutedEarningsPerShare>
	<tw-gaap-ci:DilutedEarningsPerShare contextRef="From20090101To20090630" decimals="2" unitRef="TWD">1.42</tw-gaap-ci:DilutedEarningsPerShare>
	<tw-gaap-ci:NetIncomeLoss_StatementCashFlows contextRef="From20100101To20100630" decimals="-3" unitRef="TWD">67652000</tw-gaap-ci:NetIncomeLoss_StatementCashFlows>
	<tw-gaap-ci:NetIncomeLoss_StatementCashFlows contextRef="From20090101To20090630" decimals="-3" unitRef="TWD">145670000</tw-gaap-ci:NetIncomeLoss_StatementCashFlows>
	<tw-gaap-ci:DepreciationExpense-Operating contextRef="From20100101To20100630" decimals="-3" unitRef="TWD">964000</tw-gaap-ci:DepreciationExpense-Operating>
	<tw-gaap-ci:DepreciationExpense-Operating contextRef="From20090101To20090630" decimals="-3" unitRef="TWD">1241000</tw-gaap-ci:DepreciationExpense-Operating>
	<tw-gaap-ci:ProvisionTransferRevenueBadDebtsLosses contextRef="From20100101To20100630" decimals="-3" unitRef="TWD">349000</tw-gaap-ci:ProvisionTransferRevenueBadDebtsLosses>
	<tw-gaap-ci:ProvisionTransferRevenueBadDebtsLosses contextRef="From20090101To20090630" decimals="-3" unitRef="TWD">-197000</tw-gaap-ci:ProvisionTransferRevenueBadDebtsLosses>
	<tw-gaap-ci:ChangesNetPensionCostUnappropriated contextRef="From20100101To20100630" decimals="-3" unitRef="TWD">269000</tw-gaap-ci:ChangesNetPensionCostUnappropriated>
	<tw-gaap-ci:ChangesNetPensionCostUnappropriated contextRef="From20090101To20090630" decimals="-3" unitRef="TWD">227000</tw-gaap-ci:ChangesNetPensionCostUnappropriated>
	<tw-gaap-ci:InvestmentLossIncomeRecognizedEquityMethod contextRef="From20100101To20100630" decimals="-3" unitRef="TWD">-36748000</tw-gaap-ci:InvestmentLossIncomeRecognizedEquityMethod>
	<tw-gaap-ci:InvestmentLossIncomeRecognizedEquityMethod contextRef="From20090101To20090630" decimals="-3" unitRef="TWD">-76772000</tw-gaap-ci:InvestmentLossIncomeRecognizedEquityMethod>
	<tw-gaap-ci:GainsLossesSaleInvestments contextRef="From20100101To20100630" decimals="-3" unitRef="TWD">-1278000</tw-gaap-ci:GainsLossesSaleInvestments>
	<tw-gaap-ci:GainsLossesSaleInvestments contextRef="From20090101To20090630" decimals="-3" unitRef="TWD">-748000</tw-gaap-ci:GainsLossesSaleInvestments>
	<tw-gaap-ci:OtherAdjustmentsReconcileNetIncomeNetCashProvidedUsedOperatingActivities contextRef="From20100101To20100630" decimals="-3" unitRef="TWD">-28841000</tw-gaap-ci:OtherAdjustmentsReconcileNetIncomeNetCashProvidedUsedOperatingActivities>
	<tw-gaap-ci:OtherAdjustmentsReconcileNetIncomeNetCashProvidedUsedOperatingActivities contextRef="From20090101To20090630" decimals="-3" unitRef="TWD">-31914000</tw-gaap-ci:OtherAdjustmentsReconcileNetIncomeNetCashProvidedUsedOperatingActivities>
	<tw-gaap-ci:AdjustmentsReconcileNetIncomeNetCashProvidedUsedOperatingActivities contextRef="From20100101To20100630" decimals="-3" unitRef="TWD">-65285000</tw-gaap-ci:AdjustmentsReconcileNetIncomeNetCashProvidedUsedOperatingActivities>
	<tw-gaap-ci:AdjustmentsReconcileNetIncomeNetCashProvidedUsedOperatingActivities contextRef="From20090101To20090630" decimals="-3" unitRef="TWD">-108163000</tw-gaap-ci:AdjustmentsReconcileNetIncomeNetCashProvidedUsedOperatingActivities>
	<tw-gaap-ci:ChangesFinancialAssetsHeldTrading contextRef="From20100101To20100630" decimals="-3" unitRef="TWD">0</tw-gaap-ci:ChangesFinancialAssetsHeldTrading>
	<tw-gaap-ci:ChangesFinancialAssetsHeldTrading contextRef="From20090101To20090630" decimals="-3" unitRef="TWD">0</tw-gaap-ci:ChangesFinancialAssetsHeldTrading>
	<tw-gaap-ci:ChangesNotesReceivable contextRef="From20100101To20100630" decimals="-3" unitRef="TWD">0</tw-gaap-ci:ChangesNotesReceivable>
	<tw-gaap-ci:ChangesNotesReceivable contextRef="From20090101To20090630" decimals="-3" unitRef="TWD">-630000</tw-gaap-ci:ChangesNotesReceivable>
	<tw-gaap-ci:ChangesAccountsReceivable contextRef="From20100101To20100630" decimals="-3" unitRef="TWD">-34940000</tw-gaap-ci:ChangesAccountsReceivable>
	<tw-gaap-ci:ChangesAccountsReceivable contextRef="From20090101To20090630" decimals="-3" unitRef="TWD">19822000</tw-gaap-ci:ChangesAccountsReceivable>
	<tw-gaap-ci:ChangesAccountsReceivableRelatedParties contextRef="From20100101To20100630" decimals="-3" unitRef="TWD">12497000</tw-gaap-ci:ChangesAccountsReceivableRelatedParties>
	<tw-gaap-ci:ChangesAccountsReceivableRelatedParties contextRef="From20090101To20090630" decimals="-3" unitRef="TWD">7012000</tw-gaap-ci:ChangesAccountsReceivableRelatedParties>
	<tw-gaap-ci:ChangesOtherReceivables contextRef="From20100101To20100630" decimals="-3" unitRef="TWD">473000</tw-gaap-ci:ChangesOtherReceivables>
	<tw-gaap-ci:ChangesOtherReceivables contextRef="From20090101To20090630" decimals="-3" unitRef="TWD">-1223000</tw-gaap-ci:ChangesOtherReceivables>
	<tw-gaap-ci:ChangesInventories contextRef="From20100101To20100630" decimals="-3" unitRef="TWD">-48000</tw-gaap-ci:ChangesInventories>
	<tw-gaap-ci:ChangesInventories contextRef="From20090101To20090630" decimals="-3" unitRef="TWD">-2000</tw-gaap-ci:ChangesInventories>
	<tw-gaap-ci:ChangesOtherPrepayments contextRef="From20100101To20100630" decimals="-3" unitRef="TWD">-10000</tw-gaap-ci:ChangesOtherPrepayments>
	<tw-gaap-ci:ChangesOtherPrepayments contextRef="From20090101To20090630" decimals="-3" unitRef="TWD">408000</tw-gaap-ci:ChangesOtherPrepayments>
	<tw-gaap-ci:ChangesOperatingAssets contextRef="From20100101To20100630" decimals="-3" unitRef="TWD">-22028000</tw-gaap-ci:ChangesOperatingAssets>
	<tw-gaap-ci:ChangesOperatingAssets contextRef="From20090101To20090630" decimals="-3" unitRef="TWD">25387000</tw-gaap-ci:ChangesOperatingAssets>
	<tw-gaap-ci:ChangesNotesPayable contextRef="From20100101To20100630" decimals="-3" unitRef="TWD">-631000</tw-gaap-ci:ChangesNotesPayable>
	<tw-gaap-ci:ChangesNotesPayable contextRef="From20090101To20090630" decimals="-3" unitRef="TWD">521000</tw-gaap-ci:ChangesNotesPayable>
	<tw-gaap-ci:ChangesAccountsPayable contextRef="From20100101To20100630" decimals="-3" unitRef="TWD">211000</tw-gaap-ci:ChangesAccountsPayable>
	<tw-gaap-ci:ChangesAccountsPayable contextRef="From20090101To20090630" decimals="-3" unitRef="TWD">-1478000</tw-gaap-ci:ChangesAccountsPayable>
	<tw-gaap-ci:ChangesAccountsPayableRelatedParties contextRef="From20100101To20100630" decimals="-3" unitRef="TWD">12802000</tw-gaap-ci:ChangesAccountsPayableRelatedParties>
	<tw-gaap-ci:ChangesAccountsPayableRelatedParties contextRef="From20090101To20090630" decimals="-3" unitRef="TWD">80597000</tw-gaap-ci:ChangesAccountsPayableRelatedParties>
	<tw-gaap-ci:ChangesIncomeTaxPayable contextRef="From20100101To20100630" decimals="-3" unitRef="TWD">-543000</tw-gaap-ci:ChangesIncomeTaxPayable>
	<tw-gaap-ci:ChangesIncomeTaxPayable contextRef="From20090101To20090630" decimals="-3" unitRef="TWD">-2864000</tw-gaap-ci:ChangesIncomeTaxPayable>
	<tw-gaap-ci:ChangesAccruedExpenses contextRef="From20100101To20100630" decimals="-3" unitRef="TWD">3222000</tw-gaap-ci:ChangesAccruedExpenses>
	<tw-gaap-ci:ChangesAccruedExpenses contextRef="From20090101To20090630" decimals="-3" unitRef="TWD">9628000</tw-gaap-ci:ChangesAccruedExpenses>
	<tw-gaap-ci:ChangesOtherPayables contextRef="From20100101To20100630" decimals="-3" unitRef="TWD">0</tw-gaap-ci:ChangesOtherPayables>
	<tw-gaap-ci:ChangesOtherPayables contextRef="From20090101To20090630" decimals="-3" unitRef="TWD">-31000</tw-gaap-ci:ChangesOtherPayables>
	<tw-gaap-ci:ChangesReceiptsAdvance contextRef="From20100101To20100630" decimals="-3" unitRef="TWD">895000</tw-gaap-ci:ChangesReceiptsAdvance>
	<tw-gaap-ci:ChangesReceiptsAdvance contextRef="From20090101To20090630" decimals="-3" unitRef="TWD">5582000</tw-gaap-ci:ChangesReceiptsAdvance>
	<tw-gaap-ci:ChangesOtherOperatingLiabilities contextRef="From20100101To20100630" decimals="-3" unitRef="TWD">-173000</tw-gaap-ci:ChangesOtherOperatingLiabilities>
	<tw-gaap-ci:ChangesOtherOperatingLiabilities contextRef="From20090101To20090630" decimals="-3" unitRef="TWD">36000</tw-gaap-ci:ChangesOtherOperatingLiabilities>
	<tw-gaap-ci:ChangesOperatingLiabilities contextRef="From20100101To20100630" decimals="-3" unitRef="TWD">15783000</tw-gaap-ci:ChangesOperatingLiabilities>
	<tw-gaap-ci:ChangesOperatingLiabilities contextRef="From20090101To20090630" decimals="-3" unitRef="TWD">91991000</tw-gaap-ci:ChangesOperatingLiabilities>
	<tw-gaap-ci:ChangesOperatingAssetsLiabilities contextRef="From20100101To20100630" decimals="-3" unitRef="TWD">-6245000</tw-gaap-ci:ChangesOperatingAssetsLiabilities>
	<tw-gaap-ci:ChangesOperatingAssetsLiabilities contextRef="From20090101To20090630" decimals="-3" unitRef="TWD">117378000</tw-gaap-ci:ChangesOperatingAssetsLiabilities>
	<tw-gaap-ci:NetCashProvidedUsedOperatingActivities contextRef="From20100101To20100630" decimals="-3" unitRef="TWD">-3878000</tw-gaap-ci:NetCashProvidedUsedOperatingActivities>
	<tw-gaap-ci:NetCashProvidedUsedOperatingActivities contextRef="From20090101To20090630" decimals="-3" unitRef="TWD">154885000</tw-gaap-ci:NetCashProvidedUsedOperatingActivities>
	<tw-gaap-ci:AcquisitionAvailableSaleFinancialAssets contextRef="From20100101To20100630" decimals="-3" unitRef="TWD">-82426000</tw-gaap-ci:AcquisitionAvailableSaleFinancialAssets>
	<tw-gaap-ci:AcquisitionAvailableSaleFinancialAssets contextRef="From20090101To20090630" decimals="-3" unitRef="TWD">-166384000</tw-gaap-ci:AcquisitionAvailableSaleFinancialAssets>
	<tw-gaap-ci:ProceedsDisposalAvailableSaleFinancialAssets contextRef="From20100101To20100630" decimals="-3" unitRef="TWD">78480000</tw-gaap-ci:ProceedsDisposalAvailableSaleFinancialAssets>
	<tw-gaap-ci:ProceedsDisposalAvailableSaleFinancialAssets contextRef="From20090101To20090630" decimals="-3" unitRef="TWD">90090000</tw-gaap-ci:ProceedsDisposalAvailableSaleFinancialAssets>
	<tw-gaap-ci:AcquisitionPropertyPlantEquipment contextRef="From20100101To20100630" decimals="-3" unitRef="TWD">-76000</tw-gaap-ci:AcquisitionPropertyPlantEquipment>
	<tw-gaap-ci:AcquisitionPropertyPlantEquipment contextRef="From20090101To20090630" decimals="-3" unitRef="TWD">-9000</tw-gaap-ci:AcquisitionPropertyPlantEquipment>
	<tw-gaap-ci:ChamgesOtherAssets contextRef="From20100101To20100630" decimals="-3" unitRef="TWD">0</tw-gaap-ci:ChamgesOtherAssets>
	<tw-gaap-ci:ChamgesOtherAssets contextRef="From20090101To20090630" decimals="-3" unitRef="TWD">0</tw-gaap-ci:ChamgesOtherAssets>
	<tw-gaap-ci:NetCashProvidedUsedInvestingActivities contextRef="From20100101To20100630" decimals="-3" unitRef="TWD">-4022000</tw-gaap-ci:NetCashProvidedUsedInvestingActivities>
	<tw-gaap-ci:NetCashProvidedUsedInvestingActivities contextRef="From20090101To20090630" decimals="-3" unitRef="TWD">-76303000</tw-gaap-ci:NetCashProvidedUsedInvestingActivities>
	<tw-gaap-ci:NetChangesCashCashEquivalents contextRef="From20100101To20100630" decimals="-3" unitRef="TWD">-7900000</tw-gaap-ci:NetChangesCashCashEquivalents>
	<tw-gaap-ci:NetChangesCashCashEquivalents contextRef="From20090101To20090630" decimals="-3" unitRef="TWD">78582000</tw-gaap-ci:NetChangesCashCashEquivalents>
	<tw-gaap-ci:CashCashEquivalents contextRef="AsOf20100101" decimals="-3" unitRef="TWD">209345000</tw-gaap-ci:CashCashEquivalents>
	<tw-gaap-ci:CashCashEquivalents contextRef="AsOf20090101" decimals="-3" unitRef="TWD">245411000</tw-gaap-ci:CashCashEquivalents>
	<tw-gaap-ci:IncomeTaxPaid contextRef="From20100101To20100630" decimals="-3" unitRef="TWD">5669000</tw-gaap-ci:IncomeTaxPaid>
	<tw-gaap-ci:IncomeTaxPaid contextRef="From20090101To20090630" decimals="-3" unitRef="TWD">9698000</tw-gaap-ci:IncomeTaxPaid>
	<tw-gaap-ci:EmployeesBonusPayableCompensationDueDirectorsSupervisor-CashFlowStatement contextRef="From20100101To20100630" decimals="-3" unitRef="TWD">183600000</tw-gaap-ci:EmployeesBonusPayableCompensationDueDirectorsSupervisor-CashFlowStatement>
	<tw-gaap-ci:EmployeesBonusPayableCompensationDueDirectorsSupervisor-CashFlowStatement contextRef="From20090101To20090630" decimals="-3" unitRef="TWD">102000000</tw-gaap-ci:EmployeesBonusPayableCompensationDueDirectorsSupervisor-CashFlowStatement>
	<tw-gaap-ci:BeginningBalanceMember contextRef="AsOf20100630_CommonStockValueMember" decimals="-3" unitRef="TWD">1020000000</tw-gaap-ci:BeginningBalanceMember>
	<tw-gaap-ci:BeginningBalanceMember contextRef="AsOf20100630_CapitalStockMember" decimals="-3" unitRef="TWD">1020000000</tw-gaap-ci:BeginningBalanceMember>
	<tw-gaap-ci:BeginningBalanceMember contextRef="AsOf20100630_CapitalSurplusMember" decimals="-3" unitRef="TWD">1214000</tw-gaap-ci:BeginningBalanceMember>
	<tw-gaap-ci:BeginningBalanceMember contextRef="AsOf20100630_LegalReserveMember" decimals="-3" unitRef="TWD">144968000</tw-gaap-ci:BeginningBalanceMember>
	<tw-gaap-ci:BeginningBalanceMember contextRef="AsOf20100630_SpecialReserveMember" decimals="-3" unitRef="TWD">16780000</tw-gaap-ci:BeginningBalanceMember>
	<tw-gaap-ci:BeginningBalanceMember contextRef="AsOf20100630_UnappropriatedRetainedEarningsMember" decimals="-3" unitRef="TWD">268993000</tw-gaap-ci:BeginningBalanceMember>
	<tw-gaap-ci:BeginningBalanceMember contextRef="AsOf20100630_RetainedEarningsMember" decimals="-3" unitRef="TWD">430741000</tw-gaap-ci:BeginningBalanceMember>
	<tw-gaap-ci:BeginningBalanceMember contextRef="AsOf20100630_CumulativeTranslationAdjustmentsMember" decimals="-3" unitRef="TWD">5698000</tw-gaap-ci:BeginningBalanceMember>
	<tw-gaap-ci:BeginningBalanceMember contextRef="AsOf20100630_UnrealizedGainLossesFinancialInstrumentMember" decimals="-3" unitRef="TWD">-11933000</tw-gaap-ci:BeginningBalanceMember>
	<tw-gaap-ci:BeginningBalanceMember contextRef="AsOf20100630_StockholdersEquitiesAdjustmentsMember" decimals="-3" unitRef="TWD">-6235000</tw-gaap-ci:BeginningBalanceMember>
	<tw-gaap-ci:BeginningBalanceMember contextRef="AsOf20100630_TotalStockholdersEquitiesMember" decimals="-3" unitRef="TWD">1445720000</tw-gaap-ci:BeginningBalanceMember>
	<tw-gaap-ci:ReversalSpecialReserveAppropriatedMember contextRef="From20100101To20100630_SpecialReserveMember" decimals="-3" unitRef="TWD">-10545000</tw-gaap-ci:ReversalSpecialReserveAppropriatedMember>
	<tw-gaap-ci:ReversalSpecialReserveAppropriatedMember contextRef="From20100101To20100630_UnappropriatedRetainedEarningsMember" decimals="-3" unitRef="TWD">10545000</tw-gaap-ci:ReversalSpecialReserveAppropriatedMember>
	<tw-gaap-ci:ReversalSpecialReserveAppropriatedMember contextRef="From20100101To20100630_RetainedEarningsMember" decimals="-3" unitRef="TWD">0</tw-gaap-ci:ReversalSpecialReserveAppropriatedMember>
	<tw-gaap-ci:ReversalSpecialReserveAppropriatedMember contextRef="From20100101To20100630_TotalStockholdersEquitiesMember" decimals="-3" unitRef="TWD">0</tw-gaap-ci:ReversalSpecialReserveAppropriatedMember>
	<tw-gaap-ci:NetIncomeLossMember contextRef="From20100101To20100630_UnappropriatedRetainedEarningsMember" decimals="-3" unitRef="TWD">67652000</tw-gaap-ci:NetIncomeLossMember>
	<tw-gaap-ci:NetIncomeLossMember contextRef="From20100101To20100630_RetainedEarningsMember" decimals="-3" unitRef="TWD">67652000</tw-gaap-ci:NetIncomeLossMember>
	<tw-gaap-ci:NetIncomeLossMember contextRef="From20100101To20100630_TotalStockholdersEquitiesMember" decimals="-3" unitRef="TWD">67652000</tw-gaap-ci:NetIncomeLossMember>
	<tw-gaap-ci:LegalReserveAppropriatedMember contextRef="From20100101To20100630_LegalReserveMember" decimals="-3" unitRef="TWD">23050000</tw-gaap-ci:LegalReserveAppropriatedMember>
	<tw-gaap-ci:LegalReserveAppropriatedMember contextRef="From20100101To20100630_UnappropriatedRetainedEarningsMember" decimals="-3" unitRef="TWD">-23050000</tw-gaap-ci:LegalReserveAppropriatedMember>
	<tw-gaap-ci:LegalReserveAppropriatedMember contextRef="From20100101To20100630_RetainedEarningsMember" decimals="-3" unitRef="TWD">0</tw-gaap-ci:LegalReserveAppropriatedMember>
	<tw-gaap-ci:LegalReserveAppropriatedMember contextRef="From20100101To20100630_TotalStockholdersEquitiesMember" decimals="-3" unitRef="TWD">0</tw-gaap-ci:LegalReserveAppropriatedMember>
	<tw-gaap-ci:SpecialReserveAppropriatedMember contextRef="From20100101To20100630_SpecialReserveMember" decimals="-3" unitRef="TWD">0</tw-gaap-ci:SpecialReserveAppropriatedMember>
	<tw-gaap-ci:SpecialReserveAppropriatedMember contextRef="From20100101To20100630_UnappropriatedRetainedEarningsMember" decimals="-3" unitRef="TWD">0</tw-gaap-ci:SpecialReserveAppropriatedMember>
	<tw-gaap-ci:SpecialReserveAppropriatedMember contextRef="From20100101To20100630_RetainedEarningsMember" decimals="-3" unitRef="TWD">0</tw-gaap-ci:SpecialReserveAppropriatedMember>
	<tw-gaap-ci:SpecialReserveAppropriatedMember contextRef="From20100101To20100630_TotalStockholdersEquitiesMember" decimals="-3" unitRef="TWD">0</tw-gaap-ci:SpecialReserveAppropriatedMember>
	<tw-gaap-ci:CashDividendsCommonStockMember contextRef="From20100101To20100630_SpecialReserveMember" decimals="-3" unitRef="TWD">0</tw-gaap-ci:CashDividendsCommonStockMember>
	<tw-gaap-ci:CashDividendsCommonStockMember contextRef="From20100101To20100630_UnappropriatedRetainedEarningsMember" decimals="-3" unitRef="TWD">-183600000</tw-gaap-ci:CashDividendsCommonStockMember>
	<tw-gaap-ci:CashDividendsCommonStockMember contextRef="From20100101To20100630_RetainedEarningsMember" decimals="-3" unitRef="TWD">-183600000</tw-gaap-ci:CashDividendsCommonStockMember>
	<tw-gaap-ci:CashDividendsCommonStockMember contextRef="From20100101To20100630_TotalStockholdersEquitiesMember" decimals="-3" unitRef="TWD">-183600000</tw-gaap-ci:CashDividendsCommonStockMember>
	<tw-gaap-ci:EffectLongtermEquityInvestmentNotRecognizedShareholdingPercentageMember contextRef="From20100101To20100630_CapitalSurplusMember" decimals="-3" unitRef="TWD">5000000</tw-gaap-ci:EffectLongtermEquityInvestmentNotRecognizedShareholdingPercentageMember>
	<tw-gaap-ci:EffectLongtermEquityInvestmentNotRecognizedShareholdingPercentageMember contextRef="From20100101To20100630_UnappropriatedRetainedEarningsMember" decimals="-3" unitRef="TWD">0</tw-gaap-ci:EffectLongtermEquityInvestmentNotRecognizedShareholdingPercentageMember>
	<tw-gaap-ci:EffectLongtermEquityInvestmentNotRecognizedShareholdingPercentageMember contextRef="From20100101To20100630_RetainedEarningsMember" decimals="-3" unitRef="TWD">0</tw-gaap-ci:EffectLongtermEquityInvestmentNotRecognizedShareholdingPercentageMember>
	<tw-gaap-ci:EffectLongtermEquityInvestmentNotRecognizedShareholdingPercentageMember contextRef="From20100101To20100630_TotalStockholdersEquitiesMember" decimals="-3" unitRef="TWD">5000000</tw-gaap-ci:EffectLongtermEquityInvestmentNotRecognizedShareholdingPercentageMember>
	<tw-gaap-ci:ChangesUnrealizedGainLossesAvailableSaleFinancialAssetsMember contextRef="From20100101To20100630_UnrealizedGainLossesFinancialInstrumentMember" decimals="-3" unitRef="TWD">-4020000</tw-gaap-ci:ChangesUnrealizedGainLossesAvailableSaleFinancialAssetsMember>
	<tw-gaap-ci:ChangesUnrealizedGainLossesAvailableSaleFinancialAssetsMember contextRef="From20100101To20100630_StockholdersEquitiesAdjustmentsMember" decimals="-3" unitRef="TWD">-4020000</tw-gaap-ci:ChangesUnrealizedGainLossesAvailableSaleFinancialAssetsMember>
	<tw-gaap-ci:ChangesUnrealizedGainLossesAvailableSaleFinancialAssetsMember contextRef="From20100101To20100630_TotalStockholdersEquitiesMember" decimals="-3" unitRef="TWD">-4020000</tw-gaap-ci:ChangesUnrealizedGainLossesAvailableSaleFinancialAssetsMember>
	<tw-gaap-ci:ChangesForeignExchangeGainLossTranslationForeignCurrencyFinancialStatementsMember contextRef="From20100101To20100630_CumulativeTranslationAdjustmentsMember" decimals="-3" unitRef="TWD">9359000</tw-gaap-ci:ChangesForeignExchangeGainLossTranslationForeignCurrencyFinancialStatementsMember>
	<tw-gaap-ci:ChangesForeignExchangeGainLossTranslationForeignCurrencyFinancialStatementsMember contextRef="From20100101To20100630_StockholdersEquitiesAdjustmentsMember" decimals="-3" unitRef="TWD">9359000</tw-gaap-ci:ChangesForeignExchangeGainLossTranslationForeignCurrencyFinancialStatementsMember>
	<tw-gaap-ci:ChangesForeignExchangeGainLossTranslationForeignCurrencyFinancialStatementsMember contextRef="From20100101To20100630_TotalStockholdersEquitiesMember" decimals="-3" unitRef="TWD">9359000</tw-gaap-ci:ChangesForeignExchangeGainLossTranslationForeignCurrencyFinancialStatementsMember>
	<tw-gaap-ci:ChangesMember contextRef="From20100101To20100630_CommonStockValueMember" decimals="-3" unitRef="TWD">0</tw-gaap-ci:ChangesMember>
	<tw-gaap-ci:ChangesMember contextRef="From20100101To20100630_CapitalStockMember" decimals="-3" unitRef="TWD">0</tw-gaap-ci:ChangesMember>
	<tw-gaap-ci:ChangesMember contextRef="From20100101To20100630_CapitalSurplusMember" decimals="-3" unitRef="TWD">5000000</tw-gaap-ci:ChangesMember>
	<tw-gaap-ci:ChangesMember contextRef="From20100101To20100630_LegalReserveMember" decimals="-3" unitRef="TWD">23050000</tw-gaap-ci:ChangesMember>
	<tw-gaap-ci:ChangesMember contextRef="From20100101To20100630_SpecialReserveMember" decimals="-3" unitRef="TWD">-10545000</tw-gaap-ci:ChangesMember>
	<tw-gaap-ci:ChangesMember contextRef="From20100101To20100630_UnappropriatedRetainedEarningsMember" decimals="-3" unitRef="TWD">-128453000</tw-gaap-ci:ChangesMember>
	<tw-gaap-ci:ChangesMember contextRef="From20100101To20100630_RetainedEarningsMember" decimals="-3" unitRef="TWD">-115948000</tw-gaap-ci:ChangesMember>
	<tw-gaap-ci:ChangesMember contextRef="From20100101To20100630_CumulativeTranslationAdjustmentsMember" decimals="-3" unitRef="TWD">9359000</tw-gaap-ci:ChangesMember>
	<tw-gaap-ci:ChangesMember contextRef="From20100101To20100630_UnrealizedGainLossesFinancialInstrumentMember" decimals="-3" unitRef="TWD">-4020000</tw-gaap-ci:ChangesMember>
	<tw-gaap-ci:ChangesMember contextRef="From20100101To20100630_StockholdersEquitiesAdjustmentsMember" decimals="-3" unitRef="TWD">5339000</tw-gaap-ci:ChangesMember>
	<tw-gaap-ci:ChangesMember contextRef="From20100101To20100630_TotalStockholdersEquitiesMember" decimals="-3" unitRef="TWD">-105609000</tw-gaap-ci:ChangesMember>
	<tw-gaap-ci:EndYear contextRef="AsOf20100630_CommonStockValueMember" decimals="-3" unitRef="TWD">1020000000</tw-gaap-ci:EndYear>
	<tw-gaap-ci:EndYear contextRef="AsOf20100630_CapitalStockMember" decimals="-3" unitRef="TWD">1020000000</tw-gaap-ci:EndYear>
	<tw-gaap-ci:EndYear contextRef="AsOf20100630_CapitalSurplusMember" decimals="-3" unitRef="TWD">6214000</tw-gaap-ci:EndYear>
	<tw-gaap-ci:EndYear contextRef="AsOf20100630_LegalReserveMember" decimals="-3" unitRef="TWD">168018000</tw-gaap-ci:EndYear>
	<tw-gaap-ci:EndYear contextRef="AsOf20100630_SpecialReserveMember" decimals="-3" unitRef="TWD">6235000</tw-gaap-ci:EndYear>
	<tw-gaap-ci:EndYear contextRef="AsOf20100630_UnappropriatedRetainedEarningsMember" decimals="-3" unitRef="TWD">140540000</tw-gaap-ci:EndYear>
	<tw-gaap-ci:EndYear contextRef="AsOf20100630_RetainedEarningsMember" decimals="-3" unitRef="TWD">314793000</tw-gaap-ci:EndYear>
	<tw-gaap-ci:EndYear contextRef="AsOf20100630_CumulativeTranslationAdjustmentsMember" decimals="-3" unitRef="TWD">15057000</tw-gaap-ci:EndYear>
	<tw-gaap-ci:EndYear contextRef="AsOf20100630_UnrealizedGainLossesFinancialInstrumentMember" decimals="-3" unitRef="TWD">-15953000</tw-gaap-ci:EndYear>
	<tw-gaap-ci:EndYear contextRef="AsOf20100630_StockholdersEquitiesAdjustmentsMember" decimals="-3" unitRef="TWD">-896000</tw-gaap-ci:EndYear>
	<tw-gaap-ci:EndYear contextRef="AsOf20100630_TotalStockholdersEquitiesMember" decimals="-3" unitRef="TWD">1340111000</tw-gaap-ci:EndYear>
	<tw-gaap-ci:BeginningBalanceMember contextRef="AsOf20090630_CommonStockValueMember" decimals="-3" unitRef="TWD">1020000000</tw-gaap-ci:BeginningBalanceMember>
	<tw-gaap-ci:BeginningBalanceMember contextRef="AsOf20090630_CapitalStockMember" decimals="-3" unitRef="TWD">1020000000</tw-gaap-ci:BeginningBalanceMember>
	<tw-gaap-ci:BeginningBalanceMember contextRef="AsOf20090630_CapitalSurplusMember" decimals="-3" unitRef="TWD">1215000</tw-gaap-ci:BeginningBalanceMember>
	<tw-gaap-ci:BeginningBalanceMember contextRef="AsOf20090630_LegalReserveMember" decimals="-3" unitRef="TWD">130848000</tw-gaap-ci:BeginningBalanceMember>
	<tw-gaap-ci:BeginningBalanceMember contextRef="AsOf20090630_SpecialReserveMember" decimals="-3" unitRef="TWD">3556000</tw-gaap-ci:BeginningBalanceMember>
	<tw-gaap-ci:BeginningBalanceMember contextRef="AsOf20090630_UnappropriatedRetainedEarningsMember" decimals="-3" unitRef="TWD">167838000</tw-gaap-ci:BeginningBalanceMember>
	<tw-gaap-ci:BeginningBalanceMember contextRef="AsOf20090630_RetainedEarningsMember" decimals="-3" unitRef="TWD">302242000</tw-gaap-ci:BeginningBalanceMember>
	<tw-gaap-ci:BeginningBalanceMember contextRef="AsOf20090630_CumulativeTranslationAdjustmentsMember" decimals="-3" unitRef="TWD">38999000</tw-gaap-ci:BeginningBalanceMember>
	<tw-gaap-ci:BeginningBalanceMember contextRef="AsOf20090630_UnrealizedGainLossesFinancialInstrumentMember" decimals="-3" unitRef="TWD">-55779000</tw-gaap-ci:BeginningBalanceMember>
	<tw-gaap-ci:BeginningBalanceMember contextRef="AsOf20090630_StockholdersEquitiesAdjustmentsMember" decimals="-3" unitRef="TWD">-16780000</tw-gaap-ci:BeginningBalanceMember>
	<tw-gaap-ci:BeginningBalanceMember contextRef="AsOf20090630_TotalStockholdersEquitiesMember" decimals="-3" unitRef="TWD">1306677000</tw-gaap-ci:BeginningBalanceMember>
	<tw-gaap-ci:NetIncomeLossMember contextRef="From20090101To20090630_UnappropriatedRetainedEarningsMember" decimals="-3" unitRef="TWD">145670000</tw-gaap-ci:NetIncomeLossMember>
	<tw-gaap-ci:NetIncomeLossMember contextRef="From20090101To20090630_RetainedEarningsMember" decimals="-3" unitRef="TWD">145670000</tw-gaap-ci:NetIncomeLossMember>
	<tw-gaap-ci:NetIncomeLossMember contextRef="From20090101To20090630_TotalStockholdersEquitiesMember" decimals="-3" unitRef="TWD">145670000</tw-gaap-ci:NetIncomeLossMember>
	<tw-gaap-ci:LegalReserveAppropriatedMember contextRef="From20090101To20090630_LegalReserveMember" decimals="-3" unitRef="TWD">14120000</tw-gaap-ci:LegalReserveAppropriatedMember>
	<tw-gaap-ci:LegalReserveAppropriatedMember contextRef="From20090101To20090630_UnappropriatedRetainedEarningsMember" decimals="-3" unitRef="TWD">-14120000</tw-gaap-ci:LegalReserveAppropriatedMember>
	<tw-gaap-ci:LegalReserveAppropriatedMember contextRef="From20090101To20090630_RetainedEarningsMember" decimals="-3" unitRef="TWD">0</tw-gaap-ci:LegalReserveAppropriatedMember>
	<tw-gaap-ci:LegalReserveAppropriatedMember contextRef="From20090101To20090630_TotalStockholdersEquitiesMember" decimals="-3" unitRef="TWD">0</tw-gaap-ci:LegalReserveAppropriatedMember>
	<tw-gaap-ci:SpecialReserveAppropriatedMember contextRef="From20090101To20090630_SpecialReserveMember" decimals="-3" unitRef="TWD">13224000</tw-gaap-ci:SpecialReserveAppropriatedMember>
	<tw-gaap-ci:SpecialReserveAppropriatedMember contextRef="From20090101To20090630_UnappropriatedRetainedEarningsMember" decimals="-3" unitRef="TWD">-13224000</tw-gaap-ci:SpecialReserveAppropriatedMember>
	<tw-gaap-ci:SpecialReserveAppropriatedMember contextRef="From20090101To20090630_RetainedEarningsMember" decimals="-3" unitRef="TWD">0</tw-gaap-ci:SpecialReserveAppropriatedMember>
	<tw-gaap-ci:SpecialReserveAppropriatedMember contextRef="From20090101To20090630_TotalStockholdersEquitiesMember" decimals="-3" unitRef="TWD">0</tw-gaap-ci:SpecialReserveAppropriatedMember>
	<tw-gaap-ci:CashDividendsCommonStockMember contextRef="From20090101To20090630_SpecialReserveMember" decimals="-3" unitRef="TWD">0</tw-gaap-ci:CashDividendsCommonStockMember>
	<tw-gaap-ci:CashDividendsCommonStockMember contextRef="From20090101To20090630_UnappropriatedRetainedEarningsMember" decimals="-3" unitRef="TWD">-102000000</tw-gaap-ci:CashDividendsCommonStockMember>
	<tw-gaap-ci:CashDividendsCommonStockMember contextRef="From20090101To20090630_RetainedEarningsMember" decimals="-3" unitRef="TWD">-102000000</tw-gaap-ci:CashDividendsCommonStockMember>
	<tw-gaap-ci:CashDividendsCommonStockMember contextRef="From20090101To20090630_TotalStockholdersEquitiesMember" decimals="-3" unitRef="TWD">-102000000</tw-gaap-ci:CashDividendsCommonStockMember>
	<tw-gaap-ci:ChangesUnrealizedGainLossesAvailableSaleFinancialAssetsMember contextRef="From20090101To20090630_UnrealizedGainLossesFinancialInstrumentMember" decimals="-3" unitRef="TWD">41915000</tw-gaap-ci:ChangesUnrealizedGainLossesAvailableSaleFinancialAssetsMember>
	<tw-gaap-ci:ChangesUnrealizedGainLossesAvailableSaleFinancialAssetsMember contextRef="From20090101To20090630_StockholdersEquitiesAdjustmentsMember" decimals="-3" unitRef="TWD">41915000</tw-gaap-ci:ChangesUnrealizedGainLossesAvailableSaleFinancialAssetsMember>
	<tw-gaap-ci:ChangesUnrealizedGainLossesAvailableSaleFinancialAssetsMember contextRef="From20090101To20090630_TotalStockholdersEquitiesMember" decimals="-3" unitRef="TWD">41915000</tw-gaap-ci:ChangesUnrealizedGainLossesAvailableSaleFinancialAssetsMember>
	<tw-gaap-ci:ChangesForeignExchangeGainLossTranslationForeignCurrencyFinancialStatementsMember contextRef="From20090101To20090630_CumulativeTranslationAdjustmentsMember" decimals="-3" unitRef="TWD">-1605000</tw-gaap-ci:ChangesForeignExchangeGainLossTranslationForeignCurrencyFinancialStatementsMember>
	<tw-gaap-ci:ChangesForeignExchangeGainLossTranslationForeignCurrencyFinancialStatementsMember contextRef="From20090101To20090630_StockholdersEquitiesAdjustmentsMember" decimals="-3" unitRef="TWD">-1605000</tw-gaap-ci:ChangesForeignExchangeGainLossTranslationForeignCurrencyFinancialStatementsMember>
	<tw-gaap-ci:ChangesForeignExchangeGainLossTranslationForeignCurrencyFinancialStatementsMember contextRef="From20090101To20090630_TotalStockholdersEquitiesMember" decimals="-3" unitRef="TWD">-1605000</tw-gaap-ci:ChangesForeignExchangeGainLossTranslationForeignCurrencyFinancialStatementsMember>
	<tw-gaap-ci:ChangesMember contextRef="From20090101To20090630_CommonStockValueMember" decimals="-3" unitRef="TWD">0</tw-gaap-ci:ChangesMember>
	<tw-gaap-ci:ChangesMember contextRef="From20090101To20090630_CapitalStockMember" decimals="-3" unitRef="TWD">0</tw-gaap-ci:ChangesMember>
	<tw-gaap-ci:ChangesMember contextRef="From20090101To20090630_CapitalSurplusMember" decimals="-3" unitRef="TWD">0</tw-gaap-ci:ChangesMember>
	<tw-gaap-ci:ChangesMember contextRef="From20090101To20090630_LegalReserveMember" decimals="-3" unitRef="TWD">14120000</tw-gaap-ci:ChangesMember>
	<tw-gaap-ci:ChangesMember contextRef="From20090101To20090630_SpecialReserveMember" decimals="-3" unitRef="TWD">13224000</tw-gaap-ci:ChangesMember>
	<tw-gaap-ci:ChangesMember contextRef="From20090101To20090630_UnappropriatedRetainedEarningsMember" decimals="-3" unitRef="TWD">16326000</tw-gaap-ci:ChangesMember>
	<tw-gaap-ci:ChangesMember contextRef="From20090101To20090630_RetainedEarningsMember" decimals="-3" unitRef="TWD">43670000</tw-gaap-ci:ChangesMember>
	<tw-gaap-ci:ChangesMember contextRef="From20090101To20090630_CumulativeTranslationAdjustmentsMember" decimals="-3" unitRef="TWD">-1605000</tw-gaap-ci:ChangesMember>
	<tw-gaap-ci:ChangesMember contextRef="From20090101To20090630_UnrealizedGainLossesFinancialInstrumentMember" decimals="-3" unitRef="TWD">41915000</tw-gaap-ci:ChangesMember>
	<tw-gaap-ci:ChangesMember contextRef="From20090101To20090630_StockholdersEquitiesAdjustmentsMember" decimals="-3" unitRef="TWD">40310000</tw-gaap-ci:ChangesMember>
	<tw-gaap-ci:ChangesMember contextRef="From20090101To20090630_TotalStockholdersEquitiesMember" decimals="-3" unitRef="TWD">83980000</tw-gaap-ci:ChangesMember>
	<tw-gaap-ci:EndYear contextRef="AsOf20090630_CommonStockValueMember" decimals="-3" unitRef="TWD">1020000000</tw-gaap-ci:EndYear>
	<tw-gaap-ci:EndYear contextRef="AsOf20090630_CapitalStockMember" decimals="-3" unitRef="TWD">1020000000</tw-gaap-ci:EndYear>
	<tw-gaap-ci:EndYear contextRef="AsOf20090630_CapitalSurplusMember" decimals="-3" unitRef="TWD">1215000</tw-gaap-ci:EndYear>
	<tw-gaap-ci:EndYear contextRef="AsOf20090630_LegalReserveMember" decimals="-3" unitRef="TWD">144968000</tw-gaap-ci:EndYear>
	<tw-gaap-ci:EndYear contextRef="AsOf20090630_SpecialReserveMember" decimals="-3" unitRef="TWD">16780000</tw-gaap-ci:EndYear>
	<tw-gaap-ci:EndYear contextRef="AsOf20090630_UnappropriatedRetainedEarningsMember" decimals="-3" unitRef="TWD">184164000</tw-gaap-ci:EndYear>
	<tw-gaap-ci:EndYear contextRef="AsOf20090630_RetainedEarningsMember" decimals="-3" unitRef="TWD">345912000</tw-gaap-ci:EndYear>
	<tw-gaap-ci:EndYear contextRef="AsOf20090630_CumulativeTranslationAdjustmentsMember" decimals="-3" unitRef="TWD">37394000</tw-gaap-ci:EndYear>
	<tw-gaap-ci:EndYear contextRef="AsOf20090630_UnrealizedGainLossesFinancialInstrumentMember" decimals="-3" unitRef="TWD">-13864000</tw-gaap-ci:EndYear>
	<tw-gaap-ci:EndYear contextRef="AsOf20090630_StockholdersEquitiesAdjustmentsMember" decimals="-3" unitRef="TWD">23530000</tw-gaap-ci:EndYear>
	<tw-gaap-ci:EndYear contextRef="AsOf20090630_TotalStockholdersEquitiesMember" decimals="-3" unitRef="TWD">1390657000</tw-gaap-ci:EndYear>
	<tw-gaap-ar:AccountantName contextRef="AsOf20100723">勤業眾信聯合會計師事務所</tw-gaap-ar:AccountantName>
	<tw-gaap-ar:AssuranceAccountantName1 contextRef="AsOf20100723">吳恩銘</tw-gaap-ar:AssuranceAccountantName1>
	<tw-gaap-ar:AssuranceAccountantName2 contextRef="AsOf20100723">謝建新</tw-gaap-ar:AssuranceAccountantName2>
	<tw-gaap-ar:ReviewAuditDate contextRef="AsOf20100723">2010-07-23</tw-gaap-ar:ReviewAuditDate>
	<tw-gaap-ar:AuditReport contextRef="AsOf20100723">Y</tw-gaap-ar:AuditReport>
	<tw-gaap-ar:QualifiedOpinionAbstract contextRef="AsOf20100723">Y</tw-gaap-ar:QualifiedOpinionAbstract>
	<tw-gaap-ar:ByInvestmentCompaniesWithoutAccountantAuditReportRecognizedGainLoss contextRef="AsOf20100723">Y</tw-gaap-ar:ByInvestmentCompaniesWithoutAccountantAuditReportRecognizedGainLoss>
	<tw-gaap-ar:DescriptionEmphasizeItemBody contextRef="AsOf20100723"><![CDATA[]]></tw-gaap-ar:DescriptionEmphasizeItemBody>
	<tw-gaap-ar:DescriptionOtherItemBody contextRef="AsOf20100723"><![CDATA[]]></tw-gaap-ar:DescriptionOtherItemBody>
	<tw-gaap-ar:AccountantsReportBody contextRef="AsOf20100723"><![CDATA[                          會計師查核報告
 

歐格電子工業股份有限公司　公鑒：

　　歐格電子工業股份有限公司民國九十九年及九十八年六月三十日之資產負債表，暨民
國九十九年及九十八年一月一日至六月三十日之損益表、股東權益變動表及現金流量表，
業經本會計師查核竣事。上開財務報表之編製係管理階層之責任，本會計師之責任則為根
據查核結果對上開財務報表表示意見。
　　除下段所述者外，本會計師係依照會計師查核簽證財務報表規則及一般公認審計準則
規劃並執行查核工作，以合理確信財務報表有無重大不實表達。此項查核工作包括以抽查
方式獲取財務報表所列金額及所揭露事項之查核證據、評估管理階層編製財務報表所採用
之會計原則及所作之重大會計估計，暨評估財務報表整體之表達。本會計師相信此項查核
工作可對所表示之意見提供合理之依據。
　　如財務報表附註七所述，歐格電子工業股份有限公司民國九十九年及九十八年六月三
十日採權益法之長期股權投資餘額分別計新台幣1,337,569仟元及1,273,543仟元，暨其上
半年度認列之相關投資收益分別計新台幣36,748仟元及76,772仟元，係依據被投資公司同
期間未經會計師查核之財務報表計算。
　　依本會計師之意見，除上段所述採權益法之長期股權投資及其有關投資淨益，係依據
未經會計師查核之財務報表認列，倘該等財務報表經會計師查核而有所調整時，對於歐格
電子工業股份有限公司民國九十九及九十八年上半年度財務報表之可能影響外，第一段所
述財務報表在所有重大方面係依照證券發行人財務報告編製準則、商業會計法及商業會計
處理準則中與財務會計準則相關之規定暨一般公認會計原則編製，足以允當表達歐格電子
工業股份有限公司民國九十九年及九十八年六月三十日之財務狀況，暨民國九十九年及九
十八年一月一日至六月三十日之經營成果與現金流量。
　　如財務報表附註三所述，歐格電子工業股份有限公司自民國九十八年一月一日起採用
新修訂之財務會計準則公報第十號「存貨之會計處理準則」。
　　歐格電子工業股份有限公司民國九十九年上半年度之財務報表重要會計科目明細表，
主要係供補充分析之用，亦經本會計師採用第二段所述之查核程序予以查核。據本會計師
之意見，該等科目明細表在所有重大方面與第一段所述財務報表相關資訊一致。
　　歐格電子工業股份有限公司已編製民國九十九年上半年度之合併財務報表，並經本會
計師出具保留式核閱報告在案，備供參考。


勤業眾信聯合會計師事務所
會 計 師 吳 恩 銘	                會 計 師 謝 建 新

財政部證券暨期貨管理委員會核准文號      財政部證券暨期貨管理委員會核准文號
　台財證六字第0920123784號		　台財證六字第0920123784號



]]></tw-gaap-ar:AccountantsReportBody>
	<tw-gaap-notes:FinancialReportnotes contextRef="AsOf20100630"><![CDATA[http://doc.twse.com.tw/server-java/t57sb01?step=1&colorchg=1&co_id=3002&year=99&seamon=2&mtype=A&]]></tw-gaap-notes:FinancialReportnotes>
</xbrl>

<!--This instance document is created by SIIAP V1.2.11-->
