<?xml version="1.0" encoding="UTF-8"?>
<xbrl xmlns="http://www.xbrl.org/2003/instance" xmlns:iso4217="http://www.xbrl.org/2003/iso4217" xmlns:link="http://www.xbrl.org/2003/linkbase" xmlns:tw-gaap-ar="http://www.xbrl.org/tw/fr/gaap/ar/2011-12-31" xmlns:tw-gaap-ci="http://www.xbrl.org/tw/fr/gaap/tw-gaap-ci-2011-12-31" xmlns:tw-gaap-notes="http://www.xbrl.org/tw/fr/gaap/notes/2011-12-31" xmlns:xbrldi="http://xbrl.org/2006/xbrldi" xmlns:xbrldt="http://xbrl.org/2005/xbrldt" xmlns:xbrli="http://www.xbrl.org/2003/instance" xmlns:xlink="http://www.w3.org/1999/xlink">
	<link:schemaRef xlink:arcrole="http://www.w3.org/1999/xlink/properties/linkbase" xlink:href="tw-gaap-ci-2011-12-31.xsd" xlink:type="simple"/>	<context id="AsOf20120425">
		<entity>
			<identifier scheme="http://www.twse.com.tw">3057</identifier>
		</entity>
		<period>
			<instant>2012-04-25</instant>
		</period>
	</context>
	<context id="AsOf20110101">
		<entity>
			<identifier scheme="http://www.twse.com.tw">3057</identifier>
		</entity>
		<period>
			<instant>2011-01-01</instant>
		</period>
	</context>
	<context id="AsOf20120101">
		<entity>
			<identifier scheme="http://www.twse.com.tw">3057</identifier>
		</entity>
		<period>
			<instant>2012-01-01</instant>
		</period>
	</context>
	<context id="From20110101To20110331">
		<entity>
			<identifier scheme="http://www.twse.com.tw">3057</identifier>
		</entity>
		<period>
			<startDate>2011-01-01</startDate>
			<endDate>2011-03-31</endDate>
		</period>
	</context>
	<context id="AsOf20110331">
		<entity>
			<identifier scheme="http://www.twse.com.tw">3057</identifier>
		</entity>
		<period>
			<instant>2011-03-31</instant>
		</period>
	</context>
	<context id="From20120101To20120331">
		<entity>
			<identifier scheme="http://www.twse.com.tw">3057</identifier>
		</entity>
		<period>
			<startDate>2012-01-01</startDate>
			<endDate>2012-03-31</endDate>
		</period>
	</context>
	<context id="AsOf20120331">
		<entity>
			<identifier scheme="http://www.twse.com.tw">3057</identifier>
		</entity>
		<period>
			<instant>2012-03-31</instant>
		</period>
	</context>
	<unit id="TWD">
		<measure>iso4217:TWD</measure>
	</unit>
	<unit id="Shares">
		<measure>xbrli:shares</measure>
	</unit>
	<unit id="EarningsPerShare">
		<divide>
			<unitNumerator>
				<measure>iso4217:TWD</measure>
			</unitNumerator>
			<unitDenominator>
				<measure>xbrli:shares</measure>
			</unitDenominator>
		</divide>
	</unit>
	<tw-gaap-ci:CashCashEquivalents contextRef="AsOf20120331" decimals="-3" unitRef="TWD">236264000</tw-gaap-ci:CashCashEquivalents>
	<tw-gaap-ci:CashCashEquivalents contextRef="AsOf20110331" decimals="-3" unitRef="TWD">74112000</tw-gaap-ci:CashCashEquivalents>
	<tw-gaap-ci:FinancialAssetsMeasuredFairValueProfitLossCurrent contextRef="AsOf20120331" decimals="-3" unitRef="TWD">0</tw-gaap-ci:FinancialAssetsMeasuredFairValueProfitLossCurrent>
	<tw-gaap-ci:FinancialAssetsMeasuredFairValueProfitLossCurrent contextRef="AsOf20110331" decimals="-3" unitRef="TWD">2785000</tw-gaap-ci:FinancialAssetsMeasuredFairValueProfitLossCurrent>
	<tw-gaap-ci:NetAccountsReceivable contextRef="AsOf20120331" decimals="-3" unitRef="TWD">44510000</tw-gaap-ci:NetAccountsReceivable>
	<tw-gaap-ci:NetAccountsReceivable contextRef="AsOf20110331" decimals="-3" unitRef="TWD">21535000</tw-gaap-ci:NetAccountsReceivable>
	<tw-gaap-ci:NetAccountsReceivableRelatedParties contextRef="AsOf20120331" decimals="-3" unitRef="TWD">761579000</tw-gaap-ci:NetAccountsReceivableRelatedParties>
	<tw-gaap-ci:NetAccountsReceivableRelatedParties contextRef="AsOf20110331" decimals="-3" unitRef="TWD">459096000</tw-gaap-ci:NetAccountsReceivableRelatedParties>
	<tw-gaap-ci:OtherReceivablesRelatedParties contextRef="AsOf20120331" decimals="-3" unitRef="TWD">1168000</tw-gaap-ci:OtherReceivablesRelatedParties>
	<tw-gaap-ci:OtherReceivablesRelatedParties contextRef="AsOf20110331" decimals="-3" unitRef="TWD">179533000</tw-gaap-ci:OtherReceivablesRelatedParties>
	<tw-gaap-ci:InventoriesManufacturing contextRef="AsOf20120331" decimals="-3" unitRef="TWD">476018000</tw-gaap-ci:InventoriesManufacturing>
	<tw-gaap-ci:InventoriesManufacturing contextRef="AsOf20110331" decimals="-3" unitRef="TWD">587677000</tw-gaap-ci:InventoriesManufacturing>
	<tw-gaap-ci:Inventories contextRef="AsOf20120331" decimals="-3" unitRef="TWD">476018000</tw-gaap-ci:Inventories>
	<tw-gaap-ci:Inventories contextRef="AsOf20110331" decimals="-3" unitRef="TWD">587677000</tw-gaap-ci:Inventories>
	<tw-gaap-ci:DeferredIncomeTaxAssetsCurrent contextRef="AsOf20120331" decimals="-3" unitRef="TWD">14259000</tw-gaap-ci:DeferredIncomeTaxAssetsCurrent>
	<tw-gaap-ci:DeferredIncomeTaxAssetsCurrent contextRef="AsOf20110331" decimals="-3" unitRef="TWD">26190000</tw-gaap-ci:DeferredIncomeTaxAssetsCurrent>
	<tw-gaap-ci:RestrictedCurrentAssets contextRef="AsOf20120331" decimals="-3" unitRef="TWD">234943000</tw-gaap-ci:RestrictedCurrentAssets>
	<tw-gaap-ci:RestrictedCurrentAssets contextRef="AsOf20110331" decimals="-3" unitRef="TWD">57500000</tw-gaap-ci:RestrictedCurrentAssets>
	<tw-gaap-ci:OthercurrentAssetsOther contextRef="AsOf20120331" decimals="-3" unitRef="TWD">31932000</tw-gaap-ci:OthercurrentAssetsOther>
	<tw-gaap-ci:OthercurrentAssetsOther contextRef="AsOf20110331" decimals="-3" unitRef="TWD">31476000</tw-gaap-ci:OthercurrentAssetsOther>
	<tw-gaap-ci:OtherCurrentAssets contextRef="AsOf20120331" decimals="-3" unitRef="TWD">281134000</tw-gaap-ci:OtherCurrentAssets>
	<tw-gaap-ci:OtherCurrentAssets contextRef="AsOf20110331" decimals="-3" unitRef="TWD">115166000</tw-gaap-ci:OtherCurrentAssets>
	<tw-gaap-ci:CurrentAssets contextRef="AsOf20120331" decimals="-3" unitRef="TWD">1800673000</tw-gaap-ci:CurrentAssets>
	<tw-gaap-ci:CurrentAssets contextRef="AsOf20110331" decimals="-3" unitRef="TWD">1439904000</tw-gaap-ci:CurrentAssets>
	<tw-gaap-ci:LongtermInvestmentsEquity contextRef="AsOf20120331" decimals="-3" unitRef="TWD">459844000</tw-gaap-ci:LongtermInvestmentsEquity>
	<tw-gaap-ci:LongtermInvestmentsEquity contextRef="AsOf20110331" decimals="-3" unitRef="TWD">454955000</tw-gaap-ci:LongtermInvestmentsEquity>
	<tw-gaap-ci:LongtermInvestments contextRef="AsOf20120331" decimals="-3" unitRef="TWD">459844000</tw-gaap-ci:LongtermInvestments>
	<tw-gaap-ci:LongtermInvestments contextRef="AsOf20110331" decimals="-3" unitRef="TWD">454955000</tw-gaap-ci:LongtermInvestments>
	<tw-gaap-ci:FundsInvestments contextRef="AsOf20120331" decimals="-3" unitRef="TWD">459844000</tw-gaap-ci:FundsInvestments>
	<tw-gaap-ci:FundsInvestments contextRef="AsOf20110331" decimals="-3" unitRef="TWD">454955000</tw-gaap-ci:FundsInvestments>
	<tw-gaap-ci:BuildingsStructures contextRef="AsOf20120331" decimals="-3" unitRef="TWD">235389000</tw-gaap-ci:BuildingsStructures>
	<tw-gaap-ci:BuildingsStructures contextRef="AsOf20110331" decimals="-3" unitRef="TWD">235386000</tw-gaap-ci:BuildingsStructures>
	<tw-gaap-ci:MachineryEquipment contextRef="AsOf20120331" decimals="-3" unitRef="TWD">40989000</tw-gaap-ci:MachineryEquipment>
	<tw-gaap-ci:MachineryEquipment contextRef="AsOf20110331" decimals="-3" unitRef="TWD">46622000</tw-gaap-ci:MachineryEquipment>
	<tw-gaap-ci:ComputerTelecommunicationEquipment contextRef="AsOf20120331" decimals="-3" unitRef="TWD">75309000</tw-gaap-ci:ComputerTelecommunicationEquipment>
	<tw-gaap-ci:ComputerTelecommunicationEquipment contextRef="AsOf20110331" decimals="-3" unitRef="TWD">76597000</tw-gaap-ci:ComputerTelecommunicationEquipment>
	<tw-gaap-ci:TransportationEquipment contextRef="AsOf20120331" decimals="-3" unitRef="TWD">526000</tw-gaap-ci:TransportationEquipment>
	<tw-gaap-ci:TransportationEquipment contextRef="AsOf20110331" decimals="-3" unitRef="TWD">526000</tw-gaap-ci:TransportationEquipment>
	<tw-gaap-ci:OfficeEquipment contextRef="AsOf20120331" decimals="-3" unitRef="TWD">16457000</tw-gaap-ci:OfficeEquipment>
	<tw-gaap-ci:OfficeEquipment contextRef="AsOf20110331" decimals="-3" unitRef="TWD">20494000</tw-gaap-ci:OfficeEquipment>
	<tw-gaap-ci:LeaseholdImprovements contextRef="AsOf20120331" decimals="-3" unitRef="TWD">35513000</tw-gaap-ci:LeaseholdImprovements>
	<tw-gaap-ci:LeaseholdImprovements contextRef="AsOf20110331" decimals="-3" unitRef="TWD">34260000</tw-gaap-ci:LeaseholdImprovements>
	<tw-gaap-ci:FixedAssetsOriginalCosts contextRef="AsOf20120331" decimals="-3" unitRef="TWD">404183000</tw-gaap-ci:FixedAssetsOriginalCosts>
	<tw-gaap-ci:FixedAssetsOriginalCosts contextRef="AsOf20110331" decimals="-3" unitRef="TWD">413885000</tw-gaap-ci:FixedAssetsOriginalCosts>
	<tw-gaap-ci:CostsRevaluationIncrement contextRef="AsOf20120331" decimals="-3" unitRef="TWD">404183000</tw-gaap-ci:CostsRevaluationIncrement>
	<tw-gaap-ci:CostsRevaluationIncrement contextRef="AsOf20110331" decimals="-3" unitRef="TWD">413885000</tw-gaap-ci:CostsRevaluationIncrement>
	<tw-gaap-ci:AccumulatedDepreciation contextRef="AsOf20120331" decimals="-3" unitRef="TWD">222187000</tw-gaap-ci:AccumulatedDepreciation>
	<tw-gaap-ci:AccumulatedDepreciation contextRef="AsOf20110331" decimals="-3" unitRef="TWD">207977000</tw-gaap-ci:AccumulatedDepreciation>
	<tw-gaap-ci:PrepaymentsBusinessFacilities contextRef="AsOf20120331" decimals="-3" unitRef="TWD">0</tw-gaap-ci:PrepaymentsBusinessFacilities>
	<tw-gaap-ci:PrepaymentsBusinessFacilities contextRef="AsOf20110331" decimals="-3" unitRef="TWD">2425000</tw-gaap-ci:PrepaymentsBusinessFacilities>
	<tw-gaap-ci:ConstructionProcessPrepaymentEquipments contextRef="AsOf20120331" decimals="-3" unitRef="TWD">0</tw-gaap-ci:ConstructionProcessPrepaymentEquipments>
	<tw-gaap-ci:ConstructionProcessPrepaymentEquipments contextRef="AsOf20110331" decimals="-3" unitRef="TWD">2425000</tw-gaap-ci:ConstructionProcessPrepaymentEquipments>
	<tw-gaap-ci:FixedAssets contextRef="AsOf20120331" decimals="-3" unitRef="TWD">181996000</tw-gaap-ci:FixedAssets>
	<tw-gaap-ci:FixedAssets contextRef="AsOf20110331" decimals="-3" unitRef="TWD">208333000</tw-gaap-ci:FixedAssets>
	<tw-gaap-ci:GuaranteeDepositsPaid contextRef="AsOf20120331" decimals="-3" unitRef="TWD">7578000</tw-gaap-ci:GuaranteeDepositsPaid>
	<tw-gaap-ci:GuaranteeDepositsPaid contextRef="AsOf20110331" decimals="-3" unitRef="TWD">7399000</tw-gaap-ci:GuaranteeDepositsPaid>
	<tw-gaap-ci:DeferredCharges contextRef="AsOf20120331" decimals="-3" unitRef="TWD">443149000</tw-gaap-ci:DeferredCharges>
	<tw-gaap-ci:DeferredCharges contextRef="AsOf20110331" decimals="-3" unitRef="TWD">478200000</tw-gaap-ci:DeferredCharges>
	<tw-gaap-ci:DeferredIncomeTaxAssetsNonCurrent contextRef="AsOf20120331" decimals="-3" unitRef="TWD">0</tw-gaap-ci:DeferredIncomeTaxAssetsNonCurrent>
	<tw-gaap-ci:DeferredIncomeTaxAssetsNonCurrent contextRef="AsOf20110331" decimals="-3" unitRef="TWD">82119000</tw-gaap-ci:DeferredIncomeTaxAssetsNonCurrent>
	<tw-gaap-ci:OtherAssetsOther contextRef="AsOf20120331" decimals="-3" unitRef="TWD">0</tw-gaap-ci:OtherAssetsOther>
	<tw-gaap-ci:OtherAssetsOther contextRef="AsOf20110331" decimals="-3" unitRef="TWD">220221000</tw-gaap-ci:OtherAssetsOther>
	<tw-gaap-ci:OtherAssets contextRef="AsOf20120331" decimals="-3" unitRef="TWD">450727000</tw-gaap-ci:OtherAssets>
	<tw-gaap-ci:OtherAssets contextRef="AsOf20110331" decimals="-3" unitRef="TWD">787939000</tw-gaap-ci:OtherAssets>
	<tw-gaap-ci:Assets contextRef="AsOf20120331" decimals="-3" unitRef="TWD">2893240000</tw-gaap-ci:Assets>
	<tw-gaap-ci:Assets contextRef="AsOf20110331" decimals="-3" unitRef="TWD">2891131000</tw-gaap-ci:Assets>
	<tw-gaap-ci:ShortTermBorrowings contextRef="AsOf20120331" decimals="-3" unitRef="TWD">349285000</tw-gaap-ci:ShortTermBorrowings>
	<tw-gaap-ci:ShortTermBorrowings contextRef="AsOf20110331" decimals="-3" unitRef="TWD">371273000</tw-gaap-ci:ShortTermBorrowings>
	<tw-gaap-ci:FinancialLiabilitiesMeasuredFairValueProfitLossCurrent contextRef="AsOf20120331" decimals="-3" unitRef="TWD">594000</tw-gaap-ci:FinancialLiabilitiesMeasuredFairValueProfitLossCurrent>
	<tw-gaap-ci:FinancialLiabilitiesMeasuredFairValueProfitLossCurrent contextRef="AsOf20110331" decimals="-3" unitRef="TWD">0</tw-gaap-ci:FinancialLiabilitiesMeasuredFairValueProfitLossCurrent>
	<tw-gaap-ci:AccountsPayable contextRef="AsOf20120331" decimals="-3" unitRef="TWD">226259000</tw-gaap-ci:AccountsPayable>
	<tw-gaap-ci:AccountsPayable contextRef="AsOf20110331" decimals="-3" unitRef="TWD">149061000</tw-gaap-ci:AccountsPayable>
	<tw-gaap-ci:IncomeTaxPayable contextRef="AsOf20120331" decimals="-3" unitRef="TWD">191000</tw-gaap-ci:IncomeTaxPayable>
	<tw-gaap-ci:IncomeTaxPayable contextRef="AsOf20110331" decimals="-3" unitRef="TWD">0</tw-gaap-ci:IncomeTaxPayable>
	<tw-gaap-ci:AccruedExpenses contextRef="AsOf20120331" decimals="-3" unitRef="TWD">42187000</tw-gaap-ci:AccruedExpenses>
	<tw-gaap-ci:AccruedExpenses contextRef="AsOf20110331" decimals="-3" unitRef="TWD">33109000</tw-gaap-ci:AccruedExpenses>
	<tw-gaap-ci:BondsPayableCurrentPortionExerciseSellBack contextRef="AsOf20120331" decimals="-3" unitRef="TWD">587867000</tw-gaap-ci:BondsPayableCurrentPortionExerciseSellBack>
	<tw-gaap-ci:BondsPayableCurrentPortionExerciseSellBack contextRef="AsOf20110331" decimals="-3" unitRef="TWD">0</tw-gaap-ci:BondsPayableCurrentPortionExerciseSellBack>
	<tw-gaap-ci:LongtermLiabilitiesCurrentPortion contextRef="AsOf20120331" decimals="-3" unitRef="TWD">587867000</tw-gaap-ci:LongtermLiabilitiesCurrentPortion>
	<tw-gaap-ci:LongtermLiabilitiesCurrentPortion contextRef="AsOf20110331" decimals="-3" unitRef="TWD">0</tw-gaap-ci:LongtermLiabilitiesCurrentPortion>
	<tw-gaap-ci:CurrentLiabilities contextRef="AsOf20120331" decimals="-3" unitRef="TWD">1206383000</tw-gaap-ci:CurrentLiabilities>
	<tw-gaap-ci:CurrentLiabilities contextRef="AsOf20110331" decimals="-3" unitRef="TWD">553443000</tw-gaap-ci:CurrentLiabilities>
	<tw-gaap-ci:BondPayable contextRef="AsOf20120331" decimals="-3" unitRef="TWD">0</tw-gaap-ci:BondPayable>
	<tw-gaap-ci:BondPayable contextRef="AsOf20110331" decimals="-3" unitRef="TWD">581352000</tw-gaap-ci:BondPayable>
	<tw-gaap-ci:LongTermLiabilities contextRef="AsOf20120331" decimals="-3" unitRef="TWD">0</tw-gaap-ci:LongTermLiabilities>
	<tw-gaap-ci:LongTermLiabilities contextRef="AsOf20110331" decimals="-3" unitRef="TWD">581352000</tw-gaap-ci:LongTermLiabilities>
	<tw-gaap-ci:PensionReserve contextRef="AsOf20120331" decimals="-3" unitRef="TWD">14237000</tw-gaap-ci:PensionReserve>
	<tw-gaap-ci:PensionReserve contextRef="AsOf20110331" decimals="-3" unitRef="TWD">13383000</tw-gaap-ci:PensionReserve>
	<tw-gaap-ci:DeferredCreditsGainsonInterAffiliateAccounts contextRef="AsOf20120331" decimals="-3" unitRef="TWD">107625000</tw-gaap-ci:DeferredCreditsGainsonInterAffiliateAccounts>
	<tw-gaap-ci:DeferredCreditsGainsonInterAffiliateAccounts contextRef="AsOf20110331" decimals="-3" unitRef="TWD">119334000</tw-gaap-ci:DeferredCreditsGainsonInterAffiliateAccounts>
	<tw-gaap-ci:OtherLiabilitiesOther contextRef="AsOf20120331" decimals="-3" unitRef="TWD">107625000</tw-gaap-ci:OtherLiabilitiesOther>
	<tw-gaap-ci:OtherLiabilitiesOther contextRef="AsOf20110331" decimals="-3" unitRef="TWD">119334000</tw-gaap-ci:OtherLiabilitiesOther>
	<tw-gaap-ci:OtherLiabilities contextRef="AsOf20120331" decimals="-3" unitRef="TWD">121862000</tw-gaap-ci:OtherLiabilities>
	<tw-gaap-ci:OtherLiabilities contextRef="AsOf20110331" decimals="-3" unitRef="TWD">132717000</tw-gaap-ci:OtherLiabilities>
	<tw-gaap-ci:Liabilities contextRef="AsOf20120331" decimals="-3" unitRef="TWD">1328245000</tw-gaap-ci:Liabilities>
	<tw-gaap-ci:Liabilities contextRef="AsOf20110331" decimals="-3" unitRef="TWD">1267512000</tw-gaap-ci:Liabilities>
	<tw-gaap-ci:CommonStock contextRef="AsOf20120331" decimals="-3" unitRef="TWD">1509358000</tw-gaap-ci:CommonStock>
	<tw-gaap-ci:CommonStock contextRef="AsOf20110331" decimals="-3" unitRef="TWD">1499578000</tw-gaap-ci:CommonStock>
	<tw-gaap-ci:Capital contextRef="AsOf20120331" decimals="-3" unitRef="TWD">1509358000</tw-gaap-ci:Capital>
	<tw-gaap-ci:Capital contextRef="AsOf20110331" decimals="-3" unitRef="TWD">1499578000</tw-gaap-ci:Capital>
	<tw-gaap-ci:CapitalSurplusAdditionalPaidCapital contextRef="AsOf20120331" decimals="-3" unitRef="TWD">54354000</tw-gaap-ci:CapitalSurplusAdditionalPaidCapital>
	<tw-gaap-ci:CapitalSurplusAdditionalPaidCapital contextRef="AsOf20110331" decimals="-3" unitRef="TWD">49118000</tw-gaap-ci:CapitalSurplusAdditionalPaidCapital>
	<tw-gaap-ci:CapitalSurplusTreasuryStockTransactions contextRef="AsOf20120331" decimals="-3" unitRef="TWD">23801000</tw-gaap-ci:CapitalSurplusTreasuryStockTransactions>
	<tw-gaap-ci:CapitalSurplusTreasuryStockTransactions contextRef="AsOf20110331" decimals="-3" unitRef="TWD">23801000</tw-gaap-ci:CapitalSurplusTreasuryStockTransactions>
	<tw-gaap-ci:CapitalSurplusLongTermEquityInvestments contextRef="AsOf20120331" decimals="-3" unitRef="TWD">19129000</tw-gaap-ci:CapitalSurplusLongTermEquityInvestments>
	<tw-gaap-ci:CapitalSurplusLongTermEquityInvestments contextRef="AsOf20110331" decimals="-3" unitRef="TWD">25852000</tw-gaap-ci:CapitalSurplusLongTermEquityInvestments>
	<tw-gaap-ci:CapitalSurplusEmployeeStockOption contextRef="AsOf20120331" decimals="-3" unitRef="TWD">2345000</tw-gaap-ci:CapitalSurplusEmployeeStockOption>
	<tw-gaap-ci:CapitalSurplusEmployeeStockOption contextRef="AsOf20110331" decimals="-3" unitRef="TWD">0</tw-gaap-ci:CapitalSurplusEmployeeStockOption>
	<tw-gaap-ci:CapitalSurplusOther contextRef="AsOf20120331" decimals="-3" unitRef="TWD">23514000</tw-gaap-ci:CapitalSurplusOther>
	<tw-gaap-ci:CapitalSurplusOther contextRef="AsOf20110331" decimals="-3" unitRef="TWD">23514000</tw-gaap-ci:CapitalSurplusOther>
	<tw-gaap-ci:CapitalSurplus contextRef="AsOf20120331" decimals="-3" unitRef="TWD">123143000</tw-gaap-ci:CapitalSurplus>
	<tw-gaap-ci:CapitalSurplus contextRef="AsOf20110331" decimals="-3" unitRef="TWD">122285000</tw-gaap-ci:CapitalSurplus>
	<tw-gaap-ci:LegalReserve contextRef="AsOf20120331" decimals="-3" unitRef="TWD">221934000</tw-gaap-ci:LegalReserve>
	<tw-gaap-ci:LegalReserve contextRef="AsOf20110331" decimals="-3" unitRef="TWD">221342000</tw-gaap-ci:LegalReserve>
	<tw-gaap-ci:SpecialReserve contextRef="AsOf20120331" decimals="-3" unitRef="TWD">6854000</tw-gaap-ci:SpecialReserve>
	<tw-gaap-ci:SpecialReserve contextRef="AsOf20110331" decimals="-3" unitRef="TWD">0</tw-gaap-ci:SpecialReserve>
	<tw-gaap-ci:UnappropriatedRetainedEarnings contextRef="AsOf20120331" decimals="-3" unitRef="TWD">-172791000</tw-gaap-ci:UnappropriatedRetainedEarnings>
	<tw-gaap-ci:UnappropriatedRetainedEarnings contextRef="AsOf20110331" decimals="-3" unitRef="TWD">-93541000</tw-gaap-ci:UnappropriatedRetainedEarnings>
	<tw-gaap-ci:RetainedEarnings contextRef="AsOf20120331" decimals="-3" unitRef="TWD">55997000</tw-gaap-ci:RetainedEarnings>
	<tw-gaap-ci:RetainedEarnings contextRef="AsOf20110331" decimals="-3" unitRef="TWD">127801000</tw-gaap-ci:RetainedEarnings>
	<tw-gaap-ci:CumulativeTranslationAdjustments contextRef="AsOf20120331" decimals="-3" unitRef="TWD">-29872000</tw-gaap-ci:CumulativeTranslationAdjustments>
	<tw-gaap-ci:CumulativeTranslationAdjustments contextRef="AsOf20110331" decimals="-3" unitRef="TWD">-32414000</tw-gaap-ci:CumulativeTranslationAdjustments>
	<tw-gaap-ci:TreasuryStock contextRef="AsOf20120331" decimals="-3" unitRef="TWD">93631000</tw-gaap-ci:TreasuryStock>
	<tw-gaap-ci:TreasuryStock contextRef="AsOf20110331" decimals="-3" unitRef="TWD">93631000</tw-gaap-ci:TreasuryStock>
	<tw-gaap-ci:StockholdersEquitiesAdjustments contextRef="AsOf20120331" decimals="-3" unitRef="TWD">-123503000</tw-gaap-ci:StockholdersEquitiesAdjustments>
	<tw-gaap-ci:StockholdersEquitiesAdjustments contextRef="AsOf20110331" decimals="-3" unitRef="TWD">-126045000</tw-gaap-ci:StockholdersEquitiesAdjustments>
	<tw-gaap-ci:StockholdersEquities contextRef="AsOf20120331" decimals="-3" unitRef="TWD">1564995000</tw-gaap-ci:StockholdersEquities>
	<tw-gaap-ci:StockholdersEquities contextRef="AsOf20110331" decimals="-3" unitRef="TWD">1623619000</tw-gaap-ci:StockholdersEquities>
	<tw-gaap-ci:EquivalentSharesOutstandingAdvanceReceiptsCommonStock contextRef="AsOf20120331" decimals="0" unitRef="Shares">0</tw-gaap-ci:EquivalentSharesOutstandingAdvanceReceiptsCommonStock>
	<tw-gaap-ci:EquivalentSharesOutstandingAdvanceReceiptsCommonStock contextRef="AsOf20110331" decimals="0" unitRef="Shares">0</tw-gaap-ci:EquivalentSharesOutstandingAdvanceReceiptsCommonStock>
	<tw-gaap-ci:NumberTreasuryStockAcquiredCompanySubsidiaries contextRef="AsOf20120331" decimals="0" unitRef="Shares">3487000</tw-gaap-ci:NumberTreasuryStockAcquiredCompanySubsidiaries>
	<tw-gaap-ci:NumberTreasuryStockAcquiredCompanySubsidiaries contextRef="AsOf20110331" decimals="0" unitRef="Shares">3487000</tw-gaap-ci:NumberTreasuryStockAcquiredCompanySubsidiaries>
	<tw-gaap-ci:Sales contextRef="From20120101To20120331" decimals="-3" unitRef="TWD">412342000</tw-gaap-ci:Sales>
	<tw-gaap-ci:Sales contextRef="From20110101To20110331" decimals="-3" unitRef="TWD">274564000</tw-gaap-ci:Sales>
	<tw-gaap-ci:SalesReturns contextRef="From20120101To20120331" decimals="-3" unitRef="TWD">14495000</tw-gaap-ci:SalesReturns>
	<tw-gaap-ci:SalesReturns contextRef="From20110101To20110331" decimals="-3" unitRef="TWD">4349000</tw-gaap-ci:SalesReturns>
	<tw-gaap-ci:NetSales contextRef="From20120101To20120331" decimals="-3" unitRef="TWD">397847000</tw-gaap-ci:NetSales>
	<tw-gaap-ci:NetSales contextRef="From20110101To20110331" decimals="-3" unitRef="TWD">270215000</tw-gaap-ci:NetSales>
	<tw-gaap-ci:OperatingRevenue contextRef="From20120101To20120331" decimals="-3" unitRef="TWD">397847000</tw-gaap-ci:OperatingRevenue>
	<tw-gaap-ci:OperatingRevenue contextRef="From20110101To20110331" decimals="-3" unitRef="TWD">270215000</tw-gaap-ci:OperatingRevenue>
	<tw-gaap-ci:CostSales contextRef="From20120101To20120331" decimals="-3" unitRef="TWD">287201000</tw-gaap-ci:CostSales>
	<tw-gaap-ci:CostSales contextRef="From20110101To20110331" decimals="-3" unitRef="TWD">201327000</tw-gaap-ci:CostSales>
	<tw-gaap-ci:OperatingCosts contextRef="From20120101To20120331" decimals="-3" unitRef="TWD">287201000</tw-gaap-ci:OperatingCosts>
	<tw-gaap-ci:OperatingCosts contextRef="From20110101To20110331" decimals="-3" unitRef="TWD">201327000</tw-gaap-ci:OperatingCosts>
	<tw-gaap-ci:GrossProfitLossOperations contextRef="From20120101To20120331" decimals="-3" unitRef="TWD">110646000</tw-gaap-ci:GrossProfitLossOperations>
	<tw-gaap-ci:GrossProfitLossOperations contextRef="From20110101To20110331" decimals="-3" unitRef="TWD">68888000</tw-gaap-ci:GrossProfitLossOperations>
	<tw-gaap-ci:UnrealizedGainInterAffiliateAccounts contextRef="From20120101To20120331" decimals="-3" unitRef="TWD">3724000</tw-gaap-ci:UnrealizedGainInterAffiliateAccounts>
	<tw-gaap-ci:UnrealizedGainInterAffiliateAccounts contextRef="From20110101To20110331" decimals="-3" unitRef="TWD">2279000</tw-gaap-ci:UnrealizedGainInterAffiliateAccounts>
	<tw-gaap-ci:Sellingexpense contextRef="From20120101To20120331" decimals="-3" unitRef="TWD">14288000</tw-gaap-ci:Sellingexpense>
	<tw-gaap-ci:Sellingexpense contextRef="From20110101To20110331" decimals="-3" unitRef="TWD">15292000</tw-gaap-ci:Sellingexpense>
	<tw-gaap-ci:GeneralAdministrativeExpenses contextRef="From20120101To20120331" decimals="-3" unitRef="TWD">22676000</tw-gaap-ci:GeneralAdministrativeExpenses>
	<tw-gaap-ci:GeneralAdministrativeExpenses contextRef="From20110101To20110331" decimals="-3" unitRef="TWD">25088000</tw-gaap-ci:GeneralAdministrativeExpenses>
	<tw-gaap-ci:ResearchDevelopmentExpenses contextRef="From20120101To20120331" decimals="-3" unitRef="TWD">63256000</tw-gaap-ci:ResearchDevelopmentExpenses>
	<tw-gaap-ci:ResearchDevelopmentExpenses contextRef="From20110101To20110331" decimals="-3" unitRef="TWD">71797000</tw-gaap-ci:ResearchDevelopmentExpenses>
	<tw-gaap-ci:OperatingExpenses contextRef="From20120101To20120331" decimals="-3" unitRef="TWD">100220000</tw-gaap-ci:OperatingExpenses>
	<tw-gaap-ci:OperatingExpenses contextRef="From20110101To20110331" decimals="-3" unitRef="TWD">112177000</tw-gaap-ci:OperatingExpenses>
	<tw-gaap-ci:OperatingIncomeLoss contextRef="From20120101To20120331" decimals="-3" unitRef="TWD">6702000</tw-gaap-ci:OperatingIncomeLoss>
	<tw-gaap-ci:OperatingIncomeLoss contextRef="From20110101To20110331" decimals="-3" unitRef="TWD">-45568000</tw-gaap-ci:OperatingIncomeLoss>
	<tw-gaap-ci:InterestIncome contextRef="From20120101To20120331" decimals="-3" unitRef="TWD">707000</tw-gaap-ci:InterestIncome>
	<tw-gaap-ci:InterestIncome contextRef="From20110101To20110331" decimals="-3" unitRef="TWD">617000</tw-gaap-ci:InterestIncome>
	<tw-gaap-ci:InvestmentGainsRecognizedEquityMethod contextRef="From20120101To20120331" decimals="-3" unitRef="TWD">24767000</tw-gaap-ci:InvestmentGainsRecognizedEquityMethod>
	<tw-gaap-ci:InvestmentGainsRecognizedEquityMethod contextRef="From20110101To20110331" decimals="-3" unitRef="TWD">0</tw-gaap-ci:InvestmentGainsRecognizedEquityMethod>
	<tw-gaap-ci:InvestmentGains contextRef="From20120101To20120331" decimals="-3" unitRef="TWD">24767000</tw-gaap-ci:InvestmentGains>
	<tw-gaap-ci:InvestmentGains contextRef="From20110101To20110331" decimals="-3" unitRef="TWD">0</tw-gaap-ci:InvestmentGains>
	<tw-gaap-ci:ForeignExchangeGains contextRef="From20120101To20120331" decimals="-3" unitRef="TWD">0</tw-gaap-ci:ForeignExchangeGains>
	<tw-gaap-ci:ForeignExchangeGains contextRef="From20110101To20110331" decimals="-3" unitRef="TWD">12223000</tw-gaap-ci:ForeignExchangeGains>
	<tw-gaap-ci:RevaluationGainFinancialAssets contextRef="From20120101To20120331" decimals="-3" unitRef="TWD">1020000</tw-gaap-ci:RevaluationGainFinancialAssets>
	<tw-gaap-ci:RevaluationGainFinancialAssets contextRef="From20110101To20110331" decimals="-3" unitRef="TWD">0</tw-gaap-ci:RevaluationGainFinancialAssets>
	<tw-gaap-ci:MiscellaneousIncome contextRef="From20120101To20120331" decimals="-3" unitRef="TWD">580000</tw-gaap-ci:MiscellaneousIncome>
	<tw-gaap-ci:MiscellaneousIncome contextRef="From20110101To20110331" decimals="-3" unitRef="TWD">1641000</tw-gaap-ci:MiscellaneousIncome>
	<tw-gaap-ci:NonOperatingIncomeGains contextRef="From20120101To20120331" decimals="-3" unitRef="TWD">27074000</tw-gaap-ci:NonOperatingIncomeGains>
	<tw-gaap-ci:NonOperatingIncomeGains contextRef="From20110101To20110331" decimals="-3" unitRef="TWD">14481000</tw-gaap-ci:NonOperatingIncomeGains>
	<tw-gaap-ci:InterestExpense contextRef="From20120101To20120331" decimals="-3" unitRef="TWD">2944000</tw-gaap-ci:InterestExpense>
	<tw-gaap-ci:InterestExpense contextRef="From20110101To20110331" decimals="-3" unitRef="TWD">2688000</tw-gaap-ci:InterestExpense>
	<tw-gaap-ci:NonOperatingExpensesInvestmentLossRecognizedEquityMethod contextRef="From20120101To20120331" decimals="-3" unitRef="TWD">0</tw-gaap-ci:NonOperatingExpensesInvestmentLossRecognizedEquityMethod>
	<tw-gaap-ci:NonOperatingExpensesInvestmentLossRecognizedEquityMethod contextRef="From20110101To20110331" decimals="-3" unitRef="TWD">49959000</tw-gaap-ci:NonOperatingExpensesInvestmentLossRecognizedEquityMethod>
	<tw-gaap-ci:NonOperatingExpensesInvestmentLoss contextRef="From20120101To20120331" decimals="-3" unitRef="TWD">0</tw-gaap-ci:NonOperatingExpensesInvestmentLoss>
	<tw-gaap-ci:NonOperatingExpensesInvestmentLoss contextRef="From20110101To20110331" decimals="-3" unitRef="TWD">49959000</tw-gaap-ci:NonOperatingExpensesInvestmentLoss>
	<tw-gaap-ci:LossDisposalFixedAssets contextRef="From20120101To20120331" decimals="-3" unitRef="TWD">20000</tw-gaap-ci:LossDisposalFixedAssets>
	<tw-gaap-ci:LossDisposalFixedAssets contextRef="From20110101To20110331" decimals="-3" unitRef="TWD">0</tw-gaap-ci:LossDisposalFixedAssets>
	<tw-gaap-ci:ForeignExchangeLosses contextRef="From20120101To20120331" decimals="-3" unitRef="TWD">17719000</tw-gaap-ci:ForeignExchangeLosses>
	<tw-gaap-ci:ForeignExchangeLosses contextRef="From20110101To20110331" decimals="-3" unitRef="TWD">0</tw-gaap-ci:ForeignExchangeLosses>
	<tw-gaap-ci:RevaluationLossFinancialLiabilities contextRef="From20120101To20120331" decimals="-3" unitRef="TWD">0</tw-gaap-ci:RevaluationLossFinancialLiabilities>
	<tw-gaap-ci:RevaluationLossFinancialLiabilities contextRef="From20110101To20110331" decimals="-3" unitRef="TWD">6003000</tw-gaap-ci:RevaluationLossFinancialLiabilities>
	<tw-gaap-ci:MiscellaneousDisbursements contextRef="From20120101To20120331" decimals="-3" unitRef="TWD">672000</tw-gaap-ci:MiscellaneousDisbursements>
	<tw-gaap-ci:MiscellaneousDisbursements contextRef="From20110101To20110331" decimals="-3" unitRef="TWD">1095000</tw-gaap-ci:MiscellaneousDisbursements>
	<tw-gaap-ci:NonOperatingExpenses contextRef="From20120101To20120331" decimals="-3" unitRef="TWD">21355000</tw-gaap-ci:NonOperatingExpenses>
	<tw-gaap-ci:NonOperatingExpenses contextRef="From20110101To20110331" decimals="-3" unitRef="TWD">59745000</tw-gaap-ci:NonOperatingExpenses>
	<tw-gaap-ci:IncomeContinuingOperationsBeforeIncomeTax contextRef="From20120101To20120331" decimals="-3" unitRef="TWD">12421000</tw-gaap-ci:IncomeContinuingOperationsBeforeIncomeTax>
	<tw-gaap-ci:IncomeContinuingOperationsBeforeIncomeTax contextRef="From20110101To20110331" decimals="-3" unitRef="TWD">-90832000</tw-gaap-ci:IncomeContinuingOperationsBeforeIncomeTax>
	<tw-gaap-ci:IncomeTaxExpenseBenefit contextRef="From20120101To20120331" decimals="-3" unitRef="TWD">2022000</tw-gaap-ci:IncomeTaxExpenseBenefit>
	<tw-gaap-ci:IncomeTaxExpenseBenefit contextRef="From20110101To20110331" decimals="-3" unitRef="TWD">10155000</tw-gaap-ci:IncomeTaxExpenseBenefit>
	<tw-gaap-ci:IncomeContinuingOperations contextRef="From20120101To20120331" decimals="-3" unitRef="TWD">10399000</tw-gaap-ci:IncomeContinuingOperations>
	<tw-gaap-ci:IncomeContinuingOperations contextRef="From20110101To20110331" decimals="-3" unitRef="TWD">-100987000</tw-gaap-ci:IncomeContinuingOperations>
	<tw-gaap-ci:NetIncomeLoss contextRef="From20120101To20120331" decimals="-3" unitRef="TWD">10399000</tw-gaap-ci:NetIncomeLoss>
	<tw-gaap-ci:NetIncomeLoss contextRef="From20110101To20110331" decimals="-3" unitRef="TWD">-100987000</tw-gaap-ci:NetIncomeLoss>
	<tw-gaap-ci:PrimaryEarningsPerShare contextRef="From20120101To20120331" decimals="2" unitRef="TWD">0.07</tw-gaap-ci:PrimaryEarningsPerShare>
	<tw-gaap-ci:PrimaryEarningsPerShare contextRef="From20110101To20110331" decimals="2" unitRef="TWD">-0.70</tw-gaap-ci:PrimaryEarningsPerShare>
	<tw-gaap-ci:DilutedEarningsPerShare contextRef="From20120101To20120331" decimals="2" unitRef="TWD">0.06</tw-gaap-ci:DilutedEarningsPerShare>
	<tw-gaap-ci:DilutedEarningsPerShare contextRef="From20110101To20110331" decimals="2" unitRef="TWD">-0.70</tw-gaap-ci:DilutedEarningsPerShare>
	<tw-gaap-ci:NetIncomeLoss_StatementCashFlows contextRef="From20120101To20120331" decimals="-3" unitRef="TWD">10399000</tw-gaap-ci:NetIncomeLoss_StatementCashFlows>
	<tw-gaap-ci:NetIncomeLoss_StatementCashFlows contextRef="From20110101To20110331" decimals="-3" unitRef="TWD">-100987000</tw-gaap-ci:NetIncomeLoss_StatementCashFlows>
	<tw-gaap-ci:DepreciationExpense-Operating contextRef="From20120101To20120331" decimals="-3" unitRef="TWD">9775000</tw-gaap-ci:DepreciationExpense-Operating>
	<tw-gaap-ci:DepreciationExpense-Operating contextRef="From20110101To20110331" decimals="-3" unitRef="TWD">11859000</tw-gaap-ci:DepreciationExpense-Operating>
	<tw-gaap-ci:AmortizationExpense-Operating contextRef="From20120101To20120331" decimals="-3" unitRef="TWD">10650000</tw-gaap-ci:AmortizationExpense-Operating>
	<tw-gaap-ci:AmortizationExpense-Operating contextRef="From20110101To20110331" decimals="-3" unitRef="TWD">10273000</tw-gaap-ci:AmortizationExpense-Operating>
	<tw-gaap-ci:Stock-basedPaymentCompensationCost contextRef="From20120101To20120331" decimals="-3" unitRef="TWD">897000</tw-gaap-ci:Stock-basedPaymentCompensationCost>
	<tw-gaap-ci:Stock-basedPaymentCompensationCost contextRef="From20110101To20110331" decimals="-3" unitRef="TWD">404000</tw-gaap-ci:Stock-basedPaymentCompensationCost>
	<tw-gaap-ci:AmortizationDiscountsPremiumsBondsPayable contextRef="From20120101To20120331" decimals="-3" unitRef="TWD">1636000</tw-gaap-ci:AmortizationDiscountsPremiumsBondsPayable>
	<tw-gaap-ci:AmortizationDiscountsPremiumsBondsPayable contextRef="From20110101To20110331" decimals="-3" unitRef="TWD">1078000</tw-gaap-ci:AmortizationDiscountsPremiumsBondsPayable>
	<tw-gaap-ci:InvestmentLossIncomeRecognizedEquityMethod contextRef="From20120101To20120331" decimals="-3" unitRef="TWD">-24767000</tw-gaap-ci:InvestmentLossIncomeRecognizedEquityMethod>
	<tw-gaap-ci:InvestmentLossIncomeRecognizedEquityMethod contextRef="From20110101To20110331" decimals="-3" unitRef="TWD">49959000</tw-gaap-ci:InvestmentLossIncomeRecognizedEquityMethod>
	<tw-gaap-ci:GainLossDisposalScrappingFixedAssets contextRef="From20120101To20120331" decimals="-3" unitRef="TWD">20000</tw-gaap-ci:GainLossDisposalScrappingFixedAssets>
	<tw-gaap-ci:GainLossDisposalScrappingFixedAssets contextRef="From20110101To20110331" decimals="-3" unitRef="TWD">0</tw-gaap-ci:GainLossDisposalScrappingFixedAssets>
	<tw-gaap-ci:FixedAssetsTransferredExpenses contextRef="From20120101To20120331" decimals="-3" unitRef="TWD">112000</tw-gaap-ci:FixedAssetsTransferredExpenses>
	<tw-gaap-ci:FixedAssetsTransferredExpenses contextRef="From20110101To20110331" decimals="-3" unitRef="TWD">0</tw-gaap-ci:FixedAssetsTransferredExpenses>
	<tw-gaap-ci:UnrealizedRevaluationGainFinancialAssetsLiabilities contextRef="From20120101To20120331" decimals="-3" unitRef="TWD">-1020000</tw-gaap-ci:UnrealizedRevaluationGainFinancialAssetsLiabilities>
	<tw-gaap-ci:UnrealizedRevaluationGainFinancialAssetsLiabilities contextRef="From20110101To20110331" decimals="-3" unitRef="TWD">6003000</tw-gaap-ci:UnrealizedRevaluationGainFinancialAssetsLiabilities>
	<tw-gaap-ci:UnrealizedGainInteraffiliateAccounts_StatementCashFlows contextRef="From20120101To20120331" decimals="-3" unitRef="TWD">3724000</tw-gaap-ci:UnrealizedGainInteraffiliateAccounts_StatementCashFlows>
	<tw-gaap-ci:UnrealizedGainInteraffiliateAccounts_StatementCashFlows contextRef="From20110101To20110331" decimals="-3" unitRef="TWD">2279000</tw-gaap-ci:UnrealizedGainInteraffiliateAccounts_StatementCashFlows>
	<tw-gaap-ci:AdjustmentsReconcileNetIncomeNetCashProvidedUsedOperatingActivities contextRef="From20120101To20120331" decimals="-3" unitRef="TWD">1027000</tw-gaap-ci:AdjustmentsReconcileNetIncomeNetCashProvidedUsedOperatingActivities>
	<tw-gaap-ci:AdjustmentsReconcileNetIncomeNetCashProvidedUsedOperatingActivities contextRef="From20110101To20110331" decimals="-3" unitRef="TWD">81855000</tw-gaap-ci:AdjustmentsReconcileNetIncomeNetCashProvidedUsedOperatingActivities>
	<tw-gaap-ci:ChangesAccountsReceivable contextRef="From20120101To20120331" decimals="-3" unitRef="TWD">20696000</tw-gaap-ci:ChangesAccountsReceivable>
	<tw-gaap-ci:ChangesAccountsReceivable contextRef="From20110101To20110331" decimals="-3" unitRef="TWD">29256000</tw-gaap-ci:ChangesAccountsReceivable>
	<tw-gaap-ci:ChangesAccountsReceivableRelatedParties contextRef="From20120101To20120331" decimals="-3" unitRef="TWD">55821000</tw-gaap-ci:ChangesAccountsReceivableRelatedParties>
	<tw-gaap-ci:ChangesAccountsReceivableRelatedParties contextRef="From20110101To20110331" decimals="-3" unitRef="TWD">42072000</tw-gaap-ci:ChangesAccountsReceivableRelatedParties>
	<tw-gaap-ci:ChangesOtherReceivableRelatedParties contextRef="From20120101To20120331" decimals="-3" unitRef="TWD">237000</tw-gaap-ci:ChangesOtherReceivableRelatedParties>
	<tw-gaap-ci:ChangesOtherReceivableRelatedParties contextRef="From20110101To20110331" decimals="-3" unitRef="TWD">-168971000</tw-gaap-ci:ChangesOtherReceivableRelatedParties>
	<tw-gaap-ci:ChangesInventories contextRef="From20120101To20120331" decimals="-3" unitRef="TWD">34302000</tw-gaap-ci:ChangesInventories>
	<tw-gaap-ci:ChangesInventories contextRef="From20110101To20110331" decimals="-3" unitRef="TWD">-38229000</tw-gaap-ci:ChangesInventories>
	<tw-gaap-ci:ChangesOtherPrepayments contextRef="From20120101To20120331" decimals="-3" unitRef="TWD">90000</tw-gaap-ci:ChangesOtherPrepayments>
	<tw-gaap-ci:ChangesOtherPrepayments contextRef="From20110101To20110331" decimals="-3" unitRef="TWD">-5785000</tw-gaap-ci:ChangesOtherPrepayments>
	<tw-gaap-ci:ChangesDeferredTaxAssets contextRef="From20120101To20120331" decimals="-3" unitRef="TWD">1831000</tw-gaap-ci:ChangesDeferredTaxAssets>
	<tw-gaap-ci:ChangesDeferredTaxAssets contextRef="From20110101To20110331" decimals="-3" unitRef="TWD">10129000</tw-gaap-ci:ChangesDeferredTaxAssets>
	<tw-gaap-ci:ChangesOperatingAssets contextRef="From20120101To20120331" decimals="-3" unitRef="TWD">112977000</tw-gaap-ci:ChangesOperatingAssets>
	<tw-gaap-ci:ChangesOperatingAssets contextRef="From20110101To20110331" decimals="-3" unitRef="TWD">-131528000</tw-gaap-ci:ChangesOperatingAssets>
	<tw-gaap-ci:ChangesAccountsPayable contextRef="From20120101To20120331" decimals="-3" unitRef="TWD">-75002000</tw-gaap-ci:ChangesAccountsPayable>
	<tw-gaap-ci:ChangesAccountsPayable contextRef="From20110101To20110331" decimals="-3" unitRef="TWD">-60458000</tw-gaap-ci:ChangesAccountsPayable>
	<tw-gaap-ci:ChangesIncomeTaxPayable contextRef="From20120101To20120331" decimals="-3" unitRef="TWD">191000</tw-gaap-ci:ChangesIncomeTaxPayable>
	<tw-gaap-ci:ChangesIncomeTaxPayable contextRef="From20110101To20110331" decimals="-3" unitRef="TWD">0</tw-gaap-ci:ChangesIncomeTaxPayable>
	<tw-gaap-ci:ChangesAccruedExpenses contextRef="From20120101To20120331" decimals="-3" unitRef="TWD">-20444000</tw-gaap-ci:ChangesAccruedExpenses>
	<tw-gaap-ci:ChangesAccruedExpenses contextRef="From20110101To20110331" decimals="-3" unitRef="TWD">-14914000</tw-gaap-ci:ChangesAccruedExpenses>
	<tw-gaap-ci:ChangesAccruedPensionLiabilities contextRef="From20120101To20120331" decimals="-3" unitRef="TWD">295000</tw-gaap-ci:ChangesAccruedPensionLiabilities>
	<tw-gaap-ci:ChangesAccruedPensionLiabilities contextRef="From20110101To20110331" decimals="-3" unitRef="TWD">199000</tw-gaap-ci:ChangesAccruedPensionLiabilities>
	<tw-gaap-ci:ChangesOperatingLiabilities contextRef="From20120101To20120331" decimals="-3" unitRef="TWD">-94960000</tw-gaap-ci:ChangesOperatingLiabilities>
	<tw-gaap-ci:ChangesOperatingLiabilities contextRef="From20110101To20110331" decimals="-3" unitRef="TWD">-75173000</tw-gaap-ci:ChangesOperatingLiabilities>
	<tw-gaap-ci:ChangesOperatingAssetsLiabilities contextRef="From20120101To20120331" decimals="-3" unitRef="TWD">18017000</tw-gaap-ci:ChangesOperatingAssetsLiabilities>
	<tw-gaap-ci:ChangesOperatingAssetsLiabilities contextRef="From20110101To20110331" decimals="-3" unitRef="TWD">-206701000</tw-gaap-ci:ChangesOperatingAssetsLiabilities>
	<tw-gaap-ci:NetCashProvidedUsedOperatingActivities contextRef="From20120101To20120331" decimals="-3" unitRef="TWD">29443000</tw-gaap-ci:NetCashProvidedUsedOperatingActivities>
	<tw-gaap-ci:NetCashProvidedUsedOperatingActivities contextRef="From20110101To20110331" decimals="-3" unitRef="TWD">-225833000</tw-gaap-ci:NetCashProvidedUsedOperatingActivities>
	<tw-gaap-ci:AcquisitionPropertyPlantEquipment contextRef="From20120101To20120331" decimals="-3" unitRef="TWD">-5013000</tw-gaap-ci:AcquisitionPropertyPlantEquipment>
	<tw-gaap-ci:AcquisitionPropertyPlantEquipment contextRef="From20110101To20110331" decimals="-3" unitRef="TWD">-16369000</tw-gaap-ci:AcquisitionPropertyPlantEquipment>
	<tw-gaap-ci:ChangesRefundableDeposits contextRef="From20120101To20120331" decimals="-3" unitRef="TWD">0</tw-gaap-ci:ChangesRefundableDeposits>
	<tw-gaap-ci:ChangesRefundableDeposits contextRef="From20110101To20110331" decimals="-3" unitRef="TWD">16000</tw-gaap-ci:ChangesRefundableDeposits>
	<tw-gaap-ci:IncreaseDeferredCharges contextRef="From20120101To20120331" decimals="-3" unitRef="TWD">0</tw-gaap-ci:IncreaseDeferredCharges>
	<tw-gaap-ci:IncreaseDeferredCharges contextRef="From20110101To20110331" decimals="-3" unitRef="TWD">-363000</tw-gaap-ci:IncreaseDeferredCharges>
	<tw-gaap-ci:ChangesRestrictedAssets contextRef="From20120101To20120331" decimals="-3" unitRef="TWD">122000</tw-gaap-ci:ChangesRestrictedAssets>
	<tw-gaap-ci:ChangesRestrictedAssets contextRef="From20110101To20110331" decimals="-3" unitRef="TWD">194826000</tw-gaap-ci:ChangesRestrictedAssets>
	<tw-gaap-ci:NetCashProvidedUsedInvestingActivities contextRef="From20120101To20120331" decimals="-3" unitRef="TWD">-4891000</tw-gaap-ci:NetCashProvidedUsedInvestingActivities>
	<tw-gaap-ci:NetCashProvidedUsedInvestingActivities contextRef="From20110101To20110331" decimals="-3" unitRef="TWD">178110000</tw-gaap-ci:NetCashProvidedUsedInvestingActivities>
	<tw-gaap-ci:ChangesShortTermLoans contextRef="From20120101To20120331" decimals="-3" unitRef="TWD">90285000</tw-gaap-ci:ChangesShortTermLoans>
	<tw-gaap-ci:ChangesShortTermLoans contextRef="From20110101To20110331" decimals="-3" unitRef="TWD">-768900000</tw-gaap-ci:ChangesShortTermLoans>
	<tw-gaap-ci:BondsProceed contextRef="From20120101To20120331" decimals="-3" unitRef="TWD">0</tw-gaap-ci:BondsProceed>
	<tw-gaap-ci:BondsProceed contextRef="From20110101To20110331" decimals="-3" unitRef="TWD">595000000</tw-gaap-ci:BondsProceed>
	<tw-gaap-ci:EmployeeStockOptionsExercised contextRef="From20120101To20120331" decimals="-3" unitRef="TWD">510000</tw-gaap-ci:EmployeeStockOptionsExercised>
	<tw-gaap-ci:EmployeeStockOptionsExercised contextRef="From20110101To20110331" decimals="-3" unitRef="TWD">20111000</tw-gaap-ci:EmployeeStockOptionsExercised>
	<tw-gaap-ci:ProceedsDisposalTreasuryStock contextRef="From20120101To20120331" decimals="-3" unitRef="TWD">0</tw-gaap-ci:ProceedsDisposalTreasuryStock>
	<tw-gaap-ci:ProceedsDisposalTreasuryStock contextRef="From20110101To20110331" decimals="-3" unitRef="TWD">60471000</tw-gaap-ci:ProceedsDisposalTreasuryStock>
	<tw-gaap-ci:NetCashProvidedUsedFinancingActivities contextRef="From20120101To20120331" decimals="-3" unitRef="TWD">90795000</tw-gaap-ci:NetCashProvidedUsedFinancingActivities>
	<tw-gaap-ci:NetCashProvidedUsedFinancingActivities contextRef="From20110101To20110331" decimals="-3" unitRef="TWD">-93318000</tw-gaap-ci:NetCashProvidedUsedFinancingActivities>
	<tw-gaap-ci:NetChangesCashCashEquivalents contextRef="From20120101To20120331" decimals="-3" unitRef="TWD">115347000</tw-gaap-ci:NetChangesCashCashEquivalents>
	<tw-gaap-ci:NetChangesCashCashEquivalents contextRef="From20110101To20110331" decimals="-3" unitRef="TWD">-141041000</tw-gaap-ci:NetChangesCashCashEquivalents>
	<tw-gaap-ci:CashCashEquivalents contextRef="AsOf20120101" decimals="-3" unitRef="TWD">120917000</tw-gaap-ci:CashCashEquivalents>
	<tw-gaap-ci:CashCashEquivalents contextRef="AsOf20110101" decimals="-3" unitRef="TWD">215153000</tw-gaap-ci:CashCashEquivalents>
	<tw-gaap-ci:InterestPaid contextRef="From20120101To20120331" decimals="-3" unitRef="TWD">1210000</tw-gaap-ci:InterestPaid>
	<tw-gaap-ci:InterestPaid contextRef="From20110101To20110331" decimals="-3" unitRef="TWD">2718000</tw-gaap-ci:InterestPaid>
	<tw-gaap-ci:InterestPaidExcludingCapitalizedInterest contextRef="From20120101To20120331" decimals="-3" unitRef="TWD">1210000</tw-gaap-ci:InterestPaidExcludingCapitalizedInterest>
	<tw-gaap-ci:InterestPaidExcludingCapitalizedInterest contextRef="From20110101To20110331" decimals="-3" unitRef="TWD">2718000</tw-gaap-ci:InterestPaidExcludingCapitalizedInterest>
	<tw-gaap-ci:IncomeTaxPaid contextRef="From20120101To20120331" decimals="-3" unitRef="TWD">49000</tw-gaap-ci:IncomeTaxPaid>
	<tw-gaap-ci:IncomeTaxPaid contextRef="From20110101To20110331" decimals="-3" unitRef="TWD">123000</tw-gaap-ci:IncomeTaxPaid>
	<tw-gaap-ci:CurrentPortionLong-termLiability contextRef="From20120101To20120331" decimals="-3" unitRef="TWD">587867000</tw-gaap-ci:CurrentPortionLong-termLiability>
	<tw-gaap-ci:CurrentPortionLong-termLiability contextRef="From20110101To20110331" decimals="-3" unitRef="TWD">0</tw-gaap-ci:CurrentPortionLong-termLiability>
	<tw-gaap-ci:InventoriesTransferredFixedAssets contextRef="From20120101To20120331" decimals="-3" unitRef="TWD">33000</tw-gaap-ci:InventoriesTransferredFixedAssets>
	<tw-gaap-ci:InventoriesTransferredFixedAssets contextRef="From20110101To20110331" decimals="-3" unitRef="TWD">416000</tw-gaap-ci:InventoriesTransferredFixedAssets>
	<tw-gaap-ci:AccountsReceivableRelatedPartiesTransferredInvestments contextRef="From20120101To20120331" decimals="-3" unitRef="TWD">20847000</tw-gaap-ci:AccountsReceivableRelatedPartiesTransferredInvestments>
	<tw-gaap-ci:AccountsReceivableRelatedPartiesTransferredInvestments contextRef="From20110101To20110331" decimals="-3" unitRef="TWD">13435000</tw-gaap-ci:AccountsReceivableRelatedPartiesTransferredInvestments>
	<tw-gaap-ci:IncreasePropertyPlantEquipment contextRef="From20120101To20120331" decimals="-3" unitRef="TWD">3702000</tw-gaap-ci:IncreasePropertyPlantEquipment>
	<tw-gaap-ci:IncreasePropertyPlantEquipment contextRef="From20110101To20110331" decimals="-3" unitRef="TWD">6414000</tw-gaap-ci:IncreasePropertyPlantEquipment>
	<tw-gaap-ci:ChangesPayableEquipmentPurchased contextRef="From20120101To20120331" decimals="-3" unitRef="TWD">1311000</tw-gaap-ci:ChangesPayableEquipmentPurchased>
	<tw-gaap-ci:ChangesPayableEquipmentPurchased contextRef="From20110101To20110331" decimals="-3" unitRef="TWD">9955000</tw-gaap-ci:ChangesPayableEquipmentPurchased>
	<tw-gaap-ci:CashPaidAcquisitionPropertyPlantEquipment contextRef="From20120101To20120331" decimals="-3" unitRef="TWD">5013000</tw-gaap-ci:CashPaidAcquisitionPropertyPlantEquipment>
	<tw-gaap-ci:CashPaidAcquisitionPropertyPlantEquipment contextRef="From20110101To20110331" decimals="-3" unitRef="TWD">16369000</tw-gaap-ci:CashPaidAcquisitionPropertyPlantEquipment>
	<tw-gaap-ar:AccountantName contextRef="AsOf20120425">勤業眾信聯合會計師事務所</tw-gaap-ar:AccountantName>
	<tw-gaap-ar:AssuranceAccountantName1 contextRef="AsOf20120425">黃裕峰</tw-gaap-ar:AssuranceAccountantName1>
	<tw-gaap-ar:AssuranceAccountantName2 contextRef="AsOf20120425">黃鴻文</tw-gaap-ar:AssuranceAccountantName2>
	<tw-gaap-ar:ReviewAuditDate contextRef="AsOf20120425">2012-04-25</tw-gaap-ar:ReviewAuditDate>
	<tw-gaap-ar:ReviewReport contextRef="AsOf20120425">Y</tw-gaap-ar:ReviewReport>
	<tw-gaap-ar:QualifiedOpinionAbstract contextRef="AsOf20120425">Y</tw-gaap-ar:QualifiedOpinionAbstract>
	<tw-gaap-ar:ByInvestmentCompaniesWithoutAccountantAuditReportRecognizedGainLoss contextRef="AsOf20120425">Y</tw-gaap-ar:ByInvestmentCompaniesWithoutAccountantAuditReportRecognizedGainLoss>
	<tw-gaap-ar:DescriptionEmphasizeItemBody contextRef="AsOf20120425"><![CDATA[]]></tw-gaap-ar:DescriptionEmphasizeItemBody>
	<tw-gaap-ar:DescriptionOtherItemBody contextRef="AsOf20120425"><![CDATA[]]></tw-gaap-ar:DescriptionOtherItemBody>
	<tw-gaap-ar:AccountantsReportBody contextRef="AsOf20120425"><![CDATA[會計師核閱報告


喬鼎資訊股份有限公司　公鑒：

　　喬鼎資訊股份有限公司民國一○一年及一○○年三月三十一日之資產負債
表，暨民國一○一年及一○○年一月一日至三月三十一日之損益表及現金流量
表，業經本會計師核閱竣事。上開財務報表之編製係管理階層之責任，本會計師
之責任則為根據核閱結果出具報告。
　　除下段所述者外，本會計師係依照審計準則公報第三十六號「財務報表之核
閱」規劃並執行核閱工作。由於本會計師僅實施分析、比較與查詢，並未依照一
般公認審計準則查核，因是無法對上開財務報表之整體表示查核意見。
　　如財務報表附註七所述，喬鼎資訊股份有限公司民國一○一年及一○○年三
月三十一日採權益法之長期股權投資餘額分別計新台幣（以下同）459,844仟元
及454,955仟元，一○一年及一○○年三月三十一日長期股權投資貸餘分別計
20,847仟元及13,435仟元暨其第一季之投資淨益（損）分別計24,767仟元及
(49,959)仟元，暨財務報表附註二二附註揭露事項所述轉投資事業之相關資訊，
係依據被投資公司同期間未經會計師核閱之財務報表認列與揭露。
　　依本會計師核閱結果，除上段所述採權益法認列之長期股權投資及其有關投
資損益暨轉投資事業之相關資訊，係依據未經會計師核閱之財務報表認列與揭
露，倘該等被投資公司財務報表經會計師核閱而有所調整時，對於民國一○一及
一○○年第一季財務報表之可能影響外，並未發現第一段所述財務報表在所有重
大方面有違反證券發行人財務報告編製準則、商業會計法、商業會計處理準則中
與財務會計準則相關之規定暨一般公認會計原則而須作修正之情事。

勤業眾信聯合會計師事務所
會 計 師　　黃　　裕　　峰　　　　　　  會 計 師　　黃　　鴻　　文　　　　


財政部證券暨期貨管理委員會核准文號　　財政部證券暨期貨管理委員會核准文號
　台財證六字第0920123784號　　　　　  　台財證六字第0920123784號　　　　


中　　　華　　　民　　　國　　一○一　　年　　四　　月　　二十五　　日

]]></tw-gaap-ar:AccountantsReportBody>
	<tw-gaap-notes:FinancialReportNotes contextRef="From20120101To20120331"><![CDATA[http://doc.twse.com.tw/server-java/t57sb01?step=1&colorchg=1&co_id=3057&year=101&seamon=1&mtype=A&]]></tw-gaap-notes:FinancialReportNotes>
	<tw-gaap-notes:OrganizationAndOperations contextRef="From20120101To20120331"><![CDATA[　　本公司於八十年二月二十七日成立於新竹科學工業園區，並於八
十年五月七日取得園區事業登記證開始營業。本公司主要業務為有線
及無線通信機械器材製造業、研究開發、生產、製造、銷售電腦儲存
設備高效能控制卡及系統、電腦高效能網路及圖型系統、多媒體軟硬
體套件及系統、電腦電話整合技術相關產品，暨前項產品之管理、顧
問、諮詢、技術移轉等業務，及相關之進出口貿易業務。
　　本公司股票自九十一年十二月十八日於台灣證券交易所上市買
賣。
　　截至一○一年及一○○年三月底止，本公司員工人數分別為272
人及281人。


]]></tw-gaap-notes:OrganizationAndOperations>
	<tw-gaap-notes:StatementOfFinancialStatementsPreparedInAccordanceWithRelatedRegulationsAndGenerallyAcceptedAccountingPrinciples contextRef="From20120101To20120331"><![CDATA[　　本財務報表係依照證券發行人財務報告編製準則、商業會計法、
商業會計處理準則及一般公認會計原則編製。重要會計政策彙總說明
如下：

]]></tw-gaap-notes:StatementOfFinancialStatementsPreparedInAccordanceWithRelatedRegulationsAndGenerallyAcceptedAccountingPrinciples>
	<tw-gaap-notes:ForeignCurrencyTransactionsAndTranslationOfForeignCurrencyFinancialStatements contextRef="From20120101To20120331"><![CDATA[　　非衍生性商品之外幣交易所產生之各項外幣資產、負債、收入
或費用，按交易日之即期匯率折算新台幣金額入帳。外幣資產及負
債實際收付結清時所產生之兌換差額，作為當期損益。
　　資產負債表日之外幣貨幣性資產或負債，按該日即期匯率予以
調整，兌換差額列為當期損益。
　　外幣長期投資採權益法評價者，以被投資公司之外幣財務報表
換算後所得之股東權益做為依據，兌換差額列入累積換算調整數，
作為股東權益之調整項目。
　　前述即期匯率係以主要往來銀行之中價為評價基礎。

]]></tw-gaap-notes:ForeignCurrencyTransactionsAndTranslationOfForeignCurrencyFinancialStatements>
	<tw-gaap-notes:UseOfEstimates contextRef="From20120101To20120331"><![CDATA[　　依照前述準則、法令及原則編製財務報表時，本公司對於提列
存貨損失、固定資產折舊、無形資產攤銷、所得稅、退休金暨員工
分紅及董監事酬勞等之提列，必須使用合理之估計金額，因估計涉
及判斷，實際結果可能有所差異。

]]></tw-gaap-notes:UseOfEstimates>
	<tw-gaap-notes:ClassificationOfCurrentAndNoncurrentAssetsAndLiabilities contextRef="From20120101To20120331"><![CDATA[　　流動資產包括現金、主要為交易目的而持有之資產，以及預期
於資產負債表日後一年內變現之資產；固定資產、無形資產及其他
不屬於流動資產之資產為非流動資產。流動負債包括主要為交易目
的而發生之負債，以及須於資產負債表日後一年內清償之負債，負
債不屬於流動負債者為非流動負債。

]]></tw-gaap-notes:ClassificationOfCurrentAndNoncurrentAssetsAndLiabilities>
	<tw-gaap-notes:FinancialAssetsAndLiabilitiesAtFairValueThroughProfitOrLoss contextRef="From20120101To20120331"><![CDATA[　　公平價值變動列入損益之金融商品包括交易目的之金融資產或
金融負債。本公司成為金融商品合約之一方時，認列金融資產或金
融負債；對於合約權利喪失控制時，除列金融資產；於合約規定之
義務解除、取消或到期而使金融負債消滅時，除列金融負債。
　　原始認列時，係以公平價值衡量，交易成本列為當期費用，續
後評價時，以公平價值衡量且公平價值變動認列為當期損益。金融
商品除列時，出售所得價款或支付金額與帳面價值之差額，計入當
期損益。依慣例交易購買或出售金融資產時，採用交易日會計處理。
　　衍生性商品未能符合避險會計者，係分類為交易目的之金融資
產或金融負債。公平價值為正值時，列為金融資產；公平價值為負
值時，列為金融負債。
　　公平價值之基礎：無活絡市場之金融商品，以評價方法估計公
平價值。

]]></tw-gaap-notes:FinancialAssetsAndLiabilitiesAtFairValueThroughProfitOrLoss>
	<tw-gaap-notes:NotesAndAccountsReceivableOtherReceivable contextRef="From20120101To20120331"><![CDATA[　　備抵呆帳係按應收款項之收回可能性評估提列。本公司係依據
對客戶之應收帳款帳齡分析，定期評估應收帳款之收回可能性。如
附註三所述，本公司自一○○年一月一日起採用新修訂之財務會計
準則公報第三十四號「金融商品之會計處理準則」第三次修訂條文，
修訂條文將原始產生之應收款納入適用範圍，故本公司對於應收款
項係於每一資產負債表日評估其減損跡象，當有客觀證據顯示，因
應收款項原始認列後發生之單一或多項事件，致使應收款項之估計
未來現金流量受影響者，該應收款項則視為已減損，按應收款項金
額百分之百提列。相關客觀減損證據如：客戶出現財務困難；或客
戶很有可能倒閉或進行財務重整；或客戶發生延遲付款情形；或客
戶債權發生展延還本付息情事；或客戶之最終客戶發生顯著財務困
難；或客戶因財務困難或其他因素而使其金融資產無法在活絡市場
中繼續交易。

]]></tw-gaap-notes:NotesAndAccountsReceivableOtherReceivable>
	<tw-gaap-notes:Inventories contextRef="From20120101To20120331"><![CDATA[　　存貨包括原料、製成品及在製品，係以成本與淨變現價值孰低
法評價，比較成本與淨變現價值時除同類別存貨外係以個別項目為
基礎。淨變現價值係指在正常情況下之估計售價減除至完工尚需投
入之成本及銷售費用後之餘額。存貨成本之計算採用加權平均法。

]]></tw-gaap-notes:Inventories>
	<tw-gaap-notes:LongTermInvestmentsUnderEquityMethod contextRef="From20120101To20120331"><![CDATA[　　本公司對被投資公司持有表決權股份達百分之二十以上或具有
重大影響力者，採用權益法評價。以投資成本加（減）按持股比例
認列被投資公司之純益（純損）計算。被投資公司發生純益（純損）
時，認列投資利益（損失），發放現金股利時則作為投資成本減項。
取得股權時，先將投資成本予以分析處理，投資成本超過可辨認淨
資產公平價值部分列為商譽，商譽不予攤銷。若可辨認淨資產公平
價值超過投資成本，則其差額就各非流動資產公平價值等比例減少
之，仍有差額時列為非常損益。
　　被投資公司發行新股時，若未按持股比例認購，致使投資比例
發生變動，因而使所投資之股權淨值發生增減者，其增減數調整「資
本公積」及「長期股權投資」。前述調整如應借記「資本公積」，而
帳上由長期股權投資所產生之資本公積餘額不足時，其差額應借記
「保留盈餘」。如被投資公司非屬股本及保留盈餘之股東權益發生增
減，應將增減數按持股股份比例調整「長期股權投資」及長期股權
投資所產生之其他股東權益調整項目。
　　本公司對於已達控制能力之被投資公司，若因認列其虧損致使
對該被投資公司之長期投資帳面餘額為負數時，除被投資公司之其
他股東有義務並能夠提出額外資金承擔其損失者外，本公司全額吸
收超過該被投資公司股東原有權益之損失金額，若該被投資公司日
後獲利，則該利益先歸屬至本公司，直至原多承擔之損失完全回復
為止。被投資公司帳面價值發生貸方餘額時，在資產負債表中列為
其他應收關係人款項減項或負債。
　　於資產負債表日評估是否有減損跡象，若有客觀證據顯示業已
減損，就其減損部分認列損失；對具控制能力之長期股權投資，係
以合併財務報表整體考量現金產生單位，予以評估。
　　本公司與採權益法評價之被投資公司間順流交易所產生之未實
現利益按持股比例予以銷除；若本公司對被投資公司具控制能力
者，則全數予以銷除，俟實現年度始予認列。
　　本公司與採權益法評價之被投資公司間逆流交易所產生之未實
現利益，皆按投資公司之持股比例予以銷除。
　　採權益法評價之被投資公司間側流交易所產生之未實現損益，
皆按本公司對產生損益之被投資公司之約當持股比例予以銷除。

]]></tw-gaap-notes:LongTermInvestmentsUnderEquityMethod>
	<tw-gaap-notes:PropertyPlantAndEquipmentAssetsLeasedToOthersAndIdleAssets contextRef="From20120101To20120331"><![CDATA[　　固定資產係按成本減累計折舊計價。重大改良及更新作為資本
支出；修理及維護支出則作為當期費用。
　　倘固定資產以其相關可回收金額衡量帳面價值有重大減損時，
就其減損部分認列損失。嗣後若固定資產可回收金額增加時，將減
損損失之迴轉認列為利益，惟固定資產於減損損失迴轉後之帳面價
值，不得超過該項資產在未認列減損損失之情況下，減除應提列折
舊後之帳面價值。
　　研發及生產設備之折舊係以定率遞減法按二至三年提列，其餘
按平均法依下列耐用年數計算提列：房屋及建築，五至五十年；生
財器具，二至五年；運輸設備，五年；租賃改良，一至十年。耐用
年數屆滿仍繼續使用之資產，則就其殘值按重行估計可使用年數繼
續提列折舊。
　　資產出售或報廢時，其相關成本及累計折舊均自帳上予以減
除，處分資產利益或損失，則依其性質列為當期之營業外收入及利
益或費用及損失。

]]></tw-gaap-notes:PropertyPlantAndEquipmentAssetsLeasedToOthersAndIdleAssets>
	<tw-gaap-notes:IntangibleAssets contextRef="From20120101To20120331"><![CDATA[　　研究階段之支出於發生時認列為費用；發展階段之支出於符合
規定條件時，認列為無形資產，採用直線法依其耐用年限攤銷，不
符合規定條件則列為當期費用。
　　無形資產以取得成本為入帳基礎，主要係電腦軟體、技術權利
及其他，以平均法依其效益年限分別按三至五年、三至十三點五年
及三年攤銷。
　　倘無形資產以其相關可回收金額衡量帳面價值有重大減損時，
就其減損部分認列損失。嗣後若無形資產可回收金額增加時，將減
損損失之迴轉認列為利益，惟無形資產於減損損失迴轉後之帳面價
值，不得超過該項資產在未認列減損損失之情況下，減除應提列攤
銷後之帳面價值。

]]></tw-gaap-notes:IntangibleAssets>
	<tw-gaap-notes:CommercialPapersPayableAndBondsPayable contextRef="From20120101To20120331"><![CDATA[　　本公司發行之可轉換公司債，係以全部發行價格減除經單獨衡
量之負債組成要素金額後，分攤至權益（資本公積－認股權）組成
要素。非屬嵌入式衍生性商品之負債組成要素係以利息法之攤銷後
成本衡量，屬嵌入非權益衍生性商品之負債組成要素則以公平價值
衡量。公司債轉換時，以負債組成要素及權益組成要素之帳面價值
作為發行普通股之入帳基礎。
　　可轉換公司債之交易成本，按原始認列金額比例分攤至其負債
及權益組成要素，屬於權益組成要素部分則以扣除相關所得稅利益
後之淨額自權益項目減除。

]]></tw-gaap-notes:CommercialPapersPayableAndBondsPayable>
	<tw-gaap-notes:PensionPlan contextRef="From20120101To20120331"><![CDATA[　　屬確定給付退休辦法之退休金係按精算結果認列；屬確定提撥
退休辦法之退休金，係於員工提供服務之期間，將應提撥之退休金
數額認列為當期費用。

]]></tw-gaap-notes:PensionPlan>
	<tw-gaap-notes:IncomeTax contextRef="From20120101To20120331"><![CDATA[　　本公司所得稅之會計處理係作跨期間之所得稅分攤，即將可減
除暫時性差異、虧損扣抵及未使用投資抵減之所得稅影響數認列為
遞延所得稅資產，並評估其可實現性，認列備抵評價金額；應課稅
暫時性差異所產生之影響數則認列為遞延所得稅負債。遞延所得稅
資產或負債依其相關資產負債之分類劃分為流動或非流動項目，無
相關之資產或負債者，依預期迴轉期間劃分為流動或非流動項目。
　　投資國外子公司或國外合資企業之長期股權投資帳面價值與課
稅基礎之暫時性差異，如本公司可控制暫時性差異回轉之時間，且
於可預見之未來不會回轉，其實質上係長久存在者，則不予以認列
相關遞延所得稅負債或資產。
　　購置機器設備、研究發展及人才培訓等支出所產生之所得稅抵
減，採用當期認列法處理。
　　以前年度應付所得稅之調整，列入當期所得稅。
　　依所得稅法規定計算之未分配盈餘加徵百分之十之所得稅，列
為股東會決議年度之所得稅費用。

]]></tw-gaap-notes:IncomeTax>
	<tw-gaap-notes:ShareBasedPayment contextRef="From20120101To20120331"><![CDATA[　　發行酬勞性員工認股權，其給與日於九十七年一月一日（含）
以後者，係依照財務會計準則公報第三十九號「股份基礎給付之會
計處理準則」處理。按預期既得認股權之最佳估計數量及給與日公
平價值計算之認股權價值，於既得期間以直線法認列為當期費用，
並同時調整資本公積—員工認股權。後續資訊顯示預期既得之認股
權數量與估計不同時，則修正原估計數。
　　發行酬勞性員工認股權，其給與日於九十三年一月一日至九十
六年十二月三十一日間者，係適用財團法人中華民國會計研究發展
基金會解釋函相關規定，本公司選擇採用內含價值法處理，酬勞成
本於符合認股權計畫所規定之員工服務年限內逐期認列為費用。

]]></tw-gaap-notes:ShareBasedPayment>
	<tw-gaap-notes:TreasuryStock contextRef="From20120101To20120331"><![CDATA[　　本公司收回已發行股票作為庫藏股票時，該庫藏股票之成本在
資產負債表上作為股東權益之減項，而不列於資產項下。收回時，
其屬買回者，將所支付成本借記「庫藏股票」。處分時，處分價格若
高於帳面價值，其差額貸記「資本公積－庫藏股票交易」；若低於帳
面價值，其差額沖抵同種類庫藏股票之交易所產生之資本公積，如
有不足則借記保留盈餘。
　　公司註銷庫藏股票時，應貸記「庫藏股票」，並按股權比例借記
「資本公積－股票發行溢價」與「股本」。庫藏股票之帳面價值如高
於面值與股票發行溢價之合計數時，其差額應沖銷同種類庫藏股票
所產生之資本公積，如有不足再借記保留盈餘；庫藏股票之帳面價
值如低於面值與股票發行溢價之合計數時，其差額應貸記同種類庫
藏股票交易所產生之資本公積。

]]></tw-gaap-notes:TreasuryStock>
	<tw-gaap-notes:RevenueRecognition contextRef="From20120101To20120331"><![CDATA[　　銷貨收入原則上係於獲利過程完成時認列，其條件為(一)收入金
額能可靠衡量；(二)與交易有關之經濟效益很有可能流向企業；(三)
與交易相關之已發生及即將發生之成本能可靠衡量；(四)交易於資產
負債表日之完成程度能可靠衡量時認列。去料加工時，加工產品之
所有權及顯著風險並未移轉，是以去料時不作銷貨處理。
　　銷貨收入係按本公司與買方所協議交易對價（考量商業折扣及
數量折扣後）之公平價值衡量；惟銷貨收入之對價為一年期以內之
應收款時，其公平價值與到期值差異不大且交易量頻繁，則不按設
算利率計算公平價值。


]]></tw-gaap-notes:RevenueRecognition>
	<tw-gaap-notes:CapitalExpenditureVersusOperatingExpenditure contextRef="From20120101To20120331"><![CDATA[　　凡支出之效益及於以後各期者列為資產。其效益僅及於當期或
無效者，列為費用或損失。

]]></tw-gaap-notes:CapitalExpenditureVersusOperatingExpenditure>
	<tw-gaap-notes:ChangesInAccountingPrinciples contextRef="From20120101To20120331"><![CDATA[　(一)金融商品之會計處理
　　本公司自一○○年一月一日起採用新修訂之財務會計準則公報
第三十四號「金融商品之會計處理準則」。主要之修訂包括(一)將應
收租賃款之減損納入公報適用範圍；(二)修訂保險相關合約之會計準
則適用規範；(三)將原始產生之放款及應收款納入公報適用範圍；(四)
增訂以攤銷後成本衡量之金融資產於債務困難修改條款時之減損規
範；及(五)債務條款修改時債務人之會計處理。此項會計變動，對一
○○年第一季純損並無重大影響。
　(二)營運部門資訊之揭露
　　本公司自一○○年一月一日起，採用新發布之財務會計準則公
報第四十一號「營運部門資訊之揭露」。該公報之規定係以管理階
層制定營運事項決策時所使用之企業組成部分相關資訊為基礎，營
運部門之辨識則以主要營運決策者定期複核用以分配資源予部門與
評量績效之內部報告為基礎。該公報係取代財務會計準則公報第二
十號「部門別財務資訊之揭露」，採用該公報僅對本公司部門別資
訊之報導方式產生改變。


]]></tw-gaap-notes:ChangesInAccountingPrinciples>
	<tw-gaap-notes:EndorsementGuaranteeProvidedToOthers>
		<tw-gaap-notes:No. contextRef="From20120101To20120331"><![CDATA[0]]></tw-gaap-notes:No.>
		<tw-gaap-notes:CompanyNameOfTheEndorserGuarantor contextRef="From20120101To20120331"><![CDATA[喬鼎資訊公司]]></tw-gaap-notes:CompanyNameOfTheEndorserGuarantor>
		<tw-gaap-notes:Counterparty2>
			<tw-gaap-notes:NameOfTheCompany contextRef="From20120101To20120331"><![CDATA[喬鼎上海計算機公司]]></tw-gaap-notes:NameOfTheCompany>
			<tw-gaap-notes:Relationship1 contextRef="From20120101To20120331"><![CDATA[註一]]></tw-gaap-notes:Relationship1>
		</tw-gaap-notes:Counterparty2>
		<tw-gaap-notes:LimitOnEndorsementGuaranteeAmountProvidedToIndividualCounterparty contextRef="From20120101To20120331" decimals="-3" unitRef="TWD">312999000</tw-gaap-notes:LimitOnEndorsementGuaranteeAmountProvidedToIndividualCounterparty>
		<tw-gaap-notes:MaximumBalanceForThePeriod contextRef="From20120101To20120331" decimals="-3" unitRef="TWD">19376000</tw-gaap-notes:MaximumBalanceForThePeriod>
		<tw-gaap-notes:EndingBalance2 contextRef="AsOf20120331" decimals="-3" unitRef="TWD">18886000</tw-gaap-notes:EndingBalance2>
		<tw-gaap-notes:AmountOfEndorsementsGuaranteesSecuredWithCollateral contextRef="AsOf20120331" decimals="-3" unitRef="TWD">0</tw-gaap-notes:AmountOfEndorsementsGuaranteesSecuredWithCollateral>
		<tw-gaap-notes:RatioOfAccumulatedEndorsementGuaranteeAmountToNetAssetOfTheCompanyPerLatestFinancialStatements contextRef="From20120101To20120331" decimals="4">0.0100</tw-gaap-notes:RatioOfAccumulatedEndorsementGuaranteeAmountToNetAssetOfTheCompanyPerLatestFinancialStatements>
		<tw-gaap-notes:LimitOfTotalGuaranteeEndorsementAmount contextRef="From20120101To20120331" decimals="-3" unitRef="TWD">625998000</tw-gaap-notes:LimitOfTotalGuaranteeEndorsementAmount>
		<tw-gaap-notes:Note contextRef="From20120101To20120331"><![CDATA[]]></tw-gaap-notes:Note>
	</tw-gaap-notes:EndorsementGuaranteeProvidedToOthers>

	<tw-gaap-notes:EndorsementGuaranteeProvidedToOthers>
		<tw-gaap-notes:No. contextRef="From20120101To20120331"><![CDATA[0]]></tw-gaap-notes:No.>
		<tw-gaap-notes:CompanyNameOfTheEndorserGuarantor contextRef="From20120101To20120331"><![CDATA[喬鼎資訊公司]]></tw-gaap-notes:CompanyNameOfTheEndorserGuarantor>
		<tw-gaap-notes:Counterparty2>
			<tw-gaap-notes:NameOfTheCompany contextRef="From20120101To20120331"><![CDATA[PTE]]></tw-gaap-notes:NameOfTheCompany>
			<tw-gaap-notes:Relationship1 contextRef="From20120101To20120331"><![CDATA[註一]]></tw-gaap-notes:Relationship1>
		</tw-gaap-notes:Counterparty2>
		<tw-gaap-notes:LimitOnEndorsementGuaranteeAmountProvidedToIndividualCounterparty contextRef="From20120101To20120331" decimals="-3" unitRef="TWD">312999000</tw-gaap-notes:LimitOnEndorsementGuaranteeAmountProvidedToIndividualCounterparty>
		<tw-gaap-notes:MaximumBalanceForThePeriod contextRef="From20120101To20120331" decimals="-3" unitRef="TWD">47460000</tw-gaap-notes:MaximumBalanceForThePeriod>
		<tw-gaap-notes:EndingBalance2 contextRef="AsOf20120331" decimals="-3" unitRef="TWD">47292000</tw-gaap-notes:EndingBalance2>
		<tw-gaap-notes:AmountOfEndorsementsGuaranteesSecuredWithCollateral contextRef="AsOf20120331" decimals="-3" unitRef="TWD">0</tw-gaap-notes:AmountOfEndorsementsGuaranteesSecuredWithCollateral>
		<tw-gaap-notes:RatioOfAccumulatedEndorsementGuaranteeAmountToNetAssetOfTheCompanyPerLatestFinancialStatements contextRef="From20120101To20120331" decimals="4">0.0300</tw-gaap-notes:RatioOfAccumulatedEndorsementGuaranteeAmountToNetAssetOfTheCompanyPerLatestFinancialStatements>
		<tw-gaap-notes:LimitOfTotalGuaranteeEndorsementAmount contextRef="From20120101To20120331" decimals="-3" unitRef="TWD">625998000</tw-gaap-notes:LimitOfTotalGuaranteeEndorsementAmount>
		<tw-gaap-notes:Note contextRef="From20120101To20120331"><![CDATA[註三]]></tw-gaap-notes:Note>
	</tw-gaap-notes:EndorsementGuaranteeProvidedToOthers>

	<tw-gaap-notes:EndorsementGuaranteeProvidedToOthers>
		<tw-gaap-notes:No. contextRef="From20120101To20120331"><![CDATA[0]]></tw-gaap-notes:No.>
		<tw-gaap-notes:CompanyNameOfTheEndorserGuarantor contextRef="From20120101To20120331"><![CDATA[喬鼎資訊公司]]></tw-gaap-notes:CompanyNameOfTheEndorserGuarantor>
		<tw-gaap-notes:Counterparty2>
			<tw-gaap-notes:NameOfTheCompany contextRef="From20120101To20120331"><![CDATA[美商喬鼎公司]]></tw-gaap-notes:NameOfTheCompany>
			<tw-gaap-notes:Relationship1 contextRef="From20120101To20120331"><![CDATA[註一]]></tw-gaap-notes:Relationship1>
		</tw-gaap-notes:Counterparty2>
		<tw-gaap-notes:LimitOnEndorsementGuaranteeAmountProvidedToIndividualCounterparty contextRef="From20120101To20120331" decimals="-3" unitRef="TWD">312999000</tw-gaap-notes:LimitOnEndorsementGuaranteeAmountProvidedToIndividualCounterparty>
		<tw-gaap-notes:MaximumBalanceForThePeriod contextRef="From20120101To20120331" decimals="-3" unitRef="TWD">302750000</tw-gaap-notes:MaximumBalanceForThePeriod>
		<tw-gaap-notes:EndingBalance2 contextRef="AsOf20120331" decimals="-3" unitRef="TWD">295100000</tw-gaap-notes:EndingBalance2>
		<tw-gaap-notes:AmountOfEndorsementsGuaranteesSecuredWithCollateral contextRef="AsOf20120331" decimals="-3" unitRef="TWD">0</tw-gaap-notes:AmountOfEndorsementsGuaranteesSecuredWithCollateral>
		<tw-gaap-notes:RatioOfAccumulatedEndorsementGuaranteeAmountToNetAssetOfTheCompanyPerLatestFinancialStatements contextRef="From20120101To20120331" decimals="4">0.1900</tw-gaap-notes:RatioOfAccumulatedEndorsementGuaranteeAmountToNetAssetOfTheCompanyPerLatestFinancialStatements>
		<tw-gaap-notes:LimitOfTotalGuaranteeEndorsementAmount contextRef="From20120101To20120331" decimals="-3" unitRef="TWD">625998000</tw-gaap-notes:LimitOfTotalGuaranteeEndorsementAmount>
		<tw-gaap-notes:Note contextRef="From20120101To20120331"><![CDATA[註三]]></tw-gaap-notes:Note>
	</tw-gaap-notes:EndorsementGuaranteeProvidedToOthers>

	<tw-gaap-notes:EndorsementGuaranteeProvidedToOthers>
		<tw-gaap-notes:No. contextRef="From20120101To20120331"><![CDATA[0]]></tw-gaap-notes:No.>
		<tw-gaap-notes:CompanyNameOfTheEndorserGuarantor contextRef="From20120101To20120331"><![CDATA[喬鼎資訊公司]]></tw-gaap-notes:CompanyNameOfTheEndorserGuarantor>
		<tw-gaap-notes:Counterparty2>
			<tw-gaap-notes:NameOfTheCompany contextRef="From20120101To20120331"><![CDATA[PTJ]]></tw-gaap-notes:NameOfTheCompany>
			<tw-gaap-notes:Relationship1 contextRef="From20120101To20120331"><![CDATA[註一]]></tw-gaap-notes:Relationship1>
		</tw-gaap-notes:Counterparty2>
		<tw-gaap-notes:LimitOnEndorsementGuaranteeAmountProvidedToIndividualCounterparty contextRef="From20120101To20120331" decimals="-3" unitRef="TWD">312999000</tw-gaap-notes:LimitOnEndorsementGuaranteeAmountProvidedToIndividualCounterparty>
		<tw-gaap-notes:MaximumBalanceForThePeriod contextRef="From20120101To20120331" decimals="-3" unitRef="TWD">23436000</tw-gaap-notes:MaximumBalanceForThePeriod>
		<tw-gaap-notes:EndingBalance2 contextRef="AsOf20120331" decimals="-3" unitRef="TWD">21552000</tw-gaap-notes:EndingBalance2>
		<tw-gaap-notes:AmountOfEndorsementsGuaranteesSecuredWithCollateral contextRef="AsOf20120331" decimals="-3" unitRef="TWD">0</tw-gaap-notes:AmountOfEndorsementsGuaranteesSecuredWithCollateral>
		<tw-gaap-notes:RatioOfAccumulatedEndorsementGuaranteeAmountToNetAssetOfTheCompanyPerLatestFinancialStatements contextRef="From20120101To20120331" decimals="4">0.0100</tw-gaap-notes:RatioOfAccumulatedEndorsementGuaranteeAmountToNetAssetOfTheCompanyPerLatestFinancialStatements>
		<tw-gaap-notes:LimitOfTotalGuaranteeEndorsementAmount contextRef="From20120101To20120331" decimals="-3" unitRef="TWD">625998000</tw-gaap-notes:LimitOfTotalGuaranteeEndorsementAmount>
		<tw-gaap-notes:Note contextRef="From20120101To20120331"><![CDATA[註三]]></tw-gaap-notes:Note>
	</tw-gaap-notes:EndorsementGuaranteeProvidedToOthers>

	<tw-gaap-notes:TotalEndingBalance2-Parent contextRef="AsOf20120331" unitRef="TWD">382830000</tw-gaap-notes:TotalEndingBalance2-Parent>
	<tw-gaap-notes:TotalEndingBalance2-Subsidiaries contextRef="AsOf20120331" unitRef="TWD">0</tw-gaap-notes:TotalEndingBalance2-Subsidiaries>
	<tw-gaap-notes:Note-EndorsementGuaranteeProvidedToOthers contextRef="From20120101To20120331"><![CDATA[註一：	間接持股之子公司。
註二：	本公司對外背書保證總額不得超過當期淨值40%，其中對單一企業之背書保證限額，
　　　　除本公司直接持有普通股股權超過90%之被投資公司不得超過當期淨值20%外，
　　　　其餘不得超過當期淨值10%。
註三：	截至一○一年三月底尚未動支。
]]></tw-gaap-notes:Note-EndorsementGuaranteeProvidedToOthers>
	<tw-gaap-notes:NamesLocationsAndRelatedInformationOfInvesteesOverWhichTheCompanyExercisesSignificantInfluence>
		<tw-gaap-notes:CompanyNameOfTheInvestor contextRef="From20120101To20120331"><![CDATA[喬鼎資訊公司]]></tw-gaap-notes:CompanyNameOfTheInvestor>
		<tw-gaap-notes:CompanyNameOfTheInvestee contextRef="From20120101To20120331"><![CDATA[Joding Investment Corp]]></tw-gaap-notes:CompanyNameOfTheInvestee>
		<tw-gaap-notes:LocationCode contextRef="From20120101To20120331"><![CDATA[32]]></tw-gaap-notes:LocationCode>
		<tw-gaap-notes:Location contextRef="From20120101To20120331"><![CDATA[開曼群島]]></tw-gaap-notes:Location>
		<tw-gaap-notes:MainBusinessesAndProducts contextRef="From20120101To20120331"><![CDATA[一般投資業]]></tw-gaap-notes:MainBusinessesAndProducts>
		<tw-gaap-notes:OriginalInvestmentAmount>
			<tw-gaap-notes:EndingBalance3 contextRef="AsOf20120331" decimals="-3" unitRef="TWD">542739000</tw-gaap-notes:EndingBalance3>
			<tw-gaap-notes:BeginningBalance contextRef="AsOf20120331" decimals="-3" unitRef="TWD">542739000</tw-gaap-notes:BeginningBalance>
		</tw-gaap-notes:OriginalInvestmentAmount>
		<tw-gaap-notes:InvestmentsAtTheEndOfThePeriod>
			<tw-gaap-notes:NumberOfShares1 contextRef="AsOf20120331" decimals="0" unitRef="Shares">16303</tw-gaap-notes:NumberOfShares1>
			<tw-gaap-notes:PercentageOfOwnership1 contextRef="AsOf20120331" decimals="4">1.0000</tw-gaap-notes:PercentageOfOwnership1>
			<tw-gaap-notes:BookValue1 contextRef="AsOf20120331" decimals="-3" unitRef="TWD">459844000</tw-gaap-notes:BookValue1>
		</tw-gaap-notes:InvestmentsAtTheEndOfThePeriod>
		<tw-gaap-notes:NetIncomeLossesOfTheInvestee contextRef="From20120101To20120331" decimals="-3" unitRef="TWD">27754000</tw-gaap-notes:NetIncomeLossesOfTheInvestee>
		<tw-gaap-notes:InvestmentIncomeLossesRecognized1 contextRef="From20120101To20120331" decimals="-3" unitRef="TWD">27754000</tw-gaap-notes:InvestmentIncomeLossesRecognized1>
		<tw-gaap-notes:Note contextRef="From20120101To20120331"><![CDATA[]]></tw-gaap-notes:Note>
	</tw-gaap-notes:NamesLocationsAndRelatedInformationOfInvesteesOverWhichTheCompanyExercisesSignificantInfluence>

	<tw-gaap-notes:NamesLocationsAndRelatedInformationOfInvesteesOverWhichTheCompanyExercisesSignificantInfluence>
		<tw-gaap-notes:CompanyNameOfTheInvestor contextRef="From20120101To20120331"><![CDATA[喬鼎資訊公司]]></tw-gaap-notes:CompanyNameOfTheInvestor>
		<tw-gaap-notes:CompanyNameOfTheInvestee contextRef="From20120101To20120331"><![CDATA[PTJ]]></tw-gaap-notes:CompanyNameOfTheInvestee>
		<tw-gaap-notes:LocationCode contextRef="From20120101To20120331"><![CDATA[104]]></tw-gaap-notes:LocationCode>
		<tw-gaap-notes:Location contextRef="From20120101To20120331"><![CDATA[日本]]></tw-gaap-notes:Location>
		<tw-gaap-notes:MainBusinessesAndProducts contextRef="From20120101To20120331"><![CDATA[銷售、行銷業務]]></tw-gaap-notes:MainBusinessesAndProducts>
		<tw-gaap-notes:OriginalInvestmentAmount>
			<tw-gaap-notes:EndingBalance3 contextRef="AsOf20120331" decimals="-3" unitRef="TWD">7001000</tw-gaap-notes:EndingBalance3>
			<tw-gaap-notes:BeginningBalance contextRef="AsOf20120331" decimals="-3" unitRef="TWD">7001000</tw-gaap-notes:BeginningBalance>
		</tw-gaap-notes:OriginalInvestmentAmount>
		<tw-gaap-notes:InvestmentsAtTheEndOfThePeriod>
			<tw-gaap-notes:NumberOfShares1 contextRef="AsOf20120331" decimals="0" unitRef="Shares">0</tw-gaap-notes:NumberOfShares1>
			<tw-gaap-notes:PercentageOfOwnership1 contextRef="AsOf20120331" decimals="4">1.0000</tw-gaap-notes:PercentageOfOwnership1>
			<tw-gaap-notes:BookValue1 contextRef="AsOf20120331" decimals="-3" unitRef="TWD">-20847000</tw-gaap-notes:BookValue1>
		</tw-gaap-notes:InvestmentsAtTheEndOfThePeriod>
		<tw-gaap-notes:NetIncomeLossesOfTheInvestee contextRef="From20120101To20120331" decimals="-3" unitRef="TWD">-2987000</tw-gaap-notes:NetIncomeLossesOfTheInvestee>
		<tw-gaap-notes:InvestmentIncomeLossesRecognized1 contextRef="From20120101To20120331" decimals="-3" unitRef="TWD">-2987000</tw-gaap-notes:InvestmentIncomeLossesRecognized1>
		<tw-gaap-notes:Note contextRef="From20120101To20120331"><![CDATA[]]></tw-gaap-notes:Note>
	</tw-gaap-notes:NamesLocationsAndRelatedInformationOfInvesteesOverWhichTheCompanyExercisesSignificantInfluence>

	<tw-gaap-notes:InformationOfInvestmentInMainlandChina>
		<tw-gaap-notes:CompanyNameOfTheInvesteeInMainlandChina contextRef="From20120101To20120331"><![CDATA[喬鼎上海計算機公司]]></tw-gaap-notes:CompanyNameOfTheInvesteeInMainlandChina>
		<tw-gaap-notes:MainBusinessesAndProducts contextRef="From20120101To20120331"><![CDATA[開發、製作計算機應用軟體、銷售自產產品、提供技術諮詢]]></tw-gaap-notes:MainBusinessesAndProducts>
		<tw-gaap-notes:TotalAmountOfPaid-inCapital contextRef="AsOf20120331" decimals="-3" unitRef="TWD">120834000</tw-gaap-notes:TotalAmountOfPaid-inCapital>
		<tw-gaap-notes:MethodOfInvestment contextRef="From20120101To20120331"><![CDATA[註一]]></tw-gaap-notes:MethodOfInvestment>
		<tw-gaap-notes:AccumulatedOutflowOfInvestmentFromTaiwanAtTheBeginningOfThePeriod contextRef="AsOf20120331" decimals="-3" unitRef="TWD">90625000</tw-gaap-notes:AccumulatedOutflowOfInvestmentFromTaiwanAtTheBeginningOfThePeriod>
		<tw-gaap-notes:InvestmentFlowsForThePeriod>
			<tw-gaap-notes:Outflow contextRef="From20120101To20120331" decimals="-3" unitRef="TWD">0</tw-gaap-notes:Outflow>
			<tw-gaap-notes:Inflow contextRef="From20120101To20120331" decimals="-3" unitRef="TWD">0</tw-gaap-notes:Inflow>
		</tw-gaap-notes:InvestmentFlowsForThePeriod>
		<tw-gaap-notes:AccumulatedOutflowOfInvestmentFromTaiwanAtTheEndOfThePeriod contextRef="AsOf20120331" decimals="-3" unitRef="TWD">90625000</tw-gaap-notes:AccumulatedOutflowOfInvestmentFromTaiwanAtTheEndOfThePeriod>
		<tw-gaap-notes:PercentageOfOwnershipThroughDirectAndIndirectInvestmentByTheCompany contextRef="AsOf20120331" decimals="4">1.0000</tw-gaap-notes:PercentageOfOwnershipThroughDirectAndIndirectInvestmentByTheCompany>
		<tw-gaap-notes:InvestmentIncomeLossesRecognized2 contextRef="From20120101To20120331" decimals="-3" unitRef="TWD">-4364000</tw-gaap-notes:InvestmentIncomeLossesRecognized2>
		<tw-gaap-notes:BookValueAtTheEndOfThePeriod contextRef="AsOf20120331" decimals="-3" unitRef="TWD">67665000</tw-gaap-notes:BookValueAtTheEndOfThePeriod>
		<tw-gaap-notes:AccumulatedInwardRemittanceOfEarningsAsOfTheEndOfThePeriod contextRef="From20120101To20120331" decimals="-3" unitRef="TWD">0</tw-gaap-notes:AccumulatedInwardRemittanceOfEarningsAsOfTheEndOfThePeriod>
		<tw-gaap-notes:Note contextRef="From20120101To20120331"><![CDATA[]]></tw-gaap-notes:Note>
	</tw-gaap-notes:InformationOfInvestmentInMainlandChina>

	<tw-gaap-notes:Note-InformationOfInvestmentInMainlandChina contextRef="From20120101To20120331"><![CDATA[註一：	係子公司Joding Investment Corp.自行投資大陸公司及本公司投資Joding Investment Corp.，
再透過該公司投資大陸公司，該投資已由經濟部投資審議委員會核准，核准投資金額分別為美金
327仟元及美金3,000仟元。 
註二：	係依據被投資公司同期間未經會計師核閱之財務報表認列。
註三：	本表相關數字涉及外幣者，以財務報告日之匯率換算為新台幣。 ]]></tw-gaap-notes:Note-InformationOfInvestmentInMainlandChina>
	<tw-gaap-notes:LimitOnInvestmentInMainlandChina>
		<tw-gaap-notes:NameOfTheCompany contextRef="From20120101To20120331"><![CDATA[喬鼎上海計算機公司]]></tw-gaap-notes:NameOfTheCompany>
		<tw-gaap-notes:AccumulatedInvestmentInMainlandChinaAtTheEndOfThePeriod contextRef="AsOf20120331" decimals="-3" unitRef="TWD">90625000</tw-gaap-notes:AccumulatedInvestmentInMainlandChinaAtTheEndOfThePeriod>
		<tw-gaap-notes:InvestmentAmountAuthorizedByTheInvestmentCommissionOfMOEA contextRef="From20120101To20120331" decimals="-3" unitRef="TWD">98180000</tw-gaap-notes:InvestmentAmountAuthorizedByTheInvestmentCommissionOfMOEA>
		<tw-gaap-notes:UpperLimitOnInvestmentInMainlandChinaImposedByTheInvestmentCommissionOfMOEA contextRef="From20120101To20120331" decimals="-3" unitRef="TWD">938997000</tw-gaap-notes:UpperLimitOnInvestmentInMainlandChinaImposedByTheInvestmentCommissionOfMOEA>
	</tw-gaap-notes:LimitOnInvestmentInMainlandChina>

</xbrl>

<!--This instance document is created by SIIAP V1.8.25-->
