<?xml version="1.0" encoding="UTF-8"?>
<xbrl xmlns="http://www.xbrl.org/2003/instance" xmlns:iso4217="http://www.xbrl.org/2003/iso4217" xmlns:link="http://www.xbrl.org/2003/linkbase" xmlns:tw-gaap-ar="http://www.xbrl.org/tw/fr/gaap/ar/2011-12-31" xmlns:tw-gaap-ci="http://www.xbrl.org/tw/fr/gaap/tw-gaap-ci-2011-12-31" xmlns:tw-gaap-notes="http://www.xbrl.org/tw/fr/gaap/notes/2011-12-31" xmlns:xbrldi="http://xbrl.org/2006/xbrldi" xmlns:xbrldt="http://xbrl.org/2005/xbrldt" xmlns:xbrli="http://www.xbrl.org/2003/instance" xmlns:xlink="http://www.w3.org/1999/xlink">
	<link:schemaRef xlink:arcrole="http://www.w3.org/1999/xlink/properties/linkbase" xlink:href="tw-gaap-ci-2011-12-31.xsd" xlink:type="simple"/>	<context id="AsOf20120425">
		<entity>
			<identifier scheme="http://www.twse.com.tw">2399</identifier>
		</entity>
		<period>
			<instant>2012-04-25</instant>
		</period>
	</context>
	<context id="AsOf20110101">
		<entity>
			<identifier scheme="http://www.twse.com.tw">2399</identifier>
		</entity>
		<period>
			<instant>2011-01-01</instant>
		</period>
	</context>
	<context id="AsOf20120101">
		<entity>
			<identifier scheme="http://www.twse.com.tw">2399</identifier>
		</entity>
		<period>
			<instant>2012-01-01</instant>
		</period>
	</context>
	<context id="From20110101To20110331">
		<entity>
			<identifier scheme="http://www.twse.com.tw">2399</identifier>
		</entity>
		<period>
			<startDate>2011-01-01</startDate>
			<endDate>2011-03-31</endDate>
		</period>
	</context>
	<context id="AsOf20110331">
		<entity>
			<identifier scheme="http://www.twse.com.tw">2399</identifier>
		</entity>
		<period>
			<instant>2011-03-31</instant>
		</period>
	</context>
	<context id="From20120101To20120331">
		<entity>
			<identifier scheme="http://www.twse.com.tw">2399</identifier>
		</entity>
		<period>
			<startDate>2012-01-01</startDate>
			<endDate>2012-03-31</endDate>
		</period>
	</context>
	<context id="AsOf20120331">
		<entity>
			<identifier scheme="http://www.twse.com.tw">2399</identifier>
		</entity>
		<period>
			<instant>2012-03-31</instant>
		</period>
	</context>
	<unit id="TWD">
		<measure>iso4217:TWD</measure>
	</unit>
	<unit id="Shares">
		<measure>xbrli:shares</measure>
	</unit>
	<unit id="EarningsPerShare">
		<divide>
			<unitNumerator>
				<measure>iso4217:TWD</measure>
			</unitNumerator>
			<unitDenominator>
				<measure>xbrli:shares</measure>
			</unitDenominator>
		</divide>
	</unit>
	<tw-gaap-ci:CashCashEquivalents contextRef="AsOf20120331" decimals="-3" unitRef="TWD">875741000</tw-gaap-ci:CashCashEquivalents>
	<tw-gaap-ci:CashCashEquivalents contextRef="AsOf20110331" decimals="-3" unitRef="TWD">1275422000</tw-gaap-ci:CashCashEquivalents>
	<tw-gaap-ci:AvailableSaleFinancialAssetsCurrent contextRef="AsOf20120331" decimals="-3" unitRef="TWD">342150000</tw-gaap-ci:AvailableSaleFinancialAssetsCurrent>
	<tw-gaap-ci:AvailableSaleFinancialAssetsCurrent contextRef="AsOf20110331" decimals="-3" unitRef="TWD">208079000</tw-gaap-ci:AvailableSaleFinancialAssetsCurrent>
	<tw-gaap-ci:NetNotesReceivable contextRef="AsOf20120331" decimals="-3" unitRef="TWD">863596000</tw-gaap-ci:NetNotesReceivable>
	<tw-gaap-ci:NetNotesReceivable contextRef="AsOf20110331" decimals="-3" unitRef="TWD">869742000</tw-gaap-ci:NetNotesReceivable>
	<tw-gaap-ci:NetAccountsReceivableRelatedParties contextRef="AsOf20120331" decimals="-3" unitRef="TWD">490406000</tw-gaap-ci:NetAccountsReceivableRelatedParties>
	<tw-gaap-ci:NetAccountsReceivableRelatedParties contextRef="AsOf20110331" decimals="-3" unitRef="TWD">872817000</tw-gaap-ci:NetAccountsReceivableRelatedParties>
	<tw-gaap-ci:OtherFinancialAssetsCurrent contextRef="AsOf20120331" decimals="-3" unitRef="TWD">33860000</tw-gaap-ci:OtherFinancialAssetsCurrent>
	<tw-gaap-ci:OtherFinancialAssetsCurrent contextRef="AsOf20110331" decimals="-3" unitRef="TWD">33860000</tw-gaap-ci:OtherFinancialAssetsCurrent>
	<tw-gaap-ci:Inventories contextRef="AsOf20120331" decimals="-3" unitRef="TWD">472680000</tw-gaap-ci:Inventories>
	<tw-gaap-ci:Inventories contextRef="AsOf20110331" decimals="-3" unitRef="TWD">468525000</tw-gaap-ci:Inventories>
	<tw-gaap-ci:OthercurrentAssetsOther contextRef="AsOf20120331" decimals="-3" unitRef="TWD">176874000</tw-gaap-ci:OthercurrentAssetsOther>
	<tw-gaap-ci:OthercurrentAssetsOther contextRef="AsOf20110331" decimals="-3" unitRef="TWD">64902000</tw-gaap-ci:OthercurrentAssetsOther>
	<tw-gaap-ci:OtherCurrentAssets contextRef="AsOf20120331" decimals="-3" unitRef="TWD">176874000</tw-gaap-ci:OtherCurrentAssets>
	<tw-gaap-ci:OtherCurrentAssets contextRef="AsOf20110331" decimals="-3" unitRef="TWD">64902000</tw-gaap-ci:OtherCurrentAssets>
	<tw-gaap-ci:CurrentAssets contextRef="AsOf20120331" decimals="-3" unitRef="TWD">3255307000</tw-gaap-ci:CurrentAssets>
	<tw-gaap-ci:CurrentAssets contextRef="AsOf20110331" decimals="-3" unitRef="TWD">3793347000</tw-gaap-ci:CurrentAssets>
	<tw-gaap-ci:NetFinancialAssetsCarriedCostNonCurrent contextRef="AsOf20120331" decimals="-3" unitRef="TWD">20250000</tw-gaap-ci:NetFinancialAssetsCarriedCostNonCurrent>
	<tw-gaap-ci:NetFinancialAssetsCarriedCostNonCurrent contextRef="AsOf20110331" decimals="-3" unitRef="TWD">22998000</tw-gaap-ci:NetFinancialAssetsCarriedCostNonCurrent>
	<tw-gaap-ci:LongtermInvestmentsEquity contextRef="AsOf20120331" decimals="-3" unitRef="TWD">375637000</tw-gaap-ci:LongtermInvestmentsEquity>
	<tw-gaap-ci:LongtermInvestmentsEquity contextRef="AsOf20110331" decimals="-3" unitRef="TWD">228656000</tw-gaap-ci:LongtermInvestmentsEquity>
	<tw-gaap-ci:LongtermInvestments contextRef="AsOf20120331" decimals="-3" unitRef="TWD">375637000</tw-gaap-ci:LongtermInvestments>
	<tw-gaap-ci:LongtermInvestments contextRef="AsOf20110331" decimals="-3" unitRef="TWD">228656000</tw-gaap-ci:LongtermInvestments>
	<tw-gaap-ci:FundsInvestments contextRef="AsOf20120331" decimals="-3" unitRef="TWD">395887000</tw-gaap-ci:FundsInvestments>
	<tw-gaap-ci:FundsInvestments contextRef="AsOf20110331" decimals="-3" unitRef="TWD">251654000</tw-gaap-ci:FundsInvestments>
	<tw-gaap-ci:Land contextRef="AsOf20120331" decimals="-3" unitRef="TWD">52401000</tw-gaap-ci:Land>
	<tw-gaap-ci:Land contextRef="AsOf20110331" decimals="-3" unitRef="TWD">52401000</tw-gaap-ci:Land>
	<tw-gaap-ci:BuildingsStructures contextRef="AsOf20120331" decimals="-3" unitRef="TWD">60466000</tw-gaap-ci:BuildingsStructures>
	<tw-gaap-ci:BuildingsStructures contextRef="AsOf20110331" decimals="-3" unitRef="TWD">59874000</tw-gaap-ci:BuildingsStructures>
	<tw-gaap-ci:MachineryEquipment contextRef="AsOf20120331" decimals="-3" unitRef="TWD">5210000</tw-gaap-ci:MachineryEquipment>
	<tw-gaap-ci:MachineryEquipment contextRef="AsOf20110331" decimals="-3" unitRef="TWD">2515000</tw-gaap-ci:MachineryEquipment>
	<tw-gaap-ci:OtherFacilities contextRef="AsOf20120331" decimals="-3" unitRef="TWD">83178000</tw-gaap-ci:OtherFacilities>
	<tw-gaap-ci:OtherFacilities contextRef="AsOf20110331" decimals="-3" unitRef="TWD">77488000</tw-gaap-ci:OtherFacilities>
	<tw-gaap-ci:FixedAssetsOriginalCosts contextRef="AsOf20120331" decimals="-3" unitRef="TWD">201255000</tw-gaap-ci:FixedAssetsOriginalCosts>
	<tw-gaap-ci:FixedAssetsOriginalCosts contextRef="AsOf20110331" decimals="-3" unitRef="TWD">192278000</tw-gaap-ci:FixedAssetsOriginalCosts>
	<tw-gaap-ci:CostsRevaluationIncrement contextRef="AsOf20120331" decimals="-3" unitRef="TWD">201255000</tw-gaap-ci:CostsRevaluationIncrement>
	<tw-gaap-ci:CostsRevaluationIncrement contextRef="AsOf20110331" decimals="-3" unitRef="TWD">192278000</tw-gaap-ci:CostsRevaluationIncrement>
	<tw-gaap-ci:AccumulatedDepreciation contextRef="AsOf20120331" decimals="-3" unitRef="TWD">96678000</tw-gaap-ci:AccumulatedDepreciation>
	<tw-gaap-ci:AccumulatedDepreciation contextRef="AsOf20110331" decimals="-3" unitRef="TWD">93080000</tw-gaap-ci:AccumulatedDepreciation>
	<tw-gaap-ci:ConstructionProcessPrepaymentEquipments contextRef="AsOf20120331" decimals="-3" unitRef="TWD">30000</tw-gaap-ci:ConstructionProcessPrepaymentEquipments>
	<tw-gaap-ci:ConstructionProcessPrepaymentEquipments contextRef="AsOf20110331" decimals="-3" unitRef="TWD">2805000</tw-gaap-ci:ConstructionProcessPrepaymentEquipments>
	<tw-gaap-ci:FixedAssets contextRef="AsOf20120331" decimals="-3" unitRef="TWD">104607000</tw-gaap-ci:FixedAssets>
	<tw-gaap-ci:FixedAssets contextRef="AsOf20110331" decimals="-3" unitRef="TWD">102003000</tw-gaap-ci:FixedAssets>
	<tw-gaap-ci:NetRentalAssets contextRef="AsOf20120331" decimals="-3" unitRef="TWD">219330000</tw-gaap-ci:NetRentalAssets>
	<tw-gaap-ci:NetRentalAssets contextRef="AsOf20110331" decimals="-3" unitRef="TWD">221383000</tw-gaap-ci:NetRentalAssets>
	<tw-gaap-ci:DeferredIncomeTaxAssetsNonCurrent contextRef="AsOf20120331" decimals="-3" unitRef="TWD">19676000</tw-gaap-ci:DeferredIncomeTaxAssetsNonCurrent>
	<tw-gaap-ci:DeferredIncomeTaxAssetsNonCurrent contextRef="AsOf20110331" decimals="-3" unitRef="TWD">13109000</tw-gaap-ci:DeferredIncomeTaxAssetsNonCurrent>
	<tw-gaap-ci:OtherAssetsOther_OtherAssetsOther contextRef="AsOf20120331" decimals="-3" unitRef="TWD">20488000</tw-gaap-ci:OtherAssetsOther_OtherAssetsOther>
	<tw-gaap-ci:OtherAssetsOther_OtherAssetsOther contextRef="AsOf20110331" decimals="-3" unitRef="TWD">5336000</tw-gaap-ci:OtherAssetsOther_OtherAssetsOther>
	<tw-gaap-ci:OtherAssetsOther contextRef="AsOf20120331" decimals="-3" unitRef="TWD">20488000</tw-gaap-ci:OtherAssetsOther>
	<tw-gaap-ci:OtherAssetsOther contextRef="AsOf20110331" decimals="-3" unitRef="TWD">5336000</tw-gaap-ci:OtherAssetsOther>
	<tw-gaap-ci:OtherAssets contextRef="AsOf20120331" decimals="-3" unitRef="TWD">259494000</tw-gaap-ci:OtherAssets>
	<tw-gaap-ci:OtherAssets contextRef="AsOf20110331" decimals="-3" unitRef="TWD">239828000</tw-gaap-ci:OtherAssets>
	<tw-gaap-ci:Assets contextRef="AsOf20120331" decimals="-3" unitRef="TWD">4015295000</tw-gaap-ci:Assets>
	<tw-gaap-ci:Assets contextRef="AsOf20110331" decimals="-3" unitRef="TWD">4386832000</tw-gaap-ci:Assets>
	<tw-gaap-ci:NotesPayable contextRef="AsOf20120331" decimals="-3" unitRef="TWD">6814000</tw-gaap-ci:NotesPayable>
	<tw-gaap-ci:NotesPayable contextRef="AsOf20110331" decimals="-3" unitRef="TWD">6325000</tw-gaap-ci:NotesPayable>
	<tw-gaap-ci:AccountsPayable contextRef="AsOf20120331" decimals="-3" unitRef="TWD">832344000</tw-gaap-ci:AccountsPayable>
	<tw-gaap-ci:AccountsPayable contextRef="AsOf20110331" decimals="-3" unitRef="TWD">1285676000</tw-gaap-ci:AccountsPayable>
	<tw-gaap-ci:IncomeTaxPayable contextRef="AsOf20120331" decimals="-3" unitRef="TWD">58340000</tw-gaap-ci:IncomeTaxPayable>
	<tw-gaap-ci:IncomeTaxPayable contextRef="AsOf20110331" decimals="-3" unitRef="TWD">39007000</tw-gaap-ci:IncomeTaxPayable>
	<tw-gaap-ci:AccruedExpenses contextRef="AsOf20120331" decimals="-3" unitRef="TWD">179674000</tw-gaap-ci:AccruedExpenses>
	<tw-gaap-ci:AccruedExpenses contextRef="AsOf20110331" decimals="-3" unitRef="TWD">222840000</tw-gaap-ci:AccruedExpenses>
	<tw-gaap-ci:OtherCurrentLiabilitiesOther contextRef="AsOf20120331" decimals="-3" unitRef="TWD">133600000</tw-gaap-ci:OtherCurrentLiabilitiesOther>
	<tw-gaap-ci:OtherCurrentLiabilitiesOther contextRef="AsOf20110331" decimals="-3" unitRef="TWD">7893000</tw-gaap-ci:OtherCurrentLiabilitiesOther>
	<tw-gaap-ci:OtherCurrentLiabilities contextRef="AsOf20120331" decimals="-3" unitRef="TWD">133600000</tw-gaap-ci:OtherCurrentLiabilities>
	<tw-gaap-ci:OtherCurrentLiabilities contextRef="AsOf20110331" decimals="-3" unitRef="TWD">7893000</tw-gaap-ci:OtherCurrentLiabilities>
	<tw-gaap-ci:CurrentLiabilities contextRef="AsOf20120331" decimals="-3" unitRef="TWD">1210772000</tw-gaap-ci:CurrentLiabilities>
	<tw-gaap-ci:CurrentLiabilities contextRef="AsOf20110331" decimals="-3" unitRef="TWD">1561741000</tw-gaap-ci:CurrentLiabilities>
	<tw-gaap-ci:DeferredCreditsGainsonInterAffiliateAccounts contextRef="AsOf20120331" decimals="-3" unitRef="TWD">17880000</tw-gaap-ci:DeferredCreditsGainsonInterAffiliateAccounts>
	<tw-gaap-ci:DeferredCreditsGainsonInterAffiliateAccounts contextRef="AsOf20110331" decimals="-3" unitRef="TWD">40891000</tw-gaap-ci:DeferredCreditsGainsonInterAffiliateAccounts>
	<tw-gaap-ci:OtherLiabilities-Other contextRef="AsOf20120331" decimals="-3" unitRef="TWD">12720000</tw-gaap-ci:OtherLiabilities-Other>
	<tw-gaap-ci:OtherLiabilities-Other contextRef="AsOf20110331" decimals="-3" unitRef="TWD">14445000</tw-gaap-ci:OtherLiabilities-Other>
	<tw-gaap-ci:OtherLiabilitiesOther contextRef="AsOf20120331" decimals="-3" unitRef="TWD">30600000</tw-gaap-ci:OtherLiabilitiesOther>
	<tw-gaap-ci:OtherLiabilitiesOther contextRef="AsOf20110331" decimals="-3" unitRef="TWD">55336000</tw-gaap-ci:OtherLiabilitiesOther>
	<tw-gaap-ci:OtherLiabilities contextRef="AsOf20120331" decimals="-3" unitRef="TWD">30600000</tw-gaap-ci:OtherLiabilities>
	<tw-gaap-ci:OtherLiabilities contextRef="AsOf20110331" decimals="-3" unitRef="TWD">55336000</tw-gaap-ci:OtherLiabilities>
	<tw-gaap-ci:Liabilities contextRef="AsOf20120331" decimals="-3" unitRef="TWD">1241372000</tw-gaap-ci:Liabilities>
	<tw-gaap-ci:Liabilities contextRef="AsOf20110331" decimals="-3" unitRef="TWD">1617077000</tw-gaap-ci:Liabilities>
	<tw-gaap-ci:CommonStock contextRef="AsOf20120331" decimals="-3" unitRef="TWD">1781000000</tw-gaap-ci:CommonStock>
	<tw-gaap-ci:CommonStock contextRef="AsOf20110331" decimals="-3" unitRef="TWD">1781000000</tw-gaap-ci:CommonStock>
	<tw-gaap-ci:Capital contextRef="AsOf20120331" decimals="-3" unitRef="TWD">1781000000</tw-gaap-ci:Capital>
	<tw-gaap-ci:Capital contextRef="AsOf20110331" decimals="-3" unitRef="TWD">1781000000</tw-gaap-ci:Capital>
	<tw-gaap-ci:CapitalSurplusAdditionalPaidCapital contextRef="AsOf20120331" decimals="-3" unitRef="TWD">91712000</tw-gaap-ci:CapitalSurplusAdditionalPaidCapital>
	<tw-gaap-ci:CapitalSurplusAdditionalPaidCapital contextRef="AsOf20110331" decimals="-3" unitRef="TWD">91712000</tw-gaap-ci:CapitalSurplusAdditionalPaidCapital>
	<tw-gaap-ci:CapitalSurplus contextRef="AsOf20120331" decimals="-3" unitRef="TWD">91712000</tw-gaap-ci:CapitalSurplus>
	<tw-gaap-ci:CapitalSurplus contextRef="AsOf20110331" decimals="-3" unitRef="TWD">91712000</tw-gaap-ci:CapitalSurplus>
	<tw-gaap-ci:LegalReserve contextRef="AsOf20120331" decimals="-3" unitRef="TWD">161999000</tw-gaap-ci:LegalReserve>
	<tw-gaap-ci:LegalReserve contextRef="AsOf20110331" decimals="-3" unitRef="TWD">134956000</tw-gaap-ci:LegalReserve>
	<tw-gaap-ci:UnappropriatedRetainedEarnings contextRef="AsOf20120331" decimals="-3" unitRef="TWD">731050000</tw-gaap-ci:UnappropriatedRetainedEarnings>
	<tw-gaap-ci:UnappropriatedRetainedEarnings contextRef="AsOf20110331" decimals="-3" unitRef="TWD">747752000</tw-gaap-ci:UnappropriatedRetainedEarnings>
	<tw-gaap-ci:RetainedEarnings contextRef="AsOf20120331" decimals="-3" unitRef="TWD">893049000</tw-gaap-ci:RetainedEarnings>
	<tw-gaap-ci:RetainedEarnings contextRef="AsOf20110331" decimals="-3" unitRef="TWD">882708000</tw-gaap-ci:RetainedEarnings>
	<tw-gaap-ci:CumulativeTranslationAdjustments contextRef="AsOf20120331" decimals="-3" unitRef="TWD">9003000</tw-gaap-ci:CumulativeTranslationAdjustments>
	<tw-gaap-ci:CumulativeTranslationAdjustments contextRef="AsOf20110331" decimals="-3" unitRef="TWD">13798000</tw-gaap-ci:CumulativeTranslationAdjustments>
	<tw-gaap-ci:UnrealizedGainsLossesFinancialInstruments contextRef="AsOf20120331" decimals="-3" unitRef="TWD">-841000</tw-gaap-ci:UnrealizedGainsLossesFinancialInstruments>
	<tw-gaap-ci:UnrealizedGainsLossesFinancialInstruments contextRef="AsOf20110331" decimals="-3" unitRef="TWD">537000</tw-gaap-ci:UnrealizedGainsLossesFinancialInstruments>
	<tw-gaap-ci:StockholdersEquitiesAdjustments contextRef="AsOf20120331" decimals="-3" unitRef="TWD">8162000</tw-gaap-ci:StockholdersEquitiesAdjustments>
	<tw-gaap-ci:StockholdersEquitiesAdjustments contextRef="AsOf20110331" decimals="-3" unitRef="TWD">14335000</tw-gaap-ci:StockholdersEquitiesAdjustments>
	<tw-gaap-ci:StockholdersEquities contextRef="AsOf20120331" decimals="-3" unitRef="TWD">2773923000</tw-gaap-ci:StockholdersEquities>
	<tw-gaap-ci:StockholdersEquities contextRef="AsOf20110331" decimals="-3" unitRef="TWD">2769755000</tw-gaap-ci:StockholdersEquities>
	<tw-gaap-ci:EquivalentSharesOutstandingAdvanceReceiptsCommonStock contextRef="AsOf20120331" decimals="0" unitRef="Shares">0</tw-gaap-ci:EquivalentSharesOutstandingAdvanceReceiptsCommonStock>
	<tw-gaap-ci:EquivalentSharesOutstandingAdvanceReceiptsCommonStock contextRef="AsOf20110331" decimals="0" unitRef="Shares">0</tw-gaap-ci:EquivalentSharesOutstandingAdvanceReceiptsCommonStock>
	<tw-gaap-ci:NumberTreasuryStockAcquiredCompanySubsidiaries contextRef="AsOf20120331" decimals="0" unitRef="Shares">0</tw-gaap-ci:NumberTreasuryStockAcquiredCompanySubsidiaries>
	<tw-gaap-ci:NumberTreasuryStockAcquiredCompanySubsidiaries contextRef="AsOf20110331" decimals="0" unitRef="Shares">0</tw-gaap-ci:NumberTreasuryStockAcquiredCompanySubsidiaries>
	<tw-gaap-ci:OperatingRevenue contextRef="From20120101To20120331" decimals="-3" unitRef="TWD">1337067000</tw-gaap-ci:OperatingRevenue>
	<tw-gaap-ci:OperatingRevenue contextRef="From20110101To20110331" decimals="-3" unitRef="TWD">1844638000</tw-gaap-ci:OperatingRevenue>
	<tw-gaap-ci:OperatingCosts contextRef="From20120101To20120331" decimals="-3" unitRef="TWD">1192358000</tw-gaap-ci:OperatingCosts>
	<tw-gaap-ci:OperatingCosts contextRef="From20110101To20110331" decimals="-3" unitRef="TWD">1632979000</tw-gaap-ci:OperatingCosts>
	<tw-gaap-ci:GrossProfitLossOperations contextRef="From20120101To20120331" decimals="-3" unitRef="TWD">144709000</tw-gaap-ci:GrossProfitLossOperations>
	<tw-gaap-ci:GrossProfitLossOperations contextRef="From20110101To20110331" decimals="-3" unitRef="TWD">211659000</tw-gaap-ci:GrossProfitLossOperations>
	<tw-gaap-ci:UnrealizedGainInterAffiliateAccounts contextRef="From20120101To20120331" decimals="-3" unitRef="TWD">17880000</tw-gaap-ci:UnrealizedGainInterAffiliateAccounts>
	<tw-gaap-ci:UnrealizedGainInterAffiliateAccounts contextRef="From20110101To20110331" decimals="-3" unitRef="TWD">40891000</tw-gaap-ci:UnrealizedGainInterAffiliateAccounts>
	<tw-gaap-ci:RealizedGainInterAffiliateAccounts contextRef="From20120101To20120331" decimals="-3" unitRef="TWD">40479000</tw-gaap-ci:RealizedGainInterAffiliateAccounts>
	<tw-gaap-ci:RealizedGainInterAffiliateAccounts contextRef="From20110101To20110331" decimals="-3" unitRef="TWD">36047000</tw-gaap-ci:RealizedGainInterAffiliateAccounts>
	<tw-gaap-ci:Sellingexpense contextRef="From20120101To20120331" decimals="-3" unitRef="TWD">48575000</tw-gaap-ci:Sellingexpense>
	<tw-gaap-ci:Sellingexpense contextRef="From20110101To20110331" decimals="-3" unitRef="TWD">49597000</tw-gaap-ci:Sellingexpense>
	<tw-gaap-ci:GeneralAdministrativeExpenses contextRef="From20120101To20120331" decimals="-3" unitRef="TWD">13983000</tw-gaap-ci:GeneralAdministrativeExpenses>
	<tw-gaap-ci:GeneralAdministrativeExpenses contextRef="From20110101To20110331" decimals="-3" unitRef="TWD">20740000</tw-gaap-ci:GeneralAdministrativeExpenses>
	<tw-gaap-ci:ResearchDevelopmentExpenses contextRef="From20120101To20120331" decimals="-3" unitRef="TWD">30278000</tw-gaap-ci:ResearchDevelopmentExpenses>
	<tw-gaap-ci:ResearchDevelopmentExpenses contextRef="From20110101To20110331" decimals="-3" unitRef="TWD">27198000</tw-gaap-ci:ResearchDevelopmentExpenses>
	<tw-gaap-ci:OperatingExpenses contextRef="From20120101To20120331" decimals="-3" unitRef="TWD">92836000</tw-gaap-ci:OperatingExpenses>
	<tw-gaap-ci:OperatingExpenses contextRef="From20110101To20110331" decimals="-3" unitRef="TWD">97535000</tw-gaap-ci:OperatingExpenses>
	<tw-gaap-ci:OperatingIncomeLoss contextRef="From20120101To20120331" decimals="-3" unitRef="TWD">74472000</tw-gaap-ci:OperatingIncomeLoss>
	<tw-gaap-ci:OperatingIncomeLoss contextRef="From20110101To20110331" decimals="-3" unitRef="TWD">109280000</tw-gaap-ci:OperatingIncomeLoss>
	<tw-gaap-ci:InterestIncome contextRef="From20120101To20120331" decimals="-3" unitRef="TWD">3767000</tw-gaap-ci:InterestIncome>
	<tw-gaap-ci:InterestIncome contextRef="From20110101To20110331" decimals="-3" unitRef="TWD">3696000</tw-gaap-ci:InterestIncome>
	<tw-gaap-ci:ForeignExchangeGains contextRef="From20120101To20120331" decimals="-3" unitRef="TWD">0</tw-gaap-ci:ForeignExchangeGains>
	<tw-gaap-ci:ForeignExchangeGains contextRef="From20110101To20110331" decimals="-3" unitRef="TWD">15436000</tw-gaap-ci:ForeignExchangeGains>
	<tw-gaap-ci:MiscellaneousIncome contextRef="From20120101To20120331" decimals="-3" unitRef="TWD">6924000</tw-gaap-ci:MiscellaneousIncome>
	<tw-gaap-ci:MiscellaneousIncome contextRef="From20110101To20110331" decimals="-3" unitRef="TWD">5808000</tw-gaap-ci:MiscellaneousIncome>
	<tw-gaap-ci:NonOperatingIncomeGains contextRef="From20120101To20120331" decimals="-3" unitRef="TWD">10691000</tw-gaap-ci:NonOperatingIncomeGains>
	<tw-gaap-ci:NonOperatingIncomeGains contextRef="From20110101To20110331" decimals="-3" unitRef="TWD">24940000</tw-gaap-ci:NonOperatingIncomeGains>
	<tw-gaap-ci:NonOperatingExpensesInvestmentLoss contextRef="From20120101To20120331" decimals="-3" unitRef="TWD">8801000</tw-gaap-ci:NonOperatingExpensesInvestmentLoss>
	<tw-gaap-ci:NonOperatingExpensesInvestmentLoss contextRef="From20110101To20110331" decimals="-3" unitRef="TWD">1261000</tw-gaap-ci:NonOperatingExpensesInvestmentLoss>
	<tw-gaap-ci:ForeignExchangeLosses contextRef="From20120101To20120331" decimals="-3" unitRef="TWD">27400000</tw-gaap-ci:ForeignExchangeLosses>
	<tw-gaap-ci:ForeignExchangeLosses contextRef="From20110101To20110331" decimals="-3" unitRef="TWD">0</tw-gaap-ci:ForeignExchangeLosses>
	<tw-gaap-ci:MiscellaneousDisbursements contextRef="From20120101To20120331" decimals="-3" unitRef="TWD">791000</tw-gaap-ci:MiscellaneousDisbursements>
	<tw-gaap-ci:MiscellaneousDisbursements contextRef="From20110101To20110331" decimals="-3" unitRef="TWD">799000</tw-gaap-ci:MiscellaneousDisbursements>
	<tw-gaap-ci:NonOperatingExpenses contextRef="From20120101To20120331" decimals="-3" unitRef="TWD">36992000</tw-gaap-ci:NonOperatingExpenses>
	<tw-gaap-ci:NonOperatingExpenses contextRef="From20110101To20110331" decimals="-3" unitRef="TWD">2060000</tw-gaap-ci:NonOperatingExpenses>
	<tw-gaap-ci:IncomeContinuingOperationsBeforeIncomeTax contextRef="From20120101To20120331" decimals="-3" unitRef="TWD">48171000</tw-gaap-ci:IncomeContinuingOperationsBeforeIncomeTax>
	<tw-gaap-ci:IncomeContinuingOperationsBeforeIncomeTax contextRef="From20110101To20110331" decimals="-3" unitRef="TWD">132160000</tw-gaap-ci:IncomeContinuingOperationsBeforeIncomeTax>
	<tw-gaap-ci:IncomeTaxExpenseBenefit contextRef="From20120101To20120331" decimals="-3" unitRef="TWD">10000000</tw-gaap-ci:IncomeTaxExpenseBenefit>
	<tw-gaap-ci:IncomeTaxExpenseBenefit contextRef="From20110101To20110331" decimals="-3" unitRef="TWD">25000000</tw-gaap-ci:IncomeTaxExpenseBenefit>
	<tw-gaap-ci:IncomeContinuingOperations contextRef="From20120101To20120331" decimals="-3" unitRef="TWD">38171000</tw-gaap-ci:IncomeContinuingOperations>
	<tw-gaap-ci:IncomeContinuingOperations contextRef="From20110101To20110331" decimals="-3" unitRef="TWD">107160000</tw-gaap-ci:IncomeContinuingOperations>
	<tw-gaap-ci:NetIncomeLoss contextRef="From20120101To20120331" decimals="-3" unitRef="TWD">38171000</tw-gaap-ci:NetIncomeLoss>
	<tw-gaap-ci:NetIncomeLoss contextRef="From20110101To20110331" decimals="-3" unitRef="TWD">107160000</tw-gaap-ci:NetIncomeLoss>
	<tw-gaap-ci:PrimaryEarningsPerShare contextRef="From20120101To20120331" decimals="2" unitRef="TWD">0.21</tw-gaap-ci:PrimaryEarningsPerShare>
	<tw-gaap-ci:PrimaryEarningsPerShare contextRef="From20110101To20110331" decimals="2" unitRef="TWD">0.60</tw-gaap-ci:PrimaryEarningsPerShare>
	<tw-gaap-ci:DilutedEarningsPerShare contextRef="From20120101To20120331" decimals="2" unitRef="TWD">0.21</tw-gaap-ci:DilutedEarningsPerShare>
	<tw-gaap-ci:DilutedEarningsPerShare contextRef="From20110101To20110331" decimals="2" unitRef="TWD">0.60</tw-gaap-ci:DilutedEarningsPerShare>
	<tw-gaap-ci:NetIncomeLoss_StatementCashFlows contextRef="From20120101To20120331" decimals="-3" unitRef="TWD">38171000</tw-gaap-ci:NetIncomeLoss_StatementCashFlows>
	<tw-gaap-ci:NetIncomeLoss_StatementCashFlows contextRef="From20110101To20110331" decimals="-3" unitRef="TWD">107160000</tw-gaap-ci:NetIncomeLoss_StatementCashFlows>
	<tw-gaap-ci:DepreciationExpense-Operating contextRef="From20120101To20120331" decimals="-3" unitRef="TWD">3252000</tw-gaap-ci:DepreciationExpense-Operating>
	<tw-gaap-ci:DepreciationExpense-Operating contextRef="From20110101To20110331" decimals="-3" unitRef="TWD">2949000</tw-gaap-ci:DepreciationExpense-Operating>
	<tw-gaap-ci:InvestmentLossIncomeRecognizedEquityMethod contextRef="From20120101To20120331" decimals="-3" unitRef="TWD">8801000</tw-gaap-ci:InvestmentLossIncomeRecognizedEquityMethod>
	<tw-gaap-ci:InvestmentLossIncomeRecognizedEquityMethod contextRef="From20110101To20110331" decimals="-3" unitRef="TWD">1261000</tw-gaap-ci:InvestmentLossIncomeRecognizedEquityMethod>
	<tw-gaap-ci:GainsLossesSaleInvestments contextRef="From20120101To20120331" decimals="-3" unitRef="TWD">-533000</tw-gaap-ci:GainsLossesSaleInvestments>
	<tw-gaap-ci:GainsLossesSaleInvestments contextRef="From20110101To20110331" decimals="-3" unitRef="TWD">0</tw-gaap-ci:GainsLossesSaleInvestments>
	<tw-gaap-ci:UnrealizedGainInteraffiliateAccounts_StatementCashFlows contextRef="From20120101To20120331" decimals="-3" unitRef="TWD">17880000</tw-gaap-ci:UnrealizedGainInteraffiliateAccounts_StatementCashFlows>
	<tw-gaap-ci:UnrealizedGainInteraffiliateAccounts_StatementCashFlows contextRef="From20110101To20110331" decimals="-3" unitRef="TWD">40891000</tw-gaap-ci:UnrealizedGainInteraffiliateAccounts_StatementCashFlows>
	<tw-gaap-ci:RealizedGainInteraffiliateAccounts_StatementCashFlows contextRef="From20120101To20120331" decimals="-3" unitRef="TWD">-40479000</tw-gaap-ci:RealizedGainInteraffiliateAccounts_StatementCashFlows>
	<tw-gaap-ci:RealizedGainInteraffiliateAccounts_StatementCashFlows contextRef="From20110101To20110331" decimals="-3" unitRef="TWD">-36047000</tw-gaap-ci:RealizedGainInteraffiliateAccounts_StatementCashFlows>
	<tw-gaap-ci:UnrealizedExchangeGainLoss contextRef="From20120101To20120331" decimals="-3" unitRef="TWD">5960000</tw-gaap-ci:UnrealizedExchangeGainLoss>
	<tw-gaap-ci:UnrealizedExchangeGainLoss contextRef="From20110101To20110331" decimals="-3" unitRef="TWD">-1270000</tw-gaap-ci:UnrealizedExchangeGainLoss>
	<tw-gaap-ci:LossGainDeferredIncomeTax contextRef="From20120101To20120331" decimals="-3" unitRef="TWD">2056000</tw-gaap-ci:LossGainDeferredIncomeTax>
	<tw-gaap-ci:LossGainDeferredIncomeTax contextRef="From20110101To20110331" decimals="-3" unitRef="TWD">8057000</tw-gaap-ci:LossGainDeferredIncomeTax>
	<tw-gaap-ci:OtherAdjustmentsReconcileNetIncomeNetCashProvidedUsedOperatingActivities contextRef="From20120101To20120331" decimals="-3" unitRef="TWD">-354000</tw-gaap-ci:OtherAdjustmentsReconcileNetIncomeNetCashProvidedUsedOperatingActivities>
	<tw-gaap-ci:OtherAdjustmentsReconcileNetIncomeNetCashProvidedUsedOperatingActivities contextRef="From20110101To20110331" decimals="-3" unitRef="TWD">-331000</tw-gaap-ci:OtherAdjustmentsReconcileNetIncomeNetCashProvidedUsedOperatingActivities>
	<tw-gaap-ci:AdjustmentsReconcileNetIncomeNetCashProvidedUsedOperatingActivities contextRef="From20120101To20120331" decimals="-3" unitRef="TWD">-3417000</tw-gaap-ci:AdjustmentsReconcileNetIncomeNetCashProvidedUsedOperatingActivities>
	<tw-gaap-ci:AdjustmentsReconcileNetIncomeNetCashProvidedUsedOperatingActivities contextRef="From20110101To20110331" decimals="-3" unitRef="TWD">15510000</tw-gaap-ci:AdjustmentsReconcileNetIncomeNetCashProvidedUsedOperatingActivities>
	<tw-gaap-ci:ChangesNotesReceivable contextRef="From20120101To20120331" decimals="-3" unitRef="TWD">510000</tw-gaap-ci:ChangesNotesReceivable>
	<tw-gaap-ci:ChangesNotesReceivable contextRef="From20110101To20110331" decimals="-3" unitRef="TWD">856000</tw-gaap-ci:ChangesNotesReceivable>
	<tw-gaap-ci:ChangesAccountsReceivable contextRef="From20120101To20120331" decimals="-3" unitRef="TWD">-36552000</tw-gaap-ci:ChangesAccountsReceivable>
	<tw-gaap-ci:ChangesAccountsReceivable contextRef="From20110101To20110331" decimals="-3" unitRef="TWD">-167155000</tw-gaap-ci:ChangesAccountsReceivable>
	<tw-gaap-ci:ChangesAccountsReceivableRelatedParties contextRef="From20120101To20120331" decimals="-3" unitRef="TWD">286173000</tw-gaap-ci:ChangesAccountsReceivableRelatedParties>
	<tw-gaap-ci:ChangesAccountsReceivableRelatedParties contextRef="From20110101To20110331" decimals="-3" unitRef="TWD">-240178000</tw-gaap-ci:ChangesAccountsReceivableRelatedParties>
	<tw-gaap-ci:ChangesInventories contextRef="From20120101To20120331" decimals="-3" unitRef="TWD">108562000</tw-gaap-ci:ChangesInventories>
	<tw-gaap-ci:ChangesInventories contextRef="From20110101To20110331" decimals="-3" unitRef="TWD">65949000</tw-gaap-ci:ChangesInventories>
	<tw-gaap-ci:ChangesOtherCurrentAssets_CI contextRef="From20120101To20120331" decimals="-3" unitRef="TWD">-134654000</tw-gaap-ci:ChangesOtherCurrentAssets_CI>
	<tw-gaap-ci:ChangesOtherCurrentAssets_CI contextRef="From20110101To20110331" decimals="-3" unitRef="TWD">-22976000</tw-gaap-ci:ChangesOtherCurrentAssets_CI>
	<tw-gaap-ci:ChangesOperatingAssets contextRef="From20120101To20120331" decimals="-3" unitRef="TWD">224039000</tw-gaap-ci:ChangesOperatingAssets>
	<tw-gaap-ci:ChangesOperatingAssets contextRef="From20110101To20110331" decimals="-3" unitRef="TWD">-363504000</tw-gaap-ci:ChangesOperatingAssets>
	<tw-gaap-ci:ChangesNotesPayable contextRef="From20120101To20120331" decimals="-3" unitRef="TWD">-854000</tw-gaap-ci:ChangesNotesPayable>
	<tw-gaap-ci:ChangesNotesPayable contextRef="From20110101To20110331" decimals="-3" unitRef="TWD">-616000</tw-gaap-ci:ChangesNotesPayable>
	<tw-gaap-ci:ChangesAccountsPayable contextRef="From20120101To20120331" decimals="-3" unitRef="TWD">-148173000</tw-gaap-ci:ChangesAccountsPayable>
	<tw-gaap-ci:ChangesAccountsPayable contextRef="From20110101To20110331" decimals="-3" unitRef="TWD">256210000</tw-gaap-ci:ChangesAccountsPayable>
	<tw-gaap-ci:ChangesIncomeTaxPayable contextRef="From20120101To20120331" decimals="-3" unitRef="TWD">7945000</tw-gaap-ci:ChangesIncomeTaxPayable>
	<tw-gaap-ci:ChangesIncomeTaxPayable contextRef="From20110101To20110331" decimals="-3" unitRef="TWD">16785000</tw-gaap-ci:ChangesIncomeTaxPayable>
	<tw-gaap-ci:ChangesAccruedExpenses contextRef="From20120101To20120331" decimals="-3" unitRef="TWD">-45595000</tw-gaap-ci:ChangesAccruedExpenses>
	<tw-gaap-ci:ChangesAccruedExpenses contextRef="From20110101To20110331" decimals="-3" unitRef="TWD">-14283000</tw-gaap-ci:ChangesAccruedExpenses>
	<tw-gaap-ci:ChangesOtherCurrentLiabilities_CI contextRef="From20120101To20120331" decimals="-3" unitRef="TWD">-440000</tw-gaap-ci:ChangesOtherCurrentLiabilities_CI>
	<tw-gaap-ci:ChangesOtherCurrentLiabilities_CI contextRef="From20110101To20110331" decimals="-3" unitRef="TWD">1054000</tw-gaap-ci:ChangesOtherCurrentLiabilities_CI>
	<tw-gaap-ci:ChangesOperatingLiabilities contextRef="From20120101To20120331" decimals="-3" unitRef="TWD">-187117000</tw-gaap-ci:ChangesOperatingLiabilities>
	<tw-gaap-ci:ChangesOperatingLiabilities contextRef="From20110101To20110331" decimals="-3" unitRef="TWD">259150000</tw-gaap-ci:ChangesOperatingLiabilities>
	<tw-gaap-ci:ChangesOperatingAssetsLiabilities contextRef="From20120101To20120331" decimals="-3" unitRef="TWD">36922000</tw-gaap-ci:ChangesOperatingAssetsLiabilities>
	<tw-gaap-ci:ChangesOperatingAssetsLiabilities contextRef="From20110101To20110331" decimals="-3" unitRef="TWD">-104354000</tw-gaap-ci:ChangesOperatingAssetsLiabilities>
	<tw-gaap-ci:NetCashProvidedUsedOperatingActivities contextRef="From20120101To20120331" decimals="-3" unitRef="TWD">71676000</tw-gaap-ci:NetCashProvidedUsedOperatingActivities>
	<tw-gaap-ci:NetCashProvidedUsedOperatingActivities contextRef="From20110101To20110331" decimals="-3" unitRef="TWD">18316000</tw-gaap-ci:NetCashProvidedUsedOperatingActivities>
	<tw-gaap-ci:AcquisitionAvailableSaleFinancialAssets contextRef="From20120101To20120331" decimals="-3" unitRef="TWD">-235348000</tw-gaap-ci:AcquisitionAvailableSaleFinancialAssets>
	<tw-gaap-ci:AcquisitionAvailableSaleFinancialAssets contextRef="From20110101To20110331" decimals="-3" unitRef="TWD">-272678000</tw-gaap-ci:AcquisitionAvailableSaleFinancialAssets>
	<tw-gaap-ci:ProceedsDisposalAvailableSaleFinancialAssets contextRef="From20120101To20120331" decimals="-3" unitRef="TWD">197265000</tw-gaap-ci:ProceedsDisposalAvailableSaleFinancialAssets>
	<tw-gaap-ci:ProceedsDisposalAvailableSaleFinancialAssets contextRef="From20110101To20110331" decimals="-3" unitRef="TWD">250567000</tw-gaap-ci:ProceedsDisposalAvailableSaleFinancialAssets>
	<tw-gaap-ci:AcquisitionPropertyPlantEquipment contextRef="From20120101To20120331" decimals="-3" unitRef="TWD">-581000</tw-gaap-ci:AcquisitionPropertyPlantEquipment>
	<tw-gaap-ci:AcquisitionPropertyPlantEquipment contextRef="From20110101To20110331" decimals="-3" unitRef="TWD">-3195000</tw-gaap-ci:AcquisitionPropertyPlantEquipment>
	<tw-gaap-ci:ChangesRefundableDeposits contextRef="From20120101To20120331" decimals="-3" unitRef="TWD">442000</tw-gaap-ci:ChangesRefundableDeposits>
	<tw-gaap-ci:ChangesRefundableDeposits contextRef="From20110101To20110331" decimals="-3" unitRef="TWD">715000</tw-gaap-ci:ChangesRefundableDeposits>
	<tw-gaap-ci:ChangesOtherFinancialAssets contextRef="From20120101To20120331" decimals="-3" unitRef="TWD">124000</tw-gaap-ci:ChangesOtherFinancialAssets>
	<tw-gaap-ci:ChangesOtherFinancialAssets contextRef="From20110101To20110331" decimals="-3" unitRef="TWD">-2000</tw-gaap-ci:ChangesOtherFinancialAssets>
	<tw-gaap-ci:ChamgesOtherAssets contextRef="From20120101To20120331" decimals="-3" unitRef="TWD">-377000</tw-gaap-ci:ChamgesOtherAssets>
	<tw-gaap-ci:ChamgesOtherAssets contextRef="From20110101To20110331" decimals="-3" unitRef="TWD">-374000</tw-gaap-ci:ChamgesOtherAssets>
	<tw-gaap-ci:NetCashProvidedUsedInvestingActivities contextRef="From20120101To20120331" decimals="-3" unitRef="TWD">-38475000</tw-gaap-ci:NetCashProvidedUsedInvestingActivities>
	<tw-gaap-ci:NetCashProvidedUsedInvestingActivities contextRef="From20110101To20110331" decimals="-3" unitRef="TWD">-24967000</tw-gaap-ci:NetCashProvidedUsedInvestingActivities>
	<tw-gaap-ci:ChangesGuaranteeDepositsReceived contextRef="From20120101To20120331" decimals="-3" unitRef="TWD">-312000</tw-gaap-ci:ChangesGuaranteeDepositsReceived>
	<tw-gaap-ci:ChangesGuaranteeDepositsReceived contextRef="From20110101To20110331" decimals="-3" unitRef="TWD">320000</tw-gaap-ci:ChangesGuaranteeDepositsReceived>
	<tw-gaap-ci:NetCashProvidedUsedFinancingActivities contextRef="From20120101To20120331" decimals="-3" unitRef="TWD">-312000</tw-gaap-ci:NetCashProvidedUsedFinancingActivities>
	<tw-gaap-ci:NetCashProvidedUsedFinancingActivities contextRef="From20110101To20110331" decimals="-3" unitRef="TWD">320000</tw-gaap-ci:NetCashProvidedUsedFinancingActivities>
	<tw-gaap-ci:NetChangesCashCashEquivalents contextRef="From20120101To20120331" decimals="-3" unitRef="TWD">32889000</tw-gaap-ci:NetChangesCashCashEquivalents>
	<tw-gaap-ci:NetChangesCashCashEquivalents contextRef="From20110101To20110331" decimals="-3" unitRef="TWD">-6331000</tw-gaap-ci:NetChangesCashCashEquivalents>
	<tw-gaap-ci:CashCashEquivalents contextRef="AsOf20120101" decimals="-3" unitRef="TWD">842852000</tw-gaap-ci:CashCashEquivalents>
	<tw-gaap-ci:CashCashEquivalents contextRef="AsOf20110101" decimals="-3" unitRef="TWD">1281753000</tw-gaap-ci:CashCashEquivalents>
	<tw-gaap-ci:InterestPaid contextRef="From20120101To20120331" decimals="-3" unitRef="TWD">3000</tw-gaap-ci:InterestPaid>
	<tw-gaap-ci:InterestPaid contextRef="From20110101To20110331" decimals="-3" unitRef="TWD">2000</tw-gaap-ci:InterestPaid>
	<tw-gaap-ci:InterestPaidExcludingCapitalizedInterest contextRef="From20120101To20120331" decimals="-3" unitRef="TWD">3000</tw-gaap-ci:InterestPaidExcludingCapitalizedInterest>
	<tw-gaap-ci:InterestPaidExcludingCapitalizedInterest contextRef="From20110101To20110331" decimals="-3" unitRef="TWD">2000</tw-gaap-ci:InterestPaidExcludingCapitalizedInterest>
	<tw-gaap-ci:IncomeTaxPaid contextRef="From20120101To20120331" decimals="-3" unitRef="TWD">0</tw-gaap-ci:IncomeTaxPaid>
	<tw-gaap-ci:IncomeTaxPaid contextRef="From20110101To20110331" decimals="-3" unitRef="TWD">158000</tw-gaap-ci:IncomeTaxPaid>
	<tw-gaap-ar:AccountantName contextRef="AsOf20120425">勤業眾信聯合會計師事務所</tw-gaap-ar:AccountantName>
	<tw-gaap-ar:AssuranceAccountantName1 contextRef="AsOf20120425">楊清鎮</tw-gaap-ar:AssuranceAccountantName1>
	<tw-gaap-ar:AssuranceAccountantName2 contextRef="AsOf20120425">劉水恩</tw-gaap-ar:AssuranceAccountantName2>
	<tw-gaap-ar:ReviewAuditDate contextRef="AsOf20120425">2012-04-25</tw-gaap-ar:ReviewAuditDate>
	<tw-gaap-ar:ReviewReport contextRef="AsOf20120425">Y</tw-gaap-ar:ReviewReport>
	<tw-gaap-ar:QualifiedOpinionAbstract contextRef="AsOf20120425">Y</tw-gaap-ar:QualifiedOpinionAbstract>
	<tw-gaap-ar:ByInvestmentCompaniesWithoutAccountantAuditReportRecognizedGainLoss contextRef="AsOf20120425">Y</tw-gaap-ar:ByInvestmentCompaniesWithoutAccountantAuditReportRecognizedGainLoss>
	<tw-gaap-ar:DescriptionEmphasizeItemBody contextRef="AsOf20120425"><![CDATA[]]></tw-gaap-ar:DescriptionEmphasizeItemBody>
	<tw-gaap-ar:DescriptionOtherItemBody contextRef="AsOf20120425"><![CDATA[]]></tw-gaap-ar:DescriptionOtherItemBody>
	<tw-gaap-ar:AccountantsReportBody contextRef="AsOf20120425"><![CDATA[會計師核閱報告

映泰股份有限公司　公鑒：

　　映泰股份有限公司民國一○一年及一○○年三月三十一日之資產負債
表，暨民國一○一年及一○○年一月一日至三月三十一日之損益表及現金流
量表，業經本會計師核閱竣事。上開財務報表之編製係公司管理階層之責任，
本會計師之責任則為根據核閱結果出具報告。
　　除下段所述者外，本會計師係依照審計準則公報第三十六號「財務報表
之核閱」規劃並執行核閱工作。由於本會計師僅實施分析、比較與查詢，並
未依照一般公認審計準則查核，故無法對上開財務報表之整體表示查核意見。
　　如財務報表附註九所述，映泰股份有限公司民國一○一年及一○○年三
月三十一日採權益法評價之長期股權投資餘額分別計新台幣375,637仟元及
228,656仟元，及民國一○一年及一○○年一月一日至三月三十一日認列之投
資損失分別計新台幣8,801仟元及1,261仟元，暨財務報表附註二四附註揭露
事項所述轉投資事業之相關資訊，係依據被投資公司同期間未經會計師核閱 
之財務報表認列與揭露。
　　依本會計師核閱結果，除上段所述按權益法評價之長期股權投資及其有
關投資損益暨轉投資事業之相關資訊，係依據未經會計師核閱之財務報表認
列與揭露，倘該等財務報表經會計師核閱而有所調整時，對於民國一○一及
一○○年第一季財務報表之可能影響外，並未發現第一段所述財務報表在所
有重大方面有違反證券發行人財務報告編製準則、商業會計法及商業會計處
理準則中與財務會計準則相關之規定暨一般公認會計原則而須作修正之情
事。

勤業眾信聯合會計師事務所
會 計 師　　楊　　清　　鎮　　　　　　  會 計 師　　劉　　水　　恩　　　　


財政部證券暨期貨管理委員會核准文號　　財政部證券暨期貨管理委員會核准文號
　台財證六字第0920123784號　　　　　  　台財證六字第0920123784號　　　　


中　　　華　　　民　　　國　　一○一　　年　　四　　月　　二十五　　日


]]></tw-gaap-ar:AccountantsReportBody>
	<tw-gaap-notes:FinancialReportNotes contextRef="From20120101To20120331"><![CDATA[http://doc.twse.com.tw/server-java/t57sb01?step=1&colorchg=1&co_id=2399&year=101&seamon=1&mtype=A&]]></tw-gaap-notes:FinancialReportNotes>
	<tw-gaap-notes:OrganizationAndOperations contextRef="From20120101To20120331"><![CDATA[　　本公司係依公司法及其他有關法令規定設立，於七十九年八月二
十九日經經濟部核准頒發公司執照，同年十一月二十八日取得營利事
業登記證，以經營製造銷售電腦主機板及顯示卡等為主要業務。
　　本公司股票於八十七年十二月間開始於中華民國證券櫃檯買賣中
心上櫃買賣，嗣於八十八年十二月間轉於台灣證券交易所上市買賣。
　　本公司一○一年及一○○年三月三十一日員工人數分別為166人
及160人。



]]></tw-gaap-notes:OrganizationAndOperations>
	<tw-gaap-notes:StatementOfFinancialStatementsPreparedInAccordanceWithRelatedRegulationsAndGenerallyAcceptedAccountingPrinciples contextRef="From20120101To20120331"><![CDATA[　　本財務報表係依照證券發行人財務報告編製準則、商業會計法、
商業會計處理準則及一般公認會計原則編製。重要會計政策彙總說明
如下：


]]></tw-gaap-notes:StatementOfFinancialStatementsPreparedInAccordanceWithRelatedRegulationsAndGenerallyAcceptedAccountingPrinciples>
	<tw-gaap-notes:ForeignCurrencyTransactionsAndTranslationOfForeignCurrencyFinancialStatements contextRef="From20120101To20120331"><![CDATA[　　非衍生性商品之外幣交易所產生之各項外幣資產、負債、收入
或費用，按交易日之即期匯率折算新台幣金額入帳。外幣資產及負
債實際收付結清時所產生之兌換差額，作為當期損益。
　　資產負債表日之外幣貨幣性資產或負債，按該日即期匯率予以
調整，兌換差額列為當期損益。
　　外幣長期投資按權益法計價者，以被投資公司之外幣財務報表
換算如下：資產及負債科目均按資產負債表日之即期匯率換算；股
東權益中除年初保留盈餘以上年底換算後之餘額結轉外，其餘均按
歷史匯率換算；股利按宣告日之匯率換算；損益科目按加權平均匯
率換算；換算所產生之差額列入累積換算調整數，作為股東權益之
調整項目。
　　前述即期匯率係以台灣銀行之中價為評價基礎。


]]></tw-gaap-notes:ForeignCurrencyTransactionsAndTranslationOfForeignCurrencyFinancialStatements>
	<tw-gaap-notes:UseOfEstimates contextRef="From20120101To20120331"><![CDATA[　　依照前述準則、法令及原則編製財務報表時，本公司對於備抵
呆帳、存貨跌價損失、固定資產及出租資產折舊、所得稅、退休金、
商品保固準備以及員工分紅及董監酬勞費用等之提列，必須使用合
理之估計金額，因估計涉及判斷，實際結果可能有所差異。


]]></tw-gaap-notes:UseOfEstimates>
	<tw-gaap-notes:ClassificationOfCurrentAndNoncurrentAssetsAndLiabilities contextRef="From20120101To20120331"><![CDATA[　　流動資產包括現金及約當現金，以及主要為交易目的而持有之
資產或預期於資產負債表日後一年內變現之資產；固定資產、出租
資產及其他不屬於流動資產之資產為非流動資產。流動負債包括主
要為交易目的而發生之負債，以及須於資產負債表日後一年內清償
之負債，負債不屬於流動負債者為非流動負債。


]]></tw-gaap-notes:ClassificationOfCurrentAndNoncurrentAssetsAndLiabilities>
	<tw-gaap-notes:AvailableForSaleFinancialAssets contextRef="From20120101To20120331"><![CDATA[　　備供出售金融資產於原始認列時，以公平價值衡量，並加計取
得之交易成本；後續評價以公平價值衡量，且其價值變動列為股東
權益調整項目，累積之利益或損失於金融資產除列時，列入當期損
益。依交易慣例購買或出售金融資產時，採用交易日會計處理。
　　公平價值之基礎：上市（櫃）證券係資產負債表日之收盤價，
開放型基金受益憑證係資產負債表日之淨資產價值，債券係財團法
人中華民國證券櫃檯買賣中心資產負債表日之參考價。
　　現金股利於除息日認列收益。股票股利不列為投資收益，僅註
記股數增加，並按增加後之總股數重新計算每股成本。
　　若有減損之客觀證據，則認列減損損失。若後續期間減損金額
減少，備供出售權益商品之減損減少金額認列為股東權益調整項
目；備供出售債務商品之減損減少金額若明顯與認列減損後發生之
事件有關，則予以迴轉並認列為當期損益。


]]></tw-gaap-notes:AvailableForSaleFinancialAssets>
	<tw-gaap-notes:FinancialAssetsMeasuredAtCost contextRef="From20120101To20120331"><![CDATA[　　無法可靠衡量公平價值之權益商品投資，包括未上市（櫃）股
票及興櫃股票等，以原始認列之成本衡量。股利之會計處理，與備
供出售金融資產相同。若有減損之客觀證據，則認列減損損失，此
減損金額不予迴轉。


]]></tw-gaap-notes:FinancialAssetsMeasuredAtCost>
	<tw-gaap-notes:NotesAndAccountsReceivableOtherReceivable contextRef="From20120101To20120331"><![CDATA[　　本公司係於貨物之所有權及顯著風險移轉予客戶時認列銷貨收
入，因其獲利過程大部分已完成，且已實現或可實現。去料加工時，
加工產品之所有權及顯著風險並未移轉，是以去料時不作銷貨處理。
　　銷貨收入係按本公司與買方所協議交易對價（考量商業折扣及
數量折扣後）之公平價值衡量；惟銷貨收入之對價為一年期以內之
應收款時，其公平價值與到期值差異不大且交易量頻繁，則不按設
算利率計算公平價值。
　　本公司對於應收帳款係於每一資產負債表日評估其減損跡象，
當有客觀證據顯示，因應收帳款原始認列後發生之單一或多項事
件，致使應收帳款之估計未來現金流量受影響者，該應收帳款則視
為已減損。
　　備抵呆帳係按應收款項之收回可能性評估提列。本公司係依據
對客戶之應收帳款帳齡分析、信用評等及經濟環境等因素，定期評
估應收帳款之收回可能性。
　　如附註三所述，本公司自一○○年一月一日起採用財務會計準
則公報第三十四號「金融商品之會計處理準則」第三次修訂條文，
修訂條文將原始產生之應收款納入適用範圍，故本公司對於應收帳
款係於每一資產負債表日評估其減損跡象，當有客觀證據顯示，因
應收帳款原始認列後發生之單一或多項事件，致使應收帳款之估計
未來現金流量受影響者，該應收帳款則視為已減損。客觀之減損證
據可能包含：
1.債務人發生顯著財務困難；或
2.應收帳款發生逾期之情形；或
3.債務人很有可能倒閉或進行其他財務重整。
　　針對某些應收款項經個別評估未有減損後，另再以組合基礎來
評估減損。應收帳款組合之客觀減損證據可能包含本公司過去收款
經驗、該組合之延遲付款增加情況，以及與應收帳款違約有關之可
觀察全國性或區域性經濟情勢變化。
　　認列之減損損失金額係為該資產之帳面金額與預期未來現金流
量（已反映擔保品或保證之影響）以該應收帳款原始有效利率折現
值之間的差額。應收款項之帳面金額係藉由備抵評價科目調降。當
應收款項視為無法回收時，係沖銷備抵評價科目。原先已沖銷而後
續回收之款項係貸記備抵評價科目。備抵評價科目帳面金額之變動
認列為呆帳損失。


]]></tw-gaap-notes:NotesAndAccountsReceivableOtherReceivable>
	<tw-gaap-notes:ImpairmentOfNonFinancialAsset contextRef="From20120101To20120331"><![CDATA[　　倘資產（主要為固定資產、出租資產與採權益法評價之長期股
權投資及以成本衡量之金融資產）以其相關可回收金額衡量帳面價
值有重大減損時，就其減損部分認列損失。嗣後若資產可回收金額
增加時，將減損損失之迴轉認列為利益，惟資產於減損損失迴轉後
之帳面價值，不得超過該項資產在未認列減損損失之情況下，減除
應提列攤銷後之帳面價值。對僅具重大影響力而未具控制能力之長
期股權投資，係以其個別長期股權投資帳面價值為基礎，比較個別
投資之可回收金額與帳面價值以計算該投資之減損損失。


]]></tw-gaap-notes:ImpairmentOfNonFinancialAsset>
	<tw-gaap-notes:Inventories contextRef="From20120101To20120331"><![CDATA[　　存貨包括原料、製成品及在製品。存貨係以成本與淨變現價值
孰低計價，比較成本與淨變現價值時除同類別存貨外係以個別項目
為基礎。淨變現價值係指在正常情況下之估計售價減除至完工尚需
投入之成本及銷售費用後之餘額。存貨成本之計算採用加權平均法。


]]></tw-gaap-notes:Inventories>
	<tw-gaap-notes:LongTermInvestmentsUnderEquityMethod contextRef="From20120101To20120331"><![CDATA[　　本公司對被投資公司持有表決權股份達百分之二十以上或具有
重大影響力者，採用權益法評價。
　　本公司與採權益法被投資公司順流交易所產生之利益，按持股
比例予以消除；惟如本公司對該被投資公司有控制能力，則予全部
消除。本公司與採權益法被投資公司逆流交易所產生之利益，按持
股比例予以消除。
　　本公司對於已達控制能力之被投資公司，若因認列其虧損致使
對該被投資公司之長期投資帳面餘額為負數時，除被投資公司之其
他股東有義務並能夠提出額外資金承擔其損失者外，本公司全額吸
收超過該被投資公司股東原有權益之損失金額，若該被投資公司日
後獲利，則該利益先歸屬至本公司，直至原多承擔之損失完全回復
為止。


]]></tw-gaap-notes:LongTermInvestmentsUnderEquityMethod>
	<tw-gaap-notes:PropertyPlantAndEquipmentAssetsLeasedToOthersAndIdleAssets contextRef="From20120101To20120331"><![CDATA[　　固定資產及出租資產以成本減累計折舊計價。重大之更新及改
良作為資本支出；修理及維護支出則作為當期費用。

　　折舊採用平均法依下列耐用年限計提：房屋及建築，三年至五
十五年；機器設備，三年至九年；其他設備，二年至五年。耐用年
限屆滿仍繼續使用之固定資產，則就其殘值按重行估計可使用年數
繼續提列折舊。
　　固定資產及出租資產出售或報廢時，其相關成本及累計折舊均
自帳上減除。處分固定資產之利益或損失，依其性質列為當年度之
營業外利益或損失。


]]></tw-gaap-notes:PropertyPlantAndEquipmentAssetsLeasedToOthersAndIdleAssets>
	<tw-gaap-notes:PensionPlan contextRef="From20120101To20120331"><![CDATA[　　屬確定給付退休辦法之退休金係按精算結果認列；屬確定提撥
退休辦法之退休金，係於員工提供服務之期間，將應提撥之退休金
數額認列為當期費用。
　　確定給付退休辦法發生縮減或清償時，將縮減或清償損益列入
當期之淨退休金成本。



]]></tw-gaap-notes:PensionPlan>
	<tw-gaap-notes:IncomeTax contextRef="From20120101To20120331"><![CDATA[　　所得稅作同期間及跨期間之分攤。可減除暫時性差異認列為遞
延所得稅資產，並評估其可實現性，認列備抵評價金額；應課稅暫
時性差異之所得稅影響數則認列為遞延所得稅負債。遞延所得稅資
產或負債依其相關資產或負債之分類劃分為流動或非流動項目，無
相關之資產或負債者，依預期回轉期間劃分為流動或非流動項目。
　　購置機器設備、研究發展及人才培訓等支出所產生之所得稅抵
減，採用當期認列法處理。
　　以前年度應付所得稅之調整，列入當期所得稅。
　　依所得稅法規定計算之未分配盈餘加徵百分之十所得稅，列為
股東會決議年度之所得稅費用。



]]></tw-gaap-notes:IncomeTax>
	<tw-gaap-notes:ShareBasedPayment contextRef="From20120101To20120331"><![CDATA[　　發行酬勞性員工認股權，其給與日於九十三年一月一日至九十
六年十二月三十一日間者，係適用財團法人中華民國會計研究發展
基金會解釋函相關規定，本公司選擇採用內含價值法處理，酬勞成
本於符合認股權計畫所規定之員工服務年限內逐期認列為費用。


]]></tw-gaap-notes:ShareBasedPayment>
	<tw-gaap-notes:ChangesInAccountingPrinciples contextRef="From20120101To20120331"><![CDATA[金融商品之會計處理
　　本公司自一○○年一月一日起採用新修訂之財務會計準則公報第
三十四號「金融商品之會計處理準則」。主要之修訂包括(一)將應收租
賃款之減損納入公報適用範圍；(二)修訂保險相關合約之會計準則適用
規範；(三)將原始產生之放款及應收款納入公報適用範圍；(四)增訂以
攤銷後成本衡量之金融資產於債務困難修改條款時之減損規範；及(五)
債務條款修改時債務人之會計處理。此項會計變動，對於一○○年第
一季財務報表無重大影響。
營運部門資訊之揭露
　　本公司自一○○年一月一日起，採用新發布之財務會計準則公報
第四十一號「營運部門資訊之揭露」。該公報之規定係以管理階層制
定營運事項決策時所使用之企業組成部分相關資訊為基礎，營運部門
之辨識則以主要營運決策者定期複核用以分配資源予部門與評量績效
之內部報告為基礎。該公報係取代財務會計準則公報第二十號「部門
別財務資訊之揭露」，採用該公報僅對本公司部門別資訊之報導方式
產生改變。




]]></tw-gaap-notes:ChangesInAccountingPrinciples>
	<tw-gaap-notes:EndorsementGuaranteeProvidedToOthers>
		<tw-gaap-notes:No. contextRef="From20120101To20120331"><![CDATA[0]]></tw-gaap-notes:No.>
		<tw-gaap-notes:CompanyNameOfTheEndorserGuarantor contextRef="From20120101To20120331"><![CDATA[映泰股份有限公司]]></tw-gaap-notes:CompanyNameOfTheEndorserGuarantor>
		<tw-gaap-notes:Counterparty2>
			<tw-gaap-notes:NameOfTheCompany contextRef="From20120101To20120331"><![CDATA[Garnet International Corp.]]></tw-gaap-notes:NameOfTheCompany>
			<tw-gaap-notes:Relationship1 contextRef="From20120101To20120331"><![CDATA[子公司]]></tw-gaap-notes:Relationship1>
		</tw-gaap-notes:Counterparty2>
		<tw-gaap-notes:LimitOnEndorsementGuaranteeAmountProvidedToIndividualCounterparty contextRef="From20120101To20120331" decimals="-3" unitRef="TWD">554785000</tw-gaap-notes:LimitOnEndorsementGuaranteeAmountProvidedToIndividualCounterparty>
		<tw-gaap-notes:MaximumBalanceForThePeriod contextRef="From20120101To20120331" decimals="-3" unitRef="TWD">33200000</tw-gaap-notes:MaximumBalanceForThePeriod>
		<tw-gaap-notes:EndingBalance2 contextRef="AsOf20120331" decimals="-3" unitRef="TWD">33200000</tw-gaap-notes:EndingBalance2>
		<tw-gaap-notes:AmountOfEndorsementsGuaranteesSecuredWithCollateral contextRef="AsOf20120331" decimals="-3" unitRef="TWD">0</tw-gaap-notes:AmountOfEndorsementsGuaranteesSecuredWithCollateral>
		<tw-gaap-notes:RatioOfAccumulatedEndorsementGuaranteeAmountToNetAssetOfTheCompanyPerLatestFinancialStatements contextRef="From20120101To20120331" decimals="4">0.0120</tw-gaap-notes:RatioOfAccumulatedEndorsementGuaranteeAmountToNetAssetOfTheCompanyPerLatestFinancialStatements>
		<tw-gaap-notes:LimitOfTotalGuaranteeEndorsementAmount contextRef="From20120101To20120331" decimals="-3" unitRef="TWD">1386962000</tw-gaap-notes:LimitOfTotalGuaranteeEndorsementAmount>
		<tw-gaap-notes:Note contextRef="From20120101To20120331"><![CDATA[]]></tw-gaap-notes:Note>
	</tw-gaap-notes:EndorsementGuaranteeProvidedToOthers>

	<tw-gaap-notes:TotalEndingBalance2-Parent contextRef="AsOf20120331" unitRef="TWD">33200000</tw-gaap-notes:TotalEndingBalance2-Parent>
	<tw-gaap-notes:TotalEndingBalance2-Subsidiaries contextRef="AsOf20120331" unitRef="TWD">0</tw-gaap-notes:TotalEndingBalance2-Subsidiaries>
	<tw-gaap-notes:NamesLocationsAndRelatedInformationOfInvesteesOverWhichTheCompanyExercisesSignificantInfluence>
		<tw-gaap-notes:CompanyNameOfTheInvestor contextRef="From20120101To20120331"><![CDATA[映泰股份有限公司]]></tw-gaap-notes:CompanyNameOfTheInvestor>
		<tw-gaap-notes:CompanyNameOfTheInvestee contextRef="From20120101To20120331"><![CDATA[Garnet International Corp.]]></tw-gaap-notes:CompanyNameOfTheInvestee>
		<tw-gaap-notes:LocationCode contextRef="From20120101To20120331"><![CDATA[226]]></tw-gaap-notes:LocationCode>
		<tw-gaap-notes:Location contextRef="From20120101To20120331"><![CDATA[英屬維京群島]]></tw-gaap-notes:Location>
		<tw-gaap-notes:MainBusinessesAndProducts contextRef="From20120101To20120331"><![CDATA[主機板及顯示器之加工、製造與買賣]]></tw-gaap-notes:MainBusinessesAndProducts>
		<tw-gaap-notes:OriginalInvestmentAmount>
			<tw-gaap-notes:EndingBalance3 contextRef="AsOf20120331" decimals="-3" unitRef="TWD">327523000</tw-gaap-notes:EndingBalance3>
			<tw-gaap-notes:BeginningBalance contextRef="AsOf20120331" decimals="-3" unitRef="TWD">327523000</tw-gaap-notes:BeginningBalance>
		</tw-gaap-notes:OriginalInvestmentAmount>
		<tw-gaap-notes:InvestmentsAtTheEndOfThePeriod>
			<tw-gaap-notes:NumberOfShares1 contextRef="AsOf20120331" decimals="0" unitRef="Shares">10700000</tw-gaap-notes:NumberOfShares1>
			<tw-gaap-notes:PercentageOfOwnership1 contextRef="AsOf20120331" decimals="4">1.0000</tw-gaap-notes:PercentageOfOwnership1>
			<tw-gaap-notes:BookValue1 contextRef="AsOf20120331" decimals="-3" unitRef="TWD">284863000</tw-gaap-notes:BookValue1>
		</tw-gaap-notes:InvestmentsAtTheEndOfThePeriod>
		<tw-gaap-notes:NetIncomeLossesOfTheInvestee contextRef="From20120101To20120331" decimals="-3" unitRef="TWD">-1405000</tw-gaap-notes:NetIncomeLossesOfTheInvestee>
		<tw-gaap-notes:InvestmentIncomeLossesRecognized1 contextRef="From20120101To20120331" decimals="-3" unitRef="TWD">-1405000</tw-gaap-notes:InvestmentIncomeLossesRecognized1>
		<tw-gaap-notes:Note contextRef="From20120101To20120331"><![CDATA[]]></tw-gaap-notes:Note>
	</tw-gaap-notes:NamesLocationsAndRelatedInformationOfInvesteesOverWhichTheCompanyExercisesSignificantInfluence>

	<tw-gaap-notes:NamesLocationsAndRelatedInformationOfInvesteesOverWhichTheCompanyExercisesSignificantInfluence>
		<tw-gaap-notes:CompanyNameOfTheInvestor contextRef="From20120101To20120331"><![CDATA[映泰股份有限公司]]></tw-gaap-notes:CompanyNameOfTheInvestor>
		<tw-gaap-notes:CompanyNameOfTheInvestee contextRef="From20120101To20120331"><![CDATA[Biostar Microtech (U.S.A.) Corp.]]></tw-gaap-notes:CompanyNameOfTheInvestee>
		<tw-gaap-notes:LocationCode contextRef="From20120101To20120331"><![CDATA[211]]></tw-gaap-notes:LocationCode>
		<tw-gaap-notes:Location contextRef="From20120101To20120331"><![CDATA[美國]]></tw-gaap-notes:Location>
		<tw-gaap-notes:MainBusinessesAndProducts contextRef="From20120101To20120331"><![CDATA[主機板及顯示卡之買賣]]></tw-gaap-notes:MainBusinessesAndProducts>
		<tw-gaap-notes:OriginalInvestmentAmount>
			<tw-gaap-notes:EndingBalance3 contextRef="AsOf20120331" decimals="-3" unitRef="TWD">93990000</tw-gaap-notes:EndingBalance3>
			<tw-gaap-notes:BeginningBalance contextRef="AsOf20120331" decimals="-3" unitRef="TWD">93990000</tw-gaap-notes:BeginningBalance>
		</tw-gaap-notes:OriginalInvestmentAmount>
		<tw-gaap-notes:InvestmentsAtTheEndOfThePeriod>
			<tw-gaap-notes:NumberOfShares1 contextRef="AsOf20120331" decimals="0" unitRef="Shares">3000000</tw-gaap-notes:NumberOfShares1>
			<tw-gaap-notes:PercentageOfOwnership1 contextRef="AsOf20120331" decimals="4">1.0000</tw-gaap-notes:PercentageOfOwnership1>
			<tw-gaap-notes:BookValue1 contextRef="AsOf20120331" decimals="-3" unitRef="TWD">62456000</tw-gaap-notes:BookValue1>
		</tw-gaap-notes:InvestmentsAtTheEndOfThePeriod>
		<tw-gaap-notes:NetIncomeLossesOfTheInvestee contextRef="From20120101To20120331" decimals="-3" unitRef="TWD">-7036000</tw-gaap-notes:NetIncomeLossesOfTheInvestee>
		<tw-gaap-notes:InvestmentIncomeLossesRecognized1 contextRef="From20120101To20120331" decimals="-3" unitRef="TWD">-7036000</tw-gaap-notes:InvestmentIncomeLossesRecognized1>
		<tw-gaap-notes:Note contextRef="From20120101To20120331"><![CDATA[]]></tw-gaap-notes:Note>
	</tw-gaap-notes:NamesLocationsAndRelatedInformationOfInvesteesOverWhichTheCompanyExercisesSignificantInfluence>

	<tw-gaap-notes:NamesLocationsAndRelatedInformationOfInvesteesOverWhichTheCompanyExercisesSignificantInfluence>
		<tw-gaap-notes:CompanyNameOfTheInvestor contextRef="From20120101To20120331"><![CDATA[映泰股份有限公司]]></tw-gaap-notes:CompanyNameOfTheInvestor>
		<tw-gaap-notes:CompanyNameOfTheInvestee contextRef="From20120101To20120331"><![CDATA[Biostar Microtech Europe Holding B.V.]]></tw-gaap-notes:CompanyNameOfTheInvestee>
		<tw-gaap-notes:LocationCode contextRef="From20120101To20120331"><![CDATA[145]]></tw-gaap-notes:LocationCode>
		<tw-gaap-notes:Location contextRef="From20120101To20120331"><![CDATA[荷蘭]]></tw-gaap-notes:Location>
		<tw-gaap-notes:MainBusinessesAndProducts contextRef="From20120101To20120331"><![CDATA[投資業]]></tw-gaap-notes:MainBusinessesAndProducts>
		<tw-gaap-notes:OriginalInvestmentAmount>
			<tw-gaap-notes:EndingBalance3 contextRef="AsOf20120331" decimals="-3" unitRef="TWD">47270000</tw-gaap-notes:EndingBalance3>
			<tw-gaap-notes:BeginningBalance contextRef="AsOf20120331" decimals="-3" unitRef="TWD">47270000</tw-gaap-notes:BeginningBalance>
		</tw-gaap-notes:OriginalInvestmentAmount>
		<tw-gaap-notes:InvestmentsAtTheEndOfThePeriod>
			<tw-gaap-notes:NumberOfShares1 contextRef="AsOf20120331" decimals="0" unitRef="Shares">10</tw-gaap-notes:NumberOfShares1>
			<tw-gaap-notes:PercentageOfOwnership1 contextRef="AsOf20120331" decimals="4">1.0000</tw-gaap-notes:PercentageOfOwnership1>
			<tw-gaap-notes:BookValue1 contextRef="AsOf20120331" decimals="-3" unitRef="TWD">28318000</tw-gaap-notes:BookValue1>
		</tw-gaap-notes:InvestmentsAtTheEndOfThePeriod>
		<tw-gaap-notes:NetIncomeLossesOfTheInvestee contextRef="From20120101To20120331" decimals="-3" unitRef="TWD">-360000</tw-gaap-notes:NetIncomeLossesOfTheInvestee>
		<tw-gaap-notes:InvestmentIncomeLossesRecognized1 contextRef="From20120101To20120331" decimals="-3" unitRef="TWD">-360000</tw-gaap-notes:InvestmentIncomeLossesRecognized1>
		<tw-gaap-notes:Note contextRef="From20120101To20120331"><![CDATA[]]></tw-gaap-notes:Note>
	</tw-gaap-notes:NamesLocationsAndRelatedInformationOfInvesteesOverWhichTheCompanyExercisesSignificantInfluence>

	<tw-gaap-notes:NamesLocationsAndRelatedInformationOfInvesteesOverWhichTheCompanyExercisesSignificantInfluence>
		<tw-gaap-notes:CompanyNameOfTheInvestor contextRef="From20120101To20120331"><![CDATA[Biostar Microtech Europe Holding B.V.]]></tw-gaap-notes:CompanyNameOfTheInvestor>
		<tw-gaap-notes:CompanyNameOfTheInvestee contextRef="From20120101To20120331"><![CDATA[Biostar Microtech Netherlands B.V. ]]></tw-gaap-notes:CompanyNameOfTheInvestee>
		<tw-gaap-notes:LocationCode contextRef="From20120101To20120331"><![CDATA[145]]></tw-gaap-notes:LocationCode>
		<tw-gaap-notes:Location contextRef="From20120101To20120331"><![CDATA[荷蘭]]></tw-gaap-notes:Location>
		<tw-gaap-notes:MainBusinessesAndProducts contextRef="From20120101To20120331"><![CDATA[主機板及顯示卡之買賣]]></tw-gaap-notes:MainBusinessesAndProducts>
		<tw-gaap-notes:OriginalInvestmentAmount>
			<tw-gaap-notes:EndingBalance3 contextRef="AsOf20120331" decimals="-3" unitRef="TWD">47270000</tw-gaap-notes:EndingBalance3>
			<tw-gaap-notes:BeginningBalance contextRef="AsOf20120331" decimals="-3" unitRef="TWD">47270000</tw-gaap-notes:BeginningBalance>
		</tw-gaap-notes:OriginalInvestmentAmount>
		<tw-gaap-notes:InvestmentsAtTheEndOfThePeriod>
			<tw-gaap-notes:NumberOfShares1 contextRef="AsOf20120331" decimals="0" unitRef="Shares">10</tw-gaap-notes:NumberOfShares1>
			<tw-gaap-notes:PercentageOfOwnership1 contextRef="AsOf20120331" decimals="4">1.0000</tw-gaap-notes:PercentageOfOwnership1>
			<tw-gaap-notes:BookValue1 contextRef="AsOf20120331" decimals="-3" unitRef="TWD">27799000</tw-gaap-notes:BookValue1>
		</tw-gaap-notes:InvestmentsAtTheEndOfThePeriod>
		<tw-gaap-notes:NetIncomeLossesOfTheInvestee contextRef="From20120101To20120331" decimals="-3" unitRef="TWD">-353000</tw-gaap-notes:NetIncomeLossesOfTheInvestee>
		<tw-gaap-notes:InvestmentIncomeLossesRecognized1 contextRef="From20120101To20120331" decimals="-3" unitRef="TWD">-353000</tw-gaap-notes:InvestmentIncomeLossesRecognized1>
		<tw-gaap-notes:Note contextRef="From20120101To20120331"><![CDATA[]]></tw-gaap-notes:Note>
	</tw-gaap-notes:NamesLocationsAndRelatedInformationOfInvesteesOverWhichTheCompanyExercisesSignificantInfluence>

	<tw-gaap-notes:NamesLocationsAndRelatedInformationOfInvesteesOverWhichTheCompanyExercisesSignificantInfluence>
		<tw-gaap-notes:CompanyNameOfTheInvestor contextRef="From20120101To20120331"><![CDATA[Garnet International Corp.]]></tw-gaap-notes:CompanyNameOfTheInvestor>
		<tw-gaap-notes:CompanyNameOfTheInvestee contextRef="From20120101To20120331"><![CDATA[東莞光遠電子有限公司]]></tw-gaap-notes:CompanyNameOfTheInvestee>
		<tw-gaap-notes:LocationCode contextRef="From20120101To20120331"><![CDATA[230]]></tw-gaap-notes:LocationCode>
		<tw-gaap-notes:Location contextRef="From20120101To20120331"><![CDATA[中國大陸]]></tw-gaap-notes:Location>
		<tw-gaap-notes:MainBusinessesAndProducts contextRef="From20120101To20120331"><![CDATA[機板及顯示器之加工、製造與買賣]]></tw-gaap-notes:MainBusinessesAndProducts>
		<tw-gaap-notes:OriginalInvestmentAmount>
			<tw-gaap-notes:EndingBalance3 contextRef="AsOf20120331" decimals="-3" unitRef="TWD">2069000</tw-gaap-notes:EndingBalance3>
			<tw-gaap-notes:BeginningBalance contextRef="AsOf20120331" decimals="-3" unitRef="TWD">2069000</tw-gaap-notes:BeginningBalance>
		</tw-gaap-notes:OriginalInvestmentAmount>
		<tw-gaap-notes:InvestmentsAtTheEndOfThePeriod>
			<tw-gaap-notes:NumberOfShares1 contextRef="AsOf20120331" decimals="0" unitRef="Shares">525000</tw-gaap-notes:NumberOfShares1>
			<tw-gaap-notes:PercentageOfOwnership1 contextRef="AsOf20120331" decimals="4">1.0000</tw-gaap-notes:PercentageOfOwnership1>
			<tw-gaap-notes:BookValue1 contextRef="AsOf20120331" decimals="-3" unitRef="TWD">1997000</tw-gaap-notes:BookValue1>
		</tw-gaap-notes:InvestmentsAtTheEndOfThePeriod>
		<tw-gaap-notes:NetIncomeLossesOfTheInvestee contextRef="From20120101To20120331" decimals="-3" unitRef="TWD">-7000</tw-gaap-notes:NetIncomeLossesOfTheInvestee>
		<tw-gaap-notes:InvestmentIncomeLossesRecognized1 contextRef="From20120101To20120331" decimals="-3" unitRef="TWD">-7000</tw-gaap-notes:InvestmentIncomeLossesRecognized1>
		<tw-gaap-notes:Note contextRef="From20120101To20120331"><![CDATA[]]></tw-gaap-notes:Note>
	</tw-gaap-notes:NamesLocationsAndRelatedInformationOfInvesteesOverWhichTheCompanyExercisesSignificantInfluence>

	<tw-gaap-notes:InformationOfInvestmentInMainlandChina>
		<tw-gaap-notes:CompanyNameOfTheInvesteeInMainlandChina contextRef="From20120101To20120331"><![CDATA[東莞光遠電子有限公司]]></tw-gaap-notes:CompanyNameOfTheInvesteeInMainlandChina>
		<tw-gaap-notes:MainBusinessesAndProducts contextRef="From20120101To20120331"><![CDATA[主機板即顯示卡之加工、製造與買賣]]></tw-gaap-notes:MainBusinessesAndProducts>
		<tw-gaap-notes:TotalAmountOfPaid-inCapital contextRef="AsOf20120331" decimals="-3" unitRef="TWD">1996000</tw-gaap-notes:TotalAmountOfPaid-inCapital>
		<tw-gaap-notes:MethodOfInvestment contextRef="From20120101To20120331"><![CDATA[透過第三地區投資設立公司在轉投資大陸公司]]></tw-gaap-notes:MethodOfInvestment>
		<tw-gaap-notes:AccumulatedOutflowOfInvestmentFromTaiwanAtTheBeginningOfThePeriod contextRef="AsOf20120331" decimals="-3" unitRef="TWD">0</tw-gaap-notes:AccumulatedOutflowOfInvestmentFromTaiwanAtTheBeginningOfThePeriod>
		<tw-gaap-notes:InvestmentFlowsForThePeriod>
			<tw-gaap-notes:Outflow contextRef="From20120101To20120331" decimals="-3" unitRef="TWD">0</tw-gaap-notes:Outflow>
			<tw-gaap-notes:Inflow contextRef="From20120101To20120331" decimals="-3" unitRef="TWD">0</tw-gaap-notes:Inflow>
		</tw-gaap-notes:InvestmentFlowsForThePeriod>
		<tw-gaap-notes:AccumulatedOutflowOfInvestmentFromTaiwanAtTheEndOfThePeriod contextRef="AsOf20120331" decimals="-3" unitRef="TWD">0</tw-gaap-notes:AccumulatedOutflowOfInvestmentFromTaiwanAtTheEndOfThePeriod>
		<tw-gaap-notes:PercentageOfOwnershipThroughDirectAndIndirectInvestmentByTheCompany contextRef="AsOf20120331" decimals="4">1.0000</tw-gaap-notes:PercentageOfOwnershipThroughDirectAndIndirectInvestmentByTheCompany>
		<tw-gaap-notes:InvestmentIncomeLossesRecognized2 contextRef="From20120101To20120331" decimals="-3" unitRef="TWD">0</tw-gaap-notes:InvestmentIncomeLossesRecognized2>
		<tw-gaap-notes:BookValueAtTheEndOfThePeriod contextRef="AsOf20120331" decimals="-3" unitRef="TWD">2055000</tw-gaap-notes:BookValueAtTheEndOfThePeriod>
		<tw-gaap-notes:AccumulatedInwardRemittanceOfEarningsAsOfTheEndOfThePeriod contextRef="From20120101To20120331" decimals="-3" unitRef="TWD">0</tw-gaap-notes:AccumulatedInwardRemittanceOfEarningsAsOfTheEndOfThePeriod>
		<tw-gaap-notes:Note contextRef="From20120101To20120331"><![CDATA[]]></tw-gaap-notes:Note>
	</tw-gaap-notes:InformationOfInvestmentInMainlandChina>

	<tw-gaap-notes:LimitOnInvestmentInMainlandChina>
		<tw-gaap-notes:NameOfTheCompany contextRef="From20120101To20120331"><![CDATA[透過第三地區投資設立公司在轉投資大陸公司]]></tw-gaap-notes:NameOfTheCompany>
		<tw-gaap-notes:AccumulatedInvestmentInMainlandChinaAtTheEndOfThePeriod contextRef="AsOf20120331" decimals="-3" unitRef="TWD">0</tw-gaap-notes:AccumulatedInvestmentInMainlandChinaAtTheEndOfThePeriod>
		<tw-gaap-notes:InvestmentAmountAuthorizedByTheInvestmentCommissionOfMOEA contextRef="From20120101To20120331" decimals="-3" unitRef="TWD">1996000</tw-gaap-notes:InvestmentAmountAuthorizedByTheInvestmentCommissionOfMOEA>
		<tw-gaap-notes:UpperLimitOnInvestmentInMainlandChinaImposedByTheInvestmentCommissionOfMOEA contextRef="From20120101To20120331" decimals="-3" unitRef="TWD">1664354000</tw-gaap-notes:UpperLimitOnInvestmentInMainlandChinaImposedByTheInvestmentCommissionOfMOEA>
	</tw-gaap-notes:LimitOnInvestmentInMainlandChina>

</xbrl>

<!--This instance document is created by SIIAP V1.8.25-->
