<?xml version="1.0" encoding="UTF-8"?>
<xbrl xmlns="http://www.xbrl.org/2003/instance" xmlns:iso4217="http://www.xbrl.org/2003/iso4217" xmlns:link="http://www.xbrl.org/2003/linkbase" xmlns:tw-gaap-ar="http://www.xbrl.org/tw/fr/gaap/ar/2011-12-31" xmlns:tw-gaap-ci="http://www.xbrl.org/tw/fr/gaap/tw-gaap-ci-2011-12-31" xmlns:tw-gaap-notes="http://www.xbrl.org/tw/fr/gaap/notes/2011-12-31" xmlns:xbrldi="http://xbrl.org/2006/xbrldi" xmlns:xbrldt="http://xbrl.org/2005/xbrldt" xmlns:xbrli="http://www.xbrl.org/2003/instance" xmlns:xlink="http://www.w3.org/1999/xlink">
	<link:schemaRef xlink:arcrole="http://www.w3.org/1999/xlink/properties/linkbase" xlink:href="tw-gaap-ci-2011-12-31.xsd" xlink:type="simple"/>	<context id="AsOf20120417">
		<entity>
			<identifier scheme="http://www.twse.com.tw">3515</identifier>
		</entity>
		<period>
			<instant>2012-04-17</instant>
		</period>
	</context>
	<context id="AsOf20110101">
		<entity>
			<identifier scheme="http://www.twse.com.tw">3515</identifier>
		</entity>
		<period>
			<instant>2011-01-01</instant>
		</period>
	</context>
	<context id="AsOf20120101">
		<entity>
			<identifier scheme="http://www.twse.com.tw">3515</identifier>
		</entity>
		<period>
			<instant>2012-01-01</instant>
		</period>
	</context>
	<context id="From20110101To20110331">
		<entity>
			<identifier scheme="http://www.twse.com.tw">3515</identifier>
		</entity>
		<period>
			<startDate>2011-01-01</startDate>
			<endDate>2011-03-31</endDate>
		</period>
	</context>
	<context id="AsOf20110331">
		<entity>
			<identifier scheme="http://www.twse.com.tw">3515</identifier>
		</entity>
		<period>
			<instant>2011-03-31</instant>
		</period>
	</context>
	<context id="From20120101To20120331">
		<entity>
			<identifier scheme="http://www.twse.com.tw">3515</identifier>
		</entity>
		<period>
			<startDate>2012-01-01</startDate>
			<endDate>2012-03-31</endDate>
		</period>
	</context>
	<context id="AsOf20120331">
		<entity>
			<identifier scheme="http://www.twse.com.tw">3515</identifier>
		</entity>
		<period>
			<instant>2012-03-31</instant>
		</period>
	</context>
	<unit id="TWD">
		<measure>iso4217:TWD</measure>
	</unit>
	<unit id="Shares">
		<measure>xbrli:shares</measure>
	</unit>
	<unit id="EarningsPerShare">
		<divide>
			<unitNumerator>
				<measure>iso4217:TWD</measure>
			</unitNumerator>
			<unitDenominator>
				<measure>xbrli:shares</measure>
			</unitDenominator>
		</divide>
	</unit>
	<unit id="USD">
		<measure>iso4217:USD</measure>
	</unit>
	<tw-gaap-ci:CashCashEquivalents contextRef="AsOf20120331" decimals="-3" unitRef="TWD">3398698000</tw-gaap-ci:CashCashEquivalents>
	<tw-gaap-ci:CashCashEquivalents contextRef="AsOf20110331" decimals="-3" unitRef="TWD">3528922000</tw-gaap-ci:CashCashEquivalents>
	<tw-gaap-ci:FinancialAssetsMeasuredFairValueProfitLossCurrent contextRef="AsOf20120331" decimals="-3" unitRef="TWD">0</tw-gaap-ci:FinancialAssetsMeasuredFairValueProfitLossCurrent>
	<tw-gaap-ci:FinancialAssetsMeasuredFairValueProfitLossCurrent contextRef="AsOf20110331" decimals="-3" unitRef="TWD">527109000</tw-gaap-ci:FinancialAssetsMeasuredFairValueProfitLossCurrent>
	<tw-gaap-ci:HeldMaturityFinancialAssetsCurrent contextRef="AsOf20120331" decimals="-3" unitRef="TWD">0</tw-gaap-ci:HeldMaturityFinancialAssetsCurrent>
	<tw-gaap-ci:HeldMaturityFinancialAssetsCurrent contextRef="AsOf20110331" decimals="-3" unitRef="TWD">264600000</tw-gaap-ci:HeldMaturityFinancialAssetsCurrent>
	<tw-gaap-ci:NetAccountsReceivable contextRef="AsOf20120331" decimals="-3" unitRef="TWD">365940000</tw-gaap-ci:NetAccountsReceivable>
	<tw-gaap-ci:NetAccountsReceivable contextRef="AsOf20110331" decimals="-3" unitRef="TWD">387574000</tw-gaap-ci:NetAccountsReceivable>
	<tw-gaap-ci:NetAccountsReceivableRelatedParties contextRef="AsOf20120331" decimals="-3" unitRef="TWD">742754000</tw-gaap-ci:NetAccountsReceivableRelatedParties>
	<tw-gaap-ci:NetAccountsReceivableRelatedParties contextRef="AsOf20110331" decimals="-3" unitRef="TWD">691453000</tw-gaap-ci:NetAccountsReceivableRelatedParties>
	<tw-gaap-ci:Inventories contextRef="AsOf20120331" decimals="-3" unitRef="TWD">1340200000</tw-gaap-ci:Inventories>
	<tw-gaap-ci:Inventories contextRef="AsOf20110331" decimals="-3" unitRef="TWD">501739000</tw-gaap-ci:Inventories>
	<tw-gaap-ci:DeferredIncomeTaxAssetsCurrent contextRef="AsOf20120331" decimals="-3" unitRef="TWD">10300000</tw-gaap-ci:DeferredIncomeTaxAssetsCurrent>
	<tw-gaap-ci:DeferredIncomeTaxAssetsCurrent contextRef="AsOf20110331" decimals="-3" unitRef="TWD">6508000</tw-gaap-ci:DeferredIncomeTaxAssetsCurrent>
	<tw-gaap-ci:OthercurrentAssetsOther contextRef="AsOf20120331" decimals="-3" unitRef="TWD">19718000</tw-gaap-ci:OthercurrentAssetsOther>
	<tw-gaap-ci:OthercurrentAssetsOther contextRef="AsOf20110331" decimals="-3" unitRef="TWD">18394000</tw-gaap-ci:OthercurrentAssetsOther>
	<tw-gaap-ci:OtherCurrentAssets contextRef="AsOf20120331" decimals="-3" unitRef="TWD">30018000</tw-gaap-ci:OtherCurrentAssets>
	<tw-gaap-ci:OtherCurrentAssets contextRef="AsOf20110331" decimals="-3" unitRef="TWD">24902000</tw-gaap-ci:OtherCurrentAssets>
	<tw-gaap-ci:CurrentAssets contextRef="AsOf20120331" decimals="-3" unitRef="TWD">5877610000</tw-gaap-ci:CurrentAssets>
	<tw-gaap-ci:CurrentAssets contextRef="AsOf20110331" decimals="-3" unitRef="TWD">5926299000</tw-gaap-ci:CurrentAssets>
	<tw-gaap-ci:FinancialAssetsCarriedCostNoncurrent contextRef="AsOf20120331" decimals="-3" unitRef="TWD">60000000</tw-gaap-ci:FinancialAssetsCarriedCostNoncurrent>
	<tw-gaap-ci:FinancialAssetsCarriedCostNoncurrent contextRef="AsOf20110331" decimals="-3" unitRef="TWD">0</tw-gaap-ci:FinancialAssetsCarriedCostNoncurrent>
	<tw-gaap-ci:NetFinancialAssetsCarriedCostNonCurrent contextRef="AsOf20120331" decimals="-3" unitRef="TWD">60000000</tw-gaap-ci:NetFinancialAssetsCarriedCostNonCurrent>
	<tw-gaap-ci:NetFinancialAssetsCarriedCostNonCurrent contextRef="AsOf20110331" decimals="-3" unitRef="TWD">0</tw-gaap-ci:NetFinancialAssetsCarriedCostNonCurrent>
	<tw-gaap-ci:LongtermInvestmentsEquity contextRef="AsOf20120331" decimals="-3" unitRef="TWD">3060638000</tw-gaap-ci:LongtermInvestmentsEquity>
	<tw-gaap-ci:LongtermInvestmentsEquity contextRef="AsOf20110331" decimals="-3" unitRef="TWD">2723430000</tw-gaap-ci:LongtermInvestmentsEquity>
	<tw-gaap-ci:LongtermInvestments contextRef="AsOf20120331" decimals="-3" unitRef="TWD">3060638000</tw-gaap-ci:LongtermInvestments>
	<tw-gaap-ci:LongtermInvestments contextRef="AsOf20110331" decimals="-3" unitRef="TWD">2723430000</tw-gaap-ci:LongtermInvestments>
	<tw-gaap-ci:FundsInvestments contextRef="AsOf20120331" decimals="-3" unitRef="TWD">3120638000</tw-gaap-ci:FundsInvestments>
	<tw-gaap-ci:FundsInvestments contextRef="AsOf20110331" decimals="-3" unitRef="TWD">2723430000</tw-gaap-ci:FundsInvestments>
	<tw-gaap-ci:MachineryEquipment contextRef="AsOf20120331" decimals="-3" unitRef="TWD">11512000</tw-gaap-ci:MachineryEquipment>
	<tw-gaap-ci:MachineryEquipment contextRef="AsOf20110331" decimals="-3" unitRef="TWD">9553000</tw-gaap-ci:MachineryEquipment>
	<tw-gaap-ci:OfficeEquipment contextRef="AsOf20120331" decimals="-3" unitRef="TWD">5617000</tw-gaap-ci:OfficeEquipment>
	<tw-gaap-ci:OfficeEquipment contextRef="AsOf20110331" decimals="-3" unitRef="TWD">3433000</tw-gaap-ci:OfficeEquipment>
	<tw-gaap-ci:LeasedAssets contextRef="AsOf20120331" decimals="-3" unitRef="TWD">224000</tw-gaap-ci:LeasedAssets>
	<tw-gaap-ci:LeasedAssets contextRef="AsOf20110331" decimals="-3" unitRef="TWD">224000</tw-gaap-ci:LeasedAssets>
	<tw-gaap-ci:LeaseholdImprovements contextRef="AsOf20120331" decimals="-3" unitRef="TWD">15319000</tw-gaap-ci:LeaseholdImprovements>
	<tw-gaap-ci:LeaseholdImprovements contextRef="AsOf20110331" decimals="-3" unitRef="TWD">12095000</tw-gaap-ci:LeaseholdImprovements>
	<tw-gaap-ci:OtherFacilities contextRef="AsOf20120331" decimals="-3" unitRef="TWD">571000</tw-gaap-ci:OtherFacilities>
	<tw-gaap-ci:OtherFacilities contextRef="AsOf20110331" decimals="-3" unitRef="TWD">571000</tw-gaap-ci:OtherFacilities>
	<tw-gaap-ci:FixedAssetsOriginalCosts contextRef="AsOf20120331" decimals="-3" unitRef="TWD">33243000</tw-gaap-ci:FixedAssetsOriginalCosts>
	<tw-gaap-ci:FixedAssetsOriginalCosts contextRef="AsOf20110331" decimals="-3" unitRef="TWD">25876000</tw-gaap-ci:FixedAssetsOriginalCosts>
	<tw-gaap-ci:CostsRevaluationIncrement contextRef="AsOf20120331" decimals="-3" unitRef="TWD">33243000</tw-gaap-ci:CostsRevaluationIncrement>
	<tw-gaap-ci:CostsRevaluationIncrement contextRef="AsOf20110331" decimals="-3" unitRef="TWD">25876000</tw-gaap-ci:CostsRevaluationIncrement>
	<tw-gaap-ci:AccumulatedDepreciation contextRef="AsOf20120331" decimals="-3" unitRef="TWD">23962000</tw-gaap-ci:AccumulatedDepreciation>
	<tw-gaap-ci:AccumulatedDepreciation contextRef="AsOf20110331" decimals="-3" unitRef="TWD">20335000</tw-gaap-ci:AccumulatedDepreciation>
	<tw-gaap-ci:FixedAssets contextRef="AsOf20120331" decimals="-3" unitRef="TWD">9281000</tw-gaap-ci:FixedAssets>
	<tw-gaap-ci:FixedAssets contextRef="AsOf20110331" decimals="-3" unitRef="TWD">5541000</tw-gaap-ci:FixedAssets>
	<tw-gaap-ci:GuaranteeDepositsPaid contextRef="AsOf20120331" decimals="-3" unitRef="TWD">7446000</tw-gaap-ci:GuaranteeDepositsPaid>
	<tw-gaap-ci:GuaranteeDepositsPaid contextRef="AsOf20110331" decimals="-3" unitRef="TWD">5984000</tw-gaap-ci:GuaranteeDepositsPaid>
	<tw-gaap-ci:OtherDeferredCharges contextRef="AsOf20120331" decimals="-3" unitRef="TWD">2000000</tw-gaap-ci:OtherDeferredCharges>
	<tw-gaap-ci:OtherDeferredCharges contextRef="AsOf20110331" decimals="-3" unitRef="TWD">1349000</tw-gaap-ci:OtherDeferredCharges>
	<tw-gaap-ci:DeferredCharges contextRef="AsOf20120331" decimals="-3" unitRef="TWD">2000000</tw-gaap-ci:DeferredCharges>
	<tw-gaap-ci:DeferredCharges contextRef="AsOf20110331" decimals="-3" unitRef="TWD">1349000</tw-gaap-ci:DeferredCharges>
	<tw-gaap-ci:OtherAssets contextRef="AsOf20120331" decimals="-3" unitRef="TWD">9446000</tw-gaap-ci:OtherAssets>
	<tw-gaap-ci:OtherAssets contextRef="AsOf20110331" decimals="-3" unitRef="TWD">7333000</tw-gaap-ci:OtherAssets>
	<tw-gaap-ci:Assets contextRef="AsOf20120331" decimals="-3" unitRef="TWD">9016975000</tw-gaap-ci:Assets>
	<tw-gaap-ci:Assets contextRef="AsOf20110331" decimals="-3" unitRef="TWD">8662603000</tw-gaap-ci:Assets>
	<tw-gaap-ci:NotesPayable contextRef="AsOf20120331" decimals="-3" unitRef="TWD">722000</tw-gaap-ci:NotesPayable>
	<tw-gaap-ci:NotesPayable contextRef="AsOf20110331" decimals="-3" unitRef="TWD">560000</tw-gaap-ci:NotesPayable>
	<tw-gaap-ci:AccountsPayable contextRef="AsOf20120331" decimals="-3" unitRef="TWD">359000</tw-gaap-ci:AccountsPayable>
	<tw-gaap-ci:AccountsPayable contextRef="AsOf20110331" decimals="-3" unitRef="TWD">1514000</tw-gaap-ci:AccountsPayable>
	<tw-gaap-ci:AccountsPayableRelatedParties contextRef="AsOf20120331" decimals="-3" unitRef="TWD">1822445000</tw-gaap-ci:AccountsPayableRelatedParties>
	<tw-gaap-ci:AccountsPayableRelatedParties contextRef="AsOf20110331" decimals="-3" unitRef="TWD">1840312000</tw-gaap-ci:AccountsPayableRelatedParties>
	<tw-gaap-ci:IncomeTaxPayable contextRef="AsOf20120331" decimals="-3" unitRef="TWD">141717000</tw-gaap-ci:IncomeTaxPayable>
	<tw-gaap-ci:IncomeTaxPayable contextRef="AsOf20110331" decimals="-3" unitRef="TWD">76886000</tw-gaap-ci:IncomeTaxPayable>
	<tw-gaap-ci:AccruedExpenses contextRef="AsOf20120331" decimals="-3" unitRef="TWD">259112000</tw-gaap-ci:AccruedExpenses>
	<tw-gaap-ci:AccruedExpenses contextRef="AsOf20110331" decimals="-3" unitRef="TWD">222894000</tw-gaap-ci:AccruedExpenses>
	<tw-gaap-ci:AdvanceReceipts contextRef="AsOf20120331" decimals="-3" unitRef="TWD">71966000</tw-gaap-ci:AdvanceReceipts>
	<tw-gaap-ci:AdvanceReceipts contextRef="AsOf20110331" decimals="-3" unitRef="TWD">59755000</tw-gaap-ci:AdvanceReceipts>
	<tw-gaap-ci:OtherCurrentLiabilities contextRef="AsOf20120331" decimals="-3" unitRef="TWD">447000</tw-gaap-ci:OtherCurrentLiabilities>
	<tw-gaap-ci:OtherCurrentLiabilities contextRef="AsOf20110331" decimals="-3" unitRef="TWD">609000</tw-gaap-ci:OtherCurrentLiabilities>
	<tw-gaap-ci:CurrentLiabilities contextRef="AsOf20120331" decimals="-3" unitRef="TWD">2296768000</tw-gaap-ci:CurrentLiabilities>
	<tw-gaap-ci:CurrentLiabilities contextRef="AsOf20110331" decimals="-3" unitRef="TWD">2202530000</tw-gaap-ci:CurrentLiabilities>
	<tw-gaap-ci:PensionReserve contextRef="AsOf20120331" decimals="-3" unitRef="TWD">111000</tw-gaap-ci:PensionReserve>
	<tw-gaap-ci:PensionReserve contextRef="AsOf20110331" decimals="-3" unitRef="TWD">111000</tw-gaap-ci:PensionReserve>
	<tw-gaap-ci:DeferredCreditsGainsonInterAffiliateAccounts contextRef="AsOf20120331" decimals="-3" unitRef="TWD">62201000</tw-gaap-ci:DeferredCreditsGainsonInterAffiliateAccounts>
	<tw-gaap-ci:DeferredCreditsGainsonInterAffiliateAccounts contextRef="AsOf20110331" decimals="-3" unitRef="TWD">28184000</tw-gaap-ci:DeferredCreditsGainsonInterAffiliateAccounts>
	<tw-gaap-ci:OtherLiabilitiesOther contextRef="AsOf20120331" decimals="-3" unitRef="TWD">62201000</tw-gaap-ci:OtherLiabilitiesOther>
	<tw-gaap-ci:OtherLiabilitiesOther contextRef="AsOf20110331" decimals="-3" unitRef="TWD">28184000</tw-gaap-ci:OtherLiabilitiesOther>
	<tw-gaap-ci:OtherLiabilities contextRef="AsOf20120331" decimals="-3" unitRef="TWD">62312000</tw-gaap-ci:OtherLiabilities>
	<tw-gaap-ci:OtherLiabilities contextRef="AsOf20110331" decimals="-3" unitRef="TWD">28295000</tw-gaap-ci:OtherLiabilities>
	<tw-gaap-ci:Liabilities contextRef="AsOf20120331" decimals="-3" unitRef="TWD">2359080000</tw-gaap-ci:Liabilities>
	<tw-gaap-ci:Liabilities contextRef="AsOf20110331" decimals="-3" unitRef="TWD">2230825000</tw-gaap-ci:Liabilities>
	<tw-gaap-ci:CommonStock contextRef="AsOf20120331" decimals="-3" unitRef="TWD">1150416000</tw-gaap-ci:CommonStock>
	<tw-gaap-ci:CommonStock contextRef="AsOf20110331" decimals="-3" unitRef="TWD">1150416000</tw-gaap-ci:CommonStock>
	<tw-gaap-ci:Capital contextRef="AsOf20120331" decimals="-3" unitRef="TWD">1150416000</tw-gaap-ci:Capital>
	<tw-gaap-ci:Capital contextRef="AsOf20110331" decimals="-3" unitRef="TWD">1150416000</tw-gaap-ci:Capital>
	<tw-gaap-ci:CapitalSurplusAdditionalPaidCapitalCommonStock contextRef="AsOf20120331" decimals="-3" unitRef="TWD">2798666000</tw-gaap-ci:CapitalSurplusAdditionalPaidCapitalCommonStock>
	<tw-gaap-ci:CapitalSurplusAdditionalPaidCapitalCommonStock contextRef="AsOf20110331" decimals="-3" unitRef="TWD">2798666000</tw-gaap-ci:CapitalSurplusAdditionalPaidCapitalCommonStock>
	<tw-gaap-ci:CapitalSurplusAdditionalPaidCapital contextRef="AsOf20120331" decimals="-3" unitRef="TWD">2798666000</tw-gaap-ci:CapitalSurplusAdditionalPaidCapital>
	<tw-gaap-ci:CapitalSurplusAdditionalPaidCapital contextRef="AsOf20110331" decimals="-3" unitRef="TWD">2798666000</tw-gaap-ci:CapitalSurplusAdditionalPaidCapital>
	<tw-gaap-ci:CapitalSurplus contextRef="AsOf20120331" decimals="-3" unitRef="TWD">2798666000</tw-gaap-ci:CapitalSurplus>
	<tw-gaap-ci:CapitalSurplus contextRef="AsOf20110331" decimals="-3" unitRef="TWD">2798666000</tw-gaap-ci:CapitalSurplus>
	<tw-gaap-ci:LegalReserve contextRef="AsOf20120331" decimals="-3" unitRef="TWD">900999000</tw-gaap-ci:LegalReserve>
	<tw-gaap-ci:LegalReserve contextRef="AsOf20110331" decimals="-3" unitRef="TWD">788554000</tw-gaap-ci:LegalReserve>
	<tw-gaap-ci:SpecialReserve contextRef="AsOf20120331" decimals="-3" unitRef="TWD">353461000</tw-gaap-ci:SpecialReserve>
	<tw-gaap-ci:SpecialReserve contextRef="AsOf20110331" decimals="-3" unitRef="TWD">84220000</tw-gaap-ci:SpecialReserve>
	<tw-gaap-ci:AccumulatedProfitLoss contextRef="AsOf20120331" decimals="-3" unitRef="TWD">1784707000</tw-gaap-ci:AccumulatedProfitLoss>
	<tw-gaap-ci:AccumulatedProfitLoss contextRef="AsOf20110331" decimals="-3" unitRef="TWD">1926387000</tw-gaap-ci:AccumulatedProfitLoss>
	<tw-gaap-ci:UnappropriatedRetainedEarnings contextRef="AsOf20120331" decimals="-3" unitRef="TWD">1784707000</tw-gaap-ci:UnappropriatedRetainedEarnings>
	<tw-gaap-ci:UnappropriatedRetainedEarnings contextRef="AsOf20110331" decimals="-3" unitRef="TWD">1926387000</tw-gaap-ci:UnappropriatedRetainedEarnings>
	<tw-gaap-ci:RetainedEarnings contextRef="AsOf20120331" decimals="-3" unitRef="TWD">3039167000</tw-gaap-ci:RetainedEarnings>
	<tw-gaap-ci:RetainedEarnings contextRef="AsOf20110331" decimals="-3" unitRef="TWD">2799161000</tw-gaap-ci:RetainedEarnings>
	<tw-gaap-ci:CumulativeTranslationAdjustments contextRef="AsOf20120331" decimals="-3" unitRef="TWD">-330354000</tw-gaap-ci:CumulativeTranslationAdjustments>
	<tw-gaap-ci:CumulativeTranslationAdjustments contextRef="AsOf20110331" decimals="-3" unitRef="TWD">-316465000</tw-gaap-ci:CumulativeTranslationAdjustments>
	<tw-gaap-ci:StockholdersEquitiesAdjustments contextRef="AsOf20120331" decimals="-3" unitRef="TWD">-330354000</tw-gaap-ci:StockholdersEquitiesAdjustments>
	<tw-gaap-ci:StockholdersEquitiesAdjustments contextRef="AsOf20110331" decimals="-3" unitRef="TWD">-316465000</tw-gaap-ci:StockholdersEquitiesAdjustments>
	<tw-gaap-ci:StockholdersEquities contextRef="AsOf20120331" decimals="-3" unitRef="TWD">6657895000</tw-gaap-ci:StockholdersEquities>
	<tw-gaap-ci:StockholdersEquities contextRef="AsOf20110331" decimals="-3" unitRef="TWD">6431778000</tw-gaap-ci:StockholdersEquities>
	<tw-gaap-ci:EquivalentSharesOutstandingAdvanceReceiptsCommonStock contextRef="AsOf20120331" decimals="0" unitRef="Shares">0</tw-gaap-ci:EquivalentSharesOutstandingAdvanceReceiptsCommonStock>
	<tw-gaap-ci:EquivalentSharesOutstandingAdvanceReceiptsCommonStock contextRef="AsOf20110331" decimals="0" unitRef="Shares">0</tw-gaap-ci:EquivalentSharesOutstandingAdvanceReceiptsCommonStock>
	<tw-gaap-ci:NumberTreasuryStockAcquiredCompanySubsidiaries contextRef="AsOf20120331" decimals="0" unitRef="Shares">0</tw-gaap-ci:NumberTreasuryStockAcquiredCompanySubsidiaries>
	<tw-gaap-ci:NumberTreasuryStockAcquiredCompanySubsidiaries contextRef="AsOf20110331" decimals="0" unitRef="Shares">0</tw-gaap-ci:NumberTreasuryStockAcquiredCompanySubsidiaries>
	<tw-gaap-ci:NetSales contextRef="From20120101To20120331" decimals="-3" unitRef="TWD">2293237000</tw-gaap-ci:NetSales>
	<tw-gaap-ci:NetSales contextRef="From20110101To20110331" decimals="-3" unitRef="TWD">2618538000</tw-gaap-ci:NetSales>
	<tw-gaap-ci:OperatingRevenue contextRef="From20120101To20120331" decimals="-3" unitRef="TWD">2293237000</tw-gaap-ci:OperatingRevenue>
	<tw-gaap-ci:OperatingRevenue contextRef="From20110101To20110331" decimals="-3" unitRef="TWD">2618538000</tw-gaap-ci:OperatingRevenue>
	<tw-gaap-ci:CostSales contextRef="From20120101To20120331" decimals="-3" unitRef="TWD">1970246000</tw-gaap-ci:CostSales>
	<tw-gaap-ci:CostSales contextRef="From20110101To20110331" decimals="-3" unitRef="TWD">2199510000</tw-gaap-ci:CostSales>
	<tw-gaap-ci:OperatingCosts contextRef="From20120101To20120331" decimals="-3" unitRef="TWD">1970246000</tw-gaap-ci:OperatingCosts>
	<tw-gaap-ci:OperatingCosts contextRef="From20110101To20110331" decimals="-3" unitRef="TWD">2199510000</tw-gaap-ci:OperatingCosts>
	<tw-gaap-ci:GrossProfitLossOperations contextRef="From20120101To20120331" decimals="-3" unitRef="TWD">322991000</tw-gaap-ci:GrossProfitLossOperations>
	<tw-gaap-ci:GrossProfitLossOperations contextRef="From20110101To20110331" decimals="-3" unitRef="TWD">419028000</tw-gaap-ci:GrossProfitLossOperations>
	<tw-gaap-ci:UnrealizedGainInterAffiliateAccounts contextRef="From20120101To20120331" decimals="-3" unitRef="TWD">62201000</tw-gaap-ci:UnrealizedGainInterAffiliateAccounts>
	<tw-gaap-ci:UnrealizedGainInterAffiliateAccounts contextRef="From20110101To20110331" decimals="-3" unitRef="TWD">28184000</tw-gaap-ci:UnrealizedGainInterAffiliateAccounts>
	<tw-gaap-ci:RealizedGainInterAffiliateAccounts contextRef="From20120101To20120331" decimals="-3" unitRef="TWD">135272000</tw-gaap-ci:RealizedGainInterAffiliateAccounts>
	<tw-gaap-ci:RealizedGainInterAffiliateAccounts contextRef="From20110101To20110331" decimals="-3" unitRef="TWD">42217000</tw-gaap-ci:RealizedGainInterAffiliateAccounts>
	<tw-gaap-ci:Sellingexpense contextRef="From20120101To20120331" decimals="-3" unitRef="TWD">48973000</tw-gaap-ci:Sellingexpense>
	<tw-gaap-ci:Sellingexpense contextRef="From20110101To20110331" decimals="-3" unitRef="TWD">32430000</tw-gaap-ci:Sellingexpense>
	<tw-gaap-ci:GeneralAdministrativeExpenses contextRef="From20120101To20120331" decimals="-3" unitRef="TWD">26864000</tw-gaap-ci:GeneralAdministrativeExpenses>
	<tw-gaap-ci:GeneralAdministrativeExpenses contextRef="From20110101To20110331" decimals="-3" unitRef="TWD">25936000</tw-gaap-ci:GeneralAdministrativeExpenses>
	<tw-gaap-ci:ResearchDevelopmentExpenses contextRef="From20120101To20120331" decimals="-3" unitRef="TWD">81952000</tw-gaap-ci:ResearchDevelopmentExpenses>
	<tw-gaap-ci:ResearchDevelopmentExpenses contextRef="From20110101To20110331" decimals="-3" unitRef="TWD">69357000</tw-gaap-ci:ResearchDevelopmentExpenses>
	<tw-gaap-ci:OperatingExpenses contextRef="From20120101To20120331" decimals="-3" unitRef="TWD">157789000</tw-gaap-ci:OperatingExpenses>
	<tw-gaap-ci:OperatingExpenses contextRef="From20110101To20110331" decimals="-3" unitRef="TWD">127723000</tw-gaap-ci:OperatingExpenses>
	<tw-gaap-ci:OperatingIncomeLoss contextRef="From20120101To20120331" decimals="-3" unitRef="TWD">238273000</tw-gaap-ci:OperatingIncomeLoss>
	<tw-gaap-ci:OperatingIncomeLoss contextRef="From20110101To20110331" decimals="-3" unitRef="TWD">305338000</tw-gaap-ci:OperatingIncomeLoss>
	<tw-gaap-ci:InterestIncome contextRef="From20120101To20120331" decimals="-3" unitRef="TWD">5819000</tw-gaap-ci:InterestIncome>
	<tw-gaap-ci:InterestIncome contextRef="From20110101To20110331" decimals="-3" unitRef="TWD">5098000</tw-gaap-ci:InterestIncome>
	<tw-gaap-ci:InvestmentGainsRecognizedEquityMethod contextRef="From20120101To20120331" decimals="-3" unitRef="TWD">71409000</tw-gaap-ci:InvestmentGainsRecognizedEquityMethod>
	<tw-gaap-ci:InvestmentGainsRecognizedEquityMethod contextRef="From20110101To20110331" decimals="-3" unitRef="TWD">60877000</tw-gaap-ci:InvestmentGainsRecognizedEquityMethod>
	<tw-gaap-ci:InvestmentGains contextRef="From20120101To20120331" decimals="-3" unitRef="TWD">71409000</tw-gaap-ci:InvestmentGains>
	<tw-gaap-ci:InvestmentGains contextRef="From20110101To20110331" decimals="-3" unitRef="TWD">60877000</tw-gaap-ci:InvestmentGains>
	<tw-gaap-ci:ForeignExchangeGains contextRef="From20120101To20120331" decimals="-3" unitRef="TWD">0</tw-gaap-ci:ForeignExchangeGains>
	<tw-gaap-ci:ForeignExchangeGains contextRef="From20110101To20110331" decimals="-3" unitRef="TWD">3651000</tw-gaap-ci:ForeignExchangeGains>
	<tw-gaap-ci:MiscellaneousIncome contextRef="From20120101To20120331" decimals="-3" unitRef="TWD">9274000</tw-gaap-ci:MiscellaneousIncome>
	<tw-gaap-ci:MiscellaneousIncome contextRef="From20110101To20110331" decimals="-3" unitRef="TWD">3550000</tw-gaap-ci:MiscellaneousIncome>
	<tw-gaap-ci:NonOperatingIncomeGains contextRef="From20120101To20120331" decimals="-3" unitRef="TWD">86502000</tw-gaap-ci:NonOperatingIncomeGains>
	<tw-gaap-ci:NonOperatingIncomeGains contextRef="From20110101To20110331" decimals="-3" unitRef="TWD">73176000</tw-gaap-ci:NonOperatingIncomeGains>
	<tw-gaap-ci:ForeignExchangeLosses contextRef="From20120101To20120331" decimals="-3" unitRef="TWD">45000</tw-gaap-ci:ForeignExchangeLosses>
	<tw-gaap-ci:ForeignExchangeLosses contextRef="From20110101To20110331" decimals="-3" unitRef="TWD">0</tw-gaap-ci:ForeignExchangeLosses>
	<tw-gaap-ci:RevaluationLossFinancialAssets contextRef="From20120101To20120331" decimals="-3" unitRef="TWD">0</tw-gaap-ci:RevaluationLossFinancialAssets>
	<tw-gaap-ci:RevaluationLossFinancialAssets contextRef="From20110101To20110331" decimals="-3" unitRef="TWD">2063000</tw-gaap-ci:RevaluationLossFinancialAssets>
	<tw-gaap-ci:NonOperatingExpenses contextRef="From20120101To20120331" decimals="-3" unitRef="TWD">45000</tw-gaap-ci:NonOperatingExpenses>
	<tw-gaap-ci:NonOperatingExpenses contextRef="From20110101To20110331" decimals="-3" unitRef="TWD">2063000</tw-gaap-ci:NonOperatingExpenses>
	<tw-gaap-ci:IncomeContinuingOperationsBeforeIncomeTax contextRef="From20120101To20120331" decimals="-3" unitRef="TWD">324730000</tw-gaap-ci:IncomeContinuingOperationsBeforeIncomeTax>
	<tw-gaap-ci:IncomeContinuingOperationsBeforeIncomeTax contextRef="From20110101To20110331" decimals="-3" unitRef="TWD">376451000</tw-gaap-ci:IncomeContinuingOperationsBeforeIncomeTax>
	<tw-gaap-ci:IncomeTaxExpenseBenefit contextRef="From20120101To20120331" decimals="-3" unitRef="TWD">32524000</tw-gaap-ci:IncomeTaxExpenseBenefit>
	<tw-gaap-ci:IncomeTaxExpenseBenefit contextRef="From20110101To20110331" decimals="-3" unitRef="TWD">52177000</tw-gaap-ci:IncomeTaxExpenseBenefit>
	<tw-gaap-ci:IncomeContinuingOperations contextRef="From20120101To20120331" decimals="-3" unitRef="TWD">292206000</tw-gaap-ci:IncomeContinuingOperations>
	<tw-gaap-ci:IncomeContinuingOperations contextRef="From20110101To20110331" decimals="-3" unitRef="TWD">324274000</tw-gaap-ci:IncomeContinuingOperations>
	<tw-gaap-ci:NetIncomeLoss contextRef="From20120101To20120331" decimals="-3" unitRef="TWD">292206000</tw-gaap-ci:NetIncomeLoss>
	<tw-gaap-ci:NetIncomeLoss contextRef="From20110101To20110331" decimals="-3" unitRef="TWD">324274000</tw-gaap-ci:NetIncomeLoss>
	<tw-gaap-ci:PrimaryEarningsPerShare contextRef="From20120101To20120331" decimals="2" unitRef="TWD">2.54</tw-gaap-ci:PrimaryEarningsPerShare>
	<tw-gaap-ci:PrimaryEarningsPerShare contextRef="From20110101To20110331" decimals="2" unitRef="TWD">2.82</tw-gaap-ci:PrimaryEarningsPerShare>
	<tw-gaap-ci:DilutedEarningsPerShare contextRef="From20120101To20120331" decimals="2" unitRef="TWD">2.53</tw-gaap-ci:DilutedEarningsPerShare>
	<tw-gaap-ci:DilutedEarningsPerShare contextRef="From20110101To20110331" decimals="2" unitRef="TWD">2.81</tw-gaap-ci:DilutedEarningsPerShare>
	<tw-gaap-ci:NetIncomeLoss_StatementCashFlows contextRef="From20120101To20120331" decimals="-3" unitRef="TWD">292206000</tw-gaap-ci:NetIncomeLoss_StatementCashFlows>
	<tw-gaap-ci:NetIncomeLoss_StatementCashFlows contextRef="From20110101To20110331" decimals="-3" unitRef="TWD">324274000</tw-gaap-ci:NetIncomeLoss_StatementCashFlows>
	<tw-gaap-ci:DepreciationExpense-Operating contextRef="From20120101To20120331" decimals="-3" unitRef="TWD">582000</tw-gaap-ci:DepreciationExpense-Operating>
	<tw-gaap-ci:DepreciationExpense-Operating contextRef="From20110101To20110331" decimals="-3" unitRef="TWD">1067000</tw-gaap-ci:DepreciationExpense-Operating>
	<tw-gaap-ci:AmortizationExpense-Operating contextRef="From20120101To20120331" decimals="-3" unitRef="TWD">0</tw-gaap-ci:AmortizationExpense-Operating>
	<tw-gaap-ci:AmortizationExpense-Operating contextRef="From20110101To20110331" decimals="-3" unitRef="TWD">673000</tw-gaap-ci:AmortizationExpense-Operating>
	<tw-gaap-ci:InvestmentLossIncomeRecognizedEquityMethod contextRef="From20120101To20120331" decimals="-3" unitRef="TWD">-71409000</tw-gaap-ci:InvestmentLossIncomeRecognizedEquityMethod>
	<tw-gaap-ci:InvestmentLossIncomeRecognizedEquityMethod contextRef="From20110101To20110331" decimals="-3" unitRef="TWD">-60877000</tw-gaap-ci:InvestmentLossIncomeRecognizedEquityMethod>
	<tw-gaap-ci:UnrealizedRevaluationGainFinancialAssetsLiabilities contextRef="From20120101To20120331" decimals="-3" unitRef="TWD">0</tw-gaap-ci:UnrealizedRevaluationGainFinancialAssetsLiabilities>
	<tw-gaap-ci:UnrealizedRevaluationGainFinancialAssetsLiabilities contextRef="From20110101To20110331" decimals="-3" unitRef="TWD">2063000</tw-gaap-ci:UnrealizedRevaluationGainFinancialAssetsLiabilities>
	<tw-gaap-ci:AdjustmentsReconcileNetIncomeNetCashProvidedUsedOperatingActivities contextRef="From20120101To20120331" decimals="-3" unitRef="TWD">-70827000</tw-gaap-ci:AdjustmentsReconcileNetIncomeNetCashProvidedUsedOperatingActivities>
	<tw-gaap-ci:AdjustmentsReconcileNetIncomeNetCashProvidedUsedOperatingActivities contextRef="From20110101To20110331" decimals="-3" unitRef="TWD">-57074000</tw-gaap-ci:AdjustmentsReconcileNetIncomeNetCashProvidedUsedOperatingActivities>
	<tw-gaap-ci:ChangesFinancialAssetsHeldTrading contextRef="From20120101To20120331" decimals="-3" unitRef="TWD">0</tw-gaap-ci:ChangesFinancialAssetsHeldTrading>
	<tw-gaap-ci:ChangesFinancialAssetsHeldTrading contextRef="From20110101To20110331" decimals="-3" unitRef="TWD">-2430000</tw-gaap-ci:ChangesFinancialAssetsHeldTrading>
	<tw-gaap-ci:ChangesAccountsReceivable contextRef="From20120101To20120331" decimals="-3" unitRef="TWD">-147987000</tw-gaap-ci:ChangesAccountsReceivable>
	<tw-gaap-ci:ChangesAccountsReceivable contextRef="From20110101To20110331" decimals="-3" unitRef="TWD">-190540000</tw-gaap-ci:ChangesAccountsReceivable>
	<tw-gaap-ci:ChangesAccountsReceivableRelatedParties contextRef="From20120101To20120331" decimals="-3" unitRef="TWD">376786000</tw-gaap-ci:ChangesAccountsReceivableRelatedParties>
	<tw-gaap-ci:ChangesAccountsReceivableRelatedParties contextRef="From20110101To20110331" decimals="-3" unitRef="TWD">82356000</tw-gaap-ci:ChangesAccountsReceivableRelatedParties>
	<tw-gaap-ci:ChangesInventories contextRef="From20120101To20120331" decimals="-3" unitRef="TWD">349499000</tw-gaap-ci:ChangesInventories>
	<tw-gaap-ci:ChangesInventories contextRef="From20110101To20110331" decimals="-3" unitRef="TWD">225145000</tw-gaap-ci:ChangesInventories>
	<tw-gaap-ci:ChangesOtherCurrentAssets_CI contextRef="From20120101To20120331" decimals="-3" unitRef="TWD">-223000</tw-gaap-ci:ChangesOtherCurrentAssets_CI>
	<tw-gaap-ci:ChangesOtherCurrentAssets_CI contextRef="From20110101To20110331" decimals="-3" unitRef="TWD">-2655000</tw-gaap-ci:ChangesOtherCurrentAssets_CI>
	<tw-gaap-ci:ChangesDeferredTaxAssets contextRef="From20120101To20120331" decimals="-3" unitRef="TWD">14485000</tw-gaap-ci:ChangesDeferredTaxAssets>
	<tw-gaap-ci:ChangesDeferredTaxAssets contextRef="From20110101To20110331" decimals="-3" unitRef="TWD">-5892000</tw-gaap-ci:ChangesDeferredTaxAssets>
	<tw-gaap-ci:ChangesOperatingAssets contextRef="From20120101To20120331" decimals="-3" unitRef="TWD">592560000</tw-gaap-ci:ChangesOperatingAssets>
	<tw-gaap-ci:ChangesOperatingAssets contextRef="From20110101To20110331" decimals="-3" unitRef="TWD">105984000</tw-gaap-ci:ChangesOperatingAssets>
	<tw-gaap-ci:ChangesNotesPayable contextRef="From20120101To20120331" decimals="-3" unitRef="TWD">-309000</tw-gaap-ci:ChangesNotesPayable>
	<tw-gaap-ci:ChangesNotesPayable contextRef="From20110101To20110331" decimals="-3" unitRef="TWD">-203000</tw-gaap-ci:ChangesNotesPayable>
	<tw-gaap-ci:ChangesAccountsPayable contextRef="From20120101To20120331" decimals="-3" unitRef="TWD">-324000</tw-gaap-ci:ChangesAccountsPayable>
	<tw-gaap-ci:ChangesAccountsPayable contextRef="From20110101To20110331" decimals="-3" unitRef="TWD">1104000</tw-gaap-ci:ChangesAccountsPayable>
	<tw-gaap-ci:ChangesAccountsPayableRelatedParties contextRef="From20120101To20120331" decimals="-3" unitRef="TWD">-873190000</tw-gaap-ci:ChangesAccountsPayableRelatedParties>
	<tw-gaap-ci:ChangesAccountsPayableRelatedParties contextRef="From20110101To20110331" decimals="-3" unitRef="TWD">3799000</tw-gaap-ci:ChangesAccountsPayableRelatedParties>
	<tw-gaap-ci:ChangesIncomeTaxPayable contextRef="From20120101To20120331" decimals="-3" unitRef="TWD">1780000</tw-gaap-ci:ChangesIncomeTaxPayable>
	<tw-gaap-ci:ChangesIncomeTaxPayable contextRef="From20110101To20110331" decimals="-3" unitRef="TWD">54585000</tw-gaap-ci:ChangesIncomeTaxPayable>
	<tw-gaap-ci:ChangesAccruedExpenses contextRef="From20120101To20120331" decimals="-3" unitRef="TWD">15876000</tw-gaap-ci:ChangesAccruedExpenses>
	<tw-gaap-ci:ChangesAccruedExpenses contextRef="From20110101To20110331" decimals="-3" unitRef="TWD">23754000</tw-gaap-ci:ChangesAccruedExpenses>
	<tw-gaap-ci:ChangesReceiptsAdvance contextRef="From20120101To20120331" decimals="-3" unitRef="TWD">14302000</tw-gaap-ci:ChangesReceiptsAdvance>
	<tw-gaap-ci:ChangesReceiptsAdvance contextRef="From20110101To20110331" decimals="-3" unitRef="TWD">-25329000</tw-gaap-ci:ChangesReceiptsAdvance>
	<tw-gaap-ci:ChangesOtherCurrentLiabilities_CI contextRef="From20120101To20120331" decimals="-3" unitRef="TWD">-55000</tw-gaap-ci:ChangesOtherCurrentLiabilities_CI>
	<tw-gaap-ci:ChangesOtherCurrentLiabilities_CI contextRef="From20110101To20110331" decimals="-3" unitRef="TWD">44000</tw-gaap-ci:ChangesOtherCurrentLiabilities_CI>
	<tw-gaap-ci:ChangesDeferredCredits contextRef="From20120101To20120331" decimals="-3" unitRef="TWD">-73071000</tw-gaap-ci:ChangesDeferredCredits>
	<tw-gaap-ci:ChangesDeferredCredits contextRef="From20110101To20110331" decimals="-3" unitRef="TWD">-14033000</tw-gaap-ci:ChangesDeferredCredits>
	<tw-gaap-ci:ChangesOperatingLiabilities contextRef="From20120101To20120331" decimals="-3" unitRef="TWD">-914991000</tw-gaap-ci:ChangesOperatingLiabilities>
	<tw-gaap-ci:ChangesOperatingLiabilities contextRef="From20110101To20110331" decimals="-3" unitRef="TWD">43721000</tw-gaap-ci:ChangesOperatingLiabilities>
	<tw-gaap-ci:ChangesOperatingAssetsLiabilities contextRef="From20120101To20120331" decimals="-3" unitRef="TWD">-322431000</tw-gaap-ci:ChangesOperatingAssetsLiabilities>
	<tw-gaap-ci:ChangesOperatingAssetsLiabilities contextRef="From20110101To20110331" decimals="-3" unitRef="TWD">149705000</tw-gaap-ci:ChangesOperatingAssetsLiabilities>
	<tw-gaap-ci:NetCashProvidedUsedOperatingActivities contextRef="From20120101To20120331" decimals="-3" unitRef="TWD">-101052000</tw-gaap-ci:NetCashProvidedUsedOperatingActivities>
	<tw-gaap-ci:NetCashProvidedUsedOperatingActivities contextRef="From20110101To20110331" decimals="-3" unitRef="TWD">416905000</tw-gaap-ci:NetCashProvidedUsedOperatingActivities>
	<tw-gaap-ci:AcquisitionPropertyPlantEquipment contextRef="From20120101To20120331" decimals="-3" unitRef="TWD">-1332000</tw-gaap-ci:AcquisitionPropertyPlantEquipment>
	<tw-gaap-ci:AcquisitionPropertyPlantEquipment contextRef="From20110101To20110331" decimals="-3" unitRef="TWD">0</tw-gaap-ci:AcquisitionPropertyPlantEquipment>
	<tw-gaap-ci:ChangesRefundableDeposits contextRef="From20120101To20120331" decimals="-3" unitRef="TWD">-258000</tw-gaap-ci:ChangesRefundableDeposits>
	<tw-gaap-ci:ChangesRefundableDeposits contextRef="From20110101To20110331" decimals="-3" unitRef="TWD">-1968000</tw-gaap-ci:ChangesRefundableDeposits>
	<tw-gaap-ci:IncreaseDeferredCharges contextRef="From20120101To20120331" decimals="-3" unitRef="TWD">-2000000</tw-gaap-ci:IncreaseDeferredCharges>
	<tw-gaap-ci:IncreaseDeferredCharges contextRef="From20110101To20110331" decimals="-3" unitRef="TWD">-2000000</tw-gaap-ci:IncreaseDeferredCharges>
	<tw-gaap-ci:NetCashProvidedUsedInvestingActivities contextRef="From20120101To20120331" decimals="-3" unitRef="TWD">-3590000</tw-gaap-ci:NetCashProvidedUsedInvestingActivities>
	<tw-gaap-ci:NetCashProvidedUsedInvestingActivities contextRef="From20110101To20110331" decimals="-3" unitRef="TWD">-3968000</tw-gaap-ci:NetCashProvidedUsedInvestingActivities>
	<tw-gaap-ci:NetChangesCashCashEquivalents contextRef="From20120101To20120331" decimals="-3" unitRef="TWD">-104642000</tw-gaap-ci:NetChangesCashCashEquivalents>
	<tw-gaap-ci:NetChangesCashCashEquivalents contextRef="From20110101To20110331" decimals="-3" unitRef="TWD">412937000</tw-gaap-ci:NetChangesCashCashEquivalents>
	<tw-gaap-ci:CashCashEquivalents contextRef="AsOf20120101" decimals="-3" unitRef="TWD">3503340000</tw-gaap-ci:CashCashEquivalents>
	<tw-gaap-ci:CashCashEquivalents contextRef="AsOf20110101" decimals="-3" unitRef="TWD">3115985000</tw-gaap-ci:CashCashEquivalents>
	<tw-gaap-ci:InterestPaid contextRef="From20120101To20120331" decimals="-3" unitRef="TWD">0</tw-gaap-ci:InterestPaid>
	<tw-gaap-ci:InterestPaid contextRef="From20110101To20110331" decimals="-3" unitRef="TWD">0</tw-gaap-ci:InterestPaid>
	<tw-gaap-ci:InterestPaidExcludingCapitalizedInterest contextRef="From20120101To20120331" decimals="-3" unitRef="TWD">0</tw-gaap-ci:InterestPaidExcludingCapitalizedInterest>
	<tw-gaap-ci:InterestPaidExcludingCapitalizedInterest contextRef="From20110101To20110331" decimals="-3" unitRef="TWD">0</tw-gaap-ci:InterestPaidExcludingCapitalizedInterest>
	<tw-gaap-ci:IncomeTaxPaid contextRef="From20120101To20120331" decimals="-3" unitRef="TWD">16259000</tw-gaap-ci:IncomeTaxPaid>
	<tw-gaap-ci:IncomeTaxPaid contextRef="From20110101To20110331" decimals="-3" unitRef="TWD">3484000</tw-gaap-ci:IncomeTaxPaid>
	<tw-gaap-ar:AccountantName contextRef="AsOf20120417">安永聯合會計師事務所</tw-gaap-ar:AccountantName>
	<tw-gaap-ar:AssuranceAccountantName1 contextRef="AsOf20120417">楊智惠</tw-gaap-ar:AssuranceAccountantName1>
	<tw-gaap-ar:AssuranceAccountantName2 contextRef="AsOf20120417">曾祥裕</tw-gaap-ar:AssuranceAccountantName2>
	<tw-gaap-ar:ReviewAuditDate contextRef="AsOf20120417">2012-04-17</tw-gaap-ar:ReviewAuditDate>
	<tw-gaap-ar:ReviewReport contextRef="AsOf20120417">Y</tw-gaap-ar:ReviewReport>
	<tw-gaap-ar:QualifiedOpinionAbstract contextRef="AsOf20120417">Y</tw-gaap-ar:QualifiedOpinionAbstract>
	<tw-gaap-ar:ByInvestmentCompaniesWithoutAccountantAuditReportRecognizedGainLoss contextRef="AsOf20120417">Y</tw-gaap-ar:ByInvestmentCompaniesWithoutAccountantAuditReportRecognizedGainLoss>
	<tw-gaap-ar:DescriptionEmphasizeItemBody contextRef="AsOf20120417"><![CDATA[]]></tw-gaap-ar:DescriptionEmphasizeItemBody>
	<tw-gaap-ar:DescriptionOtherItemBody contextRef="AsOf20120417"><![CDATA[]]></tw-gaap-ar:DescriptionOtherItemBody>
	<tw-gaap-ar:AccountantsReportBody contextRef="AsOf20120417"><![CDATA[                                會計師核閱報告

  華擎科技股份有限公司民國一○一年三月三十一日及民國一○○年三月三十一日之資產
負債表，暨民國一○一年一月一日至三月三十一日及民國一○○年一月一日至三月三十一
日之損益表及現金流量表，業經本會計師核閱竣事。上開財務報表之編製係管理階層之責
任，本會計師之責任則為根據核閱結果出具報告。

  除下段所述者外，本會計師係依照審計準則公報第三十六號「財務報表之核閱」規劃並
執行核閱工作。由於本會計師僅實施分析、比較與查詢，並未依照一般公認審計準則查核
，故無法對上開財務報表之整體是否允當表達表示意見。

  如財務報表附註四.6所述，華擎科技股份有限公司民國一○一年三月三十一日及民國
一○○年三月三十一日採權益法之長期股權投資金額分別為新台幣3,060,638仟元及
2,723,430仟元，暨民國一○一年一月一日至三月三十一日及民國一○○年一月一日至三
月三十一日所認列之相關投資利益分別為新台幣71,409仟元及60,877仟元，係以該等被
投資公司同期間未經會計師核閱之財務報表為依據。又如財務報表附註十一.(二)有關轉
投資事業相關資訊亦未經會計師核閱。

  依本會計師核閱結果，除上段所述該等被投資公司財務報表倘經會計師核閱，對財務報
表可能有所調整之影響及財務報表附註十一.(二)有關轉投資事業相關資訊未經會計師核
閱外，並未發現第一段所述之財務報表在所有重大方面有違反商業會計法及商業會計處理
準則中與財務會計準則相關之規定、證券發行人財務報告編製準則暨一般公認會計原則而
須作修正之情事。

       此　　致

華擎科技股份有限公司　公鑒

                                      安 永 聯 合 會 計 師 事 務 所
                                      金管會證期局核准辦理公開發行公司財務報告
                                      查核簽證文號：(92)台財證(六)第100592號
                                                     金管證六字第0970005927號


                                              楊 智 惠

                                      會計師：

                                              曾 祥 裕


                                      中華民國一○一年四月十七日

]]></tw-gaap-ar:AccountantsReportBody>
	<tw-gaap-notes:FinancialReportNotes contextRef="From20120101To20120331"><![CDATA[http://doc.twse.com.tw/server-java/t57sb01?step=1&colorchg=1&co_id=3515&year=101&seamon=1&mtype=A&]]></tw-gaap-notes:FinancialReportNotes>
	<tw-gaap-notes:OrganizationAndOperations contextRef="From20120101To20120331"><![CDATA[1.本公司於民國九十一年五月十日核准設立，並開始主要營業活動，目前主要經營業務為主機板之銷售
  與產品研發設計等。

2.本公司於民國九十五年五月經證期局核准通過股票公開發行，並於民國九十六年十一月於證券交易所
  掛牌上巿。

3.本公司民國一○一年及一○○年三月三十一日之員工人數分別為 219人及169人。

]]></tw-gaap-notes:OrganizationAndOperations>
	<tw-gaap-notes:StatementOfFinancialStatementsPreparedInAccordanceWithRelatedRegulationsAndGenerallyAcceptedAccountingPrinciples contextRef="From20120101To20120331"><![CDATA[本財務報表係依照商業會計法及商業會計處理準則中與財務會計準則相關之規定、證券發行人財務報告編製準則
暨一般公認會計原則編製。]]></tw-gaap-notes:StatementOfFinancialStatementsPreparedInAccordanceWithRelatedRegulationsAndGenerallyAcceptedAccountingPrinciples>
	<tw-gaap-notes:ForeignCurrencyTransactionsAndTranslationOfForeignCurrencyFinancialStatements contextRef="From20120101To20120331"><![CDATA[本公司之交易事項係以新台幣為記帳單位。以外幣為準之交易事項係按交易發生時之匯率折算新台幣金額入帳。
至於外幣交易日與結清日係在同一會計期間，外幣債權或債務於收取或償付時，因匯率變動所發生之兌換損失
或利益列為當年度之損益。若交易發生日與結清日分屬不同會計期間，外幣債權或債務，則依財務會計準則公
報第十四號「外幣換算之會計處理準則」之規定，按資產負債日之匯率調整，並按性質列為當期兌換損益或股
東權益之調整項目。]]></tw-gaap-notes:ForeignCurrencyTransactionsAndTranslationOfForeignCurrencyFinancialStatements>
	<tw-gaap-notes:ClassificationOfCurrentAndNoncurrentAssetsAndLiabilities contextRef="From20120101To20120331"><![CDATA[本公司之資產與負債，係按一年或一個營業週期作為劃分流動或非流動之依據。]]></tw-gaap-notes:ClassificationOfCurrentAndNoncurrentAssetsAndLiabilities>
	<tw-gaap-notes:CashAndCashEquivalents contextRef="From20120101To20120331"><![CDATA[凡庫存現金、零用金、銀行存款及定期存款暨隨時可轉換成定額現金且即將到期而其利率變動對其價值影響甚少
之短期且具高度流動性之投資皆屬之，出售時成本之計算採個別認定法。]]></tw-gaap-notes:CashAndCashEquivalents>
	<tw-gaap-notes:FinancialAssetsAndLiabilitiesAtFairValueThroughProfitOrLoss contextRef="From20120101To20120331"><![CDATA[公平價值變動列入損益之金融資產於續後評價時，概以公平價值衡量且公平價值變動認列於損益表。

所稱公平價值，在上市櫃股票或存託憑證，係指資產負債表日之收盤價。開放型基金之公平價值則係指
資產負債表日該基金之淨資產價值。
]]></tw-gaap-notes:FinancialAssetsAndLiabilitiesAtFairValueThroughProfitOrLoss>
	<tw-gaap-notes:HeldToMaturityFinancialAssets contextRef="From20120101To20120331"><![CDATA[對具有固定或可決定之收取金額及固定到期日，且有積極意圖及能力持有至到期日之非衍生性金融資產分類為
持有至到期日之金融資產，並以攤銷後成本衡量。

若有減損之客觀證據，則認列減損損失。若後續期間減損金額減少，且明顯與認列減損後發生之事件有關，則
以未認列減損情況下之攤銷後成本為限，將減損損失予以迴轉。
]]></tw-gaap-notes:HeldToMaturityFinancialAssets>
	<tw-gaap-notes:FinancialAssetsMeasuredAtCost contextRef="From20120101To20120331"><![CDATA[本公司對無法可靠衡量公平價值之權益商品投資，包括未上市(櫃)股票，係以原始認列之成本衡量。若有
減損之客觀證據，則認列減損損失，減損金額為估計未來現金流量以類似金融資產當時市場報酬率折現之
折現值與帳面價值間之差額，此減損金額不得迴轉。]]></tw-gaap-notes:FinancialAssetsMeasuredAtCost>
	<tw-gaap-notes:NotesAndAccountsReceivableOtherReceivable contextRef="From20120101To20120331"><![CDATA[本公司應收款項之減損評估係首先確認是否存在客觀證據顯示重大個別應收款項發生減損，重大個別應收款項存在
客觀證據顯示發生減損者，應個別評估其減損金額，其餘存在客觀證據顯示發生減損之非屬重大之應收款項，以及
無減損客觀證據之應收款項，將具類似信用風險特徵者納入群組，分別評估該組資產之減損。
]]></tw-gaap-notes:NotesAndAccountsReceivableOtherReceivable>
	<tw-gaap-notes:ImpairmentOfNonFinancialAsset contextRef="From20120101To20120331"><![CDATA[本公司於每一資產負債表日評估所有適用三十五號公報「資產減損之會計處理準則」之資產是否有減損跡象，
如有減損跡象，則進行減損測試，依公報規定以個別資產或資產所屬之現金產生單位進行測試。減損測試結果
如資產(或資產所屬現金產生單位)之帳面價值大於可回收金額，則須認列減損損失，而可回收金額則為淨公平
價值及使用價值之較高者；反之，若於資產負債表日有證據顯示資產於以前年度認列之減損損失可能已不存在
或減少時，應再重新評估可回收金額，若可回收金額因資產之估計服務潛能變動而增加時，除商譽之減損，一
經認列，嗣後不得以任何理由迴轉外，其餘減損損失應予迴轉，惟迴轉後帳面價值不可超過資產在未認列減損
損失情況下，減除應提列折舊或攤銷後之帳面價值。減損損失及減損迴轉利益列為營業外收支。]]></tw-gaap-notes:ImpairmentOfNonFinancialAsset>
	<tw-gaap-notes:Inventories contextRef="From20120101To20120331"><![CDATA[存貨係以成本與淨變現價值孰低評價，比較成本與淨變現價值時，係以逐項比較為基礎。
淨變現價值係指在正常情況下之估計售價減除增額銷售費用後之餘額。]]></tw-gaap-notes:Inventories>
	<tw-gaap-notes:LongTermInvestmentsUnderEquityMethod contextRef="From20120101To20120331"><![CDATA[(1)長期股權投資係按一般公認會計原則之規定採權益法予以評價。出售及移轉時成本採加權平均法計算。

(2)本公司與被投資公司間順流交易未實現損益之銷除，係依財務會計準則公報第五號「採權益法之長期
   股權投資會計處理準則」之規定，以加(減)「聯屬公司間已(未)實現利益」及「遞延貸項」方式調整。

(3)本公司對於持股超過百分之五十之被投資公司，依財務會計準則公報第二十三號「期中財務報表之表
   達及揭露」之規定，採權益法按持股比例認列其截至當季止之投資損益。
]]></tw-gaap-notes:LongTermInvestmentsUnderEquityMethod>
	<tw-gaap-notes:PropertyPlantAndEquipmentAssetsLeasedToOthersAndIdleAssets contextRef="From20120101To20120331"><![CDATA[(1)固定資產係以取得成本為入帳基礎，重大之更新或改良作為資本支出，經常性之維護及修理則列為當期費用。
   固定資產報廢或出售時，其成本及累計折舊均自有關資產項目予以減除，若有處分利益，則列為當年度之營
   業外收入及利益，至於處分損失，則列為營業外費用及損失。

(2)折舊係依稅法規定之耐用年數，按平均法計算。

]]></tw-gaap-notes:PropertyPlantAndEquipmentAssetsLeasedToOthersAndIdleAssets>
	<tw-gaap-notes:DeferredChargesAssets contextRef="From20120101To20120331"><![CDATA[主要項目係電腦軟體等，以取得成本為入帳基礎，並按一~三年平均攤提。]]></tw-gaap-notes:DeferredChargesAssets>
	<tw-gaap-notes:PensionPlan contextRef="From20120101To20120331"><![CDATA[(1)本公司訂有職工退休辦法，自民國九十二年十二月起，每月依「勞動基準法」規定比率百分之二提撥，撥交
   監督委員會專戶儲存及支用，上述提撥款項與本公司完全分離，故未包括於財務報表之中。

(2)本公司自民國九十二年底起，依財務會計準則公報第十八號「退休金會計處理準則」之規定，以年度結束日
   為衡量日完成精算，其累積給付義務超過退休基金資產公平價值部份，於資產負債表認列最低退休金負債，
   並自民國九十三年一月一日起認列淨退休金成本。

(3)勞工退休金條例自民國九十四年七月一日起施行，並採確定提撥制。實施後員工得選擇適用「勞動基準法」
   有關之退休金規定，或適用該條列之退休金制度並保留適用該條例前之工作年資。對適用該條例之員工，本
   公司每月負擔之員工退休金提撥率，不得低於員工每月薪資百分之六。

(4)退休金之會計處理係依財務會計準則公報第十八號「退休金會計處理準則」之規定，屬確定給付退休辦法者，
   淨退休金成本係按精算報告提列，包括當期服務成本、利息成本、基金資產之預期報酬、未認列過渡性淨資
   產與退休金利益之攤提。未認列過渡性淨給付義務按員工剩餘服務年資分年平均攤銷。屬確定提撥退休辦法
   者，依權責發生基礎，將每期提繳之退休基金數額認列為當期費用。

]]></tw-gaap-notes:PensionPlan>
	<tw-gaap-notes:IncomeTax contextRef="From20120101To20120331"><![CDATA[(1)本公司依財務會計準則公報第二十二號「所得稅之會計處理準則」之規定，作跨期間與同期間之所得稅分攤。
   將應課稅暫時性差異所產生之所得稅影響數認列為遞延所得稅負債，另將可減除暫時性差異、虧損扣抵及所得
   稅抵減所產生之所得稅影響數認列為遞延所得稅資產，再評估其遞延所得稅資產之可實現性，估列其備抵評價
   金額。遞延所得稅資產或負債依其相關資產或負債之分類劃分為流動或非流動項目，無相關之資產或負債者，
   依預期回轉期間之長短劃分為流動或非流動項目。

(2)本公司未分配盈餘加徵百分之十營利事業所得稅部分，配合所得稅法於民國九十五年五月三十日修正未分配盈
   餘課稅之加徵基礎，由稅捐稽徵機關核定之課稅所得額改為依商業會計法規定處理之稅後純益加計或減除所得
   稅法規定列入調整之項目後，按餘額加徵百分之十營利事業所得稅，於股東會決議分配盈餘之日列為當期費用。

(3)配合民國九十五年一月一日開始實施之「所得基本稅額條例」，本公司依其規定計算基本稅額，並與按所得稅
   法規定計算之應納稅額兩者相較擇其高者估列為當期所得稅。另本公司於評估遞延所得稅資產可實現性時，亦
   將未來年度應納之最低所得稅稅額納入考量。

(4)本公司所得稅抵減之會計處理依財務會計準則公報第十二號「所得稅抵減之會計處理準則」之規定處理，因購
   置設備或技術、研究發展、人才培訓等所產生之所得稅抵減採當期認列法處理。
]]></tw-gaap-notes:IncomeTax>
	<tw-gaap-notes:EmployeeBonusAndRemunerationsPaidToDirectorsAndSupervisors contextRef="From20120101To20120331"><![CDATA[依財團法人中華民國會計研究發展基金會於民國九十六年三月十六日發布之(96)基秘字第052號函規定，
員工分紅及董監酬勞應視為費用，而非盈餘之分配。]]></tw-gaap-notes:EmployeeBonusAndRemunerationsPaidToDirectorsAndSupervisors>
	<tw-gaap-notes:RevenueRecognition contextRef="From20120101To20120331"><![CDATA[銷貨收入原則上於獲利過程完成時認列，其條件為
(一)取得具有說服力之證據證明雙方交易存在；
(二)貨物之所有權及風險已移轉；
(三)價格係屬於固定或可決定；
(四)價款收現性可合理確定。]]></tw-gaap-notes:RevenueRecognition>
	<tw-gaap-notes:OperatingSegment contextRef="From20120101To20120331"><![CDATA[營運部門係同時符合下列特性之企業組成單位：

(1)從事可獲得收入並發生費用之經營活動。

(2)營運結果定期由企業之營運決策者複核，以制定分配予該部門資源之決策，並評估該部門之績效。

(3)具個別分離之財務資訊。
]]></tw-gaap-notes:OperatingSegment>
	<tw-gaap-notes:ChangesInAccountingPrinciples contextRef="From20120101To20120331"><![CDATA[1.本公司自民國一○○年一月一日起，採用第三次修訂之財務會計準則公報第三十四號「金融商品之會計處理準則」
  規定。前述變動對本公司民國一○○年第一季之財務報表並無影響。

2.本公司自民國一○○年一月一日起，採用新發布之財務會計準則公報第四十一號「營運部門資訊之揭露」之規定
  處理營運部門資訊之揭露，該號公報係取代財務會計準則公報第二十號「部門別財務資訊之揭露」。前述變動對
  本公司民國一○○年第一季之財務報表並無重大影響。


]]></tw-gaap-notes:ChangesInAccountingPrinciples>
	<tw-gaap-notes:NamesLocationsAndRelatedInformationOfInvesteesOverWhichTheCompanyExercisesSignificantInfluence>
		<tw-gaap-notes:CompanyNameOfTheInvestor contextRef="From20120101To20120331"><![CDATA[華擎科技股份有限公司]]></tw-gaap-notes:CompanyNameOfTheInvestor>
		<tw-gaap-notes:CompanyNameOfTheInvestee contextRef="From20120101To20120331"><![CDATA[ASIAROCK TECHNOLOGY LIMITED]]></tw-gaap-notes:CompanyNameOfTheInvestee>
		<tw-gaap-notes:LocationCode contextRef="From20120101To20120331"><![CDATA[226]]></tw-gaap-notes:LocationCode>
		<tw-gaap-notes:Location contextRef="From20120101To20120331"><![CDATA[英屬維京群島]]></tw-gaap-notes:Location>
		<tw-gaap-notes:MainBusinessesAndProducts contextRef="From20120101To20120331"><![CDATA[資料儲存及處理設備之製造及銷售等]]></tw-gaap-notes:MainBusinessesAndProducts>
		<tw-gaap-notes:OriginalInvestmentAmount>
			<tw-gaap-notes:EndingBalance3 contextRef="AsOf20120331" decimals="-3" unitRef="TWD">1320886000</tw-gaap-notes:EndingBalance3>
			<tw-gaap-notes:BeginningBalance contextRef="AsOf20120331" decimals="-3" unitRef="TWD">1320886000</tw-gaap-notes:BeginningBalance>
		</tw-gaap-notes:OriginalInvestmentAmount>
		<tw-gaap-notes:InvestmentsAtTheEndOfThePeriod>
			<tw-gaap-notes:NumberOfShares1 contextRef="AsOf20120331" decimals="0" unitRef="Shares">40000000</tw-gaap-notes:NumberOfShares1>
			<tw-gaap-notes:PercentageOfOwnership1 contextRef="AsOf20120331" decimals="4">1.0000</tw-gaap-notes:PercentageOfOwnership1>
			<tw-gaap-notes:BookValue1 contextRef="AsOf20120331" decimals="-3" unitRef="TWD">3012958000</tw-gaap-notes:BookValue1>
		</tw-gaap-notes:InvestmentsAtTheEndOfThePeriod>
		<tw-gaap-notes:NetIncomeLossesOfTheInvestee contextRef="From20120101To20120331" decimals="-3" unitRef="TWD">49288000</tw-gaap-notes:NetIncomeLossesOfTheInvestee>
		<tw-gaap-notes:InvestmentIncomeLossesRecognized1 contextRef="From20120101To20120331" decimals="-3" unitRef="TWD">68992000</tw-gaap-notes:InvestmentIncomeLossesRecognized1>
		<tw-gaap-notes:Note contextRef="From20120101To20120331"><![CDATA[註4]]></tw-gaap-notes:Note>
	</tw-gaap-notes:NamesLocationsAndRelatedInformationOfInvesteesOverWhichTheCompanyExercisesSignificantInfluence>

	<tw-gaap-notes:NamesLocationsAndRelatedInformationOfInvesteesOverWhichTheCompanyExercisesSignificantInfluence>
		<tw-gaap-notes:CompanyNameOfTheInvestor contextRef="From20120101To20120331"><![CDATA[華擎科技股份有限公司]]></tw-gaap-notes:CompanyNameOfTheInvestor>
		<tw-gaap-notes:CompanyNameOfTheInvestee contextRef="From20120101To20120331"><![CDATA[LEADER INSIGHT HOLDINGS LTD.]]></tw-gaap-notes:CompanyNameOfTheInvestee>
		<tw-gaap-notes:LocationCode contextRef="From20120101To20120331"><![CDATA[226]]></tw-gaap-notes:LocationCode>
		<tw-gaap-notes:Location contextRef="From20120101To20120331"><![CDATA[英屬維京群島]]></tw-gaap-notes:Location>
		<tw-gaap-notes:MainBusinessesAndProducts contextRef="From20120101To20120331"><![CDATA[對其他事業投資控股]]></tw-gaap-notes:MainBusinessesAndProducts>
		<tw-gaap-notes:OriginalInvestmentAmount>
			<tw-gaap-notes:EndingBalance3 contextRef="AsOf20120331" decimals="-3" unitRef="TWD">71559000</tw-gaap-notes:EndingBalance3>
			<tw-gaap-notes:BeginningBalance contextRef="AsOf20120331" decimals="-3" unitRef="TWD">71559000</tw-gaap-notes:BeginningBalance>
		</tw-gaap-notes:OriginalInvestmentAmount>
		<tw-gaap-notes:InvestmentsAtTheEndOfThePeriod>
			<tw-gaap-notes:NumberOfShares1 contextRef="AsOf20120331" decimals="0" unitRef="Shares">2100000</tw-gaap-notes:NumberOfShares1>
			<tw-gaap-notes:PercentageOfOwnership1 contextRef="AsOf20120331" decimals="4">1.0000</tw-gaap-notes:PercentageOfOwnership1>
			<tw-gaap-notes:BookValue1 contextRef="AsOf20120331" decimals="-3" unitRef="TWD">47680000</tw-gaap-notes:BookValue1>
		</tw-gaap-notes:InvestmentsAtTheEndOfThePeriod>
		<tw-gaap-notes:NetIncomeLossesOfTheInvestee contextRef="From20120101To20120331" decimals="-3" unitRef="TWD">2417000</tw-gaap-notes:NetIncomeLossesOfTheInvestee>
		<tw-gaap-notes:InvestmentIncomeLossesRecognized1 contextRef="From20120101To20120331" decimals="-3" unitRef="TWD">2417000</tw-gaap-notes:InvestmentIncomeLossesRecognized1>
		<tw-gaap-notes:Note contextRef="From20120101To20120331"><![CDATA[]]></tw-gaap-notes:Note>
	</tw-gaap-notes:NamesLocationsAndRelatedInformationOfInvesteesOverWhichTheCompanyExercisesSignificantInfluence>

	<tw-gaap-notes:NamesLocationsAndRelatedInformationOfInvesteesOverWhichTheCompanyExercisesSignificantInfluence>
		<tw-gaap-notes:CompanyNameOfTheInvestor contextRef="From20120101To20120331"><![CDATA[ASIAROCK TECHNOLOGY LIMITED]]></tw-gaap-notes:CompanyNameOfTheInvestor>
		<tw-gaap-notes:CompanyNameOfTheInvestee contextRef="From20120101To20120331"><![CDATA[ASROCK EUROPE B.V.]]></tw-gaap-notes:CompanyNameOfTheInvestee>
		<tw-gaap-notes:LocationCode contextRef="From20120101To20120331"><![CDATA[145]]></tw-gaap-notes:LocationCode>
		<tw-gaap-notes:Location contextRef="From20120101To20120331"><![CDATA[荷蘭]]></tw-gaap-notes:Location>
		<tw-gaap-notes:MainBusinessesAndProducts contextRef="From20120101To20120331"><![CDATA[資料儲存及電子材料銷售、國際貿易等]]></tw-gaap-notes:MainBusinessesAndProducts>
		<tw-gaap-notes:OriginalInvestmentAmount>
			<tw-gaap-notes:EndingBalance3 contextRef="AsOf20120331" decimals="-3" unitRef="USD">194000</tw-gaap-notes:EndingBalance3>
			<tw-gaap-notes:BeginningBalance contextRef="AsOf20120331" decimals="-3" unitRef="USD">194000</tw-gaap-notes:BeginningBalance>
		</tw-gaap-notes:OriginalInvestmentAmount>
		<tw-gaap-notes:InvestmentsAtTheEndOfThePeriod>
			<tw-gaap-notes:NumberOfShares1 contextRef="AsOf20120331" decimals="0" unitRef="Shares">200000</tw-gaap-notes:NumberOfShares1>
			<tw-gaap-notes:PercentageOfOwnership1 contextRef="AsOf20120331" decimals="4">1.0000</tw-gaap-notes:PercentageOfOwnership1>
			<tw-gaap-notes:BookValue1 contextRef="AsOf20120331" decimals="-3" unitRef="USD">9515000</tw-gaap-notes:BookValue1>
		</tw-gaap-notes:InvestmentsAtTheEndOfThePeriod>
		<tw-gaap-notes:NetIncomeLossesOfTheInvestee contextRef="From20120101To20120331" decimals="-3" unitRef="USD">184000</tw-gaap-notes:NetIncomeLossesOfTheInvestee>
		<tw-gaap-notes:InvestmentIncomeLossesRecognized1 contextRef="From20120101To20120331" decimals="-3" unitRef="USD">184000</tw-gaap-notes:InvestmentIncomeLossesRecognized1>
		<tw-gaap-notes:Note contextRef="From20120101To20120331"><![CDATA[]]></tw-gaap-notes:Note>
	</tw-gaap-notes:NamesLocationsAndRelatedInformationOfInvesteesOverWhichTheCompanyExercisesSignificantInfluence>

	<tw-gaap-notes:NamesLocationsAndRelatedInformationOfInvesteesOverWhichTheCompanyExercisesSignificantInfluence>
		<tw-gaap-notes:CompanyNameOfTheInvestor contextRef="From20120101To20120331"><![CDATA[ASIAROCK TECHNOLOGY LIMITED]]></tw-gaap-notes:CompanyNameOfTheInvestor>
		<tw-gaap-notes:CompanyNameOfTheInvestee contextRef="From20120101To20120331"><![CDATA[CALROCK HOLDINGS, LLC]]></tw-gaap-notes:CompanyNameOfTheInvestee>
		<tw-gaap-notes:LocationCode contextRef="From20120101To20120331"><![CDATA[211]]></tw-gaap-notes:LocationCode>
		<tw-gaap-notes:Location contextRef="From20120101To20120331"><![CDATA[美國]]></tw-gaap-notes:Location>
		<tw-gaap-notes:MainBusinessesAndProducts contextRef="From20120101To20120331"><![CDATA[出租辦公大樓]]></tw-gaap-notes:MainBusinessesAndProducts>
		<tw-gaap-notes:OriginalInvestmentAmount>
			<tw-gaap-notes:EndingBalance3 contextRef="AsOf20120331" decimals="-3" unitRef="USD">2000000</tw-gaap-notes:EndingBalance3>
			<tw-gaap-notes:BeginningBalance contextRef="AsOf20120331" decimals="-3" unitRef="USD">2000000</tw-gaap-notes:BeginningBalance>
		</tw-gaap-notes:OriginalInvestmentAmount>
		<tw-gaap-notes:InvestmentsAtTheEndOfThePeriod>
			<tw-gaap-notes:NumberOfShares1 contextRef="AsOf20120331" decimals="0" unitRef="Shares">2000000</tw-gaap-notes:NumberOfShares1>
			<tw-gaap-notes:PercentageOfOwnership1 contextRef="AsOf20120331" decimals="4">1.0000</tw-gaap-notes:PercentageOfOwnership1>
			<tw-gaap-notes:BookValue1 contextRef="AsOf20120331" decimals="-3" unitRef="USD">2330000</tw-gaap-notes:BookValue1>
		</tw-gaap-notes:InvestmentsAtTheEndOfThePeriod>
		<tw-gaap-notes:NetIncomeLossesOfTheInvestee contextRef="From20120101To20120331" decimals="-3" unitRef="USD">5000</tw-gaap-notes:NetIncomeLossesOfTheInvestee>
		<tw-gaap-notes:InvestmentIncomeLossesRecognized1 contextRef="From20120101To20120331" decimals="-3" unitRef="USD">5000</tw-gaap-notes:InvestmentIncomeLossesRecognized1>
		<tw-gaap-notes:Note contextRef="From20120101To20120331"><![CDATA[]]></tw-gaap-notes:Note>
	</tw-gaap-notes:NamesLocationsAndRelatedInformationOfInvesteesOverWhichTheCompanyExercisesSignificantInfluence>

	<tw-gaap-notes:NamesLocationsAndRelatedInformationOfInvesteesOverWhichTheCompanyExercisesSignificantInfluence>
		<tw-gaap-notes:CompanyNameOfTheInvestor contextRef="From20120101To20120331"><![CDATA[LEADER INSIGHT HOLDINGS LTD.]]></tw-gaap-notes:CompanyNameOfTheInvestor>
		<tw-gaap-notes:CompanyNameOfTheInvestee contextRef="From20120101To20120331"><![CDATA[FIRSTPLACE INTERNATIONAL LTD.]]></tw-gaap-notes:CompanyNameOfTheInvestee>
		<tw-gaap-notes:LocationCode contextRef="From20120101To20120331"><![CDATA[226]]></tw-gaap-notes:LocationCode>
		<tw-gaap-notes:Location contextRef="From20120101To20120331"><![CDATA[英屬維京群島]]></tw-gaap-notes:Location>
		<tw-gaap-notes:MainBusinessesAndProducts contextRef="From20120101To20120331"><![CDATA[對其他事業投資控股]]></tw-gaap-notes:MainBusinessesAndProducts>
		<tw-gaap-notes:OriginalInvestmentAmount>
			<tw-gaap-notes:EndingBalance3 contextRef="AsOf20120331" decimals="-3" unitRef="USD">2050000</tw-gaap-notes:EndingBalance3>
			<tw-gaap-notes:BeginningBalance contextRef="AsOf20120331" decimals="-3" unitRef="USD">2050000</tw-gaap-notes:BeginningBalance>
		</tw-gaap-notes:OriginalInvestmentAmount>
		<tw-gaap-notes:InvestmentsAtTheEndOfThePeriod>
			<tw-gaap-notes:NumberOfShares1 contextRef="AsOf20120331" decimals="0" unitRef="Shares">2050000</tw-gaap-notes:NumberOfShares1>
			<tw-gaap-notes:PercentageOfOwnership1 contextRef="AsOf20120331" decimals="4">1.0000</tw-gaap-notes:PercentageOfOwnership1>
			<tw-gaap-notes:BookValue1 contextRef="AsOf20120331" decimals="-3" unitRef="USD">1618000</tw-gaap-notes:BookValue1>
		</tw-gaap-notes:InvestmentsAtTheEndOfThePeriod>
		<tw-gaap-notes:NetIncomeLossesOfTheInvestee contextRef="From20120101To20120331" decimals="-3" unitRef="USD">83000</tw-gaap-notes:NetIncomeLossesOfTheInvestee>
		<tw-gaap-notes:InvestmentIncomeLossesRecognized1 contextRef="From20120101To20120331" decimals="-3" unitRef="USD">83000</tw-gaap-notes:InvestmentIncomeLossesRecognized1>
		<tw-gaap-notes:Note contextRef="From20120101To20120331"><![CDATA[]]></tw-gaap-notes:Note>
	</tw-gaap-notes:NamesLocationsAndRelatedInformationOfInvesteesOverWhichTheCompanyExercisesSignificantInfluence>

	<tw-gaap-notes:NamesLocationsAndRelatedInformationOfInvesteesOverWhichTheCompanyExercisesSignificantInfluence>
		<tw-gaap-notes:CompanyNameOfTheInvestor contextRef="From20120101To20120331"><![CDATA[FIRSTPLACE INTERNATIONAL LTD.]]></tw-gaap-notes:CompanyNameOfTheInvestor>
		<tw-gaap-notes:CompanyNameOfTheInvestee contextRef="From20120101To20120331"><![CDATA[ASROCK AMERICA, INC.]]></tw-gaap-notes:CompanyNameOfTheInvestee>
		<tw-gaap-notes:LocationCode contextRef="From20120101To20120331"><![CDATA[211]]></tw-gaap-notes:LocationCode>
		<tw-gaap-notes:Location contextRef="From20120101To20120331"><![CDATA[美國]]></tw-gaap-notes:Location>
		<tw-gaap-notes:MainBusinessesAndProducts contextRef="From20120101To20120331"><![CDATA[資料儲存及電子材料銷售、國際貿易等]]></tw-gaap-notes:MainBusinessesAndProducts>
		<tw-gaap-notes:OriginalInvestmentAmount>
			<tw-gaap-notes:EndingBalance3 contextRef="AsOf20120331" decimals="-3" unitRef="USD">2000000</tw-gaap-notes:EndingBalance3>
			<tw-gaap-notes:BeginningBalance contextRef="AsOf20120331" decimals="-3" unitRef="USD">2000000</tw-gaap-notes:BeginningBalance>
		</tw-gaap-notes:OriginalInvestmentAmount>
		<tw-gaap-notes:InvestmentsAtTheEndOfThePeriod>
			<tw-gaap-notes:NumberOfShares1 contextRef="AsOf20120331" decimals="0" unitRef="Shares">2000000</tw-gaap-notes:NumberOfShares1>
			<tw-gaap-notes:PercentageOfOwnership1 contextRef="AsOf20120331" decimals="4">1.0000</tw-gaap-notes:PercentageOfOwnership1>
			<tw-gaap-notes:BookValue1 contextRef="AsOf20120331" decimals="-3" unitRef="USD">1583000</tw-gaap-notes:BookValue1>
		</tw-gaap-notes:InvestmentsAtTheEndOfThePeriod>
		<tw-gaap-notes:NetIncomeLossesOfTheInvestee contextRef="From20120101To20120331" decimals="-3" unitRef="USD">84000</tw-gaap-notes:NetIncomeLossesOfTheInvestee>
		<tw-gaap-notes:InvestmentIncomeLossesRecognized1 contextRef="From20120101To20120331" decimals="-3" unitRef="USD">84000</tw-gaap-notes:InvestmentIncomeLossesRecognized1>
		<tw-gaap-notes:Note contextRef="From20120101To20120331"><![CDATA[]]></tw-gaap-notes:Note>
	</tw-gaap-notes:NamesLocationsAndRelatedInformationOfInvesteesOverWhichTheCompanyExercisesSignificantInfluence>

	<tw-gaap-notes:Note-NamesLocationsAndRelatedInformationOfInvesteesOverWhichTheCompanyExercisesSignificantInfluence contextRef="From20120101To20120331"><![CDATA[註1：公開發行公司如設有國外控股公司且依當地法令規定以合併為主要財務報表者，有關國外被投資公司資訊之揭露，
得僅揭露至該控股公司之相關資訊。

註2：非屬註1所述情形者，依下列規定填寫：
 (1)「被投資公司名稱」、「所在地區」、「主要營業項目」、「原始投資金額」及「期末持股情形」等欄，應依本
     (公開發行)公司轉投資情形及每一直接或間接控制之被投資公司再轉投資情形依序填寫，並於備註欄註明各被投
     資公司與本(公開發行)公司之關係(如係屬子公司或孫公司)。
 (2)「被投資公司本期損益」乙欄，應填寫各被投資公司之本期損益金額。
 (3)「本期認列之投資損益」乙欄，僅須填寫本(公開發行)公司認列直接轉投資之子公司及採權益法評價之各被投資公
     司之損益金額，餘得免填。於填寫「認列直接轉投資之各子公司本期損益金額」時，應確認各子公司本期損益金
     額業已包含其再轉投資依規定應認列之投資損益。

註3：如延後一年度認列投資損益或第一、三季財務報表未認列投資損益，應於備註欄說明。

註4：係包含調整聯屬公司間交易之未實現銷貨毛利與已實現銷貨毛利。

]]></tw-gaap-notes:Note-NamesLocationsAndRelatedInformationOfInvesteesOverWhichTheCompanyExercisesSignificantInfluence>
	<tw-gaap-notes:Others>
		<tw-gaap-notes:Item contextRef="From20120101To20120331"><![CDATA[每股盈餘]]></tw-gaap-notes:Item>
		<tw-gaap-notes:Description contextRef="From20120101To20120331"><![CDATA[基本每股盈餘係以本期淨利除以當期普通股加權平均流通在外股數計算之，其流通在外股數因盈餘及資本公積
轉增資無償配股而增加者，採追溯調整計算流通在外股數。

稀釋每股盈餘，係假設所有具有稀釋作用之潛在普通股均於當期流通在外，故本期淨利及流通在外普通股股數
均調整所有具稀釋作用潛在普通股之影響。

若潛在普通股具有反稀釋作用或公司繼續營業單位為純損時，則該潛在普通股均不列入計算每股盈餘。
]]></tw-gaap-notes:Description>
	</tw-gaap-notes:Others>

	<tw-gaap-notes:Others>
		<tw-gaap-notes:Item contextRef="From20120101To20120331"><![CDATA[期中財務報表之表達及揭露]]></tw-gaap-notes:Item>
		<tw-gaap-notes:Description contextRef="From20120101To20120331"><![CDATA[期中財務報表之表達及揭露採用財務會計準則公報第二十三號「期中財務報表之表達及揭露」規定處理。]]></tw-gaap-notes:Description>
	</tw-gaap-notes:Others>

	<tw-gaap-notes:Others>
		<tw-gaap-notes:Item contextRef="From20120101To20120331"><![CDATA[合併報表之編製]]></tw-gaap-notes:Item>
		<tw-gaap-notes:Description contextRef="From20120101To20120331"><![CDATA[本公司合併財務報表編製係依財務會計準則公報第七號「合併財務報表」、主管機關金管證六字第0960034217號函
及金管證六字第0960064020號函之規定處理。]]></tw-gaap-notes:Description>
	</tw-gaap-notes:Others>

	<tw-gaap-notes:Others>
		<tw-gaap-notes:Item contextRef="From20120101To20120331"><![CDATA[金融資產及金融負債]]></tw-gaap-notes:Item>
		<tw-gaap-notes:Description contextRef="From20120101To20120331"><![CDATA[本公司依財務會計準則公報第三十四號「金融商品之會計處理準則」及證券發行人財務報告編製準則之規定將金融
資產分類為公平價值變動列入損益之金融資產、持有至到期日之投資、避險之衍生性金融資產、無活絡市場之債券
投資及備供出售之金融資產等類。金融資產於原始認列時以公平價值衡量，但非以公平價值衡量且公平價值變動認
列為損益之金融資產，尚應加計取得或發行之交易成本。金融負債分為公平價值變動列入損益之金融負債、避險之
衍生性金融負債及以成本衡量之金融負債。

本公司依慣例交易購買或出售之金融資產，採交易日(即本公司決定購買或出售金融資產的日期)會計處理，慣例交
易係指一項金融資產之購買或出售，其資產之交付期間係在市場慣例或法令規定之期間內者。金融資產及負債於原
始認列時以公平價值加計取得或發行之交易成本衡量。
]]></tw-gaap-notes:Description>
	</tw-gaap-notes:Others>

</xbrl>

<!--This instance document is created by SIIAP V1.8.25-->
