<?xml version="1.0" encoding="UTF-8"?>
<xbrl xmlns="http://www.xbrl.org/2003/instance" xmlns:iso4217="http://www.xbrl.org/2003/iso4217" xmlns:link="http://www.xbrl.org/2003/linkbase" xmlns:tw-gaap-ar="http://www.xbrl.org/tw/fr/gaap/ar/2011-12-31" xmlns:tw-gaap-ci="http://www.xbrl.org/tw/fr/gaap/tw-gaap-ci-2011-12-31" xmlns:tw-gaap-notes="http://www.xbrl.org/tw/fr/gaap/notes/2011-12-31" xmlns:xbrldi="http://xbrl.org/2006/xbrldi" xmlns:xbrldt="http://xbrl.org/2005/xbrldt" xmlns:xbrli="http://www.xbrl.org/2003/instance" xmlns:xlink="http://www.w3.org/1999/xlink">
	<link:schemaRef xlink:arcrole="http://www.w3.org/1999/xlink/properties/linkbase" xlink:href="tw-gaap-ci-2011-12-31.xsd" xlink:type="simple"/>	<context id="AsOf20120425">
		<entity>
			<identifier scheme="http://www.twse.com.tw">6230</identifier>
		</entity>
		<period>
			<instant>2012-04-25</instant>
		</period>
	</context>
	<context id="AsOf20110101">
		<entity>
			<identifier scheme="http://www.twse.com.tw">6230</identifier>
		</entity>
		<period>
			<instant>2011-01-01</instant>
		</period>
	</context>
	<context id="AsOf20120101">
		<entity>
			<identifier scheme="http://www.twse.com.tw">6230</identifier>
		</entity>
		<period>
			<instant>2012-01-01</instant>
		</period>
	</context>
	<context id="From20110101To20110331">
		<entity>
			<identifier scheme="http://www.twse.com.tw">6230</identifier>
		</entity>
		<period>
			<startDate>2011-01-01</startDate>
			<endDate>2011-03-31</endDate>
		</period>
	</context>
	<context id="AsOf20110331">
		<entity>
			<identifier scheme="http://www.twse.com.tw">6230</identifier>
		</entity>
		<period>
			<instant>2011-03-31</instant>
		</period>
	</context>
	<context id="From20120101To20120331">
		<entity>
			<identifier scheme="http://www.twse.com.tw">6230</identifier>
		</entity>
		<period>
			<startDate>2012-01-01</startDate>
			<endDate>2012-03-31</endDate>
		</period>
	</context>
	<context id="AsOf20120331">
		<entity>
			<identifier scheme="http://www.twse.com.tw">6230</identifier>
		</entity>
		<period>
			<instant>2012-03-31</instant>
		</period>
	</context>
	<unit id="TWD">
		<measure>iso4217:TWD</measure>
	</unit>
	<unit id="Shares">
		<measure>xbrli:shares</measure>
	</unit>
	<unit id="EarningsPerShare">
		<divide>
			<unitNumerator>
				<measure>iso4217:TWD</measure>
			</unitNumerator>
			<unitDenominator>
				<measure>xbrli:shares</measure>
			</unitDenominator>
		</divide>
	</unit>
	<unit id="USD">
		<measure>iso4217:USD</measure>
	</unit>
	<tw-gaap-ci:CashCashEquivalents contextRef="AsOf20120331" decimals="-3" unitRef="TWD">708493000</tw-gaap-ci:CashCashEquivalents>
	<tw-gaap-ci:CashCashEquivalents contextRef="AsOf20110331" decimals="-3" unitRef="TWD">913107000</tw-gaap-ci:CashCashEquivalents>
	<tw-gaap-ci:NetNotesReceivable contextRef="AsOf20120331" decimals="-3" unitRef="TWD">2203000</tw-gaap-ci:NetNotesReceivable>
	<tw-gaap-ci:NetNotesReceivable contextRef="AsOf20110331" decimals="-3" unitRef="TWD">5709000</tw-gaap-ci:NetNotesReceivable>
	<tw-gaap-ci:NetAccountsReceivable contextRef="AsOf20120331" decimals="-3" unitRef="TWD">494796000</tw-gaap-ci:NetAccountsReceivable>
	<tw-gaap-ci:NetAccountsReceivable contextRef="AsOf20110331" decimals="-3" unitRef="TWD">558925000</tw-gaap-ci:NetAccountsReceivable>
	<tw-gaap-ci:NetAccountsReceivableRelatedParties contextRef="AsOf20120331" decimals="-3" unitRef="TWD">16745000</tw-gaap-ci:NetAccountsReceivableRelatedParties>
	<tw-gaap-ci:NetAccountsReceivableRelatedParties contextRef="AsOf20110331" decimals="-3" unitRef="TWD">18582000</tw-gaap-ci:NetAccountsReceivableRelatedParties>
	<tw-gaap-ci:OtherReceivables contextRef="AsOf20120331" decimals="-3" unitRef="TWD">7487000</tw-gaap-ci:OtherReceivables>
	<tw-gaap-ci:OtherReceivables contextRef="AsOf20110331" decimals="-3" unitRef="TWD">7618000</tw-gaap-ci:OtherReceivables>
	<tw-gaap-ci:OtherReceivablesRelatedParties contextRef="AsOf20120331" decimals="-3" unitRef="TWD">111238000</tw-gaap-ci:OtherReceivablesRelatedParties>
	<tw-gaap-ci:OtherReceivablesRelatedParties contextRef="AsOf20110331" decimals="-3" unitRef="TWD">120855000</tw-gaap-ci:OtherReceivablesRelatedParties>
	<tw-gaap-ci:Inventories contextRef="AsOf20120331" decimals="-3" unitRef="TWD">413073000</tw-gaap-ci:Inventories>
	<tw-gaap-ci:Inventories contextRef="AsOf20110331" decimals="-3" unitRef="TWD">308680000</tw-gaap-ci:Inventories>
	<tw-gaap-ci:DeferredIncomeTaxAssetsCurrent contextRef="AsOf20120331" decimals="-3" unitRef="TWD">5116000</tw-gaap-ci:DeferredIncomeTaxAssetsCurrent>
	<tw-gaap-ci:DeferredIncomeTaxAssetsCurrent contextRef="AsOf20110331" decimals="-3" unitRef="TWD">9855000</tw-gaap-ci:DeferredIncomeTaxAssetsCurrent>
	<tw-gaap-ci:OthercurrentAssetsOther contextRef="AsOf20120331" decimals="-3" unitRef="TWD">2509000</tw-gaap-ci:OthercurrentAssetsOther>
	<tw-gaap-ci:OthercurrentAssetsOther contextRef="AsOf20110331" decimals="-3" unitRef="TWD">2663000</tw-gaap-ci:OthercurrentAssetsOther>
	<tw-gaap-ci:OtherCurrentAssets contextRef="AsOf20120331" decimals="-3" unitRef="TWD">7625000</tw-gaap-ci:OtherCurrentAssets>
	<tw-gaap-ci:OtherCurrentAssets contextRef="AsOf20110331" decimals="-3" unitRef="TWD">12518000</tw-gaap-ci:OtherCurrentAssets>
	<tw-gaap-ci:CurrentAssets contextRef="AsOf20120331" decimals="-3" unitRef="TWD">1761660000</tw-gaap-ci:CurrentAssets>
	<tw-gaap-ci:CurrentAssets contextRef="AsOf20110331" decimals="-3" unitRef="TWD">1945994000</tw-gaap-ci:CurrentAssets>
	<tw-gaap-ci:LongtermInvestmentsEquity contextRef="AsOf20120331" decimals="-3" unitRef="TWD">1195719000</tw-gaap-ci:LongtermInvestmentsEquity>
	<tw-gaap-ci:LongtermInvestmentsEquity contextRef="AsOf20110331" decimals="-3" unitRef="TWD">952064000</tw-gaap-ci:LongtermInvestmentsEquity>
	<tw-gaap-ci:LongtermInvestments contextRef="AsOf20120331" decimals="-3" unitRef="TWD">1195719000</tw-gaap-ci:LongtermInvestments>
	<tw-gaap-ci:LongtermInvestments contextRef="AsOf20110331" decimals="-3" unitRef="TWD">952064000</tw-gaap-ci:LongtermInvestments>
	<tw-gaap-ci:FundsInvestments contextRef="AsOf20120331" decimals="-3" unitRef="TWD">1195719000</tw-gaap-ci:FundsInvestments>
	<tw-gaap-ci:FundsInvestments contextRef="AsOf20110331" decimals="-3" unitRef="TWD">952064000</tw-gaap-ci:FundsInvestments>
	<tw-gaap-ci:Land contextRef="AsOf20120331" decimals="-3" unitRef="TWD">71726000</tw-gaap-ci:Land>
	<tw-gaap-ci:Land contextRef="AsOf20110331" decimals="-3" unitRef="TWD">71726000</tw-gaap-ci:Land>
	<tw-gaap-ci:BuildingsStructures contextRef="AsOf20120331" decimals="-3" unitRef="TWD">32292000</tw-gaap-ci:BuildingsStructures>
	<tw-gaap-ci:BuildingsStructures contextRef="AsOf20110331" decimals="-3" unitRef="TWD">33404000</tw-gaap-ci:BuildingsStructures>
	<tw-gaap-ci:MachineryEquipment contextRef="AsOf20120331" decimals="-3" unitRef="TWD">58331000</tw-gaap-ci:MachineryEquipment>
	<tw-gaap-ci:MachineryEquipment contextRef="AsOf20110331" decimals="-3" unitRef="TWD">77503000</tw-gaap-ci:MachineryEquipment>
	<tw-gaap-ci:TransportationEquipment contextRef="AsOf20120331" decimals="-3" unitRef="TWD">0</tw-gaap-ci:TransportationEquipment>
	<tw-gaap-ci:TransportationEquipment contextRef="AsOf20110331" decimals="-3" unitRef="TWD">499000</tw-gaap-ci:TransportationEquipment>
	<tw-gaap-ci:OfficeEquipment contextRef="AsOf20120331" decimals="-3" unitRef="TWD">4078000</tw-gaap-ci:OfficeEquipment>
	<tw-gaap-ci:OfficeEquipment contextRef="AsOf20110331" decimals="-3" unitRef="TWD">11785000</tw-gaap-ci:OfficeEquipment>
	<tw-gaap-ci:OtherFacilities contextRef="AsOf20120331" decimals="-3" unitRef="TWD">7994000</tw-gaap-ci:OtherFacilities>
	<tw-gaap-ci:OtherFacilities contextRef="AsOf20110331" decimals="-3" unitRef="TWD">17217000</tw-gaap-ci:OtherFacilities>
	<tw-gaap-ci:FixedAssetsOriginalCosts contextRef="AsOf20120331" decimals="-3" unitRef="TWD">174421000</tw-gaap-ci:FixedAssetsOriginalCosts>
	<tw-gaap-ci:FixedAssetsOriginalCosts contextRef="AsOf20110331" decimals="-3" unitRef="TWD">212134000</tw-gaap-ci:FixedAssetsOriginalCosts>
	<tw-gaap-ci:LandRevaluationIncrement contextRef="AsOf20120331" decimals="-3" unitRef="TWD">11997000</tw-gaap-ci:LandRevaluationIncrement>
	<tw-gaap-ci:LandRevaluationIncrement contextRef="AsOf20110331" decimals="-3" unitRef="TWD">11997000</tw-gaap-ci:LandRevaluationIncrement>
	<tw-gaap-ci:RevaluationIncrement contextRef="AsOf20120331" decimals="-3" unitRef="TWD">11997000</tw-gaap-ci:RevaluationIncrement>
	<tw-gaap-ci:RevaluationIncrement contextRef="AsOf20110331" decimals="-3" unitRef="TWD">11997000</tw-gaap-ci:RevaluationIncrement>
	<tw-gaap-ci:CostsRevaluationIncrement contextRef="AsOf20120331" decimals="-3" unitRef="TWD">186418000</tw-gaap-ci:CostsRevaluationIncrement>
	<tw-gaap-ci:CostsRevaluationIncrement contextRef="AsOf20110331" decimals="-3" unitRef="TWD">224131000</tw-gaap-ci:CostsRevaluationIncrement>
	<tw-gaap-ci:AccumulatedDepreciation contextRef="AsOf20120331" decimals="-3" unitRef="TWD">61997000</tw-gaap-ci:AccumulatedDepreciation>
	<tw-gaap-ci:AccumulatedDepreciation contextRef="AsOf20110331" decimals="-3" unitRef="TWD">92270000</tw-gaap-ci:AccumulatedDepreciation>
	<tw-gaap-ci:ConstructionProcessPrepaymentEquipments contextRef="AsOf20120331" decimals="-3" unitRef="TWD">775000</tw-gaap-ci:ConstructionProcessPrepaymentEquipments>
	<tw-gaap-ci:ConstructionProcessPrepaymentEquipments contextRef="AsOf20110331" decimals="-3" unitRef="TWD">203000</tw-gaap-ci:ConstructionProcessPrepaymentEquipments>
	<tw-gaap-ci:FixedAssets contextRef="AsOf20120331" decimals="-3" unitRef="TWD">125196000</tw-gaap-ci:FixedAssets>
	<tw-gaap-ci:FixedAssets contextRef="AsOf20110331" decimals="-3" unitRef="TWD">132064000</tw-gaap-ci:FixedAssets>
	<tw-gaap-ci:ComputerSoftwareCost contextRef="AsOf20120331" decimals="-3" unitRef="TWD">3168000</tw-gaap-ci:ComputerSoftwareCost>
	<tw-gaap-ci:ComputerSoftwareCost contextRef="AsOf20110331" decimals="-3" unitRef="TWD">1717000</tw-gaap-ci:ComputerSoftwareCost>
	<tw-gaap-ci:IntangibleAssets contextRef="AsOf20120331" decimals="-3" unitRef="TWD">3168000</tw-gaap-ci:IntangibleAssets>
	<tw-gaap-ci:IntangibleAssets contextRef="AsOf20110331" decimals="-3" unitRef="TWD">1717000</tw-gaap-ci:IntangibleAssets>
	<tw-gaap-ci:NetRentalAssets contextRef="AsOf20120331" decimals="-3" unitRef="TWD">63093000</tw-gaap-ci:NetRentalAssets>
	<tw-gaap-ci:NetRentalAssets contextRef="AsOf20110331" decimals="-3" unitRef="TWD">63775000</tw-gaap-ci:NetRentalAssets>
	<tw-gaap-ci:GuaranteeDepositsPaid contextRef="AsOf20120331" decimals="-3" unitRef="TWD">40000</tw-gaap-ci:GuaranteeDepositsPaid>
	<tw-gaap-ci:GuaranteeDepositsPaid contextRef="AsOf20110331" decimals="-3" unitRef="TWD">4000</tw-gaap-ci:GuaranteeDepositsPaid>
	<tw-gaap-ci:OtherAssets contextRef="AsOf20120331" decimals="-3" unitRef="TWD">63133000</tw-gaap-ci:OtherAssets>
	<tw-gaap-ci:OtherAssets contextRef="AsOf20110331" decimals="-3" unitRef="TWD">63779000</tw-gaap-ci:OtherAssets>
	<tw-gaap-ci:Assets contextRef="AsOf20120331" decimals="-3" unitRef="TWD">3148876000</tw-gaap-ci:Assets>
	<tw-gaap-ci:Assets contextRef="AsOf20110331" decimals="-3" unitRef="TWD">3095618000</tw-gaap-ci:Assets>
	<tw-gaap-ci:AccountsPayable contextRef="AsOf20120331" decimals="-3" unitRef="TWD">371196000</tw-gaap-ci:AccountsPayable>
	<tw-gaap-ci:AccountsPayable contextRef="AsOf20110331" decimals="-3" unitRef="TWD">338507000</tw-gaap-ci:AccountsPayable>
	<tw-gaap-ci:AccountsPayableRelatedParties contextRef="AsOf20120331" decimals="-3" unitRef="TWD">354476000</tw-gaap-ci:AccountsPayableRelatedParties>
	<tw-gaap-ci:AccountsPayableRelatedParties contextRef="AsOf20110331" decimals="-3" unitRef="TWD">321025000</tw-gaap-ci:AccountsPayableRelatedParties>
	<tw-gaap-ci:AccruedExpenses contextRef="AsOf20120331" decimals="-3" unitRef="TWD">63024000</tw-gaap-ci:AccruedExpenses>
	<tw-gaap-ci:AccruedExpenses contextRef="AsOf20110331" decimals="-3" unitRef="TWD">87702000</tw-gaap-ci:AccruedExpenses>
	<tw-gaap-ci:OtherPayablesRelatedParties contextRef="AsOf20120331" decimals="-3" unitRef="TWD">620000</tw-gaap-ci:OtherPayablesRelatedParties>
	<tw-gaap-ci:OtherPayablesRelatedParties contextRef="AsOf20110331" decimals="-3" unitRef="TWD">552000</tw-gaap-ci:OtherPayablesRelatedParties>
	<tw-gaap-ci:OtherPayables contextRef="AsOf20120331" decimals="-3" unitRef="TWD">23253000</tw-gaap-ci:OtherPayables>
	<tw-gaap-ci:OtherPayables contextRef="AsOf20110331" decimals="-3" unitRef="TWD">54423000</tw-gaap-ci:OtherPayables>
	<tw-gaap-ci:OtherCurrentLiabilitiesOther contextRef="AsOf20120331" decimals="-3" unitRef="TWD">12886000</tw-gaap-ci:OtherCurrentLiabilitiesOther>
	<tw-gaap-ci:OtherCurrentLiabilitiesOther contextRef="AsOf20110331" decimals="-3" unitRef="TWD">9064000</tw-gaap-ci:OtherCurrentLiabilitiesOther>
	<tw-gaap-ci:OtherCurrentLiabilities contextRef="AsOf20120331" decimals="-3" unitRef="TWD">12886000</tw-gaap-ci:OtherCurrentLiabilities>
	<tw-gaap-ci:OtherCurrentLiabilities contextRef="AsOf20110331" decimals="-3" unitRef="TWD">9064000</tw-gaap-ci:OtherCurrentLiabilities>
	<tw-gaap-ci:CurrentLiabilities contextRef="AsOf20120331" decimals="-3" unitRef="TWD">825455000</tw-gaap-ci:CurrentLiabilities>
	<tw-gaap-ci:CurrentLiabilities contextRef="AsOf20110331" decimals="-3" unitRef="TWD">811273000</tw-gaap-ci:CurrentLiabilities>
	<tw-gaap-ci:ReserveLandRevaluationIncrementTax contextRef="AsOf20120331" decimals="-3" unitRef="TWD">26241000</tw-gaap-ci:ReserveLandRevaluationIncrementTax>
	<tw-gaap-ci:ReserveLandRevaluationIncrementTax contextRef="AsOf20110331" decimals="-3" unitRef="TWD">26241000</tw-gaap-ci:ReserveLandRevaluationIncrementTax>
	<tw-gaap-ci:Reserves contextRef="AsOf20120331" decimals="-3" unitRef="TWD">26241000</tw-gaap-ci:Reserves>
	<tw-gaap-ci:Reserves contextRef="AsOf20110331" decimals="-3" unitRef="TWD">26241000</tw-gaap-ci:Reserves>
	<tw-gaap-ci:GuaranteeDepositsReceived contextRef="AsOf20120331" decimals="-3" unitRef="TWD">733000</tw-gaap-ci:GuaranteeDepositsReceived>
	<tw-gaap-ci:GuaranteeDepositsReceived contextRef="AsOf20110331" decimals="-3" unitRef="TWD">733000</tw-gaap-ci:GuaranteeDepositsReceived>
	<tw-gaap-ci:DeferredIncomeTaxLiabilityNoncurrent contextRef="AsOf20120331" decimals="-3" unitRef="TWD">41221000</tw-gaap-ci:DeferredIncomeTaxLiabilityNoncurrent>
	<tw-gaap-ci:DeferredIncomeTaxLiabilityNoncurrent contextRef="AsOf20110331" decimals="-3" unitRef="TWD">29345000</tw-gaap-ci:DeferredIncomeTaxLiabilityNoncurrent>
	<tw-gaap-ci:DeferredIncomeTax contextRef="AsOf20120331" decimals="-3" unitRef="TWD">41221000</tw-gaap-ci:DeferredIncomeTax>
	<tw-gaap-ci:DeferredIncomeTax contextRef="AsOf20110331" decimals="-3" unitRef="TWD">29345000</tw-gaap-ci:DeferredIncomeTax>
	<tw-gaap-ci:DeferredCreditsGainsonInterAffiliateAccounts contextRef="AsOf20120331" decimals="-3" unitRef="TWD">2765000</tw-gaap-ci:DeferredCreditsGainsonInterAffiliateAccounts>
	<tw-gaap-ci:DeferredCreditsGainsonInterAffiliateAccounts contextRef="AsOf20110331" decimals="-3" unitRef="TWD">4433000</tw-gaap-ci:DeferredCreditsGainsonInterAffiliateAccounts>
	<tw-gaap-ci:OtherLiabilitiesOther contextRef="AsOf20120331" decimals="-3" unitRef="TWD">2765000</tw-gaap-ci:OtherLiabilitiesOther>
	<tw-gaap-ci:OtherLiabilitiesOther contextRef="AsOf20110331" decimals="-3" unitRef="TWD">4433000</tw-gaap-ci:OtherLiabilitiesOther>
	<tw-gaap-ci:OtherLiabilities contextRef="AsOf20120331" decimals="-3" unitRef="TWD">44719000</tw-gaap-ci:OtherLiabilities>
	<tw-gaap-ci:OtherLiabilities contextRef="AsOf20110331" decimals="-3" unitRef="TWD">34511000</tw-gaap-ci:OtherLiabilities>
	<tw-gaap-ci:Liabilities contextRef="AsOf20120331" decimals="-3" unitRef="TWD">896415000</tw-gaap-ci:Liabilities>
	<tw-gaap-ci:Liabilities contextRef="AsOf20110331" decimals="-3" unitRef="TWD">872025000</tw-gaap-ci:Liabilities>
	<tw-gaap-ci:CommonStock contextRef="AsOf20120331" decimals="-3" unitRef="TWD">863434000</tw-gaap-ci:CommonStock>
	<tw-gaap-ci:CommonStock contextRef="AsOf20110331" decimals="-3" unitRef="TWD">863434000</tw-gaap-ci:CommonStock>
	<tw-gaap-ci:Capital contextRef="AsOf20120331" decimals="-3" unitRef="TWD">863434000</tw-gaap-ci:Capital>
	<tw-gaap-ci:Capital contextRef="AsOf20110331" decimals="-3" unitRef="TWD">863434000</tw-gaap-ci:Capital>
	<tw-gaap-ci:CapitalSurplusAdditionalPaidCapitalCommonStock contextRef="AsOf20120331" decimals="-3" unitRef="TWD">376600000</tw-gaap-ci:CapitalSurplusAdditionalPaidCapitalCommonStock>
	<tw-gaap-ci:CapitalSurplusAdditionalPaidCapitalCommonStock contextRef="AsOf20110331" decimals="-3" unitRef="TWD">376600000</tw-gaap-ci:CapitalSurplusAdditionalPaidCapitalCommonStock>
	<tw-gaap-ci:CapitalSurplusAdditionalPaidCapitalBondConversion contextRef="AsOf20120331" decimals="-3" unitRef="TWD">155223000</tw-gaap-ci:CapitalSurplusAdditionalPaidCapitalBondConversion>
	<tw-gaap-ci:CapitalSurplusAdditionalPaidCapitalBondConversion contextRef="AsOf20110331" decimals="-3" unitRef="TWD">155223000</tw-gaap-ci:CapitalSurplusAdditionalPaidCapitalBondConversion>
	<tw-gaap-ci:CapitalSurplusAdditionalPaidCapital contextRef="AsOf20120331" decimals="-3" unitRef="TWD">531823000</tw-gaap-ci:CapitalSurplusAdditionalPaidCapital>
	<tw-gaap-ci:CapitalSurplusAdditionalPaidCapital contextRef="AsOf20110331" decimals="-3" unitRef="TWD">531823000</tw-gaap-ci:CapitalSurplusAdditionalPaidCapital>
	<tw-gaap-ci:CapitalSurplus contextRef="AsOf20120331" decimals="-3" unitRef="TWD">531823000</tw-gaap-ci:CapitalSurplus>
	<tw-gaap-ci:CapitalSurplus contextRef="AsOf20110331" decimals="-3" unitRef="TWD">531823000</tw-gaap-ci:CapitalSurplus>
	<tw-gaap-ci:LegalReserve contextRef="AsOf20120331" decimals="-3" unitRef="TWD">228150000</tw-gaap-ci:LegalReserve>
	<tw-gaap-ci:LegalReserve contextRef="AsOf20110331" decimals="-3" unitRef="TWD">192312000</tw-gaap-ci:LegalReserve>
	<tw-gaap-ci:SpecialReserve contextRef="AsOf20120331" decimals="-3" unitRef="TWD">5587000</tw-gaap-ci:SpecialReserve>
	<tw-gaap-ci:SpecialReserve contextRef="AsOf20110331" decimals="-3" unitRef="TWD">0</tw-gaap-ci:SpecialReserve>
	<tw-gaap-ci:UnappropriatedRetainedEarnings contextRef="AsOf20120331" decimals="-3" unitRef="TWD">565411000</tw-gaap-ci:UnappropriatedRetainedEarnings>
	<tw-gaap-ci:UnappropriatedRetainedEarnings contextRef="AsOf20110331" decimals="-3" unitRef="TWD">604737000</tw-gaap-ci:UnappropriatedRetainedEarnings>
	<tw-gaap-ci:RetainedEarnings contextRef="AsOf20120331" decimals="-3" unitRef="TWD">799148000</tw-gaap-ci:RetainedEarnings>
	<tw-gaap-ci:RetainedEarnings contextRef="AsOf20110331" decimals="-3" unitRef="TWD">797049000</tw-gaap-ci:RetainedEarnings>
	<tw-gaap-ci:CumulativeTranslationAdjustments contextRef="AsOf20120331" decimals="-3" unitRef="TWD">46059000</tw-gaap-ci:CumulativeTranslationAdjustments>
	<tw-gaap-ci:CumulativeTranslationAdjustments contextRef="AsOf20110331" decimals="-3" unitRef="TWD">19290000</tw-gaap-ci:CumulativeTranslationAdjustments>
	<tw-gaap-ci:UnrealizedRevaluationIncrement contextRef="AsOf20120331" decimals="-3" unitRef="TWD">11997000</tw-gaap-ci:UnrealizedRevaluationIncrement>
	<tw-gaap-ci:UnrealizedRevaluationIncrement contextRef="AsOf20110331" decimals="-3" unitRef="TWD">11997000</tw-gaap-ci:UnrealizedRevaluationIncrement>
	<tw-gaap-ci:StockholdersEquitiesAdjustments contextRef="AsOf20120331" decimals="-3" unitRef="TWD">58056000</tw-gaap-ci:StockholdersEquitiesAdjustments>
	<tw-gaap-ci:StockholdersEquitiesAdjustments contextRef="AsOf20110331" decimals="-3" unitRef="TWD">31287000</tw-gaap-ci:StockholdersEquitiesAdjustments>
	<tw-gaap-ci:StockholdersEquities contextRef="AsOf20120331" decimals="-3" unitRef="TWD">2252461000</tw-gaap-ci:StockholdersEquities>
	<tw-gaap-ci:StockholdersEquities contextRef="AsOf20110331" decimals="-3" unitRef="TWD">2223593000</tw-gaap-ci:StockholdersEquities>
	<tw-gaap-ci:EquivalentSharesOutstandingAdvanceReceiptsCommonStock contextRef="AsOf20120331" decimals="0" unitRef="Shares">0</tw-gaap-ci:EquivalentSharesOutstandingAdvanceReceiptsCommonStock>
	<tw-gaap-ci:EquivalentSharesOutstandingAdvanceReceiptsCommonStock contextRef="AsOf20110331" decimals="0" unitRef="Shares">0</tw-gaap-ci:EquivalentSharesOutstandingAdvanceReceiptsCommonStock>
	<tw-gaap-ci:NumberTreasuryStockAcquiredCompanySubsidiaries contextRef="AsOf20120331" decimals="0" unitRef="Shares">0</tw-gaap-ci:NumberTreasuryStockAcquiredCompanySubsidiaries>
	<tw-gaap-ci:NumberTreasuryStockAcquiredCompanySubsidiaries contextRef="AsOf20110331" decimals="0" unitRef="Shares">0</tw-gaap-ci:NumberTreasuryStockAcquiredCompanySubsidiaries>
	<tw-gaap-ci:SalesRevenue contextRef="From20120101To20120331" decimals="-3" unitRef="TWD">557517000</tw-gaap-ci:SalesRevenue>
	<tw-gaap-ci:SalesRevenue contextRef="From20110101To20110331" decimals="-3" unitRef="TWD">639955000</tw-gaap-ci:SalesRevenue>
	<tw-gaap-ci:Sales contextRef="From20120101To20120331" decimals="-3" unitRef="TWD">557517000</tw-gaap-ci:Sales>
	<tw-gaap-ci:Sales contextRef="From20110101To20110331" decimals="-3" unitRef="TWD">639955000</tw-gaap-ci:Sales>
	<tw-gaap-ci:SalesReturns contextRef="From20120101To20120331" decimals="-3" unitRef="TWD">665000</tw-gaap-ci:SalesReturns>
	<tw-gaap-ci:SalesReturns contextRef="From20110101To20110331" decimals="-3" unitRef="TWD">538000</tw-gaap-ci:SalesReturns>
	<tw-gaap-ci:SalesDiscountsAllowances contextRef="From20120101To20120331" decimals="-3" unitRef="TWD">1820000</tw-gaap-ci:SalesDiscountsAllowances>
	<tw-gaap-ci:SalesDiscountsAllowances contextRef="From20110101To20110331" decimals="-3" unitRef="TWD">982000</tw-gaap-ci:SalesDiscountsAllowances>
	<tw-gaap-ci:NetSales contextRef="From20120101To20120331" decimals="-3" unitRef="TWD">555032000</tw-gaap-ci:NetSales>
	<tw-gaap-ci:NetSales contextRef="From20110101To20110331" decimals="-3" unitRef="TWD">638435000</tw-gaap-ci:NetSales>
	<tw-gaap-ci:OperatingRevenue contextRef="From20120101To20120331" decimals="-3" unitRef="TWD">555032000</tw-gaap-ci:OperatingRevenue>
	<tw-gaap-ci:OperatingRevenue contextRef="From20110101To20110331" decimals="-3" unitRef="TWD">638435000</tw-gaap-ci:OperatingRevenue>
	<tw-gaap-ci:CostSalesCostSales contextRef="From20120101To20120331" decimals="-3" unitRef="TWD">504492000</tw-gaap-ci:CostSalesCostSales>
	<tw-gaap-ci:CostSalesCostSales contextRef="From20110101To20110331" decimals="-3" unitRef="TWD">541509000</tw-gaap-ci:CostSalesCostSales>
	<tw-gaap-ci:CostSales contextRef="From20120101To20120331" decimals="-3" unitRef="TWD">504492000</tw-gaap-ci:CostSales>
	<tw-gaap-ci:CostSales contextRef="From20110101To20110331" decimals="-3" unitRef="TWD">541509000</tw-gaap-ci:CostSales>
	<tw-gaap-ci:OperatingCosts contextRef="From20120101To20120331" decimals="-3" unitRef="TWD">504492000</tw-gaap-ci:OperatingCosts>
	<tw-gaap-ci:OperatingCosts contextRef="From20110101To20110331" decimals="-3" unitRef="TWD">541509000</tw-gaap-ci:OperatingCosts>
	<tw-gaap-ci:GrossProfitLossOperations contextRef="From20120101To20120331" decimals="-3" unitRef="TWD">50540000</tw-gaap-ci:GrossProfitLossOperations>
	<tw-gaap-ci:GrossProfitLossOperations contextRef="From20110101To20110331" decimals="-3" unitRef="TWD">96926000</tw-gaap-ci:GrossProfitLossOperations>
	<tw-gaap-ci:Sellingexpense contextRef="From20120101To20120331" decimals="-3" unitRef="TWD">12919000</tw-gaap-ci:Sellingexpense>
	<tw-gaap-ci:Sellingexpense contextRef="From20110101To20110331" decimals="-3" unitRef="TWD">15655000</tw-gaap-ci:Sellingexpense>
	<tw-gaap-ci:GeneralAdministrativeExpenses contextRef="From20120101To20120331" decimals="-3" unitRef="TWD">14238000</tw-gaap-ci:GeneralAdministrativeExpenses>
	<tw-gaap-ci:GeneralAdministrativeExpenses contextRef="From20110101To20110331" decimals="-3" unitRef="TWD">28304000</tw-gaap-ci:GeneralAdministrativeExpenses>
	<tw-gaap-ci:ResearchDevelopmentExpenses contextRef="From20120101To20120331" decimals="-3" unitRef="TWD">16411000</tw-gaap-ci:ResearchDevelopmentExpenses>
	<tw-gaap-ci:ResearchDevelopmentExpenses contextRef="From20110101To20110331" decimals="-3" unitRef="TWD">21250000</tw-gaap-ci:ResearchDevelopmentExpenses>
	<tw-gaap-ci:OperatingExpenses contextRef="From20120101To20120331" decimals="-3" unitRef="TWD">43568000</tw-gaap-ci:OperatingExpenses>
	<tw-gaap-ci:OperatingExpenses contextRef="From20110101To20110331" decimals="-3" unitRef="TWD">65209000</tw-gaap-ci:OperatingExpenses>
	<tw-gaap-ci:OperatingIncomeLoss contextRef="From20120101To20120331" decimals="-3" unitRef="TWD">6972000</tw-gaap-ci:OperatingIncomeLoss>
	<tw-gaap-ci:OperatingIncomeLoss contextRef="From20110101To20110331" decimals="-3" unitRef="TWD">31717000</tw-gaap-ci:OperatingIncomeLoss>
	<tw-gaap-ci:InterestIncome contextRef="From20120101To20120331" decimals="-3" unitRef="TWD">539000</tw-gaap-ci:InterestIncome>
	<tw-gaap-ci:InterestIncome contextRef="From20110101To20110331" decimals="-3" unitRef="TWD">333000</tw-gaap-ci:InterestIncome>
	<tw-gaap-ci:InvestmentGainsRecognizedEquityMethod contextRef="From20120101To20120331" decimals="-3" unitRef="TWD">4065000</tw-gaap-ci:InvestmentGainsRecognizedEquityMethod>
	<tw-gaap-ci:InvestmentGainsRecognizedEquityMethod contextRef="From20110101To20110331" decimals="-3" unitRef="TWD">0</tw-gaap-ci:InvestmentGainsRecognizedEquityMethod>
	<tw-gaap-ci:InvestmentGains contextRef="From20120101To20120331" decimals="-3" unitRef="TWD">4065000</tw-gaap-ci:InvestmentGains>
	<tw-gaap-ci:InvestmentGains contextRef="From20110101To20110331" decimals="-3" unitRef="TWD">0</tw-gaap-ci:InvestmentGains>
	<tw-gaap-ci:GainsDisposalFixedAssets contextRef="From20120101To20120331" decimals="-3" unitRef="TWD">0</tw-gaap-ci:GainsDisposalFixedAssets>
	<tw-gaap-ci:GainsDisposalFixedAssets contextRef="From20110101To20110331" decimals="-3" unitRef="TWD">152000</tw-gaap-ci:GainsDisposalFixedAssets>
	<tw-gaap-ci:ForeignExchangeGains contextRef="From20120101To20120331" decimals="-3" unitRef="TWD">0</tw-gaap-ci:ForeignExchangeGains>
	<tw-gaap-ci:ForeignExchangeGains contextRef="From20110101To20110331" decimals="-3" unitRef="TWD">11080000</tw-gaap-ci:ForeignExchangeGains>
	<tw-gaap-ci:RentIncome contextRef="From20120101To20120331" decimals="-3" unitRef="TWD">1050000</tw-gaap-ci:RentIncome>
	<tw-gaap-ci:RentIncome contextRef="From20110101To20110331" decimals="-3" unitRef="TWD">1050000</tw-gaap-ci:RentIncome>
	<tw-gaap-ci:ReversalImpairmentLossFixedAssets contextRef="From20120101To20120331" decimals="-3" unitRef="TWD">194000</tw-gaap-ci:ReversalImpairmentLossFixedAssets>
	<tw-gaap-ci:ReversalImpairmentLossFixedAssets contextRef="From20110101To20110331" decimals="-3" unitRef="TWD">0</tw-gaap-ci:ReversalImpairmentLossFixedAssets>
	<tw-gaap-ci:ReversalImpairmentLossAssets contextRef="From20120101To20120331" decimals="-3" unitRef="TWD">194000</tw-gaap-ci:ReversalImpairmentLossAssets>
	<tw-gaap-ci:ReversalImpairmentLossAssets contextRef="From20110101To20110331" decimals="-3" unitRef="TWD">0</tw-gaap-ci:ReversalImpairmentLossAssets>
	<tw-gaap-ci:MiscellaneousIncome contextRef="From20120101To20120331" decimals="-3" unitRef="TWD">28194000</tw-gaap-ci:MiscellaneousIncome>
	<tw-gaap-ci:MiscellaneousIncome contextRef="From20110101To20110331" decimals="-3" unitRef="TWD">19740000</tw-gaap-ci:MiscellaneousIncome>
	<tw-gaap-ci:NonOperatingIncomeGains contextRef="From20120101To20120331" decimals="-3" unitRef="TWD">34042000</tw-gaap-ci:NonOperatingIncomeGains>
	<tw-gaap-ci:NonOperatingIncomeGains contextRef="From20110101To20110331" decimals="-3" unitRef="TWD">32355000</tw-gaap-ci:NonOperatingIncomeGains>
	<tw-gaap-ci:InterestExpense contextRef="From20120101To20120331" decimals="-3" unitRef="TWD">6000</tw-gaap-ci:InterestExpense>
	<tw-gaap-ci:InterestExpense contextRef="From20110101To20110331" decimals="-3" unitRef="TWD">2000</tw-gaap-ci:InterestExpense>
	<tw-gaap-ci:NonOperatingExpensesInvestmentLossRecognizedEquityMethod contextRef="From20120101To20120331" decimals="-3" unitRef="TWD">0</tw-gaap-ci:NonOperatingExpensesInvestmentLossRecognizedEquityMethod>
	<tw-gaap-ci:NonOperatingExpensesInvestmentLossRecognizedEquityMethod contextRef="From20110101To20110331" decimals="-3" unitRef="TWD">1031000</tw-gaap-ci:NonOperatingExpensesInvestmentLossRecognizedEquityMethod>
	<tw-gaap-ci:NonOperatingExpensesInvestmentLoss contextRef="From20120101To20120331" decimals="-3" unitRef="TWD">0</tw-gaap-ci:NonOperatingExpensesInvestmentLoss>
	<tw-gaap-ci:NonOperatingExpensesInvestmentLoss contextRef="From20110101To20110331" decimals="-3" unitRef="TWD">1031000</tw-gaap-ci:NonOperatingExpensesInvestmentLoss>
	<tw-gaap-ci:LossDisposalFixedAssets contextRef="From20120101To20120331" decimals="-3" unitRef="TWD">197000</tw-gaap-ci:LossDisposalFixedAssets>
	<tw-gaap-ci:LossDisposalFixedAssets contextRef="From20110101To20110331" decimals="-3" unitRef="TWD">606000</tw-gaap-ci:LossDisposalFixedAssets>
	<tw-gaap-ci:ForeignExchangeLosses contextRef="From20120101To20120331" decimals="-3" unitRef="TWD">12160000</tw-gaap-ci:ForeignExchangeLosses>
	<tw-gaap-ci:ForeignExchangeLosses contextRef="From20110101To20110331" decimals="-3" unitRef="TWD">0</tw-gaap-ci:ForeignExchangeLosses>
	<tw-gaap-ci:MiscellaneousDisbursements contextRef="From20120101To20120331" decimals="-3" unitRef="TWD">1282000</tw-gaap-ci:MiscellaneousDisbursements>
	<tw-gaap-ci:MiscellaneousDisbursements contextRef="From20110101To20110331" decimals="-3" unitRef="TWD">187000</tw-gaap-ci:MiscellaneousDisbursements>
	<tw-gaap-ci:NonOperatingExpenses contextRef="From20120101To20120331" decimals="-3" unitRef="TWD">13645000</tw-gaap-ci:NonOperatingExpenses>
	<tw-gaap-ci:NonOperatingExpenses contextRef="From20110101To20110331" decimals="-3" unitRef="TWD">1826000</tw-gaap-ci:NonOperatingExpenses>
	<tw-gaap-ci:IncomeContinuingOperationsBeforeIncomeTax contextRef="From20120101To20120331" decimals="-3" unitRef="TWD">27369000</tw-gaap-ci:IncomeContinuingOperationsBeforeIncomeTax>
	<tw-gaap-ci:IncomeContinuingOperationsBeforeIncomeTax contextRef="From20110101To20110331" decimals="-3" unitRef="TWD">62246000</tw-gaap-ci:IncomeContinuingOperationsBeforeIncomeTax>
	<tw-gaap-ci:IncomeTaxExpenseBenefit contextRef="From20120101To20120331" decimals="-3" unitRef="TWD">4575000</tw-gaap-ci:IncomeTaxExpenseBenefit>
	<tw-gaap-ci:IncomeTaxExpenseBenefit contextRef="From20110101To20110331" decimals="-3" unitRef="TWD">10610000</tw-gaap-ci:IncomeTaxExpenseBenefit>
	<tw-gaap-ci:IncomeContinuingOperations contextRef="From20120101To20120331" decimals="-3" unitRef="TWD">22794000</tw-gaap-ci:IncomeContinuingOperations>
	<tw-gaap-ci:IncomeContinuingOperations contextRef="From20110101To20110331" decimals="-3" unitRef="TWD">51636000</tw-gaap-ci:IncomeContinuingOperations>
	<tw-gaap-ci:NetIncomeLoss contextRef="From20120101To20120331" decimals="-3" unitRef="TWD">22794000</tw-gaap-ci:NetIncomeLoss>
	<tw-gaap-ci:NetIncomeLoss contextRef="From20110101To20110331" decimals="-3" unitRef="TWD">51636000</tw-gaap-ci:NetIncomeLoss>
	<tw-gaap-ci:PrimaryEarningsPerShare contextRef="From20120101To20120331" decimals="2" unitRef="TWD">0.26</tw-gaap-ci:PrimaryEarningsPerShare>
	<tw-gaap-ci:PrimaryEarningsPerShare contextRef="From20110101To20110331" decimals="2" unitRef="TWD">0.60</tw-gaap-ci:PrimaryEarningsPerShare>
	<tw-gaap-ci:DilutedEarningsPerShare contextRef="From20120101To20120331" decimals="2" unitRef="TWD">0.26</tw-gaap-ci:DilutedEarningsPerShare>
	<tw-gaap-ci:DilutedEarningsPerShare contextRef="From20110101To20110331" decimals="2" unitRef="TWD">0.60</tw-gaap-ci:DilutedEarningsPerShare>
	<tw-gaap-ci:NetIncomeLoss_StatementCashFlows contextRef="From20120101To20120331" decimals="-3" unitRef="TWD">22794000</tw-gaap-ci:NetIncomeLoss_StatementCashFlows>
	<tw-gaap-ci:NetIncomeLoss_StatementCashFlows contextRef="From20110101To20110331" decimals="-3" unitRef="TWD">51636000</tw-gaap-ci:NetIncomeLoss_StatementCashFlows>
	<tw-gaap-ci:DepreciationExpense-Operating contextRef="From20120101To20120331" decimals="-3" unitRef="TWD">2687000</tw-gaap-ci:DepreciationExpense-Operating>
	<tw-gaap-ci:DepreciationExpense-Operating contextRef="From20110101To20110331" decimals="-3" unitRef="TWD">3104000</tw-gaap-ci:DepreciationExpense-Operating>
	<tw-gaap-ci:AmortizationExpense-Operating contextRef="From20120101To20120331" decimals="-3" unitRef="TWD">330000</tw-gaap-ci:AmortizationExpense-Operating>
	<tw-gaap-ci:AmortizationExpense-Operating contextRef="From20110101To20110331" decimals="-3" unitRef="TWD">335000</tw-gaap-ci:AmortizationExpense-Operating>
	<tw-gaap-ci:ProvisionTransferRevenueBadDebtsLosses contextRef="From20120101To20120331" decimals="-3" unitRef="TWD">0</tw-gaap-ci:ProvisionTransferRevenueBadDebtsLosses>
	<tw-gaap-ci:ProvisionTransferRevenueBadDebtsLosses contextRef="From20110101To20110331" decimals="-3" unitRef="TWD">11699000</tw-gaap-ci:ProvisionTransferRevenueBadDebtsLosses>
	<tw-gaap-ci:GainLossInventoryValuationObsolescenceRecoverie contextRef="From20120101To20120331" decimals="-3" unitRef="TWD">0</tw-gaap-ci:GainLossInventoryValuationObsolescenceRecoverie>
	<tw-gaap-ci:GainLossInventoryValuationObsolescenceRecoverie contextRef="From20110101To20110331" decimals="-3" unitRef="TWD">5949000</tw-gaap-ci:GainLossInventoryValuationObsolescenceRecoverie>
	<tw-gaap-ci:InvestmentLossIncomeRecognizedEquityMethod contextRef="From20120101To20120331" decimals="-3" unitRef="TWD">-4065000</tw-gaap-ci:InvestmentLossIncomeRecognizedEquityMethod>
	<tw-gaap-ci:InvestmentLossIncomeRecognizedEquityMethod contextRef="From20110101To20110331" decimals="-3" unitRef="TWD">1031000</tw-gaap-ci:InvestmentLossIncomeRecognizedEquityMethod>
	<tw-gaap-ci:GainLossDisposalScrappingFixedAssets contextRef="From20120101To20120331" decimals="-3" unitRef="TWD">197000</tw-gaap-ci:GainLossDisposalScrappingFixedAssets>
	<tw-gaap-ci:GainLossDisposalScrappingFixedAssets contextRef="From20110101To20110331" decimals="-3" unitRef="TWD">454000</tw-gaap-ci:GainLossDisposalScrappingFixedAssets>
	<tw-gaap-ci:ReversalImpairmentLossNonFinancialAssets contextRef="From20120101To20120331" decimals="-3" unitRef="TWD">-194000</tw-gaap-ci:ReversalImpairmentLossNonFinancialAssets>
	<tw-gaap-ci:ReversalImpairmentLossNonFinancialAssets contextRef="From20110101To20110331" decimals="-3" unitRef="TWD">0</tw-gaap-ci:ReversalImpairmentLossNonFinancialAssets>
	<tw-gaap-ci:UnrealizedExchangeGainLoss contextRef="From20120101To20120331" decimals="-3" unitRef="TWD">21544000</tw-gaap-ci:UnrealizedExchangeGainLoss>
	<tw-gaap-ci:UnrealizedExchangeGainLoss contextRef="From20110101To20110331" decimals="-3" unitRef="TWD">32874000</tw-gaap-ci:UnrealizedExchangeGainLoss>
	<tw-gaap-ci:AdjustmentsReconcileNetIncomeNetCashProvidedUsedOperatingActivities contextRef="From20120101To20120331" decimals="-3" unitRef="TWD">20499000</tw-gaap-ci:AdjustmentsReconcileNetIncomeNetCashProvidedUsedOperatingActivities>
	<tw-gaap-ci:AdjustmentsReconcileNetIncomeNetCashProvidedUsedOperatingActivities contextRef="From20110101To20110331" decimals="-3" unitRef="TWD">55446000</tw-gaap-ci:AdjustmentsReconcileNetIncomeNetCashProvidedUsedOperatingActivities>
	<tw-gaap-ci:ChangesNotesReceivable contextRef="From20120101To20120331" decimals="-3" unitRef="TWD">5058000</tw-gaap-ci:ChangesNotesReceivable>
	<tw-gaap-ci:ChangesNotesReceivable contextRef="From20110101To20110331" decimals="-3" unitRef="TWD">2598000</tw-gaap-ci:ChangesNotesReceivable>
	<tw-gaap-ci:ChangesAccountsReceivable contextRef="From20120101To20120331" decimals="-3" unitRef="TWD">69262000</tw-gaap-ci:ChangesAccountsReceivable>
	<tw-gaap-ci:ChangesAccountsReceivable contextRef="From20110101To20110331" decimals="-3" unitRef="TWD">35036000</tw-gaap-ci:ChangesAccountsReceivable>
	<tw-gaap-ci:ChangesAccountsReceivableRelatedParties contextRef="From20120101To20120331" decimals="-3" unitRef="TWD">4516000</tw-gaap-ci:ChangesAccountsReceivableRelatedParties>
	<tw-gaap-ci:ChangesAccountsReceivableRelatedParties contextRef="From20110101To20110331" decimals="-3" unitRef="TWD">2010000</tw-gaap-ci:ChangesAccountsReceivableRelatedParties>
	<tw-gaap-ci:ChangesOtherReceivables contextRef="From20120101To20120331" decimals="-3" unitRef="TWD">-1785000</tw-gaap-ci:ChangesOtherReceivables>
	<tw-gaap-ci:ChangesOtherReceivables contextRef="From20110101To20110331" decimals="-3" unitRef="TWD">-4322000</tw-gaap-ci:ChangesOtherReceivables>
	<tw-gaap-ci:ChangesOtherReceivableRelatedParties contextRef="From20120101To20120331" decimals="-3" unitRef="TWD">-25041000</tw-gaap-ci:ChangesOtherReceivableRelatedParties>
	<tw-gaap-ci:ChangesOtherReceivableRelatedParties contextRef="From20110101To20110331" decimals="-3" unitRef="TWD">-35056000</tw-gaap-ci:ChangesOtherReceivableRelatedParties>
	<tw-gaap-ci:ChangesInventories contextRef="From20120101To20120331" decimals="-3" unitRef="TWD">-102166000</tw-gaap-ci:ChangesInventories>
	<tw-gaap-ci:ChangesInventories contextRef="From20110101To20110331" decimals="-3" unitRef="TWD">-24577000</tw-gaap-ci:ChangesInventories>
	<tw-gaap-ci:ChangesOtherCurrentAssets_CI contextRef="From20120101To20120331" decimals="-3" unitRef="TWD">-226000</tw-gaap-ci:ChangesOtherCurrentAssets_CI>
	<tw-gaap-ci:ChangesOtherCurrentAssets_CI contextRef="From20110101To20110331" decimals="-3" unitRef="TWD">-249000</tw-gaap-ci:ChangesOtherCurrentAssets_CI>
	<tw-gaap-ci:ChangesDeferredTaxAssets contextRef="From20120101To20120331" decimals="-3" unitRef="TWD">-5443000</tw-gaap-ci:ChangesDeferredTaxAssets>
	<tw-gaap-ci:ChangesDeferredTaxAssets contextRef="From20110101To20110331" decimals="-3" unitRef="TWD">-445000</tw-gaap-ci:ChangesDeferredTaxAssets>
	<tw-gaap-ci:ChangesOperatingAssets contextRef="From20120101To20120331" decimals="-3" unitRef="TWD">-55825000</tw-gaap-ci:ChangesOperatingAssets>
	<tw-gaap-ci:ChangesOperatingAssets contextRef="From20110101To20110331" decimals="-3" unitRef="TWD">-25005000</tw-gaap-ci:ChangesOperatingAssets>
	<tw-gaap-ci:ChangesAccountsPayable contextRef="From20120101To20120331" decimals="-3" unitRef="TWD">21396000</tw-gaap-ci:ChangesAccountsPayable>
	<tw-gaap-ci:ChangesAccountsPayable contextRef="From20110101To20110331" decimals="-3" unitRef="TWD">34707000</tw-gaap-ci:ChangesAccountsPayable>
	<tw-gaap-ci:ChangesAccountsPayableRelatedParties contextRef="From20120101To20120331" decimals="-3" unitRef="TWD">-6306000</tw-gaap-ci:ChangesAccountsPayableRelatedParties>
	<tw-gaap-ci:ChangesAccountsPayableRelatedParties contextRef="From20110101To20110331" decimals="-3" unitRef="TWD">43282000</tw-gaap-ci:ChangesAccountsPayableRelatedParties>
	<tw-gaap-ci:ChangesIncomeTaxPayable contextRef="From20120101To20120331" decimals="-3" unitRef="TWD">9964000</tw-gaap-ci:ChangesIncomeTaxPayable>
	<tw-gaap-ci:ChangesIncomeTaxPayable contextRef="From20110101To20110331" decimals="-3" unitRef="TWD">11021000</tw-gaap-ci:ChangesIncomeTaxPayable>
	<tw-gaap-ci:ChangesAccruedExpenses contextRef="From20120101To20120331" decimals="-3" unitRef="TWD">-8417000</tw-gaap-ci:ChangesAccruedExpenses>
	<tw-gaap-ci:ChangesAccruedExpenses contextRef="From20110101To20110331" decimals="-3" unitRef="TWD">-10329000</tw-gaap-ci:ChangesAccruedExpenses>
	<tw-gaap-ci:ChangesOtherPayables contextRef="From20120101To20120331" decimals="-3" unitRef="TWD">-1967000</tw-gaap-ci:ChangesOtherPayables>
	<tw-gaap-ci:ChangesOtherPayables contextRef="From20110101To20110331" decimals="-3" unitRef="TWD">393000</tw-gaap-ci:ChangesOtherPayables>
	<tw-gaap-ci:ChangeOtherPayableRelatedParties contextRef="From20120101To20120331" decimals="-3" unitRef="TWD">-648000</tw-gaap-ci:ChangeOtherPayableRelatedParties>
	<tw-gaap-ci:ChangeOtherPayableRelatedParties contextRef="From20110101To20110331" decimals="-3" unitRef="TWD">2507000</tw-gaap-ci:ChangeOtherPayableRelatedParties>
	<tw-gaap-ci:ChangesOtherCurrentLiabilities_CI contextRef="From20120101To20120331" decimals="-3" unitRef="TWD">3327000</tw-gaap-ci:ChangesOtherCurrentLiabilities_CI>
	<tw-gaap-ci:ChangesOtherCurrentLiabilities_CI contextRef="From20110101To20110331" decimals="-3" unitRef="TWD">1656000</tw-gaap-ci:ChangesOtherCurrentLiabilities_CI>
	<tw-gaap-ci:ChangesDeferredCredits contextRef="From20120101To20120331" decimals="-3" unitRef="TWD">4398000</tw-gaap-ci:ChangesDeferredCredits>
	<tw-gaap-ci:ChangesDeferredCredits contextRef="From20110101To20110331" decimals="-3" unitRef="TWD">320000</tw-gaap-ci:ChangesDeferredCredits>
	<tw-gaap-ci:ChangesOperatingLiabilities contextRef="From20120101To20120331" decimals="-3" unitRef="TWD">21747000</tw-gaap-ci:ChangesOperatingLiabilities>
	<tw-gaap-ci:ChangesOperatingLiabilities contextRef="From20110101To20110331" decimals="-3" unitRef="TWD">83557000</tw-gaap-ci:ChangesOperatingLiabilities>
	<tw-gaap-ci:ChangesOperatingAssetsLiabilities contextRef="From20120101To20120331" decimals="-3" unitRef="TWD">-34078000</tw-gaap-ci:ChangesOperatingAssetsLiabilities>
	<tw-gaap-ci:ChangesOperatingAssetsLiabilities contextRef="From20110101To20110331" decimals="-3" unitRef="TWD">58552000</tw-gaap-ci:ChangesOperatingAssetsLiabilities>
	<tw-gaap-ci:NetCashProvidedUsedOperatingActivities contextRef="From20120101To20120331" decimals="-3" unitRef="TWD">9215000</tw-gaap-ci:NetCashProvidedUsedOperatingActivities>
	<tw-gaap-ci:NetCashProvidedUsedOperatingActivities contextRef="From20110101To20110331" decimals="-3" unitRef="TWD">165634000</tw-gaap-ci:NetCashProvidedUsedOperatingActivities>
	<tw-gaap-ci:AcquisitionPropertyPlantEquipment contextRef="From20120101To20120331" decimals="-3" unitRef="TWD">-1077000</tw-gaap-ci:AcquisitionPropertyPlantEquipment>
	<tw-gaap-ci:AcquisitionPropertyPlantEquipment contextRef="From20110101To20110331" decimals="-3" unitRef="TWD">-2366000</tw-gaap-ci:AcquisitionPropertyPlantEquipment>
	<tw-gaap-ci:ProceedsDisposalPropertyPlantEquipment contextRef="From20120101To20120331" decimals="-3" unitRef="TWD">0</tw-gaap-ci:ProceedsDisposalPropertyPlantEquipment>
	<tw-gaap-ci:ProceedsDisposalPropertyPlantEquipment contextRef="From20110101To20110331" decimals="-3" unitRef="TWD">152000</tw-gaap-ci:ProceedsDisposalPropertyPlantEquipment>
	<tw-gaap-ci:ChangesRestrictedAssets contextRef="From20120101To20120331" decimals="-3" unitRef="TWD">0</tw-gaap-ci:ChangesRestrictedAssets>
	<tw-gaap-ci:ChangesRestrictedAssets contextRef="From20110101To20110331" decimals="-3" unitRef="TWD">0</tw-gaap-ci:ChangesRestrictedAssets>
	<tw-gaap-ci:PurchaseIntangibleAssets contextRef="From20120101To20120331" decimals="-3" unitRef="TWD">-1770000</tw-gaap-ci:PurchaseIntangibleAssets>
	<tw-gaap-ci:PurchaseIntangibleAssets contextRef="From20110101To20110331" decimals="-3" unitRef="TWD">0</tw-gaap-ci:PurchaseIntangibleAssets>
	<tw-gaap-ci:NetCashProvidedUsedInvestingActivities contextRef="From20120101To20120331" decimals="-3" unitRef="TWD">-2847000</tw-gaap-ci:NetCashProvidedUsedInvestingActivities>
	<tw-gaap-ci:NetCashProvidedUsedInvestingActivities contextRef="From20110101To20110331" decimals="-3" unitRef="TWD">-2214000</tw-gaap-ci:NetCashProvidedUsedInvestingActivities>
	<tw-gaap-ci:EffectExchangeRateChanges contextRef="From20120101To20120331" decimals="-3" unitRef="TWD">-21544000</tw-gaap-ci:EffectExchangeRateChanges>
	<tw-gaap-ci:EffectExchangeRateChanges contextRef="From20110101To20110331" decimals="-3" unitRef="TWD">-32874000</tw-gaap-ci:EffectExchangeRateChanges>
	<tw-gaap-ci:NetChangesCashCashEquivalents contextRef="From20120101To20120331" decimals="-3" unitRef="TWD">-15176000</tw-gaap-ci:NetChangesCashCashEquivalents>
	<tw-gaap-ci:NetChangesCashCashEquivalents contextRef="From20110101To20110331" decimals="-3" unitRef="TWD">130546000</tw-gaap-ci:NetChangesCashCashEquivalents>
	<tw-gaap-ci:CashCashEquivalents contextRef="AsOf20120101" decimals="-3" unitRef="TWD">723669000</tw-gaap-ci:CashCashEquivalents>
	<tw-gaap-ci:CashCashEquivalents contextRef="AsOf20110101" decimals="-3" unitRef="TWD">782561000</tw-gaap-ci:CashCashEquivalents>
	<tw-gaap-ci:InterestPaidExcludingCapitalizedInterest contextRef="From20120101To20120331" decimals="-3" unitRef="TWD">6000</tw-gaap-ci:InterestPaidExcludingCapitalizedInterest>
	<tw-gaap-ci:InterestPaidExcludingCapitalizedInterest contextRef="From20110101To20110331" decimals="-3" unitRef="TWD">2000</tw-gaap-ci:InterestPaidExcludingCapitalizedInterest>
	<tw-gaap-ci:IncomeTaxPaid contextRef="From20120101To20120331" decimals="-3" unitRef="TWD">54000</tw-gaap-ci:IncomeTaxPaid>
	<tw-gaap-ci:IncomeTaxPaid contextRef="From20110101To20110331" decimals="-3" unitRef="TWD">33000</tw-gaap-ci:IncomeTaxPaid>
	<tw-gaap-ci:CumulativeTranslationAdjustments_CFS contextRef="From20120101To20120331" decimals="-3" unitRef="TWD">-26777000</tw-gaap-ci:CumulativeTranslationAdjustments_CFS>
	<tw-gaap-ci:CumulativeTranslationAdjustments_CFS contextRef="From20110101To20110331" decimals="-3" unitRef="TWD">24877000</tw-gaap-ci:CumulativeTranslationAdjustments_CFS>
	<tw-gaap-ar:AccountantName contextRef="AsOf20120425">安侯建業聯合會計師事務所</tw-gaap-ar:AccountantName>
	<tw-gaap-ar:AssuranceAccountantName1 contextRef="AsOf20120425">寇惠植</tw-gaap-ar:AssuranceAccountantName1>
	<tw-gaap-ar:AssuranceAccountantName2 contextRef="AsOf20120425">吳秋華</tw-gaap-ar:AssuranceAccountantName2>
	<tw-gaap-ar:ReviewAuditDate contextRef="AsOf20120425">2012-04-25</tw-gaap-ar:ReviewAuditDate>
	<tw-gaap-ar:ReviewReport contextRef="AsOf20120425">Y</tw-gaap-ar:ReviewReport>
	<tw-gaap-ar:QualifiedOpinionAbstract contextRef="AsOf20120425">Y</tw-gaap-ar:QualifiedOpinionAbstract>
	<tw-gaap-ar:ByInvestmentCompaniesWithoutAccountantAuditReportRecognizedGainLoss contextRef="AsOf20120425">Y</tw-gaap-ar:ByInvestmentCompaniesWithoutAccountantAuditReportRecognizedGainLoss>
	<tw-gaap-ar:DescriptionEmphasizeItemBody contextRef="AsOf20120425"><![CDATA[]]></tw-gaap-ar:DescriptionEmphasizeItemBody>
	<tw-gaap-ar:DescriptionOtherItemBody contextRef="AsOf20120425"><![CDATA[]]></tw-gaap-ar:DescriptionOtherItemBody>
	<tw-gaap-ar:AccountantsReportBody contextRef="AsOf20120425"><![CDATA[超眾科技股份有限公司董事會　公鑒： 

    超眾科技股份有限公司民國一○一年及一○○年三月三十一日之資產負債表，暨截至各該
日止之民國一○一年第一季及一○○年第一季之損益表及現金流量表，業經本會計師核閱竣事。
上開財務季報表之編製係管理階層之責任，本會計師之責任則為根據核閱結果出具報告。
    除第三段所述者外，本會計師係依照審計準則公報第三十六號「財務報表之核閱」規劃並
執行核閱工作。由於本會計師僅實施分析、比較與查詢，並未依照一般公認審計準則查核，故
無法對上開財務季報表整體表示查核意見。
    如財務季報表附註四(四)所述，超眾科技股份有限公司民國一○一年及一○○年三月三十
一日採權益法評價之長期股權投資餘額分別為1,195,719千元及952,064千元，暨民國一○一年
第一季及一○○年第一季相關之投資損益淨額分別為利益4,065千元及損失1,031千元，係依該
等被投資公司同期間自行編製未經會計師核閱之財務季報表為依據。另財務季報表附註十一所
述之轉投資事業相關資訊係由被投資公司所提供，本會計師未依第二段所述之核閱程序執行核
閱工作。
    依本會計師核閱結果，除第三段所述該等被投資公司之財務季報表及轉投資事業相關資訊
若經會計師核閱，對第一段所述之財務季報表可能有所調整之影響外，並未發現第一段所述財
務季報表在所有重大方面有違反證券發行人財務報告編製準則及一般公認會計原則而需做修正
之情事。
    超眾科技股份有限公司民國一○○年第一季因適用修正之財務會計準則公報對財務季報表
之影響，詳如財務季報表附註三之說明。


    

	             安 侯 建 業 聯 合 會 計 師 事 務 所 
			
			         寇 惠 植
	             會　計　師：		
			         吳 秋 華
			
	              證券主管機關：台財證六字第0930106739號
                      核准簽證文號  (88)台財證(六)第18311號
                      民 國 一 ○ 一 年 四 月 二 十 五 日

]]></tw-gaap-ar:AccountantsReportBody>
	<tw-gaap-notes:FinancialReportNotes contextRef="From20120101To20120331"><![CDATA[http://doc.twse.com.tw/server-java/t57sb01?step=1&colorchg=1&co_id=6230&year=101&seamon=1&mtype=A&]]></tw-gaap-notes:FinancialReportNotes>
	<tw-gaap-notes:OrganizationAndOperations contextRef="From20120101To20120331"><![CDATA[    超眾科技股份有限公司（以下簡稱本公司）於民國六十二年十二月十四日奉經濟部核
准設立。工廠設立於新北市三重區，原係為各種鋁及鋁合金製品之製造買賣加工，民國八
十七年起增加散熱板、熱導管及熱流模組等製造加工及買賣業務。民國九十一年四月十一
日於興櫃市場買賣，民國九十二年一月十四日於財團法人中華民國證券櫃檯買賣中心上櫃
掛牌交易，民國九十九年九月十六日於台灣證券交易所上市掛牌交易。
    截至民國一○一年及一○○年三月三十一日，本公司員工人數分別為216人及193人。
]]></tw-gaap-notes:OrganizationAndOperations>
	<tw-gaap-notes:StatementOfFinancialStatementsPreparedInAccordanceWithRelatedRegulationsAndGenerallyAcceptedAccountingPrinciples contextRef="From20120101To20120331"><![CDATA[    本公司財務報表係依照證券發行人財務報告編製準則及一般公認會計原則編製。]]></tw-gaap-notes:StatementOfFinancialStatementsPreparedInAccordanceWithRelatedRegulationsAndGenerallyAcceptedAccountingPrinciples>
	<tw-gaap-notes:ForeignCurrencyTransactionsAndTranslationOfForeignCurrencyFinancialStatements contextRef="From20120101To20120331"><![CDATA[    本公司以新台幣記帳。非衍生性商品之外幣交易依交易日之即期匯率入帳；資產
負債表日之外幣貨幣性資產或負債，依當日之即期匯率換算，產生之兌換差額列為當
期損益。另本公司依財務會計準則公報第十四號「外幣換算之會計處理準則」規定，
將外幣非貨幣性資產或負債按交易日之歷史匯率衡量；但以公平價值衡量之外幣非貨
幣性資產或負債，則按資產負債表日即期匯率換算，如屬公平價值變動認列為當期損
益者，兌換差額亦認列為當期損益；如屬公平價值變動認列為股東權益調整項目者，
兌換差額亦認列為股東權益調整項目。
    本公司採權益法評價之國外長期股權投資非以當地貨幣為功能性貨幣者，則先將
其外幣財務報表以功能性貨幣再衡量，因再衡量所產生之換算差額，列入當期之兌換
損益；另因外幣財務報表換算為本國貨幣所產生之換算差額，及對國外營運機構具有
長期投資性質之外幣墊款所產生之兌換差額，列入股東權益項下之外幣換算調整數。
]]></tw-gaap-notes:ForeignCurrencyTransactionsAndTranslationOfForeignCurrencyFinancialStatements>
	<tw-gaap-notes:UseOfEstimates contextRef="From20120101To20120331"><![CDATA[    本公司於編製財務報表時，業已依規定對財務報表所列資產、負債、收益、費損
及或有事項，採用必要之假設及估計加以衡量、評估與揭露，惟該等估計與實際結果
可能存有差異。]]></tw-gaap-notes:UseOfEstimates>
	<tw-gaap-notes:ClassificationOfCurrentAndNoncurrentAssetsAndLiabilities contextRef="From20120101To20120331"><![CDATA[    現金或約當現金、為交易目的而持有或預期於資產負債表日後十二個月內將變現
之資產，列為流動資產；非屬流動資產者列為非流動資產。
    負債因交易目的而發生或預期於資產負債表日後十二個月內清償者列為流動負債；
非屬流動負債者列為非流動負債。
]]></tw-gaap-notes:ClassificationOfCurrentAndNoncurrentAssetsAndLiabilities>
	<tw-gaap-notes:CashAndCashEquivalents contextRef="From20120101To20120331"><![CDATA[    本公司所稱約當現金，係指隨時可轉換成定額現金且即將到期而其利率變動對價
值影響甚少之短期且高度流動性之投資，包括投資日起三個月內到期或清償之國庫券、
商業本票及銀行承兌匯票等。]]></tw-gaap-notes:CashAndCashEquivalents>
	<tw-gaap-notes:NotesAndAccountsReceivableOtherReceivable contextRef="From20120101To20120331"><![CDATA[    應收票據及帳款係因出售商品或勞務而發生之債權，其他應收款係屬非因營業而
產生之其他應收款。
    本公司首先評估以攤銷後成本衡量之金融資產，是否存在客觀證據，顯示重大個
別金融資產發生減損，以及非屬重大之個別金融資產單獨或共同發生減損。個別評估
減損並已認列或持續認列減損損失之金融資產，無須再進行組合減損評估。
    減損金額為金融資產之帳面價值與其估計未來現金流量採原始有效利率折現之現
值間之差額。金融資產之帳面價值係藉由備抵帳戶調降之，減損金額應列為當期損益。
於決定減損金額時，預期未來現金流量之估計係包括擔保品及相關保險之可回收金額。
    若後續期間減損金額減少，且明顯與認列減損後發生之事件有關，則先前認列之
金融資產減損金額應直接或藉由調整備抵帳戶迴轉，但該迴轉不應使金融資產帳面金
額大於未認列減損情況下之攤銷後成本。迴轉之金額應認列為當期損益。
]]></tw-gaap-notes:NotesAndAccountsReceivableOtherReceivable>
	<tw-gaap-notes:ImpairmentOfNonFinancialAsset contextRef="From20120101To20120331"><![CDATA[    本公司依財務會計準則公報第三十五號「資產減損之會計處理準則」規定，於資
產負債表日就有減損跡象之資產，估計其可回收金額，就可回收金額低於帳面價值之
資產，認列減損損失。於以前年度所認列之累積減損損失，嗣後若已不存在或減少，
即予迴轉，增加資產帳面價值至可回收金額，惟不超過資產在未認列減損損失下，減
除應提列折舊或攤銷後之數。]]></tw-gaap-notes:ImpairmentOfNonFinancialAsset>
	<tw-gaap-notes:Inventories contextRef="From20120101To20120331"><![CDATA[    存貨之原始成本為使存貨達到可供銷售或可供生產之狀態及地點所發生之必要支
出，其中固定製造費用係按生產設備之正常產能分攤至製成品及在製品，變動製造費
用則以實際產量為分攤基礎。續後，以成本與淨變現價值孰低採逐項比較法衡量，成
本係採加權平均法計算，淨變現價值則以資產負債表日正常營業下之估計售價減除至
完工尚需投入之成本及銷售費用為計算基礎。]]></tw-gaap-notes:Inventories>
	<tw-gaap-notes:LongTermInvestmentsUnderEquityMethod contextRef="From20120101To20120331"><![CDATA[    本公司與子公司合併持有被投資公司有表決權股份比例達百分之二十以上，或未
達百分之二十但具有重大影響力者，採權益法評價。
    採權益法之長期股權投資出售時，以售價與處分日該投資帳面價值之差額，作為
長期股權投資處分損益，帳上如有因長期股權投資產生之資本公積餘額時，則按出售
比例轉列當期損益。
    本公司對具有控制力之被投資公司，除依權益法評價外，並分別於每會計年度之
第一、三季、半年度及年度終了時編製合併財務報表。
    本公司與採權益法評價之被投資公司間相互持股時，其投資損益採庫藏股票法計
算。與被投資公司間交易及各子公司間交易所產生之損益尚未實現者，予以遞延。交
易損益如屬折舊性或攤銷性之資產所產生者，依其效益年限逐年承認；其他類資產所
產生者，於實現年度承認。
    本公司具控制力之被投資公司如股權淨值發生負數時，若被投資公司之其他股東
無義務或無法提出額外資金承擔其損失者，其損失由本公司全額認列。若原長期股權
投資不足抵減投資損失時，則沖轉應收款項或墊付款項，如尚有不足，則貸記長期股
權投資貸項，列入其他負債項下。
]]></tw-gaap-notes:LongTermInvestmentsUnderEquityMethod>
	<tw-gaap-notes:PropertyPlantAndEquipmentAssetsLeasedToOthersAndIdleAssets contextRef="From20120101To20120331"><![CDATA[    固定資產以取得成本為評價基礎，惟得依法辦理重估。為購建設備並正在進行使
該資產達到可使用狀態前所發生之利息予以資本化，列入相關資產成本。重大增添、
改良及重置支出予以資本化；維護及修理費用列為發生當期費用。固定資產已無使用
價值或發生閒置者，則將該資產之成本、累計折舊及累計減損一併轉列閒置資產。
    折舊係按直線法以成本及重估價值依估計耐用年數計提；租賃權益改良依租約年
限或估計使用年限較短者按平均法攤銷。折舊性資產耐用年限屆滿仍繼續使用者，就
其殘值自該屆滿日起估計尚可使用年限繼續提列折舊。
    本公司依中華民國會計研究發展基金會解釋函令 97.11.20基秘字第340號，將固
定資產於非用以生產存貨之期間所估計之拆除或復原義務列為固定資產成本。而一項
固定資產之任一組成部分，相對於總成本而言係屬重大時，則該部分係個別提列折舊。
本公司每年定期於會計年度終了時，評估固定資產剩餘耐用年限、折舊方法及殘值。
剩餘耐用年限、折舊方法及殘值之變動，均視為會計估計變動。
    主要固定資產之耐用年數如下：
1.房屋及建築：3～50年。
2.運輸設備：5年。
3.機器設備：1～8年。
4.辦公設備：3～5年。
5.其他設備：3～15年。
 
    處分固定資產之損益列為營業外收益或費損。
    以營業租賃方式出租予他人之固定資產列為出租資產，係以成本計價，於估計使
用年限內按平均法提列折舊，列為營業外費損。
]]></tw-gaap-notes:PropertyPlantAndEquipmentAssetsLeasedToOthersAndIdleAssets>
	<tw-gaap-notes:IntangibleAssets contextRef="From20120101To20120331"><![CDATA[    本公司適用財務會計準則公報第三十七號「無形資產之會計處理準則」。依該號
公報規定，除政府捐助所取得之無形資產按公平價值認列外，原始認列無形資產時以
成本衡量。續後，以成本加依法令規定之重估增值，再減除累計攤銷及累計減損後之
金額作為帳面價值。
    攤銷時以原始成本減除殘值後之金額為可攤銷金額，並於已達可供使用狀態開始
時，於耐用年限期間以直線法攤銷。本公司之電腦軟體成本即以直線法依耐用年限2～
5年平均攤銷。
    每年至少於會計年度終了時評估無形資產之殘值、攤銷期間及攤銷方法。殘值、
攤銷期間及攤銷方法之變動，均視為會計估計變動。
]]></tw-gaap-notes:IntangibleAssets>
	<tw-gaap-notes:PensionPlan contextRef="From20120101To20120331"><![CDATA[    本公司財務報表採用財務會計準則公報第十八號「退休金會計處理準則」，採確
定給付退休辦法部分，以年度資產負債表日為衡量日完成精算，其累積給付義務超過
退休基金資產公平價值部分，於資產負債表認列最低退休金負債，並依原證券暨期貨
管理委員會之規定認列淨退休金成本，包括當期服務成本及過渡性淨資產、前期服務
成本與退休金損益依員工平均剩餘服務年限採直線法攤銷。
    自民國九十四年七月一日起配合勞工退休金條例(以下簡稱「新制」)之實施，原
適用該辦法之員工如經選擇適用新制後之服務年資或新制施行後到職之員工其服務年
資改採確定提撥制，其退休金之給付由本公司按月以不低於每月工資百分之六提繳退
休金，儲存於勞工退休金個人專戶。
    採確定提撥退休辦法部份，本公司依勞工退休金條例之規定，依勞工每月工資百
分之六之提繳率，提撥至勞工保險局，提撥數列為當期費用。
]]></tw-gaap-notes:PensionPlan>
	<tw-gaap-notes:IncomeTax contextRef="From20120101To20120331"><![CDATA[    本公司所得稅之計算係採用財務會計準則公報第二十二號「所得稅之會計處理準
則」，依此方法，資產及負債之帳面價值與課稅基礎之差異，依預計回轉年度之適用
稅率計算認列為遞延所得稅。並將應課稅暫時性差異所產生之所得稅影響數認列為遞
延所得稅負債，與將可減除暫時性差異、虧損扣抵及所得稅抵減所產生之所得稅影響
數認列為遞延所得稅資產，再評估其遞延所得稅資產之可實現性，認列其備抵評價金
額。遞延所得稅負債或資產依其相關資產或負債之分類，劃分為流動或非流動項目，
非與資產或負債相關者，則依預期回轉期間之長短，劃分為流動或非流動項目。
 
    購置設備或技術、研究與發展及人才培訓等支出所產生之所得稅抵減，採用當期
認列法處理。
    本公司未分配盈餘加徵百分之十營利事業所得稅部分，於次年度經股東會決議分
配盈餘後列為當期費用。
]]></tw-gaap-notes:IncomeTax>
	<tw-gaap-notes:EmployeeBonusAndRemunerationsPaidToDirectorsAndSupervisors contextRef="From20120101To20120331"><![CDATA[    本公司員工紅利及董監酬勞係依會計研究發展基金會(96)基秘字第052號解釋函之
規定，估計員工紅利及董監酬勞金額，並依員工紅利及董監酬勞之性質列為營業成本
或營業費用項下之適當會計科目。嗣後股東會決議與財務報表估列數如有差異，視為
估計變動，列為當期損益。]]></tw-gaap-notes:EmployeeBonusAndRemunerationsPaidToDirectorsAndSupervisors>
	<tw-gaap-notes:RevenueRecognition contextRef="From20120101To20120331"><![CDATA[    本公司於符合具有說服力之證據證明雙方交易存在、商品已交付且風險及報酬
已移轉、勞務已提供或資產已提供他人使用、價款係屬固定或可決定、價款收現性
可合理確定時方認列收入。]]></tw-gaap-notes:RevenueRecognition>
	<tw-gaap-notes:OperatingSegment contextRef="From20120101To20120331"><![CDATA[    營運部門係企業之組成單位，從事可能獲得收入並發生費用(包括與企業內其他組
成單位間交易所產生之收入與費用)之經營活動。營運部門之營運結果定期由本公司之
營運決策者複核，以制定分配予該部門資源之決策，並評估該部門之績效，同時具個
別分離之財務資訊。本公司已於合併財務季報表揭露部門資訊，因此個別財務季報表
不揭露部門資訊。]]></tw-gaap-notes:OperatingSegment>
	<tw-gaap-notes:ChangesInAccountingPrinciples contextRef="From20120101To20120331"><![CDATA[    (一)本公司自民國一○○年一月一日起，首次適用財務會計準則公報第三十四號「金融商
        品之會計處理準則」第三次修訂條文。依該號公報規定，帳列原始產生之放款及應收
        款應適用該公報放款及應收款之認列、續後評價及減損等規定。前述會計原則變動，
        致民國一○○年第一季本期稅後淨利及每股盈餘影響如下：

           會　計　原　則　變　動　性　質          本期稅後         每股盈餘(元)
                                                   淨利減少          減      少	
	原始放款及應收款之認列、續後評價及減損	$     9,510                0.11	
 
    (二)本公司自民國一○○年一月一日起，首次適用財務會計準則公報第四十一號「營運部
        門資訊之揭露」。依該號公報規定，企業應揭露有助於財務報表使用者評估企業所從
        事經營活動與所處經濟環境之性質及財務影響之資訊。本公司以內部提供予營運決策
        者之資訊為基礎，以決定與表達營運部門。另依該公報規定本公司已於合併財務報表
        揭露部門資訊，因此個別財務報表不揭露部門資訊。該號公報亦取代財務會計準則公
        報第二十號「部門別財務資訊之揭露」。前述會計原則變動對本公司民國一○○年第
        一季財務季報表並未產生損益之影響。
]]></tw-gaap-notes:ChangesInAccountingPrinciples>
	<tw-gaap-notes:EndorsementGuaranteeProvidedToOthers>
		<tw-gaap-notes:No. contextRef="From20120101To20120331"><![CDATA[0]]></tw-gaap-notes:No.>
		<tw-gaap-notes:CompanyNameOfTheEndorserGuarantor contextRef="From20120101To20120331"><![CDATA[超眾科技股份有限公司]]></tw-gaap-notes:CompanyNameOfTheEndorserGuarantor>
		<tw-gaap-notes:Counterparty2>
			<tw-gaap-notes:NameOfTheCompany contextRef="From20120101To20120331"><![CDATA[昆山巨仲電子有限公司]]></tw-gaap-notes:NameOfTheCompany>
			<tw-gaap-notes:Relationship1 contextRef="From20120101To20120331"><![CDATA[3]]></tw-gaap-notes:Relationship1>
		</tw-gaap-notes:Counterparty2>
		<tw-gaap-notes:LimitOnEndorsementGuaranteeAmountProvidedToIndividualCounterparty contextRef="From20120101To20120331" decimals="-3" unitRef="TWD">450492000</tw-gaap-notes:LimitOnEndorsementGuaranteeAmountProvidedToIndividualCounterparty>
		<tw-gaap-notes:MaximumBalanceForThePeriod contextRef="From20120101To20120331" decimals="-3" unitRef="TWD">189225000</tw-gaap-notes:MaximumBalanceForThePeriod>
		<tw-gaap-notes:EndingBalance2 contextRef="AsOf20120331" decimals="-3" unitRef="TWD">189225000</tw-gaap-notes:EndingBalance2>
		<tw-gaap-notes:AmountOfEndorsementsGuaranteesSecuredWithCollateral contextRef="AsOf20120331" decimals="-3" unitRef="TWD">0</tw-gaap-notes:AmountOfEndorsementsGuaranteesSecuredWithCollateral>
		<tw-gaap-notes:RatioOfAccumulatedEndorsementGuaranteeAmountToNetAssetOfTheCompanyPerLatestFinancialStatements contextRef="From20120101To20120331" decimals="4">0.0840</tw-gaap-notes:RatioOfAccumulatedEndorsementGuaranteeAmountToNetAssetOfTheCompanyPerLatestFinancialStatements>
		<tw-gaap-notes:LimitOfTotalGuaranteeEndorsementAmount contextRef="From20120101To20120331" decimals="-3" unitRef="TWD">675738000</tw-gaap-notes:LimitOfTotalGuaranteeEndorsementAmount>
		<tw-gaap-notes:Note contextRef="From20120101To20120331"><![CDATA[背書保證之總額不得超過公司當期財務報表淨值之30%，對單一企業背書保證金額不得超過當期財務報表淨值之20%。]]></tw-gaap-notes:Note>
	</tw-gaap-notes:EndorsementGuaranteeProvidedToOthers>

	<tw-gaap-notes:TotalEndingBalance2-Parent contextRef="AsOf20120331" unitRef="TWD">189225000</tw-gaap-notes:TotalEndingBalance2-Parent>
	<tw-gaap-notes:TotalEndingBalance2-Subsidiaries contextRef="AsOf20120331" unitRef="TWD">0</tw-gaap-notes:TotalEndingBalance2-Subsidiaries>
	<tw-gaap-notes:NamesLocationsAndRelatedInformationOfInvesteesOverWhichTheCompanyExercisesSignificantInfluence>
		<tw-gaap-notes:CompanyNameOfTheInvestor contextRef="From20120101To20120331"><![CDATA[超眾科技股份有限公司]]></tw-gaap-notes:CompanyNameOfTheInvestor>
		<tw-gaap-notes:CompanyNameOfTheInvestee contextRef="From20120101To20120331"><![CDATA[Conquer Wisom Co., Ltd.]]></tw-gaap-notes:CompanyNameOfTheInvestee>
		<tw-gaap-notes:LocationCode contextRef="From20120101To20120331"><![CDATA[226]]></tw-gaap-notes:LocationCode>
		<tw-gaap-notes:Location contextRef="From20120101To20120331"><![CDATA[英屬維京群島]]></tw-gaap-notes:Location>
		<tw-gaap-notes:MainBusinessesAndProducts contextRef="From20120101To20120331"><![CDATA[投資]]></tw-gaap-notes:MainBusinessesAndProducts>
		<tw-gaap-notes:OriginalInvestmentAmount>
			<tw-gaap-notes:EndingBalance3 contextRef="AsOf20120331" decimals="-3" unitRef="TWD">647270000</tw-gaap-notes:EndingBalance3>
			<tw-gaap-notes:BeginningBalance contextRef="AsOf20120331" decimals="-3" unitRef="TWD">647270000</tw-gaap-notes:BeginningBalance>
		</tw-gaap-notes:OriginalInvestmentAmount>
		<tw-gaap-notes:InvestmentsAtTheEndOfThePeriod>
			<tw-gaap-notes:NumberOfShares1 contextRef="AsOf20120331" decimals="0" unitRef="Shares">15093</tw-gaap-notes:NumberOfShares1>
			<tw-gaap-notes:PercentageOfOwnership1 contextRef="AsOf20120331" decimals="4">1.0000</tw-gaap-notes:PercentageOfOwnership1>
			<tw-gaap-notes:BookValue1 contextRef="AsOf20120331" decimals="-3" unitRef="TWD">1195719000</tw-gaap-notes:BookValue1>
		</tw-gaap-notes:InvestmentsAtTheEndOfThePeriod>
		<tw-gaap-notes:NetIncomeLossesOfTheInvestee contextRef="From20120101To20120331" decimals="-3" unitRef="TWD">25494000</tw-gaap-notes:NetIncomeLossesOfTheInvestee>
		<tw-gaap-notes:InvestmentIncomeLossesRecognized1 contextRef="From20120101To20120331" decimals="-3" unitRef="TWD">4065000</tw-gaap-notes:InvestmentIncomeLossesRecognized1>
		<tw-gaap-notes:Note contextRef="From20120101To20120331"><![CDATA[業已包含其再轉投資依規定應認列之投資損益。
]]></tw-gaap-notes:Note>
	</tw-gaap-notes:NamesLocationsAndRelatedInformationOfInvesteesOverWhichTheCompanyExercisesSignificantInfluence>

	<tw-gaap-notes:NamesLocationsAndRelatedInformationOfInvesteesOverWhichTheCompanyExercisesSignificantInfluence>
		<tw-gaap-notes:CompanyNameOfTheInvestor contextRef="From20120101To20120331"><![CDATA[Conquer Wisdom Co., Ltd.]]></tw-gaap-notes:CompanyNameOfTheInvestor>
		<tw-gaap-notes:CompanyNameOfTheInvestee contextRef="From20120101To20120331"><![CDATA[Chaun Choung Technology America.,]]></tw-gaap-notes:CompanyNameOfTheInvestee>
		<tw-gaap-notes:LocationCode contextRef="From20120101To20120331"><![CDATA[211]]></tw-gaap-notes:LocationCode>
		<tw-gaap-notes:Location contextRef="From20120101To20120331"><![CDATA[美國]]></tw-gaap-notes:Location>
		<tw-gaap-notes:MainBusinessesAndProducts contextRef="From20120101To20120331"><![CDATA[銷售電腦用散熱模組]]></tw-gaap-notes:MainBusinessesAndProducts>
		<tw-gaap-notes:OriginalInvestmentAmount>
			<tw-gaap-notes:EndingBalance3 contextRef="AsOf20120331" decimals="-3" unitRef="USD">300000</tw-gaap-notes:EndingBalance3>
			<tw-gaap-notes:BeginningBalance contextRef="AsOf20120331" decimals="-3" unitRef="USD">300000</tw-gaap-notes:BeginningBalance>
		</tw-gaap-notes:OriginalInvestmentAmount>
		<tw-gaap-notes:InvestmentsAtTheEndOfThePeriod>
			<tw-gaap-notes:NumberOfShares1 contextRef="AsOf20120331" decimals="0" unitRef="Shares">300</tw-gaap-notes:NumberOfShares1>
			<tw-gaap-notes:PercentageOfOwnership1 contextRef="AsOf20120331" decimals="4">1.0000</tw-gaap-notes:PercentageOfOwnership1>
			<tw-gaap-notes:BookValue1 contextRef="AsOf20120331" decimals="-3" unitRef="USD">70000</tw-gaap-notes:BookValue1>
		</tw-gaap-notes:InvestmentsAtTheEndOfThePeriod>
		<tw-gaap-notes:NetIncomeLossesOfTheInvestee contextRef="From20120101To20120331" decimals="-3" unitRef="USD">-3000</tw-gaap-notes:NetIncomeLossesOfTheInvestee>
		<tw-gaap-notes:InvestmentIncomeLossesRecognized1 contextRef="From20120101To20120331" decimals="-3" unitRef="USD">0</tw-gaap-notes:InvestmentIncomeLossesRecognized1>
		<tw-gaap-notes:Note contextRef="From20120101To20120331"><![CDATA[]]></tw-gaap-notes:Note>
	</tw-gaap-notes:NamesLocationsAndRelatedInformationOfInvesteesOverWhichTheCompanyExercisesSignificantInfluence>

	<tw-gaap-notes:NamesLocationsAndRelatedInformationOfInvesteesOverWhichTheCompanyExercisesSignificantInfluence>
		<tw-gaap-notes:CompanyNameOfTheInvestor contextRef="From20120101To20120331"><![CDATA[Conquer Wisdom Co., Ltd.]]></tw-gaap-notes:CompanyNameOfTheInvestor>
		<tw-gaap-notes:CompanyNameOfTheInvestee contextRef="From20120101To20120331"><![CDATA[GLOBE STAR ENTERPRISE Ltd.,]]></tw-gaap-notes:CompanyNameOfTheInvestee>
		<tw-gaap-notes:LocationCode contextRef="From20120101To20120331"><![CDATA[92]]></tw-gaap-notes:LocationCode>
		<tw-gaap-notes:Location contextRef="From20120101To20120331"><![CDATA[香港]]></tw-gaap-notes:Location>
		<tw-gaap-notes:MainBusinessesAndProducts contextRef="From20120101To20120331"><![CDATA[投資]]></tw-gaap-notes:MainBusinessesAndProducts>
		<tw-gaap-notes:OriginalInvestmentAmount>
			<tw-gaap-notes:EndingBalance3 contextRef="AsOf20120331" decimals="-3" unitRef="USD">15042000</tw-gaap-notes:EndingBalance3>
			<tw-gaap-notes:BeginningBalance contextRef="AsOf20120331" decimals="-3" unitRef="USD">15042000</tw-gaap-notes:BeginningBalance>
		</tw-gaap-notes:OriginalInvestmentAmount>
		<tw-gaap-notes:InvestmentsAtTheEndOfThePeriod>
			<tw-gaap-notes:NumberOfShares1 contextRef="AsOf20120331" decimals="0" unitRef="Shares">117008</tw-gaap-notes:NumberOfShares1>
			<tw-gaap-notes:PercentageOfOwnership1 contextRef="AsOf20120331" decimals="4">1.0000</tw-gaap-notes:PercentageOfOwnership1>
			<tw-gaap-notes:BookValue1 contextRef="AsOf20120331" decimals="-3" unitRef="USD">41180000</tw-gaap-notes:BookValue1>
		</tw-gaap-notes:InvestmentsAtTheEndOfThePeriod>
		<tw-gaap-notes:NetIncomeLossesOfTheInvestee contextRef="From20120101To20120331" decimals="-3" unitRef="USD">832000</tw-gaap-notes:NetIncomeLossesOfTheInvestee>
		<tw-gaap-notes:InvestmentIncomeLossesRecognized1 contextRef="From20120101To20120331" decimals="-3" unitRef="USD">0</tw-gaap-notes:InvestmentIncomeLossesRecognized1>
		<tw-gaap-notes:Note contextRef="From20120101To20120331"><![CDATA[
]]></tw-gaap-notes:Note>
	</tw-gaap-notes:NamesLocationsAndRelatedInformationOfInvesteesOverWhichTheCompanyExercisesSignificantInfluence>

	<tw-gaap-notes:NamesLocationsAndRelatedInformationOfInvesteesOverWhichTheCompanyExercisesSignificantInfluence>
		<tw-gaap-notes:CompanyNameOfTheInvestor contextRef="From20120101To20120331"><![CDATA[GLOBE STAR ENTERPRISE]]></tw-gaap-notes:CompanyNameOfTheInvestor>
		<tw-gaap-notes:CompanyNameOfTheInvestee contextRef="From20120101To20120331"><![CDATA[昆山巨仲電子有限公司]]></tw-gaap-notes:CompanyNameOfTheInvestee>
		<tw-gaap-notes:LocationCode contextRef="From20120101To20120331"><![CDATA[230]]></tw-gaap-notes:LocationCode>
		<tw-gaap-notes:Location contextRef="From20120101To20120331"><![CDATA[中國大陸]]></tw-gaap-notes:Location>
		<tw-gaap-notes:MainBusinessesAndProducts contextRef="From20120101To20120331"><![CDATA[生產電腦用散熱模組]]></tw-gaap-notes:MainBusinessesAndProducts>
		<tw-gaap-notes:OriginalInvestmentAmount>
			<tw-gaap-notes:EndingBalance3 contextRef="AsOf20120331" decimals="-3" unitRef="USD">5200000</tw-gaap-notes:EndingBalance3>
			<tw-gaap-notes:BeginningBalance contextRef="AsOf20120331" decimals="-3" unitRef="USD">5200000</tw-gaap-notes:BeginningBalance>
		</tw-gaap-notes:OriginalInvestmentAmount>
		<tw-gaap-notes:InvestmentsAtTheEndOfThePeriod>
			<tw-gaap-notes:NumberOfShares1 contextRef="AsOf20120331" decimals="0" unitRef="Shares">0</tw-gaap-notes:NumberOfShares1>
			<tw-gaap-notes:PercentageOfOwnership1 contextRef="AsOf20120331" decimals="4">1.0000</tw-gaap-notes:PercentageOfOwnership1>
			<tw-gaap-notes:BookValue1 contextRef="AsOf20120331" decimals="-3" unitRef="USD">25527000</tw-gaap-notes:BookValue1>
		</tw-gaap-notes:InvestmentsAtTheEndOfThePeriod>
		<tw-gaap-notes:NetIncomeLossesOfTheInvestee contextRef="From20120101To20120331" decimals="-3" unitRef="USD">1227000</tw-gaap-notes:NetIncomeLossesOfTheInvestee>
		<tw-gaap-notes:InvestmentIncomeLossesRecognized1 contextRef="From20120101To20120331" decimals="-3" unitRef="USD">0</tw-gaap-notes:InvestmentIncomeLossesRecognized1>
		<tw-gaap-notes:Note contextRef="From20120101To20120331"><![CDATA[註2]]></tw-gaap-notes:Note>
	</tw-gaap-notes:NamesLocationsAndRelatedInformationOfInvesteesOverWhichTheCompanyExercisesSignificantInfluence>

	<tw-gaap-notes:NamesLocationsAndRelatedInformationOfInvesteesOverWhichTheCompanyExercisesSignificantInfluence>
		<tw-gaap-notes:CompanyNameOfTheInvestor contextRef="From20120101To20120331"><![CDATA[GLOBE STAR ENTERPRISE]]></tw-gaap-notes:CompanyNameOfTheInvestor>
		<tw-gaap-notes:CompanyNameOfTheInvestee contextRef="From20120101To20120331"><![CDATA[昆山巨祥熱導科技有限公司]]></tw-gaap-notes:CompanyNameOfTheInvestee>
		<tw-gaap-notes:LocationCode contextRef="From20120101To20120331"><![CDATA[230]]></tw-gaap-notes:LocationCode>
		<tw-gaap-notes:Location contextRef="From20120101To20120331"><![CDATA[中國大陸]]></tw-gaap-notes:Location>
		<tw-gaap-notes:MainBusinessesAndProducts contextRef="From20120101To20120331"><![CDATA[生產電腦用散熱模組]]></tw-gaap-notes:MainBusinessesAndProducts>
		<tw-gaap-notes:OriginalInvestmentAmount>
			<tw-gaap-notes:EndingBalance3 contextRef="AsOf20120331" decimals="-3" unitRef="USD">9000000</tw-gaap-notes:EndingBalance3>
			<tw-gaap-notes:BeginningBalance contextRef="AsOf20120331" decimals="-3" unitRef="USD">9000000</tw-gaap-notes:BeginningBalance>
		</tw-gaap-notes:OriginalInvestmentAmount>
		<tw-gaap-notes:InvestmentsAtTheEndOfThePeriod>
			<tw-gaap-notes:NumberOfShares1 contextRef="AsOf20120331" decimals="0" unitRef="Shares">0</tw-gaap-notes:NumberOfShares1>
			<tw-gaap-notes:PercentageOfOwnership1 contextRef="AsOf20120331" decimals="4">1.0000</tw-gaap-notes:PercentageOfOwnership1>
			<tw-gaap-notes:BookValue1 contextRef="AsOf20120331" decimals="-3" unitRef="USD">11526000</tw-gaap-notes:BookValue1>
		</tw-gaap-notes:InvestmentsAtTheEndOfThePeriod>
		<tw-gaap-notes:NetIncomeLossesOfTheInvestee contextRef="From20120101To20120331" decimals="-3" unitRef="USD">0</tw-gaap-notes:NetIncomeLossesOfTheInvestee>
		<tw-gaap-notes:InvestmentIncomeLossesRecognized1 contextRef="From20120101To20120331" decimals="-3" unitRef="USD">0</tw-gaap-notes:InvestmentIncomeLossesRecognized1>
		<tw-gaap-notes:Note contextRef="From20120101To20120331"><![CDATA[註3]]></tw-gaap-notes:Note>
	</tw-gaap-notes:NamesLocationsAndRelatedInformationOfInvesteesOverWhichTheCompanyExercisesSignificantInfluence>

	<tw-gaap-notes:NamesLocationsAndRelatedInformationOfInvesteesOverWhichTheCompanyExercisesSignificantInfluence>
		<tw-gaap-notes:CompanyNameOfTheInvestor contextRef="From20120101To20120331"><![CDATA[GLOBE STAR ENTERPRISE]]></tw-gaap-notes:CompanyNameOfTheInvestor>
		<tw-gaap-notes:CompanyNameOfTheInvestee contextRef="From20120101To20120331"><![CDATA[重慶群祥科技有限公司]]></tw-gaap-notes:CompanyNameOfTheInvestee>
		<tw-gaap-notes:LocationCode contextRef="From20120101To20120331"><![CDATA[230]]></tw-gaap-notes:LocationCode>
		<tw-gaap-notes:Location contextRef="From20120101To20120331"><![CDATA[中國大陸]]></tw-gaap-notes:Location>
		<tw-gaap-notes:MainBusinessesAndProducts contextRef="From20120101To20120331"><![CDATA[生產電腦用散熱模組]]></tw-gaap-notes:MainBusinessesAndProducts>
		<tw-gaap-notes:OriginalInvestmentAmount>
			<tw-gaap-notes:EndingBalance3 contextRef="AsOf20120331" decimals="-3" unitRef="USD">5000000</tw-gaap-notes:EndingBalance3>
			<tw-gaap-notes:BeginningBalance contextRef="AsOf20120331" decimals="-3" unitRef="USD">5000000</tw-gaap-notes:BeginningBalance>
		</tw-gaap-notes:OriginalInvestmentAmount>
		<tw-gaap-notes:InvestmentsAtTheEndOfThePeriod>
			<tw-gaap-notes:NumberOfShares1 contextRef="AsOf20120331" decimals="0" unitRef="Shares">0</tw-gaap-notes:NumberOfShares1>
			<tw-gaap-notes:PercentageOfOwnership1 contextRef="AsOf20120331" decimals="4">1.0000</tw-gaap-notes:PercentageOfOwnership1>
			<tw-gaap-notes:BookValue1 contextRef="AsOf20120331" decimals="-3" unitRef="USD">4051000</tw-gaap-notes:BookValue1>
		</tw-gaap-notes:InvestmentsAtTheEndOfThePeriod>
		<tw-gaap-notes:NetIncomeLossesOfTheInvestee contextRef="From20120101To20120331" decimals="-3" unitRef="USD">-308000</tw-gaap-notes:NetIncomeLossesOfTheInvestee>
		<tw-gaap-notes:InvestmentIncomeLossesRecognized1 contextRef="From20120101To20120331" decimals="-3" unitRef="USD">0</tw-gaap-notes:InvestmentIncomeLossesRecognized1>
		<tw-gaap-notes:Note contextRef="From20120101To20120331"><![CDATA[]]></tw-gaap-notes:Note>
	</tw-gaap-notes:NamesLocationsAndRelatedInformationOfInvesteesOverWhichTheCompanyExercisesSignificantInfluence>

	<tw-gaap-notes:Note-NamesLocationsAndRelatedInformationOfInvesteesOverWhichTheCompanyExercisesSignificantInfluence contextRef="From20120101To20120331"><![CDATA[註1：本公司認列Conquer Wisdom Co., Ltd.(BVI)投資利益25,494千元、已實現銷貨毛利45,434千元及
     未實現銷貨毛利66,863千元，共計認列利益4,065千元。
註2：Conquer Wisdom Co., Ltd. (BVI)認列昆山巨仲電子有限公司投資利益USD1,227千元、已實現銷貨
     毛利及出售固定資產利益計205千元，扣除未實現銷貨毛利USD98千元及未實現出售固定資產利益
     USD154千元，共計認列利益USD1,180千元。
註3：Conquer Wisdom Co., Ltd.(BVI)認列昆山巨祥熱導科技有限公司已實現銷貨毛利USD7千元。
註4：Conquer Wisdom Co., Ltd.(BVI)認列重慶群祥科技有限公司投資損失USD308千元、已實現存貨跌
     價損失USD46千元，共計認列投資損失USD354千元。
]]></tw-gaap-notes:Note-NamesLocationsAndRelatedInformationOfInvesteesOverWhichTheCompanyExercisesSignificantInfluence>
	<tw-gaap-notes:InformationOfInvestmentInMainlandChina>
		<tw-gaap-notes:CompanyNameOfTheInvesteeInMainlandChina contextRef="From20120101To20120331"><![CDATA[昆山巨仲電子有限公司]]></tw-gaap-notes:CompanyNameOfTheInvesteeInMainlandChina>
		<tw-gaap-notes:MainBusinessesAndProducts contextRef="From20120101To20120331"><![CDATA[生產電腦用散熱模組]]></tw-gaap-notes:MainBusinessesAndProducts>
		<tw-gaap-notes:TotalAmountOfPaid-inCapital contextRef="AsOf20120331" decimals="-3" unitRef="TWD">472685000</tw-gaap-notes:TotalAmountOfPaid-inCapital>
		<tw-gaap-notes:MethodOfInvestment contextRef="From20120101To20120331"><![CDATA[2]]></tw-gaap-notes:MethodOfInvestment>
		<tw-gaap-notes:AccumulatedOutflowOfInvestmentFromTaiwanAtTheBeginningOfThePeriod contextRef="AsOf20120331" decimals="-3" unitRef="TWD">153452000</tw-gaap-notes:AccumulatedOutflowOfInvestmentFromTaiwanAtTheBeginningOfThePeriod>
		<tw-gaap-notes:InvestmentFlowsForThePeriod>
			<tw-gaap-notes:Outflow contextRef="From20120101To20120331" decimals="-3" unitRef="TWD">0</tw-gaap-notes:Outflow>
			<tw-gaap-notes:Inflow contextRef="From20120101To20120331" decimals="-3" unitRef="TWD">0</tw-gaap-notes:Inflow>
		</tw-gaap-notes:InvestmentFlowsForThePeriod>
		<tw-gaap-notes:AccumulatedOutflowOfInvestmentFromTaiwanAtTheEndOfThePeriod contextRef="AsOf20120331" decimals="-3" unitRef="TWD">153452000</tw-gaap-notes:AccumulatedOutflowOfInvestmentFromTaiwanAtTheEndOfThePeriod>
		<tw-gaap-notes:PercentageOfOwnershipThroughDirectAndIndirectInvestmentByTheCompany contextRef="AsOf20120331" decimals="4">1.0000</tw-gaap-notes:PercentageOfOwnershipThroughDirectAndIndirectInvestmentByTheCompany>
		<tw-gaap-notes:InvestmentIncomeLossesRecognized2 contextRef="From20120101To20120331" decimals="-3" unitRef="TWD">35045000</tw-gaap-notes:InvestmentIncomeLossesRecognized2>
		<tw-gaap-notes:BookValueAtTheEndOfThePeriod contextRef="AsOf20120331" decimals="-3" unitRef="TWD">753302000</tw-gaap-notes:BookValueAtTheEndOfThePeriod>
		<tw-gaap-notes:AccumulatedInwardRemittanceOfEarningsAsOfTheEndOfThePeriod contextRef="From20120101To20120331" decimals="-3" unitRef="TWD">0</tw-gaap-notes:AccumulatedInwardRemittanceOfEarningsAsOfTheEndOfThePeriod>
		<tw-gaap-notes:Note contextRef="From20120101To20120331"><![CDATA[3]]></tw-gaap-notes:Note>
	</tw-gaap-notes:InformationOfInvestmentInMainlandChina>

	<tw-gaap-notes:InformationOfInvestmentInMainlandChina>
		<tw-gaap-notes:CompanyNameOfTheInvesteeInMainlandChina contextRef="From20120101To20120331"><![CDATA[昆山巨祥熱導科技有限公司]]></tw-gaap-notes:CompanyNameOfTheInvesteeInMainlandChina>
		<tw-gaap-notes:MainBusinessesAndProducts contextRef="From20120101To20120331"><![CDATA[生產電腦用散熱模組]]></tw-gaap-notes:MainBusinessesAndProducts>
		<tw-gaap-notes:TotalAmountOfPaid-inCapital contextRef="AsOf20120331" decimals="-3" unitRef="TWD">300687000</tw-gaap-notes:TotalAmountOfPaid-inCapital>
		<tw-gaap-notes:MethodOfInvestment contextRef="From20120101To20120331"><![CDATA[2]]></tw-gaap-notes:MethodOfInvestment>
		<tw-gaap-notes:AccumulatedOutflowOfInvestmentFromTaiwanAtTheBeginningOfThePeriod contextRef="AsOf20120331" decimals="-3" unitRef="TWD">247117000</tw-gaap-notes:AccumulatedOutflowOfInvestmentFromTaiwanAtTheBeginningOfThePeriod>
		<tw-gaap-notes:InvestmentFlowsForThePeriod>
			<tw-gaap-notes:Outflow contextRef="From20120101To20120331" decimals="-3" unitRef="TWD">0</tw-gaap-notes:Outflow>
			<tw-gaap-notes:Inflow contextRef="From20120101To20120331" decimals="-3" unitRef="TWD">0</tw-gaap-notes:Inflow>
		</tw-gaap-notes:InvestmentFlowsForThePeriod>
		<tw-gaap-notes:AccumulatedOutflowOfInvestmentFromTaiwanAtTheEndOfThePeriod contextRef="AsOf20120331" decimals="-3" unitRef="TWD">247117000</tw-gaap-notes:AccumulatedOutflowOfInvestmentFromTaiwanAtTheEndOfThePeriod>
		<tw-gaap-notes:PercentageOfOwnershipThroughDirectAndIndirectInvestmentByTheCompany contextRef="AsOf20120331" decimals="4">1.0000</tw-gaap-notes:PercentageOfOwnershipThroughDirectAndIndirectInvestmentByTheCompany>
		<tw-gaap-notes:InvestmentIncomeLossesRecognized2 contextRef="From20120101To20120331" decimals="-3" unitRef="TWD">208000</tw-gaap-notes:InvestmentIncomeLossesRecognized2>
		<tw-gaap-notes:BookValueAtTheEndOfThePeriod contextRef="AsOf20120331" decimals="-3" unitRef="TWD">340132000</tw-gaap-notes:BookValueAtTheEndOfThePeriod>
		<tw-gaap-notes:AccumulatedInwardRemittanceOfEarningsAsOfTheEndOfThePeriod contextRef="From20120101To20120331" decimals="-3" unitRef="TWD">0</tw-gaap-notes:AccumulatedInwardRemittanceOfEarningsAsOfTheEndOfThePeriod>
		<tw-gaap-notes:Note contextRef="From20120101To20120331"><![CDATA[3]]></tw-gaap-notes:Note>
	</tw-gaap-notes:InformationOfInvestmentInMainlandChina>

	<tw-gaap-notes:InformationOfInvestmentInMainlandChina>
		<tw-gaap-notes:CompanyNameOfTheInvesteeInMainlandChina contextRef="From20120101To20120331"><![CDATA[重慶群祥科技有限公司]]></tw-gaap-notes:CompanyNameOfTheInvesteeInMainlandChina>
		<tw-gaap-notes:MainBusinessesAndProducts contextRef="From20120101To20120331"><![CDATA[生產雷腦用散熱模組]]></tw-gaap-notes:MainBusinessesAndProducts>
		<tw-gaap-notes:TotalAmountOfPaid-inCapital contextRef="AsOf20120331" decimals="-3" unitRef="TWD">143100000</tw-gaap-notes:TotalAmountOfPaid-inCapital>
		<tw-gaap-notes:MethodOfInvestment contextRef="From20120101To20120331"><![CDATA[2]]></tw-gaap-notes:MethodOfInvestment>
		<tw-gaap-notes:AccumulatedOutflowOfInvestmentFromTaiwanAtTheBeginningOfThePeriod contextRef="AsOf20120331" decimals="-3" unitRef="TWD">147550000</tw-gaap-notes:AccumulatedOutflowOfInvestmentFromTaiwanAtTheBeginningOfThePeriod>
		<tw-gaap-notes:InvestmentFlowsForThePeriod>
			<tw-gaap-notes:Outflow contextRef="From20120101To20120331" decimals="-3" unitRef="TWD">0</tw-gaap-notes:Outflow>
			<tw-gaap-notes:Inflow contextRef="From20120101To20120331" decimals="-3" unitRef="TWD">0</tw-gaap-notes:Inflow>
		</tw-gaap-notes:InvestmentFlowsForThePeriod>
		<tw-gaap-notes:AccumulatedOutflowOfInvestmentFromTaiwanAtTheEndOfThePeriod contextRef="AsOf20120331" decimals="-3" unitRef="TWD">147550000</tw-gaap-notes:AccumulatedOutflowOfInvestmentFromTaiwanAtTheEndOfThePeriod>
		<tw-gaap-notes:PercentageOfOwnershipThroughDirectAndIndirectInvestmentByTheCompany contextRef="AsOf20120331" decimals="4">1.0000</tw-gaap-notes:PercentageOfOwnershipThroughDirectAndIndirectInvestmentByTheCompany>
		<tw-gaap-notes:InvestmentIncomeLossesRecognized2 contextRef="From20120101To20120331" decimals="-3" unitRef="TWD">-10513000</tw-gaap-notes:InvestmentIncomeLossesRecognized2>
		<tw-gaap-notes:BookValueAtTheEndOfThePeriod contextRef="AsOf20120331" decimals="-3" unitRef="TWD">119545000</tw-gaap-notes:BookValueAtTheEndOfThePeriod>
		<tw-gaap-notes:AccumulatedInwardRemittanceOfEarningsAsOfTheEndOfThePeriod contextRef="From20120101To20120331" decimals="-3" unitRef="TWD">0</tw-gaap-notes:AccumulatedInwardRemittanceOfEarningsAsOfTheEndOfThePeriod>
		<tw-gaap-notes:Note contextRef="From20120101To20120331"><![CDATA[3]]></tw-gaap-notes:Note>
	</tw-gaap-notes:InformationOfInvestmentInMainlandChina>

	<tw-gaap-notes:LimitOnInvestmentInMainlandChina>
		<tw-gaap-notes:NameOfTheCompany contextRef="From20120101To20120331"><![CDATA[超眾科技股份有限公司]]></tw-gaap-notes:NameOfTheCompany>
		<tw-gaap-notes:AccumulatedInvestmentInMainlandChinaAtTheEndOfThePeriod contextRef="AsOf20120331" decimals="-3" unitRef="TWD">548119000</tw-gaap-notes:AccumulatedInvestmentInMainlandChinaAtTheEndOfThePeriod>
		<tw-gaap-notes:InvestmentAmountAuthorizedByTheInvestmentCommissionOfMOEA contextRef="From20120101To20120331" decimals="-3" unitRef="TWD">723497000</tw-gaap-notes:InvestmentAmountAuthorizedByTheInvestmentCommissionOfMOEA>
		<tw-gaap-notes:UpperLimitOnInvestmentInMainlandChinaImposedByTheInvestmentCommissionOfMOEA contextRef="From20120101To20120331" decimals="-3" unitRef="TWD">1351477000</tw-gaap-notes:UpperLimitOnInvestmentInMainlandChinaImposedByTheInvestmentCommissionOfMOEA>
	</tw-gaap-notes:LimitOnInvestmentInMainlandChina>

	<tw-gaap-notes:Others>
		<tw-gaap-notes:Item contextRef="From20120101To20120331"><![CDATA[每股盈餘]]></tw-gaap-notes:Item>
		<tw-gaap-notes:Description contextRef="From20120101To20120331"><![CDATA[    普通股每股盈餘係就本期淨利除以普通股流通在外加權平均股數計算之，因盈
餘、資本公積或民國九十七年度(含)以前股東會決議分配之員工紅利轉增資而新增
之股份，採追溯調整計算。]]></tw-gaap-notes:Description>
	</tw-gaap-notes:Others>

</xbrl>

<!--This instance document is created by SIIAP V1.8.25-->
