<?xml version="1.0" encoding="UTF-8"?>
<xbrl xmlns="http://www.xbrl.org/2003/instance" xmlns:iso4217="http://www.xbrl.org/2003/iso4217" xmlns:link="http://www.xbrl.org/2003/linkbase" xmlns:tw-gaap-ar="http://www.xbrl.org/tw/fr/gaap/ar/2010-12-31" xmlns:tw-gaap-ci="http://www.xbrl.org/tw/fr/gaap/tw-gaap-ci-2010-12-31" xmlns:tw-gaap-notes="http://www.xbrl.org/tw/fr/gaap/notes/2010-12-31" xmlns:xbrldi="http://xbrl.org/2006/xbrldi" xmlns:xbrldt="http://xbrl.org/2005/xbrldt" xmlns:xbrli="http://www.xbrl.org/2003/instance" xmlns:xlink="http://www.w3.org/1999/xlink">
	<link:schemaRef xlink:arcrole="http://www.w3.org/1999/xlink/properties/linkbase" xlink:href="tw-gaap-ci-2010-12-31.xsd" xlink:type="simple"/>	<context id="AsOf20110330">
		<entity>
			<identifier scheme="http://www.twse.com.tw">2424</identifier>
		</entity>
		<period>
			<instant>2011-03-30</instant>
		</period>
	</context>
	<context id="From20090101To20091231_CapitalStockMember">
		<entity>
			<identifier scheme="http://www.twse.com.tw">2424</identifier>
		</entity>
		<period>
			<startDate>2009-01-01</startDate>
			<endDate>2009-12-31</endDate>
		</period>
		<scenario>
			<xbrldi:explicitMember dimension="tw-gaap-ci:StockholdersEquityDimensionMember">tw-gaap-ci:CapitalStockMember</xbrldi:explicitMember>
		</scenario>
	</context>
	<context id="From20090101To20091231_CommonStockValueMember">
		<entity>
			<identifier scheme="http://www.twse.com.tw">2424</identifier>
		</entity>
		<period>
			<startDate>2009-01-01</startDate>
			<endDate>2009-12-31</endDate>
		</period>
		<scenario>
			<xbrldi:explicitMember dimension="tw-gaap-ci:StockholdersEquityDimensionMember">tw-gaap-ci:CommonStockValueMember</xbrldi:explicitMember>
		</scenario>
	</context>
	<context id="From20090101To20091231_CumulativeTranslationAdjustmentsMember">
		<entity>
			<identifier scheme="http://www.twse.com.tw">2424</identifier>
		</entity>
		<period>
			<startDate>2009-01-01</startDate>
			<endDate>2009-12-31</endDate>
		</period>
		<scenario>
			<xbrldi:explicitMember dimension="tw-gaap-ci:StockholdersEquityDimensionMember">tw-gaap-ci:CumulativeTranslationAdjustmentsMember</xbrldi:explicitMember>
		</scenario>
	</context>
	<context id="From20090101To20091231_StockholdersEquitiesAdjustmentsMember">
		<entity>
			<identifier scheme="http://www.twse.com.tw">2424</identifier>
		</entity>
		<period>
			<startDate>2009-01-01</startDate>
			<endDate>2009-12-31</endDate>
		</period>
		<scenario>
			<xbrldi:explicitMember dimension="tw-gaap-ci:StockholdersEquityDimensionMember">tw-gaap-ci:StockholdersEquitiesAdjustmentsMember</xbrldi:explicitMember>
		</scenario>
	</context>
	<context id="From20090101To20091231_UnrealizedGainLossesFinancialInstrumentMember">
		<entity>
			<identifier scheme="http://www.twse.com.tw">2424</identifier>
		</entity>
		<period>
			<startDate>2009-01-01</startDate>
			<endDate>2009-12-31</endDate>
		</period>
		<scenario>
			<xbrldi:explicitMember dimension="tw-gaap-ci:StockholdersEquityDimensionMember">tw-gaap-ci:UnrealizedGainLossesFinancialInstrumentMember</xbrldi:explicitMember>
		</scenario>
	</context>
	<context id="From20090101To20091231_TotalStockholdersEquitiesMember">
		<entity>
			<identifier scheme="http://www.twse.com.tw">2424</identifier>
		</entity>
		<period>
			<startDate>2009-01-01</startDate>
			<endDate>2009-12-31</endDate>
		</period>
		<scenario>
			<xbrldi:explicitMember dimension="tw-gaap-ci:StockholdersEquityDimensionMember">tw-gaap-ci:TotalStockholdersEquitiesMember</xbrldi:explicitMember>
		</scenario>
	</context>
	<context id="From20090101To20091231_RetainedEarningsMember">
		<entity>
			<identifier scheme="http://www.twse.com.tw">2424</identifier>
		</entity>
		<period>
			<startDate>2009-01-01</startDate>
			<endDate>2009-12-31</endDate>
		</period>
		<scenario>
			<xbrldi:explicitMember dimension="tw-gaap-ci:StockholdersEquityDimensionMember">tw-gaap-ci:RetainedEarningsMember</xbrldi:explicitMember>
		</scenario>
	</context>
	<context id="From20090101To20091231_UnappropriatedRetainedEarningsMember">
		<entity>
			<identifier scheme="http://www.twse.com.tw">2424</identifier>
		</entity>
		<period>
			<startDate>2009-01-01</startDate>
			<endDate>2009-12-31</endDate>
		</period>
		<scenario>
			<xbrldi:explicitMember dimension="tw-gaap-ci:StockholdersEquityDimensionMember">tw-gaap-ci:UnappropriatedRetainedEarningsMember</xbrldi:explicitMember>
		</scenario>
	</context>
	<context id="AsOf20091231_TotalStockholdersEquitiesMember">
		<entity>
			<identifier scheme="http://www.twse.com.tw">2424</identifier>
		</entity>
		<period>
			<instant>2009-12-31</instant>
		</period>
		<scenario>
			<xbrldi:explicitMember dimension="tw-gaap-ci:StockholdersEquityDimensionMember">tw-gaap-ci:TotalStockholdersEquitiesMember</xbrldi:explicitMember>
		</scenario>
	</context>
	<context id="AsOf20091231_StockholdersEquitiesAdjustmentsMember">
		<entity>
			<identifier scheme="http://www.twse.com.tw">2424</identifier>
		</entity>
		<period>
			<instant>2009-12-31</instant>
		</period>
		<scenario>
			<xbrldi:explicitMember dimension="tw-gaap-ci:StockholdersEquityDimensionMember">tw-gaap-ci:StockholdersEquitiesAdjustmentsMember</xbrldi:explicitMember>
		</scenario>
	</context>
	<context id="AsOf20091231_UnrealizedGainLossesFinancialInstrumentMember">
		<entity>
			<identifier scheme="http://www.twse.com.tw">2424</identifier>
		</entity>
		<period>
			<instant>2009-12-31</instant>
		</period>
		<scenario>
			<xbrldi:explicitMember dimension="tw-gaap-ci:StockholdersEquityDimensionMember">tw-gaap-ci:UnrealizedGainLossesFinancialInstrumentMember</xbrldi:explicitMember>
		</scenario>
	</context>
	<context id="AsOf20091231_CumulativeTranslationAdjustmentsMember">
		<entity>
			<identifier scheme="http://www.twse.com.tw">2424</identifier>
		</entity>
		<period>
			<instant>2009-12-31</instant>
		</period>
		<scenario>
			<xbrldi:explicitMember dimension="tw-gaap-ci:StockholdersEquityDimensionMember">tw-gaap-ci:CumulativeTranslationAdjustmentsMember</xbrldi:explicitMember>
		</scenario>
	</context>
	<context id="AsOf20091231_RetainedEarningsMember">
		<entity>
			<identifier scheme="http://www.twse.com.tw">2424</identifier>
		</entity>
		<period>
			<instant>2009-12-31</instant>
		</period>
		<scenario>
			<xbrldi:explicitMember dimension="tw-gaap-ci:StockholdersEquityDimensionMember">tw-gaap-ci:RetainedEarningsMember</xbrldi:explicitMember>
		</scenario>
	</context>
	<context id="AsOf20091231_UnappropriatedRetainedEarningsMember">
		<entity>
			<identifier scheme="http://www.twse.com.tw">2424</identifier>
		</entity>
		<period>
			<instant>2009-12-31</instant>
		</period>
		<scenario>
			<xbrldi:explicitMember dimension="tw-gaap-ci:StockholdersEquityDimensionMember">tw-gaap-ci:UnappropriatedRetainedEarningsMember</xbrldi:explicitMember>
		</scenario>
	</context>
	<context id="AsOf20091231_CapitalStockMember">
		<entity>
			<identifier scheme="http://www.twse.com.tw">2424</identifier>
		</entity>
		<period>
			<instant>2009-12-31</instant>
		</period>
		<scenario>
			<xbrldi:explicitMember dimension="tw-gaap-ci:StockholdersEquityDimensionMember">tw-gaap-ci:CapitalStockMember</xbrldi:explicitMember>
		</scenario>
	</context>
	<context id="AsOf20091231_CommonStockValueMember">
		<entity>
			<identifier scheme="http://www.twse.com.tw">2424</identifier>
		</entity>
		<period>
			<instant>2009-12-31</instant>
		</period>
		<scenario>
			<xbrldi:explicitMember dimension="tw-gaap-ci:StockholdersEquityDimensionMember">tw-gaap-ci:CommonStockValueMember</xbrldi:explicitMember>
		</scenario>
	</context>
	<context id="From20100101To20101231_CapitalStockMember">
		<entity>
			<identifier scheme="http://www.twse.com.tw">2424</identifier>
		</entity>
		<period>
			<startDate>2010-01-01</startDate>
			<endDate>2010-12-31</endDate>
		</period>
		<scenario>
			<xbrldi:explicitMember dimension="tw-gaap-ci:StockholdersEquityDimensionMember">tw-gaap-ci:CapitalStockMember</xbrldi:explicitMember>
		</scenario>
	</context>
	<context id="From20100101To20101231_CommonStockValueMember">
		<entity>
			<identifier scheme="http://www.twse.com.tw">2424</identifier>
		</entity>
		<period>
			<startDate>2010-01-01</startDate>
			<endDate>2010-12-31</endDate>
		</period>
		<scenario>
			<xbrldi:explicitMember dimension="tw-gaap-ci:StockholdersEquityDimensionMember">tw-gaap-ci:CommonStockValueMember</xbrldi:explicitMember>
		</scenario>
	</context>
	<context id="From20100101To20101231_StockholdersEquitiesAdjustmentsMember">
		<entity>
			<identifier scheme="http://www.twse.com.tw">2424</identifier>
		</entity>
		<period>
			<startDate>2010-01-01</startDate>
			<endDate>2010-12-31</endDate>
		</period>
		<scenario>
			<xbrldi:explicitMember dimension="tw-gaap-ci:StockholdersEquityDimensionMember">tw-gaap-ci:StockholdersEquitiesAdjustmentsMember</xbrldi:explicitMember>
		</scenario>
	</context>
	<context id="From20100101To20101231_CumulativeTranslationAdjustmentsMember">
		<entity>
			<identifier scheme="http://www.twse.com.tw">2424</identifier>
		</entity>
		<period>
			<startDate>2010-01-01</startDate>
			<endDate>2010-12-31</endDate>
		</period>
		<scenario>
			<xbrldi:explicitMember dimension="tw-gaap-ci:StockholdersEquityDimensionMember">tw-gaap-ci:CumulativeTranslationAdjustmentsMember</xbrldi:explicitMember>
		</scenario>
	</context>
	<context id="From20100101To20101231_TotalStockholdersEquitiesMember">
		<entity>
			<identifier scheme="http://www.twse.com.tw">2424</identifier>
		</entity>
		<period>
			<startDate>2010-01-01</startDate>
			<endDate>2010-12-31</endDate>
		</period>
		<scenario>
			<xbrldi:explicitMember dimension="tw-gaap-ci:StockholdersEquityDimensionMember">tw-gaap-ci:TotalStockholdersEquitiesMember</xbrldi:explicitMember>
		</scenario>
	</context>
	<context id="From20100101To20101231_RetainedEarningsMember">
		<entity>
			<identifier scheme="http://www.twse.com.tw">2424</identifier>
		</entity>
		<period>
			<startDate>2010-01-01</startDate>
			<endDate>2010-12-31</endDate>
		</period>
		<scenario>
			<xbrldi:explicitMember dimension="tw-gaap-ci:StockholdersEquityDimensionMember">tw-gaap-ci:RetainedEarningsMember</xbrldi:explicitMember>
		</scenario>
	</context>
	<context id="From20100101To20101231_UnappropriatedRetainedEarningsMember">
		<entity>
			<identifier scheme="http://www.twse.com.tw">2424</identifier>
		</entity>
		<period>
			<startDate>2010-01-01</startDate>
			<endDate>2010-12-31</endDate>
		</period>
		<scenario>
			<xbrldi:explicitMember dimension="tw-gaap-ci:StockholdersEquityDimensionMember">tw-gaap-ci:UnappropriatedRetainedEarningsMember</xbrldi:explicitMember>
		</scenario>
	</context>
	<context id="AsOf20101231_TotalStockholdersEquitiesMember">
		<entity>
			<identifier scheme="http://www.twse.com.tw">2424</identifier>
		</entity>
		<period>
			<instant>2010-12-31</instant>
		</period>
		<scenario>
			<xbrldi:explicitMember dimension="tw-gaap-ci:StockholdersEquityDimensionMember">tw-gaap-ci:TotalStockholdersEquitiesMember</xbrldi:explicitMember>
		</scenario>
	</context>
	<context id="AsOf20101231_StockholdersEquitiesAdjustmentsMember">
		<entity>
			<identifier scheme="http://www.twse.com.tw">2424</identifier>
		</entity>
		<period>
			<instant>2010-12-31</instant>
		</period>
		<scenario>
			<xbrldi:explicitMember dimension="tw-gaap-ci:StockholdersEquityDimensionMember">tw-gaap-ci:StockholdersEquitiesAdjustmentsMember</xbrldi:explicitMember>
		</scenario>
	</context>
	<context id="AsOf20101231_CumulativeTranslationAdjustmentsMember">
		<entity>
			<identifier scheme="http://www.twse.com.tw">2424</identifier>
		</entity>
		<period>
			<instant>2010-12-31</instant>
		</period>
		<scenario>
			<xbrldi:explicitMember dimension="tw-gaap-ci:StockholdersEquityDimensionMember">tw-gaap-ci:CumulativeTranslationAdjustmentsMember</xbrldi:explicitMember>
		</scenario>
	</context>
	<context id="AsOf20101231_RetainedEarningsMember">
		<entity>
			<identifier scheme="http://www.twse.com.tw">2424</identifier>
		</entity>
		<period>
			<instant>2010-12-31</instant>
		</period>
		<scenario>
			<xbrldi:explicitMember dimension="tw-gaap-ci:StockholdersEquityDimensionMember">tw-gaap-ci:RetainedEarningsMember</xbrldi:explicitMember>
		</scenario>
	</context>
	<context id="AsOf20101231_UnappropriatedRetainedEarningsMember">
		<entity>
			<identifier scheme="http://www.twse.com.tw">2424</identifier>
		</entity>
		<period>
			<instant>2010-12-31</instant>
		</period>
		<scenario>
			<xbrldi:explicitMember dimension="tw-gaap-ci:StockholdersEquityDimensionMember">tw-gaap-ci:UnappropriatedRetainedEarningsMember</xbrldi:explicitMember>
		</scenario>
	</context>
	<context id="AsOf20101231_CapitalStockMember">
		<entity>
			<identifier scheme="http://www.twse.com.tw">2424</identifier>
		</entity>
		<period>
			<instant>2010-12-31</instant>
		</period>
		<scenario>
			<xbrldi:explicitMember dimension="tw-gaap-ci:StockholdersEquityDimensionMember">tw-gaap-ci:CapitalStockMember</xbrldi:explicitMember>
		</scenario>
	</context>
	<context id="AsOf20101231_CommonStockValueMember">
		<entity>
			<identifier scheme="http://www.twse.com.tw">2424</identifier>
		</entity>
		<period>
			<instant>2010-12-31</instant>
		</period>
		<scenario>
			<xbrldi:explicitMember dimension="tw-gaap-ci:StockholdersEquityDimensionMember">tw-gaap-ci:CommonStockValueMember</xbrldi:explicitMember>
		</scenario>
	</context>
	<context id="AsOf20090101">
		<entity>
			<identifier scheme="http://www.twse.com.tw">2424</identifier>
		</entity>
		<period>
			<instant>2009-01-01</instant>
		</period>
	</context>
	<context id="AsOf20100101">
		<entity>
			<identifier scheme="http://www.twse.com.tw">2424</identifier>
		</entity>
		<period>
			<instant>2010-01-01</instant>
		</period>
	</context>
	<context id="From20090101To20091231">
		<entity>
			<identifier scheme="http://www.twse.com.tw">2424</identifier>
		</entity>
		<period>
			<startDate>2009-01-01</startDate>
			<endDate>2009-12-31</endDate>
		</period>
	</context>
	<context id="AsOf20091231">
		<entity>
			<identifier scheme="http://www.twse.com.tw">2424</identifier>
		</entity>
		<period>
			<instant>2009-12-31</instant>
		</period>
	</context>
	<context id="From20100101To20101231">
		<entity>
			<identifier scheme="http://www.twse.com.tw">2424</identifier>
		</entity>
		<period>
			<startDate>2010-01-01</startDate>
			<endDate>2010-12-31</endDate>
		</period>
	</context>
	<context id="AsOf20101231">
		<entity>
			<identifier scheme="http://www.twse.com.tw">2424</identifier>
		</entity>
		<period>
			<instant>2010-12-31</instant>
		</period>
	</context>
	<unit id="TWD">
		<measure>iso4217:TWD</measure>
	</unit>
	<unit id="Shares">
		<measure>xbrli:shares</measure>
	</unit>
	<unit id="EarningsPerShare">
		<divide>
			<unitNumerator>
				<measure>iso4217:TWD</measure>
			</unitNumerator>
			<unitDenominator>
				<measure>xbrli:shares</measure>
			</unitDenominator>
		</divide>
	</unit>
	<tw-gaap-ci:CashCashEquivalents contextRef="AsOf20101231" decimals="-3" unitRef="TWD">4759000</tw-gaap-ci:CashCashEquivalents>
	<tw-gaap-ci:CashCashEquivalents contextRef="AsOf20091231" decimals="-3" unitRef="TWD">3069000</tw-gaap-ci:CashCashEquivalents>
	<tw-gaap-ci:NetAccountsReceivable contextRef="AsOf20101231" decimals="-3" unitRef="TWD">307000</tw-gaap-ci:NetAccountsReceivable>
	<tw-gaap-ci:NetAccountsReceivable contextRef="AsOf20091231" decimals="-3" unitRef="TWD">3656000</tw-gaap-ci:NetAccountsReceivable>
	<tw-gaap-ci:NetAccountsReceivableRelatedParties contextRef="AsOf20101231" decimals="-3" unitRef="TWD">4411000</tw-gaap-ci:NetAccountsReceivableRelatedParties>
	<tw-gaap-ci:NetAccountsReceivableRelatedParties contextRef="AsOf20091231" decimals="-3" unitRef="TWD">0</tw-gaap-ci:NetAccountsReceivableRelatedParties>
	<tw-gaap-ci:OtherReceivables contextRef="AsOf20101231" decimals="-3" unitRef="TWD">2332000</tw-gaap-ci:OtherReceivables>
	<tw-gaap-ci:OtherReceivables contextRef="AsOf20091231" decimals="-3" unitRef="TWD">422000</tw-gaap-ci:OtherReceivables>
	<tw-gaap-ci:InventoriesMerchandising contextRef="AsOf20101231" decimals="-3" unitRef="TWD">25470000</tw-gaap-ci:InventoriesMerchandising>
	<tw-gaap-ci:InventoriesMerchandising contextRef="AsOf20091231" decimals="-3" unitRef="TWD">242000</tw-gaap-ci:InventoriesMerchandising>
	<tw-gaap-ci:Inventories contextRef="AsOf20101231" decimals="-3" unitRef="TWD">25470000</tw-gaap-ci:Inventories>
	<tw-gaap-ci:Inventories contextRef="AsOf20091231" decimals="-3" unitRef="TWD">242000</tw-gaap-ci:Inventories>
	<tw-gaap-ci:OtherPrepayments contextRef="AsOf20101231" decimals="-3" unitRef="TWD">4767000</tw-gaap-ci:OtherPrepayments>
	<tw-gaap-ci:OtherPrepayments contextRef="AsOf20091231" decimals="-3" unitRef="TWD">5882000</tw-gaap-ci:OtherPrepayments>
	<tw-gaap-ci:CurrentAssets contextRef="AsOf20101231" decimals="-3" unitRef="TWD">42046000</tw-gaap-ci:CurrentAssets>
	<tw-gaap-ci:CurrentAssets contextRef="AsOf20091231" decimals="-3" unitRef="TWD">13271000</tw-gaap-ci:CurrentAssets>
	<tw-gaap-ci:NetFinancialAssetsCarriedCostNonCurrent contextRef="AsOf20101231" decimals="-3" unitRef="TWD">115000</tw-gaap-ci:NetFinancialAssetsCarriedCostNonCurrent>
	<tw-gaap-ci:NetFinancialAssetsCarriedCostNonCurrent contextRef="AsOf20091231" decimals="-3" unitRef="TWD">115000</tw-gaap-ci:NetFinancialAssetsCarriedCostNonCurrent>
	<tw-gaap-ci:LongtermInvestmentsEquity contextRef="AsOf20101231" decimals="-3" unitRef="TWD">12351000</tw-gaap-ci:LongtermInvestmentsEquity>
	<tw-gaap-ci:LongtermInvestmentsEquity contextRef="AsOf20091231" decimals="-3" unitRef="TWD">20911000</tw-gaap-ci:LongtermInvestmentsEquity>
	<tw-gaap-ci:LongtermInvestments contextRef="AsOf20101231" decimals="-3" unitRef="TWD">12351000</tw-gaap-ci:LongtermInvestments>
	<tw-gaap-ci:LongtermInvestments contextRef="AsOf20091231" decimals="-3" unitRef="TWD">20911000</tw-gaap-ci:LongtermInvestments>
	<tw-gaap-ci:FundsInvestments contextRef="AsOf20101231" decimals="-3" unitRef="TWD">12466000</tw-gaap-ci:FundsInvestments>
	<tw-gaap-ci:FundsInvestments contextRef="AsOf20091231" decimals="-3" unitRef="TWD">21026000</tw-gaap-ci:FundsInvestments>
	<tw-gaap-ci:Land contextRef="AsOf20101231" decimals="-3" unitRef="TWD">0</tw-gaap-ci:Land>
	<tw-gaap-ci:Land contextRef="AsOf20091231" decimals="-3" unitRef="TWD">7115000</tw-gaap-ci:Land>
	<tw-gaap-ci:BuildingsStructures contextRef="AsOf20101231" decimals="-3" unitRef="TWD">0</tw-gaap-ci:BuildingsStructures>
	<tw-gaap-ci:BuildingsStructures contextRef="AsOf20091231" decimals="-3" unitRef="TWD">6426000</tw-gaap-ci:BuildingsStructures>
	<tw-gaap-ci:MachineryEquipment contextRef="AsOf20101231" decimals="-3" unitRef="TWD">10180000</tw-gaap-ci:MachineryEquipment>
	<tw-gaap-ci:MachineryEquipment contextRef="AsOf20091231" decimals="-3" unitRef="TWD">6860000</tw-gaap-ci:MachineryEquipment>
	<tw-gaap-ci:ComputerTelecommunicationEquipment contextRef="AsOf20101231" decimals="-3" unitRef="TWD">62742000</tw-gaap-ci:ComputerTelecommunicationEquipment>
	<tw-gaap-ci:ComputerTelecommunicationEquipment contextRef="AsOf20091231" decimals="-3" unitRef="TWD">62422000</tw-gaap-ci:ComputerTelecommunicationEquipment>
	<tw-gaap-ci:TransportationEquipment contextRef="AsOf20101231" decimals="-3" unitRef="TWD">3270000</tw-gaap-ci:TransportationEquipment>
	<tw-gaap-ci:TransportationEquipment contextRef="AsOf20091231" decimals="-3" unitRef="TWD">3270000</tw-gaap-ci:TransportationEquipment>
	<tw-gaap-ci:OfficeEquipment contextRef="AsOf20101231" decimals="-3" unitRef="TWD">3077000</tw-gaap-ci:OfficeEquipment>
	<tw-gaap-ci:OfficeEquipment contextRef="AsOf20091231" decimals="-3" unitRef="TWD">2694000</tw-gaap-ci:OfficeEquipment>
	<tw-gaap-ci:RentalAssetsLand contextRef="AsOf20101231" decimals="-3" unitRef="TWD">99373000</tw-gaap-ci:RentalAssetsLand>
	<tw-gaap-ci:RentalAssetsLand contextRef="AsOf20091231" decimals="-3" unitRef="TWD">109909000</tw-gaap-ci:RentalAssetsLand>
	<tw-gaap-ci:RentalAssetsBuildings contextRef="AsOf20101231" decimals="-3" unitRef="TWD">170576000</tw-gaap-ci:RentalAssetsBuildings>
	<tw-gaap-ci:RentalAssetsBuildings contextRef="AsOf20091231" decimals="-3" unitRef="TWD">206667000</tw-gaap-ci:RentalAssetsBuildings>
	<tw-gaap-ci:LeaseholdImprovements contextRef="AsOf20101231" decimals="-3" unitRef="TWD">8762000</tw-gaap-ci:LeaseholdImprovements>
	<tw-gaap-ci:LeaseholdImprovements contextRef="AsOf20091231" decimals="-3" unitRef="TWD">0</tw-gaap-ci:LeaseholdImprovements>
	<tw-gaap-ci:OtherFacilities contextRef="AsOf20101231" decimals="-3" unitRef="TWD">4218000</tw-gaap-ci:OtherFacilities>
	<tw-gaap-ci:OtherFacilities contextRef="AsOf20091231" decimals="-3" unitRef="TWD">3485000</tw-gaap-ci:OtherFacilities>
	<tw-gaap-ci:FixedAssetsOriginalCosts contextRef="AsOf20101231" decimals="-3" unitRef="TWD">362198000</tw-gaap-ci:FixedAssetsOriginalCosts>
	<tw-gaap-ci:FixedAssetsOriginalCosts contextRef="AsOf20091231" decimals="-3" unitRef="TWD">408848000</tw-gaap-ci:FixedAssetsOriginalCosts>
	<tw-gaap-ci:CostsRevaluationIncrement contextRef="AsOf20101231" decimals="-3" unitRef="TWD">362198000</tw-gaap-ci:CostsRevaluationIncrement>
	<tw-gaap-ci:CostsRevaluationIncrement contextRef="AsOf20091231" decimals="-3" unitRef="TWD">408848000</tw-gaap-ci:CostsRevaluationIncrement>
	<tw-gaap-ci:AccumulatedDepreciation contextRef="AsOf20101231" decimals="-3" unitRef="TWD">102992000</tw-gaap-ci:AccumulatedDepreciation>
	<tw-gaap-ci:AccumulatedDepreciation contextRef="AsOf20091231" decimals="-3" unitRef="TWD">108271000</tw-gaap-ci:AccumulatedDepreciation>
	<tw-gaap-ci:AccumulatedImpairmentFixedAssets contextRef="AsOf20101231" decimals="-3" unitRef="TWD">61576000</tw-gaap-ci:AccumulatedImpairmentFixedAssets>
	<tw-gaap-ci:AccumulatedImpairmentFixedAssets contextRef="AsOf20091231" decimals="-3" unitRef="TWD">72149000</tw-gaap-ci:AccumulatedImpairmentFixedAssets>
	<tw-gaap-ci:PrepaymentsBusinessFacilities contextRef="AsOf20101231" decimals="-3" unitRef="TWD">1164000</tw-gaap-ci:PrepaymentsBusinessFacilities>
	<tw-gaap-ci:PrepaymentsBusinessFacilities contextRef="AsOf20091231" decimals="-3" unitRef="TWD">0</tw-gaap-ci:PrepaymentsBusinessFacilities>
	<tw-gaap-ci:ConstructionProcessPrepaymentEquipments contextRef="AsOf20101231" decimals="-3" unitRef="TWD">1164000</tw-gaap-ci:ConstructionProcessPrepaymentEquipments>
	<tw-gaap-ci:ConstructionProcessPrepaymentEquipments contextRef="AsOf20091231" decimals="-3" unitRef="TWD">0</tw-gaap-ci:ConstructionProcessPrepaymentEquipments>
	<tw-gaap-ci:FixedAssets contextRef="AsOf20101231" decimals="-3" unitRef="TWD">198794000</tw-gaap-ci:FixedAssets>
	<tw-gaap-ci:FixedAssets contextRef="AsOf20091231" decimals="-3" unitRef="TWD">228428000</tw-gaap-ci:FixedAssets>
	<tw-gaap-ci:GuaranteeDepositsPaid contextRef="AsOf20101231" decimals="-3" unitRef="TWD">636000</tw-gaap-ci:GuaranteeDepositsPaid>
	<tw-gaap-ci:GuaranteeDepositsPaid contextRef="AsOf20091231" decimals="-3" unitRef="TWD">133000</tw-gaap-ci:GuaranteeDepositsPaid>
	<tw-gaap-ci:DeferredCharges contextRef="AsOf20101231" decimals="-3" unitRef="TWD">109000</tw-gaap-ci:DeferredCharges>
	<tw-gaap-ci:DeferredCharges contextRef="AsOf20091231" decimals="-3" unitRef="TWD">0</tw-gaap-ci:DeferredCharges>
	<tw-gaap-ci:LongtermNotesReceivableRelatedParties contextRef="AsOf20101231" decimals="-3" unitRef="TWD">100548000</tw-gaap-ci:LongtermNotesReceivableRelatedParties>
	<tw-gaap-ci:LongtermNotesReceivableRelatedParties contextRef="AsOf20091231" decimals="-3" unitRef="TWD">107347000</tw-gaap-ci:LongtermNotesReceivableRelatedParties>
	<tw-gaap-ci:OtherAssets contextRef="AsOf20101231" decimals="-3" unitRef="TWD">101293000</tw-gaap-ci:OtherAssets>
	<tw-gaap-ci:OtherAssets contextRef="AsOf20091231" decimals="-3" unitRef="TWD">107480000</tw-gaap-ci:OtherAssets>
	<tw-gaap-ci:Assets contextRef="AsOf20101231" decimals="-3" unitRef="TWD">354599000</tw-gaap-ci:Assets>
	<tw-gaap-ci:Assets contextRef="AsOf20091231" decimals="-3" unitRef="TWD">370205000</tw-gaap-ci:Assets>
	<tw-gaap-ci:OtherShorttermBorrowings contextRef="AsOf20101231" decimals="-3" unitRef="TWD">9900000</tw-gaap-ci:OtherShorttermBorrowings>
	<tw-gaap-ci:OtherShorttermBorrowings contextRef="AsOf20091231" decimals="-3" unitRef="TWD">21950000</tw-gaap-ci:OtherShorttermBorrowings>
	<tw-gaap-ci:ShortTermBorrowings contextRef="AsOf20101231" decimals="-3" unitRef="TWD">9900000</tw-gaap-ci:ShortTermBorrowings>
	<tw-gaap-ci:ShortTermBorrowings contextRef="AsOf20091231" decimals="-3" unitRef="TWD">21950000</tw-gaap-ci:ShortTermBorrowings>
	<tw-gaap-ci:AccountsPayable contextRef="AsOf20101231" decimals="-3" unitRef="TWD">1951000</tw-gaap-ci:AccountsPayable>
	<tw-gaap-ci:AccountsPayable contextRef="AsOf20091231" decimals="-3" unitRef="TWD">1208000</tw-gaap-ci:AccountsPayable>
	<tw-gaap-ci:AccruedExpenses contextRef="AsOf20101231" decimals="-3" unitRef="TWD">3297000</tw-gaap-ci:AccruedExpenses>
	<tw-gaap-ci:AccruedExpenses contextRef="AsOf20091231" decimals="-3" unitRef="TWD">3115000</tw-gaap-ci:AccruedExpenses>
	<tw-gaap-ci:OtherPayables contextRef="AsOf20101231" decimals="-3" unitRef="TWD">1405000</tw-gaap-ci:OtherPayables>
	<tw-gaap-ci:OtherPayables contextRef="AsOf20091231" decimals="-3" unitRef="TWD">9532000</tw-gaap-ci:OtherPayables>
	<tw-gaap-ci:AdvanceReceipts contextRef="AsOf20101231" decimals="-3" unitRef="TWD">38247000</tw-gaap-ci:AdvanceReceipts>
	<tw-gaap-ci:AdvanceReceipts contextRef="AsOf20091231" decimals="-3" unitRef="TWD">15401000</tw-gaap-ci:AdvanceReceipts>
	<tw-gaap-ci:OtherCurrentLiabilities contextRef="AsOf20101231" decimals="-3" unitRef="TWD">121000</tw-gaap-ci:OtherCurrentLiabilities>
	<tw-gaap-ci:OtherCurrentLiabilities contextRef="AsOf20091231" decimals="-3" unitRef="TWD">194000</tw-gaap-ci:OtherCurrentLiabilities>
	<tw-gaap-ci:CurrentLiabilities contextRef="AsOf20101231" decimals="-3" unitRef="TWD">54921000</tw-gaap-ci:CurrentLiabilities>
	<tw-gaap-ci:CurrentLiabilities contextRef="AsOf20091231" decimals="-3" unitRef="TWD">51400000</tw-gaap-ci:CurrentLiabilities>
	<tw-gaap-ci:GuaranteeDepositsReceived contextRef="AsOf20101231" decimals="-3" unitRef="TWD">2835000</tw-gaap-ci:GuaranteeDepositsReceived>
	<tw-gaap-ci:GuaranteeDepositsReceived contextRef="AsOf20091231" decimals="-3" unitRef="TWD">3140000</tw-gaap-ci:GuaranteeDepositsReceived>
	<tw-gaap-ci:DeferredCreditsGainsonInterAffiliateAccounts contextRef="AsOf20101231" decimals="-3" unitRef="TWD">2246000</tw-gaap-ci:DeferredCreditsGainsonInterAffiliateAccounts>
	<tw-gaap-ci:DeferredCreditsGainsonInterAffiliateAccounts contextRef="AsOf20091231" decimals="-3" unitRef="TWD">2954000</tw-gaap-ci:DeferredCreditsGainsonInterAffiliateAccounts>
	<tw-gaap-ci:OtherLiabilitiesOther contextRef="AsOf20101231" decimals="-3" unitRef="TWD">2246000</tw-gaap-ci:OtherLiabilitiesOther>
	<tw-gaap-ci:OtherLiabilitiesOther contextRef="AsOf20091231" decimals="-3" unitRef="TWD">2954000</tw-gaap-ci:OtherLiabilitiesOther>
	<tw-gaap-ci:OtherLiabilities contextRef="AsOf20101231" decimals="-3" unitRef="TWD">5081000</tw-gaap-ci:OtherLiabilities>
	<tw-gaap-ci:OtherLiabilities contextRef="AsOf20091231" decimals="-3" unitRef="TWD">6094000</tw-gaap-ci:OtherLiabilities>
	<tw-gaap-ci:Liabilities contextRef="AsOf20101231" decimals="-3" unitRef="TWD">60002000</tw-gaap-ci:Liabilities>
	<tw-gaap-ci:Liabilities contextRef="AsOf20091231" decimals="-3" unitRef="TWD">57494000</tw-gaap-ci:Liabilities>
	<tw-gaap-ci:CommonStock contextRef="AsOf20101231" decimals="-3" unitRef="TWD">400000000</tw-gaap-ci:CommonStock>
	<tw-gaap-ci:CommonStock contextRef="AsOf20091231" decimals="-3" unitRef="TWD">400000000</tw-gaap-ci:CommonStock>
	<tw-gaap-ci:Capital contextRef="AsOf20101231" decimals="-3" unitRef="TWD">400000000</tw-gaap-ci:Capital>
	<tw-gaap-ci:Capital contextRef="AsOf20091231" decimals="-3" unitRef="TWD">400000000</tw-gaap-ci:Capital>
	<tw-gaap-ci:LegalReserve contextRef="AsOf20101231" decimals="-3" unitRef="TWD">0</tw-gaap-ci:LegalReserve>
	<tw-gaap-ci:LegalReserve contextRef="AsOf20091231" decimals="-3" unitRef="TWD">0</tw-gaap-ci:LegalReserve>
	<tw-gaap-ci:SpecialReserve contextRef="AsOf20101231" decimals="-3" unitRef="TWD">0</tw-gaap-ci:SpecialReserve>
	<tw-gaap-ci:SpecialReserve contextRef="AsOf20091231" decimals="-3" unitRef="TWD">0</tw-gaap-ci:SpecialReserve>
	<tw-gaap-ci:AccumulatedProfitLoss contextRef="AsOf20101231" decimals="-3" unitRef="TWD">-118047000</tw-gaap-ci:AccumulatedProfitLoss>
	<tw-gaap-ci:AccumulatedProfitLoss contextRef="AsOf20091231" decimals="-3" unitRef="TWD">-114875000</tw-gaap-ci:AccumulatedProfitLoss>
	<tw-gaap-ci:UnappropriatedRetainedEarnings contextRef="AsOf20101231" decimals="-3" unitRef="TWD">-118047000</tw-gaap-ci:UnappropriatedRetainedEarnings>
	<tw-gaap-ci:UnappropriatedRetainedEarnings contextRef="AsOf20091231" decimals="-3" unitRef="TWD">-114875000</tw-gaap-ci:UnappropriatedRetainedEarnings>
	<tw-gaap-ci:RetainedEarnings contextRef="AsOf20101231" decimals="-3" unitRef="TWD">-118047000</tw-gaap-ci:RetainedEarnings>
	<tw-gaap-ci:RetainedEarnings contextRef="AsOf20091231" decimals="-3" unitRef="TWD">-114875000</tw-gaap-ci:RetainedEarnings>
	<tw-gaap-ci:CumulativeTranslationAdjustments contextRef="AsOf20101231" decimals="-3" unitRef="TWD">12644000</tw-gaap-ci:CumulativeTranslationAdjustments>
	<tw-gaap-ci:CumulativeTranslationAdjustments contextRef="AsOf20091231" decimals="-3" unitRef="TWD">27586000</tw-gaap-ci:CumulativeTranslationAdjustments>
	<tw-gaap-ci:StockholdersEquitiesAdjustments contextRef="AsOf20101231" decimals="-3" unitRef="TWD">12644000</tw-gaap-ci:StockholdersEquitiesAdjustments>
	<tw-gaap-ci:StockholdersEquitiesAdjustments contextRef="AsOf20091231" decimals="-3" unitRef="TWD">27586000</tw-gaap-ci:StockholdersEquitiesAdjustments>
	<tw-gaap-ci:StockholdersEquities contextRef="AsOf20101231" decimals="-3" unitRef="TWD">294597000</tw-gaap-ci:StockholdersEquities>
	<tw-gaap-ci:StockholdersEquities contextRef="AsOf20091231" decimals="-3" unitRef="TWD">312711000</tw-gaap-ci:StockholdersEquities>
	<tw-gaap-ci:EquivalentSharesOutstandingAdvanceReceiptsCommonStock contextRef="AsOf20101231" decimals="0" unitRef="Shares">0</tw-gaap-ci:EquivalentSharesOutstandingAdvanceReceiptsCommonStock>
	<tw-gaap-ci:EquivalentSharesOutstandingAdvanceReceiptsCommonStock contextRef="AsOf20091231" decimals="0" unitRef="Shares">0</tw-gaap-ci:EquivalentSharesOutstandingAdvanceReceiptsCommonStock>
	<tw-gaap-ci:NumberTreasuryStockAcquiredCompanySubsidiaries contextRef="AsOf20101231" decimals="0" unitRef="Shares">0</tw-gaap-ci:NumberTreasuryStockAcquiredCompanySubsidiaries>
	<tw-gaap-ci:NumberTreasuryStockAcquiredCompanySubsidiaries contextRef="AsOf20091231" decimals="0" unitRef="Shares">0</tw-gaap-ci:NumberTreasuryStockAcquiredCompanySubsidiaries>
	<tw-gaap-ci:NetSales contextRef="From20100101To20101231" decimals="-3" unitRef="TWD">160612000</tw-gaap-ci:NetSales>
	<tw-gaap-ci:NetSales contextRef="From20090101To20091231" decimals="-3" unitRef="TWD">70349000</tw-gaap-ci:NetSales>
	<tw-gaap-ci:OperatingRevenue contextRef="From20100101To20101231" decimals="-3" unitRef="TWD">160612000</tw-gaap-ci:OperatingRevenue>
	<tw-gaap-ci:OperatingRevenue contextRef="From20090101To20091231" decimals="-3" unitRef="TWD">70349000</tw-gaap-ci:OperatingRevenue>
	<tw-gaap-ci:CostSales contextRef="From20100101To20101231" decimals="-3" unitRef="TWD">131908000</tw-gaap-ci:CostSales>
	<tw-gaap-ci:CostSales contextRef="From20090101To20091231" decimals="-3" unitRef="TWD">46670000</tw-gaap-ci:CostSales>
	<tw-gaap-ci:OperatingCosts contextRef="From20100101To20101231" decimals="-3" unitRef="TWD">131908000</tw-gaap-ci:OperatingCosts>
	<tw-gaap-ci:OperatingCosts contextRef="From20090101To20091231" decimals="-3" unitRef="TWD">46670000</tw-gaap-ci:OperatingCosts>
	<tw-gaap-ci:GrossProfitLossOperations contextRef="From20100101To20101231" decimals="-3" unitRef="TWD">28704000</tw-gaap-ci:GrossProfitLossOperations>
	<tw-gaap-ci:GrossProfitLossOperations contextRef="From20090101To20091231" decimals="-3" unitRef="TWD">23679000</tw-gaap-ci:GrossProfitLossOperations>
	<tw-gaap-ci:Sellingexpense contextRef="From20100101To20101231" decimals="-3" unitRef="TWD">4966000</tw-gaap-ci:Sellingexpense>
	<tw-gaap-ci:Sellingexpense contextRef="From20090101To20091231" decimals="-3" unitRef="TWD">5628000</tw-gaap-ci:Sellingexpense>
	<tw-gaap-ci:GeneralAdministrativeExpenses contextRef="From20100101To20101231" decimals="-3" unitRef="TWD">15900000</tw-gaap-ci:GeneralAdministrativeExpenses>
	<tw-gaap-ci:GeneralAdministrativeExpenses contextRef="From20090101To20091231" decimals="-3" unitRef="TWD">9579000</tw-gaap-ci:GeneralAdministrativeExpenses>
	<tw-gaap-ci:ResearchDevelopmentExpenses contextRef="From20100101To20101231" decimals="-3" unitRef="TWD">6502000</tw-gaap-ci:ResearchDevelopmentExpenses>
	<tw-gaap-ci:ResearchDevelopmentExpenses contextRef="From20090101To20091231" decimals="-3" unitRef="TWD">5304000</tw-gaap-ci:ResearchDevelopmentExpenses>
	<tw-gaap-ci:OperatingExpenses contextRef="From20100101To20101231" decimals="-3" unitRef="TWD">27368000</tw-gaap-ci:OperatingExpenses>
	<tw-gaap-ci:OperatingExpenses contextRef="From20090101To20091231" decimals="-3" unitRef="TWD">20511000</tw-gaap-ci:OperatingExpenses>
	<tw-gaap-ci:OperatingIncomeLoss contextRef="From20100101To20101231" decimals="-3" unitRef="TWD">1336000</tw-gaap-ci:OperatingIncomeLoss>
	<tw-gaap-ci:OperatingIncomeLoss contextRef="From20090101To20091231" decimals="-3" unitRef="TWD">3168000</tw-gaap-ci:OperatingIncomeLoss>
	<tw-gaap-ci:InterestIncome contextRef="From20100101To20101231" decimals="-3" unitRef="TWD">7000</tw-gaap-ci:InterestIncome>
	<tw-gaap-ci:InterestIncome contextRef="From20090101To20091231" decimals="-3" unitRef="TWD">9000</tw-gaap-ci:InterestIncome>
	<tw-gaap-ci:GainsDisposalFixedAssets contextRef="From20100101To20101231" decimals="-3" unitRef="TWD">708000</tw-gaap-ci:GainsDisposalFixedAssets>
	<tw-gaap-ci:GainsDisposalFixedAssets contextRef="From20090101To20091231" decimals="-3" unitRef="TWD">708000</tw-gaap-ci:GainsDisposalFixedAssets>
	<tw-gaap-ci:ForeignExchangeGains contextRef="From20100101To20101231" decimals="-3" unitRef="TWD">465000</tw-gaap-ci:ForeignExchangeGains>
	<tw-gaap-ci:ForeignExchangeGains contextRef="From20090101To20091231" decimals="-3" unitRef="TWD">0</tw-gaap-ci:ForeignExchangeGains>
	<tw-gaap-ci:MiscellaneousIncome contextRef="From20100101To20101231" decimals="-3" unitRef="TWD">592000</tw-gaap-ci:MiscellaneousIncome>
	<tw-gaap-ci:MiscellaneousIncome contextRef="From20090101To20091231" decimals="-3" unitRef="TWD">706000</tw-gaap-ci:MiscellaneousIncome>
	<tw-gaap-ci:NonOperatingIncomeGains contextRef="From20100101To20101231" decimals="-3" unitRef="TWD">1772000</tw-gaap-ci:NonOperatingIncomeGains>
	<tw-gaap-ci:NonOperatingIncomeGains contextRef="From20090101To20091231" decimals="-3" unitRef="TWD">1423000</tw-gaap-ci:NonOperatingIncomeGains>
	<tw-gaap-ci:InterestExpense contextRef="From20100101To20101231" decimals="-3" unitRef="TWD">408000</tw-gaap-ci:InterestExpense>
	<tw-gaap-ci:InterestExpense contextRef="From20090101To20091231" decimals="-3" unitRef="TWD">506000</tw-gaap-ci:InterestExpense>
	<tw-gaap-ci:NonOperatingExpensesInvestmentLossRecognizedEquityMethod contextRef="From20100101To20101231" decimals="-3" unitRef="TWD">5694000</tw-gaap-ci:NonOperatingExpensesInvestmentLossRecognizedEquityMethod>
	<tw-gaap-ci:NonOperatingExpensesInvestmentLossRecognizedEquityMethod contextRef="From20090101To20091231" decimals="-3" unitRef="TWD">57184000</tw-gaap-ci:NonOperatingExpensesInvestmentLossRecognizedEquityMethod>
	<tw-gaap-ci:NonOperatingExpensesInvestmentLoss contextRef="From20100101To20101231" decimals="-3" unitRef="TWD">5694000</tw-gaap-ci:NonOperatingExpensesInvestmentLoss>
	<tw-gaap-ci:NonOperatingExpensesInvestmentLoss contextRef="From20090101To20091231" decimals="-3" unitRef="TWD">57184000</tw-gaap-ci:NonOperatingExpensesInvestmentLoss>
	<tw-gaap-ci:ForeignExchangeLosses contextRef="From20100101To20101231" decimals="-3" unitRef="TWD">0</tw-gaap-ci:ForeignExchangeLosses>
	<tw-gaap-ci:ForeignExchangeLosses contextRef="From20090101To20091231" decimals="-3" unitRef="TWD">197000</tw-gaap-ci:ForeignExchangeLosses>
	<tw-gaap-ci:RevaluationLossFinancialAssets contextRef="From20100101To20101231" decimals="-3" unitRef="TWD">0</tw-gaap-ci:RevaluationLossFinancialAssets>
	<tw-gaap-ci:RevaluationLossFinancialAssets contextRef="From20090101To20091231" decimals="-3" unitRef="TWD">5725000</tw-gaap-ci:RevaluationLossFinancialAssets>
	<tw-gaap-ci:MiscellaneousDisbursements contextRef="From20100101To20101231" decimals="-3" unitRef="TWD">178000</tw-gaap-ci:MiscellaneousDisbursements>
	<tw-gaap-ci:MiscellaneousDisbursements contextRef="From20090101To20091231" decimals="-3" unitRef="TWD">772000</tw-gaap-ci:MiscellaneousDisbursements>
	<tw-gaap-ci:NonOperatingExpenses contextRef="From20100101To20101231" decimals="-3" unitRef="TWD">6280000</tw-gaap-ci:NonOperatingExpenses>
	<tw-gaap-ci:NonOperatingExpenses contextRef="From20090101To20091231" decimals="-3" unitRef="TWD">64384000</tw-gaap-ci:NonOperatingExpenses>
	<tw-gaap-ci:IncomeContinuingOperationsBeforeIncomeTax contextRef="From20100101To20101231" decimals="-3" unitRef="TWD">-3172000</tw-gaap-ci:IncomeContinuingOperationsBeforeIncomeTax>
	<tw-gaap-ci:IncomeContinuingOperationsBeforeIncomeTax contextRef="From20090101To20091231" decimals="-3" unitRef="TWD">-59793000</tw-gaap-ci:IncomeContinuingOperationsBeforeIncomeTax>
	<tw-gaap-ci:IncomeTaxExpenseBenefit contextRef="From20100101To20101231" decimals="-3" unitRef="TWD">0</tw-gaap-ci:IncomeTaxExpenseBenefit>
	<tw-gaap-ci:IncomeTaxExpenseBenefit contextRef="From20090101To20091231" decimals="-3" unitRef="TWD">7474000</tw-gaap-ci:IncomeTaxExpenseBenefit>
	<tw-gaap-ci:IncomeContinuingOperations contextRef="From20100101To20101231" decimals="-3" unitRef="TWD">-3172000</tw-gaap-ci:IncomeContinuingOperations>
	<tw-gaap-ci:IncomeContinuingOperations contextRef="From20090101To20091231" decimals="-3" unitRef="TWD">-67267000</tw-gaap-ci:IncomeContinuingOperations>
	<tw-gaap-ci:NetIncomeLoss contextRef="From20100101To20101231" decimals="-3" unitRef="TWD">-3172000</tw-gaap-ci:NetIncomeLoss>
	<tw-gaap-ci:NetIncomeLoss contextRef="From20090101To20091231" decimals="-3" unitRef="TWD">-67267000</tw-gaap-ci:NetIncomeLoss>
	<tw-gaap-ci:PrimaryEarningsPerShare contextRef="From20100101To20101231" decimals="2" unitRef="TWD">-0.11</tw-gaap-ci:PrimaryEarningsPerShare>
	<tw-gaap-ci:PrimaryEarningsPerShare contextRef="From20090101To20091231" decimals="2" unitRef="TWD">-2.24</tw-gaap-ci:PrimaryEarningsPerShare>
	<tw-gaap-ci:NetIncomeLoss_StatementCashFlows contextRef="From20100101To20101231" decimals="-3" unitRef="TWD">-3172000</tw-gaap-ci:NetIncomeLoss_StatementCashFlows>
	<tw-gaap-ci:NetIncomeLoss_StatementCashFlows contextRef="From20090101To20091231" decimals="-3" unitRef="TWD">-67267000</tw-gaap-ci:NetIncomeLoss_StatementCashFlows>
	<tw-gaap-ci:DepreciationExpense-Operating contextRef="From20100101To20101231" decimals="-3" unitRef="TWD">5590000</tw-gaap-ci:DepreciationExpense-Operating>
	<tw-gaap-ci:DepreciationExpense-Operating contextRef="From20090101To20091231" decimals="-3" unitRef="TWD">3930000</tw-gaap-ci:DepreciationExpense-Operating>
	<tw-gaap-ci:AmortizationExpense-Operating contextRef="From20100101To20101231" decimals="-3" unitRef="TWD">26000</tw-gaap-ci:AmortizationExpense-Operating>
	<tw-gaap-ci:AmortizationExpense-Operating contextRef="From20090101To20091231" decimals="-3" unitRef="TWD">500000</tw-gaap-ci:AmortizationExpense-Operating>
	<tw-gaap-ci:ProvisionTransferRevenueBadDebtsLosses contextRef="From20100101To20101231" decimals="-3" unitRef="TWD">460000</tw-gaap-ci:ProvisionTransferRevenueBadDebtsLosses>
	<tw-gaap-ci:ProvisionTransferRevenueBadDebtsLosses contextRef="From20090101To20091231" decimals="-3" unitRef="TWD">25000</tw-gaap-ci:ProvisionTransferRevenueBadDebtsLosses>
	<tw-gaap-ci:GainLossInventoryValuationObsolescenceRecoverie contextRef="From20100101To20101231" decimals="-3" unitRef="TWD">2334000</tw-gaap-ci:GainLossInventoryValuationObsolescenceRecoverie>
	<tw-gaap-ci:GainLossInventoryValuationObsolescenceRecoverie contextRef="From20090101To20091231" decimals="-3" unitRef="TWD">-250000</tw-gaap-ci:GainLossInventoryValuationObsolescenceRecoverie>
	<tw-gaap-ci:InvestmentLossIncomeRecognizedEquityMethod contextRef="From20100101To20101231" decimals="-3" unitRef="TWD">5694000</tw-gaap-ci:InvestmentLossIncomeRecognizedEquityMethod>
	<tw-gaap-ci:InvestmentLossIncomeRecognizedEquityMethod contextRef="From20090101To20091231" decimals="-3" unitRef="TWD">57184000</tw-gaap-ci:InvestmentLossIncomeRecognizedEquityMethod>
	<tw-gaap-ci:ImpairmentLossesFinancialAsset contextRef="From20100101To20101231" decimals="-3" unitRef="TWD">0</tw-gaap-ci:ImpairmentLossesFinancialAsset>
	<tw-gaap-ci:ImpairmentLossesFinancialAsset contextRef="From20090101To20091231" decimals="-3" unitRef="TWD">5725000</tw-gaap-ci:ImpairmentLossesFinancialAsset>
	<tw-gaap-ci:LossGainDeferredIncomeTax contextRef="From20100101To20101231" decimals="-3" unitRef="TWD">0</tw-gaap-ci:LossGainDeferredIncomeTax>
	<tw-gaap-ci:LossGainDeferredIncomeTax contextRef="From20090101To20091231" decimals="-3" unitRef="TWD">7474000</tw-gaap-ci:LossGainDeferredIncomeTax>
	<tw-gaap-ci:AdjustmentsReconcileNetIncomeNetCashProvidedUsedOperatingActivities contextRef="From20100101To20101231" decimals="-3" unitRef="TWD">14104000</tw-gaap-ci:AdjustmentsReconcileNetIncomeNetCashProvidedUsedOperatingActivities>
	<tw-gaap-ci:AdjustmentsReconcileNetIncomeNetCashProvidedUsedOperatingActivities contextRef="From20090101To20091231" decimals="-3" unitRef="TWD">74588000</tw-gaap-ci:AdjustmentsReconcileNetIncomeNetCashProvidedUsedOperatingActivities>
	<tw-gaap-ci:ChangesAccountsReceivable contextRef="From20100101To20101231" decimals="-3" unitRef="TWD">-1522000</tw-gaap-ci:ChangesAccountsReceivable>
	<tw-gaap-ci:ChangesAccountsReceivable contextRef="From20090101To20091231" decimals="-3" unitRef="TWD">-2020000</tw-gaap-ci:ChangesAccountsReceivable>
	<tw-gaap-ci:ChangesOtherReceivables contextRef="From20100101To20101231" decimals="-3" unitRef="TWD">-1910000</tw-gaap-ci:ChangesOtherReceivables>
	<tw-gaap-ci:ChangesOtherReceivables contextRef="From20090101To20091231" decimals="-3" unitRef="TWD">0</tw-gaap-ci:ChangesOtherReceivables>
	<tw-gaap-ci:ChangesInventories contextRef="From20100101To20101231" decimals="-3" unitRef="TWD">11251000</tw-gaap-ci:ChangesInventories>
	<tw-gaap-ci:ChangesInventories contextRef="From20090101To20091231" decimals="-3" unitRef="TWD">38000</tw-gaap-ci:ChangesInventories>
	<tw-gaap-ci:ChangesOtherPrepayments contextRef="From20100101To20101231" decimals="-3" unitRef="TWD">1115000</tw-gaap-ci:ChangesOtherPrepayments>
	<tw-gaap-ci:ChangesOtherPrepayments contextRef="From20090101To20091231" decimals="-3" unitRef="TWD">-1364000</tw-gaap-ci:ChangesOtherPrepayments>
	<tw-gaap-ci:ChangesOperatingAssets contextRef="From20100101To20101231" decimals="-3" unitRef="TWD">8934000</tw-gaap-ci:ChangesOperatingAssets>
	<tw-gaap-ci:ChangesOperatingAssets contextRef="From20090101To20091231" decimals="-3" unitRef="TWD">-3346000</tw-gaap-ci:ChangesOperatingAssets>
	<tw-gaap-ci:ChangesAccountsPayable contextRef="From20100101To20101231" decimals="-3" unitRef="TWD">743000</tw-gaap-ci:ChangesAccountsPayable>
	<tw-gaap-ci:ChangesAccountsPayable contextRef="From20090101To20091231" decimals="-3" unitRef="TWD">-5207000</tw-gaap-ci:ChangesAccountsPayable>
	<tw-gaap-ci:ChangesAccruedExpenses contextRef="From20100101To20101231" decimals="-3" unitRef="TWD">182000</tw-gaap-ci:ChangesAccruedExpenses>
	<tw-gaap-ci:ChangesAccruedExpenses contextRef="From20090101To20091231" decimals="-3" unitRef="TWD">-1518000</tw-gaap-ci:ChangesAccruedExpenses>
	<tw-gaap-ci:ChangesOtherPayables contextRef="From20100101To20101231" decimals="-3" unitRef="TWD">-8127000</tw-gaap-ci:ChangesOtherPayables>
	<tw-gaap-ci:ChangesOtherPayables contextRef="From20090101To20091231" decimals="-3" unitRef="TWD">9532000</tw-gaap-ci:ChangesOtherPayables>
	<tw-gaap-ci:ChangesReceiptsAdvance contextRef="From20100101To20101231" decimals="-3" unitRef="TWD">22846000</tw-gaap-ci:ChangesReceiptsAdvance>
	<tw-gaap-ci:ChangesReceiptsAdvance contextRef="From20090101To20091231" decimals="-3" unitRef="TWD">6097000</tw-gaap-ci:ChangesReceiptsAdvance>
	<tw-gaap-ci:ChangesOtherCurrentLiabilities_CI contextRef="From20100101To20101231" decimals="-3" unitRef="TWD">-73000</tw-gaap-ci:ChangesOtherCurrentLiabilities_CI>
	<tw-gaap-ci:ChangesOtherCurrentLiabilities_CI contextRef="From20090101To20091231" decimals="-3" unitRef="TWD">71000</tw-gaap-ci:ChangesOtherCurrentLiabilities_CI>
	<tw-gaap-ci:ChangesDeferredCredits contextRef="From20100101To20101231" decimals="-3" unitRef="TWD">-708000</tw-gaap-ci:ChangesDeferredCredits>
	<tw-gaap-ci:ChangesDeferredCredits contextRef="From20090101To20091231" decimals="-3" unitRef="TWD">-708000</tw-gaap-ci:ChangesDeferredCredits>
	<tw-gaap-ci:ChangesOperatingLiabilities contextRef="From20100101To20101231" decimals="-3" unitRef="TWD">14863000</tw-gaap-ci:ChangesOperatingLiabilities>
	<tw-gaap-ci:ChangesOperatingLiabilities contextRef="From20090101To20091231" decimals="-3" unitRef="TWD">8267000</tw-gaap-ci:ChangesOperatingLiabilities>
	<tw-gaap-ci:ChangesOperatingAssetsLiabilities contextRef="From20100101To20101231" decimals="-3" unitRef="TWD">23797000</tw-gaap-ci:ChangesOperatingAssetsLiabilities>
	<tw-gaap-ci:ChangesOperatingAssetsLiabilities contextRef="From20090101To20091231" decimals="-3" unitRef="TWD">4921000</tw-gaap-ci:ChangesOperatingAssetsLiabilities>
	<tw-gaap-ci:NetCashProvidedUsedOperatingActivities contextRef="From20100101To20101231" decimals="-3" unitRef="TWD">34729000</tw-gaap-ci:NetCashProvidedUsedOperatingActivities>
	<tw-gaap-ci:NetCashProvidedUsedOperatingActivities contextRef="From20090101To20091231" decimals="-3" unitRef="TWD">12242000</tw-gaap-ci:NetCashProvidedUsedOperatingActivities>
	<tw-gaap-ci:AcquisitionPropertyPlantEquipment contextRef="From20100101To20101231" decimals="-3" unitRef="TWD">-14770000</tw-gaap-ci:AcquisitionPropertyPlantEquipment>
	<tw-gaap-ci:AcquisitionPropertyPlantEquipment contextRef="From20090101To20091231" decimals="-3" unitRef="TWD">-38000</tw-gaap-ci:AcquisitionPropertyPlantEquipment>
	<tw-gaap-ci:ChangesRefundableDeposits contextRef="From20100101To20101231" decimals="-3" unitRef="TWD">-503000</tw-gaap-ci:ChangesRefundableDeposits>
	<tw-gaap-ci:ChangesRefundableDeposits contextRef="From20090101To20091231" decimals="-3" unitRef="TWD">0</tw-gaap-ci:ChangesRefundableDeposits>
	<tw-gaap-ci:IncreaseDeferredCharges contextRef="From20100101To20101231" decimals="-3" unitRef="TWD">-135000</tw-gaap-ci:IncreaseDeferredCharges>
	<tw-gaap-ci:IncreaseDeferredCharges contextRef="From20090101To20091231" decimals="-3" unitRef="TWD">0</tw-gaap-ci:IncreaseDeferredCharges>
	<tw-gaap-ci:ChangesOtherReceivablesRelatedParties contextRef="From20100101To20101231" decimals="-3" unitRef="TWD">-5276000</tw-gaap-ci:ChangesOtherReceivablesRelatedParties>
	<tw-gaap-ci:ChangesOtherReceivablesRelatedParties contextRef="From20090101To20091231" decimals="-3" unitRef="TWD">-19498000</tw-gaap-ci:ChangesOtherReceivablesRelatedParties>
	<tw-gaap-ci:ChangesOtherFinancialAssets contextRef="From20100101To20101231" decimals="-3" unitRef="TWD">0</tw-gaap-ci:ChangesOtherFinancialAssets>
	<tw-gaap-ci:ChangesOtherFinancialAssets contextRef="From20090101To20091231" decimals="-3" unitRef="TWD">1019000</tw-gaap-ci:ChangesOtherFinancialAssets>
	<tw-gaap-ci:NetCashProvidedUsedInvestingActivities contextRef="From20100101To20101231" decimals="-3" unitRef="TWD">-20684000</tw-gaap-ci:NetCashProvidedUsedInvestingActivities>
	<tw-gaap-ci:NetCashProvidedUsedInvestingActivities contextRef="From20090101To20091231" decimals="-3" unitRef="TWD">-18517000</tw-gaap-ci:NetCashProvidedUsedInvestingActivities>
	<tw-gaap-ci:ChangesShortTermLoans contextRef="From20100101To20101231" decimals="-3" unitRef="TWD">-12050000</tw-gaap-ci:ChangesShortTermLoans>
	<tw-gaap-ci:ChangesShortTermLoans contextRef="From20090101To20091231" decimals="-3" unitRef="TWD">-4032000</tw-gaap-ci:ChangesShortTermLoans>
	<tw-gaap-ci:ChangesGuaranteeDepositsReceived contextRef="From20100101To20101231" decimals="-3" unitRef="TWD">-305000</tw-gaap-ci:ChangesGuaranteeDepositsReceived>
	<tw-gaap-ci:ChangesGuaranteeDepositsReceived contextRef="From20090101To20091231" decimals="-3" unitRef="TWD">394000</tw-gaap-ci:ChangesGuaranteeDepositsReceived>
	<tw-gaap-ci:NetCashProvidedUsedFinancingActivities contextRef="From20100101To20101231" decimals="-3" unitRef="TWD">-12355000</tw-gaap-ci:NetCashProvidedUsedFinancingActivities>
	<tw-gaap-ci:NetCashProvidedUsedFinancingActivities contextRef="From20090101To20091231" decimals="-3" unitRef="TWD">-3638000</tw-gaap-ci:NetCashProvidedUsedFinancingActivities>
	<tw-gaap-ci:NetChangesCashCashEquivalents contextRef="From20100101To20101231" decimals="-3" unitRef="TWD">1690000</tw-gaap-ci:NetChangesCashCashEquivalents>
	<tw-gaap-ci:NetChangesCashCashEquivalents contextRef="From20090101To20091231" decimals="-3" unitRef="TWD">-9913000</tw-gaap-ci:NetChangesCashCashEquivalents>
	<tw-gaap-ci:CashCashEquivalents contextRef="AsOf20100101" decimals="-3" unitRef="TWD">3069000</tw-gaap-ci:CashCashEquivalents>
	<tw-gaap-ci:CashCashEquivalents contextRef="AsOf20090101" decimals="-3" unitRef="TWD">12982000</tw-gaap-ci:CashCashEquivalents>
	<tw-gaap-ci:InterestPaid contextRef="From20100101To20101231" decimals="-3" unitRef="TWD">423000</tw-gaap-ci:InterestPaid>
	<tw-gaap-ci:InterestPaid contextRef="From20090101To20091231" decimals="-3" unitRef="TWD">539000</tw-gaap-ci:InterestPaid>
	<tw-gaap-ci:InterestPaidExcludingCapitalizedInterest contextRef="From20100101To20101231" decimals="-3" unitRef="TWD">423000</tw-gaap-ci:InterestPaidExcludingCapitalizedInterest>
	<tw-gaap-ci:InterestPaidExcludingCapitalizedInterest contextRef="From20090101To20091231" decimals="-3" unitRef="TWD">539000</tw-gaap-ci:InterestPaidExcludingCapitalizedInterest>
	<tw-gaap-ci:FixedAssetsTransferredInventories contextRef="From20100101To20101231" decimals="-3" unitRef="TWD">38813000</tw-gaap-ci:FixedAssetsTransferredInventories>
	<tw-gaap-ci:FixedAssetsTransferredInventories contextRef="From20090101To20091231" decimals="-3" unitRef="TWD">0</tw-gaap-ci:FixedAssetsTransferredInventories>
	<tw-gaap-ci:RentalAssetsTransferredFixedAssets contextRef="From20100101To20101231" decimals="-3" unitRef="TWD">0</tw-gaap-ci:RentalAssetsTransferredFixedAssets>
	<tw-gaap-ci:RentalAssetsTransferredFixedAssets contextRef="From20090101To20091231" decimals="-3" unitRef="TWD">221549000</tw-gaap-ci:RentalAssetsTransferredFixedAssets>
	<tw-gaap-ci:Other contextRef="From20100101To20101231" decimals="-3" unitRef="TWD">0</tw-gaap-ci:Other>
	<tw-gaap-ci:Other contextRef="From20090101To20091231" decimals="-3" unitRef="TWD">115000</tw-gaap-ci:Other>
	<tw-gaap-ci:BeginningBalanceMember contextRef="AsOf20101231_CommonStockValueMember" decimals="-3" unitRef="TWD">400000000</tw-gaap-ci:BeginningBalanceMember>
	<tw-gaap-ci:BeginningBalanceMember contextRef="AsOf20101231_CapitalStockMember" decimals="-3" unitRef="TWD">400000000</tw-gaap-ci:BeginningBalanceMember>
	<tw-gaap-ci:BeginningBalanceMember contextRef="AsOf20101231_UnappropriatedRetainedEarningsMember" decimals="-3" unitRef="TWD">-114875000</tw-gaap-ci:BeginningBalanceMember>
	<tw-gaap-ci:BeginningBalanceMember contextRef="AsOf20101231_RetainedEarningsMember" decimals="-3" unitRef="TWD">-114875000</tw-gaap-ci:BeginningBalanceMember>
	<tw-gaap-ci:BeginningBalanceMember contextRef="AsOf20101231_CumulativeTranslationAdjustmentsMember" decimals="-3" unitRef="TWD">27586000</tw-gaap-ci:BeginningBalanceMember>
	<tw-gaap-ci:BeginningBalanceMember contextRef="AsOf20101231_StockholdersEquitiesAdjustmentsMember" decimals="-3" unitRef="TWD">27586000</tw-gaap-ci:BeginningBalanceMember>
	<tw-gaap-ci:BeginningBalanceMember contextRef="AsOf20101231_TotalStockholdersEquitiesMember" decimals="-3" unitRef="TWD">312711000</tw-gaap-ci:BeginningBalanceMember>
	<tw-gaap-ci:NetIncomeLossMember contextRef="From20100101To20101231_UnappropriatedRetainedEarningsMember" decimals="-3" unitRef="TWD">-3172000</tw-gaap-ci:NetIncomeLossMember>
	<tw-gaap-ci:NetIncomeLossMember contextRef="From20100101To20101231_RetainedEarningsMember" decimals="-3" unitRef="TWD">-3172000</tw-gaap-ci:NetIncomeLossMember>
	<tw-gaap-ci:NetIncomeLossMember contextRef="From20100101To20101231_TotalStockholdersEquitiesMember" decimals="-3" unitRef="TWD">-3172000</tw-gaap-ci:NetIncomeLossMember>
	<tw-gaap-ci:ChangesForeignExchangeGainLossTranslationForeignCurrencyFinancialStatementsMember contextRef="From20100101To20101231_CumulativeTranslationAdjustmentsMember" decimals="-3" unitRef="TWD">-14942000</tw-gaap-ci:ChangesForeignExchangeGainLossTranslationForeignCurrencyFinancialStatementsMember>
	<tw-gaap-ci:ChangesForeignExchangeGainLossTranslationForeignCurrencyFinancialStatementsMember contextRef="From20100101To20101231_StockholdersEquitiesAdjustmentsMember" decimals="-3" unitRef="TWD">-14942000</tw-gaap-ci:ChangesForeignExchangeGainLossTranslationForeignCurrencyFinancialStatementsMember>
	<tw-gaap-ci:ChangesForeignExchangeGainLossTranslationForeignCurrencyFinancialStatementsMember contextRef="From20100101To20101231_TotalStockholdersEquitiesMember" decimals="-3" unitRef="TWD">-14942000</tw-gaap-ci:ChangesForeignExchangeGainLossTranslationForeignCurrencyFinancialStatementsMember>
	<tw-gaap-ci:ChangesMember contextRef="From20100101To20101231_CommonStockValueMember" decimals="-3" unitRef="TWD">0</tw-gaap-ci:ChangesMember>
	<tw-gaap-ci:ChangesMember contextRef="From20100101To20101231_CapitalStockMember" decimals="-3" unitRef="TWD">0</tw-gaap-ci:ChangesMember>
	<tw-gaap-ci:ChangesMember contextRef="From20100101To20101231_UnappropriatedRetainedEarningsMember" decimals="-3" unitRef="TWD">-3172000</tw-gaap-ci:ChangesMember>
	<tw-gaap-ci:ChangesMember contextRef="From20100101To20101231_RetainedEarningsMember" decimals="-3" unitRef="TWD">-3172000</tw-gaap-ci:ChangesMember>
	<tw-gaap-ci:ChangesMember contextRef="From20100101To20101231_CumulativeTranslationAdjustmentsMember" decimals="-3" unitRef="TWD">-14942000</tw-gaap-ci:ChangesMember>
	<tw-gaap-ci:ChangesMember contextRef="From20100101To20101231_StockholdersEquitiesAdjustmentsMember" decimals="-3" unitRef="TWD">-14942000</tw-gaap-ci:ChangesMember>
	<tw-gaap-ci:ChangesMember contextRef="From20100101To20101231_TotalStockholdersEquitiesMember" decimals="-3" unitRef="TWD">-18114000</tw-gaap-ci:ChangesMember>
	<tw-gaap-ci:EndYear contextRef="AsOf20101231_CommonStockValueMember" decimals="-3" unitRef="TWD">400000000</tw-gaap-ci:EndYear>
	<tw-gaap-ci:EndYear contextRef="AsOf20101231_CapitalStockMember" decimals="-3" unitRef="TWD">400000000</tw-gaap-ci:EndYear>
	<tw-gaap-ci:EndYear contextRef="AsOf20101231_UnappropriatedRetainedEarningsMember" decimals="-3" unitRef="TWD">-118047000</tw-gaap-ci:EndYear>
	<tw-gaap-ci:EndYear contextRef="AsOf20101231_RetainedEarningsMember" decimals="-3" unitRef="TWD">-118047000</tw-gaap-ci:EndYear>
	<tw-gaap-ci:EndYear contextRef="AsOf20101231_CumulativeTranslationAdjustmentsMember" decimals="-3" unitRef="TWD">12644000</tw-gaap-ci:EndYear>
	<tw-gaap-ci:EndYear contextRef="AsOf20101231_StockholdersEquitiesAdjustmentsMember" decimals="-3" unitRef="TWD">12644000</tw-gaap-ci:EndYear>
	<tw-gaap-ci:EndYear contextRef="AsOf20101231_TotalStockholdersEquitiesMember" decimals="-3" unitRef="TWD">294597000</tw-gaap-ci:EndYear>
	<tw-gaap-ci:BeginningBalanceMember contextRef="AsOf20091231_CommonStockValueMember" decimals="-3" unitRef="TWD">400000000</tw-gaap-ci:BeginningBalanceMember>
	<tw-gaap-ci:BeginningBalanceMember contextRef="AsOf20091231_CapitalStockMember" decimals="-3" unitRef="TWD">400000000</tw-gaap-ci:BeginningBalanceMember>
	<tw-gaap-ci:BeginningBalanceMember contextRef="AsOf20091231_UnappropriatedRetainedEarningsMember" decimals="-3" unitRef="TWD">-47608000</tw-gaap-ci:BeginningBalanceMember>
	<tw-gaap-ci:BeginningBalanceMember contextRef="AsOf20091231_RetainedEarningsMember" decimals="-3" unitRef="TWD">-47608000</tw-gaap-ci:BeginningBalanceMember>
	<tw-gaap-ci:BeginningBalanceMember contextRef="AsOf20091231_CumulativeTranslationAdjustmentsMember" decimals="-3" unitRef="TWD">37214000</tw-gaap-ci:BeginningBalanceMember>
	<tw-gaap-ci:BeginningBalanceMember contextRef="AsOf20091231_UnrealizedGainLossesFinancialInstrumentMember" decimals="-3" unitRef="TWD">-5815000</tw-gaap-ci:BeginningBalanceMember>
	<tw-gaap-ci:BeginningBalanceMember contextRef="AsOf20091231_StockholdersEquitiesAdjustmentsMember" decimals="-3" unitRef="TWD">31399000</tw-gaap-ci:BeginningBalanceMember>
	<tw-gaap-ci:BeginningBalanceMember contextRef="AsOf20091231_TotalStockholdersEquitiesMember" decimals="-3" unitRef="TWD">383791000</tw-gaap-ci:BeginningBalanceMember>
	<tw-gaap-ci:NetIncomeLossMember contextRef="From20090101To20091231_UnappropriatedRetainedEarningsMember" decimals="-3" unitRef="TWD">-67267000</tw-gaap-ci:NetIncomeLossMember>
	<tw-gaap-ci:NetIncomeLossMember contextRef="From20090101To20091231_RetainedEarningsMember" decimals="-3" unitRef="TWD">-67267000</tw-gaap-ci:NetIncomeLossMember>
	<tw-gaap-ci:NetIncomeLossMember contextRef="From20090101To20091231_TotalStockholdersEquitiesMember" decimals="-3" unitRef="TWD">-67267000</tw-gaap-ci:NetIncomeLossMember>
	<tw-gaap-ci:ChangesUnrealizedGainLossesAvailableSaleFinancialAssetsMember contextRef="From20090101To20091231_UnrealizedGainLossesFinancialInstrumentMember" decimals="-3" unitRef="TWD">5815000</tw-gaap-ci:ChangesUnrealizedGainLossesAvailableSaleFinancialAssetsMember>
	<tw-gaap-ci:ChangesUnrealizedGainLossesAvailableSaleFinancialAssetsMember contextRef="From20090101To20091231_StockholdersEquitiesAdjustmentsMember" decimals="-3" unitRef="TWD">5815000</tw-gaap-ci:ChangesUnrealizedGainLossesAvailableSaleFinancialAssetsMember>
	<tw-gaap-ci:ChangesUnrealizedGainLossesAvailableSaleFinancialAssetsMember contextRef="From20090101To20091231_TotalStockholdersEquitiesMember" decimals="-3" unitRef="TWD">5815000</tw-gaap-ci:ChangesUnrealizedGainLossesAvailableSaleFinancialAssetsMember>
	<tw-gaap-ci:ChangesForeignExchangeGainLossTranslationForeignCurrencyFinancialStatementsMember contextRef="From20090101To20091231_CumulativeTranslationAdjustmentsMember" decimals="-3" unitRef="TWD">-9628000</tw-gaap-ci:ChangesForeignExchangeGainLossTranslationForeignCurrencyFinancialStatementsMember>
	<tw-gaap-ci:ChangesForeignExchangeGainLossTranslationForeignCurrencyFinancialStatementsMember contextRef="From20090101To20091231_StockholdersEquitiesAdjustmentsMember" decimals="-3" unitRef="TWD">-9628000</tw-gaap-ci:ChangesForeignExchangeGainLossTranslationForeignCurrencyFinancialStatementsMember>
	<tw-gaap-ci:ChangesForeignExchangeGainLossTranslationForeignCurrencyFinancialStatementsMember contextRef="From20090101To20091231_TotalStockholdersEquitiesMember" decimals="-3" unitRef="TWD">-9628000</tw-gaap-ci:ChangesForeignExchangeGainLossTranslationForeignCurrencyFinancialStatementsMember>
	<tw-gaap-ci:ChangesMember contextRef="From20090101To20091231_CommonStockValueMember" decimals="-3" unitRef="TWD">0</tw-gaap-ci:ChangesMember>
	<tw-gaap-ci:ChangesMember contextRef="From20090101To20091231_CapitalStockMember" decimals="-3" unitRef="TWD">0</tw-gaap-ci:ChangesMember>
	<tw-gaap-ci:ChangesMember contextRef="From20090101To20091231_UnappropriatedRetainedEarningsMember" decimals="-3" unitRef="TWD">-67267000</tw-gaap-ci:ChangesMember>
	<tw-gaap-ci:ChangesMember contextRef="From20090101To20091231_RetainedEarningsMember" decimals="-3" unitRef="TWD">-67267000</tw-gaap-ci:ChangesMember>
	<tw-gaap-ci:ChangesMember contextRef="From20090101To20091231_CumulativeTranslationAdjustmentsMember" decimals="-3" unitRef="TWD">-9628000</tw-gaap-ci:ChangesMember>
	<tw-gaap-ci:ChangesMember contextRef="From20090101To20091231_UnrealizedGainLossesFinancialInstrumentMember" decimals="-3" unitRef="TWD">5815000</tw-gaap-ci:ChangesMember>
	<tw-gaap-ci:ChangesMember contextRef="From20090101To20091231_StockholdersEquitiesAdjustmentsMember" decimals="-3" unitRef="TWD">-3813000</tw-gaap-ci:ChangesMember>
	<tw-gaap-ci:ChangesMember contextRef="From20090101To20091231_TotalStockholdersEquitiesMember" decimals="-3" unitRef="TWD">-71080000</tw-gaap-ci:ChangesMember>
	<tw-gaap-ci:EndYear contextRef="AsOf20091231_CommonStockValueMember" decimals="-3" unitRef="TWD">400000000</tw-gaap-ci:EndYear>
	<tw-gaap-ci:EndYear contextRef="AsOf20091231_CapitalStockMember" decimals="-3" unitRef="TWD">400000000</tw-gaap-ci:EndYear>
	<tw-gaap-ci:EndYear contextRef="AsOf20091231_UnappropriatedRetainedEarningsMember" decimals="-3" unitRef="TWD">-114875000</tw-gaap-ci:EndYear>
	<tw-gaap-ci:EndYear contextRef="AsOf20091231_RetainedEarningsMember" decimals="-3" unitRef="TWD">-114875000</tw-gaap-ci:EndYear>
	<tw-gaap-ci:EndYear contextRef="AsOf20091231_CumulativeTranslationAdjustmentsMember" decimals="-3" unitRef="TWD">27586000</tw-gaap-ci:EndYear>
	<tw-gaap-ci:EndYear contextRef="AsOf20091231_UnrealizedGainLossesFinancialInstrumentMember" decimals="-3" unitRef="TWD">0</tw-gaap-ci:EndYear>
	<tw-gaap-ci:EndYear contextRef="AsOf20091231_StockholdersEquitiesAdjustmentsMember" decimals="-3" unitRef="TWD">27586000</tw-gaap-ci:EndYear>
	<tw-gaap-ci:EndYear contextRef="AsOf20091231_TotalStockholdersEquitiesMember" decimals="-3" unitRef="TWD">312711000</tw-gaap-ci:EndYear>
	<tw-gaap-ci:OtherSupplementalInformation>
		<tw-gaap-ci:ChineseAccount contextRef="From20100101To20101231">應收債權轉列損失</tw-gaap-ci:ChineseAccount>
		<tw-gaap-ci:EnglishAccount contextRef="From20100101To20101231">Should receive money transfers the loss</tw-gaap-ci:EnglishAccount>
		<tw-gaap-ci:Amount contextRef="From20100101To20101231" decimals="-3" unitRef="TWD">0</tw-gaap-ci:Amount>
	</tw-gaap-ci:OtherSupplementalInformation>

	<tw-gaap-ci:OtherSupplementalInformation>
		<tw-gaap-ci:ChineseAccount contextRef="From20090101To20091231">應收債權轉列損失</tw-gaap-ci:ChineseAccount>
		<tw-gaap-ci:EnglishAccount contextRef="From20090101To20091231">Should receive money transfers the loss</tw-gaap-ci:EnglishAccount>
		<tw-gaap-ci:Amount contextRef="From20090101To20091231" decimals="-3" unitRef="TWD">43964000</tw-gaap-ci:Amount>
	</tw-gaap-ci:OtherSupplementalInformation>

	<tw-gaap-ar:AccountantName contextRef="AsOf20110330">集智聯合會計師事務所</tw-gaap-ar:AccountantName>
	<tw-gaap-ar:AssuranceAccountantName1 contextRef="AsOf20110330">賴錦蘭</tw-gaap-ar:AssuranceAccountantName1>
	<tw-gaap-ar:AssuranceAccountantName2 contextRef="AsOf20110330">林來福</tw-gaap-ar:AssuranceAccountantName2>
	<tw-gaap-ar:ReviewAuditDate contextRef="AsOf20110330">2011-03-30</tw-gaap-ar:ReviewAuditDate>
	<tw-gaap-ar:AuditReport contextRef="AsOf20110330">Y</tw-gaap-ar:AuditReport>
	<tw-gaap-ar:UnqualifiedOpinionWithExplainatoryAbstract contextRef="AsOf20110330">Y</tw-gaap-ar:UnqualifiedOpinionWithExplainatoryAbstract>
	<tw-gaap-ar:AccountingPrincipleChange contextRef="AsOf20110330">Y</tw-gaap-ar:AccountingPrincipleChange>
	<tw-gaap-ar:DescriptionEmphasizeItemBody contextRef="AsOf20110330"><![CDATA[]]></tw-gaap-ar:DescriptionEmphasizeItemBody>
	<tw-gaap-ar:DescriptionOtherItemBody contextRef="AsOf20110330"><![CDATA[]]></tw-gaap-ar:DescriptionOtherItemBody>
	<tw-gaap-ar:AccountantsReportBody contextRef="AsOf20110330"><![CDATA[會計師查核報告
隴華電子股份有限公司  公鑒：
隴華電子股份有限公司民國九十九年及九十八年十二月三十一日之資產負債表，暨民國九十九年及九十八年一月一日至十二月三十一日之損益表、股東權益變動表及現金流量表，業經本會計師查核竣事。上開財務報表之編製係管理階層之責任，本會計師之責任則為根據查核結果對上開財務報表表示意見。
本會計師係依照會計師查核簽證財務報表規則及一般公認審計準則規劃並執行查核工作，以合理確信財務報表有無重大不實表達。此項查核工作包括以抽查方式獲取財務報表所列金額及所揭露事項之查核證據、評估管理階層編製財務報表所採用之會計原則及所作之重大會計估計，暨評估財務報表整體之表達。本會計師相信此項查核工作可對所表示之意見提供合理之依據。
依本會計師之意見，第一段所述民國九十九年度及九十八年度財務報表在所有重大方面係依照證券發行人財務報告編製準則、商業會計法、商業會計處理準則及一般公認會計原則編製，足以允當表達隴華電子股份有限公司民國九十九年及九十八年十二月三十一日之財務狀況，暨民國九十九年及九十八年一月一日至十二月三十一日之經營結果與現金流量。
如財務報表附註三所述，隴華電子股份有限公司自民國九十八年一月一日起採用新修訂之財務會計準則公報第十號「存貨之會計處理準則」規定處理。
隴華電子股份有限公司民國九十九年度財務報表重要會計科目明細表，主要係供補充分析之用，亦經本會計師採用第二段所述之查核程序予以查核。依本會計師之意見，該等明細表在所有重大方面與第一段所述財務報表相關資訊一致。
隴華電子股份有限公司已編製民國九十九年度及九十八年度該公司暨其子公司之合併財務報表，並經本會計師出具修正式無保留意見之查核報告在案，備供參考。
集智聯合會計師事務所  
行政院金融監督管理委員會證券期貨局  行政院金融監督管理委員會證券期貨局
(91)台財證(六)字第0910162209號            (79)台財證(一)字第35368號
會 計 師：賴  錦  蘭                                    會 計 師：林  來  福
中　華　民　國　一○○　年　三　月　三十　日
]]></tw-gaap-ar:AccountantsReportBody>
	<tw-gaap-notes:FinancialReportNotes contextRef="From20100101To20101231"><![CDATA[http://doc.twse.com.tw/server-java/t57sb01?step=1&colorchg=1&co_id=2424&year=99&seamon=4&mtype=A&]]></tw-gaap-notes:FinancialReportNotes>
	<tw-gaap-notes:OrganizationAndOperations contextRef="From20100101To20101231"><![CDATA[本公司設立於民國六十二年，主要營業項目為數位視訊接收器、數位電視卡、多媒體儲存裝置、MP3隨身聽及個人電腦系統之設計、買賣及數位卡互動電視服務業務等，民國九十八年六月營業項目並增加自有資產出租出售業務。
本公司股票自民國八十六年十二月十九日起於財團法人中華民國證券櫃檯買賣中心上櫃買賣，並於民國八十九年九月起於臺灣證券交易所掛牌買賣。截至民國九十九年及九十八年十二月三十一日止，本公司之額定股本均為1,500,000千元，每股面額新台幣10元，實收股本均為400,000千元，員工人數分別為16人及14人。
]]></tw-gaap-notes:OrganizationAndOperations>
	<tw-gaap-notes:SummaryOfSignificantAccountingPolicies contextRef="From20100101To20101231"><![CDATA[本財務報表係依照證券發行人財務報告編製準則、商業會計法、商業會計處理準則及一般公認會計原則編製。重要會計政策彙總說明及衡量基礎如下：
流動與非流動性資產及負債之劃分
與商品及資產出售業務相關之資產及負債係採營業週期作為劃分流動與非流動性之標準，其他項目則以一年作為劃分流動與非流動之標準。
會計估計
本公司編製財務報表時，係依照一般公認會計原則之規定，對財務報表所列金額及或有事項，作必要之衡量、評估與揭露，其中包括若干假設與估計之採用，因該等假設及估計通常係在不確定情況下作成之判斷，因此可能與實際結果有所差異。
備抵呆帳
備抵呆帳係依據過去實際發生呆帳之經驗，衡量資產負債表日應收票據及應收帳款等各項債權之帳齡情形及其收回可能性，予以評估提列。
存    貨
本公司自民國九十八年一月一日起，採用新修訂之財務會計準則公報第十號「存貨之會計處理準則」存貨係以成本與淨變現價值孰低計價，比較成本與淨變現價值時，除同類別存貨外，係以個別項目為基礎。淨變現價值係指在正常情況下之估計售價減除至完工尚需投入之成本及銷售費用後之餘額。
存貨之計算採加權平均法。期末存貨除評估成本與淨變現價值孰低外，並就呆滯存貨酌予提列備抵跌價及呆滯損失。
客戶委託加工來料非屬公司之存貨。
採權益法之長期股權投資
長期股權投資占被投資公司有表決權股份百分之二十以上或對被投資公司具重大影響力者，按權益法評價。持有被投資公司股權比例超過百分之五十或具有控制能力者，採權益法評價並編製合併報表。
被投資公司發生純益(或純損)，認列為投資收益(或損失)；因意圖繼續支持被投資公司，認列被投資公司之虧損而致對被投資公司之長期投資帳面餘額及墊款為貸方餘額時，於資產負債表中列為其他負債；取得股票股利，僅增列投資之股數，不增加長期投資之價值及作為投資收益；發放之現金股利，則作為投資之減項。採權益法評價之被投資公司之功能性貨幣為外幣時，其外幣財務報表換算後所產生之兌換差額列為股東權益項下之「累積換算調整數」，俟國外營運機構出售或清算時併入損益計算。
與採權益法評價之被投資公司間交易所產生之損益，若尚未實現者，則予遞延，並於實現時再予認列。交易損益如屬折舊或攤銷性資產所產生者，依其效益年限逐年承認；其他類資產所產生者，於實現年度認列。
股權出售時，其成本係按加權平均法計算，其出售損失或利益，列為當年度損益。資產負債表日評估採權益法之長期股權投資，若有減損之客觀證據，則就其減損部分認列損失。
以成本衡量之金融資產
無法可靠衡量公平價值之權益商品投資，以原始認列之成本衡量，並加計取得或發行之交易成本。收到現金股利於除息日認列收益，但依據投資前淨利宣告之部分，係自投資成本減除。股票股利不列為投資收益，僅註記增加股數，並按增加後之總股數重新計算每股成本。以成本衡量之金融資產若有減損之客觀證據，則認列減損損失，此減損金額不予迴轉。
固定及租賃資產
固定及租賃資產係以成本為入帳基礎。重大改良及更新，作為資本支出，列入固定及出租資產；維護及修理支出，則列為當年度費用。購置或增置資產，於取得或完工前支出之款項所負擔之利息，列為資產之成本。
固定及租賃資產之折舊採直線法，按下列耐用年數加計殘值一年計提：房屋及建築，十至五十五年；機器設備，五至八年；電腦通訊設備，三至八年；運輸設備，九年；辦公設備，五至十年；租賃改良，三年；其他設備，三年。耐用年限屆滿仍繼續使用者，則重新估計殘值及耐用年限，繼續提列折舊至折足為止。
固定資產報廢或處分時，其有關成本、累計折舊及累計減損均自帳上予以沖銷，其出售利益或損失列為當年度之營業外收入及利益或營業外費用及損失。
租賃資產擬轉供出售時，應轉列待售土地及房屋，以帳面價值與市價孰低為轉列金額，帳面價值低於市價之損失列為當年度營業外費用及損失，租賃資產於出售時售價及處分成本列為營業收入，相關之帳面價值及處分成本列於營業成本項下。
遞延費用
遞延資產主要係電腦軟體支出，依效益期間按三年平均攤銷。
資產減損
本公司依照財務會計準則公報第三十五號「資產減損之會計處理準則」之規定，於資產負債表日評估所有適用該公報之資產是否有減損跡象，如有減損跡象，則就個別資產或資產所屬之現金產生單位進行減損測試，估計資產(或資產所屬現金產生單位)之可回收金額，可回收金額係指淨公平價值及使用價值之孰高者。減損測試結果如為資產帳面價值超過可回收金額，則就超過部分於損益表認列減損損失。
反之，若於資產負債表日有證據顯示資產於以前年度認列之減損損失可能已不存在或減少時，應重新評估可回收金額，若可回收金額因估計發生變動而增加時，累計減損損失即應予迴轉，惟迴轉後之帳面價值不得超過資產在未認列減損損失之情況下，減除應提列折舊或攤銷後之帳面價值。
減損損失及減損迴轉利益分別列為營業外費用及損失與營業外收入及利益。
收入及成本
銷貨收入係於商品交付，且貨物之所有權及風險報酬移轉予客戶時認列（一般於運出時移轉），因其獲利過程大部分已完成，且已實現或可實現。
勞務收入於勞務提供完成時認列，相關成本配合收入於發生時認列；費用則於權責發生時認?。
因營業租賃所收取之各期租金依租賃期間權責認列租賃收入。出售土地及房屋收入則於完成物權移轉登記並已實際交付標的物時認列。
本公司民國九十八年六月營業項目增加自有資產出租及出售業務，有關不動產出租及出售相關收入帳列營業收入，出售不動產成本及租賃資產於出租期間之相關折舊、稅捐等支出列為營業成本。
本公司對客戶委託加工來料之會計處理，係依交易實質內容認定，非屬本公司之銷貨及進貨。
退 休 金
本公司所有員工均適用自民國九十四年七月一日起施行之「勞工退休金條例」採確定提撥制。對適用該條例之員工，本公司每月負擔之員工退休金提撥率，不得低於員工每月薪資百分之六。
員工紅?及董監酬?
本公司對於民國九十七??(含)以後之盈餘，依公司法及公司章程規定分配之員工紅?及董監酬?，依財團法人中華民國會計研究發展基?會(九六)基秘字第○五二號函，於編製財務報表時先?估計擬分配之員工紅?及董監酬??額，並依員工紅?及董監酬?之性質?為營業成本或營業費用項下之適當會計科目。嗣後股東會決議分配?額與財務報表估??如有差?，視為估計變動，?為分配當期損?。
以外幣為準之交易事項及外幣財務報表之換算
非衍生性商品之外幣交易所產生之各項外幣資產、負債、收入及費用係按交易日之即期匯率入帳，外幣貨幣性資產及負債實際以新台幣收付結清時，因適用不同匯率所產生之損失或利益，列為當期損益，資產負債表日之外幣貨幣性資產及負債，按該日即期匯率予以換算調整，兌換差額列為當年度損益。
資產負債表日之外幣非貨幣性資產及負債(例如權益商品)，依公平價值衡量者，按該日即期匯率調整，所產生之兌換差異，屬公平價值變動認列為股東權益調整項目者，列為股東權益調整項目，屬公平價值變動認列為當年度損益者，列為當期損益，以成本衡量者，則按交易日之歷史匯率衡量。按權益法計價之外幣長期股權投資，以被投資公司之外幣財務報表換算後所得之股東權益為依據，兌換差額列入累積換算調整數，作為股東權益之調整項目。本國企業與國外被投資公司間具有長期投資性質之外幣墊款，因不擬於可預見之將來結清，故此項兌換差額，作為股東權益之調整項目。
所 得 稅
所得稅費用或利益係指依所得稅法及相關法令規定計算出之當期應納所得稅額及遞延所得稅費用或利益之合計數。本公司已將應課稅暫時性差異所產生之所得稅影響數認列為遞延所得稅負債；將可減除暫時性差異、虧損扣抵及所得稅抵減所產生之所得稅利益認列為遞延所得稅資產，再評估其遞延所得稅資產之可實現性，認列其備抵評價金額。遞延所得稅資產或負債依其相關資產或負債之分類，劃分為流動或非流動項目，無相關之資產負債者，依預期回轉期間之長短，劃分為流動或非流動項目。
所得稅率修正對遞延所得稅資產、負債及相關之所得稅費用(或利益)之影響，於相關法令修正生效時入帳。
本公司依「所得基本稅額條例」之規定計算基本稅額，其計算基礎係依所得稅法規定計算之課稅所得額，再加計所得稅法及其他法律所享有之租稅減免，依行政院訂定之稅率(百分之十)計算基本稅額，基本稅額與依所得稅法規定計算之稅額比較，擇其高者，繳納當年度之所得稅。
未分配盈餘加徵百分之十營利事業所得稅部份，於股東會決議盈餘分配之日列為當期所得稅費用。
本公司所得稅抵減之會計處理依財務會計準則公報第十二號「所得稅抵減之會計處理準則」之規定處理，因研究發展等支出所產生之所得稅抵減採當期認列法處理。
以前年度所得稅之調整，於調整時列為調整年度之所得稅。
每股盈餘
基本每股盈餘按已發行普通股股數加權平均計算；凡以盈餘、資本公積轉增資或民國九十七年度(含)以前股東會決議之員工紅利轉增資而新增股份者，或因減資以彌補虧損而減少股份者，則按核准後之增資或減資比例追溯調整。若前開情況之基準日在資產負債表日至財務報表提出日前，亦應追溯調整。
稀釋每股盈餘以普通股股東之本期淨利(損)調整具稀釋作用之潛在普通股於本期已認列之利息費用及具稀釋作用之潛在普通股轉換而產生之其他收入及費用之變動後，除以普通股加權平均流通在外股權加具稀釋作用之潛在普通股轉換為普通股之加權平均流通在外股數。
自民國九十七年度起因員工分紅費用化而認列之未經股東會決議金額，若得採股票發放視為潛在普通股。若潛在普通股具有反稀釋作用或繼續營業部門為純損時，則該潛在普通股不列入計算。惟按財團法人中華民國會計研究發展基金會函規定，員工分紅費用化視為潛在普通股後，以後年度股東會決議之員工分紅轉增資不再追溯調整每股盈餘。
]]></tw-gaap-notes:SummaryOfSignificantAccountingPolicies>
	<tw-gaap-notes:ChangesInAccountingPrinciples contextRef="From20100101To20101231"><![CDATA[本公司自民國九十八年一月一日起採用新修訂之財務會計準則公報第十號「存貨之會計處理準則」，主要修訂包括存貨以成本與淨變現價值孰低者衡量，且除同類別存貨外應逐項比較，及存貨跌價損失(回升利益)應分類為銷貨成本。此項會計原則變動，對本公司民國九十九年度及九十八年度財務報表並無重大影響。
]]></tw-gaap-notes:ChangesInAccountingPrinciples>
</xbrl>

<!--This instance document is created by SIIAP V1.4.5-->
