<?xml version="1.0" encoding="UTF-8"?>
<xbrl xmlns="http://www.xbrl.org/2003/instance" xmlns:iso4217="http://www.xbrl.org/2003/iso4217" xmlns:link="http://www.xbrl.org/2003/linkbase" xmlns:tw-gaap-ar="http://www.xbrl.org/tw/fr/gaap/ar/2010-12-31" xmlns:tw-gaap-ci="http://www.xbrl.org/tw/fr/gaap/tw-gaap-ci-2010-12-31" xmlns:tw-gaap-notes="http://www.xbrl.org/tw/fr/gaap/notes/2010-12-31" xmlns:xbrldi="http://xbrl.org/2006/xbrldi" xmlns:xbrldt="http://xbrl.org/2005/xbrldt" xmlns:xbrli="http://www.xbrl.org/2003/instance" xmlns:xlink="http://www.w3.org/1999/xlink">
	<link:schemaRef xlink:arcrole="http://www.w3.org/1999/xlink/properties/linkbase" xlink:href="tw-gaap-ci-2010-12-31.xsd" xlink:type="simple"/>	<context id="AsOf20110308">
		<entity>
			<identifier scheme="http://www.twse.com.tw">6235</identifier>
		</entity>
		<period>
			<instant>2011-03-08</instant>
		</period>
	</context>
	<context id="From20090101To20091231_UnrealizedRevaluationIncrementMember">
		<entity>
			<identifier scheme="http://www.twse.com.tw">6235</identifier>
		</entity>
		<period>
			<startDate>2009-01-01</startDate>
			<endDate>2009-12-31</endDate>
		</period>
		<scenario>
			<xbrldi:explicitMember dimension="tw-gaap-ci:StockholdersEquityDimensionMember">tw-gaap-ci:UnrealizedRevaluationIncrementMember</xbrldi:explicitMember>
		</scenario>
	</context>
	<context id="From20090101To20091231_StockholdersEquitiesAdjustmentsMember">
		<entity>
			<identifier scheme="http://www.twse.com.tw">6235</identifier>
		</entity>
		<period>
			<startDate>2009-01-01</startDate>
			<endDate>2009-12-31</endDate>
		</period>
		<scenario>
			<xbrldi:explicitMember dimension="tw-gaap-ci:StockholdersEquityDimensionMember">tw-gaap-ci:StockholdersEquitiesAdjustmentsMember</xbrldi:explicitMember>
		</scenario>
	</context>
	<context id="From20090101To20091231_CumulativeTranslationAdjustmentsMember">
		<entity>
			<identifier scheme="http://www.twse.com.tw">6235</identifier>
		</entity>
		<period>
			<startDate>2009-01-01</startDate>
			<endDate>2009-12-31</endDate>
		</period>
		<scenario>
			<xbrldi:explicitMember dimension="tw-gaap-ci:StockholdersEquityDimensionMember">tw-gaap-ci:CumulativeTranslationAdjustmentsMember</xbrldi:explicitMember>
		</scenario>
	</context>
	<context id="From20090101To20091231_LegalReserveMember">
		<entity>
			<identifier scheme="http://www.twse.com.tw">6235</identifier>
		</entity>
		<period>
			<startDate>2009-01-01</startDate>
			<endDate>2009-12-31</endDate>
		</period>
		<scenario>
			<xbrldi:explicitMember dimension="tw-gaap-ci:StockholdersEquityDimensionMember">tw-gaap-ci:LegalReserveMember</xbrldi:explicitMember>
		</scenario>
	</context>
	<context id="From20090101To20091231_TotalStockholdersEquitiesMember">
		<entity>
			<identifier scheme="http://www.twse.com.tw">6235</identifier>
		</entity>
		<period>
			<startDate>2009-01-01</startDate>
			<endDate>2009-12-31</endDate>
		</period>
		<scenario>
			<xbrldi:explicitMember dimension="tw-gaap-ci:StockholdersEquityDimensionMember">tw-gaap-ci:TotalStockholdersEquitiesMember</xbrldi:explicitMember>
		</scenario>
	</context>
	<context id="From20090101To20091231_RetainedEarningsMember">
		<entity>
			<identifier scheme="http://www.twse.com.tw">6235</identifier>
		</entity>
		<period>
			<startDate>2009-01-01</startDate>
			<endDate>2009-12-31</endDate>
		</period>
		<scenario>
			<xbrldi:explicitMember dimension="tw-gaap-ci:StockholdersEquityDimensionMember">tw-gaap-ci:RetainedEarningsMember</xbrldi:explicitMember>
		</scenario>
	</context>
	<context id="From20090101To20091231_UnappropriatedRetainedEarningsMember">
		<entity>
			<identifier scheme="http://www.twse.com.tw">6235</identifier>
		</entity>
		<period>
			<startDate>2009-01-01</startDate>
			<endDate>2009-12-31</endDate>
		</period>
		<scenario>
			<xbrldi:explicitMember dimension="tw-gaap-ci:StockholdersEquityDimensionMember">tw-gaap-ci:UnappropriatedRetainedEarningsMember</xbrldi:explicitMember>
		</scenario>
	</context>
	<context id="From20090101To20091231_CapitalSurplusMember">
		<entity>
			<identifier scheme="http://www.twse.com.tw">6235</identifier>
		</entity>
		<period>
			<startDate>2009-01-01</startDate>
			<endDate>2009-12-31</endDate>
		</period>
		<scenario>
			<xbrldi:explicitMember dimension="tw-gaap-ci:StockholdersEquityDimensionMember">tw-gaap-ci:CapitalSurplusMember</xbrldi:explicitMember>
		</scenario>
	</context>
	<context id="From20090101To20091231_CapitalStockMember">
		<entity>
			<identifier scheme="http://www.twse.com.tw">6235</identifier>
		</entity>
		<period>
			<startDate>2009-01-01</startDate>
			<endDate>2009-12-31</endDate>
		</period>
		<scenario>
			<xbrldi:explicitMember dimension="tw-gaap-ci:StockholdersEquityDimensionMember">tw-gaap-ci:CapitalStockMember</xbrldi:explicitMember>
		</scenario>
	</context>
	<context id="From20090101To20091231_CommonStockValueMember">
		<entity>
			<identifier scheme="http://www.twse.com.tw">6235</identifier>
		</entity>
		<period>
			<startDate>2009-01-01</startDate>
			<endDate>2009-12-31</endDate>
		</period>
		<scenario>
			<xbrldi:explicitMember dimension="tw-gaap-ci:StockholdersEquityDimensionMember">tw-gaap-ci:CommonStockValueMember</xbrldi:explicitMember>
		</scenario>
	</context>
	<context id="AsOf20091231_TotalStockholdersEquitiesMember">
		<entity>
			<identifier scheme="http://www.twse.com.tw">6235</identifier>
		</entity>
		<period>
			<instant>2009-12-31</instant>
		</period>
		<scenario>
			<xbrldi:explicitMember dimension="tw-gaap-ci:StockholdersEquityDimensionMember">tw-gaap-ci:TotalStockholdersEquitiesMember</xbrldi:explicitMember>
		</scenario>
	</context>
	<context id="AsOf20091231_StockholdersEquitiesAdjustmentsMember">
		<entity>
			<identifier scheme="http://www.twse.com.tw">6235</identifier>
		</entity>
		<period>
			<instant>2009-12-31</instant>
		</period>
		<scenario>
			<xbrldi:explicitMember dimension="tw-gaap-ci:StockholdersEquityDimensionMember">tw-gaap-ci:StockholdersEquitiesAdjustmentsMember</xbrldi:explicitMember>
		</scenario>
	</context>
	<context id="AsOf20091231_UnrealizedRevaluationIncrementMember">
		<entity>
			<identifier scheme="http://www.twse.com.tw">6235</identifier>
		</entity>
		<period>
			<instant>2009-12-31</instant>
		</period>
		<scenario>
			<xbrldi:explicitMember dimension="tw-gaap-ci:StockholdersEquityDimensionMember">tw-gaap-ci:UnrealizedRevaluationIncrementMember</xbrldi:explicitMember>
		</scenario>
	</context>
	<context id="AsOf20091231_CumulativeTranslationAdjustmentsMember">
		<entity>
			<identifier scheme="http://www.twse.com.tw">6235</identifier>
		</entity>
		<period>
			<instant>2009-12-31</instant>
		</period>
		<scenario>
			<xbrldi:explicitMember dimension="tw-gaap-ci:StockholdersEquityDimensionMember">tw-gaap-ci:CumulativeTranslationAdjustmentsMember</xbrldi:explicitMember>
		</scenario>
	</context>
	<context id="AsOf20091231_RetainedEarningsMember">
		<entity>
			<identifier scheme="http://www.twse.com.tw">6235</identifier>
		</entity>
		<period>
			<instant>2009-12-31</instant>
		</period>
		<scenario>
			<xbrldi:explicitMember dimension="tw-gaap-ci:StockholdersEquityDimensionMember">tw-gaap-ci:RetainedEarningsMember</xbrldi:explicitMember>
		</scenario>
	</context>
	<context id="AsOf20091231_UnappropriatedRetainedEarningsMember">
		<entity>
			<identifier scheme="http://www.twse.com.tw">6235</identifier>
		</entity>
		<period>
			<instant>2009-12-31</instant>
		</period>
		<scenario>
			<xbrldi:explicitMember dimension="tw-gaap-ci:StockholdersEquityDimensionMember">tw-gaap-ci:UnappropriatedRetainedEarningsMember</xbrldi:explicitMember>
		</scenario>
	</context>
	<context id="AsOf20091231_LegalReserveMember">
		<entity>
			<identifier scheme="http://www.twse.com.tw">6235</identifier>
		</entity>
		<period>
			<instant>2009-12-31</instant>
		</period>
		<scenario>
			<xbrldi:explicitMember dimension="tw-gaap-ci:StockholdersEquityDimensionMember">tw-gaap-ci:LegalReserveMember</xbrldi:explicitMember>
		</scenario>
	</context>
	<context id="AsOf20091231_CapitalSurplusMember">
		<entity>
			<identifier scheme="http://www.twse.com.tw">6235</identifier>
		</entity>
		<period>
			<instant>2009-12-31</instant>
		</period>
		<scenario>
			<xbrldi:explicitMember dimension="tw-gaap-ci:StockholdersEquityDimensionMember">tw-gaap-ci:CapitalSurplusMember</xbrldi:explicitMember>
		</scenario>
	</context>
	<context id="AsOf20091231_CapitalStockMember">
		<entity>
			<identifier scheme="http://www.twse.com.tw">6235</identifier>
		</entity>
		<period>
			<instant>2009-12-31</instant>
		</period>
		<scenario>
			<xbrldi:explicitMember dimension="tw-gaap-ci:StockholdersEquityDimensionMember">tw-gaap-ci:CapitalStockMember</xbrldi:explicitMember>
		</scenario>
	</context>
	<context id="AsOf20091231_CommonStockValueMember">
		<entity>
			<identifier scheme="http://www.twse.com.tw">6235</identifier>
		</entity>
		<period>
			<instant>2009-12-31</instant>
		</period>
		<scenario>
			<xbrldi:explicitMember dimension="tw-gaap-ci:StockholdersEquityDimensionMember">tw-gaap-ci:CommonStockValueMember</xbrldi:explicitMember>
		</scenario>
	</context>
	<context id="From20100101To20101231_UnrealizedRevaluationIncrementMember">
		<entity>
			<identifier scheme="http://www.twse.com.tw">6235</identifier>
		</entity>
		<period>
			<startDate>2010-01-01</startDate>
			<endDate>2010-12-31</endDate>
		</period>
		<scenario>
			<xbrldi:explicitMember dimension="tw-gaap-ci:StockholdersEquityDimensionMember">tw-gaap-ci:UnrealizedRevaluationIncrementMember</xbrldi:explicitMember>
		</scenario>
	</context>
	<context id="From20100101To20101231_CapitalSurplusMember">
		<entity>
			<identifier scheme="http://www.twse.com.tw">6235</identifier>
		</entity>
		<period>
			<startDate>2010-01-01</startDate>
			<endDate>2010-12-31</endDate>
		</period>
		<scenario>
			<xbrldi:explicitMember dimension="tw-gaap-ci:StockholdersEquityDimensionMember">tw-gaap-ci:CapitalSurplusMember</xbrldi:explicitMember>
		</scenario>
	</context>
	<context id="From20100101To20101231_CapitalStockMember">
		<entity>
			<identifier scheme="http://www.twse.com.tw">6235</identifier>
		</entity>
		<period>
			<startDate>2010-01-01</startDate>
			<endDate>2010-12-31</endDate>
		</period>
		<scenario>
			<xbrldi:explicitMember dimension="tw-gaap-ci:StockholdersEquityDimensionMember">tw-gaap-ci:CapitalStockMember</xbrldi:explicitMember>
		</scenario>
	</context>
	<context id="From20100101To20101231_CommonStockValueMember">
		<entity>
			<identifier scheme="http://www.twse.com.tw">6235</identifier>
		</entity>
		<period>
			<startDate>2010-01-01</startDate>
			<endDate>2010-12-31</endDate>
		</period>
		<scenario>
			<xbrldi:explicitMember dimension="tw-gaap-ci:StockholdersEquityDimensionMember">tw-gaap-ci:CommonStockValueMember</xbrldi:explicitMember>
		</scenario>
	</context>
	<context id="From20100101To20101231_StockholdersEquitiesAdjustmentsMember">
		<entity>
			<identifier scheme="http://www.twse.com.tw">6235</identifier>
		</entity>
		<period>
			<startDate>2010-01-01</startDate>
			<endDate>2010-12-31</endDate>
		</period>
		<scenario>
			<xbrldi:explicitMember dimension="tw-gaap-ci:StockholdersEquityDimensionMember">tw-gaap-ci:StockholdersEquitiesAdjustmentsMember</xbrldi:explicitMember>
		</scenario>
	</context>
	<context id="From20100101To20101231_CumulativeTranslationAdjustmentsMember">
		<entity>
			<identifier scheme="http://www.twse.com.tw">6235</identifier>
		</entity>
		<period>
			<startDate>2010-01-01</startDate>
			<endDate>2010-12-31</endDate>
		</period>
		<scenario>
			<xbrldi:explicitMember dimension="tw-gaap-ci:StockholdersEquityDimensionMember">tw-gaap-ci:CumulativeTranslationAdjustmentsMember</xbrldi:explicitMember>
		</scenario>
	</context>
	<context id="From20100101To20101231_TotalStockholdersEquitiesMember">
		<entity>
			<identifier scheme="http://www.twse.com.tw">6235</identifier>
		</entity>
		<period>
			<startDate>2010-01-01</startDate>
			<endDate>2010-12-31</endDate>
		</period>
		<scenario>
			<xbrldi:explicitMember dimension="tw-gaap-ci:StockholdersEquityDimensionMember">tw-gaap-ci:TotalStockholdersEquitiesMember</xbrldi:explicitMember>
		</scenario>
	</context>
	<context id="From20100101To20101231_RetainedEarningsMember">
		<entity>
			<identifier scheme="http://www.twse.com.tw">6235</identifier>
		</entity>
		<period>
			<startDate>2010-01-01</startDate>
			<endDate>2010-12-31</endDate>
		</period>
		<scenario>
			<xbrldi:explicitMember dimension="tw-gaap-ci:StockholdersEquityDimensionMember">tw-gaap-ci:RetainedEarningsMember</xbrldi:explicitMember>
		</scenario>
	</context>
	<context id="From20100101To20101231_UnappropriatedRetainedEarningsMember">
		<entity>
			<identifier scheme="http://www.twse.com.tw">6235</identifier>
		</entity>
		<period>
			<startDate>2010-01-01</startDate>
			<endDate>2010-12-31</endDate>
		</period>
		<scenario>
			<xbrldi:explicitMember dimension="tw-gaap-ci:StockholdersEquityDimensionMember">tw-gaap-ci:UnappropriatedRetainedEarningsMember</xbrldi:explicitMember>
		</scenario>
	</context>
	<context id="AsOf20101231_TotalStockholdersEquitiesMember">
		<entity>
			<identifier scheme="http://www.twse.com.tw">6235</identifier>
		</entity>
		<period>
			<instant>2010-12-31</instant>
		</period>
		<scenario>
			<xbrldi:explicitMember dimension="tw-gaap-ci:StockholdersEquityDimensionMember">tw-gaap-ci:TotalStockholdersEquitiesMember</xbrldi:explicitMember>
		</scenario>
	</context>
	<context id="AsOf20101231_StockholdersEquitiesAdjustmentsMember">
		<entity>
			<identifier scheme="http://www.twse.com.tw">6235</identifier>
		</entity>
		<period>
			<instant>2010-12-31</instant>
		</period>
		<scenario>
			<xbrldi:explicitMember dimension="tw-gaap-ci:StockholdersEquityDimensionMember">tw-gaap-ci:StockholdersEquitiesAdjustmentsMember</xbrldi:explicitMember>
		</scenario>
	</context>
	<context id="AsOf20101231_UnrealizedRevaluationIncrementMember">
		<entity>
			<identifier scheme="http://www.twse.com.tw">6235</identifier>
		</entity>
		<period>
			<instant>2010-12-31</instant>
		</period>
		<scenario>
			<xbrldi:explicitMember dimension="tw-gaap-ci:StockholdersEquityDimensionMember">tw-gaap-ci:UnrealizedRevaluationIncrementMember</xbrldi:explicitMember>
		</scenario>
	</context>
	<context id="AsOf20101231_CumulativeTranslationAdjustmentsMember">
		<entity>
			<identifier scheme="http://www.twse.com.tw">6235</identifier>
		</entity>
		<period>
			<instant>2010-12-31</instant>
		</period>
		<scenario>
			<xbrldi:explicitMember dimension="tw-gaap-ci:StockholdersEquityDimensionMember">tw-gaap-ci:CumulativeTranslationAdjustmentsMember</xbrldi:explicitMember>
		</scenario>
	</context>
	<context id="AsOf20101231_RetainedEarningsMember">
		<entity>
			<identifier scheme="http://www.twse.com.tw">6235</identifier>
		</entity>
		<period>
			<instant>2010-12-31</instant>
		</period>
		<scenario>
			<xbrldi:explicitMember dimension="tw-gaap-ci:StockholdersEquityDimensionMember">tw-gaap-ci:RetainedEarningsMember</xbrldi:explicitMember>
		</scenario>
	</context>
	<context id="AsOf20101231_UnappropriatedRetainedEarningsMember">
		<entity>
			<identifier scheme="http://www.twse.com.tw">6235</identifier>
		</entity>
		<period>
			<instant>2010-12-31</instant>
		</period>
		<scenario>
			<xbrldi:explicitMember dimension="tw-gaap-ci:StockholdersEquityDimensionMember">tw-gaap-ci:UnappropriatedRetainedEarningsMember</xbrldi:explicitMember>
		</scenario>
	</context>
	<context id="AsOf20101231_CapitalSurplusMember">
		<entity>
			<identifier scheme="http://www.twse.com.tw">6235</identifier>
		</entity>
		<period>
			<instant>2010-12-31</instant>
		</period>
		<scenario>
			<xbrldi:explicitMember dimension="tw-gaap-ci:StockholdersEquityDimensionMember">tw-gaap-ci:CapitalSurplusMember</xbrldi:explicitMember>
		</scenario>
	</context>
	<context id="AsOf20101231_CapitalStockMember">
		<entity>
			<identifier scheme="http://www.twse.com.tw">6235</identifier>
		</entity>
		<period>
			<instant>2010-12-31</instant>
		</period>
		<scenario>
			<xbrldi:explicitMember dimension="tw-gaap-ci:StockholdersEquityDimensionMember">tw-gaap-ci:CapitalStockMember</xbrldi:explicitMember>
		</scenario>
	</context>
	<context id="AsOf20101231_CommonStockValueMember">
		<entity>
			<identifier scheme="http://www.twse.com.tw">6235</identifier>
		</entity>
		<period>
			<instant>2010-12-31</instant>
		</period>
		<scenario>
			<xbrldi:explicitMember dimension="tw-gaap-ci:StockholdersEquityDimensionMember">tw-gaap-ci:CommonStockValueMember</xbrldi:explicitMember>
		</scenario>
	</context>
	<context id="AsOf20090101">
		<entity>
			<identifier scheme="http://www.twse.com.tw">6235</identifier>
		</entity>
		<period>
			<instant>2009-01-01</instant>
		</period>
	</context>
	<context id="AsOf20100101">
		<entity>
			<identifier scheme="http://www.twse.com.tw">6235</identifier>
		</entity>
		<period>
			<instant>2010-01-01</instant>
		</period>
	</context>
	<context id="From20090101To20091231">
		<entity>
			<identifier scheme="http://www.twse.com.tw">6235</identifier>
		</entity>
		<period>
			<startDate>2009-01-01</startDate>
			<endDate>2009-12-31</endDate>
		</period>
	</context>
	<context id="AsOf20091231">
		<entity>
			<identifier scheme="http://www.twse.com.tw">6235</identifier>
		</entity>
		<period>
			<instant>2009-12-31</instant>
		</period>
	</context>
	<context id="From20100101To20101231">
		<entity>
			<identifier scheme="http://www.twse.com.tw">6235</identifier>
		</entity>
		<period>
			<startDate>2010-01-01</startDate>
			<endDate>2010-12-31</endDate>
		</period>
	</context>
	<context id="AsOf20101231">
		<entity>
			<identifier scheme="http://www.twse.com.tw">6235</identifier>
		</entity>
		<period>
			<instant>2010-12-31</instant>
		</period>
	</context>
	<unit id="TWD">
		<measure>iso4217:TWD</measure>
	</unit>
	<unit id="Shares">
		<measure>xbrli:shares</measure>
	</unit>
	<unit id="EarningsPerShare">
		<divide>
			<unitNumerator>
				<measure>iso4217:TWD</measure>
			</unitNumerator>
			<unitDenominator>
				<measure>xbrli:shares</measure>
			</unitDenominator>
		</divide>
	</unit>
	<tw-gaap-ci:CashCashEquivalents contextRef="AsOf20101231" decimals="-3" unitRef="TWD">196796000</tw-gaap-ci:CashCashEquivalents>
	<tw-gaap-ci:CashCashEquivalents contextRef="AsOf20091231" decimals="-3" unitRef="TWD">422651000</tw-gaap-ci:CashCashEquivalents>
	<tw-gaap-ci:FinancialAssetsMeasuredFairValueProfitLossCurrent contextRef="AsOf20101231" decimals="-3" unitRef="TWD">0</tw-gaap-ci:FinancialAssetsMeasuredFairValueProfitLossCurrent>
	<tw-gaap-ci:FinancialAssetsMeasuredFairValueProfitLossCurrent contextRef="AsOf20091231" decimals="-3" unitRef="TWD">435000</tw-gaap-ci:FinancialAssetsMeasuredFairValueProfitLossCurrent>
	<tw-gaap-ci:NetNotesReceivable contextRef="AsOf20101231" decimals="-3" unitRef="TWD">0</tw-gaap-ci:NetNotesReceivable>
	<tw-gaap-ci:NetNotesReceivable contextRef="AsOf20091231" decimals="-3" unitRef="TWD">507000</tw-gaap-ci:NetNotesReceivable>
	<tw-gaap-ci:NetNotesReceivableRelatedParties contextRef="AsOf20101231" decimals="-3" unitRef="TWD">0</tw-gaap-ci:NetNotesReceivableRelatedParties>
	<tw-gaap-ci:NetNotesReceivableRelatedParties contextRef="AsOf20091231" decimals="-3" unitRef="TWD">477000</tw-gaap-ci:NetNotesReceivableRelatedParties>
	<tw-gaap-ci:NetAccountsReceivable contextRef="AsOf20101231" decimals="-3" unitRef="TWD">21740000</tw-gaap-ci:NetAccountsReceivable>
	<tw-gaap-ci:NetAccountsReceivable contextRef="AsOf20091231" decimals="-3" unitRef="TWD">42102000</tw-gaap-ci:NetAccountsReceivable>
	<tw-gaap-ci:OtherReceivables contextRef="AsOf20101231" decimals="-3" unitRef="TWD">1163000</tw-gaap-ci:OtherReceivables>
	<tw-gaap-ci:OtherReceivables contextRef="AsOf20091231" decimals="-3" unitRef="TWD">890000</tw-gaap-ci:OtherReceivables>
	<tw-gaap-ci:OtherReceivablesRelatedParties contextRef="AsOf20101231" decimals="-3" unitRef="TWD">4416000</tw-gaap-ci:OtherReceivablesRelatedParties>
	<tw-gaap-ci:OtherReceivablesRelatedParties contextRef="AsOf20091231" decimals="-3" unitRef="TWD">98846000</tw-gaap-ci:OtherReceivablesRelatedParties>
	<tw-gaap-ci:InventoriesManufacturing contextRef="AsOf20101231" decimals="-3" unitRef="TWD">0</tw-gaap-ci:InventoriesManufacturing>
	<tw-gaap-ci:InventoriesManufacturing contextRef="AsOf20091231" decimals="-3" unitRef="TWD">8495000</tw-gaap-ci:InventoriesManufacturing>
	<tw-gaap-ci:Inventories contextRef="AsOf20101231" decimals="-3" unitRef="TWD">0</tw-gaap-ci:Inventories>
	<tw-gaap-ci:Inventories contextRef="AsOf20091231" decimals="-3" unitRef="TWD">8495000</tw-gaap-ci:Inventories>
	<tw-gaap-ci:OfficeSupplies contextRef="AsOf20101231" decimals="-3" unitRef="TWD">0</tw-gaap-ci:OfficeSupplies>
	<tw-gaap-ci:OfficeSupplies contextRef="AsOf20091231" decimals="-3" unitRef="TWD">5798000</tw-gaap-ci:OfficeSupplies>
	<tw-gaap-ci:PrepaidExpenses contextRef="AsOf20101231" decimals="-3" unitRef="TWD">0</tw-gaap-ci:PrepaidExpenses>
	<tw-gaap-ci:PrepaidExpenses contextRef="AsOf20091231" decimals="-3" unitRef="TWD">5798000</tw-gaap-ci:PrepaidExpenses>
	<tw-gaap-ci:RestrictedCurrentAssets contextRef="AsOf20101231" decimals="-3" unitRef="TWD">0</tw-gaap-ci:RestrictedCurrentAssets>
	<tw-gaap-ci:RestrictedCurrentAssets contextRef="AsOf20091231" decimals="-3" unitRef="TWD">20511000</tw-gaap-ci:RestrictedCurrentAssets>
	<tw-gaap-ci:OthercurrentAssetsOther contextRef="AsOf20101231" decimals="-3" unitRef="TWD">153000</tw-gaap-ci:OthercurrentAssetsOther>
	<tw-gaap-ci:OthercurrentAssetsOther contextRef="AsOf20091231" decimals="-3" unitRef="TWD">2870000</tw-gaap-ci:OthercurrentAssetsOther>
	<tw-gaap-ci:OtherCurrentAssets contextRef="AsOf20101231" decimals="-3" unitRef="TWD">153000</tw-gaap-ci:OtherCurrentAssets>
	<tw-gaap-ci:OtherCurrentAssets contextRef="AsOf20091231" decimals="-3" unitRef="TWD">23381000</tw-gaap-ci:OtherCurrentAssets>
	<tw-gaap-ci:CurrentAssets contextRef="AsOf20101231" decimals="-3" unitRef="TWD">224268000</tw-gaap-ci:CurrentAssets>
	<tw-gaap-ci:CurrentAssets contextRef="AsOf20091231" decimals="-3" unitRef="TWD">603582000</tw-gaap-ci:CurrentAssets>
	<tw-gaap-ci:NetFinancialAssetsCarriedCostNonCurrent contextRef="AsOf20101231" decimals="-3" unitRef="TWD">5000000</tw-gaap-ci:NetFinancialAssetsCarriedCostNonCurrent>
	<tw-gaap-ci:NetFinancialAssetsCarriedCostNonCurrent contextRef="AsOf20091231" decimals="-3" unitRef="TWD">5000000</tw-gaap-ci:NetFinancialAssetsCarriedCostNonCurrent>
	<tw-gaap-ci:LongtermInvestmentsEquity contextRef="AsOf20101231" decimals="-3" unitRef="TWD">1038562000</tw-gaap-ci:LongtermInvestmentsEquity>
	<tw-gaap-ci:LongtermInvestmentsEquity contextRef="AsOf20091231" decimals="-3" unitRef="TWD">940220000</tw-gaap-ci:LongtermInvestmentsEquity>
	<tw-gaap-ci:LongtermInvestments contextRef="AsOf20101231" decimals="-3" unitRef="TWD">1038562000</tw-gaap-ci:LongtermInvestments>
	<tw-gaap-ci:LongtermInvestments contextRef="AsOf20091231" decimals="-3" unitRef="TWD">940220000</tw-gaap-ci:LongtermInvestments>
	<tw-gaap-ci:FundsInvestments contextRef="AsOf20101231" decimals="-3" unitRef="TWD">1043562000</tw-gaap-ci:FundsInvestments>
	<tw-gaap-ci:FundsInvestments contextRef="AsOf20091231" decimals="-3" unitRef="TWD">945220000</tw-gaap-ci:FundsInvestments>
	<tw-gaap-ci:Land contextRef="AsOf20101231" decimals="-3" unitRef="TWD">0</tw-gaap-ci:Land>
	<tw-gaap-ci:Land contextRef="AsOf20091231" decimals="-3" unitRef="TWD">32039000</tw-gaap-ci:Land>
	<tw-gaap-ci:BuildingsStructures contextRef="AsOf20101231" decimals="-3" unitRef="TWD">0</tw-gaap-ci:BuildingsStructures>
	<tw-gaap-ci:BuildingsStructures contextRef="AsOf20091231" decimals="-3" unitRef="TWD">350115000</tw-gaap-ci:BuildingsStructures>
	<tw-gaap-ci:MachineryEquipment contextRef="AsOf20101231" decimals="-3" unitRef="TWD">3349000</tw-gaap-ci:MachineryEquipment>
	<tw-gaap-ci:MachineryEquipment contextRef="AsOf20091231" decimals="-3" unitRef="TWD">209001000</tw-gaap-ci:MachineryEquipment>
	<tw-gaap-ci:MoldingEquipment contextRef="AsOf20101231" decimals="-3" unitRef="TWD">41614000</tw-gaap-ci:MoldingEquipment>
	<tw-gaap-ci:MoldingEquipment contextRef="AsOf20091231" decimals="-3" unitRef="TWD">41614000</tw-gaap-ci:MoldingEquipment>
	<tw-gaap-ci:TransportationEquipment contextRef="AsOf20101231" decimals="-3" unitRef="TWD">480000</tw-gaap-ci:TransportationEquipment>
	<tw-gaap-ci:TransportationEquipment contextRef="AsOf20091231" decimals="-3" unitRef="TWD">951000</tw-gaap-ci:TransportationEquipment>
	<tw-gaap-ci:OfficeEquipment contextRef="AsOf20101231" decimals="-3" unitRef="TWD">1335000</tw-gaap-ci:OfficeEquipment>
	<tw-gaap-ci:OfficeEquipment contextRef="AsOf20091231" decimals="-3" unitRef="TWD">1873000</tw-gaap-ci:OfficeEquipment>
	<tw-gaap-ci:RentalAssetsLand contextRef="AsOf20101231" decimals="-3" unitRef="TWD">32039000</tw-gaap-ci:RentalAssetsLand>
	<tw-gaap-ci:RentalAssetsLand contextRef="AsOf20091231" decimals="-3" unitRef="TWD">0</tw-gaap-ci:RentalAssetsLand>
	<tw-gaap-ci:RentalAssetsBuildings contextRef="AsOf20101231" decimals="-3" unitRef="TWD">260130000</tw-gaap-ci:RentalAssetsBuildings>
	<tw-gaap-ci:RentalAssetsBuildings contextRef="AsOf20091231" decimals="-3" unitRef="TWD">0</tw-gaap-ci:RentalAssetsBuildings>
	<tw-gaap-ci:RentalAssetsMachineryEquipment contextRef="AsOf20101231" decimals="-3" unitRef="TWD">11453000</tw-gaap-ci:RentalAssetsMachineryEquipment>
	<tw-gaap-ci:RentalAssetsMachineryEquipment contextRef="AsOf20091231" decimals="-3" unitRef="TWD">0</tw-gaap-ci:RentalAssetsMachineryEquipment>
	<tw-gaap-ci:RentalAssetsOther contextRef="AsOf20101231" decimals="-3" unitRef="TWD">3708000</tw-gaap-ci:RentalAssetsOther>
	<tw-gaap-ci:RentalAssetsOther contextRef="AsOf20091231" decimals="-3" unitRef="TWD">0</tw-gaap-ci:RentalAssetsOther>
	<tw-gaap-ci:OtherFacilities contextRef="AsOf20101231" decimals="-3" unitRef="TWD">553000</tw-gaap-ci:OtherFacilities>
	<tw-gaap-ci:OtherFacilities contextRef="AsOf20091231" decimals="-3" unitRef="TWD">62856000</tw-gaap-ci:OtherFacilities>
	<tw-gaap-ci:FixedAssetsOriginalCosts contextRef="AsOf20101231" decimals="-3" unitRef="TWD">354661000</tw-gaap-ci:FixedAssetsOriginalCosts>
	<tw-gaap-ci:FixedAssetsOriginalCosts contextRef="AsOf20091231" decimals="-3" unitRef="TWD">698449000</tw-gaap-ci:FixedAssetsOriginalCosts>
	<tw-gaap-ci:LandRevaluationIncrement contextRef="AsOf20101231" decimals="-3" unitRef="TWD">0</tw-gaap-ci:LandRevaluationIncrement>
	<tw-gaap-ci:LandRevaluationIncrement contextRef="AsOf20091231" decimals="-3" unitRef="TWD">55477000</tw-gaap-ci:LandRevaluationIncrement>
	<tw-gaap-ci:BuildingsStructuresRevaluationIncrement contextRef="AsOf20101231" decimals="-3" unitRef="TWD">0</tw-gaap-ci:BuildingsStructuresRevaluationIncrement>
	<tw-gaap-ci:BuildingsStructuresRevaluationIncrement contextRef="AsOf20091231" decimals="-3" unitRef="TWD">17725000</tw-gaap-ci:BuildingsStructuresRevaluationIncrement>
	<tw-gaap-ci:RentalAssetsRevaluationIncrement contextRef="AsOf20101231" decimals="-3" unitRef="TWD">73202000</tw-gaap-ci:RentalAssetsRevaluationIncrement>
	<tw-gaap-ci:RentalAssetsRevaluationIncrement contextRef="AsOf20091231" decimals="-3" unitRef="TWD">0</tw-gaap-ci:RentalAssetsRevaluationIncrement>
	<tw-gaap-ci:RevaluationIncrement contextRef="AsOf20101231" decimals="-3" unitRef="TWD">73202000</tw-gaap-ci:RevaluationIncrement>
	<tw-gaap-ci:RevaluationIncrement contextRef="AsOf20091231" decimals="-3" unitRef="TWD">73202000</tw-gaap-ci:RevaluationIncrement>
	<tw-gaap-ci:CostsRevaluationIncrement contextRef="AsOf20101231" decimals="-3" unitRef="TWD">427863000</tw-gaap-ci:CostsRevaluationIncrement>
	<tw-gaap-ci:CostsRevaluationIncrement contextRef="AsOf20091231" decimals="-3" unitRef="TWD">771651000</tw-gaap-ci:CostsRevaluationIncrement>
	<tw-gaap-ci:AccumulatedDepreciation contextRef="AsOf20101231" decimals="-3" unitRef="TWD">165908000</tw-gaap-ci:AccumulatedDepreciation>
	<tw-gaap-ci:AccumulatedDepreciation contextRef="AsOf20091231" decimals="-3" unitRef="TWD">348521000</tw-gaap-ci:AccumulatedDepreciation>
	<tw-gaap-ci:AccumulatedImpairmentFixedAssets contextRef="AsOf20101231" decimals="-3" unitRef="TWD">22210000</tw-gaap-ci:AccumulatedImpairmentFixedAssets>
	<tw-gaap-ci:AccumulatedImpairmentFixedAssets contextRef="AsOf20091231" decimals="-3" unitRef="TWD">156160000</tw-gaap-ci:AccumulatedImpairmentFixedAssets>
	<tw-gaap-ci:FixedAssets contextRef="AsOf20101231" decimals="-3" unitRef="TWD">239745000</tw-gaap-ci:FixedAssets>
	<tw-gaap-ci:FixedAssets contextRef="AsOf20091231" decimals="-3" unitRef="TWD">266970000</tw-gaap-ci:FixedAssets>
	<tw-gaap-ci:ComputerSoftwareCost contextRef="AsOf20101231" decimals="-3" unitRef="TWD">222000</tw-gaap-ci:ComputerSoftwareCost>
	<tw-gaap-ci:ComputerSoftwareCost contextRef="AsOf20091231" decimals="-3" unitRef="TWD">3113000</tw-gaap-ci:ComputerSoftwareCost>
	<tw-gaap-ci:IntangibleAssets contextRef="AsOf20101231" decimals="-3" unitRef="TWD">222000</tw-gaap-ci:IntangibleAssets>
	<tw-gaap-ci:IntangibleAssets contextRef="AsOf20091231" decimals="-3" unitRef="TWD">3113000</tw-gaap-ci:IntangibleAssets>
	<tw-gaap-ci:GuaranteeDepositsPaid contextRef="AsOf20101231" decimals="-3" unitRef="TWD">590000</tw-gaap-ci:GuaranteeDepositsPaid>
	<tw-gaap-ci:GuaranteeDepositsPaid contextRef="AsOf20091231" decimals="-3" unitRef="TWD">5000</tw-gaap-ci:GuaranteeDepositsPaid>
	<tw-gaap-ci:DeferredCharges contextRef="AsOf20101231" decimals="-3" unitRef="TWD">0</tw-gaap-ci:DeferredCharges>
	<tw-gaap-ci:DeferredCharges contextRef="AsOf20091231" decimals="-3" unitRef="TWD">53000</tw-gaap-ci:DeferredCharges>
	<tw-gaap-ci:OtherAssetsOther contextRef="AsOf20101231" decimals="-3" unitRef="TWD">19463000</tw-gaap-ci:OtherAssetsOther>
	<tw-gaap-ci:OtherAssetsOther contextRef="AsOf20091231" decimals="-3" unitRef="TWD">20157000</tw-gaap-ci:OtherAssetsOther>
	<tw-gaap-ci:OtherAssets contextRef="AsOf20101231" decimals="-3" unitRef="TWD">20053000</tw-gaap-ci:OtherAssets>
	<tw-gaap-ci:OtherAssets contextRef="AsOf20091231" decimals="-3" unitRef="TWD">20215000</tw-gaap-ci:OtherAssets>
	<tw-gaap-ci:Assets contextRef="AsOf20101231" decimals="-3" unitRef="TWD">1527850000</tw-gaap-ci:Assets>
	<tw-gaap-ci:Assets contextRef="AsOf20091231" decimals="-3" unitRef="TWD">1839100000</tw-gaap-ci:Assets>
	<tw-gaap-ci:NotesPayable contextRef="AsOf20101231" decimals="-3" unitRef="TWD">0</tw-gaap-ci:NotesPayable>
	<tw-gaap-ci:NotesPayable contextRef="AsOf20091231" decimals="-3" unitRef="TWD">4589000</tw-gaap-ci:NotesPayable>
	<tw-gaap-ci:AccountsPayable contextRef="AsOf20101231" decimals="-3" unitRef="TWD">3927000</tw-gaap-ci:AccountsPayable>
	<tw-gaap-ci:AccountsPayable contextRef="AsOf20091231" decimals="-3" unitRef="TWD">20694000</tw-gaap-ci:AccountsPayable>
	<tw-gaap-ci:AccountsPayableRelatedParties contextRef="AsOf20101231" decimals="-3" unitRef="TWD">27340000</tw-gaap-ci:AccountsPayableRelatedParties>
	<tw-gaap-ci:AccountsPayableRelatedParties contextRef="AsOf20091231" decimals="-3" unitRef="TWD">10075000</tw-gaap-ci:AccountsPayableRelatedParties>
	<tw-gaap-ci:AccruedExpenses contextRef="AsOf20101231" decimals="-3" unitRef="TWD">20048000</tw-gaap-ci:AccruedExpenses>
	<tw-gaap-ci:AccruedExpenses contextRef="AsOf20091231" decimals="-3" unitRef="TWD">40247000</tw-gaap-ci:AccruedExpenses>
	<tw-gaap-ci:OtherPayablesRelatedParties contextRef="AsOf20101231" decimals="-3" unitRef="TWD">560000</tw-gaap-ci:OtherPayablesRelatedParties>
	<tw-gaap-ci:OtherPayablesRelatedParties contextRef="AsOf20091231" decimals="-3" unitRef="TWD">0</tw-gaap-ci:OtherPayablesRelatedParties>
	<tw-gaap-ci:BalancePayableMachineryEquipment contextRef="AsOf20101231" decimals="-3" unitRef="TWD">0</tw-gaap-ci:BalancePayableMachineryEquipment>
	<tw-gaap-ci:BalancePayableMachineryEquipment contextRef="AsOf20091231" decimals="-3" unitRef="TWD">123000</tw-gaap-ci:BalancePayableMachineryEquipment>
	<tw-gaap-ci:OtherPayables contextRef="AsOf20101231" decimals="-3" unitRef="TWD">0</tw-gaap-ci:OtherPayables>
	<tw-gaap-ci:OtherPayables contextRef="AsOf20091231" decimals="-3" unitRef="TWD">123000</tw-gaap-ci:OtherPayables>
	<tw-gaap-ci:AdvanceSalesReceipts contextRef="AsOf20101231" decimals="-3" unitRef="TWD">6039000</tw-gaap-ci:AdvanceSalesReceipts>
	<tw-gaap-ci:AdvanceSalesReceipts contextRef="AsOf20091231" decimals="-3" unitRef="TWD">509000</tw-gaap-ci:AdvanceSalesReceipts>
	<tw-gaap-ci:AdvanceReceipts contextRef="AsOf20101231" decimals="-3" unitRef="TWD">6039000</tw-gaap-ci:AdvanceReceipts>
	<tw-gaap-ci:AdvanceReceipts contextRef="AsOf20091231" decimals="-3" unitRef="TWD">509000</tw-gaap-ci:AdvanceReceipts>
	<tw-gaap-ci:DeferredIncomeTaxLiabilities contextRef="AsOf20101231" decimals="-3" unitRef="TWD">10000</tw-gaap-ci:DeferredIncomeTaxLiabilities>
	<tw-gaap-ci:DeferredIncomeTaxLiabilities contextRef="AsOf20091231" decimals="-3" unitRef="TWD">90000</tw-gaap-ci:DeferredIncomeTaxLiabilities>
	<tw-gaap-ci:OtherCurrentLiabilitiesOther contextRef="AsOf20101231" decimals="-3" unitRef="TWD">975000</tw-gaap-ci:OtherCurrentLiabilitiesOther>
	<tw-gaap-ci:OtherCurrentLiabilitiesOther contextRef="AsOf20091231" decimals="-3" unitRef="TWD">2655000</tw-gaap-ci:OtherCurrentLiabilitiesOther>
	<tw-gaap-ci:OtherCurrentLiabilities contextRef="AsOf20101231" decimals="-3" unitRef="TWD">985000</tw-gaap-ci:OtherCurrentLiabilities>
	<tw-gaap-ci:OtherCurrentLiabilities contextRef="AsOf20091231" decimals="-3" unitRef="TWD">2745000</tw-gaap-ci:OtherCurrentLiabilities>
	<tw-gaap-ci:CurrentLiabilities contextRef="AsOf20101231" decimals="-3" unitRef="TWD">58899000</tw-gaap-ci:CurrentLiabilities>
	<tw-gaap-ci:CurrentLiabilities contextRef="AsOf20091231" decimals="-3" unitRef="TWD">78982000</tw-gaap-ci:CurrentLiabilities>
	<tw-gaap-ci:ReserveLandRevaluationIncrementTax contextRef="AsOf20101231" decimals="-3" unitRef="TWD">11330000</tw-gaap-ci:ReserveLandRevaluationIncrementTax>
	<tw-gaap-ci:ReserveLandRevaluationIncrementTax contextRef="AsOf20091231" decimals="-3" unitRef="TWD">11330000</tw-gaap-ci:ReserveLandRevaluationIncrementTax>
	<tw-gaap-ci:Reserves contextRef="AsOf20101231" decimals="-3" unitRef="TWD">11330000</tw-gaap-ci:Reserves>
	<tw-gaap-ci:Reserves contextRef="AsOf20091231" decimals="-3" unitRef="TWD">11330000</tw-gaap-ci:Reserves>
	<tw-gaap-ci:DeferredCreditsGainsonInterAffiliateAccounts contextRef="AsOf20101231" decimals="-3" unitRef="TWD">25504000</tw-gaap-ci:DeferredCreditsGainsonInterAffiliateAccounts>
	<tw-gaap-ci:DeferredCreditsGainsonInterAffiliateAccounts contextRef="AsOf20091231" decimals="-3" unitRef="TWD">33800000</tw-gaap-ci:DeferredCreditsGainsonInterAffiliateAccounts>
	<tw-gaap-ci:OtherLiabilitiesOther contextRef="AsOf20101231" decimals="-3" unitRef="TWD">25504000</tw-gaap-ci:OtherLiabilitiesOther>
	<tw-gaap-ci:OtherLiabilitiesOther contextRef="AsOf20091231" decimals="-3" unitRef="TWD">33800000</tw-gaap-ci:OtherLiabilitiesOther>
	<tw-gaap-ci:OtherLiabilities contextRef="AsOf20101231" decimals="-3" unitRef="TWD">25504000</tw-gaap-ci:OtherLiabilities>
	<tw-gaap-ci:OtherLiabilities contextRef="AsOf20091231" decimals="-3" unitRef="TWD">33800000</tw-gaap-ci:OtherLiabilities>
	<tw-gaap-ci:Liabilities contextRef="AsOf20101231" decimals="-3" unitRef="TWD">95733000</tw-gaap-ci:Liabilities>
	<tw-gaap-ci:Liabilities contextRef="AsOf20091231" decimals="-3" unitRef="TWD">124112000</tw-gaap-ci:Liabilities>
	<tw-gaap-ci:CommonStock contextRef="AsOf20101231" decimals="-3" unitRef="TWD">2829052000</tw-gaap-ci:CommonStock>
	<tw-gaap-ci:CommonStock contextRef="AsOf20091231" decimals="-3" unitRef="TWD">2829052000</tw-gaap-ci:CommonStock>
	<tw-gaap-ci:Capital contextRef="AsOf20101231" decimals="-3" unitRef="TWD">2829052000</tw-gaap-ci:Capital>
	<tw-gaap-ci:Capital contextRef="AsOf20091231" decimals="-3" unitRef="TWD">2829052000</tw-gaap-ci:Capital>
	<tw-gaap-ci:CapitalSurplusLongTermEquityInvestments contextRef="AsOf20101231" decimals="-3" unitRef="TWD">575000</tw-gaap-ci:CapitalSurplusLongTermEquityInvestments>
	<tw-gaap-ci:CapitalSurplusLongTermEquityInvestments contextRef="AsOf20091231" decimals="-3" unitRef="TWD">575000</tw-gaap-ci:CapitalSurplusLongTermEquityInvestments>
	<tw-gaap-ci:CapitalSurplus contextRef="AsOf20101231" decimals="-3" unitRef="TWD">575000</tw-gaap-ci:CapitalSurplus>
	<tw-gaap-ci:CapitalSurplus contextRef="AsOf20091231" decimals="-3" unitRef="TWD">575000</tw-gaap-ci:CapitalSurplus>
	<tw-gaap-ci:UnappropriatedRetainedEarnings contextRef="AsOf20101231" decimals="-3" unitRef="TWD">-1615385000</tw-gaap-ci:UnappropriatedRetainedEarnings>
	<tw-gaap-ci:UnappropriatedRetainedEarnings contextRef="AsOf20091231" decimals="-3" unitRef="TWD">-1423773000</tw-gaap-ci:UnappropriatedRetainedEarnings>
	<tw-gaap-ci:RetainedEarnings contextRef="AsOf20101231" decimals="-3" unitRef="TWD">-1615385000</tw-gaap-ci:RetainedEarnings>
	<tw-gaap-ci:RetainedEarnings contextRef="AsOf20091231" decimals="-3" unitRef="TWD">-1423773000</tw-gaap-ci:RetainedEarnings>
	<tw-gaap-ci:CumulativeTranslationAdjustments contextRef="AsOf20101231" decimals="-3" unitRef="TWD">156003000</tw-gaap-ci:CumulativeTranslationAdjustments>
	<tw-gaap-ci:CumulativeTranslationAdjustments contextRef="AsOf20091231" decimals="-3" unitRef="TWD">247262000</tw-gaap-ci:CumulativeTranslationAdjustments>
	<tw-gaap-ci:UnrealizedRevaluationIncrement contextRef="AsOf20101231" decimals="-3" unitRef="TWD">61872000</tw-gaap-ci:UnrealizedRevaluationIncrement>
	<tw-gaap-ci:UnrealizedRevaluationIncrement contextRef="AsOf20091231" decimals="-3" unitRef="TWD">61872000</tw-gaap-ci:UnrealizedRevaluationIncrement>
	<tw-gaap-ci:StockholdersEquitiesAdjustments contextRef="AsOf20101231" decimals="-3" unitRef="TWD">217875000</tw-gaap-ci:StockholdersEquitiesAdjustments>
	<tw-gaap-ci:StockholdersEquitiesAdjustments contextRef="AsOf20091231" decimals="-3" unitRef="TWD">309134000</tw-gaap-ci:StockholdersEquitiesAdjustments>
	<tw-gaap-ci:StockholdersEquities contextRef="AsOf20101231" decimals="-3" unitRef="TWD">1432117000</tw-gaap-ci:StockholdersEquities>
	<tw-gaap-ci:StockholdersEquities contextRef="AsOf20091231" decimals="-3" unitRef="TWD">1714988000</tw-gaap-ci:StockholdersEquities>
	<tw-gaap-ci:EquivalentSharesOutstandingAdvanceReceiptsCommonStock contextRef="AsOf20101231" decimals="0" unitRef="Shares">0</tw-gaap-ci:EquivalentSharesOutstandingAdvanceReceiptsCommonStock>
	<tw-gaap-ci:EquivalentSharesOutstandingAdvanceReceiptsCommonStock contextRef="AsOf20091231" decimals="0" unitRef="Shares">0</tw-gaap-ci:EquivalentSharesOutstandingAdvanceReceiptsCommonStock>
	<tw-gaap-ci:NumberTreasuryStockAcquiredCompanySubsidiaries contextRef="AsOf20101231" decimals="0" unitRef="Shares">0</tw-gaap-ci:NumberTreasuryStockAcquiredCompanySubsidiaries>
	<tw-gaap-ci:NumberTreasuryStockAcquiredCompanySubsidiaries contextRef="AsOf20091231" decimals="0" unitRef="Shares">0</tw-gaap-ci:NumberTreasuryStockAcquiredCompanySubsidiaries>
	<tw-gaap-ci:Sales contextRef="From20100101To20101231" decimals="-3" unitRef="TWD">168151000</tw-gaap-ci:Sales>
	<tw-gaap-ci:Sales contextRef="From20090101To20091231" decimals="-3" unitRef="TWD">549382000</tw-gaap-ci:Sales>
	<tw-gaap-ci:SalesDiscountsAllowances contextRef="From20100101To20101231" decimals="-3" unitRef="TWD">4013000</tw-gaap-ci:SalesDiscountsAllowances>
	<tw-gaap-ci:SalesDiscountsAllowances contextRef="From20090101To20091231" decimals="-3" unitRef="TWD">24118000</tw-gaap-ci:SalesDiscountsAllowances>
	<tw-gaap-ci:NetSales contextRef="From20100101To20101231" decimals="-3" unitRef="TWD">164138000</tw-gaap-ci:NetSales>
	<tw-gaap-ci:NetSales contextRef="From20090101To20091231" decimals="-3" unitRef="TWD">525264000</tw-gaap-ci:NetSales>
	<tw-gaap-ci:OperatingRevenue contextRef="From20100101To20101231" decimals="-3" unitRef="TWD">164138000</tw-gaap-ci:OperatingRevenue>
	<tw-gaap-ci:OperatingRevenue contextRef="From20090101To20091231" decimals="-3" unitRef="TWD">525264000</tw-gaap-ci:OperatingRevenue>
	<tw-gaap-ci:CostSales contextRef="From20100101To20101231" decimals="-3" unitRef="TWD">148546000</tw-gaap-ci:CostSales>
	<tw-gaap-ci:CostSales contextRef="From20090101To20091231" decimals="-3" unitRef="TWD">536550000</tw-gaap-ci:CostSales>
	<tw-gaap-ci:OperatingCosts contextRef="From20100101To20101231" decimals="-3" unitRef="TWD">148546000</tw-gaap-ci:OperatingCosts>
	<tw-gaap-ci:OperatingCosts contextRef="From20090101To20091231" decimals="-3" unitRef="TWD">536550000</tw-gaap-ci:OperatingCosts>
	<tw-gaap-ci:GrossProfitLossOperations contextRef="From20100101To20101231" decimals="-3" unitRef="TWD">15592000</tw-gaap-ci:GrossProfitLossOperations>
	<tw-gaap-ci:GrossProfitLossOperations contextRef="From20090101To20091231" decimals="-3" unitRef="TWD">-11286000</tw-gaap-ci:GrossProfitLossOperations>
	<tw-gaap-ci:UnrealizedGainInterAffiliateAccounts contextRef="From20100101To20101231" decimals="-3" unitRef="TWD">0</tw-gaap-ci:UnrealizedGainInterAffiliateAccounts>
	<tw-gaap-ci:UnrealizedGainInterAffiliateAccounts contextRef="From20090101To20091231" decimals="-3" unitRef="TWD">52000</tw-gaap-ci:UnrealizedGainInterAffiliateAccounts>
	<tw-gaap-ci:RealizedGainInterAffiliateAccounts contextRef="From20100101To20101231" decimals="-3" unitRef="TWD">52000</tw-gaap-ci:RealizedGainInterAffiliateAccounts>
	<tw-gaap-ci:RealizedGainInterAffiliateAccounts contextRef="From20090101To20091231" decimals="-3" unitRef="TWD">65000</tw-gaap-ci:RealizedGainInterAffiliateAccounts>
	<tw-gaap-ci:Sellingexpense contextRef="From20100101To20101231" decimals="-3" unitRef="TWD">7396000</tw-gaap-ci:Sellingexpense>
	<tw-gaap-ci:Sellingexpense contextRef="From20090101To20091231" decimals="-3" unitRef="TWD">21584000</tw-gaap-ci:Sellingexpense>
	<tw-gaap-ci:GeneralAdministrativeExpenses contextRef="From20100101To20101231" decimals="-3" unitRef="TWD">79697000</tw-gaap-ci:GeneralAdministrativeExpenses>
	<tw-gaap-ci:GeneralAdministrativeExpenses contextRef="From20090101To20091231" decimals="-3" unitRef="TWD">136933000</tw-gaap-ci:GeneralAdministrativeExpenses>
	<tw-gaap-ci:ResearchDevelopmentExpenses contextRef="From20100101To20101231" decimals="-3" unitRef="TWD">0</tw-gaap-ci:ResearchDevelopmentExpenses>
	<tw-gaap-ci:ResearchDevelopmentExpenses contextRef="From20090101To20091231" decimals="-3" unitRef="TWD">10055000</tw-gaap-ci:ResearchDevelopmentExpenses>
	<tw-gaap-ci:OperatingExpenses contextRef="From20100101To20101231" decimals="-3" unitRef="TWD">87093000</tw-gaap-ci:OperatingExpenses>
	<tw-gaap-ci:OperatingExpenses contextRef="From20090101To20091231" decimals="-3" unitRef="TWD">168572000</tw-gaap-ci:OperatingExpenses>
	<tw-gaap-ci:OperatingIncomeLoss contextRef="From20100101To20101231" decimals="-3" unitRef="TWD">-71449000</tw-gaap-ci:OperatingIncomeLoss>
	<tw-gaap-ci:OperatingIncomeLoss contextRef="From20090101To20091231" decimals="-3" unitRef="TWD">-179845000</tw-gaap-ci:OperatingIncomeLoss>
	<tw-gaap-ci:InterestIncome contextRef="From20100101To20101231" decimals="-3" unitRef="TWD">584000</tw-gaap-ci:InterestIncome>
	<tw-gaap-ci:InterestIncome contextRef="From20090101To20091231" decimals="-3" unitRef="TWD">757000</tw-gaap-ci:InterestIncome>
	<tw-gaap-ci:GainsDisposalFixedAssets contextRef="From20100101To20101231" decimals="-3" unitRef="TWD">0</tw-gaap-ci:GainsDisposalFixedAssets>
	<tw-gaap-ci:GainsDisposalFixedAssets contextRef="From20090101To20091231" decimals="-3" unitRef="TWD">7017000</tw-gaap-ci:GainsDisposalFixedAssets>
	<tw-gaap-ci:RentIncome contextRef="From20100101To20101231" decimals="-3" unitRef="TWD">5410000</tw-gaap-ci:RentIncome>
	<tw-gaap-ci:RentIncome contextRef="From20090101To20091231" decimals="-3" unitRef="TWD">0</tw-gaap-ci:RentIncome>
	<tw-gaap-ci:RevaluationGainFinancialAssets contextRef="From20100101To20101231" decimals="-3" unitRef="TWD">0</tw-gaap-ci:RevaluationGainFinancialAssets>
	<tw-gaap-ci:RevaluationGainFinancialAssets contextRef="From20090101To20091231" decimals="-3" unitRef="TWD">435000</tw-gaap-ci:RevaluationGainFinancialAssets>
	<tw-gaap-ci:MiscellaneousIncome contextRef="From20100101To20101231" decimals="-3" unitRef="TWD">11710000</tw-gaap-ci:MiscellaneousIncome>
	<tw-gaap-ci:MiscellaneousIncome contextRef="From20090101To20091231" decimals="-3" unitRef="TWD">12100000</tw-gaap-ci:MiscellaneousIncome>
	<tw-gaap-ci:NonOperatingIncomeGains contextRef="From20100101To20101231" decimals="-3" unitRef="TWD">17704000</tw-gaap-ci:NonOperatingIncomeGains>
	<tw-gaap-ci:NonOperatingIncomeGains contextRef="From20090101To20091231" decimals="-3" unitRef="TWD">20309000</tw-gaap-ci:NonOperatingIncomeGains>
	<tw-gaap-ci:NonOperatingExpensesInvestmentLossRecognizedEquityMethod contextRef="From20100101To20101231" decimals="-3" unitRef="TWD">130579000</tw-gaap-ci:NonOperatingExpensesInvestmentLossRecognizedEquityMethod>
	<tw-gaap-ci:NonOperatingExpensesInvestmentLossRecognizedEquityMethod contextRef="From20090101To20091231" decimals="-3" unitRef="TWD">903062000</tw-gaap-ci:NonOperatingExpensesInvestmentLossRecognizedEquityMethod>
	<tw-gaap-ci:NonOperatingExpensesInvestmentLoss contextRef="From20100101To20101231" decimals="-3" unitRef="TWD">130579000</tw-gaap-ci:NonOperatingExpensesInvestmentLoss>
	<tw-gaap-ci:NonOperatingExpensesInvestmentLoss contextRef="From20090101To20091231" decimals="-3" unitRef="TWD">903062000</tw-gaap-ci:NonOperatingExpensesInvestmentLoss>
	<tw-gaap-ci:LossDisposalFixedAssets contextRef="From20100101To20101231" decimals="-3" unitRef="TWD">653000</tw-gaap-ci:LossDisposalFixedAssets>
	<tw-gaap-ci:LossDisposalFixedAssets contextRef="From20090101To20091231" decimals="-3" unitRef="TWD">0</tw-gaap-ci:LossDisposalFixedAssets>
	<tw-gaap-ci:ForeignExchangeLosses contextRef="From20100101To20101231" decimals="-3" unitRef="TWD">292000</tw-gaap-ci:ForeignExchangeLosses>
	<tw-gaap-ci:ForeignExchangeLosses contextRef="From20090101To20091231" decimals="-3" unitRef="TWD">3232000</tw-gaap-ci:ForeignExchangeLosses>
	<tw-gaap-ci:ImpairmentLossAssets contextRef="From20100101To20101231" decimals="-3" unitRef="TWD">0</tw-gaap-ci:ImpairmentLossAssets>
	<tw-gaap-ci:ImpairmentLossAssets contextRef="From20090101To20091231" decimals="-3" unitRef="TWD">31146000</tw-gaap-ci:ImpairmentLossAssets>
	<tw-gaap-ci:RevaluationLossFinancialAssets contextRef="From20100101To20101231" decimals="-3" unitRef="TWD">435000</tw-gaap-ci:RevaluationLossFinancialAssets>
	<tw-gaap-ci:RevaluationLossFinancialAssets contextRef="From20090101To20091231" decimals="-3" unitRef="TWD">0</tw-gaap-ci:RevaluationLossFinancialAssets>
	<tw-gaap-ci:MiscellaneousDisbursements contextRef="From20100101To20101231" decimals="-3" unitRef="TWD">5127000</tw-gaap-ci:MiscellaneousDisbursements>
	<tw-gaap-ci:MiscellaneousDisbursements contextRef="From20090101To20091231" decimals="-3" unitRef="TWD">1356000</tw-gaap-ci:MiscellaneousDisbursements>
	<tw-gaap-ci:NonOperatingExpenses contextRef="From20100101To20101231" decimals="-3" unitRef="TWD">137086000</tw-gaap-ci:NonOperatingExpenses>
	<tw-gaap-ci:NonOperatingExpenses contextRef="From20090101To20091231" decimals="-3" unitRef="TWD">938796000</tw-gaap-ci:NonOperatingExpenses>
	<tw-gaap-ci:IncomeContinuingOperationsBeforeIncomeTax contextRef="From20100101To20101231" decimals="-3" unitRef="TWD">-190831000</tw-gaap-ci:IncomeContinuingOperationsBeforeIncomeTax>
	<tw-gaap-ci:IncomeContinuingOperationsBeforeIncomeTax contextRef="From20090101To20091231" decimals="-3" unitRef="TWD">-1098332000</tw-gaap-ci:IncomeContinuingOperationsBeforeIncomeTax>
	<tw-gaap-ci:IncomeTaxExpenseBenefit contextRef="From20100101To20101231" decimals="-3" unitRef="TWD">781000</tw-gaap-ci:IncomeTaxExpenseBenefit>
	<tw-gaap-ci:IncomeTaxExpenseBenefit contextRef="From20090101To20091231" decimals="-3" unitRef="TWD">-1180000</tw-gaap-ci:IncomeTaxExpenseBenefit>
	<tw-gaap-ci:IncomeContinuingOperations contextRef="From20100101To20101231" decimals="-3" unitRef="TWD">-191612000</tw-gaap-ci:IncomeContinuingOperations>
	<tw-gaap-ci:IncomeContinuingOperations contextRef="From20090101To20091231" decimals="-3" unitRef="TWD">-1097152000</tw-gaap-ci:IncomeContinuingOperations>
	<tw-gaap-ci:NetIncomeLoss contextRef="From20100101To20101231" decimals="-3" unitRef="TWD">-191612000</tw-gaap-ci:NetIncomeLoss>
	<tw-gaap-ci:NetIncomeLoss contextRef="From20090101To20091231" decimals="-3" unitRef="TWD">-1097152000</tw-gaap-ci:NetIncomeLoss>
	<tw-gaap-ci:PrimaryEarningsPerShare contextRef="From20100101To20101231" decimals="2" unitRef="TWD">-0.68</tw-gaap-ci:PrimaryEarningsPerShare>
	<tw-gaap-ci:PrimaryEarningsPerShare contextRef="From20090101To20091231" decimals="2" unitRef="TWD">-4.03</tw-gaap-ci:PrimaryEarningsPerShare>
	<tw-gaap-ci:NetIncomeLoss_StatementCashFlows contextRef="From20100101To20101231" decimals="-3" unitRef="TWD">-191612000</tw-gaap-ci:NetIncomeLoss_StatementCashFlows>
	<tw-gaap-ci:NetIncomeLoss_StatementCashFlows contextRef="From20090101To20091231" decimals="-3" unitRef="TWD">-1097152000</tw-gaap-ci:NetIncomeLoss_StatementCashFlows>
	<tw-gaap-ci:DepreciationExpense-Operating contextRef="From20100101To20101231" decimals="-3" unitRef="TWD">12826000</tw-gaap-ci:DepreciationExpense-Operating>
	<tw-gaap-ci:DepreciationExpense-Operating contextRef="From20090101To20091231" decimals="-3" unitRef="TWD">28837000</tw-gaap-ci:DepreciationExpense-Operating>
	<tw-gaap-ci:AmortizationExpense-Operating contextRef="From20100101To20101231" decimals="-3" unitRef="TWD">2944000</tw-gaap-ci:AmortizationExpense-Operating>
	<tw-gaap-ci:AmortizationExpense-Operating contextRef="From20090101To20091231" decimals="-3" unitRef="TWD">63162000</tw-gaap-ci:AmortizationExpense-Operating>
	<tw-gaap-ci:ProvisionTransferRevenueBadDebtsLosses contextRef="From20100101To20101231" decimals="-3" unitRef="TWD">-3690000</tw-gaap-ci:ProvisionTransferRevenueBadDebtsLosses>
	<tw-gaap-ci:ProvisionTransferRevenueBadDebtsLosses contextRef="From20090101To20091231" decimals="-3" unitRef="TWD">2931000</tw-gaap-ci:ProvisionTransferRevenueBadDebtsLosses>
	<tw-gaap-ci:GainLossInventoryValuationObsolescenceRecoverie contextRef="From20100101To20101231" decimals="-3" unitRef="TWD">-1536000</tw-gaap-ci:GainLossInventoryValuationObsolescenceRecoverie>
	<tw-gaap-ci:GainLossInventoryValuationObsolescenceRecoverie contextRef="From20090101To20091231" decimals="-3" unitRef="TWD">2657000</tw-gaap-ci:GainLossInventoryValuationObsolescenceRecoverie>
	<tw-gaap-ci:InvestmentLossIncomeRecognizedEquityMethod contextRef="From20100101To20101231" decimals="-3" unitRef="TWD">130579000</tw-gaap-ci:InvestmentLossIncomeRecognizedEquityMethod>
	<tw-gaap-ci:InvestmentLossIncomeRecognizedEquityMethod contextRef="From20090101To20091231" decimals="-3" unitRef="TWD">903062000</tw-gaap-ci:InvestmentLossIncomeRecognizedEquityMethod>
	<tw-gaap-ci:CashDividendsReceivedEquityMethodInvestees contextRef="From20100101To20101231" decimals="-3" unitRef="TWD">0</tw-gaap-ci:CashDividendsReceivedEquityMethodInvestees>
	<tw-gaap-ci:CashDividendsReceivedEquityMethodInvestees contextRef="From20090101To20091231" decimals="-3" unitRef="TWD">25000000</tw-gaap-ci:CashDividendsReceivedEquityMethodInvestees>
	<tw-gaap-ci:GainLossDisposalScrappingFixedAssets contextRef="From20100101To20101231" decimals="-3" unitRef="TWD">653000</tw-gaap-ci:GainLossDisposalScrappingFixedAssets>
	<tw-gaap-ci:GainLossDisposalScrappingFixedAssets contextRef="From20090101To20091231" decimals="-3" unitRef="TWD">-7017000</tw-gaap-ci:GainLossDisposalScrappingFixedAssets>
	<tw-gaap-ci:UnrealizedRevaluationGainFinancialAssetsLiabilities contextRef="From20100101To20101231" decimals="-3" unitRef="TWD">435000</tw-gaap-ci:UnrealizedRevaluationGainFinancialAssetsLiabilities>
	<tw-gaap-ci:UnrealizedRevaluationGainFinancialAssetsLiabilities contextRef="From20090101To20091231" decimals="-3" unitRef="TWD">-435000</tw-gaap-ci:UnrealizedRevaluationGainFinancialAssetsLiabilities>
	<tw-gaap-ci:ImpairmentLossesNonFinancialAssets contextRef="From20100101To20101231" decimals="-3" unitRef="TWD">0</tw-gaap-ci:ImpairmentLossesNonFinancialAssets>
	<tw-gaap-ci:ImpairmentLossesNonFinancialAssets contextRef="From20090101To20091231" decimals="-3" unitRef="TWD">31146000</tw-gaap-ci:ImpairmentLossesNonFinancialAssets>
	<tw-gaap-ci:LossGainDeferredIncomeTax contextRef="From20100101To20101231" decimals="-3" unitRef="TWD">-80000</tw-gaap-ci:LossGainDeferredIncomeTax>
	<tw-gaap-ci:LossGainDeferredIncomeTax contextRef="From20090101To20091231" decimals="-3" unitRef="TWD">-1180000</tw-gaap-ci:LossGainDeferredIncomeTax>
	<tw-gaap-ci:OtherAdjustmentsReconcileNetIncomeNetCashProvidedUsedOperatingActivities contextRef="From20100101To20101231" decimals="-3" unitRef="TWD">4523000</tw-gaap-ci:OtherAdjustmentsReconcileNetIncomeNetCashProvidedUsedOperatingActivities>
	<tw-gaap-ci:OtherAdjustmentsReconcileNetIncomeNetCashProvidedUsedOperatingActivities contextRef="From20090101To20091231" decimals="-3" unitRef="TWD">2106000</tw-gaap-ci:OtherAdjustmentsReconcileNetIncomeNetCashProvidedUsedOperatingActivities>
	<tw-gaap-ci:AdjustmentsReconcileNetIncomeNetCashProvidedUsedOperatingActivities contextRef="From20100101To20101231" decimals="-3" unitRef="TWD">146654000</tw-gaap-ci:AdjustmentsReconcileNetIncomeNetCashProvidedUsedOperatingActivities>
	<tw-gaap-ci:AdjustmentsReconcileNetIncomeNetCashProvidedUsedOperatingActivities contextRef="From20090101To20091231" decimals="-3" unitRef="TWD">1050269000</tw-gaap-ci:AdjustmentsReconcileNetIncomeNetCashProvidedUsedOperatingActivities>
	<tw-gaap-ci:ChangesNotesReceivable contextRef="From20100101To20101231" decimals="-3" unitRef="TWD">507000</tw-gaap-ci:ChangesNotesReceivable>
	<tw-gaap-ci:ChangesNotesReceivable contextRef="From20090101To20091231" decimals="-3" unitRef="TWD">7274000</tw-gaap-ci:ChangesNotesReceivable>
	<tw-gaap-ci:ChangesNotesReceivableRelatedParties contextRef="From20100101To20101231" decimals="-3" unitRef="TWD">477000</tw-gaap-ci:ChangesNotesReceivableRelatedParties>
	<tw-gaap-ci:ChangesNotesReceivableRelatedParties contextRef="From20090101To20091231" decimals="-3" unitRef="TWD">-477000</tw-gaap-ci:ChangesNotesReceivableRelatedParties>
	<tw-gaap-ci:ChangesAccountsReceivable contextRef="From20100101To20101231" decimals="-3" unitRef="TWD">24052000</tw-gaap-ci:ChangesAccountsReceivable>
	<tw-gaap-ci:ChangesAccountsReceivable contextRef="From20090101To20091231" decimals="-3" unitRef="TWD">361051000</tw-gaap-ci:ChangesAccountsReceivable>
	<tw-gaap-ci:ChangesAccountsReceivableRelatedParties contextRef="From20100101To20101231" decimals="-3" unitRef="TWD">0</tw-gaap-ci:ChangesAccountsReceivableRelatedParties>
	<tw-gaap-ci:ChangesAccountsReceivableRelatedParties contextRef="From20090101To20091231" decimals="-3" unitRef="TWD">24617000</tw-gaap-ci:ChangesAccountsReceivableRelatedParties>
	<tw-gaap-ci:ChangesOtherReceivables contextRef="From20100101To20101231" decimals="-3" unitRef="TWD">-273000</tw-gaap-ci:ChangesOtherReceivables>
	<tw-gaap-ci:ChangesOtherReceivables contextRef="From20090101To20091231" decimals="-3" unitRef="TWD">42124000</tw-gaap-ci:ChangesOtherReceivables>
	<tw-gaap-ci:ChangesOtherReceivableRelatedParties contextRef="From20100101To20101231" decimals="-3" unitRef="TWD">318000</tw-gaap-ci:ChangesOtherReceivableRelatedParties>
	<tw-gaap-ci:ChangesOtherReceivableRelatedParties contextRef="From20090101To20091231" decimals="-3" unitRef="TWD">-521000</tw-gaap-ci:ChangesOtherReceivableRelatedParties>
	<tw-gaap-ci:ChangesInventories contextRef="From20100101To20101231" decimals="-3" unitRef="TWD">10031000</tw-gaap-ci:ChangesInventories>
	<tw-gaap-ci:ChangesInventories contextRef="From20090101To20091231" decimals="-3" unitRef="TWD">57739000</tw-gaap-ci:ChangesInventories>
	<tw-gaap-ci:ChangesPrepaidExpenses contextRef="From20100101To20101231" decimals="-3" unitRef="TWD">5798000</tw-gaap-ci:ChangesPrepaidExpenses>
	<tw-gaap-ci:ChangesPrepaidExpenses contextRef="From20090101To20091231" decimals="-3" unitRef="TWD">6810000</tw-gaap-ci:ChangesPrepaidExpenses>
	<tw-gaap-ci:ChangesOtherCurrentAssets_CI contextRef="From20100101To20101231" decimals="-3" unitRef="TWD">2717000</tw-gaap-ci:ChangesOtherCurrentAssets_CI>
	<tw-gaap-ci:ChangesOtherCurrentAssets_CI contextRef="From20090101To20091231" decimals="-3" unitRef="TWD">3843000</tw-gaap-ci:ChangesOtherCurrentAssets_CI>
	<tw-gaap-ci:ChangesOtherOperatingAssets contextRef="From20100101To20101231" decimals="-3" unitRef="TWD">694000</tw-gaap-ci:ChangesOtherOperatingAssets>
	<tw-gaap-ci:ChangesOtherOperatingAssets contextRef="From20090101To20091231" decimals="-3" unitRef="TWD">-20157000</tw-gaap-ci:ChangesOtherOperatingAssets>
	<tw-gaap-ci:ChangesOperatingAssets contextRef="From20100101To20101231" decimals="-3" unitRef="TWD">44321000</tw-gaap-ci:ChangesOperatingAssets>
	<tw-gaap-ci:ChangesOperatingAssets contextRef="From20090101To20091231" decimals="-3" unitRef="TWD">482303000</tw-gaap-ci:ChangesOperatingAssets>
	<tw-gaap-ci:ChangesNotesPayable contextRef="From20100101To20101231" decimals="-3" unitRef="TWD">-4589000</tw-gaap-ci:ChangesNotesPayable>
	<tw-gaap-ci:ChangesNotesPayable contextRef="From20090101To20091231" decimals="-3" unitRef="TWD">-736000</tw-gaap-ci:ChangesNotesPayable>
	<tw-gaap-ci:ChangesAccountsPayable contextRef="From20100101To20101231" decimals="-3" unitRef="TWD">-16767000</tw-gaap-ci:ChangesAccountsPayable>
	<tw-gaap-ci:ChangesAccountsPayable contextRef="From20090101To20091231" decimals="-3" unitRef="TWD">-90893000</tw-gaap-ci:ChangesAccountsPayable>
	<tw-gaap-ci:ChangesAccountsPayableRelatedParties contextRef="From20100101To20101231" decimals="-3" unitRef="TWD">17265000</tw-gaap-ci:ChangesAccountsPayableRelatedParties>
	<tw-gaap-ci:ChangesAccountsPayableRelatedParties contextRef="From20090101To20091231" decimals="-3" unitRef="TWD">9018000</tw-gaap-ci:ChangesAccountsPayableRelatedParties>
	<tw-gaap-ci:ChangesAccruedExpenses contextRef="From20100101To20101231" decimals="-3" unitRef="TWD">-20199000</tw-gaap-ci:ChangesAccruedExpenses>
	<tw-gaap-ci:ChangesAccruedExpenses contextRef="From20090101To20091231" decimals="-3" unitRef="TWD">10497000</tw-gaap-ci:ChangesAccruedExpenses>
	<tw-gaap-ci:ChangeOtherPayableRelatedParties contextRef="From20100101To20101231" decimals="-3" unitRef="TWD">560000</tw-gaap-ci:ChangeOtherPayableRelatedParties>
	<tw-gaap-ci:ChangeOtherPayableRelatedParties contextRef="From20090101To20091231" decimals="-3" unitRef="TWD">0</tw-gaap-ci:ChangeOtherPayableRelatedParties>
	<tw-gaap-ci:ChangesReceiptsAdvance contextRef="From20100101To20101231" decimals="-3" unitRef="TWD">5530000</tw-gaap-ci:ChangesReceiptsAdvance>
	<tw-gaap-ci:ChangesReceiptsAdvance contextRef="From20090101To20091231" decimals="-3" unitRef="TWD">-8526000</tw-gaap-ci:ChangesReceiptsAdvance>
	<tw-gaap-ci:ChangesOtherCurrentLiabilities_CI contextRef="From20100101To20101231" decimals="-3" unitRef="TWD">-1680000</tw-gaap-ci:ChangesOtherCurrentLiabilities_CI>
	<tw-gaap-ci:ChangesOtherCurrentLiabilities_CI contextRef="From20090101To20091231" decimals="-3" unitRef="TWD">593000</tw-gaap-ci:ChangesOtherCurrentLiabilities_CI>
	<tw-gaap-ci:ChangesAccruedPensionLiabilities contextRef="From20100101To20101231" decimals="-3" unitRef="TWD">0</tw-gaap-ci:ChangesAccruedPensionLiabilities>
	<tw-gaap-ci:ChangesAccruedPensionLiabilities contextRef="From20090101To20091231" decimals="-3" unitRef="TWD">-2518000</tw-gaap-ci:ChangesAccruedPensionLiabilities>
	<tw-gaap-ci:ChangesDeferredCredits contextRef="From20100101To20101231" decimals="-3" unitRef="TWD">-52000</tw-gaap-ci:ChangesDeferredCredits>
	<tw-gaap-ci:ChangesDeferredCredits contextRef="From20090101To20091231" decimals="-3" unitRef="TWD">-13000</tw-gaap-ci:ChangesDeferredCredits>
	<tw-gaap-ci:ChangesOperatingLiabilities contextRef="From20100101To20101231" decimals="-3" unitRef="TWD">-19932000</tw-gaap-ci:ChangesOperatingLiabilities>
	<tw-gaap-ci:ChangesOperatingLiabilities contextRef="From20090101To20091231" decimals="-3" unitRef="TWD">-82578000</tw-gaap-ci:ChangesOperatingLiabilities>
	<tw-gaap-ci:ChangesOperatingAssetsLiabilities contextRef="From20100101To20101231" decimals="-3" unitRef="TWD">24389000</tw-gaap-ci:ChangesOperatingAssetsLiabilities>
	<tw-gaap-ci:ChangesOperatingAssetsLiabilities contextRef="From20090101To20091231" decimals="-3" unitRef="TWD">399725000</tw-gaap-ci:ChangesOperatingAssetsLiabilities>
	<tw-gaap-ci:NetCashProvidedUsedOperatingActivities contextRef="From20100101To20101231" decimals="-3" unitRef="TWD">-20569000</tw-gaap-ci:NetCashProvidedUsedOperatingActivities>
	<tw-gaap-ci:NetCashProvidedUsedOperatingActivities contextRef="From20090101To20091231" decimals="-3" unitRef="TWD">352842000</tw-gaap-ci:NetCashProvidedUsedOperatingActivities>
	<tw-gaap-ci:AcquisitionInvestmentsAccountedEquityMethod contextRef="From20100101To20101231" decimals="-3" unitRef="TWD">-320180000</tw-gaap-ci:AcquisitionInvestmentsAccountedEquityMethod>
	<tw-gaap-ci:AcquisitionInvestmentsAccountedEquityMethod contextRef="From20090101To20091231" decimals="-3" unitRef="TWD">-1086185000</tw-gaap-ci:AcquisitionInvestmentsAccountedEquityMethod>
	<tw-gaap-ci:ReductionReturnStockValueInvestments contextRef="From20100101To20101231" decimals="-3" unitRef="TWD">0</tw-gaap-ci:ReductionReturnStockValueInvestments>
	<tw-gaap-ci:ReductionReturnStockValueInvestments contextRef="From20090101To20091231" decimals="-3" unitRef="TWD">314112000</tw-gaap-ci:ReductionReturnStockValueInvestments>
	<tw-gaap-ci:AcquisitionPropertyPlantEquipment contextRef="From20100101To20101231" decimals="-3" unitRef="TWD">-123000</tw-gaap-ci:AcquisitionPropertyPlantEquipment>
	<tw-gaap-ci:AcquisitionPropertyPlantEquipment contextRef="From20090101To20091231" decimals="-3" unitRef="TWD">-6277000</tw-gaap-ci:AcquisitionPropertyPlantEquipment>
	<tw-gaap-ci:ProceedsDisposalPropertyPlantEquipment contextRef="From20100101To20101231" decimals="-3" unitRef="TWD">99304000</tw-gaap-ci:ProceedsDisposalPropertyPlantEquipment>
	<tw-gaap-ci:ProceedsDisposalPropertyPlantEquipment contextRef="From20090101To20091231" decimals="-3" unitRef="TWD">10651000</tw-gaap-ci:ProceedsDisposalPropertyPlantEquipment>
	<tw-gaap-ci:ChangesRefundableDeposits contextRef="From20100101To20101231" decimals="-3" unitRef="TWD">-585000</tw-gaap-ci:ChangesRefundableDeposits>
	<tw-gaap-ci:ChangesRefundableDeposits contextRef="From20090101To20091231" decimals="-3" unitRef="TWD">0</tw-gaap-ci:ChangesRefundableDeposits>
	<tw-gaap-ci:ChangesOtherReceivablesRelatedParties contextRef="From20100101To20101231" decimals="-3" unitRef="TWD">-4213000</tw-gaap-ci:ChangesOtherReceivablesRelatedParties>
	<tw-gaap-ci:ChangesOtherReceivablesRelatedParties contextRef="From20090101To20091231" decimals="-3" unitRef="TWD">319371000</tw-gaap-ci:ChangesOtherReceivablesRelatedParties>
	<tw-gaap-ci:ChangesRestrictedAssets contextRef="From20100101To20101231" decimals="-3" unitRef="TWD">20511000</tw-gaap-ci:ChangesRestrictedAssets>
	<tw-gaap-ci:ChangesRestrictedAssets contextRef="From20090101To20091231" decimals="-3" unitRef="TWD">145130000</tw-gaap-ci:ChangesRestrictedAssets>
	<tw-gaap-ci:PurchaseIntangibleAssets contextRef="From20100101To20101231" decimals="-3" unitRef="TWD">0</tw-gaap-ci:PurchaseIntangibleAssets>
	<tw-gaap-ci:PurchaseIntangibleAssets contextRef="From20090101To20091231" decimals="-3" unitRef="TWD">-2900000</tw-gaap-ci:PurchaseIntangibleAssets>
	<tw-gaap-ci:NetCashProvidedUsedInvestingActivities contextRef="From20100101To20101231" decimals="-3" unitRef="TWD">-205286000</tw-gaap-ci:NetCashProvidedUsedInvestingActivities>
	<tw-gaap-ci:NetCashProvidedUsedInvestingActivities contextRef="From20090101To20091231" decimals="-3" unitRef="TWD">-306098000</tw-gaap-ci:NetCashProvidedUsedInvestingActivities>
	<tw-gaap-ci:ChangesGuaranteeDepositsReceived contextRef="From20100101To20101231" decimals="-3" unitRef="TWD">0</tw-gaap-ci:ChangesGuaranteeDepositsReceived>
	<tw-gaap-ci:ChangesGuaranteeDepositsReceived contextRef="From20090101To20091231" decimals="-3" unitRef="TWD">-1369000</tw-gaap-ci:ChangesGuaranteeDepositsReceived>
	<tw-gaap-ci:CapitalAddition contextRef="From20100101To20101231" decimals="-3" unitRef="TWD">0</tw-gaap-ci:CapitalAddition>
	<tw-gaap-ci:CapitalAddition contextRef="From20090101To20091231" decimals="-3" unitRef="TWD">250000000</tw-gaap-ci:CapitalAddition>
	<tw-gaap-ci:NetCashProvidedUsedFinancingActivities contextRef="From20100101To20101231" decimals="-3" unitRef="TWD">0</tw-gaap-ci:NetCashProvidedUsedFinancingActivities>
	<tw-gaap-ci:NetCashProvidedUsedFinancingActivities contextRef="From20090101To20091231" decimals="-3" unitRef="TWD">248631000</tw-gaap-ci:NetCashProvidedUsedFinancingActivities>
	<tw-gaap-ci:NetChangesCashCashEquivalents contextRef="From20100101To20101231" decimals="-3" unitRef="TWD">-225855000</tw-gaap-ci:NetChangesCashCashEquivalents>
	<tw-gaap-ci:NetChangesCashCashEquivalents contextRef="From20090101To20091231" decimals="-3" unitRef="TWD">295375000</tw-gaap-ci:NetChangesCashCashEquivalents>
	<tw-gaap-ci:CashCashEquivalents contextRef="AsOf20100101" decimals="-3" unitRef="TWD">422651000</tw-gaap-ci:CashCashEquivalents>
	<tw-gaap-ci:CashCashEquivalents contextRef="AsOf20090101" decimals="-3" unitRef="TWD">127276000</tw-gaap-ci:CashCashEquivalents>
	<tw-gaap-ci:InventoriesTransferredFixedAssets contextRef="From20100101To20101231" decimals="-3" unitRef="TWD">0</tw-gaap-ci:InventoriesTransferredFixedAssets>
	<tw-gaap-ci:InventoriesTransferredFixedAssets contextRef="From20090101To20091231" decimals="-3" unitRef="TWD">4328000</tw-gaap-ci:InventoriesTransferredFixedAssets>
	<tw-gaap-ci:IncreasePropertyPlantEquipment contextRef="From20100101To20101231" decimals="-3" unitRef="TWD">0</tw-gaap-ci:IncreasePropertyPlantEquipment>
	<tw-gaap-ci:IncreasePropertyPlantEquipment contextRef="From20090101To20091231" decimals="-3" unitRef="TWD">4768000</tw-gaap-ci:IncreasePropertyPlantEquipment>
	<tw-gaap-ci:ChangesPayableEquipmentPurchased contextRef="From20100101To20101231" decimals="-3" unitRef="TWD">123000</tw-gaap-ci:ChangesPayableEquipmentPurchased>
	<tw-gaap-ci:ChangesPayableEquipmentPurchased contextRef="From20090101To20091231" decimals="-3" unitRef="TWD">1509000</tw-gaap-ci:ChangesPayableEquipmentPurchased>
	<tw-gaap-ci:CashPaidAcquisitionPropertyPlantEquipment contextRef="From20100101To20101231" decimals="-3" unitRef="TWD">123000</tw-gaap-ci:CashPaidAcquisitionPropertyPlantEquipment>
	<tw-gaap-ci:CashPaidAcquisitionPropertyPlantEquipment contextRef="From20090101To20091231" decimals="-3" unitRef="TWD">6277000</tw-gaap-ci:CashPaidAcquisitionPropertyPlantEquipment>
	<tw-gaap-ci:ProceedsSalePropertyPlantEquipment contextRef="From20100101To20101231" decimals="-3" unitRef="TWD">979000</tw-gaap-ci:ProceedsSalePropertyPlantEquipment>
	<tw-gaap-ci:ProceedsSalePropertyPlantEquipment contextRef="From20090101To20091231" decimals="-3" unitRef="TWD">99987000</tw-gaap-ci:ProceedsSalePropertyPlantEquipment>
	<tw-gaap-ci:ChangesOtherReceivablesSaleFixedAssets contextRef="From20100101To20101231" decimals="-3" unitRef="TWD">98325000</tw-gaap-ci:ChangesOtherReceivablesSaleFixedAssets>
	<tw-gaap-ci:ChangesOtherReceivablesSaleFixedAssets contextRef="From20090101To20091231" decimals="-3" unitRef="TWD">-89336000</tw-gaap-ci:ChangesOtherReceivablesSaleFixedAssets>
	<tw-gaap-ci:CashReceivedSalePropertyPlantEquipment contextRef="From20100101To20101231" decimals="-3" unitRef="TWD">99304000</tw-gaap-ci:CashReceivedSalePropertyPlantEquipment>
	<tw-gaap-ci:CashReceivedSalePropertyPlantEquipment contextRef="From20090101To20091231" decimals="-3" unitRef="TWD">10651000</tw-gaap-ci:CashReceivedSalePropertyPlantEquipment>
	<tw-gaap-ci:BeginningBalanceMember contextRef="AsOf20101231_CommonStockValueMember" decimals="-3" unitRef="TWD">2829052000</tw-gaap-ci:BeginningBalanceMember>
	<tw-gaap-ci:BeginningBalanceMember contextRef="AsOf20101231_CapitalStockMember" decimals="-3" unitRef="TWD">2829052000</tw-gaap-ci:BeginningBalanceMember>
	<tw-gaap-ci:BeginningBalanceMember contextRef="AsOf20101231_CapitalSurplusMember" decimals="-3" unitRef="TWD">575000</tw-gaap-ci:BeginningBalanceMember>
	<tw-gaap-ci:BeginningBalanceMember contextRef="AsOf20101231_UnappropriatedRetainedEarningsMember" decimals="-3" unitRef="TWD">-1423773000</tw-gaap-ci:BeginningBalanceMember>
	<tw-gaap-ci:BeginningBalanceMember contextRef="AsOf20101231_RetainedEarningsMember" decimals="-3" unitRef="TWD">-1423773000</tw-gaap-ci:BeginningBalanceMember>
	<tw-gaap-ci:BeginningBalanceMember contextRef="AsOf20101231_CumulativeTranslationAdjustmentsMember" decimals="-3" unitRef="TWD">247262000</tw-gaap-ci:BeginningBalanceMember>
	<tw-gaap-ci:BeginningBalanceMember contextRef="AsOf20101231_UnrealizedRevaluationIncrementMember" decimals="-3" unitRef="TWD">61872000</tw-gaap-ci:BeginningBalanceMember>
	<tw-gaap-ci:BeginningBalanceMember contextRef="AsOf20101231_StockholdersEquitiesAdjustmentsMember" decimals="-3" unitRef="TWD">309134000</tw-gaap-ci:BeginningBalanceMember>
	<tw-gaap-ci:BeginningBalanceMember contextRef="AsOf20101231_TotalStockholdersEquitiesMember" decimals="-3" unitRef="TWD">1714988000</tw-gaap-ci:BeginningBalanceMember>
	<tw-gaap-ci:NetIncomeLossMember contextRef="From20100101To20101231_UnappropriatedRetainedEarningsMember" decimals="-3" unitRef="TWD">-191612000</tw-gaap-ci:NetIncomeLossMember>
	<tw-gaap-ci:NetIncomeLossMember contextRef="From20100101To20101231_RetainedEarningsMember" decimals="-3" unitRef="TWD">-191612000</tw-gaap-ci:NetIncomeLossMember>
	<tw-gaap-ci:NetIncomeLossMember contextRef="From20100101To20101231_TotalStockholdersEquitiesMember" decimals="-3" unitRef="TWD">-191612000</tw-gaap-ci:NetIncomeLossMember>
	<tw-gaap-ci:ChangesForeignExchangeGainLossTranslationForeignCurrencyFinancialStatementsMember contextRef="From20100101To20101231_CumulativeTranslationAdjustmentsMember" decimals="-3" unitRef="TWD">-91259000</tw-gaap-ci:ChangesForeignExchangeGainLossTranslationForeignCurrencyFinancialStatementsMember>
	<tw-gaap-ci:ChangesForeignExchangeGainLossTranslationForeignCurrencyFinancialStatementsMember contextRef="From20100101To20101231_StockholdersEquitiesAdjustmentsMember" decimals="-3" unitRef="TWD">-91259000</tw-gaap-ci:ChangesForeignExchangeGainLossTranslationForeignCurrencyFinancialStatementsMember>
	<tw-gaap-ci:ChangesForeignExchangeGainLossTranslationForeignCurrencyFinancialStatementsMember contextRef="From20100101To20101231_TotalStockholdersEquitiesMember" decimals="-3" unitRef="TWD">-91259000</tw-gaap-ci:ChangesForeignExchangeGainLossTranslationForeignCurrencyFinancialStatementsMember>
	<tw-gaap-ci:ChangesMember contextRef="From20100101To20101231_CommonStockValueMember" decimals="-3" unitRef="TWD">0</tw-gaap-ci:ChangesMember>
	<tw-gaap-ci:ChangesMember contextRef="From20100101To20101231_CapitalStockMember" decimals="-3" unitRef="TWD">0</tw-gaap-ci:ChangesMember>
	<tw-gaap-ci:ChangesMember contextRef="From20100101To20101231_CapitalSurplusMember" decimals="-3" unitRef="TWD">0</tw-gaap-ci:ChangesMember>
	<tw-gaap-ci:ChangesMember contextRef="From20100101To20101231_UnappropriatedRetainedEarningsMember" decimals="-3" unitRef="TWD">-191612000</tw-gaap-ci:ChangesMember>
	<tw-gaap-ci:ChangesMember contextRef="From20100101To20101231_RetainedEarningsMember" decimals="-3" unitRef="TWD">-191612000</tw-gaap-ci:ChangesMember>
	<tw-gaap-ci:ChangesMember contextRef="From20100101To20101231_CumulativeTranslationAdjustmentsMember" decimals="-3" unitRef="TWD">-91259000</tw-gaap-ci:ChangesMember>
	<tw-gaap-ci:ChangesMember contextRef="From20100101To20101231_UnrealizedRevaluationIncrementMember" decimals="-3" unitRef="TWD">0</tw-gaap-ci:ChangesMember>
	<tw-gaap-ci:ChangesMember contextRef="From20100101To20101231_StockholdersEquitiesAdjustmentsMember" decimals="-3" unitRef="TWD">-91259000</tw-gaap-ci:ChangesMember>
	<tw-gaap-ci:ChangesMember contextRef="From20100101To20101231_TotalStockholdersEquitiesMember" decimals="-3" unitRef="TWD">-282871000</tw-gaap-ci:ChangesMember>
	<tw-gaap-ci:EndYear contextRef="AsOf20101231_CommonStockValueMember" decimals="-3" unitRef="TWD">2829052000</tw-gaap-ci:EndYear>
	<tw-gaap-ci:EndYear contextRef="AsOf20101231_CapitalStockMember" decimals="-3" unitRef="TWD">2829052000</tw-gaap-ci:EndYear>
	<tw-gaap-ci:EndYear contextRef="AsOf20101231_CapitalSurplusMember" decimals="-3" unitRef="TWD">575000</tw-gaap-ci:EndYear>
	<tw-gaap-ci:EndYear contextRef="AsOf20101231_UnappropriatedRetainedEarningsMember" decimals="-3" unitRef="TWD">-1615385000</tw-gaap-ci:EndYear>
	<tw-gaap-ci:EndYear contextRef="AsOf20101231_RetainedEarningsMember" decimals="-3" unitRef="TWD">-1615385000</tw-gaap-ci:EndYear>
	<tw-gaap-ci:EndYear contextRef="AsOf20101231_CumulativeTranslationAdjustmentsMember" decimals="-3" unitRef="TWD">156003000</tw-gaap-ci:EndYear>
	<tw-gaap-ci:EndYear contextRef="AsOf20101231_UnrealizedRevaluationIncrementMember" decimals="-3" unitRef="TWD">61872000</tw-gaap-ci:EndYear>
	<tw-gaap-ci:EndYear contextRef="AsOf20101231_StockholdersEquitiesAdjustmentsMember" decimals="-3" unitRef="TWD">217875000</tw-gaap-ci:EndYear>
	<tw-gaap-ci:EndYear contextRef="AsOf20101231_TotalStockholdersEquitiesMember" decimals="-3" unitRef="TWD">1432117000</tw-gaap-ci:EndYear>
	<tw-gaap-ci:BeginningBalanceMember contextRef="AsOf20091231_CommonStockValueMember" decimals="-3" unitRef="TWD">2329052000</tw-gaap-ci:BeginningBalanceMember>
	<tw-gaap-ci:BeginningBalanceMember contextRef="AsOf20091231_CapitalStockMember" decimals="-3" unitRef="TWD">2329052000</tw-gaap-ci:BeginningBalanceMember>
	<tw-gaap-ci:BeginningBalanceMember contextRef="AsOf20091231_CapitalSurplusMember" decimals="-3" unitRef="TWD">1374955000</tw-gaap-ci:BeginningBalanceMember>
	<tw-gaap-ci:BeginningBalanceMember contextRef="AsOf20091231_LegalReserveMember" decimals="-3" unitRef="TWD">226866000</tw-gaap-ci:BeginningBalanceMember>
	<tw-gaap-ci:BeginningBalanceMember contextRef="AsOf20091231_UnappropriatedRetainedEarningsMember" decimals="-3" unitRef="TWD">-1677867000</tw-gaap-ci:BeginningBalanceMember>
	<tw-gaap-ci:BeginningBalanceMember contextRef="AsOf20091231_RetainedEarningsMember" decimals="-3" unitRef="TWD">-1451001000</tw-gaap-ci:BeginningBalanceMember>
	<tw-gaap-ci:BeginningBalanceMember contextRef="AsOf20091231_CumulativeTranslationAdjustmentsMember" decimals="-3" unitRef="TWD">304595000</tw-gaap-ci:BeginningBalanceMember>
	<tw-gaap-ci:BeginningBalanceMember contextRef="AsOf20091231_UnrealizedRevaluationIncrementMember" decimals="-3" unitRef="TWD">61872000</tw-gaap-ci:BeginningBalanceMember>
	<tw-gaap-ci:BeginningBalanceMember contextRef="AsOf20091231_StockholdersEquitiesAdjustmentsMember" decimals="-3" unitRef="TWD">366467000</tw-gaap-ci:BeginningBalanceMember>
	<tw-gaap-ci:BeginningBalanceMember contextRef="AsOf20091231_TotalStockholdersEquitiesMember" decimals="-3" unitRef="TWD">2619473000</tw-gaap-ci:BeginningBalanceMember>
	<tw-gaap-ci:IssuanceCommonStockMember contextRef="From20090101To20091231_CommonStockValueMember" decimals="-3" unitRef="TWD">500000000</tw-gaap-ci:IssuanceCommonStockMember>
	<tw-gaap-ci:IssuanceCommonStockMember contextRef="From20090101To20091231_CapitalStockMember" decimals="-3" unitRef="TWD">500000000</tw-gaap-ci:IssuanceCommonStockMember>
	<tw-gaap-ci:IssuanceCommonStockMember contextRef="From20090101To20091231_CapitalSurplusMember" decimals="-3" unitRef="TWD">-250000000</tw-gaap-ci:IssuanceCommonStockMember>
	<tw-gaap-ci:IssuanceCommonStockMember contextRef="From20090101To20091231_UnappropriatedRetainedEarningsMember" decimals="-3" unitRef="TWD">0</tw-gaap-ci:IssuanceCommonStockMember>
	<tw-gaap-ci:IssuanceCommonStockMember contextRef="From20090101To20091231_RetainedEarningsMember" decimals="-3" unitRef="TWD">0</tw-gaap-ci:IssuanceCommonStockMember>
	<tw-gaap-ci:IssuanceCommonStockMember contextRef="From20090101To20091231_TotalStockholdersEquitiesMember" decimals="-3" unitRef="TWD">250000000</tw-gaap-ci:IssuanceCommonStockMember>
	<tw-gaap-ci:CapitalsurpluscoveraccumulateddeficitsMember contextRef="From20090101To20091231_CapitalSurplusMember" decimals="-3" unitRef="TWD">-1124380000</tw-gaap-ci:CapitalsurpluscoveraccumulateddeficitsMember>
	<tw-gaap-ci:CapitalsurpluscoveraccumulateddeficitsMember contextRef="From20090101To20091231_UnappropriatedRetainedEarningsMember" decimals="-3" unitRef="TWD">1124380000</tw-gaap-ci:CapitalsurpluscoveraccumulateddeficitsMember>
	<tw-gaap-ci:CapitalsurpluscoveraccumulateddeficitsMember contextRef="From20090101To20091231_RetainedEarningsMember" decimals="-3" unitRef="TWD">1124380000</tw-gaap-ci:CapitalsurpluscoveraccumulateddeficitsMember>
	<tw-gaap-ci:CapitalsurpluscoveraccumulateddeficitsMember contextRef="From20090101To20091231_TotalStockholdersEquitiesMember" decimals="-3" unitRef="TWD">0</tw-gaap-ci:CapitalsurpluscoveraccumulateddeficitsMember>
	<tw-gaap-ci:LegalReserveUsedToCoverAccumulatedDeficitsMember contextRef="From20090101To20091231_LegalReserveMember" decimals="-3" unitRef="TWD">-226866000</tw-gaap-ci:LegalReserveUsedToCoverAccumulatedDeficitsMember>
	<tw-gaap-ci:LegalReserveUsedToCoverAccumulatedDeficitsMember contextRef="From20090101To20091231_UnappropriatedRetainedEarningsMember" decimals="-3" unitRef="TWD">226866000</tw-gaap-ci:LegalReserveUsedToCoverAccumulatedDeficitsMember>
	<tw-gaap-ci:LegalReserveUsedToCoverAccumulatedDeficitsMember contextRef="From20090101To20091231_RetainedEarningsMember" decimals="-3" unitRef="TWD">0</tw-gaap-ci:LegalReserveUsedToCoverAccumulatedDeficitsMember>
	<tw-gaap-ci:LegalReserveUsedToCoverAccumulatedDeficitsMember contextRef="From20090101To20091231_TotalStockholdersEquitiesMember" decimals="-3" unitRef="TWD">0</tw-gaap-ci:LegalReserveUsedToCoverAccumulatedDeficitsMember>
	<tw-gaap-ci:NetIncomeLossMember contextRef="From20090101To20091231_UnappropriatedRetainedEarningsMember" decimals="-3" unitRef="TWD">-1097152000</tw-gaap-ci:NetIncomeLossMember>
	<tw-gaap-ci:NetIncomeLossMember contextRef="From20090101To20091231_RetainedEarningsMember" decimals="-3" unitRef="TWD">-1097152000</tw-gaap-ci:NetIncomeLossMember>
	<tw-gaap-ci:NetIncomeLossMember contextRef="From20090101To20091231_TotalStockholdersEquitiesMember" decimals="-3" unitRef="TWD">-1097152000</tw-gaap-ci:NetIncomeLossMember>
	<tw-gaap-ci:ChangesForeignExchangeGainLossTranslationForeignCurrencyFinancialStatementsMember contextRef="From20090101To20091231_CumulativeTranslationAdjustmentsMember" decimals="-3" unitRef="TWD">-57333000</tw-gaap-ci:ChangesForeignExchangeGainLossTranslationForeignCurrencyFinancialStatementsMember>
	<tw-gaap-ci:ChangesForeignExchangeGainLossTranslationForeignCurrencyFinancialStatementsMember contextRef="From20090101To20091231_StockholdersEquitiesAdjustmentsMember" decimals="-3" unitRef="TWD">-57333000</tw-gaap-ci:ChangesForeignExchangeGainLossTranslationForeignCurrencyFinancialStatementsMember>
	<tw-gaap-ci:ChangesForeignExchangeGainLossTranslationForeignCurrencyFinancialStatementsMember contextRef="From20090101To20091231_TotalStockholdersEquitiesMember" decimals="-3" unitRef="TWD">-57333000</tw-gaap-ci:ChangesForeignExchangeGainLossTranslationForeignCurrencyFinancialStatementsMember>
	<tw-gaap-ci:ChangesMember contextRef="From20090101To20091231_CommonStockValueMember" decimals="-3" unitRef="TWD">500000000</tw-gaap-ci:ChangesMember>
	<tw-gaap-ci:ChangesMember contextRef="From20090101To20091231_CapitalStockMember" decimals="-3" unitRef="TWD">500000000</tw-gaap-ci:ChangesMember>
	<tw-gaap-ci:ChangesMember contextRef="From20090101To20091231_CapitalSurplusMember" decimals="-3" unitRef="TWD">-1374380000</tw-gaap-ci:ChangesMember>
	<tw-gaap-ci:ChangesMember contextRef="From20090101To20091231_LegalReserveMember" decimals="-3" unitRef="TWD">-226866000</tw-gaap-ci:ChangesMember>
	<tw-gaap-ci:ChangesMember contextRef="From20090101To20091231_UnappropriatedRetainedEarningsMember" decimals="-3" unitRef="TWD">254094000</tw-gaap-ci:ChangesMember>
	<tw-gaap-ci:ChangesMember contextRef="From20090101To20091231_RetainedEarningsMember" decimals="-3" unitRef="TWD">27228000</tw-gaap-ci:ChangesMember>
	<tw-gaap-ci:ChangesMember contextRef="From20090101To20091231_CumulativeTranslationAdjustmentsMember" decimals="-3" unitRef="TWD">-57333000</tw-gaap-ci:ChangesMember>
	<tw-gaap-ci:ChangesMember contextRef="From20090101To20091231_UnrealizedRevaluationIncrementMember" decimals="-3" unitRef="TWD">0</tw-gaap-ci:ChangesMember>
	<tw-gaap-ci:ChangesMember contextRef="From20090101To20091231_StockholdersEquitiesAdjustmentsMember" decimals="-3" unitRef="TWD">-57333000</tw-gaap-ci:ChangesMember>
	<tw-gaap-ci:ChangesMember contextRef="From20090101To20091231_TotalStockholdersEquitiesMember" decimals="-3" unitRef="TWD">-904485000</tw-gaap-ci:ChangesMember>
	<tw-gaap-ci:EndYear contextRef="AsOf20091231_CommonStockValueMember" decimals="-3" unitRef="TWD">2829052000</tw-gaap-ci:EndYear>
	<tw-gaap-ci:EndYear contextRef="AsOf20091231_CapitalStockMember" decimals="-3" unitRef="TWD">2829052000</tw-gaap-ci:EndYear>
	<tw-gaap-ci:EndYear contextRef="AsOf20091231_CapitalSurplusMember" decimals="-3" unitRef="TWD">575000</tw-gaap-ci:EndYear>
	<tw-gaap-ci:EndYear contextRef="AsOf20091231_LegalReserveMember" decimals="-3" unitRef="TWD">0</tw-gaap-ci:EndYear>
	<tw-gaap-ci:EndYear contextRef="AsOf20091231_UnappropriatedRetainedEarningsMember" decimals="-3" unitRef="TWD">-1423773000</tw-gaap-ci:EndYear>
	<tw-gaap-ci:EndYear contextRef="AsOf20091231_RetainedEarningsMember" decimals="-3" unitRef="TWD">-1423773000</tw-gaap-ci:EndYear>
	<tw-gaap-ci:EndYear contextRef="AsOf20091231_CumulativeTranslationAdjustmentsMember" decimals="-3" unitRef="TWD">247262000</tw-gaap-ci:EndYear>
	<tw-gaap-ci:EndYear contextRef="AsOf20091231_UnrealizedRevaluationIncrementMember" decimals="-3" unitRef="TWD">61872000</tw-gaap-ci:EndYear>
	<tw-gaap-ci:EndYear contextRef="AsOf20091231_StockholdersEquitiesAdjustmentsMember" decimals="-3" unitRef="TWD">309134000</tw-gaap-ci:EndYear>
	<tw-gaap-ci:EndYear contextRef="AsOf20091231_TotalStockholdersEquitiesMember" decimals="-3" unitRef="TWD">1714988000</tw-gaap-ci:EndYear>
	<tw-gaap-ci:OtherSupplementalInformation>
		<tw-gaap-ci:ChineseAccount contextRef="From20100101To20101231">待領用備品零件轉列遞延費用                                                                                                                                                                              </tw-gaap-ci:ChineseAccount>
		<tw-gaap-ci:EnglishAccount contextRef="From20100101To20101231">Reclassification of office supplies to deferred charges                                                                                                                                                 </tw-gaap-ci:EnglishAccount>
		<tw-gaap-ci:Amount contextRef="From20100101To20101231" decimals="-3" unitRef="TWD">0</tw-gaap-ci:Amount>
	</tw-gaap-ci:OtherSupplementalInformation>

	<tw-gaap-ci:OtherSupplementalInformation>
		<tw-gaap-ci:ChineseAccount contextRef="From20090101To20091231">待領用備品零件轉列遞延費用                                                                                                                                                                              </tw-gaap-ci:ChineseAccount>
		<tw-gaap-ci:EnglishAccount contextRef="From20090101To20091231">Reclassification of office supplies to deferred charges                                                                                                                                                 </tw-gaap-ci:EnglishAccount>
		<tw-gaap-ci:Amount contextRef="From20090101To20091231" decimals="-3" unitRef="TWD">17769000</tw-gaap-ci:Amount>
	</tw-gaap-ci:OtherSupplementalInformation>

	<tw-gaap-ar:AccountantName contextRef="AsOf20110308">勤業眾信聯合會計師事務所</tw-gaap-ar:AccountantName>
	<tw-gaap-ar:AssuranceAccountantName1 contextRef="AsOf20110308">郭文吉</tw-gaap-ar:AssuranceAccountantName1>
	<tw-gaap-ar:AssuranceAccountantName2 contextRef="AsOf20110308">許庭禎</tw-gaap-ar:AssuranceAccountantName2>
	<tw-gaap-ar:ReviewAuditDate contextRef="AsOf20110308">2011-03-08</tw-gaap-ar:ReviewAuditDate>
	<tw-gaap-ar:AuditReport contextRef="AsOf20110308">Y</tw-gaap-ar:AuditReport>
	<tw-gaap-ar:UnqualifiedOpinionAbstract contextRef="AsOf20110308">Y</tw-gaap-ar:UnqualifiedOpinionAbstract>
	<tw-gaap-ar:DescriptionEmphasizeItemBody contextRef="AsOf20110308"><![CDATA[]]></tw-gaap-ar:DescriptionEmphasizeItemBody>
	<tw-gaap-ar:DescriptionOtherItemBody contextRef="AsOf20110308"><![CDATA[]]></tw-gaap-ar:DescriptionOtherItemBody>
	<tw-gaap-ar:AccountantsReportBody contextRef="AsOf20110308"><![CDATA[華孚科技股份有限公司 公鑒：

    華孚科技股份有限公司民國九十九年及九十八年十二月三十一日之資產負債表，暨民
國九十九年及九十八年一月一日至十二月三十一日之損益表、股東權益變動表及現金流量
表，業經本會計師查核竣事。上開財務報表之編製係管理階層之責任，本會計師之責任則
為根據查核結果對上開財務報表表示意見。

    本會計師係依照會計師查核簽證財務報表規則及一般公認審計準則規劃並執行查核工
作，以合理確信財務報表有無重大不實表達。此項查核工作包括以抽查方式獲取財務報表
所列金額及所揭露事項之查核證據、評估公司管理階層編製財務報表所採用之會計原則及
所作之重大會計估計，暨評估財務報表整體之表達。本會計師相信此項查核工作可對所表
示之意見提供合理之依據。

    依本會計師之意見，第一段所述財務報表在所有重大方面係依照證券發行人財務報告
編製準則、商業會計法及商業會計處理準則與財務會計準則相關之規定暨一般公認會計原
則編製，足以允當表達華孚科技股份有限公司民國九十九年及九十八年十二月三十一日之
財務狀況，暨民國九十九及九十八年度之經營成果與現金流量。

    如財務報表附註三所述，華孚科技股份有限公司依金融監督管理委員會民國九十九年
三月二十三日金管證審字第○九九○○○九七○二號函重編其民國九十八年度財務報表，
將出售華孚常熟之股權利益予以遞延至買回期限屆滿或確定無法買回時認列，另迴轉固定
資產之減損損失至減損跡象顯著時提列，致民國九十八年度之純損增加新台幣3,230 仟
元。
    
    華孚科技股份有限公司民國九十九年度之財務報表重要會計科目明細表，主要係供補
充分析之用，亦經本會計師採用第二段所述之查核程序予以查核。據本會計師之意見，該
等科目明細表在所有重大方面與第一段所述財務報表相關資訊一致。
    
    華孚科技股份有限公司已編製民國九十九及九十八年度之合併財務報表，並經本會計
師分別出具無保留意見及修正式無保留意見之查核報告在案，備供參考。


勤業眾信聯合會計師事務所
會 計 師   郭   文   吉                   會 計 師   許   庭   禎

財政部證券暨期貨管理委員會核准文號        財政部證券暨期貨管理委員會核准文號
   台財證六字第0920123784 號                 台財證六字第0920123784 號


中     華     民     國     一  ○  ○    年       三       月      八     日
]]></tw-gaap-ar:AccountantsReportBody>
	<tw-gaap-notes:FinancialReportNotes contextRef="From20100101To20101231"><![CDATA[http://doc.twse.com.tw/server-java/t57sb01?step=1&colorchg=1&co_id=6235&year=99&seamon=4&mtype=A&]]></tw-gaap-notes:FinancialReportNotes>
	<tw-gaap-notes:OrganizationAndOperations contextRef="From20100101To20101231"><![CDATA[本公司於四十三年一月設立，主要於中國大陸地區設廠產銷鎂合金（Magnesium Alloy）射出成型件。本公司股票自九十二年三月起上櫃，
並於九十三年八月轉上市。截至九十九年及九十八年十二月三十一日止，本公司員工人數分別為57人及74人。
]]></tw-gaap-notes:OrganizationAndOperations>
	<tw-gaap-notes:SummaryOfSignificantAccountingPolicies contextRef="From20100101To20101231"><![CDATA[本財務報表係依照證券發行人財務報告編製準則、商業會計法、商業會計處理準則及一般公認會計原則編製。重要會計政策之彙總說明如下：

估計之使用
    對於資產負債表日部分資產與負債之金額，及財務報導期間部分收入與費用之金額，必須使用合理之估計。因估計通常係在不確定情況下
    作成之判斷，因此可能與將來實際結果有所差異。

資產與負債區分流動與非流動之標準
    流動資產為未受限制之現金及預期於資產負債表日後一年內變現或耗用之資產，資產不屬於流動資產者為非流動資產。流動負債為須於一
    年內清償之負債，負債不屬於流動負債者為非流動負債。

公平價值變動列入損益之金融商品
    係未能符合避險會計之衍生性金融商品。原始認列時，係以公平價值衡量，交易成本列為當年度費用。續後評價時以公平價值衡量，且其
    價值變動認列為當年度損益。依交易慣例購買或出售金融資產時，採交易日會計處理。公平價值為正值時，列為金融資產；公平價值為負
    值時，列為金融負債。

備抵呆帳
    按應收款項之可收現性予以估列。

存 貨
    係以加權平均成本與淨變現價值孰低計價。

採權益法之長期股權投資
    本公司對被投資公司具有重大影響力之長期股權投資，採權益法計價。

以成本衡量之金融資產
    係投資無法可靠衡量公平價值之國內未上市櫃公司股票，以原始取得成本衡量。若有減損之客觀證據，則認列減損損失，此減損損失嗣後
    不得迴轉。
    現金股利於被投資公司除息日認列收益。股票股利不列為投資收益，僅註記股數增加，並按增加後之總股數重新計算每股成本。

固定資產及出租資產
    土地以外之固定資產及出租資產係按成本或成本加重估增值減累計折舊及累計減損計價，土地按成本或成本加重估增值計價。重大更新及
    改良作為資本支出；維護及修理支出則作為當年度費用。
    折舊係採直線法按估計耐用年數提列，主要耐用年數為：房屋建築－五至四十年；機器設備－五至十年；模具設備－三至五年；運輸設備
    －五年；辦公設備－三至五年；其他設備（主要為消防設備）－五至十五年。固定資產及出租資產耐用年限屆滿仍繼續使用者，採直線法
    按估計可繼續使用年數計提。

遞延權利金
    係給付鎂合金生產設備之權利金，採直線法按十年平均攤銷。

電腦軟體成本
    以取得成本為入帳基礎，採直線法按一至三年平均攤銷。

遞延費用
    主要係工廠耗品，採直線法按一至二年平均攤銷。

資產減損
    當長期資產之帳面金額大於其可回收金額時，則提列價值減損，並列為當年度損失。嗣後若資產可回收金額增加時，將減損損失迴轉認列
    為利益，惟資產於減損損失迴轉後之帳面金額不得超過該項資產在未提列價值減損之情況下，減除應提列之折舊或攤銷後之帳面金額。

收入認列
    銷貨收入於存貨顯著風險與報酬移轉予客戶時（一般為出貨時)認列。

員工退休金
    屬確定給付之退休辦法者係按精算結果認列退休金成本，而屬確定提撥之退休辦法者則依應提撥金額認列退休金成本。
    確定給付退休辦法發生縮減或清償時，將縮減或清償損益列入當年度之淨退休金成本。

遞延貸項－聯屬公司間未實現利益
    與採權益法之被投資公司交易所產生之未實現利益予以消除，俟實現時始予認列。

所得稅
    應課稅暫時性差異之所得稅影響數認列為遞延所得稅負債；可減除暫時性差異及未使用所得稅投資抵減與虧損扣抵所產生之所得稅影響數
    ，則認列為遞延所得稅資產，並評估其可實現性，認列相關備抵評價金額。遞延所得稅資產或負債依其相關資產或負債之分類劃分為流動
    或非流動項目，無相關之資產或負債者，依預期實現或清償之期間長短劃分為流動或非流動項目。
    所得稅投資抵減按當期認列法處理。
    未分配盈餘加徵之所得稅於金額可確定時（即股東會決議盈餘分配年度）認列。
    以前年度所得稅之調整，列為當年度之所得稅。

每股盈餘
    流通在外股數因無償配股（保留盈餘轉增資）或員工紅利轉增資而增加者，於計算每股盈餘時予以追溯調整，若增資基準日在資產負債表
    日至財務報表提出日之間，亦追溯調整。若有員工執行認股權而使股數發生變動，採加權平均流通在外股數計算。
    計算每股盈餘時，假設員工紅利擬以股票發放（自員工分紅費用化後）及發行之員工認股權採庫藏股票法測試具有稀釋作用，則因而增加
    之股數亦列入計算（稀釋每股盈餘）。

員工分紅及董監事酬勞
    依公司章程給付之員工紅利及董監事酬勞視為費用，而非盈餘之分配，並依過去經驗可能發放之金額為估列基礎。年度終了後，董事會決
    議之發放金額有重大變動時，該變動調整原提列年度之費用，至股東會決議時，若金額仍有變動，則依會計估計變動處理，於股東會決議
    年度調整入帳。如股東會決議採股票發放員工紅利，股票紅利股數以決議分紅之金額除以股票公平價值決定，股票公平價值係以股東會決
    議日前一日之收盤價，並考量除權除息之影響為計算基礎。

員工認股權
    所發行酬勞性員工認股權憑證之給與日於九十三年一月一日至九十六年十二月三十一日間者，採內含價值法處理，並揭露採公平價值法之
    相關擬制資訊。

外幣換算
    非衍生性金融商品之外幣交易係按交易發生時匯率折算之新台幣金額入帳。當外幣貨幣性資產及負債以新台幣收付結清時，因適用不同匯
    率所產生之損失或盈益，列為結清當年度損益。外幣貨幣性資產及負債之年底餘額，按當日匯率予以換算，因而產生之兌換差額，亦列為
    當年度損益。
    採權益法計價之外幣長期股權投資，以被投資公司之外幣財務報表換算後所得之股東權益為依據，其兌換差額列為股東權益項下之累積換
    算調整數。

重分類
    為配合九十九年度財務報表之表達，九十八年度財務報表若干科目已予重分類。
]]></tw-gaap-notes:SummaryOfSignificantAccountingPolicies>
	<tw-gaap-notes:ChangesInAccountingPrinciples contextRef="From20100101To20101231"><![CDATA[本公司依金融監督管理委員會民國九十九年三月二十三日金管證審字第○九九○○○九七○二號函重編九十八年度財務報表，將出售華孚常熟之
股權利益予以遞延至買回期限屆滿或確定無法買回時認列（附註七及十九），另迴轉固定資產之減損損失至減損跡象顯著時認列，致九十八年度
之純損增加3,230 仟元。
]]></tw-gaap-notes:ChangesInAccountingPrinciples>
</xbrl>

<!--This instance document is created by SIIAP V1.4.3-->
