<?xml version="1.0" encoding="UTF-8"?>
<xbrl xmlns="http://www.xbrl.org/2003/instance" xmlns:iso4217="http://www.xbrl.org/2003/iso4217" xmlns:link="http://www.xbrl.org/2003/linkbase" xmlns:tw-gaap-ar="http://www.xbrl.org/tw/fr/gaap/ar/2011-12-31" xmlns:tw-gaap-ci="http://www.xbrl.org/tw/fr/gaap/tw-gaap-ci-2011-12-31" xmlns:tw-gaap-notes="http://www.xbrl.org/tw/fr/gaap/notes/2011-12-31" xmlns:xbrldi="http://xbrl.org/2006/xbrldi" xmlns:xbrldt="http://xbrl.org/2005/xbrldt" xmlns:xbrli="http://www.xbrl.org/2003/instance" xmlns:xlink="http://www.w3.org/1999/xlink">
	<link:schemaRef xlink:arcrole="http://www.w3.org/1999/xlink/properties/linkbase" xlink:href="tw-gaap-ci-2011-12-31.xsd" xlink:type="simple"/>	<context id="AsOf20121026">
		<entity>
			<identifier scheme="http://www.twse.com.tw">2227</identifier>
		</entity>
		<period>
			<instant>2012-10-26</instant>
		</period>
	</context>
	<context id="AsOf20110101">
		<entity>
			<identifier scheme="http://www.twse.com.tw">2227</identifier>
		</entity>
		<period>
			<instant>2011-01-01</instant>
		</period>
	</context>
	<context id="AsOf20120101">
		<entity>
			<identifier scheme="http://www.twse.com.tw">2227</identifier>
		</entity>
		<period>
			<instant>2012-01-01</instant>
		</period>
	</context>
	<context id="From20110101To20110930">
		<entity>
			<identifier scheme="http://www.twse.com.tw">2227</identifier>
		</entity>
		<period>
			<startDate>2011-01-01</startDate>
			<endDate>2011-09-30</endDate>
		</period>
	</context>
	<context id="AsOf20110930">
		<entity>
			<identifier scheme="http://www.twse.com.tw">2227</identifier>
		</entity>
		<period>
			<instant>2011-09-30</instant>
		</period>
	</context>
	<context id="From20120101To20120930">
		<entity>
			<identifier scheme="http://www.twse.com.tw">2227</identifier>
		</entity>
		<period>
			<startDate>2012-01-01</startDate>
			<endDate>2012-09-30</endDate>
		</period>
	</context>
	<context id="AsOf20120930">
		<entity>
			<identifier scheme="http://www.twse.com.tw">2227</identifier>
		</entity>
		<period>
			<instant>2012-09-30</instant>
		</period>
	</context>
	<unit id="TWD">
		<measure>iso4217:TWD</measure>
	</unit>
	<unit id="Shares">
		<measure>xbrli:shares</measure>
	</unit>
	<unit id="EarningsPerShare">
		<divide>
			<unitNumerator>
				<measure>iso4217:TWD</measure>
			</unitNumerator>
			<unitDenominator>
				<measure>xbrli:shares</measure>
			</unitDenominator>
		</divide>
	</unit>
	<unit id="Pure">
		<measure>xbrli:pure</measure>
	</unit>
	<tw-gaap-ci:CashCashEquivalents contextRef="AsOf20120930" decimals="-3" unitRef="TWD">569030000</tw-gaap-ci:CashCashEquivalents>
	<tw-gaap-ci:CashCashEquivalents contextRef="AsOf20110930" decimals="-3" unitRef="TWD">371740000</tw-gaap-ci:CashCashEquivalents>
	<tw-gaap-ci:FinancialAssetsMeasuredFairValueProfitLossCurrent contextRef="AsOf20120930" decimals="-3" unitRef="TWD">291595000</tw-gaap-ci:FinancialAssetsMeasuredFairValueProfitLossCurrent>
	<tw-gaap-ci:FinancialAssetsMeasuredFairValueProfitLossCurrent contextRef="AsOf20110930" decimals="-3" unitRef="TWD">3159132000</tw-gaap-ci:FinancialAssetsMeasuredFairValueProfitLossCurrent>
	<tw-gaap-ci:NetAccountsReceivable contextRef="AsOf20120930" decimals="-3" unitRef="TWD">40395000</tw-gaap-ci:NetAccountsReceivable>
	<tw-gaap-ci:NetAccountsReceivable contextRef="AsOf20110930" decimals="-3" unitRef="TWD">31434000</tw-gaap-ci:NetAccountsReceivable>
	<tw-gaap-ci:NetAccountsReceivableRelatedParties contextRef="AsOf20120930" decimals="-3" unitRef="TWD">562502000</tw-gaap-ci:NetAccountsReceivableRelatedParties>
	<tw-gaap-ci:NetAccountsReceivableRelatedParties contextRef="AsOf20110930" decimals="-3" unitRef="TWD">571342000</tw-gaap-ci:NetAccountsReceivableRelatedParties>
	<tw-gaap-ci:OtherFinancialAssetsCurrent contextRef="AsOf20120930" decimals="-3" unitRef="TWD">15994000</tw-gaap-ci:OtherFinancialAssetsCurrent>
	<tw-gaap-ci:OtherFinancialAssetsCurrent contextRef="AsOf20110930" decimals="-3" unitRef="TWD">9573000</tw-gaap-ci:OtherFinancialAssetsCurrent>
	<tw-gaap-ci:Inventories contextRef="AsOf20120930" decimals="-3" unitRef="TWD">1938000</tw-gaap-ci:Inventories>
	<tw-gaap-ci:Inventories contextRef="AsOf20110930" decimals="-3" unitRef="TWD">1640000</tw-gaap-ci:Inventories>
	<tw-gaap-ci:OtherPrepayments contextRef="AsOf20120930" decimals="-3" unitRef="TWD">23057000</tw-gaap-ci:OtherPrepayments>
	<tw-gaap-ci:OtherPrepayments contextRef="AsOf20110930" decimals="-3" unitRef="TWD">3987000</tw-gaap-ci:OtherPrepayments>
	<tw-gaap-ci:DeferredIncomeTaxAssetsCurrent contextRef="AsOf20120930" decimals="-3" unitRef="TWD">32212000</tw-gaap-ci:DeferredIncomeTaxAssetsCurrent>
	<tw-gaap-ci:DeferredIncomeTaxAssetsCurrent contextRef="AsOf20110930" decimals="-3" unitRef="TWD">24900000</tw-gaap-ci:DeferredIncomeTaxAssetsCurrent>
	<tw-gaap-ci:OtherCurrentAssets contextRef="AsOf20120930" decimals="-3" unitRef="TWD">32212000</tw-gaap-ci:OtherCurrentAssets>
	<tw-gaap-ci:OtherCurrentAssets contextRef="AsOf20110930" decimals="-3" unitRef="TWD">24900000</tw-gaap-ci:OtherCurrentAssets>
	<tw-gaap-ci:CurrentAssets contextRef="AsOf20120930" decimals="-3" unitRef="TWD">1536723000</tw-gaap-ci:CurrentAssets>
	<tw-gaap-ci:CurrentAssets contextRef="AsOf20110930" decimals="-3" unitRef="TWD">4173748000</tw-gaap-ci:CurrentAssets>
	<tw-gaap-ci:LongtermInvestmentsEquity contextRef="AsOf20120930" decimals="-3" unitRef="TWD">22457925000</tw-gaap-ci:LongtermInvestmentsEquity>
	<tw-gaap-ci:LongtermInvestmentsEquity contextRef="AsOf20110930" decimals="-3" unitRef="TWD">18447685000</tw-gaap-ci:LongtermInvestmentsEquity>
	<tw-gaap-ci:LongtermInvestments contextRef="AsOf20120930" decimals="-3" unitRef="TWD">22457925000</tw-gaap-ci:LongtermInvestments>
	<tw-gaap-ci:LongtermInvestments contextRef="AsOf20110930" decimals="-3" unitRef="TWD">18447685000</tw-gaap-ci:LongtermInvestments>
	<tw-gaap-ci:FundsInvestments contextRef="AsOf20120930" decimals="-3" unitRef="TWD">22457925000</tw-gaap-ci:FundsInvestments>
	<tw-gaap-ci:FundsInvestments contextRef="AsOf20110930" decimals="-3" unitRef="TWD">18447685000</tw-gaap-ci:FundsInvestments>
	<tw-gaap-ci:MachineryEquipment contextRef="AsOf20120930" decimals="-3" unitRef="TWD">19051000</tw-gaap-ci:MachineryEquipment>
	<tw-gaap-ci:MachineryEquipment contextRef="AsOf20110930" decimals="-3" unitRef="TWD">21135000</tw-gaap-ci:MachineryEquipment>
	<tw-gaap-ci:ComputerTelecommunicationEquipment contextRef="AsOf20120930" decimals="-3" unitRef="TWD">83019000</tw-gaap-ci:ComputerTelecommunicationEquipment>
	<tw-gaap-ci:ComputerTelecommunicationEquipment contextRef="AsOf20110930" decimals="-3" unitRef="TWD">84484000</tw-gaap-ci:ComputerTelecommunicationEquipment>
	<tw-gaap-ci:TransportationEquipment contextRef="AsOf20120930" decimals="-3" unitRef="TWD">4290000</tw-gaap-ci:TransportationEquipment>
	<tw-gaap-ci:TransportationEquipment contextRef="AsOf20110930" decimals="-3" unitRef="TWD">4290000</tw-gaap-ci:TransportationEquipment>
	<tw-gaap-ci:MaintenanceEquipmentTools contextRef="AsOf20120930" decimals="-3" unitRef="TWD">5694000</tw-gaap-ci:MaintenanceEquipmentTools>
	<tw-gaap-ci:MaintenanceEquipmentTools contextRef="AsOf20110930" decimals="-3" unitRef="TWD">5694000</tw-gaap-ci:MaintenanceEquipmentTools>
	<tw-gaap-ci:LeaseholdImprovements contextRef="AsOf20120930" decimals="-3" unitRef="TWD">2874000</tw-gaap-ci:LeaseholdImprovements>
	<tw-gaap-ci:LeaseholdImprovements contextRef="AsOf20110930" decimals="-3" unitRef="TWD">5763000</tw-gaap-ci:LeaseholdImprovements>
	<tw-gaap-ci:OtherFacilities contextRef="AsOf20120930" decimals="-3" unitRef="TWD">81709000</tw-gaap-ci:OtherFacilities>
	<tw-gaap-ci:OtherFacilities contextRef="AsOf20110930" decimals="-3" unitRef="TWD">80455000</tw-gaap-ci:OtherFacilities>
	<tw-gaap-ci:FixedAssetsOriginalCosts contextRef="AsOf20120930" decimals="-3" unitRef="TWD">196637000</tw-gaap-ci:FixedAssetsOriginalCosts>
	<tw-gaap-ci:FixedAssetsOriginalCosts contextRef="AsOf20110930" decimals="-3" unitRef="TWD">201821000</tw-gaap-ci:FixedAssetsOriginalCosts>
	<tw-gaap-ci:CostsRevaluationIncrement contextRef="AsOf20120930" decimals="-3" unitRef="TWD">196637000</tw-gaap-ci:CostsRevaluationIncrement>
	<tw-gaap-ci:CostsRevaluationIncrement contextRef="AsOf20110930" decimals="-3" unitRef="TWD">201821000</tw-gaap-ci:CostsRevaluationIncrement>
	<tw-gaap-ci:AccumulatedDepreciation contextRef="AsOf20120930" decimals="-3" unitRef="TWD">158831000</tw-gaap-ci:AccumulatedDepreciation>
	<tw-gaap-ci:AccumulatedDepreciation contextRef="AsOf20110930" decimals="-3" unitRef="TWD">166415000</tw-gaap-ci:AccumulatedDepreciation>
	<tw-gaap-ci:ConstructionProcessPrepaymentEquipments contextRef="AsOf20120930" decimals="-3" unitRef="TWD">3127000</tw-gaap-ci:ConstructionProcessPrepaymentEquipments>
	<tw-gaap-ci:ConstructionProcessPrepaymentEquipments contextRef="AsOf20110930" decimals="-3" unitRef="TWD">816000</tw-gaap-ci:ConstructionProcessPrepaymentEquipments>
	<tw-gaap-ci:FixedAssets contextRef="AsOf20120930" decimals="-3" unitRef="TWD">40933000</tw-gaap-ci:FixedAssets>
	<tw-gaap-ci:FixedAssets contextRef="AsOf20110930" decimals="-3" unitRef="TWD">36222000</tw-gaap-ci:FixedAssets>
	<tw-gaap-ci:GuaranteeDepositsPaid contextRef="AsOf20120930" decimals="-3" unitRef="TWD">77723000</tw-gaap-ci:GuaranteeDepositsPaid>
	<tw-gaap-ci:GuaranteeDepositsPaid contextRef="AsOf20110930" decimals="-3" unitRef="TWD">4116000</tw-gaap-ci:GuaranteeDepositsPaid>
	<tw-gaap-ci:DeferredCharges contextRef="AsOf20120930" decimals="-3" unitRef="TWD">1435666000</tw-gaap-ci:DeferredCharges>
	<tw-gaap-ci:DeferredCharges contextRef="AsOf20110930" decimals="-3" unitRef="TWD">1298693000</tw-gaap-ci:DeferredCharges>
	<tw-gaap-ci:OtherAssets contextRef="AsOf20120930" decimals="-3" unitRef="TWD">1513389000</tw-gaap-ci:OtherAssets>
	<tw-gaap-ci:OtherAssets contextRef="AsOf20110930" decimals="-3" unitRef="TWD">1302809000</tw-gaap-ci:OtherAssets>
	<tw-gaap-ci:Assets contextRef="AsOf20120930" decimals="-3" unitRef="TWD">25548970000</tw-gaap-ci:Assets>
	<tw-gaap-ci:Assets contextRef="AsOf20110930" decimals="-3" unitRef="TWD">23960464000</tw-gaap-ci:Assets>
	<tw-gaap-ci:ShortTermBorrowings contextRef="AsOf20120930" decimals="-3" unitRef="TWD">200000000</tw-gaap-ci:ShortTermBorrowings>
	<tw-gaap-ci:ShortTermBorrowings contextRef="AsOf20110930" decimals="-3" unitRef="TWD">0</tw-gaap-ci:ShortTermBorrowings>
	<tw-gaap-ci:AccountsPayable contextRef="AsOf20120930" decimals="-3" unitRef="TWD">22969000</tw-gaap-ci:AccountsPayable>
	<tw-gaap-ci:AccountsPayable contextRef="AsOf20110930" decimals="-3" unitRef="TWD">66934000</tw-gaap-ci:AccountsPayable>
	<tw-gaap-ci:AccountsPayableRelatedParties contextRef="AsOf20120930" decimals="-3" unitRef="TWD">1616953000</tw-gaap-ci:AccountsPayableRelatedParties>
	<tw-gaap-ci:AccountsPayableRelatedParties contextRef="AsOf20110930" decimals="-3" unitRef="TWD">2113767000</tw-gaap-ci:AccountsPayableRelatedParties>
	<tw-gaap-ci:IncomeTaxPayable contextRef="AsOf20120930" decimals="-3" unitRef="TWD">171392000</tw-gaap-ci:IncomeTaxPayable>
	<tw-gaap-ci:IncomeTaxPayable contextRef="AsOf20110930" decimals="-3" unitRef="TWD">150534000</tw-gaap-ci:IncomeTaxPayable>
	<tw-gaap-ci:AccruedExpenses contextRef="AsOf20120930" decimals="-3" unitRef="TWD">437935000</tw-gaap-ci:AccruedExpenses>
	<tw-gaap-ci:AccruedExpenses contextRef="AsOf20110930" decimals="-3" unitRef="TWD">398782000</tw-gaap-ci:AccruedExpenses>
	<tw-gaap-ci:AdvanceReceipts contextRef="AsOf20120930" decimals="-3" unitRef="TWD">62309000</tw-gaap-ci:AdvanceReceipts>
	<tw-gaap-ci:AdvanceReceipts contextRef="AsOf20110930" decimals="-3" unitRef="TWD">54760000</tw-gaap-ci:AdvanceReceipts>
	<tw-gaap-ci:OtherCurrentLiabilities contextRef="AsOf20120930" decimals="-3" unitRef="TWD">121181000</tw-gaap-ci:OtherCurrentLiabilities>
	<tw-gaap-ci:OtherCurrentLiabilities contextRef="AsOf20110930" decimals="-3" unitRef="TWD">100364000</tw-gaap-ci:OtherCurrentLiabilities>
	<tw-gaap-ci:CurrentLiabilities contextRef="AsOf20120930" decimals="-3" unitRef="TWD">2632739000</tw-gaap-ci:CurrentLiabilities>
	<tw-gaap-ci:CurrentLiabilities contextRef="AsOf20110930" decimals="-3" unitRef="TWD">2885141000</tw-gaap-ci:CurrentLiabilities>
	<tw-gaap-ci:PensionReserve contextRef="AsOf20120930" decimals="-3" unitRef="TWD">487245000</tw-gaap-ci:PensionReserve>
	<tw-gaap-ci:PensionReserve contextRef="AsOf20110930" decimals="-3" unitRef="TWD">464195000</tw-gaap-ci:PensionReserve>
	<tw-gaap-ci:DeferredIncomeTax contextRef="AsOf20120930" decimals="-3" unitRef="TWD">2519273000</tw-gaap-ci:DeferredIncomeTax>
	<tw-gaap-ci:DeferredIncomeTax contextRef="AsOf20110930" decimals="-3" unitRef="TWD">1653035000</tw-gaap-ci:DeferredIncomeTax>
	<tw-gaap-ci:OtherLiabilities-Other contextRef="AsOf20120930" decimals="-3" unitRef="TWD">95980000</tw-gaap-ci:OtherLiabilities-Other>
	<tw-gaap-ci:OtherLiabilities-Other contextRef="AsOf20110930" decimals="-3" unitRef="TWD">85727000</tw-gaap-ci:OtherLiabilities-Other>
	<tw-gaap-ci:OtherLiabilitiesOther contextRef="AsOf20120930" decimals="-3" unitRef="TWD">95980000</tw-gaap-ci:OtherLiabilitiesOther>
	<tw-gaap-ci:OtherLiabilitiesOther contextRef="AsOf20110930" decimals="-3" unitRef="TWD">85727000</tw-gaap-ci:OtherLiabilitiesOther>
	<tw-gaap-ci:OtherLiabilities contextRef="AsOf20120930" decimals="-3" unitRef="TWD">3102498000</tw-gaap-ci:OtherLiabilities>
	<tw-gaap-ci:OtherLiabilities contextRef="AsOf20110930" decimals="-3" unitRef="TWD">2202957000</tw-gaap-ci:OtherLiabilities>
	<tw-gaap-ci:Liabilities contextRef="AsOf20120930" decimals="-3" unitRef="TWD">5735237000</tw-gaap-ci:Liabilities>
	<tw-gaap-ci:Liabilities contextRef="AsOf20110930" decimals="-3" unitRef="TWD">5088098000</tw-gaap-ci:Liabilities>
	<tw-gaap-ci:CommonStock contextRef="AsOf20120930" decimals="-3" unitRef="TWD">3000000000</tw-gaap-ci:CommonStock>
	<tw-gaap-ci:CommonStock contextRef="AsOf20110930" decimals="-3" unitRef="TWD">3000000000</tw-gaap-ci:CommonStock>
	<tw-gaap-ci:Capital contextRef="AsOf20120930" decimals="-3" unitRef="TWD">3000000000</tw-gaap-ci:Capital>
	<tw-gaap-ci:Capital contextRef="AsOf20110930" decimals="-3" unitRef="TWD">3000000000</tw-gaap-ci:Capital>
	<tw-gaap-ci:CapitalSurplusAdditionalPaidCapital contextRef="AsOf20120930" decimals="-3" unitRef="TWD">5986507000</tw-gaap-ci:CapitalSurplusAdditionalPaidCapital>
	<tw-gaap-ci:CapitalSurplusAdditionalPaidCapital contextRef="AsOf20110930" decimals="-3" unitRef="TWD">5986507000</tw-gaap-ci:CapitalSurplusAdditionalPaidCapital>
	<tw-gaap-ci:CapitalSurplusLongTermEquityInvestments contextRef="AsOf20120930" decimals="-3" unitRef="TWD">142898000</tw-gaap-ci:CapitalSurplusLongTermEquityInvestments>
	<tw-gaap-ci:CapitalSurplusLongTermEquityInvestments contextRef="AsOf20110930" decimals="-3" unitRef="TWD">2461000</tw-gaap-ci:CapitalSurplusLongTermEquityInvestments>
	<tw-gaap-ci:CapitalSurplus contextRef="AsOf20120930" decimals="-3" unitRef="TWD">6129405000</tw-gaap-ci:CapitalSurplus>
	<tw-gaap-ci:CapitalSurplus contextRef="AsOf20110930" decimals="-3" unitRef="TWD">5988968000</tw-gaap-ci:CapitalSurplus>
	<tw-gaap-ci:LegalReserve contextRef="AsOf20120930" decimals="-3" unitRef="TWD">1764839000</tw-gaap-ci:LegalReserve>
	<tw-gaap-ci:LegalReserve contextRef="AsOf20110930" decimals="-3" unitRef="TWD">1381683000</tw-gaap-ci:LegalReserve>
	<tw-gaap-ci:SpecialReserve contextRef="AsOf20120930" decimals="-3" unitRef="TWD">379840000</tw-gaap-ci:SpecialReserve>
	<tw-gaap-ci:SpecialReserve contextRef="AsOf20110930" decimals="-3" unitRef="TWD">379840000</tw-gaap-ci:SpecialReserve>
	<tw-gaap-ci:UnappropriatedRetainedEarnings contextRef="AsOf20120930" decimals="-3" unitRef="TWD">8792145000</tw-gaap-ci:UnappropriatedRetainedEarnings>
	<tw-gaap-ci:UnappropriatedRetainedEarnings contextRef="AsOf20110930" decimals="-3" unitRef="TWD">7229893000</tw-gaap-ci:UnappropriatedRetainedEarnings>
	<tw-gaap-ci:RetainedEarnings contextRef="AsOf20120930" decimals="-3" unitRef="TWD">10936824000</tw-gaap-ci:RetainedEarnings>
	<tw-gaap-ci:RetainedEarnings contextRef="AsOf20110930" decimals="-3" unitRef="TWD">8991416000</tw-gaap-ci:RetainedEarnings>
	<tw-gaap-ci:CumulativeTranslationAdjustments contextRef="AsOf20120930" decimals="-3" unitRef="TWD">-252496000</tw-gaap-ci:CumulativeTranslationAdjustments>
	<tw-gaap-ci:CumulativeTranslationAdjustments contextRef="AsOf20110930" decimals="-3" unitRef="TWD">891982000</tw-gaap-ci:CumulativeTranslationAdjustments>
	<tw-gaap-ci:StockholdersEquitiesAdjustments contextRef="AsOf20120930" decimals="-3" unitRef="TWD">-252496000</tw-gaap-ci:StockholdersEquitiesAdjustments>
	<tw-gaap-ci:StockholdersEquitiesAdjustments contextRef="AsOf20110930" decimals="-3" unitRef="TWD">891982000</tw-gaap-ci:StockholdersEquitiesAdjustments>
	<tw-gaap-ci:StockholdersEquities contextRef="AsOf20120930" decimals="-3" unitRef="TWD">19813733000</tw-gaap-ci:StockholdersEquities>
	<tw-gaap-ci:StockholdersEquities contextRef="AsOf20110930" decimals="-3" unitRef="TWD">18872366000</tw-gaap-ci:StockholdersEquities>
	<tw-gaap-ci:EquivalentSharesOutstandingAdvanceReceiptsCommonStock contextRef="AsOf20120930" decimals="0" unitRef="Shares">0</tw-gaap-ci:EquivalentSharesOutstandingAdvanceReceiptsCommonStock>
	<tw-gaap-ci:EquivalentSharesOutstandingAdvanceReceiptsCommonStock contextRef="AsOf20110930" decimals="0" unitRef="Shares">0</tw-gaap-ci:EquivalentSharesOutstandingAdvanceReceiptsCommonStock>
	<tw-gaap-ci:NumberTreasuryStockAcquiredCompanySubsidiaries contextRef="AsOf20120930" decimals="0" unitRef="Shares">0</tw-gaap-ci:NumberTreasuryStockAcquiredCompanySubsidiaries>
	<tw-gaap-ci:NumberTreasuryStockAcquiredCompanySubsidiaries contextRef="AsOf20110930" decimals="0" unitRef="Shares">0</tw-gaap-ci:NumberTreasuryStockAcquiredCompanySubsidiaries>
	<tw-gaap-ci:Sales contextRef="From20120101To20120930" decimals="-3" unitRef="TWD">23787244000</tw-gaap-ci:Sales>
	<tw-gaap-ci:Sales contextRef="From20110101To20110930" decimals="-3" unitRef="TWD">25073453000</tw-gaap-ci:Sales>
	<tw-gaap-ci:SalesReturns contextRef="From20120101To20120930" decimals="-3" unitRef="TWD">3274000</tw-gaap-ci:SalesReturns>
	<tw-gaap-ci:SalesReturns contextRef="From20110101To20110930" decimals="-3" unitRef="TWD">5764000</tw-gaap-ci:SalesReturns>
	<tw-gaap-ci:SalesDiscountsAllowances contextRef="From20120101To20120930" decimals="-3" unitRef="TWD">1388000</tw-gaap-ci:SalesDiscountsAllowances>
	<tw-gaap-ci:SalesDiscountsAllowances contextRef="From20110101To20110930" decimals="-3" unitRef="TWD">2664000</tw-gaap-ci:SalesDiscountsAllowances>
	<tw-gaap-ci:NetSales contextRef="From20120101To20120930" decimals="-3" unitRef="TWD">23782582000</tw-gaap-ci:NetSales>
	<tw-gaap-ci:NetSales contextRef="From20110101To20110930" decimals="-3" unitRef="TWD">25065025000</tw-gaap-ci:NetSales>
	<tw-gaap-ci:OperatingRevenue contextRef="From20120101To20120930" decimals="-3" unitRef="TWD">23782582000</tw-gaap-ci:OperatingRevenue>
	<tw-gaap-ci:OperatingRevenue contextRef="From20110101To20110930" decimals="-3" unitRef="TWD">25065025000</tw-gaap-ci:OperatingRevenue>
	<tw-gaap-ci:CostSales contextRef="From20120101To20120930" decimals="-3" unitRef="TWD">20570012000</tw-gaap-ci:CostSales>
	<tw-gaap-ci:CostSales contextRef="From20110101To20110930" decimals="-3" unitRef="TWD">21529172000</tw-gaap-ci:CostSales>
	<tw-gaap-ci:OperatingCosts contextRef="From20120101To20120930" decimals="-3" unitRef="TWD">20570012000</tw-gaap-ci:OperatingCosts>
	<tw-gaap-ci:OperatingCosts contextRef="From20110101To20110930" decimals="-3" unitRef="TWD">21529172000</tw-gaap-ci:OperatingCosts>
	<tw-gaap-ci:GrossProfitLossOperations contextRef="From20120101To20120930" decimals="-3" unitRef="TWD">3212570000</tw-gaap-ci:GrossProfitLossOperations>
	<tw-gaap-ci:GrossProfitLossOperations contextRef="From20110101To20110930" decimals="-3" unitRef="TWD">3535853000</tw-gaap-ci:GrossProfitLossOperations>
	<tw-gaap-ci:Sellingexpense contextRef="From20120101To20120930" decimals="-3" unitRef="TWD">1681312000</tw-gaap-ci:Sellingexpense>
	<tw-gaap-ci:Sellingexpense contextRef="From20110101To20110930" decimals="-3" unitRef="TWD">1909565000</tw-gaap-ci:Sellingexpense>
	<tw-gaap-ci:GeneralAdministrativeExpenses contextRef="From20120101To20120930" decimals="-3" unitRef="TWD">296714000</tw-gaap-ci:GeneralAdministrativeExpenses>
	<tw-gaap-ci:GeneralAdministrativeExpenses contextRef="From20110101To20110930" decimals="-3" unitRef="TWD">314992000</tw-gaap-ci:GeneralAdministrativeExpenses>
	<tw-gaap-ci:ResearchDevelopmentExpenses contextRef="From20120101To20120930" decimals="-3" unitRef="TWD">408308000</tw-gaap-ci:ResearchDevelopmentExpenses>
	<tw-gaap-ci:ResearchDevelopmentExpenses contextRef="From20110101To20110930" decimals="-3" unitRef="TWD">399022000</tw-gaap-ci:ResearchDevelopmentExpenses>
	<tw-gaap-ci:OperatingExpenses contextRef="From20120101To20120930" decimals="-3" unitRef="TWD">2386334000</tw-gaap-ci:OperatingExpenses>
	<tw-gaap-ci:OperatingExpenses contextRef="From20110101To20110930" decimals="-3" unitRef="TWD">2623579000</tw-gaap-ci:OperatingExpenses>
	<tw-gaap-ci:OperatingIncomeLoss contextRef="From20120101To20120930" decimals="-3" unitRef="TWD">826236000</tw-gaap-ci:OperatingIncomeLoss>
	<tw-gaap-ci:OperatingIncomeLoss contextRef="From20110101To20110930" decimals="-3" unitRef="TWD">912274000</tw-gaap-ci:OperatingIncomeLoss>
	<tw-gaap-ci:InterestIncome contextRef="From20120101To20120930" decimals="-3" unitRef="TWD">2760000</tw-gaap-ci:InterestIncome>
	<tw-gaap-ci:InterestIncome contextRef="From20110101To20110930" decimals="-3" unitRef="TWD">515000</tw-gaap-ci:InterestIncome>
	<tw-gaap-ci:InvestmentGainsRecognizedEquityMethod contextRef="From20120101To20120930" decimals="-3" unitRef="TWD">3964316000</tw-gaap-ci:InvestmentGainsRecognizedEquityMethod>
	<tw-gaap-ci:InvestmentGainsRecognizedEquityMethod contextRef="From20110101To20110930" decimals="-3" unitRef="TWD">2370283000</tw-gaap-ci:InvestmentGainsRecognizedEquityMethod>
	<tw-gaap-ci:InvestmentGains contextRef="From20120101To20120930" decimals="-3" unitRef="TWD">3964316000</tw-gaap-ci:InvestmentGains>
	<tw-gaap-ci:InvestmentGains contextRef="From20110101To20110930" decimals="-3" unitRef="TWD">2370283000</tw-gaap-ci:InvestmentGains>
	<tw-gaap-ci:GainsDisposalFixedAssets contextRef="From20120101To20120930" decimals="-3" unitRef="TWD">445000</tw-gaap-ci:GainsDisposalFixedAssets>
	<tw-gaap-ci:GainsDisposalFixedAssets contextRef="From20110101To20110930" decimals="-3" unitRef="TWD">0</tw-gaap-ci:GainsDisposalFixedAssets>
	<tw-gaap-ci:GainsSaleInvestments contextRef="From20120101To20120930" decimals="-3" unitRef="TWD">14398000</tw-gaap-ci:GainsSaleInvestments>
	<tw-gaap-ci:GainsSaleInvestments contextRef="From20110101To20110930" decimals="-3" unitRef="TWD">1899000</tw-gaap-ci:GainsSaleInvestments>
	<tw-gaap-ci:ForeignExchangeGains contextRef="From20120101To20120930" decimals="-3" unitRef="TWD">2346000</tw-gaap-ci:ForeignExchangeGains>
	<tw-gaap-ci:ForeignExchangeGains contextRef="From20110101To20110930" decimals="-3" unitRef="TWD">14307000</tw-gaap-ci:ForeignExchangeGains>
	<tw-gaap-ci:RevaluationGainFinancialAssets contextRef="From20120101To20120930" decimals="-3" unitRef="TWD">2087000</tw-gaap-ci:RevaluationGainFinancialAssets>
	<tw-gaap-ci:RevaluationGainFinancialAssets contextRef="From20110101To20110930" decimals="-3" unitRef="TWD">0</tw-gaap-ci:RevaluationGainFinancialAssets>
	<tw-gaap-ci:MiscellaneousIncome contextRef="From20120101To20120930" decimals="-3" unitRef="TWD">25108000</tw-gaap-ci:MiscellaneousIncome>
	<tw-gaap-ci:MiscellaneousIncome contextRef="From20110101To20110930" decimals="-3" unitRef="TWD">41209000</tw-gaap-ci:MiscellaneousIncome>
	<tw-gaap-ci:NonOperatingIncomeGains contextRef="From20120101To20120930" decimals="-3" unitRef="TWD">4011460000</tw-gaap-ci:NonOperatingIncomeGains>
	<tw-gaap-ci:NonOperatingIncomeGains contextRef="From20110101To20110930" decimals="-3" unitRef="TWD">2428213000</tw-gaap-ci:NonOperatingIncomeGains>
	<tw-gaap-ci:InterestExpense contextRef="From20120101To20120930" decimals="-3" unitRef="TWD">1350000</tw-gaap-ci:InterestExpense>
	<tw-gaap-ci:InterestExpense contextRef="From20110101To20110930" decimals="-3" unitRef="TWD">876000</tw-gaap-ci:InterestExpense>
	<tw-gaap-ci:LossDisposalFixedAssets contextRef="From20120101To20120930" decimals="-3" unitRef="TWD">265000</tw-gaap-ci:LossDisposalFixedAssets>
	<tw-gaap-ci:LossDisposalFixedAssets contextRef="From20110101To20110930" decimals="-3" unitRef="TWD">0</tw-gaap-ci:LossDisposalFixedAssets>
	<tw-gaap-ci:OtherFinancialExpenses contextRef="From20120101To20120930" decimals="-3" unitRef="TWD">29545000</tw-gaap-ci:OtherFinancialExpenses>
	<tw-gaap-ci:OtherFinancialExpenses contextRef="From20110101To20110930" decimals="-3" unitRef="TWD">37590000</tw-gaap-ci:OtherFinancialExpenses>
	<tw-gaap-ci:FinancialExpense contextRef="From20120101To20120930" decimals="-3" unitRef="TWD">29545000</tw-gaap-ci:FinancialExpense>
	<tw-gaap-ci:FinancialExpense contextRef="From20110101To20110930" decimals="-3" unitRef="TWD">37590000</tw-gaap-ci:FinancialExpense>
	<tw-gaap-ci:RevaluationLossFinancialAssets contextRef="From20120101To20120930" decimals="-3" unitRef="TWD">0</tw-gaap-ci:RevaluationLossFinancialAssets>
	<tw-gaap-ci:RevaluationLossFinancialAssets contextRef="From20110101To20110930" decimals="-3" unitRef="TWD">39477000</tw-gaap-ci:RevaluationLossFinancialAssets>
	<tw-gaap-ci:MiscellaneousDisbursements contextRef="From20120101To20120930" decimals="-3" unitRef="TWD">3249000</tw-gaap-ci:MiscellaneousDisbursements>
	<tw-gaap-ci:MiscellaneousDisbursements contextRef="From20110101To20110930" decimals="-3" unitRef="TWD">20911000</tw-gaap-ci:MiscellaneousDisbursements>
	<tw-gaap-ci:NonOperatingExpenses contextRef="From20120101To20120930" decimals="-3" unitRef="TWD">34409000</tw-gaap-ci:NonOperatingExpenses>
	<tw-gaap-ci:NonOperatingExpenses contextRef="From20110101To20110930" decimals="-3" unitRef="TWD">98854000</tw-gaap-ci:NonOperatingExpenses>
	<tw-gaap-ci:IncomeContinuingOperationsBeforeIncomeTax contextRef="From20120101To20120930" decimals="-3" unitRef="TWD">4803287000</tw-gaap-ci:IncomeContinuingOperationsBeforeIncomeTax>
	<tw-gaap-ci:IncomeContinuingOperationsBeforeIncomeTax contextRef="From20110101To20110930" decimals="-3" unitRef="TWD">3241633000</tw-gaap-ci:IncomeContinuingOperationsBeforeIncomeTax>
	<tw-gaap-ci:IncomeTaxExpenseBenefit contextRef="From20120101To20120930" decimals="-3" unitRef="TWD">916825000</tw-gaap-ci:IncomeTaxExpenseBenefit>
	<tw-gaap-ci:IncomeTaxExpenseBenefit contextRef="From20110101To20110930" decimals="-3" unitRef="TWD">529014000</tw-gaap-ci:IncomeTaxExpenseBenefit>
	<tw-gaap-ci:IncomeContinuingOperations contextRef="From20120101To20120930" decimals="-3" unitRef="TWD">3886462000</tw-gaap-ci:IncomeContinuingOperations>
	<tw-gaap-ci:IncomeContinuingOperations contextRef="From20110101To20110930" decimals="-3" unitRef="TWD">2712619000</tw-gaap-ci:IncomeContinuingOperations>
	<tw-gaap-ci:NetIncomeLoss contextRef="From20120101To20120930" decimals="-3" unitRef="TWD">3886462000</tw-gaap-ci:NetIncomeLoss>
	<tw-gaap-ci:NetIncomeLoss contextRef="From20110101To20110930" decimals="-3" unitRef="TWD">2712619000</tw-gaap-ci:NetIncomeLoss>
	<tw-gaap-ci:PrimaryEarningsPerShare contextRef="From20120101To20120930" decimals="2" unitRef="TWD">12.95</tw-gaap-ci:PrimaryEarningsPerShare>
	<tw-gaap-ci:PrimaryEarningsPerShare contextRef="From20110101To20110930" decimals="2" unitRef="TWD">9.04</tw-gaap-ci:PrimaryEarningsPerShare>
	<tw-gaap-ci:DilutedEarningsPerShare contextRef="From20120101To20120930" decimals="2" unitRef="TWD">12.94</tw-gaap-ci:DilutedEarningsPerShare>
	<tw-gaap-ci:DilutedEarningsPerShare contextRef="From20110101To20110930" decimals="2" unitRef="TWD">9.02</tw-gaap-ci:DilutedEarningsPerShare>
	<tw-gaap-ci:NetIncomeLoss_StatementCashFlows contextRef="From20120101To20120930" decimals="-3" unitRef="TWD">3886462000</tw-gaap-ci:NetIncomeLoss_StatementCashFlows>
	<tw-gaap-ci:NetIncomeLoss_StatementCashFlows contextRef="From20110101To20110930" decimals="-3" unitRef="TWD">2712619000</tw-gaap-ci:NetIncomeLoss_StatementCashFlows>
	<tw-gaap-ci:DepreciationExpense-Operating contextRef="From20120101To20120930" decimals="-3" unitRef="TWD">415976000</tw-gaap-ci:DepreciationExpense-Operating>
	<tw-gaap-ci:DepreciationExpense-Operating contextRef="From20110101To20110930" decimals="-3" unitRef="TWD">393854000</tw-gaap-ci:DepreciationExpense-Operating>
	<tw-gaap-ci:ProvisionProvisionContingentServiceCost contextRef="From20120101To20120930" decimals="-3" unitRef="TWD">16935000</tw-gaap-ci:ProvisionProvisionContingentServiceCost>
	<tw-gaap-ci:ProvisionProvisionContingentServiceCost contextRef="From20110101To20110930" decimals="-3" unitRef="TWD">33333000</tw-gaap-ci:ProvisionProvisionContingentServiceCost>
	<tw-gaap-ci:ChangesNetPensionCostUnappropriated contextRef="From20120101To20120930" decimals="-3" unitRef="TWD">18065000</tw-gaap-ci:ChangesNetPensionCostUnappropriated>
	<tw-gaap-ci:ChangesNetPensionCostUnappropriated contextRef="From20110101To20110930" decimals="-3" unitRef="TWD">14609000</tw-gaap-ci:ChangesNetPensionCostUnappropriated>
	<tw-gaap-ci:InvestmentLossIncomeRecognizedEquityMethod contextRef="From20120101To20120930" decimals="-3" unitRef="TWD">-3964316000</tw-gaap-ci:InvestmentLossIncomeRecognizedEquityMethod>
	<tw-gaap-ci:InvestmentLossIncomeRecognizedEquityMethod contextRef="From20110101To20110930" decimals="-3" unitRef="TWD">-2370283000</tw-gaap-ci:InvestmentLossIncomeRecognizedEquityMethod>
	<tw-gaap-ci:GainLossDisposalScrappingFixedAssets contextRef="From20120101To20120930" decimals="-3" unitRef="TWD">-180000</tw-gaap-ci:GainLossDisposalScrappingFixedAssets>
	<tw-gaap-ci:GainLossDisposalScrappingFixedAssets contextRef="From20110101To20110930" decimals="-3" unitRef="TWD">0</tw-gaap-ci:GainLossDisposalScrappingFixedAssets>
	<tw-gaap-ci:GainsLossesSaleInvestments contextRef="From20120101To20120930" decimals="-3" unitRef="TWD">-14398000</tw-gaap-ci:GainsLossesSaleInvestments>
	<tw-gaap-ci:GainsLossesSaleInvestments contextRef="From20110101To20110930" decimals="-3" unitRef="TWD">-1899000</tw-gaap-ci:GainsLossesSaleInvestments>
	<tw-gaap-ci:UnrealizedRevaluationGainFinancialAssetsLiabilities contextRef="From20120101To20120930" decimals="-3" unitRef="TWD">-2087000</tw-gaap-ci:UnrealizedRevaluationGainFinancialAssetsLiabilities>
	<tw-gaap-ci:UnrealizedRevaluationGainFinancialAssetsLiabilities contextRef="From20110101To20110930" decimals="-3" unitRef="TWD">39477000</tw-gaap-ci:UnrealizedRevaluationGainFinancialAssetsLiabilities>
	<tw-gaap-ci:LossGainDeferredIncomeTax contextRef="From20120101To20120930" decimals="-3" unitRef="TWD">684360000</tw-gaap-ci:LossGainDeferredIncomeTax>
	<tw-gaap-ci:LossGainDeferredIncomeTax contextRef="From20110101To20110930" decimals="-3" unitRef="TWD">495797000</tw-gaap-ci:LossGainDeferredIncomeTax>
	<tw-gaap-ci:OtherAdjustmentsReconcileNetIncomeNetCashProvidedUsedOperatingActivities contextRef="From20120101To20120930" decimals="-3" unitRef="TWD">-21712000</tw-gaap-ci:OtherAdjustmentsReconcileNetIncomeNetCashProvidedUsedOperatingActivities>
	<tw-gaap-ci:OtherAdjustmentsReconcileNetIncomeNetCashProvidedUsedOperatingActivities contextRef="From20110101To20110930" decimals="-3" unitRef="TWD">13351000</tw-gaap-ci:OtherAdjustmentsReconcileNetIncomeNetCashProvidedUsedOperatingActivities>
	<tw-gaap-ci:AdjustmentsReconcileNetIncomeNetCashProvidedUsedOperatingActivities contextRef="From20120101To20120930" decimals="-3" unitRef="TWD">-2867357000</tw-gaap-ci:AdjustmentsReconcileNetIncomeNetCashProvidedUsedOperatingActivities>
	<tw-gaap-ci:AdjustmentsReconcileNetIncomeNetCashProvidedUsedOperatingActivities contextRef="From20110101To20110930" decimals="-3" unitRef="TWD">-1381761000</tw-gaap-ci:AdjustmentsReconcileNetIncomeNetCashProvidedUsedOperatingActivities>
	<tw-gaap-ci:ChangesFinancialAssetsHeldTrading contextRef="From20120101To20120930" decimals="-3" unitRef="TWD">1986891000</tw-gaap-ci:ChangesFinancialAssetsHeldTrading>
	<tw-gaap-ci:ChangesFinancialAssetsHeldTrading contextRef="From20110101To20110930" decimals="-3" unitRef="TWD">-1085962000</tw-gaap-ci:ChangesFinancialAssetsHeldTrading>
	<tw-gaap-ci:ChangesAccountsReceivable contextRef="From20120101To20120930" decimals="-3" unitRef="TWD">-17978000</tw-gaap-ci:ChangesAccountsReceivable>
	<tw-gaap-ci:ChangesAccountsReceivable contextRef="From20110101To20110930" decimals="-3" unitRef="TWD">-4975000</tw-gaap-ci:ChangesAccountsReceivable>
	<tw-gaap-ci:ChangesAccountsReceivableRelatedParties contextRef="From20120101To20120930" decimals="-3" unitRef="TWD">-24395000</tw-gaap-ci:ChangesAccountsReceivableRelatedParties>
	<tw-gaap-ci:ChangesAccountsReceivableRelatedParties contextRef="From20110101To20110930" decimals="-3" unitRef="TWD">-247737000</tw-gaap-ci:ChangesAccountsReceivableRelatedParties>
	<tw-gaap-ci:ChangesInventories contextRef="From20120101To20120930" decimals="-3" unitRef="TWD">-145000</tw-gaap-ci:ChangesInventories>
	<tw-gaap-ci:ChangesInventories contextRef="From20110101To20110930" decimals="-3" unitRef="TWD">-624000</tw-gaap-ci:ChangesInventories>
	<tw-gaap-ci:ChangesOtherPrepayments contextRef="From20120101To20120930" decimals="-3" unitRef="TWD">10578000</tw-gaap-ci:ChangesOtherPrepayments>
	<tw-gaap-ci:ChangesOtherPrepayments contextRef="From20110101To20110930" decimals="-3" unitRef="TWD">579000</tw-gaap-ci:ChangesOtherPrepayments>
	<tw-gaap-ci:ChangesOtherCurrentAssets_CI contextRef="From20120101To20120930" decimals="-3" unitRef="TWD">415000</tw-gaap-ci:ChangesOtherCurrentAssets_CI>
	<tw-gaap-ci:ChangesOtherCurrentAssets_CI contextRef="From20110101To20110930" decimals="-3" unitRef="TWD">0</tw-gaap-ci:ChangesOtherCurrentAssets_CI>
	<tw-gaap-ci:ChangesOtherFinancialAssets_CI contextRef="From20120101To20120930" decimals="-3" unitRef="TWD">436651000</tw-gaap-ci:ChangesOtherFinancialAssets_CI>
	<tw-gaap-ci:ChangesOtherFinancialAssets_CI contextRef="From20110101To20110930" decimals="-3" unitRef="TWD">604383000</tw-gaap-ci:ChangesOtherFinancialAssets_CI>
	<tw-gaap-ci:ChangesOperatingAssets contextRef="From20120101To20120930" decimals="-3" unitRef="TWD">2392017000</tw-gaap-ci:ChangesOperatingAssets>
	<tw-gaap-ci:ChangesOperatingAssets contextRef="From20110101To20110930" decimals="-3" unitRef="TWD">-734336000</tw-gaap-ci:ChangesOperatingAssets>
	<tw-gaap-ci:ChangesAccountsPayable contextRef="From20120101To20120930" decimals="-3" unitRef="TWD">18947000</tw-gaap-ci:ChangesAccountsPayable>
	<tw-gaap-ci:ChangesAccountsPayable contextRef="From20110101To20110930" decimals="-3" unitRef="TWD">-61976000</tw-gaap-ci:ChangesAccountsPayable>
	<tw-gaap-ci:ChangesAccountsPayableRelatedParties contextRef="From20120101To20120930" decimals="-3" unitRef="TWD">46340000</tw-gaap-ci:ChangesAccountsPayableRelatedParties>
	<tw-gaap-ci:ChangesAccountsPayableRelatedParties contextRef="From20110101To20110930" decimals="-3" unitRef="TWD">1038070000</tw-gaap-ci:ChangesAccountsPayableRelatedParties>
	<tw-gaap-ci:ChangesIncomeTaxPayable contextRef="From20120101To20120930" decimals="-3" unitRef="TWD">-41846000</tw-gaap-ci:ChangesIncomeTaxPayable>
	<tw-gaap-ci:ChangesIncomeTaxPayable contextRef="From20110101To20110930" decimals="-3" unitRef="TWD">99549000</tw-gaap-ci:ChangesIncomeTaxPayable>
	<tw-gaap-ci:ChangesAccruedExpenses contextRef="From20120101To20120930" decimals="-3" unitRef="TWD">-121993000</tw-gaap-ci:ChangesAccruedExpenses>
	<tw-gaap-ci:ChangesAccruedExpenses contextRef="From20110101To20110930" decimals="-3" unitRef="TWD">-87681000</tw-gaap-ci:ChangesAccruedExpenses>
	<tw-gaap-ci:ChangesOtherCurrentLiabilities_CI contextRef="From20120101To20120930" decimals="-3" unitRef="TWD">-13615000</tw-gaap-ci:ChangesOtherCurrentLiabilities_CI>
	<tw-gaap-ci:ChangesOtherCurrentLiabilities_CI contextRef="From20110101To20110930" decimals="-3" unitRef="TWD">-8564000</tw-gaap-ci:ChangesOtherCurrentLiabilities_CI>
	<tw-gaap-ci:ChangesOperatingLiabilities contextRef="From20120101To20120930" decimals="-3" unitRef="TWD">-112167000</tw-gaap-ci:ChangesOperatingLiabilities>
	<tw-gaap-ci:ChangesOperatingLiabilities contextRef="From20110101To20110930" decimals="-3" unitRef="TWD">979398000</tw-gaap-ci:ChangesOperatingLiabilities>
	<tw-gaap-ci:ChangesOperatingAssetsLiabilities contextRef="From20120101To20120930" decimals="-3" unitRef="TWD">2279850000</tw-gaap-ci:ChangesOperatingAssetsLiabilities>
	<tw-gaap-ci:ChangesOperatingAssetsLiabilities contextRef="From20110101To20110930" decimals="-3" unitRef="TWD">245062000</tw-gaap-ci:ChangesOperatingAssetsLiabilities>
	<tw-gaap-ci:NetCashProvidedUsedOperatingActivities contextRef="From20120101To20120930" decimals="-3" unitRef="TWD">3298955000</tw-gaap-ci:NetCashProvidedUsedOperatingActivities>
	<tw-gaap-ci:NetCashProvidedUsedOperatingActivities contextRef="From20110101To20110930" decimals="-3" unitRef="TWD">1575920000</tw-gaap-ci:NetCashProvidedUsedOperatingActivities>
	<tw-gaap-ci:AcquisitionPropertyPlantEquipment contextRef="From20120101To20120930" decimals="-3" unitRef="TWD">-15131000</tw-gaap-ci:AcquisitionPropertyPlantEquipment>
	<tw-gaap-ci:AcquisitionPropertyPlantEquipment contextRef="From20110101To20110930" decimals="-3" unitRef="TWD">-7622000</tw-gaap-ci:AcquisitionPropertyPlantEquipment>
	<tw-gaap-ci:ProceedsDisposalPropertyPlantEquipment contextRef="From20120101To20120930" decimals="-3" unitRef="TWD">500000</tw-gaap-ci:ProceedsDisposalPropertyPlantEquipment>
	<tw-gaap-ci:ProceedsDisposalPropertyPlantEquipment contextRef="From20110101To20110930" decimals="-3" unitRef="TWD">0</tw-gaap-ci:ProceedsDisposalPropertyPlantEquipment>
	<tw-gaap-ci:ChangesRefundableDeposits contextRef="From20120101To20120930" decimals="-3" unitRef="TWD">-58073000</tw-gaap-ci:ChangesRefundableDeposits>
	<tw-gaap-ci:ChangesRefundableDeposits contextRef="From20110101To20110930" decimals="-3" unitRef="TWD">-1436000</tw-gaap-ci:ChangesRefundableDeposits>
	<tw-gaap-ci:IncreaseDeferredCharges contextRef="From20120101To20120930" decimals="-3" unitRef="TWD">-541133000</tw-gaap-ci:IncreaseDeferredCharges>
	<tw-gaap-ci:IncreaseDeferredCharges contextRef="From20110101To20110930" decimals="-3" unitRef="TWD">-192249000</tw-gaap-ci:IncreaseDeferredCharges>
	<tw-gaap-ci:NetCashProvidedUsedInvestingActivities contextRef="From20120101To20120930" decimals="-3" unitRef="TWD">-613837000</tw-gaap-ci:NetCashProvidedUsedInvestingActivities>
	<tw-gaap-ci:NetCashProvidedUsedInvestingActivities contextRef="From20110101To20110930" decimals="-3" unitRef="TWD">-201307000</tw-gaap-ci:NetCashProvidedUsedInvestingActivities>
	<tw-gaap-ci:ChangesShortTermLoans contextRef="From20120101To20120930" decimals="-3" unitRef="TWD">200000000</tw-gaap-ci:ChangesShortTermLoans>
	<tw-gaap-ci:ChangesShortTermLoans contextRef="From20110101To20110930" decimals="-3" unitRef="TWD">0</tw-gaap-ci:ChangesShortTermLoans>
	<tw-gaap-ci:CashDividends contextRef="From20120101To20120930" decimals="-3" unitRef="TWD">-3060000000</tw-gaap-ci:CashDividends>
	<tw-gaap-ci:CashDividends contextRef="From20110101To20110930" decimals="-3" unitRef="TWD">-1680000000</tw-gaap-ci:CashDividends>
	<tw-gaap-ci:NetCashProvidedUsedFinancingActivities contextRef="From20120101To20120930" decimals="-3" unitRef="TWD">-2860000000</tw-gaap-ci:NetCashProvidedUsedFinancingActivities>
	<tw-gaap-ci:NetCashProvidedUsedFinancingActivities contextRef="From20110101To20110930" decimals="-3" unitRef="TWD">-1680000000</tw-gaap-ci:NetCashProvidedUsedFinancingActivities>
	<tw-gaap-ci:NetChangesCashCashEquivalents contextRef="From20120101To20120930" decimals="-3" unitRef="TWD">-174882000</tw-gaap-ci:NetChangesCashCashEquivalents>
	<tw-gaap-ci:NetChangesCashCashEquivalents contextRef="From20110101To20110930" decimals="-3" unitRef="TWD">-305387000</tw-gaap-ci:NetChangesCashCashEquivalents>
	<tw-gaap-ci:CashCashEquivalents contextRef="AsOf20120101" decimals="-3" unitRef="TWD">743912000</tw-gaap-ci:CashCashEquivalents>
	<tw-gaap-ci:CashCashEquivalents contextRef="AsOf20110101" decimals="-3" unitRef="TWD">677127000</tw-gaap-ci:CashCashEquivalents>
	<tw-gaap-ci:InterestPaid contextRef="From20120101To20120930" decimals="-3" unitRef="TWD">1350000</tw-gaap-ci:InterestPaid>
	<tw-gaap-ci:InterestPaid contextRef="From20110101To20110930" decimals="-3" unitRef="TWD">882000</tw-gaap-ci:InterestPaid>
	<tw-gaap-ci:InterestPaidExcludingCapitalizedInterest contextRef="From20120101To20120930" decimals="-3" unitRef="TWD">1350000</tw-gaap-ci:InterestPaidExcludingCapitalizedInterest>
	<tw-gaap-ci:InterestPaidExcludingCapitalizedInterest contextRef="From20110101To20110930" decimals="-3" unitRef="TWD">882000</tw-gaap-ci:InterestPaidExcludingCapitalizedInterest>
	<tw-gaap-ci:IncomeTaxPaid contextRef="From20120101To20120930" decimals="-3" unitRef="TWD">274311000</tw-gaap-ci:IncomeTaxPaid>
	<tw-gaap-ci:IncomeTaxPaid contextRef="From20110101To20110930" decimals="-3" unitRef="TWD">77016000</tw-gaap-ci:IncomeTaxPaid>
	<tw-gaap-ar:AccountantName contextRef="AsOf20121026">勤業眾信聯合會計師事務所</tw-gaap-ar:AccountantName>
	<tw-gaap-ar:AssuranceAccountantName1 contextRef="AsOf20121026">謝建新</tw-gaap-ar:AssuranceAccountantName1>
	<tw-gaap-ar:AssuranceAccountantName2 contextRef="AsOf20121026">吳恩銘</tw-gaap-ar:AssuranceAccountantName2>
	<tw-gaap-ar:ReviewAuditDate contextRef="AsOf20121026">2012-10-26</tw-gaap-ar:ReviewAuditDate>
	<tw-gaap-ar:ReviewReport contextRef="AsOf20121026">Y</tw-gaap-ar:ReviewReport>
	<tw-gaap-ar:UnqualifiedOpinionAbstract contextRef="AsOf20121026">Y</tw-gaap-ar:UnqualifiedOpinionAbstract>
	<tw-gaap-ar:DescriptionEmphasizeItemBody contextRef="AsOf20121026"><![CDATA[]]></tw-gaap-ar:DescriptionEmphasizeItemBody>
	<tw-gaap-ar:DescriptionOtherItemBody contextRef="AsOf20121026"><![CDATA[]]></tw-gaap-ar:DescriptionOtherItemBody>
	<tw-gaap-ar:AccountantsReportBody contextRef="AsOf20121026"><![CDATA[會計師核閱報告

裕隆日產汽車股份有限公司　公鑒：

　　裕隆日產汽車股份有限公司民國一○一年及一○○年九月三十日之資產
負債表，暨民國一○一年及一○○年一月一日至九月三十日之損益表及現金
流量表，業經本會計師核閱竣事。上開財務報表之編製係管理階層之責任，
本會計師之責任則為根據核閱結果出具報告。
　　除下段所述者外，本會計師係依照審計準則公報第三十六號「財務報表
之核閱」規劃並執行核閱工作。由於本會計師僅實施分析、比較與查詢，並
未依照一般公認審計準則查核，因是無法對上開財務報表之整體表示查核意
見。
　　如財務報表附註九所述，裕隆日產汽車股份有限公司民國一○○年九月
三十日採權益法之長期股權投資部分餘額計新台幣5,317,709仟元，暨其前三
季認列之相關投資收益計新台幣405,562仟元，係依據被投資公司同期間未經
會計師核閱之財務報表計算。
　　依本會計師核閱結果，除上段所述該被投資公司財務報表倘經會計師核
閱，對財務報表可能有所調整外，並未發現第一段所述財務報表在所有重大
方面有違反證券發行人財務報告編製準則、商業會計法及商業會計處理準則
中與財務會計準則相關之規定暨一般公認會計原則而須作修正之情事。
　　裕隆日產汽車股份有限公司已編製民國一○一年前三季之合併財務報
表，並經本會計師出具標準式無保留核閱報告在案，備供參考。

勤業眾信聯合會計師事務所
會 計 師　　謝　　建　　新　　　　　　  會 計 師　　吳　　恩　　銘　　　　


財政部證券暨期貨管理委員會核准文號　　財政部證券暨期貨管理委員會核准文號
　台財證六字第0920123784號　　　　　  　台財證六字第0920123784號　　　　


中　　　華　　　民　　　國　　一○一　　年　　十　　月　　二十六　　日

]]></tw-gaap-ar:AccountantsReportBody>
	<tw-gaap-notes:FinancialReportNotes contextRef="From20120101To20120930"><![CDATA[http://doc.twse.com.tw/server-java/t57sb01?step=1&colorchg=1&co_id=2227&year=101&seamon=3&mtype=A&]]></tw-gaap-notes:FinancialReportNotes>
	<tw-gaap-notes:OrganizationAndOperations contextRef="From20120101To20120930"><![CDATA[　　裕隆汽車製造股份有限公司（裕隆汽車製造公司）為提高競爭力
及積極參與國際分工並落實專業經營，將研發及銷售等相關業務依企
業併購法規定分割設立本公司，並以九十二年十月一日為分割基準日。
　　本公司設立時原由裕隆汽車製造公司百分之百持股，裕隆汽車製
造公司於九十二年十月三十日將本公司40%股權轉讓予日商日產自動
車株式會社（以下簡稱日商日產）。本公司於九十三年十月六日通過台
灣證券交易所股票簡易上市審議，並於同年十二月二十一日本公司股
票正式掛牌上市。
　　本公司一○一及一○○年九月底員工人數分別為420人及413人。


]]></tw-gaap-notes:OrganizationAndOperations>
	<tw-gaap-notes:StatementOfFinancialStatementsPreparedInAccordanceWithRelatedRegulationsAndGenerallyAcceptedAccountingPrinciples contextRef="From20120101To20120930"><![CDATA[　　本財務報表係依照證券發行人財務報告編製準則、商業會計法、
商業會計處理準則及一般公認會計原則編製。重要會計政策彙總說明
如下：

]]></tw-gaap-notes:StatementOfFinancialStatementsPreparedInAccordanceWithRelatedRegulationsAndGenerallyAcceptedAccountingPrinciples>
	<tw-gaap-notes:ForeignCurrencyTransactionsAndTranslationOfForeignCurrencyFinancialStatements contextRef="From20120101To20120930"><![CDATA[　　以外幣為準之交易事項（非衍生性金融商品），係按交易日之即
期匯率入帳。外幣資產及負債實際以新台幣收付結清時，因適用不
同匯率所產生之損失或利益，列為收付結清期間之損益。外幣資產
及負債之期末餘額，再按期末之即期匯率予以換算調整，因而產生
之兌換差額處理如下：外幣長期股權投資，其採權益法計價者，該
項差額作為累積換算調整數，列於股東權益項下；其他貨幣性資產
及負債，則列為當期損益。


]]></tw-gaap-notes:ForeignCurrencyTransactionsAndTranslationOfForeignCurrencyFinancialStatements>
	<tw-gaap-notes:UseOfEstimates contextRef="From20120101To20120930"><![CDATA[　　依照前述準則、法令及原則編製財務報表時，本公司對於呆帳、
存貨跌價損失、固定資產折舊、遞延費用攤銷、保固準備、退休金
以及員工分紅等之提列，必須使用合理之估計金額，因估計通常係
在不確定情況下作成之判斷，因此可能與將來實際結果有所差異。

]]></tw-gaap-notes:UseOfEstimates>
	<tw-gaap-notes:ClassificationOfCurrentAndNoncurrentAssetsAndLiabilities contextRef="From20120101To20120930"><![CDATA[　　流動資產包括現金或約當現金、主要為交易目的而持有之資產
及預期於資產負債表日後十二個月內變現或耗用之資產，資產不屬
於流動資產者為非流動資產。流動負債為須於資產負債表日後十二
個月內清償之負債，負債不屬於流動負債者為非流動負債。

]]></tw-gaap-notes:ClassificationOfCurrentAndNoncurrentAssetsAndLiabilities>
	<tw-gaap-notes:CashAndCashEquivalents contextRef="From20120101To20120930"><![CDATA[　　約當現金係自投資日起三個月內到期之商業本票，其帳面價值
近似公平價值。

]]></tw-gaap-notes:CashAndCashEquivalents>
	<tw-gaap-notes:FinancialAssetsAndLiabilitiesAtFairValueThroughProfitOrLoss contextRef="From20120101To20120930"><![CDATA[　　公平價值變動列入損益之金融商品係交易目的之金融資產或金
融負債。本公司成為金融商品合約之ㄧ方時，認列金融資產或金融
負債；對於合約權利喪失控制時，除列金融資產；於合約規定之義
務解除、取消或到期而使金融負債消滅時，除列金融負債。
　　原始認列時，係以公平價值加計交易成本衡量，續後評價時，
以公平價值衡量且公平價值變動認列為當期損益。投資金融資產後
所收到之現金股利（含投資年度收到者）列為當期收益。依慣例交
易購買或出售金融資產時，採用交易日會計處理。
　　公平價值之基礎：基金受益憑證係資產負債表日之淨資產價值
及贖回參考價值。

]]></tw-gaap-notes:FinancialAssetsAndLiabilitiesAtFairValueThroughProfitOrLoss>
	<tw-gaap-notes:NotesAndAccountsReceivableOtherReceivable contextRef="From20120101To20120930"><![CDATA[　　應收帳款係於每一資產負債表日評估其減損跡象，當有客觀證
據顯示，因應收帳款原始認列後發生之單一或多項事件，致使應收
帳款之估計未來現金流量受影響者，該應收帳款則視為已減損。認
列之減損損失金額係為該資產之帳面金額與預期未來現金流量（已
反應擔保品或保證之影響）以該應收帳款原始有效利率折現值之間
的差額。應收帳款之帳面金額係藉由備抵評價科目調整。

]]></tw-gaap-notes:NotesAndAccountsReceivableOtherReceivable>
	<tw-gaap-notes:Inventories contextRef="From20120101To20120930"><![CDATA[　　存貨係以加權平均成本與淨變現價值孰低計價，比較成本與淨
變現價值時除同類別存貨外係以個別項目為基礎。淨變現價值係指
在正常情況下之估計售價減除尚需投入之成本及銷售費用後之餘
額，銷貨成本包括已出售存貨之成本、保固成本、進貨承諾損失及
存貨跌價損失等。

]]></tw-gaap-notes:Inventories>
	<tw-gaap-notes:LongTermInvestmentsUnderEquityMethod contextRef="From20120101To20120930"><![CDATA[　　長期股權投資採權益法計價者，係以投資成本加（或減）按持
股比例認列被投資公司之純益（或純損）計算。被投資公司發生純
益（或純損）時，認列投資利益（或損失）；發放現金股利時則作為
投資減項。被投資公司增發新股時，因未按持股比例認購，所產生
之股權淨值變動，則調整資本公積或保留盈餘。
　　被投資公司發放股票股利時，不列為投資收益，僅註記股數增
加，並按收到股票股利後之總股數，重新計算每股成本或帳面價值。
股票出售時成本係按加權平均法計算。
　　於資產負債表日評估是否有減損跡象，若有客觀證據顯示業已
減損，就其減損部分認列為當期損失。

]]></tw-gaap-notes:LongTermInvestmentsUnderEquityMethod>
	<tw-gaap-notes:PropertyPlantAndEquipmentAssetsLeasedToOthersAndIdleAssets contextRef="From20120101To20120930"><![CDATA[　　固定資產係以成本減累積折舊計價。重大改良及更新作為資本
支出；修理及維護支出，則作為當期費用。
　　固定資產之折舊係按直線法，依下列耐用年數計提：機器設備，
三至十年；運輸設備，四至五年；工具設備，二至五年；電腦設備，
二至五年；什項設備，二至十五年；租賃改良物，三至五年。
　　固定資產出售或報廢時，其相關成本、累積折舊及累計減損均
自帳上予以減除，因而產生之損益，依其性質列為當期之營業外利
益或損失。
　　倘固定資產以其相關可回收金額衡量帳面價值有重大減損時，
就其減損部分認列損失。嗣後若固定資產相關可回收金額增加時，
將減損損失之迴轉認列為利益，惟固定資產於減損損失迴轉後之帳
面價值，不得超過該項資產在未認列減損損失之情況下，減除應提
列折舊後之帳面價值。

]]></tw-gaap-notes:PropertyPlantAndEquipmentAssetsLeasedToOthersAndIdleAssets>
	<tw-gaap-notes:DeferredChargesAssets contextRef="From20120101To20120930"><![CDATA[　　遞延費用係按下列方式攤銷：外包模具及模夾檢具按生產成車
台數攤銷；其他遞延費用按三年平均攤銷。
　　倘遞延費用以其相關可回收金額衡量帳面價值有重大減損時，
就其減損部分認列損失。嗣後若遞延費用相關可回收金額增加時，
將減損損失之迴轉認列為利益，惟遞延費用於減損損失迴轉後之帳
面價值，不得超過該項資產在未認列減損損失之情況下，減除應提
列攤銷後之帳面價值。

]]></tw-gaap-notes:DeferredChargesAssets>
	<tw-gaap-notes:PensionPlan contextRef="From20120101To20120930"><![CDATA[　　屬確定給付退休辦法之退休金係按精算結果認列，未認列過渡
性淨給付義務按十五年攤銷，前期服務成本及退休金損益則按員工
平均剩餘服務年限，採直線法攤銷，發生縮減或清償時，將縮減或
清償損益列入當期之淨退休金成本；屬確定提撥退休辦法之退休
金，係於員工提供服務之期間，將應提撥之退休金數額認列為當期
費用。

]]></tw-gaap-notes:PensionPlan>
	<tw-gaap-notes:IncomeTax contextRef="From20120101To20120930"><![CDATA[　　所得稅係作跨期間與同期間之所得稅分攤，即將可減除暫時性
差異、未使用以前年度虧損扣抵及未使用投資抵減之所得稅影響數
認列為遞延所得稅資產，並評估其可實現性，認列相關備抵評價金
額；而應課稅暫時性差異之所得稅影響數則認列為遞延所得稅負
債。遞延所得稅資產或負債依其相關資產或負債之分類劃分為流動
或非流動項目，無相關之資產或負債者，依預期回轉期間之長短劃
分為流動或非流動項目。
　　因研究發展所產生之所得稅抵減，採當期認列法處理。
　　以前年度應付所得稅之調整，列為當期所得稅。
　　未分配盈餘加徵百分之十之所得稅，於股東會決議年度列為所
得稅。

]]></tw-gaap-notes:IncomeTax>
	<tw-gaap-notes:RevenueRecognition contextRef="From20120101To20120930"><![CDATA[　　銷貨收入係於貨物之所有權及風險移轉予客戶時認列，因其獲
利過程大部分已完成，且已實現或可實現。
　　銷貨收入係按本公司與買方所協議交易對價（考量商業折扣及
數量折扣後）之公平價值衡量；惟銷貨收入之對價為一年期以內之
應收款時，其公平價值與到期值差異不大且交易量頻繁，則不按設
算利率計算公平價值。


]]></tw-gaap-notes:RevenueRecognition>
	<tw-gaap-notes:ChangesInAccountingPrinciples contextRef="From20120101To20120930"><![CDATA[金融商品之會計處理
　　本公司自一○○年一月一日起採用新修訂之財務會計準則公報第
三十四號「金融商品之會計處理準則」。主要之修訂係將原始產生之
放款及應收款納入公報適用範圍。
營運部門資訊之揭露
　　本公司自一○○年一月一日起，採用新發布之財務會計準則公報
第四十一號「營運部門資訊之揭露」。該公報之規定係以管理階層制
定營運事項決策時所使用之企業組成部分相關資訊為基礎，營運部門
之辨識則以主要營運決策者定期複核用以分配資源予部門與評量績效
之內部報告為基礎。該公報係取代財務會計準則公報第二十號「部門
別財務資訊之揭露」，採用該公報僅對本公司部門別資訊之報導方式
產生改變。


]]></tw-gaap-notes:ChangesInAccountingPrinciples>
	<tw-gaap-notes:Others>
		<tw-gaap-notes:Item contextRef="From20120101To20120930"><![CDATA[(十一)保固準備]]></tw-gaap-notes:Item>
		<tw-gaap-notes:Description contextRef="From20120101To20120930"><![CDATA[　　保固準備係就產品保固期間內，估計可能發生之免費服務成本
所提列之準備。]]></tw-gaap-notes:Description>
	</tw-gaap-notes:Others>

</xbrl>

<!--This instance document is created by SIIAP V1.9.2-->
