<?xml version="1.0" encoding="UTF-8"?>
<xbrl xmlns="http://www.xbrl.org/2003/instance" xmlns:iso4217="http://www.xbrl.org/2003/iso4217" xmlns:link="http://www.xbrl.org/2003/linkbase" xmlns:tw-gaap-ar="http://www.xbrl.org/tw/fr/gaap/ar/2011-12-31" xmlns:tw-gaap-ci="http://www.xbrl.org/tw/fr/gaap/tw-gaap-ci-2011-12-31" xmlns:tw-gaap-notes="http://www.xbrl.org/tw/fr/gaap/notes/2011-12-31" xmlns:xbrldi="http://xbrl.org/2006/xbrldi" xmlns:xbrldt="http://xbrl.org/2005/xbrldt" xmlns:xbrli="http://www.xbrl.org/2003/instance" xmlns:xlink="http://www.w3.org/1999/xlink">
	<link:schemaRef xlink:arcrole="http://www.w3.org/1999/xlink/properties/linkbase" xlink:href="tw-gaap-ci-2011-12-31.xsd" xlink:type="simple"/>	<context id="AsOf20121029">
		<entity>
			<identifier scheme="http://www.twse.com.tw">1231</identifier>
		</entity>
		<period>
			<instant>2012-10-29</instant>
		</period>
	</context>
	<context id="AsOf20110101">
		<entity>
			<identifier scheme="http://www.twse.com.tw">1231</identifier>
		</entity>
		<period>
			<instant>2011-01-01</instant>
		</period>
	</context>
	<context id="AsOf20120101">
		<entity>
			<identifier scheme="http://www.twse.com.tw">1231</identifier>
		</entity>
		<period>
			<instant>2012-01-01</instant>
		</period>
	</context>
	<context id="From20110101To20110930">
		<entity>
			<identifier scheme="http://www.twse.com.tw">1231</identifier>
		</entity>
		<period>
			<startDate>2011-01-01</startDate>
			<endDate>2011-09-30</endDate>
		</period>
	</context>
	<context id="AsOf20110930">
		<entity>
			<identifier scheme="http://www.twse.com.tw">1231</identifier>
		</entity>
		<period>
			<instant>2011-09-30</instant>
		</period>
	</context>
	<context id="From20120101To20120930">
		<entity>
			<identifier scheme="http://www.twse.com.tw">1231</identifier>
		</entity>
		<period>
			<startDate>2012-01-01</startDate>
			<endDate>2012-09-30</endDate>
		</period>
	</context>
	<context id="AsOf20120930">
		<entity>
			<identifier scheme="http://www.twse.com.tw">1231</identifier>
		</entity>
		<period>
			<instant>2012-09-30</instant>
		</period>
	</context>
	<unit id="TWD">
		<measure>iso4217:TWD</measure>
	</unit>
	<unit id="Shares">
		<measure>xbrli:shares</measure>
	</unit>
	<unit id="EarningsPerShare">
		<divide>
			<unitNumerator>
				<measure>iso4217:TWD</measure>
			</unitNumerator>
			<unitDenominator>
				<measure>xbrli:shares</measure>
			</unitDenominator>
		</divide>
	</unit>
	<unit id="Pure">
		<measure>xbrli:pure</measure>
	</unit>
	<unit id="USD">
		<measure>iso4217:USD</measure>
	</unit>
	<unit id="CNY">
		<measure>iso4217:CNY</measure>
	</unit>
	<tw-gaap-ci:CashCashEquivalents contextRef="AsOf20120930" decimals="-3" unitRef="TWD">200182000</tw-gaap-ci:CashCashEquivalents>
	<tw-gaap-ci:CashCashEquivalents contextRef="AsOf20110930" decimals="-3" unitRef="TWD">163697000</tw-gaap-ci:CashCashEquivalents>
	<tw-gaap-ci:FinancialAssetsMeasuredFairValueProfitLossCurrent contextRef="AsOf20120930" decimals="-3" unitRef="TWD">17079000</tw-gaap-ci:FinancialAssetsMeasuredFairValueProfitLossCurrent>
	<tw-gaap-ci:FinancialAssetsMeasuredFairValueProfitLossCurrent contextRef="AsOf20110930" decimals="-3" unitRef="TWD">28690000</tw-gaap-ci:FinancialAssetsMeasuredFairValueProfitLossCurrent>
	<tw-gaap-ci:NetNotesReceivable contextRef="AsOf20120930" decimals="-3" unitRef="TWD">39062000</tw-gaap-ci:NetNotesReceivable>
	<tw-gaap-ci:NetNotesReceivable contextRef="AsOf20110930" decimals="-3" unitRef="TWD">35049000</tw-gaap-ci:NetNotesReceivable>
	<tw-gaap-ci:NetAccountsReceivable contextRef="AsOf20120930" decimals="-3" unitRef="TWD">1038261000</tw-gaap-ci:NetAccountsReceivable>
	<tw-gaap-ci:NetAccountsReceivable contextRef="AsOf20110930" decimals="-3" unitRef="TWD">910669000</tw-gaap-ci:NetAccountsReceivable>
	<tw-gaap-ci:OtherReceivablesOther contextRef="AsOf20120930" decimals="-3" unitRef="TWD">5460000</tw-gaap-ci:OtherReceivablesOther>
	<tw-gaap-ci:OtherReceivablesOther contextRef="AsOf20110930" decimals="-3" unitRef="TWD">3490000</tw-gaap-ci:OtherReceivablesOther>
	<tw-gaap-ci:OtherReceivables contextRef="AsOf20120930" decimals="-3" unitRef="TWD">5460000</tw-gaap-ci:OtherReceivables>
	<tw-gaap-ci:OtherReceivables contextRef="AsOf20110930" decimals="-3" unitRef="TWD">3490000</tw-gaap-ci:OtherReceivables>
	<tw-gaap-ci:InventoriesManufacturing contextRef="AsOf20120930" decimals="-3" unitRef="TWD">1046091000</tw-gaap-ci:InventoriesManufacturing>
	<tw-gaap-ci:InventoriesManufacturing contextRef="AsOf20110930" decimals="-3" unitRef="TWD">1073420000</tw-gaap-ci:InventoriesManufacturing>
	<tw-gaap-ci:Inventories contextRef="AsOf20120930" decimals="-3" unitRef="TWD">1046091000</tw-gaap-ci:Inventories>
	<tw-gaap-ci:Inventories contextRef="AsOf20110930" decimals="-3" unitRef="TWD">1073420000</tw-gaap-ci:Inventories>
	<tw-gaap-ci:OtherPrepayments contextRef="AsOf20120930" decimals="-3" unitRef="TWD">62798000</tw-gaap-ci:OtherPrepayments>
	<tw-gaap-ci:OtherPrepayments contextRef="AsOf20110930" decimals="-3" unitRef="TWD">59840000</tw-gaap-ci:OtherPrepayments>
	<tw-gaap-ci:DeferredIncomeTaxAssetsCurrent contextRef="AsOf20120930" decimals="-3" unitRef="TWD">3428000</tw-gaap-ci:DeferredIncomeTaxAssetsCurrent>
	<tw-gaap-ci:DeferredIncomeTaxAssetsCurrent contextRef="AsOf20110930" decimals="-3" unitRef="TWD">1300000</tw-gaap-ci:DeferredIncomeTaxAssetsCurrent>
	<tw-gaap-ci:OthercurrentAssetsOther contextRef="AsOf20120930" decimals="-3" unitRef="TWD">12712000</tw-gaap-ci:OthercurrentAssetsOther>
	<tw-gaap-ci:OthercurrentAssetsOther contextRef="AsOf20110930" decimals="-3" unitRef="TWD">13533000</tw-gaap-ci:OthercurrentAssetsOther>
	<tw-gaap-ci:OtherCurrentAssets contextRef="AsOf20120930" decimals="-3" unitRef="TWD">16140000</tw-gaap-ci:OtherCurrentAssets>
	<tw-gaap-ci:OtherCurrentAssets contextRef="AsOf20110930" decimals="-3" unitRef="TWD">14833000</tw-gaap-ci:OtherCurrentAssets>
	<tw-gaap-ci:CurrentAssets contextRef="AsOf20120930" decimals="-3" unitRef="TWD">2425073000</tw-gaap-ci:CurrentAssets>
	<tw-gaap-ci:CurrentAssets contextRef="AsOf20110930" decimals="-3" unitRef="TWD">2289688000</tw-gaap-ci:CurrentAssets>
	<tw-gaap-ci:NetFinancialAssetsCarriedCostNonCurrent contextRef="AsOf20120930" decimals="-3" unitRef="TWD">5528000</tw-gaap-ci:NetFinancialAssetsCarriedCostNonCurrent>
	<tw-gaap-ci:NetFinancialAssetsCarriedCostNonCurrent contextRef="AsOf20110930" decimals="-3" unitRef="TWD">7011000</tw-gaap-ci:NetFinancialAssetsCarriedCostNonCurrent>
	<tw-gaap-ci:LongtermInvestmentsEquity contextRef="AsOf20120930" decimals="-3" unitRef="TWD">157952000</tw-gaap-ci:LongtermInvestmentsEquity>
	<tw-gaap-ci:LongtermInvestmentsEquity contextRef="AsOf20110930" decimals="-3" unitRef="TWD">174016000</tw-gaap-ci:LongtermInvestmentsEquity>
	<tw-gaap-ci:LongtermInvestments contextRef="AsOf20120930" decimals="-3" unitRef="TWD">157952000</tw-gaap-ci:LongtermInvestments>
	<tw-gaap-ci:LongtermInvestments contextRef="AsOf20110930" decimals="-3" unitRef="TWD">174016000</tw-gaap-ci:LongtermInvestments>
	<tw-gaap-ci:FundsInvestments contextRef="AsOf20120930" decimals="-3" unitRef="TWD">163480000</tw-gaap-ci:FundsInvestments>
	<tw-gaap-ci:FundsInvestments contextRef="AsOf20110930" decimals="-3" unitRef="TWD">181027000</tw-gaap-ci:FundsInvestments>
	<tw-gaap-ci:Land contextRef="AsOf20120930" decimals="-3" unitRef="TWD">942335000</tw-gaap-ci:Land>
	<tw-gaap-ci:Land contextRef="AsOf20110930" decimals="-3" unitRef="TWD">938329000</tw-gaap-ci:Land>
	<tw-gaap-ci:BuildingsStructures contextRef="AsOf20120930" decimals="-3" unitRef="TWD">514212000</tw-gaap-ci:BuildingsStructures>
	<tw-gaap-ci:BuildingsStructures contextRef="AsOf20110930" decimals="-3" unitRef="TWD">495293000</tw-gaap-ci:BuildingsStructures>
	<tw-gaap-ci:MachineryEquipment contextRef="AsOf20120930" decimals="-3" unitRef="TWD">753162000</tw-gaap-ci:MachineryEquipment>
	<tw-gaap-ci:MachineryEquipment contextRef="AsOf20110930" decimals="-3" unitRef="TWD">679266000</tw-gaap-ci:MachineryEquipment>
	<tw-gaap-ci:TransportationEquipment contextRef="AsOf20120930" decimals="-3" unitRef="TWD">26659000</tw-gaap-ci:TransportationEquipment>
	<tw-gaap-ci:TransportationEquipment contextRef="AsOf20110930" decimals="-3" unitRef="TWD">32594000</tw-gaap-ci:TransportationEquipment>
	<tw-gaap-ci:OfficeEquipment contextRef="AsOf20120930" decimals="-3" unitRef="TWD">408527000</tw-gaap-ci:OfficeEquipment>
	<tw-gaap-ci:OfficeEquipment contextRef="AsOf20110930" decimals="-3" unitRef="TWD">382350000</tw-gaap-ci:OfficeEquipment>
	<tw-gaap-ci:FixedAssetsOriginalCosts contextRef="AsOf20120930" decimals="-3" unitRef="TWD">2644895000</tw-gaap-ci:FixedAssetsOriginalCosts>
	<tw-gaap-ci:FixedAssetsOriginalCosts contextRef="AsOf20110930" decimals="-3" unitRef="TWD">2527832000</tw-gaap-ci:FixedAssetsOriginalCosts>
	<tw-gaap-ci:CostsRevaluationIncrement contextRef="AsOf20120930" decimals="-3" unitRef="TWD">2644895000</tw-gaap-ci:CostsRevaluationIncrement>
	<tw-gaap-ci:CostsRevaluationIncrement contextRef="AsOf20110930" decimals="-3" unitRef="TWD">2527832000</tw-gaap-ci:CostsRevaluationIncrement>
	<tw-gaap-ci:AccumulatedDepreciation contextRef="AsOf20120930" decimals="-3" unitRef="TWD">1088483000</tw-gaap-ci:AccumulatedDepreciation>
	<tw-gaap-ci:AccumulatedDepreciation contextRef="AsOf20110930" decimals="-3" unitRef="TWD">1066858000</tw-gaap-ci:AccumulatedDepreciation>
	<tw-gaap-ci:ConstructionProcessPrepaymentEquipments contextRef="AsOf20120930" decimals="-3" unitRef="TWD">17814000</tw-gaap-ci:ConstructionProcessPrepaymentEquipments>
	<tw-gaap-ci:ConstructionProcessPrepaymentEquipments contextRef="AsOf20110930" decimals="-3" unitRef="TWD">40066000</tw-gaap-ci:ConstructionProcessPrepaymentEquipments>
	<tw-gaap-ci:FixedAssets contextRef="AsOf20120930" decimals="-3" unitRef="TWD">1574226000</tw-gaap-ci:FixedAssets>
	<tw-gaap-ci:FixedAssets contextRef="AsOf20110930" decimals="-3" unitRef="TWD">1501040000</tw-gaap-ci:FixedAssets>
	<tw-gaap-ci:DeferredPensionCost contextRef="AsOf20120930" decimals="-3" unitRef="TWD">15999000</tw-gaap-ci:DeferredPensionCost>
	<tw-gaap-ci:DeferredPensionCost contextRef="AsOf20110930" decimals="-3" unitRef="TWD">19177000</tw-gaap-ci:DeferredPensionCost>
	<tw-gaap-ci:IntangibleAssets contextRef="AsOf20120930" decimals="-3" unitRef="TWD">15999000</tw-gaap-ci:IntangibleAssets>
	<tw-gaap-ci:IntangibleAssets contextRef="AsOf20110930" decimals="-3" unitRef="TWD">19177000</tw-gaap-ci:IntangibleAssets>
	<tw-gaap-ci:NetRentalAssets contextRef="AsOf20120930" decimals="-3" unitRef="TWD">485142000</tw-gaap-ci:NetRentalAssets>
	<tw-gaap-ci:NetRentalAssets contextRef="AsOf20110930" decimals="-3" unitRef="TWD">488786000</tw-gaap-ci:NetRentalAssets>
	<tw-gaap-ci:GuaranteeDepositsPaid contextRef="AsOf20120930" decimals="-3" unitRef="TWD">21911000</tw-gaap-ci:GuaranteeDepositsPaid>
	<tw-gaap-ci:GuaranteeDepositsPaid contextRef="AsOf20110930" decimals="-3" unitRef="TWD">3086000</tw-gaap-ci:GuaranteeDepositsPaid>
	<tw-gaap-ci:DeferredCharges contextRef="AsOf20120930" decimals="-3" unitRef="TWD">25159000</tw-gaap-ci:DeferredCharges>
	<tw-gaap-ci:DeferredCharges contextRef="AsOf20110930" decimals="-3" unitRef="TWD">39493000</tw-gaap-ci:DeferredCharges>
	<tw-gaap-ci:DeferredIncomeTaxAssetsNonCurrent contextRef="AsOf20120930" decimals="-3" unitRef="TWD">41368000</tw-gaap-ci:DeferredIncomeTaxAssetsNonCurrent>
	<tw-gaap-ci:DeferredIncomeTaxAssetsNonCurrent contextRef="AsOf20110930" decimals="-3" unitRef="TWD">39157000</tw-gaap-ci:DeferredIncomeTaxAssetsNonCurrent>
	<tw-gaap-ci:OtherAssets contextRef="AsOf20120930" decimals="-3" unitRef="TWD">573580000</tw-gaap-ci:OtherAssets>
	<tw-gaap-ci:OtherAssets contextRef="AsOf20110930" decimals="-3" unitRef="TWD">570522000</tw-gaap-ci:OtherAssets>
	<tw-gaap-ci:Assets contextRef="AsOf20120930" decimals="-3" unitRef="TWD">4752358000</tw-gaap-ci:Assets>
	<tw-gaap-ci:Assets contextRef="AsOf20110930" decimals="-3" unitRef="TWD">4561454000</tw-gaap-ci:Assets>
	<tw-gaap-ci:ShortTermBorrowings contextRef="AsOf20120930" decimals="-3" unitRef="TWD">363189000</tw-gaap-ci:ShortTermBorrowings>
	<tw-gaap-ci:ShortTermBorrowings contextRef="AsOf20110930" decimals="-3" unitRef="TWD">354113000</tw-gaap-ci:ShortTermBorrowings>
	<tw-gaap-ci:FinancialLiabilitiesMeasuredFairValueProfitLossCurrent contextRef="AsOf20120930" decimals="-3" unitRef="TWD">9121000</tw-gaap-ci:FinancialLiabilitiesMeasuredFairValueProfitLossCurrent>
	<tw-gaap-ci:FinancialLiabilitiesMeasuredFairValueProfitLossCurrent contextRef="AsOf20110930" decimals="-3" unitRef="TWD">0</tw-gaap-ci:FinancialLiabilitiesMeasuredFairValueProfitLossCurrent>
	<tw-gaap-ci:AccountsPayable contextRef="AsOf20120930" decimals="-3" unitRef="TWD">437679000</tw-gaap-ci:AccountsPayable>
	<tw-gaap-ci:AccountsPayable contextRef="AsOf20110930" decimals="-3" unitRef="TWD">321513000</tw-gaap-ci:AccountsPayable>
	<tw-gaap-ci:IncomeTaxPayable contextRef="AsOf20120930" decimals="-3" unitRef="TWD">41916000</tw-gaap-ci:IncomeTaxPayable>
	<tw-gaap-ci:IncomeTaxPayable contextRef="AsOf20110930" decimals="-3" unitRef="TWD">64786000</tw-gaap-ci:IncomeTaxPayable>
	<tw-gaap-ci:AccruedExpenses contextRef="AsOf20120930" decimals="-3" unitRef="TWD">327114000</tw-gaap-ci:AccruedExpenses>
	<tw-gaap-ci:AccruedExpenses contextRef="AsOf20110930" decimals="-3" unitRef="TWD">316531000</tw-gaap-ci:AccruedExpenses>
	<tw-gaap-ci:OtherPayables contextRef="AsOf20120930" decimals="-3" unitRef="TWD">27962000</tw-gaap-ci:OtherPayables>
	<tw-gaap-ci:OtherPayables contextRef="AsOf20110930" decimals="-3" unitRef="TWD">148287000</tw-gaap-ci:OtherPayables>
	<tw-gaap-ci:LongtermLiabilitiesCurrentPortion contextRef="AsOf20120930" decimals="-3" unitRef="TWD">79056000</tw-gaap-ci:LongtermLiabilitiesCurrentPortion>
	<tw-gaap-ci:LongtermLiabilitiesCurrentPortion contextRef="AsOf20110930" decimals="-3" unitRef="TWD">90636000</tw-gaap-ci:LongtermLiabilitiesCurrentPortion>
	<tw-gaap-ci:OtherCurrentLiabilitiesOther contextRef="AsOf20120930" decimals="-3" unitRef="TWD">4816000</tw-gaap-ci:OtherCurrentLiabilitiesOther>
	<tw-gaap-ci:OtherCurrentLiabilitiesOther contextRef="AsOf20110930" decimals="-3" unitRef="TWD">5095000</tw-gaap-ci:OtherCurrentLiabilitiesOther>
	<tw-gaap-ci:OtherCurrentLiabilities contextRef="AsOf20120930" decimals="-3" unitRef="TWD">4816000</tw-gaap-ci:OtherCurrentLiabilities>
	<tw-gaap-ci:OtherCurrentLiabilities contextRef="AsOf20110930" decimals="-3" unitRef="TWD">5095000</tw-gaap-ci:OtherCurrentLiabilities>
	<tw-gaap-ci:CurrentLiabilities contextRef="AsOf20120930" decimals="-3" unitRef="TWD">1290853000</tw-gaap-ci:CurrentLiabilities>
	<tw-gaap-ci:CurrentLiabilities contextRef="AsOf20110930" decimals="-3" unitRef="TWD">1300961000</tw-gaap-ci:CurrentLiabilities>
	<tw-gaap-ci:LongtermBorrowings contextRef="AsOf20120930" decimals="-3" unitRef="TWD">1010738000</tw-gaap-ci:LongtermBorrowings>
	<tw-gaap-ci:LongtermBorrowings contextRef="AsOf20110930" decimals="-3" unitRef="TWD">1023018000</tw-gaap-ci:LongtermBorrowings>
	<tw-gaap-ci:LongTermLiabilities contextRef="AsOf20120930" decimals="-3" unitRef="TWD">1010738000</tw-gaap-ci:LongTermLiabilities>
	<tw-gaap-ci:LongTermLiabilities contextRef="AsOf20110930" decimals="-3" unitRef="TWD">1023018000</tw-gaap-ci:LongTermLiabilities>
	<tw-gaap-ci:PensionReserve contextRef="AsOf20120930" decimals="-3" unitRef="TWD">119593000</tw-gaap-ci:PensionReserve>
	<tw-gaap-ci:PensionReserve contextRef="AsOf20110930" decimals="-3" unitRef="TWD">109053000</tw-gaap-ci:PensionReserve>
	<tw-gaap-ci:GuaranteeDepositsReceived contextRef="AsOf20120930" decimals="-3" unitRef="TWD">3822000</tw-gaap-ci:GuaranteeDepositsReceived>
	<tw-gaap-ci:GuaranteeDepositsReceived contextRef="AsOf20110930" decimals="-3" unitRef="TWD">2982000</tw-gaap-ci:GuaranteeDepositsReceived>
	<tw-gaap-ci:OtherLiabilities contextRef="AsOf20120930" decimals="-3" unitRef="TWD">123415000</tw-gaap-ci:OtherLiabilities>
	<tw-gaap-ci:OtherLiabilities contextRef="AsOf20110930" decimals="-3" unitRef="TWD">112035000</tw-gaap-ci:OtherLiabilities>
	<tw-gaap-ci:Liabilities contextRef="AsOf20120930" decimals="-3" unitRef="TWD">2425006000</tw-gaap-ci:Liabilities>
	<tw-gaap-ci:Liabilities contextRef="AsOf20110930" decimals="-3" unitRef="TWD">2436014000</tw-gaap-ci:Liabilities>
	<tw-gaap-ci:CommonStock contextRef="AsOf20120930" decimals="-3" unitRef="TWD">1224480000</tw-gaap-ci:CommonStock>
	<tw-gaap-ci:CommonStock contextRef="AsOf20110930" decimals="-3" unitRef="TWD">1188816000</tw-gaap-ci:CommonStock>
	<tw-gaap-ci:Capital contextRef="AsOf20120930" decimals="-3" unitRef="TWD">1224480000</tw-gaap-ci:Capital>
	<tw-gaap-ci:Capital contextRef="AsOf20110930" decimals="-3" unitRef="TWD">1188816000</tw-gaap-ci:Capital>
	<tw-gaap-ci:CapitalSurplusAdditionalPaidCapital contextRef="AsOf20120930" decimals="-3" unitRef="TWD">72435000</tw-gaap-ci:CapitalSurplusAdditionalPaidCapital>
	<tw-gaap-ci:CapitalSurplusAdditionalPaidCapital contextRef="AsOf20110930" decimals="-3" unitRef="TWD">72435000</tw-gaap-ci:CapitalSurplusAdditionalPaidCapital>
	<tw-gaap-ci:CapitalSurplusLongTermEquityInvestments contextRef="AsOf20120930" decimals="-3" unitRef="TWD">607000</tw-gaap-ci:CapitalSurplusLongTermEquityInvestments>
	<tw-gaap-ci:CapitalSurplusLongTermEquityInvestments contextRef="AsOf20110930" decimals="-3" unitRef="TWD">607000</tw-gaap-ci:CapitalSurplusLongTermEquityInvestments>
	<tw-gaap-ci:CapitalSurplus contextRef="AsOf20120930" decimals="-3" unitRef="TWD">73042000</tw-gaap-ci:CapitalSurplus>
	<tw-gaap-ci:CapitalSurplus contextRef="AsOf20110930" decimals="-3" unitRef="TWD">73042000</tw-gaap-ci:CapitalSurplus>
	<tw-gaap-ci:LegalReserve contextRef="AsOf20120930" decimals="-3" unitRef="TWD">276737000</tw-gaap-ci:LegalReserve>
	<tw-gaap-ci:LegalReserve contextRef="AsOf20110930" decimals="-3" unitRef="TWD">240886000</tw-gaap-ci:LegalReserve>
	<tw-gaap-ci:SpecialReserve contextRef="AsOf20120930" decimals="-3" unitRef="TWD">14398000</tw-gaap-ci:SpecialReserve>
	<tw-gaap-ci:SpecialReserve contextRef="AsOf20110930" decimals="-3" unitRef="TWD">14398000</tw-gaap-ci:SpecialReserve>
	<tw-gaap-ci:UnappropriatedRetainedEarnings contextRef="AsOf20120930" decimals="-3" unitRef="TWD">758313000</tw-gaap-ci:UnappropriatedRetainedEarnings>
	<tw-gaap-ci:UnappropriatedRetainedEarnings contextRef="AsOf20110930" decimals="-3" unitRef="TWD">609420000</tw-gaap-ci:UnappropriatedRetainedEarnings>
	<tw-gaap-ci:RetainedEarnings contextRef="AsOf20120930" decimals="-3" unitRef="TWD">1049448000</tw-gaap-ci:RetainedEarnings>
	<tw-gaap-ci:RetainedEarnings contextRef="AsOf20110930" decimals="-3" unitRef="TWD">864704000</tw-gaap-ci:RetainedEarnings>
	<tw-gaap-ci:CumulativeTranslationAdjustments contextRef="AsOf20120930" decimals="-3" unitRef="TWD">34656000</tw-gaap-ci:CumulativeTranslationAdjustments>
	<tw-gaap-ci:CumulativeTranslationAdjustments contextRef="AsOf20110930" decimals="-3" unitRef="TWD">40848000</tw-gaap-ci:CumulativeTranslationAdjustments>
	<tw-gaap-ci:NetLossNotRecognizedPensionCost contextRef="AsOf20120930" decimals="-3" unitRef="TWD">54274000</tw-gaap-ci:NetLossNotRecognizedPensionCost>
	<tw-gaap-ci:NetLossNotRecognizedPensionCost contextRef="AsOf20110930" decimals="-3" unitRef="TWD">41970000</tw-gaap-ci:NetLossNotRecognizedPensionCost>
	<tw-gaap-ci:StockholdersEquitiesAdjustments contextRef="AsOf20120930" decimals="-3" unitRef="TWD">-19618000</tw-gaap-ci:StockholdersEquitiesAdjustments>
	<tw-gaap-ci:StockholdersEquitiesAdjustments contextRef="AsOf20110930" decimals="-3" unitRef="TWD">-1122000</tw-gaap-ci:StockholdersEquitiesAdjustments>
	<tw-gaap-ci:StockholdersEquities contextRef="AsOf20120930" decimals="-3" unitRef="TWD">2327352000</tw-gaap-ci:StockholdersEquities>
	<tw-gaap-ci:StockholdersEquities contextRef="AsOf20110930" decimals="-3" unitRef="TWD">2125440000</tw-gaap-ci:StockholdersEquities>
	<tw-gaap-ci:EquivalentSharesOutstandingAdvanceReceiptsCommonStock contextRef="AsOf20120930" decimals="0" unitRef="Shares">0</tw-gaap-ci:EquivalentSharesOutstandingAdvanceReceiptsCommonStock>
	<tw-gaap-ci:EquivalentSharesOutstandingAdvanceReceiptsCommonStock contextRef="AsOf20110930" decimals="0" unitRef="Shares">0</tw-gaap-ci:EquivalentSharesOutstandingAdvanceReceiptsCommonStock>
	<tw-gaap-ci:NumberTreasuryStockAcquiredCompanySubsidiaries contextRef="AsOf20120930" decimals="0" unitRef="Shares">0</tw-gaap-ci:NumberTreasuryStockAcquiredCompanySubsidiaries>
	<tw-gaap-ci:NumberTreasuryStockAcquiredCompanySubsidiaries contextRef="AsOf20110930" decimals="0" unitRef="Shares">0</tw-gaap-ci:NumberTreasuryStockAcquiredCompanySubsidiaries>
	<tw-gaap-ci:Sales contextRef="From20120101To20120930" decimals="-3" unitRef="TWD">4137864000</tw-gaap-ci:Sales>
	<tw-gaap-ci:Sales contextRef="From20110101To20110930" decimals="-3" unitRef="TWD">3976045000</tw-gaap-ci:Sales>
	<tw-gaap-ci:SalesReturns contextRef="From20120101To20120930" decimals="-3" unitRef="TWD">92405000</tw-gaap-ci:SalesReturns>
	<tw-gaap-ci:SalesReturns contextRef="From20110101To20110930" decimals="-3" unitRef="TWD">62717000</tw-gaap-ci:SalesReturns>
	<tw-gaap-ci:SalesDiscountsAllowances contextRef="From20120101To20120930" decimals="-3" unitRef="TWD">19104000</tw-gaap-ci:SalesDiscountsAllowances>
	<tw-gaap-ci:SalesDiscountsAllowances contextRef="From20110101To20110930" decimals="-3" unitRef="TWD">7971000</tw-gaap-ci:SalesDiscountsAllowances>
	<tw-gaap-ci:NetSales contextRef="From20120101To20120930" decimals="-3" unitRef="TWD">4026355000</tw-gaap-ci:NetSales>
	<tw-gaap-ci:NetSales contextRef="From20110101To20110930" decimals="-3" unitRef="TWD">3905357000</tw-gaap-ci:NetSales>
	<tw-gaap-ci:OperatingRevenue contextRef="From20120101To20120930" decimals="-3" unitRef="TWD">4026355000</tw-gaap-ci:OperatingRevenue>
	<tw-gaap-ci:OperatingRevenue contextRef="From20110101To20110930" decimals="-3" unitRef="TWD">3905357000</tw-gaap-ci:OperatingRevenue>
	<tw-gaap-ci:OperatingCosts contextRef="From20120101To20120930" decimals="-3" unitRef="TWD">2854230000</tw-gaap-ci:OperatingCosts>
	<tw-gaap-ci:OperatingCosts contextRef="From20110101To20110930" decimals="-3" unitRef="TWD">2729601000</tw-gaap-ci:OperatingCosts>
	<tw-gaap-ci:GrossProfitLossOperations contextRef="From20120101To20120930" decimals="-3" unitRef="TWD">1172125000</tw-gaap-ci:GrossProfitLossOperations>
	<tw-gaap-ci:GrossProfitLossOperations contextRef="From20110101To20110930" decimals="-3" unitRef="TWD">1175756000</tw-gaap-ci:GrossProfitLossOperations>
	<tw-gaap-ci:Sellingexpense contextRef="From20120101To20120930" decimals="-3" unitRef="TWD">629358000</tw-gaap-ci:Sellingexpense>
	<tw-gaap-ci:Sellingexpense contextRef="From20110101To20110930" decimals="-3" unitRef="TWD">673498000</tw-gaap-ci:Sellingexpense>
	<tw-gaap-ci:GeneralAdministrativeExpenses contextRef="From20120101To20120930" decimals="-3" unitRef="TWD">134191000</tw-gaap-ci:GeneralAdministrativeExpenses>
	<tw-gaap-ci:GeneralAdministrativeExpenses contextRef="From20110101To20110930" decimals="-3" unitRef="TWD">116851000</tw-gaap-ci:GeneralAdministrativeExpenses>
	<tw-gaap-ci:ResearchDevelopmentExpenses contextRef="From20120101To20120930" decimals="-3" unitRef="TWD">42702000</tw-gaap-ci:ResearchDevelopmentExpenses>
	<tw-gaap-ci:ResearchDevelopmentExpenses contextRef="From20110101To20110930" decimals="-3" unitRef="TWD">31644000</tw-gaap-ci:ResearchDevelopmentExpenses>
	<tw-gaap-ci:OperatingExpenses contextRef="From20120101To20120930" decimals="-3" unitRef="TWD">806251000</tw-gaap-ci:OperatingExpenses>
	<tw-gaap-ci:OperatingExpenses contextRef="From20110101To20110930" decimals="-3" unitRef="TWD">821993000</tw-gaap-ci:OperatingExpenses>
	<tw-gaap-ci:OperatingIncomeLoss contextRef="From20120101To20120930" decimals="-3" unitRef="TWD">365874000</tw-gaap-ci:OperatingIncomeLoss>
	<tw-gaap-ci:OperatingIncomeLoss contextRef="From20110101To20110930" decimals="-3" unitRef="TWD">353763000</tw-gaap-ci:OperatingIncomeLoss>
	<tw-gaap-ci:InterestIncome contextRef="From20120101To20120930" decimals="-3" unitRef="TWD">209000</tw-gaap-ci:InterestIncome>
	<tw-gaap-ci:InterestIncome contextRef="From20110101To20110930" decimals="-3" unitRef="TWD">389000</tw-gaap-ci:InterestIncome>
	<tw-gaap-ci:DividendIncome contextRef="From20120101To20120930" decimals="-3" unitRef="TWD">700000</tw-gaap-ci:DividendIncome>
	<tw-gaap-ci:DividendIncome contextRef="From20110101To20110930" decimals="-3" unitRef="TWD">1165000</tw-gaap-ci:DividendIncome>
	<tw-gaap-ci:InvestmentGains contextRef="From20120101To20120930" decimals="-3" unitRef="TWD">700000</tw-gaap-ci:InvestmentGains>
	<tw-gaap-ci:InvestmentGains contextRef="From20110101To20110930" decimals="-3" unitRef="TWD">1165000</tw-gaap-ci:InvestmentGains>
	<tw-gaap-ci:GainsDisposalFixedAssets contextRef="From20120101To20120930" decimals="-3" unitRef="TWD">8647000</tw-gaap-ci:GainsDisposalFixedAssets>
	<tw-gaap-ci:GainsDisposalFixedAssets contextRef="From20110101To20110930" decimals="-3" unitRef="TWD">522000</tw-gaap-ci:GainsDisposalFixedAssets>
	<tw-gaap-ci:GainsSaleInvestments contextRef="From20120101To20120930" decimals="-3" unitRef="TWD">1088000</tw-gaap-ci:GainsSaleInvestments>
	<tw-gaap-ci:GainsSaleInvestments contextRef="From20110101To20110930" decimals="-3" unitRef="TWD">0</tw-gaap-ci:GainsSaleInvestments>
	<tw-gaap-ci:ForeignExchangeGains contextRef="From20120101To20120930" decimals="-3" unitRef="TWD">5923000</tw-gaap-ci:ForeignExchangeGains>
	<tw-gaap-ci:ForeignExchangeGains contextRef="From20110101To20110930" decimals="-3" unitRef="TWD">0</tw-gaap-ci:ForeignExchangeGains>
	<tw-gaap-ci:RentIncome contextRef="From20120101To20120930" decimals="-3" unitRef="TWD">14760000</tw-gaap-ci:RentIncome>
	<tw-gaap-ci:RentIncome contextRef="From20110101To20110930" decimals="-3" unitRef="TWD">13818000</tw-gaap-ci:RentIncome>
	<tw-gaap-ci:RevaluationGainFinancialAssets contextRef="From20120101To20120930" decimals="-3" unitRef="TWD">0</tw-gaap-ci:RevaluationGainFinancialAssets>
	<tw-gaap-ci:RevaluationGainFinancialAssets contextRef="From20110101To20110930" decimals="-3" unitRef="TWD">4123000</tw-gaap-ci:RevaluationGainFinancialAssets>
	<tw-gaap-ci:MiscellaneousIncome contextRef="From20120101To20120930" decimals="-3" unitRef="TWD">19460000</tw-gaap-ci:MiscellaneousIncome>
	<tw-gaap-ci:MiscellaneousIncome contextRef="From20110101To20110930" decimals="-3" unitRef="TWD">38942000</tw-gaap-ci:MiscellaneousIncome>
	<tw-gaap-ci:NonOperatingIncomeGains contextRef="From20120101To20120930" decimals="-3" unitRef="TWD">50787000</tw-gaap-ci:NonOperatingIncomeGains>
	<tw-gaap-ci:NonOperatingIncomeGains contextRef="From20110101To20110930" decimals="-3" unitRef="TWD">58959000</tw-gaap-ci:NonOperatingIncomeGains>
	<tw-gaap-ci:InterestExpense contextRef="From20120101To20120930" decimals="-3" unitRef="TWD">17120000</tw-gaap-ci:InterestExpense>
	<tw-gaap-ci:InterestExpense contextRef="From20110101To20110930" decimals="-3" unitRef="TWD">8058000</tw-gaap-ci:InterestExpense>
	<tw-gaap-ci:NonOperatingExpensesInvestmentLossRecognizedEquityMethod contextRef="From20120101To20120930" decimals="-3" unitRef="TWD">13651000</tw-gaap-ci:NonOperatingExpensesInvestmentLossRecognizedEquityMethod>
	<tw-gaap-ci:NonOperatingExpensesInvestmentLossRecognizedEquityMethod contextRef="From20110101To20110930" decimals="-3" unitRef="TWD">15232000</tw-gaap-ci:NonOperatingExpensesInvestmentLossRecognizedEquityMethod>
	<tw-gaap-ci:NonOperatingExpensesInvestmentLoss contextRef="From20120101To20120930" decimals="-3" unitRef="TWD">13651000</tw-gaap-ci:NonOperatingExpensesInvestmentLoss>
	<tw-gaap-ci:NonOperatingExpensesInvestmentLoss contextRef="From20110101To20110930" decimals="-3" unitRef="TWD">15232000</tw-gaap-ci:NonOperatingExpensesInvestmentLoss>
	<tw-gaap-ci:LossDisposalFixedAssets contextRef="From20120101To20120930" decimals="-3" unitRef="TWD">465000</tw-gaap-ci:LossDisposalFixedAssets>
	<tw-gaap-ci:LossDisposalFixedAssets contextRef="From20110101To20110930" decimals="-3" unitRef="TWD">335000</tw-gaap-ci:LossDisposalFixedAssets>
	<tw-gaap-ci:LossSaleInvestments contextRef="From20120101To20120930" decimals="-3" unitRef="TWD">0</tw-gaap-ci:LossSaleInvestments>
	<tw-gaap-ci:LossSaleInvestments contextRef="From20110101To20110930" decimals="-3" unitRef="TWD">56000</tw-gaap-ci:LossSaleInvestments>
	<tw-gaap-ci:ForeignExchangeLosses contextRef="From20120101To20120930" decimals="-3" unitRef="TWD">0</tw-gaap-ci:ForeignExchangeLosses>
	<tw-gaap-ci:ForeignExchangeLosses contextRef="From20110101To20110930" decimals="-3" unitRef="TWD">17057000</tw-gaap-ci:ForeignExchangeLosses>
	<tw-gaap-ci:ImpairmentLossAssets contextRef="From20120101To20120930" decimals="-3" unitRef="TWD">687000</tw-gaap-ci:ImpairmentLossAssets>
	<tw-gaap-ci:ImpairmentLossAssets contextRef="From20110101To20110930" decimals="-3" unitRef="TWD">0</tw-gaap-ci:ImpairmentLossAssets>
	<tw-gaap-ci:RevaluationLossFinancialAssets contextRef="From20120101To20120930" decimals="-3" unitRef="TWD">592000</tw-gaap-ci:RevaluationLossFinancialAssets>
	<tw-gaap-ci:RevaluationLossFinancialAssets contextRef="From20110101To20110930" decimals="-3" unitRef="TWD">0</tw-gaap-ci:RevaluationLossFinancialAssets>
	<tw-gaap-ci:RevaluationLossFinancialLiabilities contextRef="From20120101To20120930" decimals="-3" unitRef="TWD">9121000</tw-gaap-ci:RevaluationLossFinancialLiabilities>
	<tw-gaap-ci:RevaluationLossFinancialLiabilities contextRef="From20110101To20110930" decimals="-3" unitRef="TWD">3041000</tw-gaap-ci:RevaluationLossFinancialLiabilities>
	<tw-gaap-ci:MiscellaneousDisbursements contextRef="From20120101To20120930" decimals="-3" unitRef="TWD">7813000</tw-gaap-ci:MiscellaneousDisbursements>
	<tw-gaap-ci:MiscellaneousDisbursements contextRef="From20110101To20110930" decimals="-3" unitRef="TWD">3278000</tw-gaap-ci:MiscellaneousDisbursements>
	<tw-gaap-ci:NonOperatingExpenses contextRef="From20120101To20120930" decimals="-3" unitRef="TWD">49449000</tw-gaap-ci:NonOperatingExpenses>
	<tw-gaap-ci:NonOperatingExpenses contextRef="From20110101To20110930" decimals="-3" unitRef="TWD">47057000</tw-gaap-ci:NonOperatingExpenses>
	<tw-gaap-ci:IncomeContinuingOperationsBeforeIncomeTax contextRef="From20120101To20120930" decimals="-3" unitRef="TWD">367212000</tw-gaap-ci:IncomeContinuingOperationsBeforeIncomeTax>
	<tw-gaap-ci:IncomeContinuingOperationsBeforeIncomeTax contextRef="From20110101To20110930" decimals="-3" unitRef="TWD">365665000</tw-gaap-ci:IncomeContinuingOperationsBeforeIncomeTax>
	<tw-gaap-ci:IncomeTaxExpenseBenefit contextRef="From20120101To20120930" decimals="-3" unitRef="TWD">76513000</tw-gaap-ci:IncomeTaxExpenseBenefit>
	<tw-gaap-ci:IncomeTaxExpenseBenefit contextRef="From20110101To20110930" decimals="-3" unitRef="TWD">79525000</tw-gaap-ci:IncomeTaxExpenseBenefit>
	<tw-gaap-ci:IncomeContinuingOperations contextRef="From20120101To20120930" decimals="-3" unitRef="TWD">290699000</tw-gaap-ci:IncomeContinuingOperations>
	<tw-gaap-ci:IncomeContinuingOperations contextRef="From20110101To20110930" decimals="-3" unitRef="TWD">286140000</tw-gaap-ci:IncomeContinuingOperations>
	<tw-gaap-ci:NetIncomeLoss contextRef="From20120101To20120930" decimals="-3" unitRef="TWD">290699000</tw-gaap-ci:NetIncomeLoss>
	<tw-gaap-ci:NetIncomeLoss contextRef="From20110101To20110930" decimals="-3" unitRef="TWD">286140000</tw-gaap-ci:NetIncomeLoss>
	<tw-gaap-ci:PrimaryEarningsPerShare contextRef="From20120101To20120930" decimals="2" unitRef="TWD">2.37</tw-gaap-ci:PrimaryEarningsPerShare>
	<tw-gaap-ci:PrimaryEarningsPerShare contextRef="From20110101To20110930" decimals="2" unitRef="TWD">2.34</tw-gaap-ci:PrimaryEarningsPerShare>
	<tw-gaap-ci:DilutedEarningsPerShare contextRef="From20120101To20120930" decimals="2" unitRef="TWD">2.37</tw-gaap-ci:DilutedEarningsPerShare>
	<tw-gaap-ci:DilutedEarningsPerShare contextRef="From20110101To20110930" decimals="2" unitRef="TWD">2.33</tw-gaap-ci:DilutedEarningsPerShare>
	<tw-gaap-ci:NetIncomeLoss_StatementCashFlows contextRef="From20120101To20120930" decimals="-3" unitRef="TWD">290699000</tw-gaap-ci:NetIncomeLoss_StatementCashFlows>
	<tw-gaap-ci:NetIncomeLoss_StatementCashFlows contextRef="From20110101To20110930" decimals="-3" unitRef="TWD">286140000</tw-gaap-ci:NetIncomeLoss_StatementCashFlows>
	<tw-gaap-ci:DepreciationExpense-Operating contextRef="From20120101To20120930" decimals="-3" unitRef="TWD">75312000</tw-gaap-ci:DepreciationExpense-Operating>
	<tw-gaap-ci:DepreciationExpense-Operating contextRef="From20110101To20110930" decimals="-3" unitRef="TWD">65402000</tw-gaap-ci:DepreciationExpense-Operating>
	<tw-gaap-ci:AmortizationExpense-Operating contextRef="From20120101To20120930" decimals="-3" unitRef="TWD">11627000</tw-gaap-ci:AmortizationExpense-Operating>
	<tw-gaap-ci:AmortizationExpense-Operating contextRef="From20110101To20110930" decimals="-3" unitRef="TWD">13116000</tw-gaap-ci:AmortizationExpense-Operating>
	<tw-gaap-ci:GainLossInventoryValuationObsolescenceRecoverie contextRef="From20120101To20120930" decimals="-3" unitRef="TWD">19102000</tw-gaap-ci:GainLossInventoryValuationObsolescenceRecoverie>
	<tw-gaap-ci:GainLossInventoryValuationObsolescenceRecoverie contextRef="From20110101To20110930" decimals="-3" unitRef="TWD">14151000</tw-gaap-ci:GainLossInventoryValuationObsolescenceRecoverie>
	<tw-gaap-ci:InvestmentLossIncomeRecognizedEquityMethod contextRef="From20120101To20120930" decimals="-3" unitRef="TWD">13651000</tw-gaap-ci:InvestmentLossIncomeRecognizedEquityMethod>
	<tw-gaap-ci:InvestmentLossIncomeRecognizedEquityMethod contextRef="From20110101To20110930" decimals="-3" unitRef="TWD">15232000</tw-gaap-ci:InvestmentLossIncomeRecognizedEquityMethod>
	<tw-gaap-ci:GainLossDisposalScrappingFixedAssets contextRef="From20120101To20120930" decimals="-3" unitRef="TWD">-8182000</tw-gaap-ci:GainLossDisposalScrappingFixedAssets>
	<tw-gaap-ci:GainLossDisposalScrappingFixedAssets contextRef="From20110101To20110930" decimals="-3" unitRef="TWD">-187000</tw-gaap-ci:GainLossDisposalScrappingFixedAssets>
	<tw-gaap-ci:GainsLossesSaleInvestments contextRef="From20120101To20120930" decimals="-3" unitRef="TWD">-1088000</tw-gaap-ci:GainsLossesSaleInvestments>
	<tw-gaap-ci:GainsLossesSaleInvestments contextRef="From20110101To20110930" decimals="-3" unitRef="TWD">56000</tw-gaap-ci:GainsLossesSaleInvestments>
	<tw-gaap-ci:UnrealizedRevaluationGainFinancialAssetsLiabilities contextRef="From20120101To20120930" decimals="-3" unitRef="TWD">9713000</tw-gaap-ci:UnrealizedRevaluationGainFinancialAssetsLiabilities>
	<tw-gaap-ci:UnrealizedRevaluationGainFinancialAssetsLiabilities contextRef="From20110101To20110930" decimals="-3" unitRef="TWD">-1082000</tw-gaap-ci:UnrealizedRevaluationGainFinancialAssetsLiabilities>
	<tw-gaap-ci:ImpairmentLossesFinancialAsset contextRef="From20120101To20120930" decimals="-3" unitRef="TWD">687000</tw-gaap-ci:ImpairmentLossesFinancialAsset>
	<tw-gaap-ci:ImpairmentLossesFinancialAsset contextRef="From20110101To20110930" decimals="-3" unitRef="TWD">0</tw-gaap-ci:ImpairmentLossesFinancialAsset>
	<tw-gaap-ci:LossGainDeferredIncomeTax contextRef="From20120101To20120930" decimals="-3" unitRef="TWD">-3407000</tw-gaap-ci:LossGainDeferredIncomeTax>
	<tw-gaap-ci:LossGainDeferredIncomeTax contextRef="From20110101To20110930" decimals="-3" unitRef="TWD">-2981000</tw-gaap-ci:LossGainDeferredIncomeTax>
	<tw-gaap-ci:OtherAdjustmentsReconcileNetIncomeNetCashProvidedUsedOperatingActivities contextRef="From20120101To20120930" decimals="-3" unitRef="TWD">0</tw-gaap-ci:OtherAdjustmentsReconcileNetIncomeNetCashProvidedUsedOperatingActivities>
	<tw-gaap-ci:OtherAdjustmentsReconcileNetIncomeNetCashProvidedUsedOperatingActivities contextRef="From20110101To20110930" decimals="-3" unitRef="TWD">-23000</tw-gaap-ci:OtherAdjustmentsReconcileNetIncomeNetCashProvidedUsedOperatingActivities>
	<tw-gaap-ci:AdjustmentsReconcileNetIncomeNetCashProvidedUsedOperatingActivities contextRef="From20120101To20120930" decimals="-3" unitRef="TWD">117415000</tw-gaap-ci:AdjustmentsReconcileNetIncomeNetCashProvidedUsedOperatingActivities>
	<tw-gaap-ci:AdjustmentsReconcileNetIncomeNetCashProvidedUsedOperatingActivities contextRef="From20110101To20110930" decimals="-3" unitRef="TWD">103684000</tw-gaap-ci:AdjustmentsReconcileNetIncomeNetCashProvidedUsedOperatingActivities>
	<tw-gaap-ci:ChangesFinancialAssetsHeldTrading contextRef="From20120101To20120930" decimals="-3" unitRef="TWD">12369000</tw-gaap-ci:ChangesFinancialAssetsHeldTrading>
	<tw-gaap-ci:ChangesFinancialAssetsHeldTrading contextRef="From20110101To20110930" decimals="-3" unitRef="TWD">-12300000</tw-gaap-ci:ChangesFinancialAssetsHeldTrading>
	<tw-gaap-ci:ChangesNotesReceivable contextRef="From20120101To20120930" decimals="-3" unitRef="TWD">5699000</tw-gaap-ci:ChangesNotesReceivable>
	<tw-gaap-ci:ChangesNotesReceivable contextRef="From20110101To20110930" decimals="-3" unitRef="TWD">-1454000</tw-gaap-ci:ChangesNotesReceivable>
	<tw-gaap-ci:ChangesAccountsReceivable contextRef="From20120101To20120930" decimals="-3" unitRef="TWD">24097000</tw-gaap-ci:ChangesAccountsReceivable>
	<tw-gaap-ci:ChangesAccountsReceivable contextRef="From20110101To20110930" decimals="-3" unitRef="TWD">-92222000</tw-gaap-ci:ChangesAccountsReceivable>
	<tw-gaap-ci:ChangesOtherReceivables contextRef="From20120101To20120930" decimals="-3" unitRef="TWD">-2389000</tw-gaap-ci:ChangesOtherReceivables>
	<tw-gaap-ci:ChangesOtherReceivables contextRef="From20110101To20110930" decimals="-3" unitRef="TWD">2115000</tw-gaap-ci:ChangesOtherReceivables>
	<tw-gaap-ci:ChangesInventories contextRef="From20120101To20120930" decimals="-3" unitRef="TWD">-10699000</tw-gaap-ci:ChangesInventories>
	<tw-gaap-ci:ChangesInventories contextRef="From20110101To20110930" decimals="-3" unitRef="TWD">-99778000</tw-gaap-ci:ChangesInventories>
	<tw-gaap-ci:ChangesPrepaidExpenses contextRef="From20120101To20120930" decimals="-3" unitRef="TWD">57399000</tw-gaap-ci:ChangesPrepaidExpenses>
	<tw-gaap-ci:ChangesPrepaidExpenses contextRef="From20110101To20110930" decimals="-3" unitRef="TWD">8658000</tw-gaap-ci:ChangesPrepaidExpenses>
	<tw-gaap-ci:ChangesOtherCurrentAssets_CI contextRef="From20120101To20120930" decimals="-3" unitRef="TWD">-689000</tw-gaap-ci:ChangesOtherCurrentAssets_CI>
	<tw-gaap-ci:ChangesOtherCurrentAssets_CI contextRef="From20110101To20110930" decimals="-3" unitRef="TWD">-3427000</tw-gaap-ci:ChangesOtherCurrentAssets_CI>
	<tw-gaap-ci:ChangesOperatingAssets contextRef="From20120101To20120930" decimals="-3" unitRef="TWD">85787000</tw-gaap-ci:ChangesOperatingAssets>
	<tw-gaap-ci:ChangesOperatingAssets contextRef="From20110101To20110930" decimals="-3" unitRef="TWD">-198408000</tw-gaap-ci:ChangesOperatingAssets>
	<tw-gaap-ci:ChangesNotesPayable contextRef="From20120101To20120930" decimals="-3" unitRef="TWD">0</tw-gaap-ci:ChangesNotesPayable>
	<tw-gaap-ci:ChangesNotesPayable contextRef="From20110101To20110930" decimals="-3" unitRef="TWD">-180000</tw-gaap-ci:ChangesNotesPayable>
	<tw-gaap-ci:ChangesAccountsPayable contextRef="From20120101To20120930" decimals="-3" unitRef="TWD">57602000</tw-gaap-ci:ChangesAccountsPayable>
	<tw-gaap-ci:ChangesAccountsPayable contextRef="From20110101To20110930" decimals="-3" unitRef="TWD">-12804000</tw-gaap-ci:ChangesAccountsPayable>
	<tw-gaap-ci:ChangesIncomeTaxPayable contextRef="From20120101To20120930" decimals="-3" unitRef="TWD">-37498000</tw-gaap-ci:ChangesIncomeTaxPayable>
	<tw-gaap-ci:ChangesIncomeTaxPayable contextRef="From20110101To20110930" decimals="-3" unitRef="TWD">-9985000</tw-gaap-ci:ChangesIncomeTaxPayable>
	<tw-gaap-ci:ChangesAccruedExpenses contextRef="From20120101To20120930" decimals="-3" unitRef="TWD">-107268000</tw-gaap-ci:ChangesAccruedExpenses>
	<tw-gaap-ci:ChangesAccruedExpenses contextRef="From20110101To20110930" decimals="-3" unitRef="TWD">-35259000</tw-gaap-ci:ChangesAccruedExpenses>
	<tw-gaap-ci:ChangesOtherPayables contextRef="From20120101To20120930" decimals="-3" unitRef="TWD">-3797000</tw-gaap-ci:ChangesOtherPayables>
	<tw-gaap-ci:ChangesOtherPayables contextRef="From20110101To20110930" decimals="-3" unitRef="TWD">-3249000</tw-gaap-ci:ChangesOtherPayables>
	<tw-gaap-ci:ChangesOtherCurrentLiabilities_CI contextRef="From20120101To20120930" decimals="-3" unitRef="TWD">-143000</tw-gaap-ci:ChangesOtherCurrentLiabilities_CI>
	<tw-gaap-ci:ChangesOtherCurrentLiabilities_CI contextRef="From20110101To20110930" decimals="-3" unitRef="TWD">1027000</tw-gaap-ci:ChangesOtherCurrentLiabilities_CI>
	<tw-gaap-ci:ChangesAccruedPensionLiabilities contextRef="From20120101To20120930" decimals="-3" unitRef="TWD">1107000</tw-gaap-ci:ChangesAccruedPensionLiabilities>
	<tw-gaap-ci:ChangesAccruedPensionLiabilities contextRef="From20110101To20110930" decimals="-3" unitRef="TWD">925000</tw-gaap-ci:ChangesAccruedPensionLiabilities>
	<tw-gaap-ci:ChangesOperatingLiabilities contextRef="From20120101To20120930" decimals="-3" unitRef="TWD">-89997000</tw-gaap-ci:ChangesOperatingLiabilities>
	<tw-gaap-ci:ChangesOperatingLiabilities contextRef="From20110101To20110930" decimals="-3" unitRef="TWD">-59525000</tw-gaap-ci:ChangesOperatingLiabilities>
	<tw-gaap-ci:ChangesOperatingAssetsLiabilities contextRef="From20120101To20120930" decimals="-3" unitRef="TWD">-4210000</tw-gaap-ci:ChangesOperatingAssetsLiabilities>
	<tw-gaap-ci:ChangesOperatingAssetsLiabilities contextRef="From20110101To20110930" decimals="-3" unitRef="TWD">-257933000</tw-gaap-ci:ChangesOperatingAssetsLiabilities>
	<tw-gaap-ci:NetCashProvidedUsedOperatingActivities contextRef="From20120101To20120930" decimals="-3" unitRef="TWD">403904000</tw-gaap-ci:NetCashProvidedUsedOperatingActivities>
	<tw-gaap-ci:NetCashProvidedUsedOperatingActivities contextRef="From20110101To20110930" decimals="-3" unitRef="TWD">131891000</tw-gaap-ci:NetCashProvidedUsedOperatingActivities>
	<tw-gaap-ci:FinancialAssetsCarriedCostCapitalReduction contextRef="From20120101To20120930" decimals="-3" unitRef="TWD">796000</tw-gaap-ci:FinancialAssetsCarriedCostCapitalReduction>
	<tw-gaap-ci:FinancialAssetsCarriedCostCapitalReduction contextRef="From20110101To20110930" decimals="-3" unitRef="TWD">0</tw-gaap-ci:FinancialAssetsCarriedCostCapitalReduction>
	<tw-gaap-ci:AcquisitionPropertyPlantEquipment contextRef="From20120101To20120930" decimals="-3" unitRef="TWD">-107198000</tw-gaap-ci:AcquisitionPropertyPlantEquipment>
	<tw-gaap-ci:AcquisitionPropertyPlantEquipment contextRef="From20110101To20110930" decimals="-3" unitRef="TWD">-819280000</tw-gaap-ci:AcquisitionPropertyPlantEquipment>
	<tw-gaap-ci:ProceedsDisposalPropertyPlantEquipment contextRef="From20120101To20120930" decimals="-3" unitRef="TWD">3603000</tw-gaap-ci:ProceedsDisposalPropertyPlantEquipment>
	<tw-gaap-ci:ProceedsDisposalPropertyPlantEquipment contextRef="From20110101To20110930" decimals="-3" unitRef="TWD">725000</tw-gaap-ci:ProceedsDisposalPropertyPlantEquipment>
	<tw-gaap-ci:PurchaseRentalAssets contextRef="From20120101To20120930" decimals="-3" unitRef="TWD">0</tw-gaap-ci:PurchaseRentalAssets>
	<tw-gaap-ci:PurchaseRentalAssets contextRef="From20110101To20110930" decimals="-3" unitRef="TWD">-98423000</tw-gaap-ci:PurchaseRentalAssets>
	<tw-gaap-ci:ProceedsDisposalRentalAssetsIdleAssets contextRef="From20120101To20120930" decimals="-3" unitRef="TWD">5958000</tw-gaap-ci:ProceedsDisposalRentalAssetsIdleAssets>
	<tw-gaap-ci:ProceedsDisposalRentalAssetsIdleAssets contextRef="From20110101To20110930" decimals="-3" unitRef="TWD">0</tw-gaap-ci:ProceedsDisposalRentalAssetsIdleAssets>
	<tw-gaap-ci:ChangesRefundableDeposits contextRef="From20120101To20120930" decimals="-3" unitRef="TWD">-18607000</tw-gaap-ci:ChangesRefundableDeposits>
	<tw-gaap-ci:ChangesRefundableDeposits contextRef="From20110101To20110930" decimals="-3" unitRef="TWD">3355000</tw-gaap-ci:ChangesRefundableDeposits>
	<tw-gaap-ci:IncreaseDeferredCharges contextRef="From20120101To20120930" decimals="-3" unitRef="TWD">-1407000</tw-gaap-ci:IncreaseDeferredCharges>
	<tw-gaap-ci:IncreaseDeferredCharges contextRef="From20110101To20110930" decimals="-3" unitRef="TWD">-4005000</tw-gaap-ci:IncreaseDeferredCharges>
	<tw-gaap-ci:NetCashProvidedUsedInvestingActivities contextRef="From20120101To20120930" decimals="-3" unitRef="TWD">-116855000</tw-gaap-ci:NetCashProvidedUsedInvestingActivities>
	<tw-gaap-ci:NetCashProvidedUsedInvestingActivities contextRef="From20110101To20110930" decimals="-3" unitRef="TWD">-917628000</tw-gaap-ci:NetCashProvidedUsedInvestingActivities>
	<tw-gaap-ci:ChangesShortTermLoans contextRef="From20120101To20120930" decimals="-3" unitRef="TWD">70894000</tw-gaap-ci:ChangesShortTermLoans>
	<tw-gaap-ci:ChangesShortTermLoans contextRef="From20110101To20110930" decimals="-3" unitRef="TWD">138747000</tw-gaap-ci:ChangesShortTermLoans>
	<tw-gaap-ci:ProceedsLongTermDebt contextRef="From20120101To20120930" decimals="-3" unitRef="TWD">0</tw-gaap-ci:ProceedsLongTermDebt>
	<tw-gaap-ci:ProceedsLongTermDebt contextRef="From20110101To20110930" decimals="-3" unitRef="TWD">891274000</tw-gaap-ci:ProceedsLongTermDebt>
	<tw-gaap-ci:RepaymentLongTermDebt contextRef="From20120101To20120930" decimals="-3" unitRef="TWD">-119692000</tw-gaap-ci:RepaymentLongTermDebt>
	<tw-gaap-ci:RepaymentLongTermDebt contextRef="From20110101To20110930" decimals="-3" unitRef="TWD">-37079000</tw-gaap-ci:RepaymentLongTermDebt>
	<tw-gaap-ci:ChangesGuaranteeDepositsReceived contextRef="From20120101To20120930" decimals="-3" unitRef="TWD">840000</tw-gaap-ci:ChangesGuaranteeDepositsReceived>
	<tw-gaap-ci:ChangesGuaranteeDepositsReceived contextRef="From20110101To20110930" decimals="-3" unitRef="TWD">743000</tw-gaap-ci:ChangesGuaranteeDepositsReceived>
	<tw-gaap-ci:CashDividends contextRef="From20120101To20120930" decimals="-3" unitRef="TWD">-142658000</tw-gaap-ci:CashDividends>
	<tw-gaap-ci:CashDividends contextRef="From20110101To20110930" decimals="-3" unitRef="TWD">-126961000</tw-gaap-ci:CashDividends>
	<tw-gaap-ci:NetCashProvidedUsedFinancingActivities contextRef="From20120101To20120930" decimals="-3" unitRef="TWD">-190616000</tw-gaap-ci:NetCashProvidedUsedFinancingActivities>
	<tw-gaap-ci:NetCashProvidedUsedFinancingActivities contextRef="From20110101To20110930" decimals="-3" unitRef="TWD">866724000</tw-gaap-ci:NetCashProvidedUsedFinancingActivities>
	<tw-gaap-ci:NetChangesCashCashEquivalents contextRef="From20120101To20120930" decimals="-3" unitRef="TWD">96433000</tw-gaap-ci:NetChangesCashCashEquivalents>
	<tw-gaap-ci:NetChangesCashCashEquivalents contextRef="From20110101To20110930" decimals="-3" unitRef="TWD">80987000</tw-gaap-ci:NetChangesCashCashEquivalents>
	<tw-gaap-ci:CashCashEquivalents contextRef="AsOf20120101" decimals="-3" unitRef="TWD">103749000</tw-gaap-ci:CashCashEquivalents>
	<tw-gaap-ci:CashCashEquivalents contextRef="AsOf20110101" decimals="-3" unitRef="TWD">82710000</tw-gaap-ci:CashCashEquivalents>
	<tw-gaap-ci:InterestPaidExcludingCapitalizedInterest contextRef="From20120101To20120930" decimals="-3" unitRef="TWD">17677000</tw-gaap-ci:InterestPaidExcludingCapitalizedInterest>
	<tw-gaap-ci:InterestPaidExcludingCapitalizedInterest contextRef="From20110101To20110930" decimals="-3" unitRef="TWD">7621000</tw-gaap-ci:InterestPaidExcludingCapitalizedInterest>
	<tw-gaap-ci:IncomeTaxPaid contextRef="From20120101To20120930" decimals="-3" unitRef="TWD">117418000</tw-gaap-ci:IncomeTaxPaid>
	<tw-gaap-ci:IncomeTaxPaid contextRef="From20110101To20110930" decimals="-3" unitRef="TWD">92491000</tw-gaap-ci:IncomeTaxPaid>
	<tw-gaap-ci:IncreasePropertyPlantEquipment contextRef="From20120101To20120930" decimals="-3" unitRef="TWD">104342000</tw-gaap-ci:IncreasePropertyPlantEquipment>
	<tw-gaap-ci:IncreasePropertyPlantEquipment contextRef="From20110101To20110930" decimals="-3" unitRef="TWD">931510000</tw-gaap-ci:IncreasePropertyPlantEquipment>
	<tw-gaap-ci:ChangesPayableEquipmentPurchased contextRef="From20120101To20120930" decimals="-3" unitRef="TWD">2856000</tw-gaap-ci:ChangesPayableEquipmentPurchased>
	<tw-gaap-ci:ChangesPayableEquipmentPurchased contextRef="From20110101To20110930" decimals="-3" unitRef="TWD">-112230000</tw-gaap-ci:ChangesPayableEquipmentPurchased>
	<tw-gaap-ci:CashPaidAcquisitionPropertyPlantEquipment contextRef="From20120101To20120930" decimals="-3" unitRef="TWD">107198000</tw-gaap-ci:CashPaidAcquisitionPropertyPlantEquipment>
	<tw-gaap-ci:CashPaidAcquisitionPropertyPlantEquipment contextRef="From20110101To20110930" decimals="-3" unitRef="TWD">819280000</tw-gaap-ci:CashPaidAcquisitionPropertyPlantEquipment>
	<tw-gaap-ar:AccountantName contextRef="AsOf20121029">勤業眾信聯合會計師事務所</tw-gaap-ar:AccountantName>
	<tw-gaap-ar:AssuranceAccountantName1 contextRef="AsOf20121029">張清福</tw-gaap-ar:AssuranceAccountantName1>
	<tw-gaap-ar:AssuranceAccountantName2 contextRef="AsOf20121029">蔡振財</tw-gaap-ar:AssuranceAccountantName2>
	<tw-gaap-ar:ReviewAuditDate contextRef="AsOf20121029">2012-10-29</tw-gaap-ar:ReviewAuditDate>
	<tw-gaap-ar:ReviewReport contextRef="AsOf20121029">Y</tw-gaap-ar:ReviewReport>
	<tw-gaap-ar:QualifiedOpinionAbstract contextRef="AsOf20121029">Y</tw-gaap-ar:QualifiedOpinionAbstract>
	<tw-gaap-ar:ByInvestmentCompaniesWithoutAccountantAuditReportRecognizedGainLoss contextRef="AsOf20121029">Y</tw-gaap-ar:ByInvestmentCompaniesWithoutAccountantAuditReportRecognizedGainLoss>
	<tw-gaap-ar:DescriptionEmphasizeItemBody contextRef="AsOf20121029"><![CDATA[]]></tw-gaap-ar:DescriptionEmphasizeItemBody>
	<tw-gaap-ar:DescriptionOtherItemBody contextRef="AsOf20121029"><![CDATA[]]></tw-gaap-ar:DescriptionOtherItemBody>
	<tw-gaap-ar:AccountantsReportBody contextRef="AsOf20121029"><![CDATA[會計師核閱報告
 

聯華食品工業股份有限公司　公鑒：

　　聯華食品工業股份有限公司民國一○一年及一○○年九月三十日之資產
負債表，暨民國一○一年及一○○年一月一日至九月三十日之損益表及現金
流量表，業經本會計師核閱竣事。上開財務報表之編製係管理階層之責任，
本會計師之責任則為根據核閱結果出具報告。
　　除下段所述者外，本會計師係依照審計準則公報第三十六號「財務報表
之核閱」規劃並執行核閱工作。由於本會計師僅實施分析、比較與查詢，並
未依照一般公認審計準則查核，故無法對上開財務報表整體表示查核意見。
　　如財務報表附註十所述，聯華食品工業股份有限公司民國一○一年及一
○○年九月三十日採權益法評價之長期股權投資分別為新台幣157,952仟元
及174,016仟元，及其民國一○一及一○○年前三季認列之投資損失分別為新
台幣13,651仟元及15,232仟元，暨財務報表附註二七附註揭露事項所述轉投
資事業之相關資訊，係依據被投資公司同期間未經會計師核閱之財務報表認
列與揭露。
　　依本會計師核閱結果，除上段所述採權益法計價之長期股權投資及其有
關投資損益暨轉投資事業之相關資訊，係依據未經會計師核閱之財務報表認
列與揭露，倘該等財務報表經會計師核閱而有所調整時，對於民國一○一及
一○○年前三季財務報表之可能影響外，並未發現第一段所述財務報表在所
有重大方面有違反證券發行人財務報告編製準則、商業會計法及商業會計處
理準則中與財務會計準則相關之規定暨一般公認會計原則而須作修正之情
事。
　　聯華食品工業股份有限公司已編製民國一○一及一○○年前三季之合併
財務報表，並經本會計師出具保留式核閱報告在案，備供參考。

勤業眾信聯合會計師事務所
       會 計 師張清福		            會 計 師蔡振財
財政部證券暨期貨管理委員會核准文號   財政部證券暨期貨管理委員會核准文號
　台財證六字第0920123784號	         台財證六字第0920123784號	
　

中　　華　　民　　國　 一○一　 年　　十　　月　二十九　日

]]></tw-gaap-ar:AccountantsReportBody>
	<tw-gaap-notes:FinancialReportNotes contextRef="From20120101To20120930"><![CDATA[http://doc.twse.com.tw/server-java/t57sb01?step=1&colorchg=1&co_id=1231&year=101&seamon=3&mtype=A&]]></tw-gaap-notes:FinancialReportNotes>
	<tw-gaap-notes:OrganizationAndOperations contextRef="From20120101To20120930"><![CDATA[    本公司於五十九年七月依中華民國公司法申請登記設立，主要經
營業務為海苔、魷魚、麵類、米榖類、豆類、堅果類、瓜子類、果醬
類、飲料類、糖、糖果、餅乾、花生醬等產品或加工品、其他各種海
陸產食品、冷凍加工食品與罐頭食品之加工製造買賣及菸酒批發、零
售業。
　　本公司股票自八十四年十一月起在台灣證券交易所上市買賣。
　　截至一○一年及一○○年九月三十日，本公司期末員工人數分別
為1,264人及1,268人。
]]></tw-gaap-notes:OrganizationAndOperations>
	<tw-gaap-notes:StatementOfFinancialStatementsPreparedInAccordanceWithRelatedRegulationsAndGenerallyAcceptedAccountingPrinciples contextRef="From20120101To20120930"><![CDATA[    本財務報表係依照證券發行人財務報告編製準則、商業會計法、
商業會計處理準則及一般公認會計原則編製。重要會計政策彙總說明
如下：]]></tw-gaap-notes:StatementOfFinancialStatementsPreparedInAccordanceWithRelatedRegulationsAndGenerallyAcceptedAccountingPrinciples>
	<tw-gaap-notes:ForeignCurrencyTransactionsAndTranslationOfForeignCurrencyFinancialStatements contextRef="From20120101To20120930"><![CDATA[    非衍生性商品之外幣交易所產生之各項外幣資產、負債、收入
或費用，按交易日之即期匯率折算新台幣金額入帳。外幣資產及負
債實際收付結清時所產生之兌換差額，作為當期損益。
　　資產負債表日之外幣貨幣性資產或負債，按該日即期匯率予以
調整，兌換差額列為當期損益。
　　資產負債表日之外幣非貨幣性資產或負債（例如權益商品），依
公平價值衡量者，按該日即期匯率調整，所產生之兌換差額，屬公
平價值變動認列為股東權益調整項目者，列為股東權益調整項目；
屬公平價值變動認列為當期損益者，列為當期損益。以成本衡量者，
則按交易日之歷史匯率衡量。
　　外幣長期投資按權益法計價者，以被投資公司之外幣財務報表
換算後所得之股東權益做為依據，兌換差額列入累積換算調整數，
作為股東權益之調整項目。
]]></tw-gaap-notes:ForeignCurrencyTransactionsAndTranslationOfForeignCurrencyFinancialStatements>
	<tw-gaap-notes:UseOfEstimates contextRef="From20120101To20120930"><![CDATA[    依照前述準則、法令及原則編製財務報表時，本公司對於備抵
呆帳、存貨跌價損失、固定資產折舊、所得稅、退休金以及員工分
紅及董監酬勞費用等之提列，必須使用合理之估計金額，因估計涉
及判斷，實際結果可能有所差異。]]></tw-gaap-notes:UseOfEstimates>
	<tw-gaap-notes:ClassificationOfCurrentAndNoncurrentAssetsAndLiabilities contextRef="From20120101To20120930"><![CDATA[    流動資產包括現金，以及主要為交易目的而持有之資產或預期
於資產負債表日後一年內變現之資產；固定資產、無形資產及其他
不屬於流動資產之資產為非流動資產。流動負債包括主要為交易目
的而發生之負債，以及須於資產負債表日後一年內清償之負債，負
債不屬於流動負債者為非流動負債。]]></tw-gaap-notes:ClassificationOfCurrentAndNoncurrentAssetsAndLiabilities>
	<tw-gaap-notes:FinancialAssetsAndLiabilitiesAtFairValueThroughProfitOrLoss contextRef="From20120101To20120930"><![CDATA[    公平價值變動列入損益之金融商品包括交易目的之金融資產或
金融負債，以及於原始認列時，指定以公平價值衡量且公平價值變
動認列為損益之金融資產或金融負債。本公司成為金融商品合約之
一方時，認列金融資產或金融負債；於合約權利喪失控制時，除列
金融資產；於合約規定之義務解除、取消或到期而使金融負債消滅
時，除列金融負債。
　　原始認列時，係以公平價值加計交易成本衡量，續後評價時，
以公平價值衡量且公平價值變動認列為當期損益。投資後所收到之
現金股利（含投資年度收到者）列為當期收益。金融商品除列時，
出售所得價款或支付金額與帳面價值之差額，計入當期損益。依交
易慣例購買或出售金融資產時，採用交易日會計處理。
　　衍生性商品未能符合避險會計者，係分類為交易目的之金融資
產或金融負債。公平價值為正值時，列為金融資產；公平價值為負
值時，列為金融負債。
　　公平價值之基礎：上市（櫃）證券係資產負債表日之收盤價，
開放型基金受益憑證係資產負債表日之淨資產價值，黃金存摺係資
產負債表日之銀行買價，無活絡市場之金融商品，以評價方法估計
公平價值。
]]></tw-gaap-notes:FinancialAssetsAndLiabilitiesAtFairValueThroughProfitOrLoss>
	<tw-gaap-notes:FinancialAssetsMeasuredAtCost contextRef="From20120101To20120930"><![CDATA[    無法可靠衡量公平價值之權益商品投資，包括未上市（櫃）股
票等，以原始認列之成本衡量。現金股利於除息日認列收益，但依
據投資前淨利宣告之部分，係自投資成本減除。股票股利不列為投
資收益，僅註記股數增加，並按增加後之總股數重新計算每股成本。
若有減損之客觀證據，則認列減損損失，此減損金額不予迴轉。]]></tw-gaap-notes:FinancialAssetsMeasuredAtCost>
	<tw-gaap-notes:NotesAndAccountsReceivableOtherReceivable contextRef="From20120101To20120930"><![CDATA[    本公司對於應收帳款係於每一資產負債表日評估其減損跡象，
當有客觀證據顯示，因應收帳款原始認列後發生之單一或多項事
件，致使應收帳款之估計未來現金流量受影響者，該應收帳款則視
為已減損。客觀之減損證據可能包含：
 1.債務人發生顯著財務困難；或
 2.應收帳款發生逾期之情形；或
 3.債務人很有可能倒閉或進行其他財務重整
　　針對某些應收款項經個別評估未有減損後，另再以組合基礎來
評估減損。應收帳款組合之客觀減損證據可能包含本公司過去收款
經驗及該組合之延遲付款增加情況。
　　認列之減損損失金額係為該資產之帳面金額與預期未來現金流
量以該應收帳款原始有效利率折現值之間的差額。應收款帳之帳面
金額係藉由備抵評價科目調降。當應收款項視為無法回收時，係沖
銷備抵評價科目。原先已沖銷而後續回收之款項係貸記備抵評價科
目。備抵評價科目帳面金額之變動認列為呆帳損失。
]]></tw-gaap-notes:NotesAndAccountsReceivableOtherReceivable>
	<tw-gaap-notes:ImpairmentOfNonFinancialAsset contextRef="From20120101To20120930"><![CDATA[    倘資產（主要為固定資產、出租資產、閒置資產、遞延費用與
採權益法評價之長期股權投資）以其相關可回收金額衡量帳面價值
有重大減損時，就其減損部分認列損失。嗣後若資產可回收金額增
加時，將減損損失之迴轉認列為利益，惟資產於減損損失迴轉後之
帳面價值，不得超過該項資產在未認列減損損失之情況下，減除應
提列攤銷後之帳面價值。
　　進行減損測試時，每年應藉由各單位帳面價值與其可回收金額
之比較，進行各單位之減損測試。各單位之可回收金額若低於其帳
面價值，減損損失依現金產生單位中各資產帳面價值等比例分攤至
各資產。
]]></tw-gaap-notes:ImpairmentOfNonFinancialAsset>
	<tw-gaap-notes:Inventories contextRef="From20120101To20120930"><![CDATA[    存貨包括原料、在製品、製成品及商品。存貨係以成本與淨變
現價值孰低計價，比較成本與淨變現價值時係以個別項目為基礎。
淨變現價值係指在正常情況下之估計售價減除至完工尚需投入之成
本及銷售費用後之餘額。存貨成本之計算採用加權平均法。平時按
標準成本計價，結帳日再予調整使其接近按加權平均法計算之成本。]]></tw-gaap-notes:Inventories>
	<tw-gaap-notes:LongTermInvestmentsUnderEquityMethod contextRef="From20120101To20120930"><![CDATA[    本公司對被投資公司持有表決權股份達百分之二十以上或具有
重大影響力者，採用權益法評價。
　　本公司與採權益法被投資公司順流交易所產生之利益，按持股
比例予以消除；惟如本公司對該被投資公司有控制能力，則予全部
消除。本公司與採權益法被投資公司逆流交易所產生之利益，按持
股比例予以消除。
　　被投資公司發放現金股利時，應貸記長期股權投資。收到股票
股利不列為投資收益，僅註記股數增加，並按增加後之總股數重新
計算每股成本。出售或移轉時之成本採用加權平均法計價。
]]></tw-gaap-notes:LongTermInvestmentsUnderEquityMethod>
	<tw-gaap-notes:PropertyPlantAndEquipmentAssetsLeasedToOthersAndIdleAssets contextRef="From20120101To20120930"><![CDATA[    固定資產、出租資產及閒置資產以成本減累計折舊及累計減損
計價。固定資產購建期間為該項資產所支出款項而負擔之利息，予
以資本化列為固定資產之成本。重大之更新及改良作為資本支出；
修理及維護支出則作為當期費用。
　　折舊採用直線法依下列耐用年限計提：建築物及附屬設備，六
年至四十一年；機器設備，四年至十五年；運輸設備，五年至十三
年；辦公設備，三年至十八年。
　　耐用年限屆滿仍繼續使用之資產，則就其殘值按重行估計可使
用年數繼續提列折舊。
　　資產出售或報廢時，其相關成本、累計折舊及累計減損均自帳
上減除。處分資產之利益或損失，列為當期之營業外利益或損失。
]]></tw-gaap-notes:PropertyPlantAndEquipmentAssetsLeasedToOthersAndIdleAssets>
	<tw-gaap-notes:DeferredChargesAssets contextRef="From20120101To20120930"><![CDATA[    係裝修工程、電腦軟體及網路工程等支出，採直線法按三年至
五年攤銷。]]></tw-gaap-notes:DeferredChargesAssets>
	<tw-gaap-notes:PensionPlan contextRef="From20120101To20120930"><![CDATA[    屬確定給付退休辦法之退休金係按精算結果認列；屬確定提撥
退休辦法之退休金，係於員工提供服務之期間，將應提撥之退休金
數額認列為當期費用。
　　確定給付退休辦法發生縮減或清償時，將縮減或清償損益列入
當期之淨退休金成本。
]]></tw-gaap-notes:PensionPlan>
	<tw-gaap-notes:IncomeTax contextRef="From20120101To20120930"><![CDATA[    所得稅作同期間及跨期間之分攤。可減除暫時性差異之所得稅
影響數認列為遞延所得稅資產，並評估其可實現性，認列備抵評價
金額；應課稅暫時性差異之所得稅影響數則認列為遞延所得稅負
債；遞延所得稅資產或負債依其相關資產或負債之分類劃分為流動
或非流動項目，無相關之資產或負債者，依預期回轉期間劃分為流
動或非流動項目。
　　投資國外子公司之長期股權投資帳面價值與課稅基礎之暫時性
差異，如本公司可控制暫時性差異回轉之時間，且於可預見之未來
不會回轉，其實質上係長久存在者，則不予以認列相關遞延所得稅
負債或資產。
　　以前年度應付所得稅之調整，列入當期所得稅。 
　　依所得稅法規定計算之未分配盈餘加徵百分之十所得稅，列為
股東會決議年度之所得稅費用。
]]></tw-gaap-notes:IncomeTax>
	<tw-gaap-notes:RevenueRecognition contextRef="From20120101To20120930"><![CDATA[    本公司係於貨物之所有權及顯著風險移轉予客戶時認列銷貨收
入，因其獲利過程大部分已完成，且已實現或可實現。去料加工時，
加工產品之所有權及顯著風險並未移轉，是以去料時不作銷貨處理。
　　銷貨收入係按本公司與買方所協議交易對價（考量商業折扣及
數量折扣後）之公平價值衡量；惟銷貨收入之對價為一年期以內之
應收款時，其公平價值與到期值差異不大且交易量頻繁，則不按設
算利率計算公平價值。
]]></tw-gaap-notes:RevenueRecognition>
	<tw-gaap-notes:ChangesInAccountingPrinciples contextRef="From20120101To20120930"><![CDATA[金融商品之會計處理
　　本公司自一○○年一月一日起採用新修訂之財務會計準則公報第
三十四號「金融商品之會計處理準則」。主要之修訂包括(一)將應收租
賃款之減損納入公報適用範圍；(二)修訂保險相關合約之會計準則適用
規範；(三)將原始產生之放款及應收款納入公報適用範圍；(四)增訂以
攤銷後成本衡量之金融資產於債務困難修改條款時之減損規範；及(五)
債務條款修改時債務人之會計處理。此項會計變動，對一○○年前三
季財務報表並無重大影響。

營運部門資訊之揭露
　　本公司自一○○年一月一日起，採用新發布之財務會計準則公報
第四十一號「營運部門資訊之揭露」。該公報之規定係以管理階層制定
營運事項決策時所使用之企業組成部分相關資訊為基礎，營運部門之
辨識則以主要營運決策者定期複核用以分配資源予部門與評量績效之
內部報告為基礎。該公報係取代財務會計準則公報第二十號「部門別
財務資訊之揭露」，採用該公報僅對本公司部門別資訊之報導方式產生
改變。
]]></tw-gaap-notes:ChangesInAccountingPrinciples>
	<tw-gaap-notes:LoansToOthers-CIAndMIM>
		<tw-gaap-notes:No. contextRef="From20120101To20120930"><![CDATA[1]]></tw-gaap-notes:No.>
		<tw-gaap-notes:Lender1 contextRef="From20120101To20120930"><![CDATA[北京聯華食品工業有限公司]]></tw-gaap-notes:Lender1>
		<tw-gaap-notes:Counterparty1 contextRef="From20120101To20120930"><![CDATA[新疆喀什卡迪那農業科技有限公司]]></tw-gaap-notes:Counterparty1>
		<tw-gaap-notes:FinancialStatementAccount contextRef="From20120101To20120930"><![CDATA[其他應收款]]></tw-gaap-notes:FinancialStatementAccount>
		<tw-gaap-notes:MaximumBalanceForThePeriod1 contextRef="From20120101To20120930" decimals="-3" unitRef="TWD">17385000</tw-gaap-notes:MaximumBalanceForThePeriod1>
		<tw-gaap-notes:EndingBalance1 contextRef="AsOf20120930" decimals="-3" unitRef="TWD">12582000</tw-gaap-notes:EndingBalance1>
		<tw-gaap-notes:RangeOfInterestRates contextRef="From20120101To20120930"><![CDATA[0]]></tw-gaap-notes:RangeOfInterestRates>
		<tw-gaap-notes:NatureOfLoans contextRef="From20120101To20120930"><![CDATA[註三(2)]]></tw-gaap-notes:NatureOfLoans>
		<tw-gaap-notes:AmountOfSalesToPurchasesFromCounterparty contextRef="From20120101To20120930" decimals="-3" unitRef="TWD">0</tw-gaap-notes:AmountOfSalesToPurchasesFromCounterparty>
		<tw-gaap-notes:ReasonForShort-termLoans contextRef="From20120101To20120930"><![CDATA[營業週轉]]></tw-gaap-notes:ReasonForShort-termLoans>
		<tw-gaap-notes:AllowanceForDoubtfulAccounts contextRef="AsOf20120930" decimals="-3" unitRef="TWD">0</tw-gaap-notes:AllowanceForDoubtfulAccounts>
		<tw-gaap-notes:Collateral>
			<tw-gaap-notes:Item1 contextRef="From20120101To20120930"><![CDATA[無]]></tw-gaap-notes:Item1>
			<tw-gaap-notes:Value contextRef="AsOf20120930" decimals="-3" unitRef="TWD">0</tw-gaap-notes:Value>
		</tw-gaap-notes:Collateral>
		<tw-gaap-notes:LimitOfLoanAmountForIndividualCounterparty contextRef="From20120101To20120930" decimals="-3" unitRef="TWD">12966000</tw-gaap-notes:LimitOfLoanAmountForIndividualCounterparty>
		<tw-gaap-notes:LimitOfTotalLoanAmount1 contextRef="From20120101To20120930" decimals="-3" unitRef="TWD">51863000</tw-gaap-notes:LimitOfTotalLoanAmount1>
		<tw-gaap-notes:Note contextRef="From20120101To20120930"><![CDATA[]]></tw-gaap-notes:Note>
	</tw-gaap-notes:LoansToOthers-CIAndMIM>

	<tw-gaap-notes:TotalEndingBalance1-Parent contextRef="AsOf20120930" decimals="-3" unitRef="TWD">0</tw-gaap-notes:TotalEndingBalance1-Parent>
	<tw-gaap-notes:TotalEndingBalance1-Subsidiaries contextRef="AsOf20120930" decimals="-3" unitRef="TWD">12582000</tw-gaap-notes:TotalEndingBalance1-Subsidiaries>
	<tw-gaap-notes:Note-LoansToOthers contextRef="From20120101To20120930"><![CDATA[註一：編號欄之填寫方法如下：
(1)發行人填0。
(2)被投資公司按公司別由阿拉伯數字1開始依序編號。
註二：帳列之應收關係企業款項、應收關係人款項、股東往來、預付款、暫付款…等科目，如屬資金貸與性質，均須填入該表。
註三：資金貸與性質之填寫方法如下：
(1)有業務往來者請填1。
(2)有短期融通資金之必要者請填2。
註四：資金貸與性質屬1者，應填寫業務往來金額。
註五：資金貸與性質屬2者，應具體說明必要貸與資金之原因及貸與對象之資金用途，例如償還借款、購置設備、營業週轉…等。
註六：(1)北京聯華食品工業有限公司對個別對象資金貸予他人最高限額（有短期融通資金必要）CNY28,065（淨值）×10%＝2,807。
(2)北京聯華食品工業有限公司對資金貸予他人最高限額（有短期融通資金必要）CNY28,065（淨值）×40%＝11,226。
(3)人民幣換算匯率：29.295/6.341。
]]></tw-gaap-notes:Note-LoansToOthers>
	<tw-gaap-notes:NamesLocationsAndRelatedInformationOfInvesteesOverWhichTheCompanyExercisesSignificantInfluence>
		<tw-gaap-notes:CompanyNameOfTheInvestor contextRef="From20120101To20120930"><![CDATA[聯華食品工業股份有限公司]]></tw-gaap-notes:CompanyNameOfTheInvestor>
		<tw-gaap-notes:CompanyNameOfTheInvestee contextRef="From20120101To20120930"><![CDATA[LIAN HWA INVESTMENT CO.,LTD.]]></tw-gaap-notes:CompanyNameOfTheInvestee>
		<tw-gaap-notes:LocationCode contextRef="From20120101To20120930"><![CDATA[226]]></tw-gaap-notes:LocationCode>
		<tw-gaap-notes:Location contextRef="From20120101To20120930"><![CDATA[英屬維京群島]]></tw-gaap-notes:Location>
		<tw-gaap-notes:MainBusinessesAndProducts contextRef="From20120101To20120930"><![CDATA[投資業務]]></tw-gaap-notes:MainBusinessesAndProducts>
		<tw-gaap-notes:OriginalInvestmentAmount>
			<tw-gaap-notes:EndingBalance3 contextRef="AsOf20120930" decimals="-3" unitRef="TWD">309039000</tw-gaap-notes:EndingBalance3>
			<tw-gaap-notes:BeginningBalance contextRef="AsOf20120930" decimals="-3" unitRef="TWD">309039000</tw-gaap-notes:BeginningBalance>
		</tw-gaap-notes:OriginalInvestmentAmount>
		<tw-gaap-notes:InvestmentsAtTheEndOfThePeriod>
			<tw-gaap-notes:NumberOfShares1 contextRef="AsOf20120930" decimals="0" unitRef="Shares">9324</tw-gaap-notes:NumberOfShares1>
			<tw-gaap-notes:PercentageOfOwnership1 contextRef="AsOf20120930" decimals="4" unitRef="Pure">1.0000</tw-gaap-notes:PercentageOfOwnership1>
			<tw-gaap-notes:BookValue1 contextRef="AsOf20120930" decimals="-3" unitRef="TWD">150283000</tw-gaap-notes:BookValue1>
		</tw-gaap-notes:InvestmentsAtTheEndOfThePeriod>
		<tw-gaap-notes:NetIncomeLossesOfTheInvestee contextRef="From20120101To20120930" decimals="-3" unitRef="TWD">-15125000</tw-gaap-notes:NetIncomeLossesOfTheInvestee>
		<tw-gaap-notes:InvestmentIncomeLossesRecognized1 contextRef="From20120101To20120930" decimals="-3" unitRef="TWD">-13610000</tw-gaap-notes:InvestmentIncomeLossesRecognized1>
		<tw-gaap-notes:Note contextRef="From20120101To20120930"><![CDATA[子公司]]></tw-gaap-notes:Note>
	</tw-gaap-notes:NamesLocationsAndRelatedInformationOfInvesteesOverWhichTheCompanyExercisesSignificantInfluence>

	<tw-gaap-notes:NamesLocationsAndRelatedInformationOfInvesteesOverWhichTheCompanyExercisesSignificantInfluence>
		<tw-gaap-notes:CompanyNameOfTheInvestor contextRef="From20120101To20120930"><![CDATA[聯華食品工業股份有限公司]]></tw-gaap-notes:CompanyNameOfTheInvestor>
		<tw-gaap-notes:CompanyNameOfTheInvestee contextRef="From20120101To20120930"><![CDATA[成吉投資股份有限公司]]></tw-gaap-notes:CompanyNameOfTheInvestee>
		<tw-gaap-notes:LocationCode contextRef="From20120101To20120930"><![CDATA[0]]></tw-gaap-notes:LocationCode>
		<tw-gaap-notes:Location contextRef="From20120101To20120930"><![CDATA[台灣]]></tw-gaap-notes:Location>
		<tw-gaap-notes:MainBusinessesAndProducts contextRef="From20120101To20120930"><![CDATA[投資業務]]></tw-gaap-notes:MainBusinessesAndProducts>
		<tw-gaap-notes:OriginalInvestmentAmount>
			<tw-gaap-notes:EndingBalance3 contextRef="AsOf20120930" decimals="-3" unitRef="TWD">179976000</tw-gaap-notes:EndingBalance3>
			<tw-gaap-notes:BeginningBalance contextRef="AsOf20120930" decimals="-3" unitRef="TWD">179976000</tw-gaap-notes:BeginningBalance>
		</tw-gaap-notes:OriginalInvestmentAmount>
		<tw-gaap-notes:InvestmentsAtTheEndOfThePeriod>
			<tw-gaap-notes:NumberOfShares1 contextRef="AsOf20120930" decimals="0" unitRef="Shares">500</tw-gaap-notes:NumberOfShares1>
			<tw-gaap-notes:PercentageOfOwnership1 contextRef="AsOf20120930" decimals="4" unitRef="Pure">1.0000</tw-gaap-notes:PercentageOfOwnership1>
			<tw-gaap-notes:BookValue1 contextRef="AsOf20120930" decimals="-3" unitRef="TWD">7669000</tw-gaap-notes:BookValue1>
		</tw-gaap-notes:InvestmentsAtTheEndOfThePeriod>
		<tw-gaap-notes:NetIncomeLossesOfTheInvestee contextRef="From20120101To20120930" decimals="-3" unitRef="TWD">-41000</tw-gaap-notes:NetIncomeLossesOfTheInvestee>
		<tw-gaap-notes:InvestmentIncomeLossesRecognized1 contextRef="From20120101To20120930" decimals="-3" unitRef="TWD">-41000</tw-gaap-notes:InvestmentIncomeLossesRecognized1>
		<tw-gaap-notes:Note contextRef="From20120101To20120930"><![CDATA[子公司]]></tw-gaap-notes:Note>
	</tw-gaap-notes:NamesLocationsAndRelatedInformationOfInvesteesOverWhichTheCompanyExercisesSignificantInfluence>

	<tw-gaap-notes:NamesLocationsAndRelatedInformationOfInvesteesOverWhichTheCompanyExercisesSignificantInfluence>
		<tw-gaap-notes:CompanyNameOfTheInvestor contextRef="From20120101To20120930"><![CDATA[LIAN HWA INVESTMENT CO.,LTD.]]></tw-gaap-notes:CompanyNameOfTheInvestor>
		<tw-gaap-notes:CompanyNameOfTheInvestee contextRef="From20120101To20120930"><![CDATA[CADINAINTERNATIONAL HOLDINGS CO., LTD.]]></tw-gaap-notes:CompanyNameOfTheInvestee>
		<tw-gaap-notes:LocationCode contextRef="From20120101To20120930"><![CDATA[32]]></tw-gaap-notes:LocationCode>
		<tw-gaap-notes:Location contextRef="From20120101To20120930"><![CDATA[開曼群島]]></tw-gaap-notes:Location>
		<tw-gaap-notes:MainBusinessesAndProducts contextRef="From20120101To20120930"><![CDATA[投資業務]]></tw-gaap-notes:MainBusinessesAndProducts>
		<tw-gaap-notes:OriginalInvestmentAmount>
			<tw-gaap-notes:EndingBalance3 contextRef="AsOf20120930" decimals="-3" unitRef="USD">14504000</tw-gaap-notes:EndingBalance3>
			<tw-gaap-notes:BeginningBalance contextRef="AsOf20120930" decimals="-3" unitRef="USD">14504000</tw-gaap-notes:BeginningBalance>
		</tw-gaap-notes:OriginalInvestmentAmount>
		<tw-gaap-notes:InvestmentsAtTheEndOfThePeriod>
			<tw-gaap-notes:NumberOfShares1 contextRef="AsOf20120930" decimals="0" unitRef="Shares">14504</tw-gaap-notes:NumberOfShares1>
			<tw-gaap-notes:PercentageOfOwnership1 contextRef="AsOf20120930" decimals="4" unitRef="Pure">1.0000</tw-gaap-notes:PercentageOfOwnership1>
			<tw-gaap-notes:BookValue1 contextRef="AsOf20120930" decimals="-3" unitRef="USD">5318000</tw-gaap-notes:BookValue1>
		</tw-gaap-notes:InvestmentsAtTheEndOfThePeriod>
		<tw-gaap-notes:NetIncomeLossesOfTheInvestee contextRef="From20120101To20120930" decimals="-3" unitRef="USD">-507000</tw-gaap-notes:NetIncomeLossesOfTheInvestee>
		<tw-gaap-notes:InvestmentIncomeLossesRecognized1 contextRef="From20120101To20120930" decimals="-3" unitRef="USD">0</tw-gaap-notes:InvestmentIncomeLossesRecognized1>
		<tw-gaap-notes:Note contextRef="From20120101To20120930"><![CDATA[孫公司]]></tw-gaap-notes:Note>
	</tw-gaap-notes:NamesLocationsAndRelatedInformationOfInvesteesOverWhichTheCompanyExercisesSignificantInfluence>

	<tw-gaap-notes:NamesLocationsAndRelatedInformationOfInvesteesOverWhichTheCompanyExercisesSignificantInfluence>
		<tw-gaap-notes:CompanyNameOfTheInvestor contextRef="From20120101To20120930"><![CDATA[CADINA INTERNATIONAL HOLDINGS CO.,LTD.]]></tw-gaap-notes:CompanyNameOfTheInvestor>
		<tw-gaap-notes:CompanyNameOfTheInvestee contextRef="From20120101To20120930"><![CDATA[北京聯華食品工業有限公司]]></tw-gaap-notes:CompanyNameOfTheInvestee>
		<tw-gaap-notes:LocationCode contextRef="From20120101To20120930"><![CDATA[230]]></tw-gaap-notes:LocationCode>
		<tw-gaap-notes:Location contextRef="From20120101To20120930"><![CDATA[中國大陸]]></tw-gaap-notes:Location>
		<tw-gaap-notes:MainBusinessesAndProducts contextRef="From20120101To20120930"><![CDATA[休閒食品等加工製造買賣]]></tw-gaap-notes:MainBusinessesAndProducts>
		<tw-gaap-notes:OriginalInvestmentAmount>
			<tw-gaap-notes:EndingBalance3 contextRef="AsOf20120930" decimals="-3" unitRef="USD">5788000</tw-gaap-notes:EndingBalance3>
			<tw-gaap-notes:BeginningBalance contextRef="AsOf20120930" decimals="-3" unitRef="USD">5788000</tw-gaap-notes:BeginningBalance>
		</tw-gaap-notes:OriginalInvestmentAmount>
		<tw-gaap-notes:InvestmentsAtTheEndOfThePeriod>
			<tw-gaap-notes:NumberOfShares1 contextRef="AsOf20120930" decimals="0" unitRef="Shares">0</tw-gaap-notes:NumberOfShares1>
			<tw-gaap-notes:PercentageOfOwnership1 contextRef="AsOf20120930" decimals="4" unitRef="Pure">0.9275</tw-gaap-notes:PercentageOfOwnership1>
			<tw-gaap-notes:BookValue1 contextRef="AsOf20120930" decimals="-3" unitRef="USD">4179000</tw-gaap-notes:BookValue1>
		</tw-gaap-notes:InvestmentsAtTheEndOfThePeriod>
		<tw-gaap-notes:NetIncomeLossesOfTheInvestee contextRef="From20120101To20120930" decimals="-3" unitRef="CNY">-2927000</tw-gaap-notes:NetIncomeLossesOfTheInvestee>
		<tw-gaap-notes:InvestmentIncomeLossesRecognized1 contextRef="From20120101To20120930" decimals="-3" unitRef="CNY">0</tw-gaap-notes:InvestmentIncomeLossesRecognized1>
		<tw-gaap-notes:Note contextRef="From20120101To20120930"><![CDATA[曾孫公司]]></tw-gaap-notes:Note>
	</tw-gaap-notes:NamesLocationsAndRelatedInformationOfInvesteesOverWhichTheCompanyExercisesSignificantInfluence>

	<tw-gaap-notes:NamesLocationsAndRelatedInformationOfInvesteesOverWhichTheCompanyExercisesSignificantInfluence>
		<tw-gaap-notes:CompanyNameOfTheInvestor contextRef="From20120101To20120930"><![CDATA[CADINA INTERNATIONAL HOLDINGS CO.,LTD.]]></tw-gaap-notes:CompanyNameOfTheInvestor>
		<tw-gaap-notes:CompanyNameOfTheInvestee contextRef="From20120101To20120930"><![CDATA[新疆喀什卡迪那農業科技有限公司]]></tw-gaap-notes:CompanyNameOfTheInvestee>
		<tw-gaap-notes:LocationCode contextRef="From20120101To20120930"><![CDATA[230]]></tw-gaap-notes:LocationCode>
		<tw-gaap-notes:Location contextRef="From20120101To20120930"><![CDATA[中國大陸]]></tw-gaap-notes:Location>
		<tw-gaap-notes:MainBusinessesAndProducts contextRef="From20120101To20120930"><![CDATA[種植、加工農產品及農副產品等]]></tw-gaap-notes:MainBusinessesAndProducts>
		<tw-gaap-notes:OriginalInvestmentAmount>
			<tw-gaap-notes:EndingBalance3 contextRef="AsOf20120930" decimals="-3" unitRef="USD">897000</tw-gaap-notes:EndingBalance3>
			<tw-gaap-notes:BeginningBalance contextRef="AsOf20120930" decimals="-3" unitRef="USD">897000</tw-gaap-notes:BeginningBalance>
		</tw-gaap-notes:OriginalInvestmentAmount>
		<tw-gaap-notes:InvestmentsAtTheEndOfThePeriod>
			<tw-gaap-notes:NumberOfShares1 contextRef="AsOf20120930" decimals="0" unitRef="Shares">0</tw-gaap-notes:NumberOfShares1>
			<tw-gaap-notes:PercentageOfOwnership1 contextRef="AsOf20120930" decimals="4" unitRef="Pure">0.3220</tw-gaap-notes:PercentageOfOwnership1>
			<tw-gaap-notes:BookValue1 contextRef="AsOf20120930" decimals="-3" unitRef="USD">256000</tw-gaap-notes:BookValue1>
		</tw-gaap-notes:InvestmentsAtTheEndOfThePeriod>
		<tw-gaap-notes:NetIncomeLossesOfTheInvestee contextRef="From20120101To20120930" decimals="-3" unitRef="CNY">-2053000</tw-gaap-notes:NetIncomeLossesOfTheInvestee>
		<tw-gaap-notes:InvestmentIncomeLossesRecognized1 contextRef="From20120101To20120930" decimals="-3" unitRef="CNY">0</tw-gaap-notes:InvestmentIncomeLossesRecognized1>
		<tw-gaap-notes:Note contextRef="From20120101To20120930"><![CDATA[曾孫公司]]></tw-gaap-notes:Note>
	</tw-gaap-notes:NamesLocationsAndRelatedInformationOfInvesteesOverWhichTheCompanyExercisesSignificantInfluence>

	<tw-gaap-notes:NamesLocationsAndRelatedInformationOfInvesteesOverWhichTheCompanyExercisesSignificantInfluence>
		<tw-gaap-notes:CompanyNameOfTheInvestor contextRef="From20120101To20120930"><![CDATA[北京聯華食品工業有限公司]]></tw-gaap-notes:CompanyNameOfTheInvestor>
		<tw-gaap-notes:CompanyNameOfTheInvestee contextRef="From20120101To20120930"><![CDATA[新疆喀什卡迪那農業科技有限公司]]></tw-gaap-notes:CompanyNameOfTheInvestee>
		<tw-gaap-notes:LocationCode contextRef="From20120101To20120930"><![CDATA[230]]></tw-gaap-notes:LocationCode>
		<tw-gaap-notes:Location contextRef="From20120101To20120930"><![CDATA[中國大陸]]></tw-gaap-notes:Location>
		<tw-gaap-notes:MainBusinessesAndProducts contextRef="From20120101To20120930"><![CDATA[種植、加工農產品及農副產品等]]></tw-gaap-notes:MainBusinessesAndProducts>
		<tw-gaap-notes:OriginalInvestmentAmount>
			<tw-gaap-notes:EndingBalance3 contextRef="AsOf20120930" decimals="-3" unitRef="CNY">12300000</tw-gaap-notes:EndingBalance3>
			<tw-gaap-notes:BeginningBalance contextRef="AsOf20120930" decimals="-3" unitRef="CNY">12300000</tw-gaap-notes:BeginningBalance>
		</tw-gaap-notes:OriginalInvestmentAmount>
		<tw-gaap-notes:InvestmentsAtTheEndOfThePeriod>
			<tw-gaap-notes:NumberOfShares1 contextRef="AsOf20120930" decimals="0" unitRef="Shares">0</tw-gaap-notes:NumberOfShares1>
			<tw-gaap-notes:PercentageOfOwnership1 contextRef="AsOf20120930" decimals="4" unitRef="Pure">0.6000</tw-gaap-notes:PercentageOfOwnership1>
			<tw-gaap-notes:BookValue1 contextRef="AsOf20120930" decimals="-3" unitRef="CNY">3778000</tw-gaap-notes:BookValue1>
		</tw-gaap-notes:InvestmentsAtTheEndOfThePeriod>
		<tw-gaap-notes:NetIncomeLossesOfTheInvestee contextRef="From20120101To20120930" decimals="-3" unitRef="CNY">-2053000</tw-gaap-notes:NetIncomeLossesOfTheInvestee>
		<tw-gaap-notes:InvestmentIncomeLossesRecognized1 contextRef="From20120101To20120930" decimals="-3" unitRef="CNY">0</tw-gaap-notes:InvestmentIncomeLossesRecognized1>
		<tw-gaap-notes:Note contextRef="From20120101To20120930"><![CDATA[曾曾孫公司]]></tw-gaap-notes:Note>
	</tw-gaap-notes:NamesLocationsAndRelatedInformationOfInvesteesOverWhichTheCompanyExercisesSignificantInfluence>

	<tw-gaap-notes:InformationOfInvestmentInMainlandChina>
		<tw-gaap-notes:CompanyNameOfTheInvesteeInMainlandChina contextRef="From20120101To20120930"><![CDATA[北京聯華食品工業有限公司]]></tw-gaap-notes:CompanyNameOfTheInvesteeInMainlandChina>
		<tw-gaap-notes:MainBusinessesAndProducts contextRef="From20120101To20120930"><![CDATA[休閒食品等加工製造買賣]]></tw-gaap-notes:MainBusinessesAndProducts>
		<tw-gaap-notes:TotalAmountOfPaid-inCapital contextRef="AsOf20120930" decimals="-3" unitRef="TWD">144181000</tw-gaap-notes:TotalAmountOfPaid-inCapital>
		<tw-gaap-notes:MethodOfInvestment contextRef="From20120101To20120930"><![CDATA[註一]]></tw-gaap-notes:MethodOfInvestment>
		<tw-gaap-notes:AccumulatedOutflowOfInvestmentFromTaiwanAtTheBeginningOfThePeriod contextRef="AsOf20120930" decimals="-3" unitRef="TWD">292598000</tw-gaap-notes:AccumulatedOutflowOfInvestmentFromTaiwanAtTheBeginningOfThePeriod>
		<tw-gaap-notes:InvestmentFlowsForThePeriod>
			<tw-gaap-notes:Outflow contextRef="From20120101To20120930" decimals="-3" unitRef="TWD">0</tw-gaap-notes:Outflow>
			<tw-gaap-notes:Inflow contextRef="From20120101To20120930" decimals="-3" unitRef="TWD">0</tw-gaap-notes:Inflow>
		</tw-gaap-notes:InvestmentFlowsForThePeriod>
		<tw-gaap-notes:AccumulatedOutflowOfInvestmentFromTaiwanAtTheEndOfThePeriod contextRef="AsOf20120930" decimals="-3" unitRef="TWD">292598000</tw-gaap-notes:AccumulatedOutflowOfInvestmentFromTaiwanAtTheEndOfThePeriod>
		<tw-gaap-notes:PercentageOfOwnershipThroughDirectAndIndirectInvestmentByTheCompany contextRef="AsOf20120930" decimals="4" unitRef="Pure">0.9275</tw-gaap-notes:PercentageOfOwnershipThroughDirectAndIndirectInvestmentByTheCompany>
		<tw-gaap-notes:InvestmentIncomeLossesRecognized2 contextRef="From20120101To20120930" decimals="-3" unitRef="TWD">-12590000</tw-gaap-notes:InvestmentIncomeLossesRecognized2>
		<tw-gaap-notes:BookValueAtTheEndOfThePeriod contextRef="AsOf20120930" decimals="-3" unitRef="TWD">0</tw-gaap-notes:BookValueAtTheEndOfThePeriod>
		<tw-gaap-notes:AccumulatedInwardRemittanceOfEarningsAsOfTheEndOfThePeriod contextRef="From20120101To20120930" decimals="-3" unitRef="TWD">0</tw-gaap-notes:AccumulatedInwardRemittanceOfEarningsAsOfTheEndOfThePeriod>
		<tw-gaap-notes:Note contextRef="From20120101To20120930"><![CDATA[]]></tw-gaap-notes:Note>
	</tw-gaap-notes:InformationOfInvestmentInMainlandChina>

	<tw-gaap-notes:InformationOfInvestmentInMainlandChina>
		<tw-gaap-notes:CompanyNameOfTheInvesteeInMainlandChina contextRef="From20120101To20120930"><![CDATA[新疆喀什卡迪那農業科技有限公司]]></tw-gaap-notes:CompanyNameOfTheInvesteeInMainlandChina>
		<tw-gaap-notes:MainBusinessesAndProducts contextRef="From20120101To20120930"><![CDATA[種植、加工農產品及農副產品等]]></tw-gaap-notes:MainBusinessesAndProducts>
		<tw-gaap-notes:TotalAmountOfPaid-inCapital contextRef="AsOf20120930" decimals="-3" unitRef="TWD">94709000</tw-gaap-notes:TotalAmountOfPaid-inCapital>
		<tw-gaap-notes:MethodOfInvestment contextRef="From20120101To20120930"><![CDATA[註一]]></tw-gaap-notes:MethodOfInvestment>
		<tw-gaap-notes:AccumulatedOutflowOfInvestmentFromTaiwanAtTheBeginningOfThePeriod contextRef="AsOf20120930" decimals="-3" unitRef="TWD">9169000</tw-gaap-notes:AccumulatedOutflowOfInvestmentFromTaiwanAtTheBeginningOfThePeriod>
		<tw-gaap-notes:InvestmentFlowsForThePeriod>
			<tw-gaap-notes:Outflow contextRef="From20120101To20120930" decimals="-3" unitRef="TWD">0</tw-gaap-notes:Outflow>
			<tw-gaap-notes:Inflow contextRef="From20120101To20120930" decimals="-3" unitRef="TWD">0</tw-gaap-notes:Inflow>
		</tw-gaap-notes:InvestmentFlowsForThePeriod>
		<tw-gaap-notes:AccumulatedOutflowOfInvestmentFromTaiwanAtTheEndOfThePeriod contextRef="AsOf20120930" decimals="-3" unitRef="TWD">9169000</tw-gaap-notes:AccumulatedOutflowOfInvestmentFromTaiwanAtTheEndOfThePeriod>
		<tw-gaap-notes:PercentageOfOwnershipThroughDirectAndIndirectInvestmentByTheCompany contextRef="AsOf20120930" decimals="4" unitRef="Pure">0.9220</tw-gaap-notes:PercentageOfOwnershipThroughDirectAndIndirectInvestmentByTheCompany>
		<tw-gaap-notes:InvestmentIncomeLossesRecognized2 contextRef="From20120101To20120930" decimals="-3" unitRef="TWD">-8341000</tw-gaap-notes:InvestmentIncomeLossesRecognized2>
		<tw-gaap-notes:BookValueAtTheEndOfThePeriod contextRef="AsOf20120930" decimals="-3" unitRef="TWD">0</tw-gaap-notes:BookValueAtTheEndOfThePeriod>
		<tw-gaap-notes:AccumulatedInwardRemittanceOfEarningsAsOfTheEndOfThePeriod contextRef="From20120101To20120930" decimals="-3" unitRef="TWD">0</tw-gaap-notes:AccumulatedInwardRemittanceOfEarningsAsOfTheEndOfThePeriod>
		<tw-gaap-notes:Note contextRef="From20120101To20120930"><![CDATA[]]></tw-gaap-notes:Note>
	</tw-gaap-notes:InformationOfInvestmentInMainlandChina>

	<tw-gaap-notes:Note-InformationOfInvestmentInMainlandChina contextRef="From20120101To20120930"><![CDATA[註一、透過第三地區投資設立公司再投資大陸公司。
註二、未經會計師核閱之財務報表。
註三、本公司透過採權益法評價之轉投資公司LIAN HWA INVESTMENT CO., LTD.再經由第三地區投資設立公司轉投資，故無帳面價值。
註四、本公司依經濟部投審會規定大陸地區投資限額2,338,738（合併淨值）×60%＝1,403,243。
註五、人民幣換算匯率：29.295/6.341、美金換算匯率：29.295。
]]></tw-gaap-notes:Note-InformationOfInvestmentInMainlandChina>
	<tw-gaap-notes:LimitOnInvestmentInMainlandChina>
		<tw-gaap-notes:NameOfTheCompany contextRef="From20120101To20120930"><![CDATA[聯華食品工業股份有限公司]]></tw-gaap-notes:NameOfTheCompany>
		<tw-gaap-notes:AccumulatedInvestmentInMainlandChinaAtTheEndOfThePeriod contextRef="AsOf20120930" decimals="-3" unitRef="TWD">301767000</tw-gaap-notes:AccumulatedInvestmentInMainlandChinaAtTheEndOfThePeriod>
		<tw-gaap-notes:InvestmentAmountAuthorizedByTheInvestmentCommissionOfMOEA contextRef="From20120101To20120930" decimals="-3" unitRef="TWD">373570000</tw-gaap-notes:InvestmentAmountAuthorizedByTheInvestmentCommissionOfMOEA>
		<tw-gaap-notes:UpperLimitOnInvestmentInMainlandChinaImposedByTheInvestmentCommissionOfMOEA contextRef="From20120101To20120930" decimals="-3" unitRef="TWD">1403243000</tw-gaap-notes:UpperLimitOnInvestmentInMainlandChinaImposedByTheInvestmentCommissionOfMOEA>
	</tw-gaap-notes:LimitOnInvestmentInMainlandChina>

	<tw-gaap-notes:Note-LimitOnInvestmentInMainlandChina contextRef="From20120101To20120930"><![CDATA[註一、透過第三地區投資設立公司再投資大陸公司。
註二、未經會計師核閱之財務報表。
註三、本公司透過採權益法評價之轉投資公司LIAN HWA INVESTMENT CO., LTD.再經由第三地區投資設立公司轉投資，故無帳面價值。
註四、本公司依經濟部投審會規定大陸地區投資限額2,338,738（合併淨值）×60%＝1,403,243。
註五、人民幣換算匯率：29.295/6.341、美金換算匯率：29.295。
]]></tw-gaap-notes:Note-LimitOnInvestmentInMainlandChina>
</xbrl>

<!--This instance document is created by SIIAP V1.9.2-->
