<?xml version="1.0" encoding="UTF-8" ?><xbrl xmlns="http://www.xbrl.org/2003/instance" xmlns:iso4217="http://www.xbrl.org/2003/iso4217" xmlns:link="http://www.xbrl.org/2003/linkbase" xmlns:tw-gaap-ar="http://www.xbrl.org/tw/fr/gaap/ar/2010-12-31" xmlns:tw-gaap-ci="http://www.xbrl.org/tw/fr/gaap/tw-gaap-ci-2010-12-31" xmlns:tw-gaap-notes="http://www.xbrl.org/tw/fr/gaap/notes/2010-12-31" xmlns:xbrldi="http://xbrl.org/2006/xbrldi" xmlns:xbrldt="http://xbrl.org/2005/xbrldt" xmlns:xbrli="http://www.xbrl.org/2003/instance" xmlns:xlink="http://www.w3.org/1999/xlink"><link:schemaRef xlink:arcrole="http://www.w3.org/1999/xlink/properties/linkbase" xlink:href="tw-gaap-ci-2010-12-31.xsd" xlink:type="simple" />
<context id="AsOf20110101"><entity><identifier scheme="http://www.twse.com.tw">2204</identifier></entity><period><instant>2011-01-01</instant></period></context>
<context id="AsOf20100101"><entity><identifier scheme="http://www.twse.com.tw">2204</identifier></entity><period><instant>2010-01-01</instant></period></context>
<context id="From20110101To20110331"><entity><identifier scheme="http://www.twse.com.tw">2204</identifier></entity><period><startDate>2011-01-01</startDate><endDate>2011-03-31</endDate></period></context>
<context id="From20100101To20100331"><entity><identifier scheme="http://www.twse.com.tw">2204</identifier></entity><period><startDate>2010-01-01</startDate><endDate>2010-03-31</endDate></period></context>
<context id="AsOf20110331"><entity><identifier scheme="http://www.twse.com.tw">2204</identifier></entity><period><instant>2011-03-31</instant></period></context>
<context id="AsOf20100331"><entity><identifier scheme="http://www.twse.com.tw">2204</identifier></entity><period><instant>2010-03-31</instant></period></context>
<context id="AsOf20110422"><entity><identifier scheme="http://www.twse.com.tw">2204</identifier></entity><period><instant>2011-04-22</instant></period></context>
<unit id="TWD"><measure>iso4217:TWD</measure></unit>
<unit id="Shares"><measure>xbrli:shares</measure></unit>
<unit id="EarningsPerShare"><divide><unitNumerator><measure>iso4217:TWD</measure></unitNumerator><unitDenominator><measure>xbrli:shares</measure></unitDenominator></divide></unit>
<tw-gaap-ci:Assets contextRef="AsOf20110331" decimals="-3" unitRef="TWD">49893025000</tw-gaap-ci:Assets>
<tw-gaap-ci:Assets contextRef="AsOf20100331" decimals="-3" unitRef="TWD">47124003000</tw-gaap-ci:Assets>
<tw-gaap-ci:CurrentAssets contextRef="AsOf20110331" decimals="-3" unitRef="TWD">15810079000</tw-gaap-ci:CurrentAssets>
<tw-gaap-ci:CurrentAssets contextRef="AsOf20100331" decimals="-3" unitRef="TWD">12230457000</tw-gaap-ci:CurrentAssets>
<tw-gaap-ci:CashCashEquivalents contextRef="AsOf20110331" decimals="-3" unitRef="TWD">8258242000</tw-gaap-ci:CashCashEquivalents>
<tw-gaap-ci:CashCashEquivalents contextRef="AsOf20100331" decimals="-3" unitRef="TWD">3080254000</tw-gaap-ci:CashCashEquivalents>
<tw-gaap-ci:FinancialAssetsMeasuredFairValueProfitLossCurrent contextRef="AsOf20110331" decimals="-3" unitRef="TWD">146052000</tw-gaap-ci:FinancialAssetsMeasuredFairValueProfitLossCurrent>
<tw-gaap-ci:FinancialAssetsMeasuredFairValueProfitLossCurrent contextRef="AsOf20100331" decimals="-3" unitRef="TWD">307917000</tw-gaap-ci:FinancialAssetsMeasuredFairValueProfitLossCurrent>
<tw-gaap-ci:AvailableSaleFinancialAssetsCurrent contextRef="AsOf20110331" decimals="-3" unitRef="TWD">1843745000</tw-gaap-ci:AvailableSaleFinancialAssetsCurrent>
<tw-gaap-ci:AvailableSaleFinancialAssetsCurrent contextRef="AsOf20100331" decimals="-3" unitRef="TWD">3744795000</tw-gaap-ci:AvailableSaleFinancialAssetsCurrent>
<tw-gaap-ci:DebtnvestmentsNoActiveMarket contextRef="AsOf20110331" decimals="-3" unitRef="TWD">200000000</tw-gaap-ci:DebtnvestmentsNoActiveMarket>
<tw-gaap-ci:NetNotesReceivable contextRef="AsOf20110331" decimals="-3" unitRef="TWD">211085000</tw-gaap-ci:NetNotesReceivable>
<tw-gaap-ci:NetNotesReceivable contextRef="AsOf20100331" decimals="-3" unitRef="TWD">144434000</tw-gaap-ci:NetNotesReceivable>
<tw-gaap-ci:NetAccountsReceivable contextRef="AsOf20110331" decimals="-3" unitRef="TWD">566220000</tw-gaap-ci:NetAccountsReceivable>
<tw-gaap-ci:NetAccountsReceivable contextRef="AsOf20100331" decimals="-3" unitRef="TWD">407038000</tw-gaap-ci:NetAccountsReceivable>
<tw-gaap-ci:NetAccountsReceivableRelatedParties contextRef="AsOf20110331" decimals="-3" unitRef="TWD">1931991000</tw-gaap-ci:NetAccountsReceivableRelatedParties>
<tw-gaap-ci:NetAccountsReceivableRelatedParties contextRef="AsOf20100331" decimals="-3" unitRef="TWD">1739037000</tw-gaap-ci:NetAccountsReceivableRelatedParties>
<tw-gaap-ci:OtherFinancialAssetsCurrent contextRef="AsOf20110331" decimals="-3" unitRef="TWD">160011000</tw-gaap-ci:OtherFinancialAssetsCurrent>
<tw-gaap-ci:OtherFinancialAssetsCurrent contextRef="AsOf20100331" decimals="-3" unitRef="TWD">152316000</tw-gaap-ci:OtherFinancialAssetsCurrent>
<tw-gaap-ci:Inventories contextRef="AsOf20110331" decimals="-3" unitRef="TWD">2239388000</tw-gaap-ci:Inventories>
<tw-gaap-ci:Inventories contextRef="AsOf20100331" decimals="-3" unitRef="TWD">2289687000</tw-gaap-ci:Inventories>
<tw-gaap-ci:InventoriesManufacturing contextRef="AsOf20110331" decimals="-3" unitRef="TWD">2239388000</tw-gaap-ci:InventoriesManufacturing>
<tw-gaap-ci:InventoriesManufacturing contextRef="AsOf20100331" decimals="-3" unitRef="TWD">2289687000</tw-gaap-ci:InventoriesManufacturing>
<tw-gaap-ci:OtherCurrentAssets contextRef="AsOf20110331" decimals="-3" unitRef="TWD">253345000</tw-gaap-ci:OtherCurrentAssets>
<tw-gaap-ci:OtherCurrentAssets contextRef="AsOf20100331" decimals="-3" unitRef="TWD">364979000</tw-gaap-ci:OtherCurrentAssets>
<tw-gaap-ci:DeferredIncomeTaxAssetsCurrent contextRef="AsOf20110331" decimals="-3" unitRef="TWD">148782000</tw-gaap-ci:DeferredIncomeTaxAssetsCurrent>
<tw-gaap-ci:DeferredIncomeTaxAssetsCurrent contextRef="AsOf20100331" decimals="-3" unitRef="TWD">267780000</tw-gaap-ci:DeferredIncomeTaxAssetsCurrent>
<tw-gaap-ci:OthercurrentAssetsOther contextRef="AsOf20110331" decimals="-3" unitRef="TWD">104563000</tw-gaap-ci:OthercurrentAssetsOther>
<tw-gaap-ci:OthercurrentAssetsOther contextRef="AsOf20100331" decimals="-3" unitRef="TWD">97199000</tw-gaap-ci:OthercurrentAssetsOther>
<tw-gaap-ci:FundsInvestments contextRef="AsOf20110331" decimals="-3" unitRef="TWD">29748184000</tw-gaap-ci:FundsInvestments>
<tw-gaap-ci:FundsInvestments contextRef="AsOf20100331" decimals="-3" unitRef="TWD">29599610000</tw-gaap-ci:FundsInvestments>
<tw-gaap-ci:LongtermInvestments contextRef="AsOf20110331" decimals="-3" unitRef="TWD">29262357000</tw-gaap-ci:LongtermInvestments>
<tw-gaap-ci:LongtermInvestments contextRef="AsOf20100331" decimals="-3" unitRef="TWD">28740545000</tw-gaap-ci:LongtermInvestments>
<tw-gaap-ci:LongtermInvestmentsEquity contextRef="AsOf20110331" decimals="-3" unitRef="TWD">29262357000</tw-gaap-ci:LongtermInvestmentsEquity>
<tw-gaap-ci:LongtermInvestmentsEquity contextRef="AsOf20100331" decimals="-3" unitRef="TWD">28740545000</tw-gaap-ci:LongtermInvestmentsEquity>
<tw-gaap-ci:AvailablesaleFinancialAssetsNonCurrent contextRef="AsOf20100331" decimals="-3" unitRef="TWD">79777000</tw-gaap-ci:AvailablesaleFinancialAssetsNonCurrent>
<tw-gaap-ci:NetFinancialAssetsCarriedCostNonCurrent contextRef="AsOf20110331" decimals="-3" unitRef="TWD">485827000</tw-gaap-ci:NetFinancialAssetsCarriedCostNonCurrent>
<tw-gaap-ci:NetFinancialAssetsCarriedCostNonCurrent contextRef="AsOf20100331" decimals="-3" unitRef="TWD">550157000</tw-gaap-ci:NetFinancialAssetsCarriedCostNonCurrent>
<tw-gaap-ci:NetDebtInvestmentsNoActiveMarketNonCurrent contextRef="AsOf20100331" decimals="-3" unitRef="TWD">229131000</tw-gaap-ci:NetDebtInvestmentsNoActiveMarketNonCurrent>
<tw-gaap-ci:FixedAssets contextRef="AsOf20110331" decimals="-3" unitRef="TWD">3833157000</tw-gaap-ci:FixedAssets>
<tw-gaap-ci:FixedAssets contextRef="AsOf20100331" decimals="-3" unitRef="TWD">4624525000</tw-gaap-ci:FixedAssets>
<tw-gaap-ci:CostsRevaluationIncrement contextRef="AsOf20110331" decimals="-3" unitRef="TWD">26221152000</tw-gaap-ci:CostsRevaluationIncrement>
<tw-gaap-ci:CostsRevaluationIncrement contextRef="AsOf20100331" decimals="-3" unitRef="TWD">26361307000</tw-gaap-ci:CostsRevaluationIncrement>
<tw-gaap-ci:FixedAssetsOriginalCosts contextRef="AsOf20110331" decimals="-3" unitRef="TWD">26198986000</tw-gaap-ci:FixedAssetsOriginalCosts>
<tw-gaap-ci:FixedAssetsOriginalCosts contextRef="AsOf20100331" decimals="-3" unitRef="TWD">26339141000</tw-gaap-ci:FixedAssetsOriginalCosts>
<tw-gaap-ci:Land contextRef="AsOf20110331" decimals="-3" unitRef="TWD">1399234000</tw-gaap-ci:Land>
<tw-gaap-ci:Land contextRef="AsOf20100331" decimals="-3" unitRef="TWD">1398684000</tw-gaap-ci:Land>
<tw-gaap-ci:BuildingsStructures contextRef="AsOf20110331" decimals="-3" unitRef="TWD">3154962000</tw-gaap-ci:BuildingsStructures>
<tw-gaap-ci:BuildingsStructures contextRef="AsOf20100331" decimals="-3" unitRef="TWD">3148154000</tw-gaap-ci:BuildingsStructures>
<tw-gaap-ci:MachineryEquipment contextRef="AsOf20110331" decimals="-3" unitRef="TWD">20171557000</tw-gaap-ci:MachineryEquipment>
<tw-gaap-ci:MachineryEquipment contextRef="AsOf20100331" decimals="-3" unitRef="TWD">20263590000</tw-gaap-ci:MachineryEquipment>
<tw-gaap-ci:TransportationEquipment contextRef="AsOf20110331" decimals="-3" unitRef="TWD">1007602000</tw-gaap-ci:TransportationEquipment>
<tw-gaap-ci:TransportationEquipment contextRef="AsOf20100331" decimals="-3" unitRef="TWD">1063082000</tw-gaap-ci:TransportationEquipment>
<tw-gaap-ci:RentalAssetsBuildings contextRef="AsOf20110331" decimals="-3" unitRef="TWD">465631000</tw-gaap-ci:RentalAssetsBuildings>
<tw-gaap-ci:RentalAssetsBuildings contextRef="AsOf20100331" decimals="-3" unitRef="TWD">465631000</tw-gaap-ci:RentalAssetsBuildings>
<tw-gaap-ci:RevaluationIncrement contextRef="AsOf20110331" decimals="-3" unitRef="TWD">22166000</tw-gaap-ci:RevaluationIncrement>
<tw-gaap-ci:RevaluationIncrement contextRef="AsOf20100331" decimals="-3" unitRef="TWD">22166000</tw-gaap-ci:RevaluationIncrement>
<tw-gaap-ci:AccumulatedDepreciation contextRef="AsOf20110331" decimals="-3" unitRef="TWD">18670143000</tw-gaap-ci:AccumulatedDepreciation>
<tw-gaap-ci:AccumulatedDepreciation contextRef="AsOf20100331" decimals="-3" unitRef="TWD">17910726000</tw-gaap-ci:AccumulatedDepreciation>
<tw-gaap-ci:AccumulatedImpairmentFixedAssets contextRef="AsOf20110331" decimals="-3" unitRef="TWD">3803472000</tw-gaap-ci:AccumulatedImpairmentFixedAssets>
<tw-gaap-ci:AccumulatedImpairmentFixedAssets contextRef="AsOf20100331" decimals="-3" unitRef="TWD">3899997000</tw-gaap-ci:AccumulatedImpairmentFixedAssets>
<tw-gaap-ci:ConstructionProcessPrepaymentEquipments contextRef="AsOf20110331" decimals="-3" unitRef="TWD">85620000</tw-gaap-ci:ConstructionProcessPrepaymentEquipments>
<tw-gaap-ci:ConstructionProcessPrepaymentEquipments contextRef="AsOf20100331" decimals="-3" unitRef="TWD">73941000</tw-gaap-ci:ConstructionProcessPrepaymentEquipments>
<tw-gaap-ci:IntangibleAssets contextRef="AsOf20110331" decimals="-3" unitRef="TWD">186512000</tw-gaap-ci:IntangibleAssets>
<tw-gaap-ci:IntangibleAssets contextRef="AsOf20100331" decimals="-3" unitRef="TWD">266538000</tw-gaap-ci:IntangibleAssets>
<tw-gaap-ci:OtherAssets contextRef="AsOf20110331" decimals="-3" unitRef="TWD">315093000</tw-gaap-ci:OtherAssets>
<tw-gaap-ci:OtherAssets contextRef="AsOf20100331" decimals="-3" unitRef="TWD">402873000</tw-gaap-ci:OtherAssets>
<tw-gaap-ci:DeferredIncomeTaxAssetsNonCurrent contextRef="AsOf20110331" decimals="-3" unitRef="TWD">294143000</tw-gaap-ci:DeferredIncomeTaxAssetsNonCurrent>
<tw-gaap-ci:DeferredIncomeTaxAssetsNonCurrent contextRef="AsOf20100331" decimals="-3" unitRef="TWD">364197000</tw-gaap-ci:DeferredIncomeTaxAssetsNonCurrent>
<tw-gaap-ci:OtherAssetsOther contextRef="AsOf20110331" decimals="-3" unitRef="TWD">20950000</tw-gaap-ci:OtherAssetsOther>
<tw-gaap-ci:OtherAssetsOther contextRef="AsOf20100331" decimals="-3" unitRef="TWD">38676000</tw-gaap-ci:OtherAssetsOther>
<tw-gaap-ci:Liabilities contextRef="AsOf20110331" decimals="-3" unitRef="TWD">7619222000</tw-gaap-ci:Liabilities>
<tw-gaap-ci:Liabilities contextRef="AsOf20100331" decimals="-3" unitRef="TWD">7118432000</tw-gaap-ci:Liabilities>
<tw-gaap-ci:CurrentLiabilities contextRef="AsOf20110331" decimals="-3" unitRef="TWD">5737798000</tw-gaap-ci:CurrentLiabilities>
<tw-gaap-ci:CurrentLiabilities contextRef="AsOf20100331" decimals="-3" unitRef="TWD">3755416000</tw-gaap-ci:CurrentLiabilities>
<tw-gaap-ci:ShortTermBorrowings contextRef="AsOf20100331" decimals="-3" unitRef="TWD">318000000</tw-gaap-ci:ShortTermBorrowings>
<tw-gaap-ci:AccountsPayable contextRef="AsOf20110331" decimals="-3" unitRef="TWD">2041607000</tw-gaap-ci:AccountsPayable>
<tw-gaap-ci:AccountsPayable contextRef="AsOf20100331" decimals="-3" unitRef="TWD">1394268000</tw-gaap-ci:AccountsPayable>
<tw-gaap-ci:AccountsPayableRelatedParties contextRef="AsOf20110331" decimals="-3" unitRef="TWD">1055880000</tw-gaap-ci:AccountsPayableRelatedParties>
<tw-gaap-ci:AccountsPayableRelatedParties contextRef="AsOf20100331" decimals="-3" unitRef="TWD">939691000</tw-gaap-ci:AccountsPayableRelatedParties>
<tw-gaap-ci:AccruedExpenses contextRef="AsOf20110331" decimals="-3" unitRef="TWD">1323887000</tw-gaap-ci:AccruedExpenses>
<tw-gaap-ci:AccruedExpenses contextRef="AsOf20100331" decimals="-3" unitRef="TWD">842061000</tw-gaap-ci:AccruedExpenses>
<tw-gaap-ci:FinancialLiabilitiesMeasuredFairValueProfitLossCurrent contextRef="AsOf20110331" decimals="-3" unitRef="TWD">180565000</tw-gaap-ci:FinancialLiabilitiesMeasuredFairValueProfitLossCurrent>
<tw-gaap-ci:FinancialLiabilitiesMeasuredFairValueProfitLossCurrent contextRef="AsOf20100331" decimals="-3" unitRef="TWD">201603000</tw-gaap-ci:FinancialLiabilitiesMeasuredFairValueProfitLossCurrent>
<tw-gaap-ci:LongtermLiabilitiesCurrentPortion contextRef="AsOf20110331" decimals="-3" unitRef="TWD">819718000</tw-gaap-ci:LongtermLiabilitiesCurrentPortion>
<tw-gaap-ci:LongtermLiabilitiesCurrentPortion contextRef="AsOf20100331" decimals="-3" unitRef="TWD">11218000</tw-gaap-ci:LongtermLiabilitiesCurrentPortion>
<tw-gaap-ci:OtherCurrentLiabilities contextRef="AsOf20110331" decimals="-3" unitRef="TWD">316141000</tw-gaap-ci:OtherCurrentLiabilities>
<tw-gaap-ci:OtherCurrentLiabilities contextRef="AsOf20100331" decimals="-3" unitRef="TWD">48575000</tw-gaap-ci:OtherCurrentLiabilities>
<tw-gaap-ci:OtherCurrentLiabilitiesOther contextRef="AsOf20110331" decimals="-3" unitRef="TWD">316141000</tw-gaap-ci:OtherCurrentLiabilitiesOther>
<tw-gaap-ci:OtherCurrentLiabilitiesOther contextRef="AsOf20100331" decimals="-3" unitRef="TWD">48575000</tw-gaap-ci:OtherCurrentLiabilitiesOther>
<tw-gaap-ci:LongTermLiabilities contextRef="AsOf20110331" decimals="-3" unitRef="TWD">25658000</tw-gaap-ci:LongTermLiabilities>
<tw-gaap-ci:LongTermLiabilities contextRef="AsOf20100331" decimals="-3" unitRef="TWD">1420396000</tw-gaap-ci:LongTermLiabilities>
<tw-gaap-ci:LongtermBorrowings contextRef="AsOf20110331" decimals="-3" unitRef="TWD">25658000</tw-gaap-ci:LongtermBorrowings>
<tw-gaap-ci:LongtermBorrowings contextRef="AsOf20100331" decimals="-3" unitRef="TWD">1411376000</tw-gaap-ci:LongtermBorrowings>
<tw-gaap-ci:HedgingDerivativeLiabilitiesNonCurrent contextRef="AsOf20100331" decimals="-3" unitRef="TWD">9020000</tw-gaap-ci:HedgingDerivativeLiabilitiesNonCurrent>
<tw-gaap-ci:OtherLiabilities contextRef="AsOf20110331" decimals="-3" unitRef="TWD">1855766000</tw-gaap-ci:OtherLiabilities>
<tw-gaap-ci:OtherLiabilities contextRef="AsOf20100331" decimals="-3" unitRef="TWD">1942620000</tw-gaap-ci:OtherLiabilities>
<tw-gaap-ci:PensionReserve contextRef="AsOf20110331" decimals="-3" unitRef="TWD">1640159000</tw-gaap-ci:PensionReserve>
<tw-gaap-ci:PensionReserve contextRef="AsOf20100331" decimals="-3" unitRef="TWD">1579409000</tw-gaap-ci:PensionReserve>
<tw-gaap-ci:GuaranteeDepositsReceived contextRef="AsOf20110331" decimals="-3" unitRef="TWD">5993000</tw-gaap-ci:GuaranteeDepositsReceived>
<tw-gaap-ci:GuaranteeDepositsReceived contextRef="AsOf20100331" decimals="-3" unitRef="TWD">5873000</tw-gaap-ci:GuaranteeDepositsReceived>
<tw-gaap-ci:OtherLiabilitiesOther contextRef="AsOf20110331" decimals="-3" unitRef="TWD">209614000</tw-gaap-ci:OtherLiabilitiesOther>
<tw-gaap-ci:OtherLiabilitiesOther contextRef="AsOf20100331" decimals="-3" unitRef="TWD">357338000</tw-gaap-ci:OtherLiabilitiesOther>
<tw-gaap-ci:DeferredCreditsGainsonInterAffiliateAccounts contextRef="AsOf20110331" decimals="-3" unitRef="TWD">209614000</tw-gaap-ci:DeferredCreditsGainsonInterAffiliateAccounts>
<tw-gaap-ci:DeferredCreditsGainsonInterAffiliateAccounts contextRef="AsOf20100331" decimals="-3" unitRef="TWD">357338000</tw-gaap-ci:DeferredCreditsGainsonInterAffiliateAccounts>
<tw-gaap-ci:StockholdersEquities contextRef="AsOf20110331" decimals="-3" unitRef="TWD">42273803000</tw-gaap-ci:StockholdersEquities>
<tw-gaap-ci:StockholdersEquities contextRef="AsOf20100331" decimals="-3" unitRef="TWD">40005571000</tw-gaap-ci:StockholdersEquities>
<tw-gaap-ci:Capital contextRef="AsOf20110331" decimals="-3" unitRef="TWD">13840508000</tw-gaap-ci:Capital>
<tw-gaap-ci:Capital contextRef="AsOf20100331" decimals="-3" unitRef="TWD">13913008000</tw-gaap-ci:Capital>
<tw-gaap-ci:CommonStock contextRef="AsOf20110331" decimals="-3" unitRef="TWD">13840508000</tw-gaap-ci:CommonStock>
<tw-gaap-ci:CommonStock contextRef="AsOf20100331" decimals="-3" unitRef="TWD">13913008000</tw-gaap-ci:CommonStock>
<tw-gaap-ci:CapitalSurplus contextRef="AsOf20110331" decimals="-3" unitRef="TWD">8214516000</tw-gaap-ci:CapitalSurplus>
<tw-gaap-ci:CapitalSurplus contextRef="AsOf20100331" decimals="-3" unitRef="TWD">8143113000</tw-gaap-ci:CapitalSurplus>
<tw-gaap-ci:CapitalSurplusAdditionalPaidCapital contextRef="AsOf20110331" decimals="-3" unitRef="TWD">6368843000</tw-gaap-ci:CapitalSurplusAdditionalPaidCapital>
<tw-gaap-ci:CapitalSurplusAdditionalPaidCapital contextRef="AsOf20100331" decimals="-3" unitRef="TWD">6402205000</tw-gaap-ci:CapitalSurplusAdditionalPaidCapital>
<tw-gaap-ci:CapitalSurplusAdditionalPaidCapitalCommonStock contextRef="AsOf20110331" decimals="-3" unitRef="TWD">6368843000</tw-gaap-ci:CapitalSurplusAdditionalPaidCapitalCommonStock>
<tw-gaap-ci:CapitalSurplusAdditionalPaidCapitalCommonStock contextRef="AsOf20100331" decimals="-3" unitRef="TWD">6402205000</tw-gaap-ci:CapitalSurplusAdditionalPaidCapitalCommonStock>
<tw-gaap-ci:CapitalSurplusLongTermEquityInvestments contextRef="AsOf20110331" decimals="-3" unitRef="TWD">1841007000</tw-gaap-ci:CapitalSurplusLongTermEquityInvestments>
<tw-gaap-ci:CapitalSurplusLongTermEquityInvestments contextRef="AsOf20100331" decimals="-3" unitRef="TWD">1736242000</tw-gaap-ci:CapitalSurplusLongTermEquityInvestments>
<tw-gaap-ci:CapitalSurplusOther contextRef="AsOf20110331" decimals="-3" unitRef="TWD">4666000</tw-gaap-ci:CapitalSurplusOther>
<tw-gaap-ci:CapitalSurplusOther contextRef="AsOf20100331" decimals="-3" unitRef="TWD">4666000</tw-gaap-ci:CapitalSurplusOther>
<tw-gaap-ci:RetainedEarnings contextRef="AsOf20110331" decimals="-3" unitRef="TWD">20235187000</tw-gaap-ci:RetainedEarnings>
<tw-gaap-ci:RetainedEarnings contextRef="AsOf20100331" decimals="-3" unitRef="TWD">17407920000</tw-gaap-ci:RetainedEarnings>
<tw-gaap-ci:LegalReserve contextRef="AsOf20110331" decimals="-3" unitRef="TWD">6534001000</tw-gaap-ci:LegalReserve>
<tw-gaap-ci:LegalReserve contextRef="AsOf20100331" decimals="-3" unitRef="TWD">6448023000</tw-gaap-ci:LegalReserve>
<tw-gaap-ci:UnappropriatedRetainedEarnings contextRef="AsOf20110331" decimals="-3" unitRef="TWD">13701186000</tw-gaap-ci:UnappropriatedRetainedEarnings>
<tw-gaap-ci:UnappropriatedRetainedEarnings contextRef="AsOf20100331" decimals="-3" unitRef="TWD">10959897000</tw-gaap-ci:UnappropriatedRetainedEarnings>
<tw-gaap-ci:StockholdersEquitiesAdjustments contextRef="AsOf20110331" decimals="-3" unitRef="TWD">-16408000</tw-gaap-ci:StockholdersEquitiesAdjustments>
<tw-gaap-ci:StockholdersEquitiesAdjustments contextRef="AsOf20100331" decimals="-3" unitRef="TWD">541530000</tw-gaap-ci:StockholdersEquitiesAdjustments>
<tw-gaap-ci:NetLossNotRecognizedPensionCost contextRef="AsOf20110331" decimals="-3" unitRef="TWD">76781000</tw-gaap-ci:NetLossNotRecognizedPensionCost>
<tw-gaap-ci:NetLossNotRecognizedPensionCost contextRef="AsOf20100331" decimals="-3" unitRef="TWD">67696000</tw-gaap-ci:NetLossNotRecognizedPensionCost>
<tw-gaap-ci:CumulativeTranslationAdjustments contextRef="AsOf20110331" decimals="-3" unitRef="TWD">-292246000</tw-gaap-ci:CumulativeTranslationAdjustments>
<tw-gaap-ci:CumulativeTranslationAdjustments contextRef="AsOf20100331" decimals="-3" unitRef="TWD">373807000</tw-gaap-ci:CumulativeTranslationAdjustments>
<tw-gaap-ci:UnrealizedGainsLossesFinancialInstruments contextRef="AsOf20110331" decimals="-3" unitRef="TWD">-340680000</tw-gaap-ci:UnrealizedGainsLossesFinancialInstruments>
<tw-gaap-ci:UnrealizedGainsLossesFinancialInstruments contextRef="AsOf20100331" decimals="-3" unitRef="TWD">-242667000</tw-gaap-ci:UnrealizedGainsLossesFinancialInstruments>
<tw-gaap-ci:UnrealizedRevaluationIncrement contextRef="AsOf20110331" decimals="-3" unitRef="TWD">693299000</tw-gaap-ci:UnrealizedRevaluationIncrement>
<tw-gaap-ci:UnrealizedRevaluationIncrement contextRef="AsOf20100331" decimals="-3" unitRef="TWD">694921000</tw-gaap-ci:UnrealizedRevaluationIncrement>
<tw-gaap-ci:TreasuryStock contextRef="AsOf20100331" decimals="-3" unitRef="TWD">216835000</tw-gaap-ci:TreasuryStock>
<tw-gaap-ci:EquivalentSharesOutstandingAdvanceReceiptsCommonStock contextRef="AsOf20110331" decimals="0" unitRef="Shares">0</tw-gaap-ci:EquivalentSharesOutstandingAdvanceReceiptsCommonStock>
<tw-gaap-ci:EquivalentSharesOutstandingAdvanceReceiptsCommonStock contextRef="AsOf20100331" decimals="0" unitRef="Shares">0</tw-gaap-ci:EquivalentSharesOutstandingAdvanceReceiptsCommonStock>
<tw-gaap-ci:NumberTreasuryStockAcquiredCompanySubsidiaries contextRef="AsOf20110331" decimals="0" unitRef="Shares">0</tw-gaap-ci:NumberTreasuryStockAcquiredCompanySubsidiaries>
<tw-gaap-ci:NumberTreasuryStockAcquiredCompanySubsidiaries contextRef="AsOf20100331" decimals="0" unitRef="Shares">7250000</tw-gaap-ci:NumberTreasuryStockAcquiredCompanySubsidiaries>
<tw-gaap-ci:NetIncomeLoss contextRef="From20110101To20110331" decimals="-3" unitRef="TWD">785850000</tw-gaap-ci:NetIncomeLoss>
<tw-gaap-ci:NetIncomeLoss contextRef="From20100101To20100331" decimals="-3" unitRef="TWD">318321000</tw-gaap-ci:NetIncomeLoss>
<tw-gaap-ci:IncomeContinuingOperations contextRef="From20110101To20110331" decimals="-3" unitRef="TWD">785850000</tw-gaap-ci:IncomeContinuingOperations>
<tw-gaap-ci:IncomeContinuingOperations contextRef="From20100101To20100331" decimals="-3" unitRef="TWD">318321000</tw-gaap-ci:IncomeContinuingOperations>
<tw-gaap-ci:IncomeContinuingOperationsBeforeIncomeTax contextRef="From20110101To20110331" decimals="-3" unitRef="TWD">874850000</tw-gaap-ci:IncomeContinuingOperationsBeforeIncomeTax>
<tw-gaap-ci:IncomeContinuingOperationsBeforeIncomeTax contextRef="From20100101To20100331" decimals="-3" unitRef="TWD">335321000</tw-gaap-ci:IncomeContinuingOperationsBeforeIncomeTax>
<tw-gaap-ci:OperatingIncomeLoss contextRef="From20110101To20110331" decimals="-3" unitRef="TWD">732083000</tw-gaap-ci:OperatingIncomeLoss>
<tw-gaap-ci:OperatingIncomeLoss contextRef="From20100101To20100331" decimals="-3" unitRef="TWD">409210000</tw-gaap-ci:OperatingIncomeLoss>
<tw-gaap-ci:GrossProfitLossOperations contextRef="From20110101To20110331" decimals="-3" unitRef="TWD">1180719000</tw-gaap-ci:GrossProfitLossOperations>
<tw-gaap-ci:GrossProfitLossOperations contextRef="From20100101To20100331" decimals="-3" unitRef="TWD">804382000</tw-gaap-ci:GrossProfitLossOperations>
<tw-gaap-ci:OperatingRevenue contextRef="From20110101To20110331" decimals="-3" unitRef="TWD">10553212000</tw-gaap-ci:OperatingRevenue>
<tw-gaap-ci:OperatingRevenue contextRef="From20100101To20100331" decimals="-3" unitRef="TWD">7554379000</tw-gaap-ci:OperatingRevenue>
<tw-gaap-ci:NetSales contextRef="From20110101To20110331" decimals="-3" unitRef="TWD">10433275000</tw-gaap-ci:NetSales>
<tw-gaap-ci:NetSales contextRef="From20100101To20100331" decimals="-3" unitRef="TWD">7407378000</tw-gaap-ci:NetSales>
<tw-gaap-ci:Sales contextRef="From20110101To20110331" decimals="-3" unitRef="TWD">10516323000</tw-gaap-ci:Sales>
<tw-gaap-ci:Sales contextRef="From20100101To20100331" decimals="-3" unitRef="TWD">7433045000</tw-gaap-ci:Sales>
<tw-gaap-ci:SalesReturns contextRef="From20110101To20110331" decimals="-3" unitRef="TWD">83048000</tw-gaap-ci:SalesReturns>
<tw-gaap-ci:SalesReturns contextRef="From20100101To20100331" decimals="-3" unitRef="TWD">25667000</tw-gaap-ci:SalesReturns>
<tw-gaap-ci:OtherOperatingRevenue contextRef="From20110101To20110331" decimals="-3" unitRef="TWD">119937000</tw-gaap-ci:OtherOperatingRevenue>
<tw-gaap-ci:OtherOperatingRevenue contextRef="From20100101To20100331" decimals="-3" unitRef="TWD">147001000</tw-gaap-ci:OtherOperatingRevenue>
<tw-gaap-ci:OperatingCosts contextRef="From20110101To20110331" decimals="-3" unitRef="TWD">9372493000</tw-gaap-ci:OperatingCosts>
<tw-gaap-ci:OperatingCosts contextRef="From20100101To20100331" decimals="-3" unitRef="TWD">6749997000</tw-gaap-ci:OperatingCosts>
<tw-gaap-ci:CostSales contextRef="From20110101To20110331" decimals="-3" unitRef="TWD">9348313000</tw-gaap-ci:CostSales>
<tw-gaap-ci:CostSales contextRef="From20100101To20100331" decimals="-3" unitRef="TWD">6735533000</tw-gaap-ci:CostSales>
<tw-gaap-ci:OtherOperatingCosts contextRef="From20110101To20110331" decimals="-3" unitRef="TWD">24180000</tw-gaap-ci:OtherOperatingCosts>
<tw-gaap-ci:OtherOperatingCosts contextRef="From20100101To20100331" decimals="-3" unitRef="TWD">14464000</tw-gaap-ci:OtherOperatingCosts>
<tw-gaap-ci:RealizedGainInterAffiliateAccounts contextRef="From20110101To20110331" decimals="-3" unitRef="TWD">-11132000</tw-gaap-ci:RealizedGainInterAffiliateAccounts>
<tw-gaap-ci:RealizedGainInterAffiliateAccounts contextRef="From20100101To20100331" decimals="-3" unitRef="TWD">-7986000</tw-gaap-ci:RealizedGainInterAffiliateAccounts>
<tw-gaap-ci:OperatingExpenses contextRef="From20110101To20110331" decimals="-3" unitRef="TWD">437504000</tw-gaap-ci:OperatingExpenses>
<tw-gaap-ci:OperatingExpenses contextRef="From20100101To20100331" decimals="-3" unitRef="TWD">387186000</tw-gaap-ci:OperatingExpenses>
<tw-gaap-ci:Sellingexpense contextRef="From20110101To20110331" decimals="-3" unitRef="TWD">44814000</tw-gaap-ci:Sellingexpense>
<tw-gaap-ci:Sellingexpense contextRef="From20100101To20100331" decimals="-3" unitRef="TWD">62043000</tw-gaap-ci:Sellingexpense>
<tw-gaap-ci:GeneralAdministrativeExpenses contextRef="From20110101To20110331" decimals="-3" unitRef="TWD">123513000</tw-gaap-ci:GeneralAdministrativeExpenses>
<tw-gaap-ci:GeneralAdministrativeExpenses contextRef="From20100101To20100331" decimals="-3" unitRef="TWD">105310000</tw-gaap-ci:GeneralAdministrativeExpenses>
<tw-gaap-ci:ResearchDevelopmentExpenses contextRef="From20110101To20110331" decimals="-3" unitRef="TWD">269177000</tw-gaap-ci:ResearchDevelopmentExpenses>
<tw-gaap-ci:ResearchDevelopmentExpenses contextRef="From20100101To20100331" decimals="-3" unitRef="TWD">219833000</tw-gaap-ci:ResearchDevelopmentExpenses>
<tw-gaap-ci:NonOperatingIncomeGains contextRef="From20110101To20110331" decimals="-3" unitRef="TWD">169617000</tw-gaap-ci:NonOperatingIncomeGains>
<tw-gaap-ci:NonOperatingIncomeGains contextRef="From20100101To20100331" decimals="-3" unitRef="TWD">68764000</tw-gaap-ci:NonOperatingIncomeGains>
<tw-gaap-ci:InterestIncome contextRef="From20110101To20110331" decimals="-3" unitRef="TWD">19465000</tw-gaap-ci:InterestIncome>
<tw-gaap-ci:InterestIncome contextRef="From20100101To20100331" decimals="-3" unitRef="TWD">11171000</tw-gaap-ci:InterestIncome>
<tw-gaap-ci:InvestmentGains contextRef="From20110101To20110331" decimals="-3" unitRef="TWD">114697000</tw-gaap-ci:InvestmentGains>
<tw-gaap-ci:InvestmentGains contextRef="From20100101To20100331" decimals="-3" unitRef="TWD">5716000</tw-gaap-ci:InvestmentGains>
<tw-gaap-ci:InvestmentGainsRecognizedEquityMethod contextRef="From20110101To20110331" decimals="-3" unitRef="TWD">114697000</tw-gaap-ci:InvestmentGainsRecognizedEquityMethod>
<tw-gaap-ci:InvestmentGainsRecognizedEquityMethod contextRef="From20100101To20100331" decimals="-3" unitRef="TWD">5716000</tw-gaap-ci:InvestmentGainsRecognizedEquityMethod>
<tw-gaap-ci:GainsSaleInvestments contextRef="From20110101To20110331" decimals="-3" unitRef="TWD">18772000</tw-gaap-ci:GainsSaleInvestments>
<tw-gaap-ci:GainsSaleInvestments contextRef="From20100101To20100331" decimals="-3" unitRef="TWD">37666000</tw-gaap-ci:GainsSaleInvestments>
<tw-gaap-ci:ForeignExchangeGains contextRef="From20100101To20100331" decimals="-3" unitRef="TWD">8193000</tw-gaap-ci:ForeignExchangeGains>
<tw-gaap-ci:MiscellaneousIncome contextRef="From20110101To20110331" decimals="-3" unitRef="TWD">5202000</tw-gaap-ci:MiscellaneousIncome>
<tw-gaap-ci:MiscellaneousIncome contextRef="From20100101To20100331" decimals="-3" unitRef="TWD">6018000</tw-gaap-ci:MiscellaneousIncome>
<tw-gaap-ci:NonOperatingExpenses contextRef="From20110101To20110331" decimals="-3" unitRef="TWD">26850000</tw-gaap-ci:NonOperatingExpenses>
<tw-gaap-ci:NonOperatingExpenses contextRef="From20100101To20100331" decimals="-3" unitRef="TWD">142653000</tw-gaap-ci:NonOperatingExpenses>
<tw-gaap-ci:InterestExpense contextRef="From20110101To20110331" decimals="-3" unitRef="TWD">4126000</tw-gaap-ci:InterestExpense>
<tw-gaap-ci:InterestExpense contextRef="From20100101To20100331" decimals="-3" unitRef="TWD">8975000</tw-gaap-ci:InterestExpense>
<tw-gaap-ci:RevaluationLossFinancialAssets contextRef="From20110101To20110331" decimals="-3" unitRef="TWD">9495000</tw-gaap-ci:RevaluationLossFinancialAssets>
<tw-gaap-ci:RevaluationLossFinancialAssets contextRef="From20100101To20100331" decimals="-3" unitRef="TWD">69994000</tw-gaap-ci:RevaluationLossFinancialAssets>
<tw-gaap-ci:RevaluationLossFinancialLiabilities contextRef="From20100101To20100331" decimals="-3" unitRef="TWD">59835000</tw-gaap-ci:RevaluationLossFinancialLiabilities>
<tw-gaap-ci:MiscellaneousDisbursements contextRef="From20110101To20110331" decimals="-3" unitRef="TWD">827000</tw-gaap-ci:MiscellaneousDisbursements>
<tw-gaap-ci:MiscellaneousDisbursements contextRef="From20100101To20100331" decimals="-3" unitRef="TWD">3849000</tw-gaap-ci:MiscellaneousDisbursements>
<tw-gaap-ci:IncomeTaxExpenseBenefit contextRef="From20110101To20110331" decimals="-3" unitRef="TWD">89000000</tw-gaap-ci:IncomeTaxExpenseBenefit>
<tw-gaap-ci:IncomeTaxExpenseBenefit contextRef="From20100101To20100331" decimals="-3" unitRef="TWD">17000000</tw-gaap-ci:IncomeTaxExpenseBenefit>
<tw-gaap-ci:RevaluationGainFinancialLiabilities contextRef="From20110101To20110331" decimals="-3" unitRef="TWD">11481000</tw-gaap-ci:RevaluationGainFinancialLiabilities>
<tw-gaap-ci:ForeignExchangeLosses contextRef="From20110101To20110331" decimals="-3" unitRef="TWD">12402000</tw-gaap-ci:ForeignExchangeLosses>
<tw-gaap-ci:PrimaryEarningsPerShare contextRef="From20110101To20110331" decimals="2" unitRef="TWD">0.57</tw-gaap-ci:PrimaryEarningsPerShare>
<tw-gaap-ci:PrimaryEarningsPerShare contextRef="From20100101To20100331" decimals="2" unitRef="TWD">0.23</tw-gaap-ci:PrimaryEarningsPerShare>
<tw-gaap-ci:LossGainDeferredIncomeTax contextRef="From20110101To20110331" decimals="-3" unitRef="TWD">-1617000</tw-gaap-ci:LossGainDeferredIncomeTax>
<tw-gaap-ci:LossGainDeferredIncomeTax contextRef="From20100101To20100331" decimals="-3" unitRef="TWD">41613000</tw-gaap-ci:LossGainDeferredIncomeTax>
<tw-gaap-ci:ChangesOtherFinancialAssets_CI contextRef="From20110101To20110331" decimals="-3" unitRef="TWD">-4651000</tw-gaap-ci:ChangesOtherFinancialAssets_CI>
<tw-gaap-ci:ChangesOtherFinancialAssets_CI contextRef="From20100101To20100331" decimals="-3" unitRef="TWD">63488000</tw-gaap-ci:ChangesOtherFinancialAssets_CI>
<tw-gaap-ci:ChangesOtherCurrentAssets_CI contextRef="From20110101To20110331" decimals="-3" unitRef="TWD">-10472000</tw-gaap-ci:ChangesOtherCurrentAssets_CI>
<tw-gaap-ci:ChangesOtherCurrentAssets_CI contextRef="From20100101To20100331" decimals="-3" unitRef="TWD">18734000</tw-gaap-ci:ChangesOtherCurrentAssets_CI>
<tw-gaap-ci:ChangesOtherCurrentLiabilities_CI contextRef="From20110101To20110331" decimals="-3" unitRef="TWD">98129000</tw-gaap-ci:ChangesOtherCurrentLiabilities_CI>
<tw-gaap-ci:ChangesOtherCurrentLiabilities_CI contextRef="From20100101To20100331" decimals="-3" unitRef="TWD">-27541000</tw-gaap-ci:ChangesOtherCurrentLiabilities_CI>
<tw-gaap-ci:AcquisitionPropertyPlantEquipment contextRef="From20110101To20110331" decimals="-3" unitRef="TWD">-63458000</tw-gaap-ci:AcquisitionPropertyPlantEquipment>
<tw-gaap-ci:AcquisitionPropertyPlantEquipment contextRef="From20100101To20100331" decimals="-3" unitRef="TWD">-43487000</tw-gaap-ci:AcquisitionPropertyPlantEquipment>
<tw-gaap-ci:NetChangesCashCashEquivalents contextRef="From20110101To20110331" decimals="-3" unitRef="TWD">921206000</tw-gaap-ci:NetChangesCashCashEquivalents>
<tw-gaap-ci:NetChangesCashCashEquivalents contextRef="From20100101To20100331" decimals="-3" unitRef="TWD">-358007000</tw-gaap-ci:NetChangesCashCashEquivalents>
<tw-gaap-ci:NetCashProvidedUsedOperatingActivities contextRef="From20110101To20110331" decimals="-3" unitRef="TWD">741101000</tw-gaap-ci:NetCashProvidedUsedOperatingActivities>
<tw-gaap-ci:NetCashProvidedUsedOperatingActivities contextRef="From20100101To20100331" decimals="-3" unitRef="TWD">601521000</tw-gaap-ci:NetCashProvidedUsedOperatingActivities>
<tw-gaap-ci:NetIncomeLoss_StatementCashFlows contextRef="From20110101To20110331" decimals="-3" unitRef="TWD">785850000</tw-gaap-ci:NetIncomeLoss_StatementCashFlows>
<tw-gaap-ci:NetIncomeLoss_StatementCashFlows contextRef="From20100101To20100331" decimals="-3" unitRef="TWD">318321000</tw-gaap-ci:NetIncomeLoss_StatementCashFlows>
<tw-gaap-ci:AdjustmentsReconcileNetIncomeNetCashProvidedUsedOperatingActivities contextRef="From20110101To20110331" decimals="-3" unitRef="TWD">149593000</tw-gaap-ci:AdjustmentsReconcileNetIncomeNetCashProvidedUsedOperatingActivities>
<tw-gaap-ci:AdjustmentsReconcileNetIncomeNetCashProvidedUsedOperatingActivities contextRef="From20100101To20100331" decimals="-3" unitRef="TWD">417992000</tw-gaap-ci:AdjustmentsReconcileNetIncomeNetCashProvidedUsedOperatingActivities>
<tw-gaap-ci:DepreciationExpense-Operating contextRef="From20110101To20110331" decimals="-3" unitRef="TWD">245856000</tw-gaap-ci:DepreciationExpense-Operating>
<tw-gaap-ci:DepreciationExpense-Operating contextRef="From20100101To20100331" decimals="-3" unitRef="TWD">229206000</tw-gaap-ci:DepreciationExpense-Operating>
<tw-gaap-ci:AmortizationExpense-Operating contextRef="From20110101To20110331" decimals="-3" unitRef="TWD">22775000</tw-gaap-ci:AmortizationExpense-Operating>
<tw-gaap-ci:AmortizationExpense-Operating contextRef="From20100101To20100331" decimals="-3" unitRef="TWD">26383000</tw-gaap-ci:AmortizationExpense-Operating>
<tw-gaap-ci:InvestmentLossIncomeRecognizedEquityMethod contextRef="From20110101To20110331" decimals="-3" unitRef="TWD">-114697000</tw-gaap-ci:InvestmentLossIncomeRecognizedEquityMethod>
<tw-gaap-ci:InvestmentLossIncomeRecognizedEquityMethod contextRef="From20100101To20100331" decimals="-3" unitRef="TWD">-5716000</tw-gaap-ci:InvestmentLossIncomeRecognizedEquityMethod>
<tw-gaap-ci:GainsLossesSaleInvestments contextRef="From20100101To20100331" decimals="-3" unitRef="TWD">-3324000</tw-gaap-ci:GainsLossesSaleInvestments>
<tw-gaap-ci:GainLossDisposalScrappingFixedAssets contextRef="From20110101To20110331" decimals="-3" unitRef="TWD">-738000</tw-gaap-ci:GainLossDisposalScrappingFixedAssets>
<tw-gaap-ci:GainLossDisposalScrappingFixedAssets contextRef="From20100101To20100331" decimals="-3" unitRef="TWD">1000</tw-gaap-ci:GainLossDisposalScrappingFixedAssets>
<tw-gaap-ci:UnrealizedRevaluationGainFinancialAssetsLiabilities contextRef="From20110101To20110331" decimals="-3" unitRef="TWD">-1986000</tw-gaap-ci:UnrealizedRevaluationGainFinancialAssetsLiabilities>
<tw-gaap-ci:UnrealizedRevaluationGainFinancialAssetsLiabilities contextRef="From20100101To20100331" decimals="-3" unitRef="TWD">129829000</tw-gaap-ci:UnrealizedRevaluationGainFinancialAssetsLiabilities>
<tw-gaap-ci:ChangesOperatingAssetsLiabilities contextRef="From20110101To20110331" decimals="-3" unitRef="TWD">-194342000</tw-gaap-ci:ChangesOperatingAssetsLiabilities>
<tw-gaap-ci:ChangesOperatingAssetsLiabilities contextRef="From20100101To20100331" decimals="-3" unitRef="TWD">-134792000</tw-gaap-ci:ChangesOperatingAssetsLiabilities>
<tw-gaap-ci:ChangesOperatingAssets contextRef="From20110101To20110331" decimals="-3" unitRef="TWD">-119131000</tw-gaap-ci:ChangesOperatingAssets>
<tw-gaap-ci:ChangesOperatingAssets contextRef="From20100101To20100331" decimals="-3" unitRef="TWD">1431183000</tw-gaap-ci:ChangesOperatingAssets>
<tw-gaap-ci:ChangesFinancialAssetsHeldTrading contextRef="From20100101To20100331" decimals="-3" unitRef="TWD">-5364000</tw-gaap-ci:ChangesFinancialAssetsHeldTrading>
<tw-gaap-ci:ChangesNotesReceivable contextRef="From20110101To20110331" decimals="-3" unitRef="TWD">-12266000</tw-gaap-ci:ChangesNotesReceivable>
<tw-gaap-ci:ChangesNotesReceivable contextRef="From20100101To20100331" decimals="-3" unitRef="TWD">156275000</tw-gaap-ci:ChangesNotesReceivable>
<tw-gaap-ci:ChangesAccountsReceivable contextRef="From20110101To20110331" decimals="-3" unitRef="TWD">-298496000</tw-gaap-ci:ChangesAccountsReceivable>
<tw-gaap-ci:ChangesAccountsReceivable contextRef="From20100101To20100331" decimals="-3" unitRef="TWD">-81517000</tw-gaap-ci:ChangesAccountsReceivable>
<tw-gaap-ci:ChangesAccountsReceivableRelatedParties contextRef="From20110101To20110331" decimals="-3" unitRef="TWD">-368762000</tw-gaap-ci:ChangesAccountsReceivableRelatedParties>
<tw-gaap-ci:ChangesAccountsReceivableRelatedParties contextRef="From20100101To20100331" decimals="-3" unitRef="TWD">724263000</tw-gaap-ci:ChangesAccountsReceivableRelatedParties>
<tw-gaap-ci:ChangesInventories contextRef="From20110101To20110331" decimals="-3" unitRef="TWD">575516000</tw-gaap-ci:ChangesInventories>
<tw-gaap-ci:ChangesInventories contextRef="From20100101To20100331" decimals="-3" unitRef="TWD">555304000</tw-gaap-ci:ChangesInventories>
<tw-gaap-ci:ChangesOperatingLiabilities contextRef="From20110101To20110331" decimals="-3" unitRef="TWD">-75211000</tw-gaap-ci:ChangesOperatingLiabilities>
<tw-gaap-ci:ChangesOperatingLiabilities contextRef="From20100101To20100331" decimals="-3" unitRef="TWD">-1565975000</tw-gaap-ci:ChangesOperatingLiabilities>
<tw-gaap-ci:ChangesAccountsPayable contextRef="From20110101To20110331" decimals="-3" unitRef="TWD">90141000</tw-gaap-ci:ChangesAccountsPayable>
<tw-gaap-ci:ChangesAccountsPayable contextRef="From20100101To20100331" decimals="-3" unitRef="TWD">-743698000</tw-gaap-ci:ChangesAccountsPayable>
<tw-gaap-ci:ChangesAccountsPayableRelatedParties contextRef="From20110101To20110331" decimals="-3" unitRef="TWD">-12187000</tw-gaap-ci:ChangesAccountsPayableRelatedParties>
<tw-gaap-ci:ChangesAccountsPayableRelatedParties contextRef="From20100101To20100331" decimals="-3" unitRef="TWD">-289182000</tw-gaap-ci:ChangesAccountsPayableRelatedParties>
<tw-gaap-ci:ChangesAccruedExpenses contextRef="From20110101To20110331" decimals="-3" unitRef="TWD">-257053000</tw-gaap-ci:ChangesAccruedExpenses>
<tw-gaap-ci:ChangesAccruedExpenses contextRef="From20100101To20100331" decimals="-3" unitRef="TWD">-509601000</tw-gaap-ci:ChangesAccruedExpenses>
<tw-gaap-ci:ChangesAccruedPensionLiabilities contextRef="From20110101To20110331" decimals="-3" unitRef="TWD">-5373000</tw-gaap-ci:ChangesAccruedPensionLiabilities>
<tw-gaap-ci:ChangesAccruedPensionLiabilities contextRef="From20100101To20100331" decimals="-3" unitRef="TWD">-3939000</tw-gaap-ci:ChangesAccruedPensionLiabilities>
<tw-gaap-ci:ChangesDeferredCredits contextRef="From20110101To20110331" decimals="-3" unitRef="TWD">11132000</tw-gaap-ci:ChangesDeferredCredits>
<tw-gaap-ci:ChangesDeferredCredits contextRef="From20100101To20100331" decimals="-3" unitRef="TWD">7986000</tw-gaap-ci:ChangesDeferredCredits>
<tw-gaap-ci:NetCashProvidedUsedInvestingActivities contextRef="From20110101To20110331" decimals="-3" unitRef="TWD">175484000</tw-gaap-ci:NetCashProvidedUsedInvestingActivities>
<tw-gaap-ci:NetCashProvidedUsedInvestingActivities contextRef="From20100101To20100331" decimals="-3" unitRef="TWD">401000</tw-gaap-ci:NetCashProvidedUsedInvestingActivities>
<tw-gaap-ci:ProceedsDisposalFinancialAssetsDesignatedFairValueProfitLoss contextRef="From20110101To20110331" decimals="-3" unitRef="TWD">-41570000</tw-gaap-ci:ProceedsDisposalFinancialAssetsDesignatedFairValueProfitLoss>
<tw-gaap-ci:ProceedsDisposalFinancialAssetsDesignatedFairValueProfitLoss contextRef="From20100101To20100331" decimals="-3" unitRef="TWD">212321000</tw-gaap-ci:ProceedsDisposalFinancialAssetsDesignatedFairValueProfitLoss>
<tw-gaap-ci:ProceedsDisposalAvailableSaleFinancialAssets contextRef="From20110101To20110331" decimals="-3" unitRef="TWD">14952000</tw-gaap-ci:ProceedsDisposalAvailableSaleFinancialAssets>
<tw-gaap-ci:ProceedsDisposalAvailableSaleFinancialAssets contextRef="From20100101To20100331" decimals="-3" unitRef="TWD">127498000</tw-gaap-ci:ProceedsDisposalAvailableSaleFinancialAssets>
<tw-gaap-ci:ProceedsDisposalFinancialAssetsCarriedCost contextRef="From20100101To20100331" decimals="-3" unitRef="TWD">5149000</tw-gaap-ci:ProceedsDisposalFinancialAssetsCarriedCost>
<tw-gaap-ci:AcquisitionInvestmentsAccountedEquityMethod contextRef="From20110101To20110331" decimals="-3" unitRef="TWD">-17918000</tw-gaap-ci:AcquisitionInvestmentsAccountedEquityMethod>
<tw-gaap-ci:AcquisitionInvestmentsAccountedEquityMethod contextRef="From20100101To20100331" decimals="-3" unitRef="TWD">-302282000</tw-gaap-ci:AcquisitionInvestmentsAccountedEquityMethod>
<tw-gaap-ci:ReductionReturnStockValueInvestments contextRef="From20110101To20110331" decimals="-3" unitRef="TWD">279965000</tw-gaap-ci:ReductionReturnStockValueInvestments>
<tw-gaap-ci:ProceedsDisposalPropertyPlantEquipment contextRef="From20110101To20110331" decimals="-3" unitRef="TWD">4472000</tw-gaap-ci:ProceedsDisposalPropertyPlantEquipment>
<tw-gaap-ci:ProceedsDisposalPropertyPlantEquipment contextRef="From20100101To20100331" decimals="-3" unitRef="TWD">1424000</tw-gaap-ci:ProceedsDisposalPropertyPlantEquipment>
<tw-gaap-ci:ChamgesOtherAssets contextRef="From20110101To20110331" decimals="-3" unitRef="TWD">-959000</tw-gaap-ci:ChamgesOtherAssets>
<tw-gaap-ci:ChamgesOtherAssets contextRef="From20100101To20100331" decimals="-3" unitRef="TWD">-222000</tw-gaap-ci:ChamgesOtherAssets>
<tw-gaap-ci:NetCashProvidedUsedFinancingActivities contextRef="From20110101To20110331" decimals="-3" unitRef="TWD">4621000</tw-gaap-ci:NetCashProvidedUsedFinancingActivities>
<tw-gaap-ci:NetCashProvidedUsedFinancingActivities contextRef="From20100101To20100331" decimals="-3" unitRef="TWD">-959929000</tw-gaap-ci:NetCashProvidedUsedFinancingActivities>
<tw-gaap-ci:ChangesShortTermLoans contextRef="From20100101To20100331" decimals="-3" unitRef="TWD">-951900000</tw-gaap-ci:ChangesShortTermLoans>
<tw-gaap-ci:ProceedsLongTermDebt contextRef="From20110101To20110331" decimals="-3" unitRef="TWD">4621000</tw-gaap-ci:ProceedsLongTermDebt>
<tw-gaap-ci:ProceedsLongTermDebt contextRef="From20100101To20100331" decimals="-3" unitRef="TWD">-8029000</tw-gaap-ci:ProceedsLongTermDebt>
<tw-gaap-ci:CashCashEquivalents contextRef="AsOf20110101" decimals="-3" unitRef="TWD">7337036000</tw-gaap-ci:CashCashEquivalents>
<tw-gaap-ci:CashCashEquivalents contextRef="AsOf20100101" decimals="-3" unitRef="TWD">3438261000</tw-gaap-ci:CashCashEquivalents>
<tw-gaap-ci:InterestPaidExcludingCapitalizedInterest contextRef="From20110101To20110331" decimals="-3" unitRef="TWD">9726000</tw-gaap-ci:InterestPaidExcludingCapitalizedInterest>
<tw-gaap-ci:InterestPaidExcludingCapitalizedInterest contextRef="From20100101To20100331" decimals="-3" unitRef="TWD">16863000</tw-gaap-ci:InterestPaidExcludingCapitalizedInterest>
<tw-gaap-ci:InterestPaid contextRef="From20110101To20110331" decimals="-3" unitRef="TWD">9726000</tw-gaap-ci:InterestPaid>
<tw-gaap-ci:InterestPaid contextRef="From20100101To20100331" decimals="-3" unitRef="TWD">16863000</tw-gaap-ci:InterestPaid>
<tw-gaap-ci:IncomeTaxPaid contextRef="From20110101To20110331" decimals="-3" unitRef="TWD">1884000</tw-gaap-ci:IncomeTaxPaid>
<tw-gaap-ci:IncomeTaxPaid contextRef="From20100101To20100331" decimals="-3" unitRef="TWD">2359000</tw-gaap-ci:IncomeTaxPaid>
<tw-gaap-ci:CurrentPortionLong-termLiability contextRef="From20110101To20110331" decimals="-3" unitRef="TWD">819718000</tw-gaap-ci:CurrentPortionLong-termLiability>
<tw-gaap-ci:CurrentPortionLong-termLiability contextRef="From20100101To20100331" decimals="-3" unitRef="TWD">11218000</tw-gaap-ci:CurrentPortionLong-termLiability>
<tw-gaap-ar:AccountantName contextRef="AsOf20110422">勤業眾信聯合會計師事務所</tw-gaap-ar:AccountantName>
<tw-gaap-ar:AssuranceAccountantName1 contextRef="AsOf20110422">邵志明</tw-gaap-ar:AssuranceAccountantName1>
<tw-gaap-ar:AssuranceAccountantName2 contextRef="AsOf20110422">許秀明</tw-gaap-ar:AssuranceAccountantName2>
<tw-gaap-ar:ReviewAuditDate contextRef="AsOf20110422">2011-04-22</tw-gaap-ar:ReviewAuditDate>
<tw-gaap-ar:ReviewReport contextRef="AsOf20110422">Y</tw-gaap-ar:ReviewReport>
<tw-gaap-ar:QualifiedOpinionAbstract contextRef="AsOf20110422">Y</tw-gaap-ar:QualifiedOpinionAbstract>
<tw-gaap-ar:ByInvestmentCompaniesWithoutAccountantAuditReportRecognizedGainLoss contextRef="AsOf20110422">Y</tw-gaap-ar:ByInvestmentCompaniesWithoutAccountantAuditReportRecognizedGainLoss>


<tw-gaap-ar:AccountantsReportBody contextRef="AsOf20110422"><![CDATA[會計師核閱報告

中華汽車工業股份有限公司　公鑒：

　　中華汽車工業股份有限公司民國一○○年及九十九年三月三十一日之資
產負債表，暨民國一○○年及九十九年一月一日至三月三十一日之損益表及
現金流量表，業經本會計師核閱竣事。上開財務報表之編製係管理階層之責
任，本會計師之責任則為根據核閱結果出具報告。
　　除下段所述者外，本會計師係依照審計準則公報第三十六號「財務報表
之核閱」規劃並執行核閱工作。由於本會計師僅實施分析、比較與查詢，並
未依照一般公認審計準則查核，因是無法對上開財務報表之整體表示查核意
見。
　　如財務報表附註八所述，中華汽車工業股份有限公司民國一○○年及九
十九年三月三十一日採權益法之部分長期股權投資分別計新台幣18,586,263
仟元及18,580,813仟元暨第一季認列之投資淨損分別計新台幣120,994仟元及
253,385仟元，係依據被投資公司同期間未經會計師核閱之財務報表計算。
　　依本會計師核閱結果，除上段所述該等被投資公司財務報表倘經會計師
核閱對財務報表可能有所調整之影響外，並未發現第一段所述財務報表在所
有重大方面有違反證券發行人財務報告編製準則、商業會計法及商業會計處
理準則中與財務會計準則相關之規定暨一般公認會計原則而須作修正之情
事。

勤業眾信聯合會計師事務所
會 計 師　　邵　　志　　明　　　　　　  會 計 師　　許　　秀　　明　　　　


財政部證券暨期貨管理委員會核准文號　　財政部證券暨期貨管理委員會核准文號
　台財證六字第0930128050號　　　　　  　台財證六字第0920123784號　　　　


中　　　華　　　民　　　國　　一○○　　年　　四　　月　　二十二　　日]]></tw-gaap-ar:AccountantsReportBody>
<tw-gaap-notes:FinancialReportNotes contextRef="From20110101To20110331"><![CDATA[http://doc.twse.com.tw/server-java/t57sb01?step=1&colorchg=1&co_id=2204&year=100&seamon=1&mtype=A&]]></tw-gaap-notes:FinancialReportNotes>
<tw-gaap-notes:OrganizationAndOperations contextRef="From20110101To20110331"><![CDATA[　　本公司為一股票上市公司，主要業務為製造及銷售各式轎車、貨
車、客貨兩用車及其零組件等。
　　截至一○○及九十九年三月底止，本公司員工人數分別為1,839
人及1,752人。
]]></tw-gaap-notes:OrganizationAndOperations>
<tw-gaap-notes:SummaryOfSignificantAccountingPolicies contextRef="From20110101To20110331"><![CDATA[　　本財務報表係依照證券發行人財務報告編製準則、商業會計法、
商業會計處理準則及一般公認會計原則編製。依照前述準則、法令及
原則編製財務報表時，本公司對於備抵呆帳、存貨跌價損失、固定資
產折舊、無形資產攤銷、資產減損、退休金、所得稅、員工分紅及董
監事酬勞費用等之提列，必須使用合理之估計金額，因估計涉及判斷，
實際結果可能有所差異。
　　重要會計政策彙總說明如下：
資產與負債區分流動與非流動之標準
　　流動資產包括現金及約當現金，以及主要為交易目的而持有之資
產或預期於資產負債表日後一年內變現之資產；固定資產、無形資產
及其他不屬於流動資產者為非流動資產。流動負債為須於資產負債表
日後一年內清償之負債，負債不屬於流動負債者為非流動負債。
約當現金
　　係自投資日起三個月內到期之附買回票券，其帳面價值近似公平
價值。
公平價值變動列入損益之金融商品
　　公平價值變動列入損益之金融商品包括交易目的之金融資產或金
融負債，以及於原始認列時，指定以公平價值衡量且公平價值變動認
列為損益之金融資產。本公司成為金融商品合約之一方時，認列金融
資產或金融負債；對於合約權利喪失控制時，除列金融資產；於合約
規定之義務解除、取消或到期而使金融負債消滅時，除列金融負債。
　　原始認列時，係以公平價值加計交易成本衡量，續後評價時，以
公平價值衡量且公平價值變動認列為當期損益。金融商品除列時，出
售所得價款或支付金額與帳面價值之差額，計入當期損益。依交易慣
例購買或出售金融資產時，採用交易日會計處理。
　　衍生性商品未能符合避險會計者，係分類為交易目的之金融資產
或金融負債。公平價值為正值時，列為金融資產；公平價值為負值時，
列為金融負債。
　　公平價值之基礎：債券係財團法人中華民國證券櫃檯買賣中心資
產負債表日之參考價，衍生性商品係金融機構之評價金額。
　　指定公平價值變動列入損益之金融資產或金融負債係混合商品，
以及為消除或重大減少會計不一致時，將各項具會計不一致之金融資
產於原始認列時指定公平價值變動列入損益。
備供出售金融資產
　　備供出售金融資產於原始認列時，以公平價值衡量，並加計取得
之交易成本；後續評價以公平價值（上市櫃公司股票及封閉型基金受
益憑證係資產負債表日之收盤價，開放型基金受益憑證係資產負債表
日之淨資產價值）衡量，且其價值變動列為股東權益調整項目，累積
之利益或損失於金融資產除列時，列入當期損益。依交易慣例購買或
出售金融資產時，採用交易日會計處理。
　　現金股利於除息日認列收益，但依據投資前淨利宣告之部分，係
自投資成本減除。股票股利不列為投資收益，僅註記股數增加，並按
增加後之總股數重新計算每股成本。
無活絡市場之債券投資
　　無活絡市場之公開報價，且具固定或可決定收取金額之債券投
資，以攤銷後成本衡量。原始認列時，以公平價值衡量並加計取得之
交易成本，於除列、價值減損或攤銷時認列損益。依交易慣例購買或
出售金融資產時，採用交易日會計處理。
　　若有減損之客觀證據，則認列減損損失。若續後期間減損金額減
少，且明顯與認列減損後發生之事件有關，則予以迴轉並認列為當期
損益，該迴轉不使帳面金額大於未認列減損情況下之攤銷後成本。
收入認列暨應收帳款及備抵呆帳
　　銷貨收入係於貨物之所有權及顯著風險移轉時認列，因其獲利過
程大部分已完成，且已實現或可實現。
　　銷貨收入係按本公司與買方所協議交易對價之公平價值衡量；惟
因銷貨收入之對價為一年期以內之應收款，其公平價值與到期值差異
不大且交易量頻繁，則不按設算利率計算公平價值。
　　勞務收入係於與交易有關之經濟效益很有可能流向本公司以及收
入金額能可靠衡量時，依照合約實質內容，按權責發生基礎認列收入。
　　備抵呆帳係按應收帳款之收回可能性評估提列。本公司係依據對
客戶之應收帳款帳齡分析等因素，定期評估應收帳款之收回可能性。
　　如附註三所述，本公司自一○○年一月一日起適用財務會計準則
公報第三十四號「金融商品之會計處理準則」第三次修訂條文，修訂
條文將原始產生之應收款納入適用範圍，故本公司對於應收帳款係於
每一資產負債表日評估其減損跡象，當有客觀證據顯示，因應收帳款
原始認列後發生之單一或多項事件，致使應收帳款之估計未來現金流
量受影響者，該應收帳款則視為已減損。客觀之減損證據可能包含：
1.債務人發生顯著財務困難；或
2.應收帳款發生逾期之情形；或
3.債務人很有可能倒閉或進行其他財務重整。
　　針對某些應收款項經個別評估未有減損後，另再以組合基礎來評
估減損。應收帳款組合之客觀減損證據可能包含本公司過去收款經
驗、該組合之延遲付款增加情況，以及與應收帳款違約有關之可觀察
經濟情勢變化。
　　認列之減損損失金額係為該資產之帳面金額與預期未來現金流量
以該應收帳款原始有效利率折現值之間的差額。應收款帳之帳面金額
係藉由備抵評價科目調降。當應收款項視為無法回收時，係沖銷備抵
評價科目。原先已沖銷而後續回收之款項係貸記備抵評價科目。備抵
評價科目帳面金額之變動認列為呆帳損失。
存　　貨
　　存貨係以成本與淨變現價值孰低計價，比較成本與淨變現價值時
除同類別存貨外係以個別項目為基礎。淨變現價值係指在正常情況下
之估計售價減除至完工尚需投入之成本及銷售費用後之餘額。存貨平
時按標準成本計價，結帳日再予調整按加權平均法計算之成本。
採權益法之長期股權投資
　　係以投資成本加（或減）按持股比例認列被投資公司之淨利（或
淨損）計算及增加（或減少）之資本公積、未分配盈餘及股東權益其
他項目；發放現金股利時則作為投資減項。出售長期股權投資時，如
有因長期股權投資產生之資本公積或股東權益其他項目餘額時，應按
出售比例轉列當期損益。與被投資公司間，相互持股之損益計算係採
庫藏股票法認列損益。取得股權或首次採用權益法時，投資成本與所
取得股權淨值間之差額，除屬被投資公司土地之帳面價值低於公平市
價所產生者，於土地處分時，將其差額一次沖銷外，其餘將投資成本
予以分析處理，投資成本超過可辨認淨資產公平價值部分列為商譽，
商譽不予攤銷。若可辨認淨資產公平價值超過投資成本，則其差額就
各非流動資產（非採權益法評價之金融資產、待處分資產、遞延所得
稅資產及預付退休金或其他退休給付除外）公平價值等比例減少之，
仍有差額時列為非常損益。
　　被投資公司發行新股、買回或出售庫藏股時，若未按持股比例認
購，致使持股比例發生變動，並因而使投資之股權淨值發生增減時，
其增減數調整資本公積及長期股權投資；前項調整如應借記資本公
積，而長期股權投資所產生之資本公積餘額不足時，其差額借記未分
配盈餘。
　　本公司與採權益法被投資公司順流交易產生之未實現利益，按持
股比例予以消除，惟如本公司對該被投資公司具有控制能力，則予以
全部消除。本公司與採權益法被投資公司逆流交易所產生之未實現利
益，則按持股比例予以消除；側流交易所產生之未實現損益，若本公
司及子公司對產生交易之各被投資公司均無控制能力時，則按投資公
司持有各被投資公司之約當持股比例相乘後比例消除。遞延利益帳列
其他負債或沖減長期股權投資，俟實現時，始予認列收入。遞延損失
帳列其他資產，俟實現時，始予認列損失。
以成本衡量之金融資產
　　無法可靠衡量公平價值之權益商品投資，包括未上市櫃股票及興
櫃股票等，以原始認列之成本衡量。股利之會計處理，與備供出售金
融資產相似。若有減損之客觀證據，則認列減損損失，此減損金額不
予迴轉。
固定資產
　　固定資產係按成本加重估增值減累計折舊及累計減損計價。重大
更新及改良，作為資本支出；修理及維護支出，則作為當期費用。
　　固定資產折舊，除模具係以預計生產數量為分攤基礎，按實際生
產數量攤銷外，其餘係按平均法依照下列耐用年數計提：土地改良物，
三至二十年；建築物及設備，三至四十年；機器設備，三至十五年；
運輸及什項設備，三至十五年；出租資產，十至六十年。
　　土地以外之固定資產辦理重估者，分別增列重估資產之增值金額
及未實現重估增值，重估增值金額之折舊係按資產重估時之剩餘耐用
年數計提。固定資產耐用年限屆滿仍繼續使用者，依原折舊方法按估
計可繼續使用年數計提。
　　固定資產出售或報廢時，其相關成本（含重估增值）、累計折舊、
累計減損及未實現重估增值均自帳上減除。處分固定資產之利益或損
失，列為當期之營業外利益或損失。
無形資產
　　將發展階段之支出於符合一定條件者，認列為無形資產，並按直
線法依其效益年限七至十年攤銷，發展階段之支出不符合一定條件
者，則列為當期費用。
資產減損
　　本公司於資產負債表日，就採權益法之長期股權投資、固定資產
及無形資產，評估是否有減損跡象顯示資產可能發生減損，倘經評估
資產有減損跡象存在時，即估計該資產或其所屬現金產生單位之可回
收金額。當資產或其所屬現金產生單位所估計之可回收金額低於帳面
價值時，差額即於當期認列減損損失，並貸記累計減損或直接調整減
少資產之帳面價值。對僅具重大影響力而未具控制能力之長期股權投
資，係以個別長期股權投資帳面價值為基礎，比較個別投資之可回收
金額與帳面價值以計算該投資之減損損失。當認列資產之減損後，其
折舊或攤銷費用之計算，應以調整後資產帳面價值減除其殘值計算，
並於剩餘耐用年限內，以合理而有系統之方法攤提之。經評估已認列
減損損失並調整帳面價值之資產，若嗣後其可回收金額之估計發生變
動，致預計之可回收金額因而增加，則應迴轉已認列之減損損失，就
原認列為減損損失之範圍內，於當期認列迴轉利益，並借記累計減損
調整增加資產帳面價值至可回收金額，惟迴轉後之帳面價值，不得超
過該項資產在未認列減損損失之情況下，減除提列折舊或攤銷後之帳
面價值。已依法令規定辦理重估價者，則其減損損失先減少股東權益
項下之未實現重估增值，不足數再於損益表認列減損損失；迴轉時，
就原認列為損失之範圍內先認列利益，若尚有餘額再轉回股東權益項
下之未實現重估增值。
退休金
　　屬確定給付退休辦法之退休金係按精算結果認列，其未認列過渡
性淨給付義務及退休金損益分別按十五年及員工平均剩餘服務年數攤
提。支付退休金時，先由退休準備金撥付，再沖減退休金負債。
　　屬確定提撥退休辦法之退休金，係於員工提供服務之期間，將應
提撥之退休金數額認列為當期費用。
庫藏股票
　　買回已發行股票作為庫藏股票時，將所支付之成本借記「庫藏股
票」科目，列為股東權益之減項。
　　處分時，處分價格若高於帳面價值，其差額作為資本公積－庫藏
股票交易；若低於帳面價值，其差額沖抵同種類庫藏股票之交易所產
生之資本公積，如有不足則沖抵未分配盈餘。

　　註銷庫藏股票時，按股權比例調減「資本公積－發行股票溢價」
與「股本」。庫藏股票之帳面價值如高於面值與股票發行溢價之合計數
時，其差額沖銷同種類庫藏股票所產生之資本公積，如有不足再借記
未分配盈餘；庫藏股票之帳面價值如低於面值與股票發行溢價之合計
數時，其差額貸記同種類庫藏股票交易所產生之資本公積。
所得稅
　　所得稅係作跨期間之所得稅分攤，即將可減除暫時性差異、虧損
扣抵及未使用投資抵減之所得稅影響數認列為遞延所得稅資產，並評
估其可實現性，認列相關備抵評價金額；而應課稅暫時性差異之所得
稅影響數則認列為遞延所得稅負債。遞延所得稅資產或負債依其相關
資產或負債之分類劃分為流動或非流動項目，無相關資產或負債者，
依預期回轉期間劃分為流動或非流動項目。
　　因購置設備或技術、研究發展及人才培訓等所產生之所得稅抵
減，採當期認列法處理。
　　以前年度所得稅之調整，列入當期所得稅。
　　未分配盈餘加徵10%所得稅，於股東會決議年度認列為費用。
外幣交易及外幣財務報表之換算
　　非衍生性商品之外幣交易所產生之各項外幣資產、負債、收入或
費用，按交易日之即期匯率折算新台幣金額入帳。外幣資產及負債實
際收付結清時所產生之兌換差額，作為當期損益。
　　資產負債表日之外幣貨幣性資產或負債，按該日即期匯率予以調
整，兌換差額列為當期損益。
　　資產負債表日之外幣非貨幣性資產或負債，依公平價值衡量者，
按該日即期匯率調整，所產生之兌換差額，屬公平價值變動認列為股
東權益調整項目者，列為股東權益調整項目；屬公平價值變動認列為
當期損益者，列為當期損益。以成本衡量者，則按交易日之歷史匯率
衡量。

　　外幣長期投資採權益法者，以被投資公司之外幣財務報表換算後
所得之股東權益做為依據，兌換差額列入累積換算調整數，作為股東
權益之調整項目。
現金流量避險會計
　　符合適用避險會計之所有條件時，以互抵方式認列避險工具及被
避險項目之公平價值變動所產生之損益影響數，避險工具之利益或損
失屬有效避險部分，認列為股東權益調整項目，並於被避險之預期交
易或該預期交易導致之資產或負債影響淨損益時，轉列為當期損益。
但認列為股東權益調整項目之淨損失預期無法回收之金額，立即轉列
當期損失。
　　本公司從事利率交換合約之避險活動著重於維持淨利息支出，以
及控制市場價值風險。現金流量避險係用以規避利率風險。
]]></tw-gaap-notes:SummaryOfSignificantAccountingPolicies>
<tw-gaap-notes:ChangesInAccountingPrinciples contextRef="From20110101To20110331"><![CDATA[金融商品之會計處理
　　本公司自一○○年一月一日起採用新修訂之財務會計準則公報第
三十四號「金融商品之會計處理準則」。與本公司有關之主要修訂包
括(一)將原始產生之應收款納入公報適用範圍；(二)增訂以攤銷後成本
衡量之金融資產於債務困難修改條款時之減損規範；及(三)債務條款修
改時債務人之會計處理。此項會計變動，對本公司一○○年第一季之
淨利並無重大影響。
營運部門資訊之揭露
　　本公司自一○○年一月一日起，採用新發布之財務會計準則公報
第四十一號「營運部門資訊之揭露」。該公報之規定係以管理階層制
定營運事項決策時所使用之企業組成部分相關資訊為基礎，營運部門
之辨識則以主要營運決策者定期複核用以分配資源予部門與評量績效
之內部報告為基礎。該公報係取代財務會計準則公報第二十號「部門
別財務資訊之揭露」，採用該公報僅對本公司合併部門別資訊之報導
方式產生改變，本公司已於合併財務報表揭露此資訊。


]]></tw-gaap-notes:ChangesInAccountingPrinciples>
</xbrl>
