<?xml version="1.0" encoding="UTF-8"?>
<xbrl xmlns="http://www.xbrl.org/2003/instance" xmlns:iso4217="http://www.xbrl.org/2003/iso4217" xmlns:link="http://www.xbrl.org/2003/linkbase" xmlns:tw-gaap-ar="http://www.xbrl.org/tw/fr/gaap/ar/2011-12-31" xmlns:tw-gaap-ci="http://www.xbrl.org/tw/fr/gaap/tw-gaap-ci-2011-12-31" xmlns:tw-gaap-notes="http://www.xbrl.org/tw/fr/gaap/notes/2011-12-31" xmlns:xbrldi="http://xbrl.org/2006/xbrldi" xmlns:xbrldt="http://xbrl.org/2005/xbrldt" xmlns:xbrli="http://www.xbrl.org/2003/instance" xmlns:xlink="http://www.w3.org/1999/xlink">
	<link:schemaRef xlink:arcrole="http://www.w3.org/1999/xlink/properties/linkbase" xlink:href="tw-gaap-ci-2011-12-31.xsd" xlink:type="simple"/>	<context id="AsOf20120424">
		<entity>
			<identifier scheme="http://www.twse.com.tw">1225</identifier>
		</entity>
		<period>
			<instant>2012-04-24</instant>
		</period>
	</context>
	<context id="AsOf20110101">
		<entity>
			<identifier scheme="http://www.twse.com.tw">1225</identifier>
		</entity>
		<period>
			<instant>2011-01-01</instant>
		</period>
	</context>
	<context id="AsOf20120101">
		<entity>
			<identifier scheme="http://www.twse.com.tw">1225</identifier>
		</entity>
		<period>
			<instant>2012-01-01</instant>
		</period>
	</context>
	<context id="From20110101To20110331">
		<entity>
			<identifier scheme="http://www.twse.com.tw">1225</identifier>
		</entity>
		<period>
			<startDate>2011-01-01</startDate>
			<endDate>2011-03-31</endDate>
		</period>
	</context>
	<context id="AsOf20110331">
		<entity>
			<identifier scheme="http://www.twse.com.tw">1225</identifier>
		</entity>
		<period>
			<instant>2011-03-31</instant>
		</period>
	</context>
	<context id="From20120101To20120331">
		<entity>
			<identifier scheme="http://www.twse.com.tw">1225</identifier>
		</entity>
		<period>
			<startDate>2012-01-01</startDate>
			<endDate>2012-03-31</endDate>
		</period>
	</context>
	<context id="AsOf20120331">
		<entity>
			<identifier scheme="http://www.twse.com.tw">1225</identifier>
		</entity>
		<period>
			<instant>2012-03-31</instant>
		</period>
	</context>
	<unit id="TWD">
		<measure>iso4217:TWD</measure>
	</unit>
	<unit id="Shares">
		<measure>xbrli:shares</measure>
	</unit>
	<unit id="EarningsPerShare">
		<divide>
			<unitNumerator>
				<measure>iso4217:TWD</measure>
			</unitNumerator>
			<unitDenominator>
				<measure>xbrli:shares</measure>
			</unitDenominator>
		</divide>
	</unit>
	<tw-gaap-ci:CashCashEquivalents contextRef="AsOf20120331" decimals="-3" unitRef="TWD">44830000</tw-gaap-ci:CashCashEquivalents>
	<tw-gaap-ci:CashCashEquivalents contextRef="AsOf20110331" decimals="-3" unitRef="TWD">138988000</tw-gaap-ci:CashCashEquivalents>
	<tw-gaap-ci:NetNotesReceivable contextRef="AsOf20120331" decimals="-3" unitRef="TWD">326250000</tw-gaap-ci:NetNotesReceivable>
	<tw-gaap-ci:NetNotesReceivable contextRef="AsOf20110331" decimals="-3" unitRef="TWD">283138000</tw-gaap-ci:NetNotesReceivable>
	<tw-gaap-ci:NetAccountsReceivable contextRef="AsOf20120331" decimals="-3" unitRef="TWD">625380000</tw-gaap-ci:NetAccountsReceivable>
	<tw-gaap-ci:NetAccountsReceivable contextRef="AsOf20110331" decimals="-3" unitRef="TWD">575591000</tw-gaap-ci:NetAccountsReceivable>
	<tw-gaap-ci:NetAccountsReceivableRelatedParties contextRef="AsOf20120331" decimals="-3" unitRef="TWD">215945000</tw-gaap-ci:NetAccountsReceivableRelatedParties>
	<tw-gaap-ci:NetAccountsReceivableRelatedParties contextRef="AsOf20110331" decimals="-3" unitRef="TWD">219571000</tw-gaap-ci:NetAccountsReceivableRelatedParties>
	<tw-gaap-ci:OtherFinancialAssetsCurrent contextRef="AsOf20120331" decimals="-3" unitRef="TWD">1277000</tw-gaap-ci:OtherFinancialAssetsCurrent>
	<tw-gaap-ci:OtherFinancialAssetsCurrent contextRef="AsOf20110331" decimals="-3" unitRef="TWD">1236000</tw-gaap-ci:OtherFinancialAssetsCurrent>
	<tw-gaap-ci:Inventories contextRef="AsOf20120331" decimals="-3" unitRef="TWD">1171265000</tw-gaap-ci:Inventories>
	<tw-gaap-ci:Inventories contextRef="AsOf20110331" decimals="-3" unitRef="TWD">1018104000</tw-gaap-ci:Inventories>
	<tw-gaap-ci:OtherPrepayments contextRef="AsOf20120331" decimals="-3" unitRef="TWD">52632000</tw-gaap-ci:OtherPrepayments>
	<tw-gaap-ci:OtherPrepayments contextRef="AsOf20110331" decimals="-3" unitRef="TWD">25794000</tw-gaap-ci:OtherPrepayments>
	<tw-gaap-ci:DeferredIncomeTaxAssetsCurrent contextRef="AsOf20120331" decimals="-3" unitRef="TWD">874000</tw-gaap-ci:DeferredIncomeTaxAssetsCurrent>
	<tw-gaap-ci:DeferredIncomeTaxAssetsCurrent contextRef="AsOf20110331" decimals="-3" unitRef="TWD">937000</tw-gaap-ci:DeferredIncomeTaxAssetsCurrent>
	<tw-gaap-ci:RestrictedCurrentAssets contextRef="AsOf20120331" decimals="-3" unitRef="TWD">84000000</tw-gaap-ci:RestrictedCurrentAssets>
	<tw-gaap-ci:RestrictedCurrentAssets contextRef="AsOf20110331" decimals="-3" unitRef="TWD">39000000</tw-gaap-ci:RestrictedCurrentAssets>
	<tw-gaap-ci:OthercurrentAssetsOther contextRef="AsOf20120331" decimals="-3" unitRef="TWD">47702000</tw-gaap-ci:OthercurrentAssetsOther>
	<tw-gaap-ci:OthercurrentAssetsOther contextRef="AsOf20110331" decimals="-3" unitRef="TWD">26578000</tw-gaap-ci:OthercurrentAssetsOther>
	<tw-gaap-ci:OtherCurrentAssets contextRef="AsOf20120331" decimals="-3" unitRef="TWD">132576000</tw-gaap-ci:OtherCurrentAssets>
	<tw-gaap-ci:OtherCurrentAssets contextRef="AsOf20110331" decimals="-3" unitRef="TWD">66515000</tw-gaap-ci:OtherCurrentAssets>
	<tw-gaap-ci:CurrentAssets contextRef="AsOf20120331" decimals="-3" unitRef="TWD">2570155000</tw-gaap-ci:CurrentAssets>
	<tw-gaap-ci:CurrentAssets contextRef="AsOf20110331" decimals="-3" unitRef="TWD">2328937000</tw-gaap-ci:CurrentAssets>
	<tw-gaap-ci:NetFinancialAssetsCarriedCostNonCurrent contextRef="AsOf20120331" decimals="-3" unitRef="TWD">9677000</tw-gaap-ci:NetFinancialAssetsCarriedCostNonCurrent>
	<tw-gaap-ci:NetFinancialAssetsCarriedCostNonCurrent contextRef="AsOf20110331" decimals="-3" unitRef="TWD">9677000</tw-gaap-ci:NetFinancialAssetsCarriedCostNonCurrent>
	<tw-gaap-ci:LongtermInvestmentsEquity contextRef="AsOf20120331" decimals="-3" unitRef="TWD">1051983000</tw-gaap-ci:LongtermInvestmentsEquity>
	<tw-gaap-ci:LongtermInvestmentsEquity contextRef="AsOf20110331" decimals="-3" unitRef="TWD">1020883000</tw-gaap-ci:LongtermInvestmentsEquity>
	<tw-gaap-ci:LongtermInvestments contextRef="AsOf20120331" decimals="-3" unitRef="TWD">1051983000</tw-gaap-ci:LongtermInvestments>
	<tw-gaap-ci:LongtermInvestments contextRef="AsOf20110331" decimals="-3" unitRef="TWD">1020883000</tw-gaap-ci:LongtermInvestments>
	<tw-gaap-ci:FundsInvestments contextRef="AsOf20120331" decimals="-3" unitRef="TWD">1061660000</tw-gaap-ci:FundsInvestments>
	<tw-gaap-ci:FundsInvestments contextRef="AsOf20110331" decimals="-3" unitRef="TWD">1030560000</tw-gaap-ci:FundsInvestments>
	<tw-gaap-ci:Land contextRef="AsOf20120331" decimals="-3" unitRef="TWD">411127000</tw-gaap-ci:Land>
	<tw-gaap-ci:Land contextRef="AsOf20110331" decimals="-3" unitRef="TWD">419788000</tw-gaap-ci:Land>
	<tw-gaap-ci:BuildingsStructures contextRef="AsOf20120331" decimals="-3" unitRef="TWD">237310000</tw-gaap-ci:BuildingsStructures>
	<tw-gaap-ci:BuildingsStructures contextRef="AsOf20110331" decimals="-3" unitRef="TWD">248972000</tw-gaap-ci:BuildingsStructures>
	<tw-gaap-ci:MachineryEquipment contextRef="AsOf20120331" decimals="-3" unitRef="TWD">347955000</tw-gaap-ci:MachineryEquipment>
	<tw-gaap-ci:MachineryEquipment contextRef="AsOf20110331" decimals="-3" unitRef="TWD">344440000</tw-gaap-ci:MachineryEquipment>
	<tw-gaap-ci:TestingEquipment contextRef="AsOf20120331" decimals="-3" unitRef="TWD">10403000</tw-gaap-ci:TestingEquipment>
	<tw-gaap-ci:TestingEquipment contextRef="AsOf20110331" decimals="-3" unitRef="TWD">9384000</tw-gaap-ci:TestingEquipment>
	<tw-gaap-ci:TransportationEquipment contextRef="AsOf20120331" decimals="-3" unitRef="TWD">35092000</tw-gaap-ci:TransportationEquipment>
	<tw-gaap-ci:TransportationEquipment contextRef="AsOf20110331" decimals="-3" unitRef="TWD">33122000</tw-gaap-ci:TransportationEquipment>
	<tw-gaap-ci:OtherFacilities contextRef="AsOf20120331" decimals="-3" unitRef="TWD">226062000</tw-gaap-ci:OtherFacilities>
	<tw-gaap-ci:OtherFacilities contextRef="AsOf20110331" decimals="-3" unitRef="TWD">216193000</tw-gaap-ci:OtherFacilities>
	<tw-gaap-ci:FixedAssetsOriginalCosts contextRef="AsOf20120331" decimals="-3" unitRef="TWD">1267949000</tw-gaap-ci:FixedAssetsOriginalCosts>
	<tw-gaap-ci:FixedAssetsOriginalCosts contextRef="AsOf20110331" decimals="-3" unitRef="TWD">1271899000</tw-gaap-ci:FixedAssetsOriginalCosts>
	<tw-gaap-ci:RevaluationIncrement contextRef="AsOf20120331" decimals="-3" unitRef="TWD">292208000</tw-gaap-ci:RevaluationIncrement>
	<tw-gaap-ci:RevaluationIncrement contextRef="AsOf20110331" decimals="-3" unitRef="TWD">264317000</tw-gaap-ci:RevaluationIncrement>
	<tw-gaap-ci:CostsRevaluationIncrement contextRef="AsOf20120331" decimals="-3" unitRef="TWD">1560157000</tw-gaap-ci:CostsRevaluationIncrement>
	<tw-gaap-ci:CostsRevaluationIncrement contextRef="AsOf20110331" decimals="-3" unitRef="TWD">1536216000</tw-gaap-ci:CostsRevaluationIncrement>
	<tw-gaap-ci:AccumulatedDepreciation contextRef="AsOf20120331" decimals="-3" unitRef="TWD">595641000</tw-gaap-ci:AccumulatedDepreciation>
	<tw-gaap-ci:AccumulatedDepreciation contextRef="AsOf20110331" decimals="-3" unitRef="TWD">558226000</tw-gaap-ci:AccumulatedDepreciation>
	<tw-gaap-ci:ConstructionProcessPrepaymentEquipments contextRef="AsOf20120331" decimals="-3" unitRef="TWD">6169000</tw-gaap-ci:ConstructionProcessPrepaymentEquipments>
	<tw-gaap-ci:ConstructionProcessPrepaymentEquipments contextRef="AsOf20110331" decimals="-3" unitRef="TWD">204000</tw-gaap-ci:ConstructionProcessPrepaymentEquipments>
	<tw-gaap-ci:FixedAssets contextRef="AsOf20120331" decimals="-3" unitRef="TWD">970685000</tw-gaap-ci:FixedAssets>
	<tw-gaap-ci:FixedAssets contextRef="AsOf20110331" decimals="-3" unitRef="TWD">978194000</tw-gaap-ci:FixedAssets>
	<tw-gaap-ci:NetIdledAssets contextRef="AsOf20120331" decimals="-3" unitRef="TWD">38987000</tw-gaap-ci:NetIdledAssets>
	<tw-gaap-ci:NetIdledAssets contextRef="AsOf20110331" decimals="-3" unitRef="TWD">17552000</tw-gaap-ci:NetIdledAssets>
	<tw-gaap-ci:GuaranteeDepositsPaid contextRef="AsOf20120331" decimals="-3" unitRef="TWD">15095000</tw-gaap-ci:GuaranteeDepositsPaid>
	<tw-gaap-ci:GuaranteeDepositsPaid contextRef="AsOf20110331" decimals="-3" unitRef="TWD">5206000</tw-gaap-ci:GuaranteeDepositsPaid>
	<tw-gaap-ci:DeferredIncomeTaxAssetsNonCurrent contextRef="AsOf20120331" decimals="-3" unitRef="TWD">89344000</tw-gaap-ci:DeferredIncomeTaxAssetsNonCurrent>
	<tw-gaap-ci:DeferredIncomeTaxAssetsNonCurrent contextRef="AsOf20110331" decimals="-3" unitRef="TWD">84449000</tw-gaap-ci:DeferredIncomeTaxAssetsNonCurrent>
	<tw-gaap-ci:OtherAssetsOther_OtherAssetsOther contextRef="AsOf20120331" decimals="-3" unitRef="TWD">2799000</tw-gaap-ci:OtherAssetsOther_OtherAssetsOther>
	<tw-gaap-ci:OtherAssetsOther_OtherAssetsOther contextRef="AsOf20110331" decimals="-3" unitRef="TWD">4101000</tw-gaap-ci:OtherAssetsOther_OtherAssetsOther>
	<tw-gaap-ci:OtherAssetsOther contextRef="AsOf20120331" decimals="-3" unitRef="TWD">2799000</tw-gaap-ci:OtherAssetsOther>
	<tw-gaap-ci:OtherAssetsOther contextRef="AsOf20110331" decimals="-3" unitRef="TWD">4101000</tw-gaap-ci:OtherAssetsOther>
	<tw-gaap-ci:OtherAssets contextRef="AsOf20120331" decimals="-3" unitRef="TWD">146225000</tw-gaap-ci:OtherAssets>
	<tw-gaap-ci:OtherAssets contextRef="AsOf20110331" decimals="-3" unitRef="TWD">111308000</tw-gaap-ci:OtherAssets>
	<tw-gaap-ci:Assets contextRef="AsOf20120331" decimals="-3" unitRef="TWD">4748725000</tw-gaap-ci:Assets>
	<tw-gaap-ci:Assets contextRef="AsOf20110331" decimals="-3" unitRef="TWD">4448999000</tw-gaap-ci:Assets>
	<tw-gaap-ci:ShortTermBorrowings contextRef="AsOf20120331" decimals="-3" unitRef="TWD">328003000</tw-gaap-ci:ShortTermBorrowings>
	<tw-gaap-ci:ShortTermBorrowings contextRef="AsOf20110331" decimals="-3" unitRef="TWD">39131000</tw-gaap-ci:ShortTermBorrowings>
	<tw-gaap-ci:ShorttermNotesBillsPayable contextRef="AsOf20120331" decimals="-3" unitRef="TWD">59959000</tw-gaap-ci:ShorttermNotesBillsPayable>
	<tw-gaap-ci:ShorttermNotesBillsPayable contextRef="AsOf20110331" decimals="-3" unitRef="TWD">149972000</tw-gaap-ci:ShorttermNotesBillsPayable>
	<tw-gaap-ci:FinancialLiabilitiesMeasuredFairValueProfitLossCurrent contextRef="AsOf20120331" decimals="-3" unitRef="TWD">1406000</tw-gaap-ci:FinancialLiabilitiesMeasuredFairValueProfitLossCurrent>
	<tw-gaap-ci:FinancialLiabilitiesMeasuredFairValueProfitLossCurrent contextRef="AsOf20110331" decimals="-3" unitRef="TWD">1420000</tw-gaap-ci:FinancialLiabilitiesMeasuredFairValueProfitLossCurrent>
	<tw-gaap-ci:NotesPayable contextRef="AsOf20120331" decimals="-3" unitRef="TWD">11510000</tw-gaap-ci:NotesPayable>
	<tw-gaap-ci:NotesPayable contextRef="AsOf20110331" decimals="-3" unitRef="TWD">10100000</tw-gaap-ci:NotesPayable>
	<tw-gaap-ci:AccountsPayable contextRef="AsOf20120331" decimals="-3" unitRef="TWD">328849000</tw-gaap-ci:AccountsPayable>
	<tw-gaap-ci:AccountsPayable contextRef="AsOf20110331" decimals="-3" unitRef="TWD">270136000</tw-gaap-ci:AccountsPayable>
	<tw-gaap-ci:AccountsPayableRelatedParties contextRef="AsOf20120331" decimals="-3" unitRef="TWD">49405000</tw-gaap-ci:AccountsPayableRelatedParties>
	<tw-gaap-ci:AccountsPayableRelatedParties contextRef="AsOf20110331" decimals="-3" unitRef="TWD">48974000</tw-gaap-ci:AccountsPayableRelatedParties>
	<tw-gaap-ci:IncomeTaxPayable contextRef="AsOf20120331" decimals="-3" unitRef="TWD">7775000</tw-gaap-ci:IncomeTaxPayable>
	<tw-gaap-ci:IncomeTaxPayable contextRef="AsOf20110331" decimals="-3" unitRef="TWD">9432000</tw-gaap-ci:IncomeTaxPayable>
	<tw-gaap-ci:AccruedExpenses contextRef="AsOf20120331" decimals="-3" unitRef="TWD">37015000</tw-gaap-ci:AccruedExpenses>
	<tw-gaap-ci:AccruedExpenses contextRef="AsOf20110331" decimals="-3" unitRef="TWD">38918000</tw-gaap-ci:AccruedExpenses>
	<tw-gaap-ci:LongtermBorrowingsCurrentPortion contextRef="AsOf20120331" decimals="-3" unitRef="TWD">401023000</tw-gaap-ci:LongtermBorrowingsCurrentPortion>
	<tw-gaap-ci:LongtermBorrowingsCurrentPortion contextRef="AsOf20110331" decimals="-3" unitRef="TWD">378295000</tw-gaap-ci:LongtermBorrowingsCurrentPortion>
	<tw-gaap-ci:LongtermLiabilitiesCurrentPortion contextRef="AsOf20120331" decimals="-3" unitRef="TWD">401023000</tw-gaap-ci:LongtermLiabilitiesCurrentPortion>
	<tw-gaap-ci:LongtermLiabilitiesCurrentPortion contextRef="AsOf20110331" decimals="-3" unitRef="TWD">378295000</tw-gaap-ci:LongtermLiabilitiesCurrentPortion>
	<tw-gaap-ci:OtherCurrentLiabilities contextRef="AsOf20120331" decimals="-3" unitRef="TWD">1642000</tw-gaap-ci:OtherCurrentLiabilities>
	<tw-gaap-ci:OtherCurrentLiabilities contextRef="AsOf20110331" decimals="-3" unitRef="TWD">2073000</tw-gaap-ci:OtherCurrentLiabilities>
	<tw-gaap-ci:CurrentLiabilities contextRef="AsOf20120331" decimals="-3" unitRef="TWD">1226587000</tw-gaap-ci:CurrentLiabilities>
	<tw-gaap-ci:CurrentLiabilities contextRef="AsOf20110331" decimals="-3" unitRef="TWD">948451000</tw-gaap-ci:CurrentLiabilities>
	<tw-gaap-ci:LongtermBorrowings contextRef="AsOf20120331" decimals="-3" unitRef="TWD">1060000000</tw-gaap-ci:LongtermBorrowings>
	<tw-gaap-ci:LongtermBorrowings contextRef="AsOf20110331" decimals="-3" unitRef="TWD">1000000000</tw-gaap-ci:LongtermBorrowings>
	<tw-gaap-ci:LongTermLiabilities contextRef="AsOf20120331" decimals="-3" unitRef="TWD">1060000000</tw-gaap-ci:LongTermLiabilities>
	<tw-gaap-ci:LongTermLiabilities contextRef="AsOf20110331" decimals="-3" unitRef="TWD">1000000000</tw-gaap-ci:LongTermLiabilities>
	<tw-gaap-ci:ReserveLandRevaluationIncrementTax contextRef="AsOf20120331" decimals="-3" unitRef="TWD">95560000</tw-gaap-ci:ReserveLandRevaluationIncrementTax>
	<tw-gaap-ci:ReserveLandRevaluationIncrementTax contextRef="AsOf20110331" decimals="-3" unitRef="TWD">100296000</tw-gaap-ci:ReserveLandRevaluationIncrementTax>
	<tw-gaap-ci:Reserves contextRef="AsOf20120331" decimals="-3" unitRef="TWD">95560000</tw-gaap-ci:Reserves>
	<tw-gaap-ci:Reserves contextRef="AsOf20110331" decimals="-3" unitRef="TWD">100296000</tw-gaap-ci:Reserves>
	<tw-gaap-ci:PensionReserve contextRef="AsOf20120331" decimals="-3" unitRef="TWD">66805000</tw-gaap-ci:PensionReserve>
	<tw-gaap-ci:PensionReserve contextRef="AsOf20110331" decimals="-3" unitRef="TWD">69877000</tw-gaap-ci:PensionReserve>
	<tw-gaap-ci:GuaranteeDepositsReceived contextRef="AsOf20120331" decimals="-3" unitRef="TWD">30733000</tw-gaap-ci:GuaranteeDepositsReceived>
	<tw-gaap-ci:GuaranteeDepositsReceived contextRef="AsOf20110331" decimals="-3" unitRef="TWD">26573000</tw-gaap-ci:GuaranteeDepositsReceived>
	<tw-gaap-ci:DeferredCreditsGainsonInterAffiliateAccounts contextRef="AsOf20120331" decimals="-3" unitRef="TWD">3965000</tw-gaap-ci:DeferredCreditsGainsonInterAffiliateAccounts>
	<tw-gaap-ci:DeferredCreditsGainsonInterAffiliateAccounts contextRef="AsOf20110331" decimals="-3" unitRef="TWD">4437000</tw-gaap-ci:DeferredCreditsGainsonInterAffiliateAccounts>
	<tw-gaap-ci:OtherLiabilitiesOther contextRef="AsOf20120331" decimals="-3" unitRef="TWD">3965000</tw-gaap-ci:OtherLiabilitiesOther>
	<tw-gaap-ci:OtherLiabilitiesOther contextRef="AsOf20110331" decimals="-3" unitRef="TWD">4437000</tw-gaap-ci:OtherLiabilitiesOther>
	<tw-gaap-ci:OtherLiabilities contextRef="AsOf20120331" decimals="-3" unitRef="TWD">101503000</tw-gaap-ci:OtherLiabilities>
	<tw-gaap-ci:OtherLiabilities contextRef="AsOf20110331" decimals="-3" unitRef="TWD">100887000</tw-gaap-ci:OtherLiabilities>
	<tw-gaap-ci:Liabilities contextRef="AsOf20120331" decimals="-3" unitRef="TWD">2483650000</tw-gaap-ci:Liabilities>
	<tw-gaap-ci:Liabilities contextRef="AsOf20110331" decimals="-3" unitRef="TWD">2149634000</tw-gaap-ci:Liabilities>
	<tw-gaap-ci:CommonStock contextRef="AsOf20120331" decimals="-3" unitRef="TWD">1819011000</tw-gaap-ci:CommonStock>
	<tw-gaap-ci:CommonStock contextRef="AsOf20110331" decimals="-3" unitRef="TWD">1749049000</tw-gaap-ci:CommonStock>
	<tw-gaap-ci:AdvanceReceiptsCommonStock contextRef="AsOf20120331" decimals="-3" unitRef="TWD">76000</tw-gaap-ci:AdvanceReceiptsCommonStock>
	<tw-gaap-ci:AdvanceReceiptsCommonStock contextRef="AsOf20110331" decimals="-3" unitRef="TWD">0</tw-gaap-ci:AdvanceReceiptsCommonStock>
	<tw-gaap-ci:Capital contextRef="AsOf20120331" decimals="-3" unitRef="TWD">1819087000</tw-gaap-ci:Capital>
	<tw-gaap-ci:Capital contextRef="AsOf20110331" decimals="-3" unitRef="TWD">1749049000</tw-gaap-ci:Capital>
	<tw-gaap-ci:CapitalSurplusAdditionalPaidCapitalCommonStock contextRef="AsOf20120331" decimals="-3" unitRef="TWD">95874000</tw-gaap-ci:CapitalSurplusAdditionalPaidCapitalCommonStock>
	<tw-gaap-ci:CapitalSurplusAdditionalPaidCapitalCommonStock contextRef="AsOf20110331" decimals="-3" unitRef="TWD">94029000</tw-gaap-ci:CapitalSurplusAdditionalPaidCapitalCommonStock>
	<tw-gaap-ci:CapitalSurplusAdditionalPaidCapitalBondConversion contextRef="AsOf20120331" decimals="-3" unitRef="TWD">28762000</tw-gaap-ci:CapitalSurplusAdditionalPaidCapitalBondConversion>
	<tw-gaap-ci:CapitalSurplusAdditionalPaidCapitalBondConversion contextRef="AsOf20110331" decimals="-3" unitRef="TWD">28735000</tw-gaap-ci:CapitalSurplusAdditionalPaidCapitalBondConversion>
	<tw-gaap-ci:CapitalSurplusAdditionalPaidCapital contextRef="AsOf20120331" decimals="-3" unitRef="TWD">124636000</tw-gaap-ci:CapitalSurplusAdditionalPaidCapital>
	<tw-gaap-ci:CapitalSurplusAdditionalPaidCapital contextRef="AsOf20110331" decimals="-3" unitRef="TWD">122764000</tw-gaap-ci:CapitalSurplusAdditionalPaidCapital>
	<tw-gaap-ci:CapitalSurplusLongTermEquityInvestments contextRef="AsOf20120331" decimals="-3" unitRef="TWD">783000</tw-gaap-ci:CapitalSurplusLongTermEquityInvestments>
	<tw-gaap-ci:CapitalSurplusLongTermEquityInvestments contextRef="AsOf20110331" decimals="-3" unitRef="TWD">783000</tw-gaap-ci:CapitalSurplusLongTermEquityInvestments>
	<tw-gaap-ci:CapitalSurplusStockOption contextRef="AsOf20120331" decimals="-3" unitRef="TWD">27384000</tw-gaap-ci:CapitalSurplusStockOption>
	<tw-gaap-ci:CapitalSurplusStockOption contextRef="AsOf20110331" decimals="-3" unitRef="TWD">29236000</tw-gaap-ci:CapitalSurplusStockOption>
	<tw-gaap-ci:CapitalSurplus contextRef="AsOf20120331" decimals="-3" unitRef="TWD">152803000</tw-gaap-ci:CapitalSurplus>
	<tw-gaap-ci:CapitalSurplus contextRef="AsOf20110331" decimals="-3" unitRef="TWD">152783000</tw-gaap-ci:CapitalSurplus>
	<tw-gaap-ci:LegalReserve contextRef="AsOf20120331" decimals="-3" unitRef="TWD">25078000</tw-gaap-ci:LegalReserve>
	<tw-gaap-ci:LegalReserve contextRef="AsOf20110331" decimals="-3" unitRef="TWD">7141000</tw-gaap-ci:LegalReserve>
	<tw-gaap-ci:UnappropriatedRetainedEarnings contextRef="AsOf20120331" decimals="-3" unitRef="TWD">62188000</tw-gaap-ci:UnappropriatedRetainedEarnings>
	<tw-gaap-ci:UnappropriatedRetainedEarnings contextRef="AsOf20110331" decimals="-3" unitRef="TWD">228729000</tw-gaap-ci:UnappropriatedRetainedEarnings>
	<tw-gaap-ci:RetainedEarnings contextRef="AsOf20120331" decimals="-3" unitRef="TWD">87266000</tw-gaap-ci:RetainedEarnings>
	<tw-gaap-ci:RetainedEarnings contextRef="AsOf20110331" decimals="-3" unitRef="TWD">235870000</tw-gaap-ci:RetainedEarnings>
	<tw-gaap-ci:CumulativeTranslationAdjustments contextRef="AsOf20120331" decimals="-3" unitRef="TWD">19580000</tw-gaap-ci:CumulativeTranslationAdjustments>
	<tw-gaap-ci:CumulativeTranslationAdjustments contextRef="AsOf20110331" decimals="-3" unitRef="TWD">11249000</tw-gaap-ci:CumulativeTranslationAdjustments>
	<tw-gaap-ci:NetLossNotRecognizedPensionCost contextRef="AsOf20120331" decimals="-3" unitRef="TWD">4310000</tw-gaap-ci:NetLossNotRecognizedPensionCost>
	<tw-gaap-ci:NetLossNotRecognizedPensionCost contextRef="AsOf20110331" decimals="-3" unitRef="TWD">7608000</tw-gaap-ci:NetLossNotRecognizedPensionCost>
	<tw-gaap-ci:UnrealizedRevaluationIncrement contextRef="AsOf20120331" decimals="-3" unitRef="TWD">190649000</tw-gaap-ci:UnrealizedRevaluationIncrement>
	<tw-gaap-ci:UnrealizedRevaluationIncrement contextRef="AsOf20110331" decimals="-3" unitRef="TWD">158022000</tw-gaap-ci:UnrealizedRevaluationIncrement>
	<tw-gaap-ci:StockholdersEquitiesAdjustments contextRef="AsOf20120331" decimals="-3" unitRef="TWD">205919000</tw-gaap-ci:StockholdersEquitiesAdjustments>
	<tw-gaap-ci:StockholdersEquitiesAdjustments contextRef="AsOf20110331" decimals="-3" unitRef="TWD">161663000</tw-gaap-ci:StockholdersEquitiesAdjustments>
	<tw-gaap-ci:StockholdersEquities contextRef="AsOf20120331" decimals="-3" unitRef="TWD">2265075000</tw-gaap-ci:StockholdersEquities>
	<tw-gaap-ci:StockholdersEquities contextRef="AsOf20110331" decimals="-3" unitRef="TWD">2299365000</tw-gaap-ci:StockholdersEquities>
	<tw-gaap-ci:EquivalentSharesOutstandingAdvanceReceiptsCommonStock contextRef="AsOf20120331" decimals="0" unitRef="Shares">7633</tw-gaap-ci:EquivalentSharesOutstandingAdvanceReceiptsCommonStock>
	<tw-gaap-ci:EquivalentSharesOutstandingAdvanceReceiptsCommonStock contextRef="AsOf20110331" decimals="0" unitRef="Shares">0</tw-gaap-ci:EquivalentSharesOutstandingAdvanceReceiptsCommonStock>
	<tw-gaap-ci:NumberTreasuryStockAcquiredCompanySubsidiaries contextRef="AsOf20120331" decimals="0" unitRef="Shares">0</tw-gaap-ci:NumberTreasuryStockAcquiredCompanySubsidiaries>
	<tw-gaap-ci:NumberTreasuryStockAcquiredCompanySubsidiaries contextRef="AsOf20110331" decimals="0" unitRef="Shares">0</tw-gaap-ci:NumberTreasuryStockAcquiredCompanySubsidiaries>
	<tw-gaap-ci:Sales contextRef="From20120101To20120331" decimals="-3" unitRef="TWD">2313685000</tw-gaap-ci:Sales>
	<tw-gaap-ci:Sales contextRef="From20110101To20110331" decimals="-3" unitRef="TWD">2270058000</tw-gaap-ci:Sales>
	<tw-gaap-ci:SalesReturns contextRef="From20120101To20120331" decimals="-3" unitRef="TWD">6443000</tw-gaap-ci:SalesReturns>
	<tw-gaap-ci:SalesReturns contextRef="From20110101To20110331" decimals="-3" unitRef="TWD">11470000</tw-gaap-ci:SalesReturns>
	<tw-gaap-ci:NetSales contextRef="From20120101To20120331" decimals="-3" unitRef="TWD">2307242000</tw-gaap-ci:NetSales>
	<tw-gaap-ci:NetSales contextRef="From20110101To20110331" decimals="-3" unitRef="TWD">2258588000</tw-gaap-ci:NetSales>
	<tw-gaap-ci:ProcessingFeesRevenue contextRef="From20120101To20120331" decimals="-3" unitRef="TWD">757000</tw-gaap-ci:ProcessingFeesRevenue>
	<tw-gaap-ci:ProcessingFeesRevenue contextRef="From20110101To20110331" decimals="-3" unitRef="TWD">749000</tw-gaap-ci:ProcessingFeesRevenue>
	<tw-gaap-ci:TotalServiceRevenue contextRef="From20120101To20120331" decimals="-3" unitRef="TWD">757000</tw-gaap-ci:TotalServiceRevenue>
	<tw-gaap-ci:TotalServiceRevenue contextRef="From20110101To20110331" decimals="-3" unitRef="TWD">749000</tw-gaap-ci:TotalServiceRevenue>
	<tw-gaap-ci:OperatingRevenue contextRef="From20120101To20120331" decimals="-3" unitRef="TWD">2307999000</tw-gaap-ci:OperatingRevenue>
	<tw-gaap-ci:OperatingRevenue contextRef="From20110101To20110331" decimals="-3" unitRef="TWD">2259337000</tw-gaap-ci:OperatingRevenue>
	<tw-gaap-ci:CostSales contextRef="From20120101To20120331" decimals="-3" unitRef="TWD">2232789000</tw-gaap-ci:CostSales>
	<tw-gaap-ci:CostSales contextRef="From20110101To20110331" decimals="-3" unitRef="TWD">2148552000</tw-gaap-ci:CostSales>
	<tw-gaap-ci:ProcessingCost contextRef="From20120101To20120331" decimals="-3" unitRef="TWD">705000</tw-gaap-ci:ProcessingCost>
	<tw-gaap-ci:ProcessingCost contextRef="From20110101To20110331" decimals="-3" unitRef="TWD">639000</tw-gaap-ci:ProcessingCost>
	<tw-gaap-ci:TotalCostServices contextRef="From20120101To20120331" decimals="-3" unitRef="TWD">705000</tw-gaap-ci:TotalCostServices>
	<tw-gaap-ci:TotalCostServices contextRef="From20110101To20110331" decimals="-3" unitRef="TWD">639000</tw-gaap-ci:TotalCostServices>
	<tw-gaap-ci:OperatingCosts contextRef="From20120101To20120331" decimals="-3" unitRef="TWD">2233494000</tw-gaap-ci:OperatingCosts>
	<tw-gaap-ci:OperatingCosts contextRef="From20110101To20110331" decimals="-3" unitRef="TWD">2149191000</tw-gaap-ci:OperatingCosts>
	<tw-gaap-ci:GrossProfitLossOperations contextRef="From20120101To20120331" decimals="-3" unitRef="TWD">74505000</tw-gaap-ci:GrossProfitLossOperations>
	<tw-gaap-ci:GrossProfitLossOperations contextRef="From20110101To20110331" decimals="-3" unitRef="TWD">110146000</tw-gaap-ci:GrossProfitLossOperations>
	<tw-gaap-ci:UnrealizedGainInterAffiliateAccounts contextRef="From20120101To20120331" decimals="-3" unitRef="TWD">395000</tw-gaap-ci:UnrealizedGainInterAffiliateAccounts>
	<tw-gaap-ci:UnrealizedGainInterAffiliateAccounts contextRef="From20110101To20110331" decimals="-3" unitRef="TWD">-176000</tw-gaap-ci:UnrealizedGainInterAffiliateAccounts>
	<tw-gaap-ci:Sellingexpense contextRef="From20120101To20120331" decimals="-3" unitRef="TWD">50907000</tw-gaap-ci:Sellingexpense>
	<tw-gaap-ci:Sellingexpense contextRef="From20110101To20110331" decimals="-3" unitRef="TWD">43643000</tw-gaap-ci:Sellingexpense>
	<tw-gaap-ci:GeneralAdministrativeExpenses contextRef="From20120101To20120331" decimals="-3" unitRef="TWD">17855000</tw-gaap-ci:GeneralAdministrativeExpenses>
	<tw-gaap-ci:GeneralAdministrativeExpenses contextRef="From20110101To20110331" decimals="-3" unitRef="TWD">22591000</tw-gaap-ci:GeneralAdministrativeExpenses>
	<tw-gaap-ci:OperatingExpenses contextRef="From20120101To20120331" decimals="-3" unitRef="TWD">68762000</tw-gaap-ci:OperatingExpenses>
	<tw-gaap-ci:OperatingExpenses contextRef="From20110101To20110331" decimals="-3" unitRef="TWD">66234000</tw-gaap-ci:OperatingExpenses>
	<tw-gaap-ci:OperatingIncomeLoss contextRef="From20120101To20120331" decimals="-3" unitRef="TWD">5348000</tw-gaap-ci:OperatingIncomeLoss>
	<tw-gaap-ci:OperatingIncomeLoss contextRef="From20110101To20110331" decimals="-3" unitRef="TWD">44088000</tw-gaap-ci:OperatingIncomeLoss>
	<tw-gaap-ci:InterestIncome contextRef="From20120101To20120331" decimals="-3" unitRef="TWD">157000</tw-gaap-ci:InterestIncome>
	<tw-gaap-ci:InterestIncome contextRef="From20110101To20110331" decimals="-3" unitRef="TWD">53000</tw-gaap-ci:InterestIncome>
	<tw-gaap-ci:InvestmentGainsRecognizedEquityMethod contextRef="From20120101To20120331" decimals="-3" unitRef="TWD">0</tw-gaap-ci:InvestmentGainsRecognizedEquityMethod>
	<tw-gaap-ci:InvestmentGainsRecognizedEquityMethod contextRef="From20110101To20110331" decimals="-3" unitRef="TWD">4283000</tw-gaap-ci:InvestmentGainsRecognizedEquityMethod>
	<tw-gaap-ci:InvestmentGains contextRef="From20120101To20120331" decimals="-3" unitRef="TWD">0</tw-gaap-ci:InvestmentGains>
	<tw-gaap-ci:InvestmentGains contextRef="From20110101To20110331" decimals="-3" unitRef="TWD">4283000</tw-gaap-ci:InvestmentGains>
	<tw-gaap-ci:GainsDisposalFixedAssets contextRef="From20120101To20120331" decimals="-3" unitRef="TWD">171000</tw-gaap-ci:GainsDisposalFixedAssets>
	<tw-gaap-ci:GainsDisposalFixedAssets contextRef="From20110101To20110331" decimals="-3" unitRef="TWD">116000</tw-gaap-ci:GainsDisposalFixedAssets>
	<tw-gaap-ci:ForeignExchangeGains contextRef="From20120101To20120331" decimals="-3" unitRef="TWD">3403000</tw-gaap-ci:ForeignExchangeGains>
	<tw-gaap-ci:ForeignExchangeGains contextRef="From20110101To20110331" decimals="-3" unitRef="TWD">7751000</tw-gaap-ci:ForeignExchangeGains>
	<tw-gaap-ci:RentIncome contextRef="From20120101To20120331" decimals="-3" unitRef="TWD">27000</tw-gaap-ci:RentIncome>
	<tw-gaap-ci:RentIncome contextRef="From20110101To20110331" decimals="-3" unitRef="TWD">31000</tw-gaap-ci:RentIncome>
	<tw-gaap-ci:MiscellaneousIncome contextRef="From20120101To20120331" decimals="-3" unitRef="TWD">489000</tw-gaap-ci:MiscellaneousIncome>
	<tw-gaap-ci:MiscellaneousIncome contextRef="From20110101To20110331" decimals="-3" unitRef="TWD">571000</tw-gaap-ci:MiscellaneousIncome>
	<tw-gaap-ci:NonOperatingIncomeGains contextRef="From20120101To20120331" decimals="-3" unitRef="TWD">4247000</tw-gaap-ci:NonOperatingIncomeGains>
	<tw-gaap-ci:NonOperatingIncomeGains contextRef="From20110101To20110331" decimals="-3" unitRef="TWD">12805000</tw-gaap-ci:NonOperatingIncomeGains>
	<tw-gaap-ci:InterestExpense contextRef="From20120101To20120331" decimals="-3" unitRef="TWD">6072000</tw-gaap-ci:InterestExpense>
	<tw-gaap-ci:InterestExpense contextRef="From20110101To20110331" decimals="-3" unitRef="TWD">5486000</tw-gaap-ci:InterestExpense>
	<tw-gaap-ci:NonOperatingExpensesInvestmentLoss contextRef="From20120101To20120331" decimals="-3" unitRef="TWD">11932000</tw-gaap-ci:NonOperatingExpensesInvestmentLoss>
	<tw-gaap-ci:NonOperatingExpensesInvestmentLoss contextRef="From20110101To20110331" decimals="-3" unitRef="TWD">0</tw-gaap-ci:NonOperatingExpensesInvestmentLoss>
	<tw-gaap-ci:MiscellaneousDisbursements contextRef="From20120101To20120331" decimals="-3" unitRef="TWD">2071000</tw-gaap-ci:MiscellaneousDisbursements>
	<tw-gaap-ci:MiscellaneousDisbursements contextRef="From20110101To20110331" decimals="-3" unitRef="TWD">2477000</tw-gaap-ci:MiscellaneousDisbursements>
	<tw-gaap-ci:NonOperatingExpenses contextRef="From20120101To20120331" decimals="-3" unitRef="TWD">20075000</tw-gaap-ci:NonOperatingExpenses>
	<tw-gaap-ci:NonOperatingExpenses contextRef="From20110101To20110331" decimals="-3" unitRef="TWD">7963000</tw-gaap-ci:NonOperatingExpenses>
	<tw-gaap-ci:IncomeContinuingOperationsBeforeIncomeTax contextRef="From20120101To20120331" decimals="-3" unitRef="TWD">-10480000</tw-gaap-ci:IncomeContinuingOperationsBeforeIncomeTax>
	<tw-gaap-ci:IncomeContinuingOperationsBeforeIncomeTax contextRef="From20110101To20110331" decimals="-3" unitRef="TWD">48930000</tw-gaap-ci:IncomeContinuingOperationsBeforeIncomeTax>
	<tw-gaap-ci:IncomeTaxExpenseBenefit contextRef="From20120101To20120331" decimals="-3" unitRef="TWD">-790000</tw-gaap-ci:IncomeTaxExpenseBenefit>
	<tw-gaap-ci:IncomeTaxExpenseBenefit contextRef="From20110101To20110331" decimals="-3" unitRef="TWD">6895000</tw-gaap-ci:IncomeTaxExpenseBenefit>
	<tw-gaap-ci:IncomeContinuingOperations contextRef="From20120101To20120331" decimals="-3" unitRef="TWD">-9690000</tw-gaap-ci:IncomeContinuingOperations>
	<tw-gaap-ci:IncomeContinuingOperations contextRef="From20110101To20110331" decimals="-3" unitRef="TWD">42035000</tw-gaap-ci:IncomeContinuingOperations>
	<tw-gaap-ci:NetIncomeLoss contextRef="From20120101To20120331" decimals="-3" unitRef="TWD">-9690000</tw-gaap-ci:NetIncomeLoss>
	<tw-gaap-ci:NetIncomeLoss contextRef="From20110101To20110331" decimals="-3" unitRef="TWD">42035000</tw-gaap-ci:NetIncomeLoss>
	<tw-gaap-ci:PrimaryEarningsPerShare contextRef="From20120101To20120331" decimals="2" unitRef="TWD">-0.05</tw-gaap-ci:PrimaryEarningsPerShare>
	<tw-gaap-ci:PrimaryEarningsPerShare contextRef="From20110101To20110331" decimals="2" unitRef="TWD">0.23</tw-gaap-ci:PrimaryEarningsPerShare>
	<tw-gaap-ci:DilutedEarningsPerShare contextRef="From20120101To20120331" decimals="2" unitRef="TWD">0.00</tw-gaap-ci:DilutedEarningsPerShare>
	<tw-gaap-ci:DilutedEarningsPerShare contextRef="From20110101To20110331" decimals="2" unitRef="TWD">0.21</tw-gaap-ci:DilutedEarningsPerShare>
	<tw-gaap-ci:NetIncomeLoss_StatementCashFlows contextRef="From20120101To20120331" decimals="-3" unitRef="TWD">-9690000</tw-gaap-ci:NetIncomeLoss_StatementCashFlows>
	<tw-gaap-ci:NetIncomeLoss_StatementCashFlows contextRef="From20110101To20110331" decimals="-3" unitRef="TWD">42035000</tw-gaap-ci:NetIncomeLoss_StatementCashFlows>
	<tw-gaap-ci:DepreciationExpense-Operating contextRef="From20120101To20120331" decimals="-3" unitRef="TWD">11072000</tw-gaap-ci:DepreciationExpense-Operating>
	<tw-gaap-ci:DepreciationExpense-Operating contextRef="From20110101To20110331" decimals="-3" unitRef="TWD">11473000</tw-gaap-ci:DepreciationExpense-Operating>
	<tw-gaap-ci:AmortizationDiscountsPremiumsBondsPayable contextRef="From20120101To20120331" decimals="-3" unitRef="TWD">1675000</tw-gaap-ci:AmortizationDiscountsPremiumsBondsPayable>
	<tw-gaap-ci:AmortizationDiscountsPremiumsBondsPayable contextRef="From20110101To20110331" decimals="-3" unitRef="TWD">1754000</tw-gaap-ci:AmortizationDiscountsPremiumsBondsPayable>
	<tw-gaap-ci:ChangesNetPensionCostUnappropriated contextRef="From20120101To20120331" decimals="-3" unitRef="TWD">97000</tw-gaap-ci:ChangesNetPensionCostUnappropriated>
	<tw-gaap-ci:ChangesNetPensionCostUnappropriated contextRef="From20110101To20110331" decimals="-3" unitRef="TWD">231000</tw-gaap-ci:ChangesNetPensionCostUnappropriated>
	<tw-gaap-ci:InvestmentLossIncomeRecognizedEquityMethod contextRef="From20120101To20120331" decimals="-3" unitRef="TWD">11932000</tw-gaap-ci:InvestmentLossIncomeRecognizedEquityMethod>
	<tw-gaap-ci:InvestmentLossIncomeRecognizedEquityMethod contextRef="From20110101To20110331" decimals="-3" unitRef="TWD">-4283000</tw-gaap-ci:InvestmentLossIncomeRecognizedEquityMethod>
	<tw-gaap-ci:GainLossDisposalScrappingFixedAssets contextRef="From20120101To20120331" decimals="-3" unitRef="TWD">-171000</tw-gaap-ci:GainLossDisposalScrappingFixedAssets>
	<tw-gaap-ci:GainLossDisposalScrappingFixedAssets contextRef="From20110101To20110331" decimals="-3" unitRef="TWD">-116000</tw-gaap-ci:GainLossDisposalScrappingFixedAssets>
	<tw-gaap-ci:LossGainDeferredIncomeTax contextRef="From20120101To20120331" decimals="-3" unitRef="TWD">-1424000</tw-gaap-ci:LossGainDeferredIncomeTax>
	<tw-gaap-ci:LossGainDeferredIncomeTax contextRef="From20110101To20110331" decimals="-3" unitRef="TWD">-1090000</tw-gaap-ci:LossGainDeferredIncomeTax>
	<tw-gaap-ci:AdjustmentsReconcileNetIncomeNetCashProvidedUsedOperatingActivities contextRef="From20120101To20120331" decimals="-3" unitRef="TWD">23181000</tw-gaap-ci:AdjustmentsReconcileNetIncomeNetCashProvidedUsedOperatingActivities>
	<tw-gaap-ci:AdjustmentsReconcileNetIncomeNetCashProvidedUsedOperatingActivities contextRef="From20110101To20110331" decimals="-3" unitRef="TWD">7969000</tw-gaap-ci:AdjustmentsReconcileNetIncomeNetCashProvidedUsedOperatingActivities>
	<tw-gaap-ci:ChangesNotesReceivable contextRef="From20120101To20120331" decimals="-3" unitRef="TWD">44500000</tw-gaap-ci:ChangesNotesReceivable>
	<tw-gaap-ci:ChangesNotesReceivable contextRef="From20110101To20110331" decimals="-3" unitRef="TWD">-176000</tw-gaap-ci:ChangesNotesReceivable>
	<tw-gaap-ci:ChangesAccountsReceivable contextRef="From20120101To20120331" decimals="-3" unitRef="TWD">14601000</tw-gaap-ci:ChangesAccountsReceivable>
	<tw-gaap-ci:ChangesAccountsReceivable contextRef="From20110101To20110331" decimals="-3" unitRef="TWD">37735000</tw-gaap-ci:ChangesAccountsReceivable>
	<tw-gaap-ci:ChangesAccountsReceivableRelatedParties contextRef="From20120101To20120331" decimals="-3" unitRef="TWD">48003000</tw-gaap-ci:ChangesAccountsReceivableRelatedParties>
	<tw-gaap-ci:ChangesAccountsReceivableRelatedParties contextRef="From20110101To20110331" decimals="-3" unitRef="TWD">-25144000</tw-gaap-ci:ChangesAccountsReceivableRelatedParties>
	<tw-gaap-ci:ChangesInventories contextRef="From20120101To20120331" decimals="-3" unitRef="TWD">-375516000</tw-gaap-ci:ChangesInventories>
	<tw-gaap-ci:ChangesInventories contextRef="From20110101To20110331" decimals="-3" unitRef="TWD">37192000</tw-gaap-ci:ChangesInventories>
	<tw-gaap-ci:ChangesOtherPrepayments contextRef="From20120101To20120331" decimals="-3" unitRef="TWD">-24046000</tw-gaap-ci:ChangesOtherPrepayments>
	<tw-gaap-ci:ChangesOtherPrepayments contextRef="From20110101To20110331" decimals="-3" unitRef="TWD">-9971000</tw-gaap-ci:ChangesOtherPrepayments>
	<tw-gaap-ci:ChangesOtherCurrentAssets_CI contextRef="From20120101To20120331" decimals="-3" unitRef="TWD">8443000</tw-gaap-ci:ChangesOtherCurrentAssets_CI>
	<tw-gaap-ci:ChangesOtherCurrentAssets_CI contextRef="From20110101To20110331" decimals="-3" unitRef="TWD">5925000</tw-gaap-ci:ChangesOtherCurrentAssets_CI>
	<tw-gaap-ci:ChangesOtherFinancialAssets_CI contextRef="From20120101To20120331" decimals="-3" unitRef="TWD">14605000</tw-gaap-ci:ChangesOtherFinancialAssets_CI>
	<tw-gaap-ci:ChangesOtherFinancialAssets_CI contextRef="From20110101To20110331" decimals="-3" unitRef="TWD">1246000</tw-gaap-ci:ChangesOtherFinancialAssets_CI>
	<tw-gaap-ci:ChangesOperatingAssets contextRef="From20120101To20120331" decimals="-3" unitRef="TWD">-269410000</tw-gaap-ci:ChangesOperatingAssets>
	<tw-gaap-ci:ChangesOperatingAssets contextRef="From20110101To20110331" decimals="-3" unitRef="TWD">46807000</tw-gaap-ci:ChangesOperatingAssets>
	<tw-gaap-ci:ChangesNotesPayable contextRef="From20120101To20120331" decimals="-3" unitRef="TWD">-20772000</tw-gaap-ci:ChangesNotesPayable>
	<tw-gaap-ci:ChangesNotesPayable contextRef="From20110101To20110331" decimals="-3" unitRef="TWD">-27532000</tw-gaap-ci:ChangesNotesPayable>
	<tw-gaap-ci:ChangesAccountsPayable contextRef="From20120101To20120331" decimals="-3" unitRef="TWD">47126000</tw-gaap-ci:ChangesAccountsPayable>
	<tw-gaap-ci:ChangesAccountsPayable contextRef="From20110101To20110331" decimals="-3" unitRef="TWD">63278000</tw-gaap-ci:ChangesAccountsPayable>
	<tw-gaap-ci:ChangesAccountsPayableRelatedParties contextRef="From20120101To20120331" decimals="-3" unitRef="TWD">-11992000</tw-gaap-ci:ChangesAccountsPayableRelatedParties>
	<tw-gaap-ci:ChangesAccountsPayableRelatedParties contextRef="From20110101To20110331" decimals="-3" unitRef="TWD">-6976000</tw-gaap-ci:ChangesAccountsPayableRelatedParties>
	<tw-gaap-ci:ChangesIncomeTaxPayable contextRef="From20120101To20120331" decimals="-3" unitRef="TWD">620000</tw-gaap-ci:ChangesIncomeTaxPayable>
	<tw-gaap-ci:ChangesIncomeTaxPayable contextRef="From20110101To20110331" decimals="-3" unitRef="TWD">7979000</tw-gaap-ci:ChangesIncomeTaxPayable>
	<tw-gaap-ci:ChangesAccruedExpenses contextRef="From20120101To20120331" decimals="-3" unitRef="TWD">6439000</tw-gaap-ci:ChangesAccruedExpenses>
	<tw-gaap-ci:ChangesAccruedExpenses contextRef="From20110101To20110331" decimals="-3" unitRef="TWD">-16875000</tw-gaap-ci:ChangesAccruedExpenses>
	<tw-gaap-ci:ChangesOtherCurrentLiabilities_CI contextRef="From20120101To20120331" decimals="-3" unitRef="TWD">-59000</tw-gaap-ci:ChangesOtherCurrentLiabilities_CI>
	<tw-gaap-ci:ChangesOtherCurrentLiabilities_CI contextRef="From20110101To20110331" decimals="-3" unitRef="TWD">-26000</tw-gaap-ci:ChangesOtherCurrentLiabilities_CI>
	<tw-gaap-ci:ChangesOperatingLiabilities contextRef="From20120101To20120331" decimals="-3" unitRef="TWD">21362000</tw-gaap-ci:ChangesOperatingLiabilities>
	<tw-gaap-ci:ChangesOperatingLiabilities contextRef="From20110101To20110331" decimals="-3" unitRef="TWD">19848000</tw-gaap-ci:ChangesOperatingLiabilities>
	<tw-gaap-ci:ChangesOperatingAssetsLiabilities contextRef="From20120101To20120331" decimals="-3" unitRef="TWD">-248048000</tw-gaap-ci:ChangesOperatingAssetsLiabilities>
	<tw-gaap-ci:ChangesOperatingAssetsLiabilities contextRef="From20110101To20110331" decimals="-3" unitRef="TWD">66655000</tw-gaap-ci:ChangesOperatingAssetsLiabilities>
	<tw-gaap-ci:NetCashProvidedUsedOperatingActivities contextRef="From20120101To20120331" decimals="-3" unitRef="TWD">-234557000</tw-gaap-ci:NetCashProvidedUsedOperatingActivities>
	<tw-gaap-ci:NetCashProvidedUsedOperatingActivities contextRef="From20110101To20110331" decimals="-3" unitRef="TWD">116659000</tw-gaap-ci:NetCashProvidedUsedOperatingActivities>
	<tw-gaap-ci:AcquisitionPropertyPlantEquipment contextRef="From20120101To20120331" decimals="-3" unitRef="TWD">-5804000</tw-gaap-ci:AcquisitionPropertyPlantEquipment>
	<tw-gaap-ci:AcquisitionPropertyPlantEquipment contextRef="From20110101To20110331" decimals="-3" unitRef="TWD">-3120000</tw-gaap-ci:AcquisitionPropertyPlantEquipment>
	<tw-gaap-ci:ChangesRefundableDeposits contextRef="From20120101To20120331" decimals="-3" unitRef="TWD">-1558000</tw-gaap-ci:ChangesRefundableDeposits>
	<tw-gaap-ci:ChangesRefundableDeposits contextRef="From20110101To20110331" decimals="-3" unitRef="TWD">3574000</tw-gaap-ci:ChangesRefundableDeposits>
	<tw-gaap-ci:ChangesRestrictedAssets contextRef="From20120101To20120331" decimals="-3" unitRef="TWD">-45000000</tw-gaap-ci:ChangesRestrictedAssets>
	<tw-gaap-ci:ChangesRestrictedAssets contextRef="From20110101To20110331" decimals="-3" unitRef="TWD">0</tw-gaap-ci:ChangesRestrictedAssets>
	<tw-gaap-ci:NetCashProvidedUsedInvestingActivities contextRef="From20120101To20120331" decimals="-3" unitRef="TWD">-52362000</tw-gaap-ci:NetCashProvidedUsedInvestingActivities>
	<tw-gaap-ci:NetCashProvidedUsedInvestingActivities contextRef="From20110101To20110331" decimals="-3" unitRef="TWD">454000</tw-gaap-ci:NetCashProvidedUsedInvestingActivities>
	<tw-gaap-ci:ChangesShortTermLoans contextRef="From20120101To20120331" decimals="-3" unitRef="TWD">165874000</tw-gaap-ci:ChangesShortTermLoans>
	<tw-gaap-ci:ChangesShortTermLoans contextRef="From20110101To20110331" decimals="-3" unitRef="TWD">7192000</tw-gaap-ci:ChangesShortTermLoans>
	<tw-gaap-ci:ChangeShorttermNotesBillsPayable contextRef="From20120101To20120331" decimals="-3" unitRef="TWD">59959000</tw-gaap-ci:ChangeShorttermNotesBillsPayable>
	<tw-gaap-ci:ChangeShorttermNotesBillsPayable contextRef="From20110101To20110331" decimals="-3" unitRef="TWD">-99850000</tw-gaap-ci:ChangeShorttermNotesBillsPayable>
	<tw-gaap-ci:ChangesGuaranteeDepositsReceived contextRef="From20120101To20120331" decimals="-3" unitRef="TWD">27733000</tw-gaap-ci:ChangesGuaranteeDepositsReceived>
	<tw-gaap-ci:ChangesGuaranteeDepositsReceived contextRef="From20110101To20110331" decimals="-3" unitRef="TWD">21573000</tw-gaap-ci:ChangesGuaranteeDepositsReceived>
	<tw-gaap-ci:NetCashProvidedUsedFinancingActivities contextRef="From20120101To20120331" decimals="-3" unitRef="TWD">253566000</tw-gaap-ci:NetCashProvidedUsedFinancingActivities>
	<tw-gaap-ci:NetCashProvidedUsedFinancingActivities contextRef="From20110101To20110331" decimals="-3" unitRef="TWD">-71085000</tw-gaap-ci:NetCashProvidedUsedFinancingActivities>
	<tw-gaap-ci:NetChangesCashCashEquivalents contextRef="From20120101To20120331" decimals="-3" unitRef="TWD">-33353000</tw-gaap-ci:NetChangesCashCashEquivalents>
	<tw-gaap-ci:NetChangesCashCashEquivalents contextRef="From20110101To20110331" decimals="-3" unitRef="TWD">46028000</tw-gaap-ci:NetChangesCashCashEquivalents>
	<tw-gaap-ci:CashCashEquivalents contextRef="AsOf20120101" decimals="-3" unitRef="TWD">78183000</tw-gaap-ci:CashCashEquivalents>
	<tw-gaap-ci:CashCashEquivalents contextRef="AsOf20110101" decimals="-3" unitRef="TWD">92960000</tw-gaap-ci:CashCashEquivalents>
	<tw-gaap-ci:InterestPaid contextRef="From20120101To20120331" decimals="-3" unitRef="TWD">4466000</tw-gaap-ci:InterestPaid>
	<tw-gaap-ci:InterestPaid contextRef="From20110101To20110331" decimals="-3" unitRef="TWD">3633000</tw-gaap-ci:InterestPaid>
	<tw-gaap-ci:InterestPaidExcludingCapitalizedInterest contextRef="From20120101To20120331" decimals="-3" unitRef="TWD">4466000</tw-gaap-ci:InterestPaidExcludingCapitalizedInterest>
	<tw-gaap-ci:InterestPaidExcludingCapitalizedInterest contextRef="From20110101To20110331" decimals="-3" unitRef="TWD">3633000</tw-gaap-ci:InterestPaidExcludingCapitalizedInterest>
	<tw-gaap-ci:IncomeTaxPaid contextRef="From20120101To20120331" decimals="-3" unitRef="TWD">14000</tw-gaap-ci:IncomeTaxPaid>
	<tw-gaap-ci:IncomeTaxPaid contextRef="From20110101To20110331" decimals="-3" unitRef="TWD">6000</tw-gaap-ci:IncomeTaxPaid>
	<tw-gaap-ci:ConvertableSecuritiesConvertCommonStock contextRef="From20120101To20120331" decimals="-3" unitRef="TWD">96000</tw-gaap-ci:ConvertableSecuritiesConvertCommonStock>
	<tw-gaap-ci:ConvertableSecuritiesConvertCommonStock contextRef="From20110101To20110331" decimals="-3" unitRef="TWD">0</tw-gaap-ci:ConvertableSecuritiesConvertCommonStock>
	<tw-gaap-ci:FixedAssetsTransferredIdledAssets contextRef="From20120101To20120331" decimals="-3" unitRef="TWD">17687000</tw-gaap-ci:FixedAssetsTransferredIdledAssets>
	<tw-gaap-ci:FixedAssetsTransferredIdledAssets contextRef="From20110101To20110331" decimals="-3" unitRef="TWD">0</tw-gaap-ci:FixedAssetsTransferredIdledAssets>
	<tw-gaap-ci:Other contextRef="From20120101To20120331" decimals="-3" unitRef="TWD">0</tw-gaap-ci:Other>
	<tw-gaap-ci:Other contextRef="From20110101To20110331" decimals="-3" unitRef="TWD">1874000</tw-gaap-ci:Other>
	<tw-gaap-ar:AccountantName contextRef="AsOf20120424">勤業眾信聯合會計師事務所</tw-gaap-ar:AccountantName>
	<tw-gaap-ar:AssuranceAccountantName1 contextRef="AsOf20120424">陳招美</tw-gaap-ar:AssuranceAccountantName1>
	<tw-gaap-ar:AssuranceAccountantName2 contextRef="AsOf20120424">吳恩銘</tw-gaap-ar:AssuranceAccountantName2>
	<tw-gaap-ar:ReviewAuditDate contextRef="AsOf20120424">2012-04-24</tw-gaap-ar:ReviewAuditDate>
	<tw-gaap-ar:ReviewReport contextRef="AsOf20120424">Y</tw-gaap-ar:ReviewReport>
	<tw-gaap-ar:QualifiedOpinionAbstract contextRef="AsOf20120424">Y</tw-gaap-ar:QualifiedOpinionAbstract>
	<tw-gaap-ar:ByInvestmentCompaniesWithoutAccountantAuditReportRecognizedGainLoss contextRef="AsOf20120424">Y</tw-gaap-ar:ByInvestmentCompaniesWithoutAccountantAuditReportRecognizedGainLoss>
	<tw-gaap-ar:DescriptionEmphasizeItemBody contextRef="AsOf20120424"><![CDATA[]]></tw-gaap-ar:DescriptionEmphasizeItemBody>
	<tw-gaap-ar:DescriptionOtherItemBody contextRef="AsOf20120424"><![CDATA[]]></tw-gaap-ar:DescriptionOtherItemBody>
	<tw-gaap-ar:AccountantsReportBody contextRef="AsOf20120424"><![CDATA[會計師核閱報告

福懋油脂股份有限公司　公鑒：

　　福懋油脂股份有限公司民國一○一年及一○○年三月三十一日之資產負
債表，暨民國一○一年及一○○年一月一日至三月三十一日之損益表及現金
流量表，業經本會計師核閱竣事。上開財務報表之編製係公司管理階層之責
任，本會計師之責任則為根據核閱結果出具報告。
　　除下段所述者外，本會計師係依照審計準則公報第三十六號「財務報表
之核閱」規劃並執行核閱工作。由於本會計師僅實施分析、比較與查詢，並
未依照一般公認審計準則查核，因是無法對上開財務報表之整體表示查核意
見。
　　如財務報表附註六所述，福懋油脂股份有限公司民國一○一年及一○○
年三月三十一日採權益法計價之長期股權投資餘額分別計新台幣1,051,983仟
元及1,020,883仟元暨其第一季認列之相關投資淨（損）益分別計新台幣
（11,932）仟元及4,283仟元，係依據被投資公司同期間未經會計師核閱之財
務報表計算。
　　依本會計師核閱結果，除上段所述採權益法計價之長期股權投資及其有
關投資損益，係依據未經會計師核閱之財務報表認列，倘該等財務報表經會
計師核閱而有所調整時，對福懋油脂股份有限公司民國一○一及一○○年第
一季財務報表之可能影響外，並未發現第一段所述財務報表在所有重大方面
有違反證券發行人財務報告編製準則、商業會計法及商業會計處理準則中與
財務會計準則相關之規定暨一般公認會計原則而須作修正之情事。

勤業眾信聯合會計師事務所
會 計 師　　陳　　招　　美　　　　　　  會 計 師　　吳　　恩　　銘　　　　


財政部證券暨期貨管理委員會核准文號　　財政部證券暨期貨管理委員會核准文號
　台財證六字第0920123784號　　　　　  　台財證六字第0920123784號　　　　


中　　　華　　　民　　　國　　一○一　　年　　四　　月　　二十四　　日
]]></tw-gaap-ar:AccountantsReportBody>
	<tw-gaap-notes:FinancialReportNotes contextRef="From20120101To20120331"><![CDATA[http://doc.twse.com.tw/server-java/t57sb01?step=1&colorchg=1&co_id=1225&year=101&seamon=1&mtype=A&]]></tw-gaap-notes:FinancialReportNotes>
	<tw-gaap-notes:OrganizationAndOperations contextRef="From20120101To20120331"><![CDATA[本公司設立於民國七十五年，主要業務為製造及銷售黃豆油（沙
拉油）、黃豆粉、麵粉、麥片、玉米、飼料及進出口貿易業務。自民國
九十六年十月起，本公司之子公司台灣大食品股份有限公司（台灣大
食品公司）開始營運，主要從事麵粉之產銷，故本公司暫不再經營麵
粉產銷之相關業務。
　　本公司股票自民國八十二年九月起在台灣證券交易所上市買賣。
　　本公司民國一○一及一○○年三月底員工人數分別為223人及218
人。]]></tw-gaap-notes:OrganizationAndOperations>
	<tw-gaap-notes:StatementOfFinancialStatementsPreparedInAccordanceWithRelatedRegulationsAndGenerallyAcceptedAccountingPrinciples contextRef="From20120101To20120331"><![CDATA[本財務報表係依照證券發行人財務報告編製準則、商業會計法、
商業會計處理準則及一般公認會計原則編製。重要會計政策彙總說明
如下：]]></tw-gaap-notes:StatementOfFinancialStatementsPreparedInAccordanceWithRelatedRegulationsAndGenerallyAcceptedAccountingPrinciples>
	<tw-gaap-notes:ForeignCurrencyTransactionsAndTranslationOfForeignCurrencyFinancialStatements contextRef="From20120101To20120331"><![CDATA[非衍生性商品之外幣交易所產生之各項外幣資產、負債、收入
及費用，按交易日之即期匯率入帳。外幣資產及負債實際以新台幣
收付結清時，因適用不同匯率所產生之兌換損失或盈益，列為收付
結清期間之損益。外幣資產及負債之期末餘額，再按期末時之即期
匯率予以換算調整，因而產生之兌換差額處理如下：採權益法計價
之外幣長期股權投資，該項差額作為換算調整數並列於股東權益項
下；其他貨幣性資產及負債，其差額則列為當期損益。]]></tw-gaap-notes:ForeignCurrencyTransactionsAndTranslationOfForeignCurrencyFinancialStatements>
	<tw-gaap-notes:UseOfEstimates contextRef="From20120101To20120331"><![CDATA[依照前述準則、法令及原則編製財務報表時，本公司對於呆帳、
存貨跌價損失、固定資產折舊、所得稅、退休金暨員工分紅及董監
酬勞費用等之提列，必須使用合理之估計金額，因估計通常係在不
確定情況下作成之判斷，因此可能與將來實際結果有所差異。]]></tw-gaap-notes:UseOfEstimates>
	<tw-gaap-notes:ClassificationOfCurrentAndNoncurrentAssetsAndLiabilities contextRef="From20120101To20120331"><![CDATA[流動資產包括現金、主要為交易目的而持有之資產及預期於資
產負債表日後十二個月內變現或耗用之資產，資產不屬於流動資產
者為非流動資產。流動負債包括主要為交易目的而發生之負債，以
及須於資產負債表日後十二個月內清償之負債，負債不屬於流動負
債者為非流動負債。]]></tw-gaap-notes:ClassificationOfCurrentAndNoncurrentAssetsAndLiabilities>
	<tw-gaap-notes:FinancialAssetsMeasuredAtCost contextRef="From20120101To20120331"><![CDATA[無法可靠衡量公平價值之權益商品投資，包括未上市（櫃）公
司之股票等，以原始認列之成本衡量。被投資公司發放現金股利時，
認列為股利收入，惟依據投資前淨利宣告之部分，自投資成本減除。
股票股利不列為投資收益，僅註記股數增加，並按增加後之總股數
重新計算每股成本。若有減損之客觀證據，則認列減損損失，此減
損金額不予迴轉。]]></tw-gaap-notes:FinancialAssetsMeasuredAtCost>
	<tw-gaap-notes:NotesAndAccountsReceivableOtherReceivable contextRef="From20120101To20120331"><![CDATA[本公司對於應收帳款係於每一資產負債表日評估其減損跡象，
當有客觀證據顯示，因應收帳款原始認列後發生之單一或多項事
件，致使應收帳款之估計未來現金流量受影響者，該應收帳款則視
為已減損。認列之減損損失金額係為該資產之帳面金額與預期未來
現金流量（已反映擔保品或保證之影響）以該應收帳款原始有效利
率折現值之間的差額。應收帳款之帳面金額係藉由備抵評價科目調
整。]]></tw-gaap-notes:NotesAndAccountsReceivableOtherReceivable>
	<tw-gaap-notes:Inventories contextRef="From20120101To20120331"><![CDATA[存貨包括（在途）原料、物料、製成品、在製品及商品。存貨
係以成本與淨變現價值孰低計價，比較成本與淨變現價值時係以個
別項目為基礎。淨變現價值係指在正常情況下之估計售價減除至完
工尚需投入之成本及銷售費用後之餘額。存貨成本之計算採用加權
平均法。]]></tw-gaap-notes:Inventories>
	<tw-gaap-notes:PropertyPlantAndEquipmentAssetsLeasedToOthersAndIdleAssets contextRef="From20120101To20120331"><![CDATA[固定資產係按成本加重估增值扣除累積折舊後之餘額計價。重
大更新及改良作為資本支出；零星更換及維護修理支出則作為當期
費用。
　　折舊係採直線法依照下列耐用年數計提：房屋建築，五至五十
五年；機器設備，三至十五年；運輸設備，二至十年；研發設備，
三至十一年；什項設備，二至十四年。固定資產耐用年限屆滿仍繼
續使用者，依原折舊方法按估計可繼續使用年數計提折舊。
　　倘固定資產以其相關可回收金額衡量帳面價值有重大減損時，
就其減損部分認列損失，嗣後若固定資產可回收金額增加時，將減
損損失之回轉認列為利益，惟固定資產於減損損失回轉後之帳面價
值，不得超過該項資產在未認列減損損失之情況下，減除應提列折
舊後之帳面價值。
　　固定資產處分時，其成本（含重估增值）、累積折舊及未實現重
估增值均自帳上予以減除，因而產生之損益列為當期之營業外收入
或支出。
　　按其淨變現價值或帳面價值孰低計價，並以原法繼續提列折舊。]]></tw-gaap-notes:PropertyPlantAndEquipmentAssetsLeasedToOthersAndIdleAssets>
	<tw-gaap-notes:CommercialPapersPayableAndBondsPayable contextRef="From20120101To20120331"><![CDATA[九十五年一月一日以後發行之可轉換公司債，原始帳面價值減
除經單獨衡量之負債組成要素金額後，分攤至權益組成要素（帳列
資本公積－認股權）；屬負債組成要素之主契約債務商品之續後評價
係按攤銷後成本衡量；屬負債組成要素之衍生性商品以其公平價值
認列為公平價值變動列入損益之金融負債，續後評價以公平價值衡
量。債券持有人行使轉換權利時，將負債及權益組成要素轉列股本
及股本溢價，不認列轉換利益或損失。]]></tw-gaap-notes:CommercialPapersPayableAndBondsPayable>
	<tw-gaap-notes:PensionPlan contextRef="From20120101To20120331"><![CDATA[屬確定給付退休辦法之退休金係按精算結果認列，未認列過渡
性淨給付義務按十五年攤銷，支付退休金時，先自退休基金撥付，
倘有不足，再沖減退休金負債。屬確定提撥退休金辦法之退休金，
係於員工提供服務之期間，將應提撥之退休金數額認列為當期費用。]]></tw-gaap-notes:PensionPlan>
	<tw-gaap-notes:IncomeTax contextRef="From20120101To20120331"><![CDATA[所得稅係作跨期間與同期間所得稅分攤，即將可減除暫時性差
異、未使用以前年度虧損扣抵及未使用投資抵減之所得稅影響數認
列為遞延所得稅資產，並評估其可實現性，認列備抵評價金額；而
應課稅暫時性差異之所得稅影響數則認列為遞延所得稅負債。遞延
所得稅資產或負債依其相關資產或負債之分類劃分為流動或非流動
項目，無相關之資產或負債者，依預期回轉期間之長短劃分為流動
或非流動項目。
　　以前年度所得稅之調整，列為當期之所得稅。
　　未分配盈餘加徵百分之十之所得稅，列為股東會決議年度之所
得稅。]]></tw-gaap-notes:IncomeTax>
	<tw-gaap-notes:RevenueRecognition contextRef="From20120101To20120331"><![CDATA[銷貨收入係於貨物之所有權及風險移轉予客戶時認列，因其獲
利過程大部分已完成，且已實現或可實現。
　　去料加工時，加工產品之所有權及風險並未移轉，是以本公司
去料時不作銷貨處理。
　　銷貨收入係按本公司與買方所協議交易對價（考量商業折扣及
數量折扣後）之公平價值衡量；惟銷貨收入之對價為一年期以內之
應收款時，其公平價值與到期值差異不大且交易量頻繁，則不按設
算利率計算公平價值。]]></tw-gaap-notes:RevenueRecognition>
	<tw-gaap-notes:ChangesInAccountingPrinciples contextRef="From20120101To20120331"><![CDATA[金融商品之會計處理
　　本公司自一○○年一月一日起採用新修訂之財務會計準則公報第
三十四號「金融商品之會計處理準則」。主要之修訂係將原始產生之
放款及應收款納入公報適用範圍。
營運部門資訊之揭露
　　本公司自一○○年一月一日起，採用新發布之財務會計準則公報
第四十一號「營運部門資訊之揭露」。該公報之規定係以管理階層制
定營運事項決策時所使用之企業組成部分相關資訊為基礎，營運部門
之辨識則以主要營運決策者定期複核用以分配資源予部門與評量績效
之內部報告為基礎。]]></tw-gaap-notes:ChangesInAccountingPrinciples>
	<tw-gaap-notes:EndorsementGuaranteeProvidedToOthers>
		<tw-gaap-notes:No. contextRef="From20120101To20120331"><![CDATA[0]]></tw-gaap-notes:No.>
		<tw-gaap-notes:CompanyNameOfTheEndorserGuarantor contextRef="From20120101To20120331"><![CDATA[福懋油脂公司]]></tw-gaap-notes:CompanyNameOfTheEndorserGuarantor>
		<tw-gaap-notes:Counterparty2>
			<tw-gaap-notes:NameOfTheCompany contextRef="From20120101To20120331"><![CDATA[中聯油脂公司]]></tw-gaap-notes:NameOfTheCompany>
			<tw-gaap-notes:Relationship1 contextRef="From20120101To20120331"><![CDATA[6]]></tw-gaap-notes:Relationship1>
		</tw-gaap-notes:Counterparty2>
		<tw-gaap-notes:LimitOnEndorsementGuaranteeAmountProvidedToIndividualCounterparty contextRef="From20120101To20120331" decimals="-3" unitRef="TWD">2265075000</tw-gaap-notes:LimitOnEndorsementGuaranteeAmountProvidedToIndividualCounterparty>
		<tw-gaap-notes:MaximumBalanceForThePeriod contextRef="From20120101To20120331" decimals="-3" unitRef="TWD">133336000</tw-gaap-notes:MaximumBalanceForThePeriod>
		<tw-gaap-notes:EndingBalance2 contextRef="AsOf20120331" decimals="-3" unitRef="TWD">133336000</tw-gaap-notes:EndingBalance2>
		<tw-gaap-notes:AmountOfEndorsementsGuaranteesSecuredWithCollateral contextRef="AsOf20120331" decimals="-3" unitRef="TWD">0</tw-gaap-notes:AmountOfEndorsementsGuaranteesSecuredWithCollateral>
		<tw-gaap-notes:RatioOfAccumulatedEndorsementGuaranteeAmountToNetAssetOfTheCompanyPerLatestFinancialStatements contextRef="From20120101To20120331" decimals="4">0.0600</tw-gaap-notes:RatioOfAccumulatedEndorsementGuaranteeAmountToNetAssetOfTheCompanyPerLatestFinancialStatements>
		<tw-gaap-notes:LimitOfTotalGuaranteeEndorsementAmount contextRef="From20120101To20120331" decimals="-3" unitRef="TWD">2718090000</tw-gaap-notes:LimitOfTotalGuaranteeEndorsementAmount>
		<tw-gaap-notes:Note contextRef="From20120101To20120331"><![CDATA[]]></tw-gaap-notes:Note>
	</tw-gaap-notes:EndorsementGuaranteeProvidedToOthers>

	<tw-gaap-notes:EndorsementGuaranteeProvidedToOthers>
		<tw-gaap-notes:No. contextRef="From20120101To20120331"><![CDATA[0]]></tw-gaap-notes:No.>
		<tw-gaap-notes:CompanyNameOfTheEndorserGuarantor contextRef="From20120101To20120331"><![CDATA[福懋油脂公司]]></tw-gaap-notes:CompanyNameOfTheEndorserGuarantor>
		<tw-gaap-notes:Counterparty2>
			<tw-gaap-notes:NameOfTheCompany contextRef="From20120101To20120331"><![CDATA[寧波福懋油脂公司]]></tw-gaap-notes:NameOfTheCompany>
			<tw-gaap-notes:Relationship1 contextRef="From20120101To20120331"><![CDATA[3]]></tw-gaap-notes:Relationship1>
		</tw-gaap-notes:Counterparty2>
		<tw-gaap-notes:LimitOnEndorsementGuaranteeAmountProvidedToIndividualCounterparty contextRef="From20120101To20120331" decimals="-3" unitRef="TWD">906030000</tw-gaap-notes:LimitOnEndorsementGuaranteeAmountProvidedToIndividualCounterparty>
		<tw-gaap-notes:MaximumBalanceForThePeriod contextRef="From20120101To20120331" decimals="-3" unitRef="TWD">133110000</tw-gaap-notes:MaximumBalanceForThePeriod>
		<tw-gaap-notes:EndingBalance2 contextRef="AsOf20120331" decimals="-3" unitRef="TWD">132795000</tw-gaap-notes:EndingBalance2>
		<tw-gaap-notes:AmountOfEndorsementsGuaranteesSecuredWithCollateral contextRef="AsOf20120331" decimals="-3" unitRef="TWD">84000000</tw-gaap-notes:AmountOfEndorsementsGuaranteesSecuredWithCollateral>
		<tw-gaap-notes:RatioOfAccumulatedEndorsementGuaranteeAmountToNetAssetOfTheCompanyPerLatestFinancialStatements contextRef="From20120101To20120331" decimals="4">0.0600</tw-gaap-notes:RatioOfAccumulatedEndorsementGuaranteeAmountToNetAssetOfTheCompanyPerLatestFinancialStatements>
		<tw-gaap-notes:LimitOfTotalGuaranteeEndorsementAmount contextRef="From20120101To20120331" decimals="-3" unitRef="TWD">2718090000</tw-gaap-notes:LimitOfTotalGuaranteeEndorsementAmount>
		<tw-gaap-notes:Note contextRef="From20120101To20120331"><![CDATA[]]></tw-gaap-notes:Note>
	</tw-gaap-notes:EndorsementGuaranteeProvidedToOthers>

	<tw-gaap-notes:EndorsementGuaranteeProvidedToOthers>
		<tw-gaap-notes:No. contextRef="From20120101To20120331"><![CDATA[1]]></tw-gaap-notes:No.>
		<tw-gaap-notes:CompanyNameOfTheEndorserGuarantor contextRef="From20120101To20120331"><![CDATA[福懋油脂巴拿馬公司]]></tw-gaap-notes:CompanyNameOfTheEndorserGuarantor>
		<tw-gaap-notes:Counterparty2>
			<tw-gaap-notes:NameOfTheCompany contextRef="From20120101To20120331"><![CDATA[寧波福懋油脂公司]]></tw-gaap-notes:NameOfTheCompany>
			<tw-gaap-notes:Relationship1 contextRef="From20120101To20120331"><![CDATA[2]]></tw-gaap-notes:Relationship1>
		</tw-gaap-notes:Counterparty2>
		<tw-gaap-notes:LimitOnEndorsementGuaranteeAmountProvidedToIndividualCounterparty contextRef="From20120101To20120331" decimals="-3" unitRef="TWD">97296000</tw-gaap-notes:LimitOnEndorsementGuaranteeAmountProvidedToIndividualCounterparty>
		<tw-gaap-notes:MaximumBalanceForThePeriod contextRef="From20120101To20120331" decimals="-3" unitRef="TWD">14790000</tw-gaap-notes:MaximumBalanceForThePeriod>
		<tw-gaap-notes:EndingBalance2 contextRef="AsOf20120331" decimals="-3" unitRef="TWD">14755000</tw-gaap-notes:EndingBalance2>
		<tw-gaap-notes:AmountOfEndorsementsGuaranteesSecuredWithCollateral contextRef="AsOf20120331" decimals="-3" unitRef="TWD">14755000</tw-gaap-notes:AmountOfEndorsementsGuaranteesSecuredWithCollateral>
		<tw-gaap-notes:RatioOfAccumulatedEndorsementGuaranteeAmountToNetAssetOfTheCompanyPerLatestFinancialStatements contextRef="From20120101To20120331" decimals="4">0.0500</tw-gaap-notes:RatioOfAccumulatedEndorsementGuaranteeAmountToNetAssetOfTheCompanyPerLatestFinancialStatements>
		<tw-gaap-notes:LimitOfTotalGuaranteeEndorsementAmount contextRef="From20120101To20120331" decimals="-3" unitRef="TWD">162160000</tw-gaap-notes:LimitOfTotalGuaranteeEndorsementAmount>
		<tw-gaap-notes:Note contextRef="From20120101To20120331"><![CDATA[]]></tw-gaap-notes:Note>
	</tw-gaap-notes:EndorsementGuaranteeProvidedToOthers>

	<tw-gaap-notes:TotalEndingBalance2-Parent contextRef="AsOf20120331" unitRef="TWD">266131000</tw-gaap-notes:TotalEndingBalance2-Parent>
	<tw-gaap-notes:TotalEndingBalance2-Subsidiaries contextRef="AsOf20120331" unitRef="TWD">14755000</tw-gaap-notes:TotalEndingBalance2-Subsidiaries>
	<tw-gaap-notes:Note-EndorsementGuaranteeProvidedToOthers contextRef="From20120101To20120331"><![CDATA[註一：背書保證者與被背書保證對象之關係如下：
 1. 有業務關係之公司。
 2. 直接持有普通股股權超過百分之五十之子公司。
 3. 母公司與子公司持有普通股股權合併計算超過百分之五十之被投資公司。
 4. 對公司直接或經由子公司間接持有普通股股權超過百分之五十之母公司。
 5. 基於承攬工程需要之同業間依合約規定互保之公司。
 6. 因共同投資關係由各出資股東依其持股比率對其背書保證之公司。
註二：本公司辦理背書保證總額，以不超過本公司最近期財務報表淨值百分之一百二十為限，對國內單一企業之背書保證限額，以不超過本公司最近期財務報表淨值百分之一百為限，對海外單一聯屬公司之背書保證限額，以不超過本公司最近期財務報表淨值百分之四十為限。子公司辦理背書保證總額，以不超過子公司最近期財務報表淨值百分之五十為限，子公司對單一企業之背書保證額度，以不超過子公司最近期財務報表淨值百分之二十為限，子公司對海外單一聯屬公司之背書保證限額，以不超過子公司最近期財務報表淨值百分之三十為限。
註三：由本公司提供定存單為擔保。
註四：由子公司提供定存單為擔保。]]></tw-gaap-notes:Note-EndorsementGuaranteeProvidedToOthers>
	<tw-gaap-notes:NamesLocationsAndRelatedInformationOfInvesteesOverWhichTheCompanyExercisesSignificantInfluence>
		<tw-gaap-notes:CompanyNameOfTheInvestor contextRef="From20120101To20120331"><![CDATA[福懋油脂公司]]></tw-gaap-notes:CompanyNameOfTheInvestor>
		<tw-gaap-notes:CompanyNameOfTheInvestee contextRef="From20120101To20120331"><![CDATA[台灣大食品公司]]></tw-gaap-notes:CompanyNameOfTheInvestee>
		<tw-gaap-notes:LocationCode contextRef="From20120101To20120331"><![CDATA[0]]></tw-gaap-notes:LocationCode>
		<tw-gaap-notes:Location contextRef="From20120101To20120331"><![CDATA[台灣]]></tw-gaap-notes:Location>
		<tw-gaap-notes:MainBusinessesAndProducts contextRef="From20120101To20120331"><![CDATA[製造及銷售麵粉產品]]></tw-gaap-notes:MainBusinessesAndProducts>
		<tw-gaap-notes:OriginalInvestmentAmount>
			<tw-gaap-notes:EndingBalance3 contextRef="AsOf20120331" decimals="-3" unitRef="TWD">449180000</tw-gaap-notes:EndingBalance3>
			<tw-gaap-notes:BeginningBalance contextRef="AsOf20120331" decimals="-3" unitRef="TWD">449180000</tw-gaap-notes:BeginningBalance>
		</tw-gaap-notes:OriginalInvestmentAmount>
		<tw-gaap-notes:InvestmentsAtTheEndOfThePeriod>
			<tw-gaap-notes:NumberOfShares1 contextRef="AsOf20120331" decimals="0" unitRef="Shares">47956000</tw-gaap-notes:NumberOfShares1>
			<tw-gaap-notes:PercentageOfOwnership1 contextRef="AsOf20120331" decimals="4">0.6300</tw-gaap-notes:PercentageOfOwnership1>
			<tw-gaap-notes:BookValue1 contextRef="AsOf20120331" decimals="-3" unitRef="TWD">463386000</tw-gaap-notes:BookValue1>
		</tw-gaap-notes:InvestmentsAtTheEndOfThePeriod>
		<tw-gaap-notes:NetIncomeLossesOfTheInvestee contextRef="From20120101To20120331" decimals="-3" unitRef="TWD">-11329000</tw-gaap-notes:NetIncomeLossesOfTheInvestee>
		<tw-gaap-notes:InvestmentIncomeLossesRecognized1 contextRef="From20120101To20120331" decimals="-3" unitRef="TWD">-7128000</tw-gaap-notes:InvestmentIncomeLossesRecognized1>
		<tw-gaap-notes:Note contextRef="From20120101To20120331"><![CDATA[子 公 司]]></tw-gaap-notes:Note>
	</tw-gaap-notes:NamesLocationsAndRelatedInformationOfInvesteesOverWhichTheCompanyExercisesSignificantInfluence>

	<tw-gaap-notes:NamesLocationsAndRelatedInformationOfInvesteesOverWhichTheCompanyExercisesSignificantInfluence>
		<tw-gaap-notes:CompanyNameOfTheInvestor contextRef="From20120101To20120331"><![CDATA[福懋油脂公司]]></tw-gaap-notes:CompanyNameOfTheInvestor>
		<tw-gaap-notes:CompanyNameOfTheInvestee contextRef="From20120101To20120331"><![CDATA[FORMOSA OIL PROCESSING (PANAMA) S. A.]]></tw-gaap-notes:CompanyNameOfTheInvestee>
		<tw-gaap-notes:LocationCode contextRef="From20120101To20120331"><![CDATA[158]]></tw-gaap-notes:LocationCode>
		<tw-gaap-notes:Location contextRef="From20120101To20120331"><![CDATA[巴拿馬]]></tw-gaap-notes:Location>
		<tw-gaap-notes:MainBusinessesAndProducts contextRef="From20120101To20120331"><![CDATA[一般投資業務]]></tw-gaap-notes:MainBusinessesAndProducts>
		<tw-gaap-notes:OriginalInvestmentAmount>
			<tw-gaap-notes:EndingBalance3 contextRef="AsOf20120331" decimals="-3" unitRef="TWD">733703000</tw-gaap-notes:EndingBalance3>
			<tw-gaap-notes:BeginningBalance contextRef="AsOf20120331" decimals="-3" unitRef="TWD">733703000</tw-gaap-notes:BeginningBalance>
		</tw-gaap-notes:OriginalInvestmentAmount>
		<tw-gaap-notes:InvestmentsAtTheEndOfThePeriod>
			<tw-gaap-notes:NumberOfShares1 contextRef="AsOf20120331" decimals="0" unitRef="Shares">24000</tw-gaap-notes:NumberOfShares1>
			<tw-gaap-notes:PercentageOfOwnership1 contextRef="AsOf20120331" decimals="4">1.0000</tw-gaap-notes:PercentageOfOwnership1>
			<tw-gaap-notes:BookValue1 contextRef="AsOf20120331" decimals="-3" unitRef="TWD">324321000</tw-gaap-notes:BookValue1>
		</tw-gaap-notes:InvestmentsAtTheEndOfThePeriod>
		<tw-gaap-notes:NetIncomeLossesOfTheInvestee contextRef="From20120101To20120331" decimals="-3" unitRef="TWD">-7694000</tw-gaap-notes:NetIncomeLossesOfTheInvestee>
		<tw-gaap-notes:InvestmentIncomeLossesRecognized1 contextRef="From20120101To20120331" decimals="-3" unitRef="TWD">-7694000</tw-gaap-notes:InvestmentIncomeLossesRecognized1>
		<tw-gaap-notes:Note contextRef="From20120101To20120331"><![CDATA[子 公 司]]></tw-gaap-notes:Note>
	</tw-gaap-notes:NamesLocationsAndRelatedInformationOfInvesteesOverWhichTheCompanyExercisesSignificantInfluence>

	<tw-gaap-notes:NamesLocationsAndRelatedInformationOfInvesteesOverWhichTheCompanyExercisesSignificantInfluence>
		<tw-gaap-notes:CompanyNameOfTheInvestor contextRef="From20120101To20120331"><![CDATA[福懋油脂公司]]></tw-gaap-notes:CompanyNameOfTheInvestor>
		<tw-gaap-notes:CompanyNameOfTheInvestee contextRef="From20120101To20120331"><![CDATA[元合餐飲公司]]></tw-gaap-notes:CompanyNameOfTheInvestee>
		<tw-gaap-notes:LocationCode contextRef="From20120101To20120331"><![CDATA[0]]></tw-gaap-notes:LocationCode>
		<tw-gaap-notes:Location contextRef="From20120101To20120331"><![CDATA[台灣]]></tw-gaap-notes:Location>
		<tw-gaap-notes:MainBusinessesAndProducts contextRef="From20120101To20120331"><![CDATA[餐飲業務]]></tw-gaap-notes:MainBusinessesAndProducts>
		<tw-gaap-notes:OriginalInvestmentAmount>
			<tw-gaap-notes:EndingBalance3 contextRef="AsOf20120331" decimals="-3" unitRef="TWD">25000000</tw-gaap-notes:EndingBalance3>
			<tw-gaap-notes:BeginningBalance contextRef="AsOf20120331" decimals="-3" unitRef="TWD">25000000</tw-gaap-notes:BeginningBalance>
		</tw-gaap-notes:OriginalInvestmentAmount>
		<tw-gaap-notes:InvestmentsAtTheEndOfThePeriod>
			<tw-gaap-notes:NumberOfShares1 contextRef="AsOf20120331" decimals="0" unitRef="Shares">2500000</tw-gaap-notes:NumberOfShares1>
			<tw-gaap-notes:PercentageOfOwnership1 contextRef="AsOf20120331" decimals="4">1.0000</tw-gaap-notes:PercentageOfOwnership1>
			<tw-gaap-notes:BookValue1 contextRef="AsOf20120331" decimals="-3" unitRef="TWD">24166000</tw-gaap-notes:BookValue1>
		</tw-gaap-notes:InvestmentsAtTheEndOfThePeriod>
		<tw-gaap-notes:NetIncomeLossesOfTheInvestee contextRef="From20120101To20120331" decimals="-3" unitRef="TWD">-358000</tw-gaap-notes:NetIncomeLossesOfTheInvestee>
		<tw-gaap-notes:InvestmentIncomeLossesRecognized1 contextRef="From20120101To20120331" decimals="-3" unitRef="TWD">-358000</tw-gaap-notes:InvestmentIncomeLossesRecognized1>
		<tw-gaap-notes:Note contextRef="From20120101To20120331"><![CDATA[子 公 司]]></tw-gaap-notes:Note>
	</tw-gaap-notes:NamesLocationsAndRelatedInformationOfInvesteesOverWhichTheCompanyExercisesSignificantInfluence>

	<tw-gaap-notes:NamesLocationsAndRelatedInformationOfInvesteesOverWhichTheCompanyExercisesSignificantInfluence>
		<tw-gaap-notes:CompanyNameOfTheInvestor contextRef="From20120101To20120331"><![CDATA[福懋油脂公司]]></tw-gaap-notes:CompanyNameOfTheInvestor>
		<tw-gaap-notes:CompanyNameOfTheInvestee contextRef="From20120101To20120331"><![CDATA[中聯油脂公司]]></tw-gaap-notes:CompanyNameOfTheInvestee>
		<tw-gaap-notes:LocationCode contextRef="From20120101To20120331"><![CDATA[0]]></tw-gaap-notes:LocationCode>
		<tw-gaap-notes:Location contextRef="From20120101To20120331"><![CDATA[台灣]]></tw-gaap-notes:Location>
		<tw-gaap-notes:MainBusinessesAndProducts contextRef="From20120101To20120331"><![CDATA[黃豆之精選及提油業務]]></tw-gaap-notes:MainBusinessesAndProducts>
		<tw-gaap-notes:OriginalInvestmentAmount>
			<tw-gaap-notes:EndingBalance3 contextRef="AsOf20120331" decimals="-3" unitRef="TWD">203316000</tw-gaap-notes:EndingBalance3>
			<tw-gaap-notes:BeginningBalance contextRef="AsOf20120331" decimals="-3" unitRef="TWD">203316000</tw-gaap-notes:BeginningBalance>
		</tw-gaap-notes:OriginalInvestmentAmount>
		<tw-gaap-notes:InvestmentsAtTheEndOfThePeriod>
			<tw-gaap-notes:NumberOfShares1 contextRef="AsOf20120331" decimals="0" unitRef="Shares">20000000</tw-gaap-notes:NumberOfShares1>
			<tw-gaap-notes:PercentageOfOwnership1 contextRef="AsOf20120331" decimals="4">0.3300</tw-gaap-notes:PercentageOfOwnership1>
			<tw-gaap-notes:BookValue1 contextRef="AsOf20120331" decimals="-3" unitRef="TWD">240110000</tw-gaap-notes:BookValue1>
		</tw-gaap-notes:InvestmentsAtTheEndOfThePeriod>
		<tw-gaap-notes:NetIncomeLossesOfTheInvestee contextRef="From20120101To20120331" decimals="-3" unitRef="TWD">9743000</tw-gaap-notes:NetIncomeLossesOfTheInvestee>
		<tw-gaap-notes:InvestmentIncomeLossesRecognized1 contextRef="From20120101To20120331" decimals="-3" unitRef="TWD">3248000</tw-gaap-notes:InvestmentIncomeLossesRecognized1>
		<tw-gaap-notes:Note contextRef="From20120101To20120331"><![CDATA[採權益法計價之被投資公司]]></tw-gaap-notes:Note>
	</tw-gaap-notes:NamesLocationsAndRelatedInformationOfInvesteesOverWhichTheCompanyExercisesSignificantInfluence>

	<tw-gaap-notes:NamesLocationsAndRelatedInformationOfInvesteesOverWhichTheCompanyExercisesSignificantInfluence>
		<tw-gaap-notes:CompanyNameOfTheInvestor contextRef="From20120101To20120331"><![CDATA[FORMOSA OIL PROCESSING (PANAMA) S. A.]]></tw-gaap-notes:CompanyNameOfTheInvestor>
		<tw-gaap-notes:CompanyNameOfTheInvestee contextRef="From20120101To20120331"><![CDATA[寧波福懋油脂公司]]></tw-gaap-notes:CompanyNameOfTheInvestee>
		<tw-gaap-notes:LocationCode contextRef="From20120101To20120331"><![CDATA[230]]></tw-gaap-notes:LocationCode>
		<tw-gaap-notes:Location contextRef="From20120101To20120331"><![CDATA[中國大陸]]></tw-gaap-notes:Location>
		<tw-gaap-notes:MainBusinessesAndProducts contextRef="From20120101To20120331"><![CDATA[製造及銷售油脂產品]]></tw-gaap-notes:MainBusinessesAndProducts>
		<tw-gaap-notes:OriginalInvestmentAmount>
			<tw-gaap-notes:EndingBalance3 contextRef="AsOf20120331" decimals="-3" unitRef="TWD">727107000</tw-gaap-notes:EndingBalance3>
			<tw-gaap-notes:BeginningBalance contextRef="AsOf20120331" decimals="-3" unitRef="TWD">727107000</tw-gaap-notes:BeginningBalance>
		</tw-gaap-notes:OriginalInvestmentAmount>
		<tw-gaap-notes:InvestmentsAtTheEndOfThePeriod>
			<tw-gaap-notes:NumberOfShares1 contextRef="AsOf20120331" decimals="0" unitRef="Shares">0</tw-gaap-notes:NumberOfShares1>
			<tw-gaap-notes:PercentageOfOwnership1 contextRef="AsOf20120331" decimals="4">1.0000</tw-gaap-notes:PercentageOfOwnership1>
			<tw-gaap-notes:BookValue1 contextRef="AsOf20120331" decimals="-3" unitRef="TWD">308266000</tw-gaap-notes:BookValue1>
		</tw-gaap-notes:InvestmentsAtTheEndOfThePeriod>
		<tw-gaap-notes:NetIncomeLossesOfTheInvestee contextRef="From20120101To20120331" decimals="-3" unitRef="TWD">-3419000</tw-gaap-notes:NetIncomeLossesOfTheInvestee>
		<tw-gaap-notes:InvestmentIncomeLossesRecognized1 contextRef="From20120101To20120331" decimals="-3" unitRef="TWD">-7716000</tw-gaap-notes:InvestmentIncomeLossesRecognized1>
		<tw-gaap-notes:Note contextRef="From20120101To20120331"><![CDATA[子 公 司]]></tw-gaap-notes:Note>
	</tw-gaap-notes:NamesLocationsAndRelatedInformationOfInvesteesOverWhichTheCompanyExercisesSignificantInfluence>

	<tw-gaap-notes:Note-NamesLocationsAndRelatedInformationOfInvesteesOverWhichTheCompanyExercisesSignificantInfluence contextRef="From20120101To20120331"><![CDATA[註一：係認列投資損失3,419仟元及歸屬於可辦認資產之溢價攤銷4,297仟元。
註二：按同期間未經會計師核閱之財務報表計算。]]></tw-gaap-notes:Note-NamesLocationsAndRelatedInformationOfInvesteesOverWhichTheCompanyExercisesSignificantInfluence>
	<tw-gaap-notes:InformationOfInvestmentInMainlandChina>
		<tw-gaap-notes:CompanyNameOfTheInvesteeInMainlandChina contextRef="From20120101To20120331"><![CDATA[寧波福懋油脂有限公司]]></tw-gaap-notes:CompanyNameOfTheInvesteeInMainlandChina>
		<tw-gaap-notes:MainBusinessesAndProducts contextRef="From20120101To20120331"><![CDATA[製造及銷售油脂產品]]></tw-gaap-notes:MainBusinessesAndProducts>
		<tw-gaap-notes:TotalAmountOfPaid-inCapital contextRef="AsOf20120331" decimals="-3" unitRef="TWD">227590000</tw-gaap-notes:TotalAmountOfPaid-inCapital>
		<tw-gaap-notes:MethodOfInvestment contextRef="From20120101To20120331"><![CDATA[(三)]]></tw-gaap-notes:MethodOfInvestment>
		<tw-gaap-notes:AccumulatedOutflowOfInvestmentFromTaiwanAtTheBeginningOfThePeriod contextRef="AsOf20120331" decimals="-3" unitRef="TWD">727107000</tw-gaap-notes:AccumulatedOutflowOfInvestmentFromTaiwanAtTheBeginningOfThePeriod>
		<tw-gaap-notes:InvestmentFlowsForThePeriod>
			<tw-gaap-notes:Outflow contextRef="From20120101To20120331" decimals="-3" unitRef="TWD">0</tw-gaap-notes:Outflow>
			<tw-gaap-notes:Inflow contextRef="From20120101To20120331" decimals="-3" unitRef="TWD">0</tw-gaap-notes:Inflow>
		</tw-gaap-notes:InvestmentFlowsForThePeriod>
		<tw-gaap-notes:AccumulatedOutflowOfInvestmentFromTaiwanAtTheEndOfThePeriod contextRef="AsOf20120331" decimals="-3" unitRef="TWD">727107000</tw-gaap-notes:AccumulatedOutflowOfInvestmentFromTaiwanAtTheEndOfThePeriod>
		<tw-gaap-notes:PercentageOfOwnershipThroughDirectAndIndirectInvestmentByTheCompany contextRef="AsOf20120331" decimals="4">0.0100</tw-gaap-notes:PercentageOfOwnershipThroughDirectAndIndirectInvestmentByTheCompany>
		<tw-gaap-notes:InvestmentIncomeLossesRecognized2 contextRef="From20120101To20120331" decimals="-3" unitRef="TWD">-7716000</tw-gaap-notes:InvestmentIncomeLossesRecognized2>
		<tw-gaap-notes:BookValueAtTheEndOfThePeriod contextRef="AsOf20120331" decimals="-3" unitRef="TWD">308266000</tw-gaap-notes:BookValueAtTheEndOfThePeriod>
		<tw-gaap-notes:AccumulatedInwardRemittanceOfEarningsAsOfTheEndOfThePeriod contextRef="From20120101To20120331" decimals="-3" unitRef="TWD">0</tw-gaap-notes:AccumulatedInwardRemittanceOfEarningsAsOfTheEndOfThePeriod>
		<tw-gaap-notes:Note contextRef="From20120101To20120331"><![CDATA[]]></tw-gaap-notes:Note>
	</tw-gaap-notes:InformationOfInvestmentInMainlandChina>

	<tw-gaap-notes:Note-InformationOfInvestmentInMainlandChina contextRef="From20120101To20120331"><![CDATA[註一：投資方式區分為下列五種，標示種類別即可：
(一) 經由第三地區匯款投資大陸公司。
(二) 透過第三地區投資設立公司再投資大陸公司。
(三) 透過轉投資第三地區現有公司再投資大陸公司。
(四) 直接投資大陸公司。
(五) 其他方式。
註二：按同期間未經會計師核閱之財務報表計算。]]></tw-gaap-notes:Note-InformationOfInvestmentInMainlandChina>
	<tw-gaap-notes:LimitOnInvestmentInMainlandChina>
		<tw-gaap-notes:NameOfTheCompany contextRef="From20120101To20120331"><![CDATA[寧波福懋油脂有限公司]]></tw-gaap-notes:NameOfTheCompany>
		<tw-gaap-notes:AccumulatedInvestmentInMainlandChinaAtTheEndOfThePeriod contextRef="AsOf20120331" decimals="-3" unitRef="TWD">727107000</tw-gaap-notes:AccumulatedInvestmentInMainlandChinaAtTheEndOfThePeriod>
		<tw-gaap-notes:InvestmentAmountAuthorizedByTheInvestmentCommissionOfMOEA contextRef="From20120101To20120331" decimals="-3" unitRef="TWD">727743000</tw-gaap-notes:InvestmentAmountAuthorizedByTheInvestmentCommissionOfMOEA>
		<tw-gaap-notes:UpperLimitOnInvestmentInMainlandChinaImposedByTheInvestmentCommissionOfMOEA contextRef="From20120101To20120331" decimals="-3" unitRef="TWD">1359045000</tw-gaap-notes:UpperLimitOnInvestmentInMainlandChinaImposedByTheInvestmentCommissionOfMOEA>
	</tw-gaap-notes:LimitOnInvestmentInMainlandChina>

	<tw-gaap-notes:Note-LimitOnInvestmentInMainlandChina contextRef="From20120101To20120331"><![CDATA[註三：本公司於88.02.08及88.10.13經投審會(88)投審二字第88710679及88727883號函核准，間接對大陸投資金額4,910仟美元及17,975仟美元。
註四：依據投審會九十七年八月「在大陸地區從事投資或技術合作審查原則」規定之限額計算。]]></tw-gaap-notes:Note-LimitOnInvestmentInMainlandChina>
	<tw-gaap-notes:Others>
		<tw-gaap-notes:Item contextRef="From20120101To20120331"><![CDATA[採權益法計價之長期股權投資]]></tw-gaap-notes:Item>
		<tw-gaap-notes:Description contextRef="From20120101To20120331"><![CDATA[長期股權投資採權益法計價者，係以投資成本加（或減）按股
權比例認列被投資公司之純益（或純損）計算。被投資公司發生純
益（或純損）時，認列投資利益（或損失）；發放現金股利時則作為
投資成本之減項。
　　取得股權時，或首次採用權益法時，先將投資成本予以分析處
理，投資成本超過可辨認淨資產公平價值部分列為商譽。商譽不予
攤銷，但每年定期進行減損測試，且發生特定事項或環境改變顯示
商譽可能發生減損時，亦進行減損測試。
　　被投資公司辦理現金增資時，因未按持股比例認購，所產生之
股權淨值變動，則調整資本公積或保留盈餘。
　　被投資公司發放股票股利時，僅註記增加股數，不列為投資利
益，並按收到股票股利後之總股數，重新計算每股成本或帳面價值。
　　股票出售之成本係按加權平均法計算。
　　於資產負債表日評估是否有減損跡象，若有客觀證據顯示業已
減損，就其減損部分認列為當期損失。]]></tw-gaap-notes:Description>
	</tw-gaap-notes:Others>

	<tw-gaap-notes:Others>
		<tw-gaap-notes:Item contextRef="From20120101To20120331"><![CDATA[未實現損益]]></tw-gaap-notes:Item>
		<tw-gaap-notes:Description contextRef="From20120101To20120331"><![CDATA[本公司與採權益法計價之被投資公司間順流交易所產生之未實
現損益，若本公司對其有控制能力者，則全數予以遞延，未有控制
能力者，則按期末持股比例予以遞延，並依預期利益實現期間之長
短劃分為流動或非流動項目，俟實現時，始予以認列為損益；逆流
交易所產生之未實現損益，則按約當持股比例予以遞延，並調整長
期股權投資。]]></tw-gaap-notes:Description>
	</tw-gaap-notes:Others>

</xbrl>

<!--This instance document is created by SIIAP V1.8.25-->
