<?xml version="1.0" encoding="UTF-8"?><xbrli:xbrl xmlns="http://www.xbrl.org/2003/instance" xmlns:iso4217="http://www.xbrl.org/2003/iso4217" xmlns:link="http://www.xbrl.org/2003/linkbase" xmlns:tw-gaap-ar="http://www.xbrl.org/tw/fr/gaap/ar/2011-12-31" xmlns:tw-gaap-ci="http://www.xbrl.org/tw/fr/gaap/tw-gaap-ci-2011-12-31" xmlns:tw-gaap-notes="http://www.xbrl.org/tw/fr/gaap/notes/2011-12-31" xmlns:xbrldi="http://xbrl.org/2006/xbrldi" xmlns:xbrldt="http://xbrl.org/2005/xbrldt" xmlns:xbrli="http://www.xbrl.org/2003/instance" xmlns:xlink="http://www.w3.org/1999/xlink">
  <link:schemaRef xlink:arcrole="http://www.w3.org/1999/xlink/properties/linkbase" xlink:href="tw-gaap-ci-2011-12-31.xsd" xlink:type="simple" xmlns:xlink="http://www.w3.org/1999/xlink" xmlns:link="http://www.xbrl.org/2003/linkbase" />
  <xbrli:context id="AsOf20120101">
    <xbrli:entity>
      <xbrli:identifier scheme="http://www.twse.com.tw">1232</xbrli:identifier>
    </xbrli:entity>
    <xbrli:period>
      <xbrli:instant>2012-01-01</xbrli:instant>
    </xbrli:period>
  </xbrli:context>
  <xbrli:context id="AsOf20120331">
    <xbrli:entity>
      <xbrli:identifier scheme="http://www.twse.com.tw">1232</xbrli:identifier>
    </xbrli:entity>
    <xbrli:period>
      <xbrli:instant>2012-03-31</xbrli:instant>
    </xbrli:period>
  </xbrli:context>
  <xbrli:context id="From20120101To20120331">
    <xbrli:entity>
      <xbrli:identifier scheme="http://www.twse.com.tw">1232</xbrli:identifier>
    </xbrli:entity>
    <xbrli:period>
      <xbrli:startDate>2012-01-01</xbrli:startDate>
      <xbrli:endDate>2012-03-31</xbrli:endDate>
    </xbrli:period>
  </xbrli:context>
  <xbrli:context id="AsOf20110101">
    <xbrli:entity>
      <xbrli:identifier scheme="http://www.twse.com.tw">1232</xbrli:identifier>
    </xbrli:entity>
    <xbrli:period>
      <xbrli:instant>2011-01-01</xbrli:instant>
    </xbrli:period>
  </xbrli:context>
  <xbrli:context id="AsOf20110331">
    <xbrli:entity>
      <xbrli:identifier scheme="http://www.twse.com.tw">1232</xbrli:identifier>
    </xbrli:entity>
    <xbrli:period>
      <xbrli:instant>2011-03-31</xbrli:instant>
    </xbrli:period>
  </xbrli:context>
  <xbrli:context id="From20110101To20110331">
    <xbrli:entity>
      <xbrli:identifier scheme="http://www.twse.com.tw">1232</xbrli:identifier>
    </xbrli:entity>
    <xbrli:period>
      <xbrli:startDate>2011-01-01</xbrli:startDate>
      <xbrli:endDate>2011-03-31</xbrli:endDate>
    </xbrli:period>
  </xbrli:context>
  <xbrli:context id="AsOf20120424">
    <xbrli:entity>
      <xbrli:identifier scheme="http://www.twse.com.tw">1232</xbrli:identifier>
    </xbrli:entity>
    <xbrli:period>
      <xbrli:instant>2012-04-24</xbrli:instant>
    </xbrli:period>
  </xbrli:context>
  <xbrli:unit id="Shares">
    <xbrli:measure>xbrli:shares</xbrli:measure>
  </xbrli:unit>
  <xbrli:unit id="EarningsPerShare">
    <xbrli:divide>
      <xbrli:unitNumerator>
        <xbrli:measure>iso4217:TWD</xbrli:measure>
      </xbrli:unitNumerator>
      <xbrli:unitDenominator>
        <xbrli:measure>xbrli:shares</xbrli:measure>
      </xbrli:unitDenominator>
    </xbrli:divide>
  </xbrli:unit>
  <xbrli:unit id="AED">
    <xbrli:measure>iso4217:AED</xbrli:measure>
  </xbrli:unit>
  <xbrli:unit id="AUD">
    <xbrli:measure>iso4217:AUD</xbrli:measure>
  </xbrli:unit>
  <xbrli:unit id="BRL">
    <xbrli:measure>iso4217:BRL</xbrli:measure>
  </xbrli:unit>
  <xbrli:unit id="CAD">
    <xbrli:measure>iso4217:CAD</xbrli:measure>
  </xbrli:unit>
  <xbrli:unit id="CHF">
    <xbrli:measure>iso4217:CHF</xbrli:measure>
  </xbrli:unit>
  <xbrli:unit id="CLP">
    <xbrli:measure>iso4217:CLP</xbrli:measure>
  </xbrli:unit>
  <xbrli:unit id="CNY">
    <xbrli:measure>iso4217:CNY</xbrli:measure>
  </xbrli:unit>
  <xbrli:unit id="CZK">
    <xbrli:measure>iso4217:CZK</xbrli:measure>
  </xbrli:unit>
  <xbrli:unit id="EUR">
    <xbrli:measure>iso4217:EUR</xbrli:measure>
  </xbrli:unit>
  <xbrli:unit id="GBP">
    <xbrli:measure>iso4217:GBP</xbrli:measure>
  </xbrli:unit>
  <xbrli:unit id="HKD">
    <xbrli:measure>iso4217:HKD</xbrli:measure>
  </xbrli:unit>
  <xbrli:unit id="IDR">
    <xbrli:measure>iso4217:IDR</xbrli:measure>
  </xbrli:unit>
  <xbrli:unit id="ILS">
    <xbrli:measure>iso4217:ILS</xbrli:measure>
  </xbrli:unit>
  <xbrli:unit id="INR">
    <xbrli:measure>iso4217:INR</xbrli:measure>
  </xbrli:unit>
  <xbrli:unit id="JPY">
    <xbrli:measure>iso4217:JPY</xbrli:measure>
  </xbrli:unit>
  <xbrli:unit id="KRW">
    <xbrli:measure>iso4217:KRW</xbrli:measure>
  </xbrli:unit>
  <xbrli:unit id="MOP">
    <xbrli:measure>iso4217:MOP</xbrli:measure>
  </xbrli:unit>
  <xbrli:unit id="MXN">
    <xbrli:measure>iso4217:MXN</xbrli:measure>
  </xbrli:unit>
  <xbrli:unit id="MYR">
    <xbrli:measure>iso4217:MYR</xbrli:measure>
  </xbrli:unit>
  <xbrli:unit id="NOK">
    <xbrli:measure>iso4217:NOK</xbrli:measure>
  </xbrli:unit>
  <xbrli:unit id="NZD">
    <xbrli:measure>iso4217:NZD</xbrli:measure>
  </xbrli:unit>
  <xbrli:unit id="PHP">
    <xbrli:measure>iso4217:PHP</xbrli:measure>
  </xbrli:unit>
  <xbrli:unit id="PLN">
    <xbrli:measure>iso4217:PLN</xbrli:measure>
  </xbrli:unit>
  <xbrli:unit id="RUB">
    <xbrli:measure>iso4217:RUB</xbrli:measure>
  </xbrli:unit>
  <xbrli:unit id="SAR">
    <xbrli:measure>iso4217:SAR</xbrli:measure>
  </xbrli:unit>
  <xbrli:unit id="SGD">
    <xbrli:measure>iso4217:SGD</xbrli:measure>
  </xbrli:unit>
  <xbrli:unit id="THB">
    <xbrli:measure>iso4217:THB</xbrli:measure>
  </xbrli:unit>
  <xbrli:unit id="TRY">
    <xbrli:measure>iso4217:TRY</xbrli:measure>
  </xbrli:unit>
  <xbrli:unit id="TWD">
    <xbrli:measure>iso4217:TWD</xbrli:measure>
  </xbrli:unit>
  <xbrli:unit id="USD">
    <xbrli:measure>iso4217:USD</xbrli:measure>
  </xbrli:unit>
  <xbrli:unit id="VND">
    <xbrli:measure>iso4217:VND</xbrli:measure>
  </xbrli:unit>
  <xbrli:unit id="ZAR">
    <xbrli:measure>iso4217:ZAR</xbrli:measure>
  </xbrli:unit>
  <tw-gaap-ci:CashCashEquivalents contextRef="AsOf20110331" decimals="-3" unitRef="TWD">684255000</tw-gaap-ci:CashCashEquivalents>
  <tw-gaap-ci:CashCashEquivalents contextRef="AsOf20120331" decimals="-3" unitRef="TWD">443337000</tw-gaap-ci:CashCashEquivalents>
  <tw-gaap-ci:FinancialAssetsMeasuredFairValueProfitLossCurrent contextRef="AsOf20110331" decimals="-3" unitRef="TWD">4043000</tw-gaap-ci:FinancialAssetsMeasuredFairValueProfitLossCurrent>
  <tw-gaap-ci:FinancialAssetsMeasuredFairValueProfitLossCurrent contextRef="AsOf20120331" decimals="-3" unitRef="TWD">156000</tw-gaap-ci:FinancialAssetsMeasuredFairValueProfitLossCurrent>
  <tw-gaap-ci:AvailableSaleFinancialAssetsCurrent contextRef="AsOf20110331" decimals="-3" unitRef="TWD">36512000</tw-gaap-ci:AvailableSaleFinancialAssetsCurrent>
  <tw-gaap-ci:AvailableSaleFinancialAssetsCurrent contextRef="AsOf20120331" decimals="-3" unitRef="TWD">16651000</tw-gaap-ci:AvailableSaleFinancialAssetsCurrent>
  <tw-gaap-ci:NetNotesReceivable contextRef="AsOf20110331" decimals="-3" unitRef="TWD">198671000</tw-gaap-ci:NetNotesReceivable>
  <tw-gaap-ci:NetNotesReceivable contextRef="AsOf20120331" decimals="-3" unitRef="TWD">220659000</tw-gaap-ci:NetNotesReceivable>
  <tw-gaap-ci:NetAccountsReceivable contextRef="AsOf20110331" decimals="-3" unitRef="TWD">305846000</tw-gaap-ci:NetAccountsReceivable>
  <tw-gaap-ci:NetAccountsReceivable contextRef="AsOf20120331" decimals="-3" unitRef="TWD">280438000</tw-gaap-ci:NetAccountsReceivable>
  <tw-gaap-ci:NetAccountsReceivableRelatedParties contextRef="AsOf20110331" decimals="-3" unitRef="TWD">152094000</tw-gaap-ci:NetAccountsReceivableRelatedParties>
  <tw-gaap-ci:NetAccountsReceivableRelatedParties contextRef="AsOf20120331" decimals="-3" unitRef="TWD">119424000</tw-gaap-ci:NetAccountsReceivableRelatedParties>
  <tw-gaap-ci:OtherReceivablesOther contextRef="AsOf20110331" decimals="-3" unitRef="TWD">5509000</tw-gaap-ci:OtherReceivablesOther>
  <tw-gaap-ci:OtherReceivablesOther contextRef="AsOf20120331" decimals="-3" unitRef="TWD">7693000</tw-gaap-ci:OtherReceivablesOther>
  <tw-gaap-ci:Inventories contextRef="AsOf20110331" decimals="-3" unitRef="TWD">936991000</tw-gaap-ci:Inventories>
  <tw-gaap-ci:Inventories contextRef="AsOf20120331" decimals="-3" unitRef="TWD">1381375000</tw-gaap-ci:Inventories>
  <tw-gaap-ci:OtherPrepayments contextRef="AsOf20110331" decimals="-3" unitRef="TWD">76820000</tw-gaap-ci:OtherPrepayments>
  <tw-gaap-ci:OtherPrepayments contextRef="AsOf20120331" decimals="-3" unitRef="TWD">94748000</tw-gaap-ci:OtherPrepayments>
  <tw-gaap-ci:DeferredIncomeTaxAssetsCurrent contextRef="AsOf20110331" decimals="-3" unitRef="TWD">546000</tw-gaap-ci:DeferredIncomeTaxAssetsCurrent>
  <tw-gaap-ci:DeferredIncomeTaxAssetsCurrent contextRef="AsOf20120331" decimals="-3" unitRef="TWD">2132000</tw-gaap-ci:DeferredIncomeTaxAssetsCurrent>
  <tw-gaap-ci:NetFinancialAssetsCarriedCostNonCurrent contextRef="AsOf20110331" decimals="-3" unitRef="TWD">18795000</tw-gaap-ci:NetFinancialAssetsCarriedCostNonCurrent>
  <tw-gaap-ci:NetFinancialAssetsCarriedCostNonCurrent contextRef="AsOf20120331" decimals="-3" unitRef="TWD">18795000</tw-gaap-ci:NetFinancialAssetsCarriedCostNonCurrent>
  <tw-gaap-ci:LongtermInvestmentsEquity contextRef="AsOf20110331" decimals="-3" unitRef="TWD">238882000</tw-gaap-ci:LongtermInvestmentsEquity>
  <tw-gaap-ci:LongtermInvestmentsEquity contextRef="AsOf20120331" decimals="-3" unitRef="TWD">246377000</tw-gaap-ci:LongtermInvestmentsEquity>
  <tw-gaap-ci:Land contextRef="AsOf20110331" decimals="-3" unitRef="TWD">44244000</tw-gaap-ci:Land>
  <tw-gaap-ci:Land contextRef="AsOf20120331" decimals="-3" unitRef="TWD">44244000</tw-gaap-ci:Land>
  <tw-gaap-ci:BuildingsStructures contextRef="AsOf20110331" decimals="-3" unitRef="TWD">846304000</tw-gaap-ci:BuildingsStructures>
  <tw-gaap-ci:BuildingsStructures contextRef="AsOf20120331" decimals="-3" unitRef="TWD">859351000</tw-gaap-ci:BuildingsStructures>
  <tw-gaap-ci:MachineryEquipment contextRef="AsOf20110331" decimals="-3" unitRef="TWD">2829582000</tw-gaap-ci:MachineryEquipment>
  <tw-gaap-ci:MachineryEquipment contextRef="AsOf20120331" decimals="-3" unitRef="TWD">2877308000</tw-gaap-ci:MachineryEquipment>
  <tw-gaap-ci:TransportationEquipment contextRef="AsOf20110331" decimals="-3" unitRef="TWD">12803000</tw-gaap-ci:TransportationEquipment>
  <tw-gaap-ci:TransportationEquipment contextRef="AsOf20120331" decimals="-3" unitRef="TWD">14385000</tw-gaap-ci:TransportationEquipment>
  <tw-gaap-ci:OtherFacilities contextRef="AsOf20110331" decimals="-3" unitRef="TWD">40890000</tw-gaap-ci:OtherFacilities>
  <tw-gaap-ci:OtherFacilities contextRef="AsOf20120331" decimals="-3" unitRef="TWD">40186000</tw-gaap-ci:OtherFacilities>
  <tw-gaap-ci:AccumulatedDepreciation contextRef="AsOf20110331" decimals="-3" unitRef="TWD">2859087000</tw-gaap-ci:AccumulatedDepreciation>
  <tw-gaap-ci:AccumulatedDepreciation contextRef="AsOf20120331" decimals="-3" unitRef="TWD">3069762000</tw-gaap-ci:AccumulatedDepreciation>
  <tw-gaap-ci:ConstructionProcessPrepaymentEquipments contextRef="AsOf20110331" decimals="-3" unitRef="TWD">8979000</tw-gaap-ci:ConstructionProcessPrepaymentEquipments>
  <tw-gaap-ci:ConstructionProcessPrepaymentEquipments contextRef="AsOf20120331" decimals="-3" unitRef="TWD">3530000</tw-gaap-ci:ConstructionProcessPrepaymentEquipments>
  <tw-gaap-ci:DeferredPensionCost contextRef="AsOf20110331" decimals="-3" unitRef="TWD">299000</tw-gaap-ci:DeferredPensionCost>
  <tw-gaap-ci:DeferredPensionCost contextRef="AsOf20120331" decimals="-3" unitRef="TWD">0</tw-gaap-ci:DeferredPensionCost>
  <tw-gaap-ci:GuaranteeDepositsPaid contextRef="AsOf20110331" decimals="-3" unitRef="TWD">12913000</tw-gaap-ci:GuaranteeDepositsPaid>
  <tw-gaap-ci:GuaranteeDepositsPaid contextRef="AsOf20120331" decimals="-3" unitRef="TWD">9893000</tw-gaap-ci:GuaranteeDepositsPaid>
  <tw-gaap-ci:DeferredCharges contextRef="AsOf20110331" decimals="-3" unitRef="TWD">768000</tw-gaap-ci:DeferredCharges>
  <tw-gaap-ci:DeferredCharges contextRef="AsOf20120331" decimals="-3" unitRef="TWD">478000</tw-gaap-ci:DeferredCharges>
  <tw-gaap-ci:ShortTermBorrowings contextRef="AsOf20110331" decimals="-3" unitRef="TWD">275000</tw-gaap-ci:ShortTermBorrowings>
  <tw-gaap-ci:ShortTermBorrowings contextRef="AsOf20120331" decimals="-3" unitRef="TWD">0</tw-gaap-ci:ShortTermBorrowings>
  <tw-gaap-ci:AccountsPayable contextRef="AsOf20110331" decimals="-3" unitRef="TWD">101346000</tw-gaap-ci:AccountsPayable>
  <tw-gaap-ci:AccountsPayable contextRef="AsOf20120331" decimals="-3" unitRef="TWD">146605000</tw-gaap-ci:AccountsPayable>
  <tw-gaap-ci:AccountsPayableRelatedParties contextRef="AsOf20110331" decimals="-3" unitRef="TWD">76933000</tw-gaap-ci:AccountsPayableRelatedParties>
  <tw-gaap-ci:AccountsPayableRelatedParties contextRef="AsOf20120331" decimals="-3" unitRef="TWD">83071000</tw-gaap-ci:AccountsPayableRelatedParties>
  <tw-gaap-ci:IncomeTaxPayable contextRef="AsOf20110331" decimals="-3" unitRef="TWD">100298000</tw-gaap-ci:IncomeTaxPayable>
  <tw-gaap-ci:IncomeTaxPayable contextRef="AsOf20120331" decimals="-3" unitRef="TWD">73457000</tw-gaap-ci:IncomeTaxPayable>
  <tw-gaap-ci:AccruedExpenses contextRef="AsOf20110331" decimals="-3" unitRef="TWD">128702000</tw-gaap-ci:AccruedExpenses>
  <tw-gaap-ci:AccruedExpenses contextRef="AsOf20120331" decimals="-3" unitRef="TWD">137895000</tw-gaap-ci:AccruedExpenses>
  <tw-gaap-ci:OtherPayables contextRef="AsOf20110331" decimals="-3" unitRef="TWD">2610000</tw-gaap-ci:OtherPayables>
  <tw-gaap-ci:OtherPayables contextRef="AsOf20120331" decimals="-3" unitRef="TWD">2547000</tw-gaap-ci:OtherPayables>
  <tw-gaap-ci:AdvanceReceipts contextRef="AsOf20110331" decimals="-3" unitRef="TWD">51967000</tw-gaap-ci:AdvanceReceipts>
  <tw-gaap-ci:AdvanceReceipts contextRef="AsOf20120331" decimals="-3" unitRef="TWD">75347000</tw-gaap-ci:AdvanceReceipts>
  <tw-gaap-ci:PensionReserve contextRef="AsOf20110331" decimals="-3" unitRef="TWD">19863000</tw-gaap-ci:PensionReserve>
  <tw-gaap-ci:PensionReserve contextRef="AsOf20120331" decimals="-3" unitRef="TWD">15325000</tw-gaap-ci:PensionReserve>
  <tw-gaap-ci:GuaranteeDepositsReceived contextRef="AsOf20110331" decimals="-3" unitRef="TWD">120000</tw-gaap-ci:GuaranteeDepositsReceived>
  <tw-gaap-ci:GuaranteeDepositsReceived contextRef="AsOf20120331" decimals="-3" unitRef="TWD">450000</tw-gaap-ci:GuaranteeDepositsReceived>
  <tw-gaap-ci:DeferredIncomeTax contextRef="AsOf20110331" decimals="-3" unitRef="TWD">1052000</tw-gaap-ci:DeferredIncomeTax>
  <tw-gaap-ci:DeferredIncomeTax contextRef="AsOf20120331" decimals="-3" unitRef="TWD">3716000</tw-gaap-ci:DeferredIncomeTax>
  <tw-gaap-ci:CommonStock contextRef="AsOf20110331" decimals="-3" unitRef="TWD">1599749000</tw-gaap-ci:CommonStock>
  <tw-gaap-ci:CommonStock contextRef="AsOf20120331" decimals="-3" unitRef="TWD">1599749000</tw-gaap-ci:CommonStock>
  <tw-gaap-ci:CapitalSurplusAdditionalPaidCapitalCommonStock contextRef="AsOf20110331" decimals="-3" unitRef="TWD">154000</tw-gaap-ci:CapitalSurplusAdditionalPaidCapitalCommonStock>
  <tw-gaap-ci:CapitalSurplusAdditionalPaidCapitalCommonStock contextRef="AsOf20120331" decimals="-3" unitRef="TWD">154000</tw-gaap-ci:CapitalSurplusAdditionalPaidCapitalCommonStock>
  <tw-gaap-ci:CapitalSurplusTreasuryStockTransactions contextRef="AsOf20110331" decimals="-3" unitRef="TWD">23630000</tw-gaap-ci:CapitalSurplusTreasuryStockTransactions>
  <tw-gaap-ci:CapitalSurplusTreasuryStockTransactions contextRef="AsOf20120331" decimals="-3" unitRef="TWD">23630000</tw-gaap-ci:CapitalSurplusTreasuryStockTransactions>
  <tw-gaap-ci:LegalReserve contextRef="AsOf20110331" decimals="-3" unitRef="TWD">537134000</tw-gaap-ci:LegalReserve>
  <tw-gaap-ci:LegalReserve contextRef="AsOf20120331" decimals="-3" unitRef="TWD">604134000</tw-gaap-ci:LegalReserve>
  <tw-gaap-ci:SpecialReserve contextRef="AsOf20110331" decimals="-3" unitRef="TWD">46750000</tw-gaap-ci:SpecialReserve>
  <tw-gaap-ci:SpecialReserve contextRef="AsOf20120331" decimals="-3" unitRef="TWD">61909000</tw-gaap-ci:SpecialReserve>
  <tw-gaap-ci:UnappropriatedRetainedEarnings contextRef="AsOf20110331" decimals="-3" unitRef="TWD">980276000</tw-gaap-ci:UnappropriatedRetainedEarnings>
  <tw-gaap-ci:UnappropriatedRetainedEarnings contextRef="AsOf20120331" decimals="-3" unitRef="TWD">877285000</tw-gaap-ci:UnappropriatedRetainedEarnings>
  <tw-gaap-ci:NetLossNotRecognizedPensionCost contextRef="AsOf20110331" decimals="-3" unitRef="TWD">48225000</tw-gaap-ci:NetLossNotRecognizedPensionCost>
  <tw-gaap-ci:NetLossNotRecognizedPensionCost contextRef="AsOf20120331" decimals="-3" unitRef="TWD">48040000</tw-gaap-ci:NetLossNotRecognizedPensionCost>
  <tw-gaap-ci:UnrealizedGainsLossesFinancialInstruments contextRef="AsOf20110331" decimals="-3" unitRef="TWD">-25975000</tw-gaap-ci:UnrealizedGainsLossesFinancialInstruments>
  <tw-gaap-ci:UnrealizedGainsLossesFinancialInstruments contextRef="AsOf20120331" decimals="-3" unitRef="TWD">-45836000</tw-gaap-ci:UnrealizedGainsLossesFinancialInstruments>
  <tw-gaap-ci:EquivalentSharesOutstandingAdvanceReceiptsCommonStock contextRef="AsOf20110331" decimals="0" unitRef="Shares">0</tw-gaap-ci:EquivalentSharesOutstandingAdvanceReceiptsCommonStock>
  <tw-gaap-ci:EquivalentSharesOutstandingAdvanceReceiptsCommonStock contextRef="AsOf20120331" decimals="0" unitRef="Shares">0</tw-gaap-ci:EquivalentSharesOutstandingAdvanceReceiptsCommonStock>
  <tw-gaap-ci:NumberTreasuryStockAcquiredCompanySubsidiaries contextRef="AsOf20110331" decimals="0" unitRef="Shares">0</tw-gaap-ci:NumberTreasuryStockAcquiredCompanySubsidiaries>
  <tw-gaap-ci:NumberTreasuryStockAcquiredCompanySubsidiaries contextRef="AsOf20120331" decimals="0" unitRef="Shares">0</tw-gaap-ci:NumberTreasuryStockAcquiredCompanySubsidiaries>
  <tw-gaap-ci:Assets contextRef="AsOf20110331" decimals="-3" unitRef="TWD">3596659000</tw-gaap-ci:Assets>
  <tw-gaap-ci:Assets contextRef="AsOf20120331" decimals="-3" unitRef="TWD">3611398000</tw-gaap-ci:Assets>
  <tw-gaap-ci:OtherAssets contextRef="AsOf20110331" decimals="-3" unitRef="TWD">13681000</tw-gaap-ci:OtherAssets>
  <tw-gaap-ci:OtherAssets contextRef="AsOf20120331" decimals="-3" unitRef="TWD">10371000</tw-gaap-ci:OtherAssets>
  <tw-gaap-ci:CurrentAssets contextRef="AsOf20110331" decimals="-3" unitRef="TWD">2401287000</tw-gaap-ci:CurrentAssets>
  <tw-gaap-ci:CurrentAssets contextRef="AsOf20120331" decimals="-3" unitRef="TWD">2566613000</tw-gaap-ci:CurrentAssets>
  <tw-gaap-ci:OtherReceivables contextRef="AsOf20110331" decimals="-3" unitRef="TWD">5509000</tw-gaap-ci:OtherReceivables>
  <tw-gaap-ci:OtherReceivables contextRef="AsOf20120331" decimals="-3" unitRef="TWD">7693000</tw-gaap-ci:OtherReceivables>
  <tw-gaap-ci:OtherCurrentAssets contextRef="AsOf20110331" decimals="-3" unitRef="TWD">546000</tw-gaap-ci:OtherCurrentAssets>
  <tw-gaap-ci:OtherCurrentAssets contextRef="AsOf20120331" decimals="-3" unitRef="TWD">2132000</tw-gaap-ci:OtherCurrentAssets>
  <tw-gaap-ci:FundsInvestments contextRef="AsOf20110331" decimals="-3" unitRef="TWD">257677000</tw-gaap-ci:FundsInvestments>
  <tw-gaap-ci:FundsInvestments contextRef="AsOf20120331" decimals="-3" unitRef="TWD">265172000</tw-gaap-ci:FundsInvestments>
  <tw-gaap-ci:LongtermInvestments contextRef="AsOf20110331" decimals="-3" unitRef="TWD">238882000</tw-gaap-ci:LongtermInvestments>
  <tw-gaap-ci:LongtermInvestments contextRef="AsOf20120331" decimals="-3" unitRef="TWD">246377000</tw-gaap-ci:LongtermInvestments>
  <tw-gaap-ci:FixedAssets contextRef="AsOf20110331" decimals="-3" unitRef="TWD">923715000</tw-gaap-ci:FixedAssets>
  <tw-gaap-ci:FixedAssets contextRef="AsOf20120331" decimals="-3" unitRef="TWD">769242000</tw-gaap-ci:FixedAssets>
  <tw-gaap-ci:CostsRevaluationIncrement contextRef="AsOf20110331" decimals="-3" unitRef="TWD">3773823000</tw-gaap-ci:CostsRevaluationIncrement>
  <tw-gaap-ci:CostsRevaluationIncrement contextRef="AsOf20120331" decimals="-3" unitRef="TWD">3835474000</tw-gaap-ci:CostsRevaluationIncrement>
  <tw-gaap-ci:FixedAssetsOriginalCosts contextRef="AsOf20110331" decimals="-3" unitRef="TWD">3773823000</tw-gaap-ci:FixedAssetsOriginalCosts>
  <tw-gaap-ci:FixedAssetsOriginalCosts contextRef="AsOf20120331" decimals="-3" unitRef="TWD">3835474000</tw-gaap-ci:FixedAssetsOriginalCosts>
  <tw-gaap-ci:IntangibleAssets contextRef="AsOf20110331" decimals="-3" unitRef="TWD">299000</tw-gaap-ci:IntangibleAssets>
  <tw-gaap-ci:IntangibleAssets contextRef="AsOf20120331" decimals="-3" unitRef="TWD">0</tw-gaap-ci:IntangibleAssets>
  <tw-gaap-ci:Liabilities contextRef="AsOf20110331" decimals="-3" unitRef="TWD">483166000</tw-gaap-ci:Liabilities>
  <tw-gaap-ci:Liabilities contextRef="AsOf20120331" decimals="-3" unitRef="TWD">538413000</tw-gaap-ci:Liabilities>
  <tw-gaap-ci:CurrentLiabilities contextRef="AsOf20110331" decimals="-3" unitRef="TWD">462131000</tw-gaap-ci:CurrentLiabilities>
  <tw-gaap-ci:CurrentLiabilities contextRef="AsOf20120331" decimals="-3" unitRef="TWD">518922000</tw-gaap-ci:CurrentLiabilities>
  <tw-gaap-ci:OtherLiabilities contextRef="AsOf20110331" decimals="-3" unitRef="TWD">21035000</tw-gaap-ci:OtherLiabilities>
  <tw-gaap-ci:OtherLiabilities contextRef="AsOf20120331" decimals="-3" unitRef="TWD">19491000</tw-gaap-ci:OtherLiabilities>
  <tw-gaap-ci:StockholdersEquities contextRef="AsOf20110331" decimals="-3" unitRef="TWD">3113493000</tw-gaap-ci:StockholdersEquities>
  <tw-gaap-ci:StockholdersEquities contextRef="AsOf20120331" decimals="-3" unitRef="TWD">3072985000</tw-gaap-ci:StockholdersEquities>
  <tw-gaap-ci:CapitalSurplus contextRef="AsOf20110331" decimals="-3" unitRef="TWD">23784000</tw-gaap-ci:CapitalSurplus>
  <tw-gaap-ci:CapitalSurplus contextRef="AsOf20120331" decimals="-3" unitRef="TWD">23784000</tw-gaap-ci:CapitalSurplus>
  <tw-gaap-ci:CapitalSurplusAdditionalPaidCapital contextRef="AsOf20110331" decimals="-3" unitRef="TWD">154000</tw-gaap-ci:CapitalSurplusAdditionalPaidCapital>
  <tw-gaap-ci:CapitalSurplusAdditionalPaidCapital contextRef="AsOf20120331" decimals="-3" unitRef="TWD">154000</tw-gaap-ci:CapitalSurplusAdditionalPaidCapital>
  <tw-gaap-ci:RetainedEarnings contextRef="AsOf20110331" decimals="-3" unitRef="TWD">1564160000</tw-gaap-ci:RetainedEarnings>
  <tw-gaap-ci:RetainedEarnings contextRef="AsOf20120331" decimals="-3" unitRef="TWD">1543328000</tw-gaap-ci:RetainedEarnings>
  <tw-gaap-ci:StockholdersEquitiesAdjustments contextRef="AsOf20110331" decimals="-3" unitRef="TWD">-74200000</tw-gaap-ci:StockholdersEquitiesAdjustments>
  <tw-gaap-ci:StockholdersEquitiesAdjustments contextRef="AsOf20120331" decimals="-3" unitRef="TWD">-93876000</tw-gaap-ci:StockholdersEquitiesAdjustments>
  <tw-gaap-ci:Capital contextRef="AsOf20110331" decimals="-3" unitRef="TWD">1599749000</tw-gaap-ci:Capital>
  <tw-gaap-ci:Capital contextRef="AsOf20120331" decimals="-3" unitRef="TWD">1599749000</tw-gaap-ci:Capital>
  <tw-gaap-ci:Sales contextRef="From20110101To20110331" decimals="-3" unitRef="TWD">3975999000</tw-gaap-ci:Sales>
  <tw-gaap-ci:Sales contextRef="From20120101To20120331" decimals="-3" unitRef="TWD">3830083000</tw-gaap-ci:Sales>
  <tw-gaap-ci:SalesReturns contextRef="From20110101To20110331" decimals="-3" unitRef="TWD">0</tw-gaap-ci:SalesReturns>
  <tw-gaap-ci:SalesReturns contextRef="From20120101To20120331" decimals="-3" unitRef="TWD">8000</tw-gaap-ci:SalesReturns>
  <tw-gaap-ci:SalesDiscountsAllowances contextRef="From20110101To20110331" decimals="-3" unitRef="TWD">2000000</tw-gaap-ci:SalesDiscountsAllowances>
  <tw-gaap-ci:SalesDiscountsAllowances contextRef="From20120101To20120331" decimals="-3" unitRef="TWD">2128000</tw-gaap-ci:SalesDiscountsAllowances>
  <tw-gaap-ci:ProcessingFeesRevenue contextRef="From20110101To20110331" decimals="-3" unitRef="TWD">112578000</tw-gaap-ci:ProcessingFeesRevenue>
  <tw-gaap-ci:ProcessingFeesRevenue contextRef="From20120101To20120331" decimals="-3" unitRef="TWD">89448000</tw-gaap-ci:ProcessingFeesRevenue>
  <tw-gaap-ci:CostSales contextRef="From20110101To20110331" decimals="-3" unitRef="TWD">3755228000</tw-gaap-ci:CostSales>
  <tw-gaap-ci:CostSales contextRef="From20120101To20120331" decimals="-3" unitRef="TWD">3605514000</tw-gaap-ci:CostSales>
  <tw-gaap-ci:ProcessingCost contextRef="From20110101To20110331" decimals="-3" unitRef="TWD">94689000</tw-gaap-ci:ProcessingCost>
  <tw-gaap-ci:ProcessingCost contextRef="From20120101To20120331" decimals="-3" unitRef="TWD">79562000</tw-gaap-ci:ProcessingCost>
  <tw-gaap-ci:Sellingexpense contextRef="From20110101To20110331" decimals="-3" unitRef="TWD">46854000</tw-gaap-ci:Sellingexpense>
  <tw-gaap-ci:Sellingexpense contextRef="From20120101To20120331" decimals="-3" unitRef="TWD">42007000</tw-gaap-ci:Sellingexpense>
  <tw-gaap-ci:GeneralAdministrativeExpenses contextRef="From20110101To20110331" decimals="-3" unitRef="TWD">28056000</tw-gaap-ci:GeneralAdministrativeExpenses>
  <tw-gaap-ci:GeneralAdministrativeExpenses contextRef="From20120101To20120331" decimals="-3" unitRef="TWD">24874000</tw-gaap-ci:GeneralAdministrativeExpenses>
  <tw-gaap-ci:ResearchDevelopmentExpenses contextRef="From20110101To20110331" decimals="-3" unitRef="TWD">877000</tw-gaap-ci:ResearchDevelopmentExpenses>
  <tw-gaap-ci:ResearchDevelopmentExpenses contextRef="From20120101To20120331" decimals="-3" unitRef="TWD">861000</tw-gaap-ci:ResearchDevelopmentExpenses>
  <tw-gaap-ci:InterestIncome contextRef="From20110101To20110331" decimals="-3" unitRef="TWD">0</tw-gaap-ci:InterestIncome>
  <tw-gaap-ci:InterestIncome contextRef="From20120101To20120331" decimals="-3" unitRef="TWD">44000</tw-gaap-ci:InterestIncome>
  <tw-gaap-ci:InvestmentGainsRecognizedEquityMethod contextRef="From20110101To20110331" decimals="-3" unitRef="TWD">5365000</tw-gaap-ci:InvestmentGainsRecognizedEquityMethod>
  <tw-gaap-ci:InvestmentGainsRecognizedEquityMethod contextRef="From20120101To20120331" decimals="-3" unitRef="TWD">5525000</tw-gaap-ci:InvestmentGainsRecognizedEquityMethod>
  <tw-gaap-ci:ForeignExchangeGains contextRef="From20110101To20110331" decimals="-3" unitRef="TWD">28487000</tw-gaap-ci:ForeignExchangeGains>
  <tw-gaap-ci:ForeignExchangeGains contextRef="From20120101To20120331" decimals="-3" unitRef="TWD">7038000</tw-gaap-ci:ForeignExchangeGains>
  <tw-gaap-ci:RevaluationGainFinancialAssets contextRef="From20110101To20110331" decimals="-3" unitRef="TWD">5035000</tw-gaap-ci:RevaluationGainFinancialAssets>
  <tw-gaap-ci:RevaluationGainFinancialAssets contextRef="From20120101To20120331" decimals="-3" unitRef="TWD">0</tw-gaap-ci:RevaluationGainFinancialAssets>
  <tw-gaap-ci:MiscellaneousIncome contextRef="From20110101To20110331" decimals="-3" unitRef="TWD">2586000</tw-gaap-ci:MiscellaneousIncome>
  <tw-gaap-ci:MiscellaneousIncome contextRef="From20120101To20120331" decimals="-3" unitRef="TWD">3697000</tw-gaap-ci:MiscellaneousIncome>
  <tw-gaap-ci:InterestExpense contextRef="From20110101To20110331" decimals="-3" unitRef="TWD">770000</tw-gaap-ci:InterestExpense>
  <tw-gaap-ci:InterestExpense contextRef="From20120101To20120331" decimals="-3" unitRef="TWD">849000</tw-gaap-ci:InterestExpense>
  <tw-gaap-ci:RevaluationLossFinancialAssets contextRef="From20110101To20110331" decimals="-3" unitRef="TWD">0</tw-gaap-ci:RevaluationLossFinancialAssets>
  <tw-gaap-ci:RevaluationLossFinancialAssets contextRef="From20120101To20120331" decimals="-3" unitRef="TWD">37343000</tw-gaap-ci:RevaluationLossFinancialAssets>
  <tw-gaap-ci:IncomeTaxExpenseBenefit contextRef="From20110101To20110331" decimals="-3" unitRef="TWD">33355000</tw-gaap-ci:IncomeTaxExpenseBenefit>
  <tw-gaap-ci:IncomeTaxExpenseBenefit contextRef="From20120101To20120331" decimals="-3" unitRef="TWD">22394000</tw-gaap-ci:IncomeTaxExpenseBenefit>
  <tw-gaap-ci:PrimaryEarningsPerShareIncomeLossContinuingOperations contextRef="From20110101To20110331" decimals="2" unitRef="TWD">1.05</tw-gaap-ci:PrimaryEarningsPerShareIncomeLossContinuingOperations>
  <tw-gaap-ci:PrimaryEarningsPerShareIncomeLossContinuingOperations contextRef="From20120101To20120331" decimals="2" unitRef="TWD">0.75</tw-gaap-ci:PrimaryEarningsPerShareIncomeLossContinuingOperations>
  <tw-gaap-ci:DilutedEarningsPerShareIncomeLossContinuingOperations contextRef="From20110101To20110331" decimals="2" unitRef="TWD">1.05</tw-gaap-ci:DilutedEarningsPerShareIncomeLossContinuingOperations>
  <tw-gaap-ci:DilutedEarningsPerShareIncomeLossContinuingOperations contextRef="From20120101To20120331" decimals="2" unitRef="TWD">0.75</tw-gaap-ci:DilutedEarningsPerShareIncomeLossContinuingOperations>
  <tw-gaap-ci:DilutedEarningsPerShare contextRef="From20110101To20110331" decimals="2" unitRef="TWD">1.05</tw-gaap-ci:DilutedEarningsPerShare>
  <tw-gaap-ci:DilutedEarningsPerShare contextRef="From20120101To20120331" decimals="2" unitRef="TWD">0.75</tw-gaap-ci:DilutedEarningsPerShare>
  <tw-gaap-ci:PrimaryEarningsPerShare contextRef="From20110101To20110331" decimals="2" unitRef="TWD">1.05</tw-gaap-ci:PrimaryEarningsPerShare>
  <tw-gaap-ci:PrimaryEarningsPerShare contextRef="From20120101To20120331" decimals="2" unitRef="TWD">0.75</tw-gaap-ci:PrimaryEarningsPerShare>
  <tw-gaap-ci:NetIncomeLoss contextRef="From20110101To20110331" decimals="-3" unitRef="TWD">168221000</tw-gaap-ci:NetIncomeLoss>
  <tw-gaap-ci:NetIncomeLoss contextRef="From20120101To20120331" decimals="-3" unitRef="TWD">120295000</tw-gaap-ci:NetIncomeLoss>
  <tw-gaap-ci:IncomeContinuingOperations contextRef="From20110101To20110331" decimals="-3" unitRef="TWD">168221000</tw-gaap-ci:IncomeContinuingOperations>
  <tw-gaap-ci:IncomeContinuingOperations contextRef="From20120101To20120331" decimals="-3" unitRef="TWD">120295000</tw-gaap-ci:IncomeContinuingOperations>
  <tw-gaap-ci:IncomeContinuingOperationsBeforeIncomeTax contextRef="From20110101To20110331" decimals="-3" unitRef="TWD">201576000</tw-gaap-ci:IncomeContinuingOperationsBeforeIncomeTax>
  <tw-gaap-ci:IncomeContinuingOperationsBeforeIncomeTax contextRef="From20120101To20120331" decimals="-3" unitRef="TWD">142689000</tw-gaap-ci:IncomeContinuingOperationsBeforeIncomeTax>
  <tw-gaap-ci:OperatingIncomeLoss contextRef="From20110101To20110331" decimals="-3" unitRef="TWD">160873000</tw-gaap-ci:OperatingIncomeLoss>
  <tw-gaap-ci:OperatingIncomeLoss contextRef="From20120101To20120331" decimals="-3" unitRef="TWD">164577000</tw-gaap-ci:OperatingIncomeLoss>
  <tw-gaap-ci:GrossProfitLossOperations contextRef="From20110101To20110331" decimals="-3" unitRef="TWD">236660000</tw-gaap-ci:GrossProfitLossOperations>
  <tw-gaap-ci:GrossProfitLossOperations contextRef="From20120101To20120331" decimals="-3" unitRef="TWD">232319000</tw-gaap-ci:GrossProfitLossOperations>
  <tw-gaap-ci:OperatingCosts contextRef="From20110101To20110331" decimals="-3" unitRef="TWD">3849917000</tw-gaap-ci:OperatingCosts>
  <tw-gaap-ci:OperatingCosts contextRef="From20120101To20120331" decimals="-3" unitRef="TWD">3685076000</tw-gaap-ci:OperatingCosts>
  <tw-gaap-ci:TotalCostServices contextRef="From20110101To20110331" decimals="-3" unitRef="TWD">94689000</tw-gaap-ci:TotalCostServices>
  <tw-gaap-ci:TotalCostServices contextRef="From20120101To20120331" decimals="-3" unitRef="TWD">79562000</tw-gaap-ci:TotalCostServices>
  <tw-gaap-ci:OperatingRevenue contextRef="From20110101To20110331" decimals="-3" unitRef="TWD">4086577000</tw-gaap-ci:OperatingRevenue>
  <tw-gaap-ci:OperatingRevenue contextRef="From20120101To20120331" decimals="-3" unitRef="TWD">3917395000</tw-gaap-ci:OperatingRevenue>
  <tw-gaap-ci:NetSales contextRef="From20110101To20110331" decimals="-3" unitRef="TWD">3973999000</tw-gaap-ci:NetSales>
  <tw-gaap-ci:NetSales contextRef="From20120101To20120331" decimals="-3" unitRef="TWD">3827947000</tw-gaap-ci:NetSales>
  <tw-gaap-ci:TotalServiceRevenue contextRef="From20110101To20110331" decimals="-3" unitRef="TWD">112578000</tw-gaap-ci:TotalServiceRevenue>
  <tw-gaap-ci:TotalServiceRevenue contextRef="From20120101To20120331" decimals="-3" unitRef="TWD">89448000</tw-gaap-ci:TotalServiceRevenue>
  <tw-gaap-ci:OperatingExpenses contextRef="From20110101To20110331" decimals="-3" unitRef="TWD">75787000</tw-gaap-ci:OperatingExpenses>
  <tw-gaap-ci:OperatingExpenses contextRef="From20120101To20120331" decimals="-3" unitRef="TWD">67742000</tw-gaap-ci:OperatingExpenses>
  <tw-gaap-ci:NonOperatingIncomeGains contextRef="From20110101To20110331" decimals="-3" unitRef="TWD">41473000</tw-gaap-ci:NonOperatingIncomeGains>
  <tw-gaap-ci:NonOperatingIncomeGains contextRef="From20120101To20120331" decimals="-3" unitRef="TWD">16304000</tw-gaap-ci:NonOperatingIncomeGains>
  <tw-gaap-ci:InvestmentGains contextRef="From20110101To20110331" decimals="-3" unitRef="TWD">5365000</tw-gaap-ci:InvestmentGains>
  <tw-gaap-ci:InvestmentGains contextRef="From20120101To20120331" decimals="-3" unitRef="TWD">5525000</tw-gaap-ci:InvestmentGains>
  <tw-gaap-ci:NonOperatingExpenses contextRef="From20110101To20110331" decimals="-3" unitRef="TWD">770000</tw-gaap-ci:NonOperatingExpenses>
  <tw-gaap-ci:NonOperatingExpenses contextRef="From20120101To20120331" decimals="-3" unitRef="TWD">38192000</tw-gaap-ci:NonOperatingExpenses>
  <tw-gaap-ci:AcquisitionPropertyPlantEquipment contextRef="From20110101To20110331" decimals="-3" unitRef="TWD">-9674000</tw-gaap-ci:AcquisitionPropertyPlantEquipment>
  <tw-gaap-ci:AcquisitionPropertyPlantEquipment contextRef="From20120101To20120331" decimals="-3" unitRef="TWD">-8720000</tw-gaap-ci:AcquisitionPropertyPlantEquipment>
  <tw-gaap-ci:AmortizationExpense-Operating contextRef="From20110101To20110331" decimals="-3" unitRef="TWD">203000</tw-gaap-ci:AmortizationExpense-Operating>
  <tw-gaap-ci:AmortizationExpense-Operating contextRef="From20120101To20120331" decimals="-3" unitRef="TWD">151000</tw-gaap-ci:AmortizationExpense-Operating>
  <tw-gaap-ci:CashCashEquivalents contextRef="AsOf20110101" decimals="-3" unitRef="TWD">346889000</tw-gaap-ci:CashCashEquivalents>
  <tw-gaap-ci:CashCashEquivalents contextRef="AsOf20120101" decimals="-3" unitRef="TWD">222964000</tw-gaap-ci:CashCashEquivalents>
  <tw-gaap-ci:ChangesAccountsPayable contextRef="From20110101To20110331" decimals="-3" unitRef="TWD">51251000</tw-gaap-ci:ChangesAccountsPayable>
  <tw-gaap-ci:ChangesAccountsPayable contextRef="From20120101To20120331" decimals="-3" unitRef="TWD">-12407000</tw-gaap-ci:ChangesAccountsPayable>
  <tw-gaap-ci:ChangesAccountsPayableRelatedParties contextRef="From20110101To20110331" decimals="-3" unitRef="TWD">-50072000</tw-gaap-ci:ChangesAccountsPayableRelatedParties>
  <tw-gaap-ci:ChangesAccountsPayableRelatedParties contextRef="From20120101To20120331" decimals="-3" unitRef="TWD">53534000</tw-gaap-ci:ChangesAccountsPayableRelatedParties>
  <tw-gaap-ci:ChangesAccountsReceivable contextRef="From20110101To20110331" decimals="-3" unitRef="TWD">18579000</tw-gaap-ci:ChangesAccountsReceivable>
  <tw-gaap-ci:ChangesAccountsReceivable contextRef="From20120101To20120331" decimals="-3" unitRef="TWD">5944000</tw-gaap-ci:ChangesAccountsReceivable>
  <tw-gaap-ci:ChangesAccountsReceivableRelatedParties contextRef="From20110101To20110331" decimals="-3" unitRef="TWD">51458000</tw-gaap-ci:ChangesAccountsReceivableRelatedParties>
  <tw-gaap-ci:ChangesAccountsReceivableRelatedParties contextRef="From20120101To20120331" decimals="-3" unitRef="TWD">20043000</tw-gaap-ci:ChangesAccountsReceivableRelatedParties>
  <tw-gaap-ci:ChangesAccruedExpenses contextRef="From20110101To20110331" decimals="-3" unitRef="TWD">-78778000</tw-gaap-ci:ChangesAccruedExpenses>
  <tw-gaap-ci:ChangesAccruedExpenses contextRef="From20120101To20120331" decimals="-3" unitRef="TWD">-77873000</tw-gaap-ci:ChangesAccruedExpenses>
  <tw-gaap-ci:ChangesAccruedPensionLiabilities contextRef="From20110101To20110331" decimals="-3" unitRef="TWD">513000</tw-gaap-ci:ChangesAccruedPensionLiabilities>
  <tw-gaap-ci:ChangesAccruedPensionLiabilities contextRef="From20120101To20120331" decimals="-3" unitRef="TWD">23000</tw-gaap-ci:ChangesAccruedPensionLiabilities>
  <tw-gaap-ci:ChangesDeferredTaxAssets contextRef="From20110101To20110331" decimals="-3" unitRef="TWD">6492000</tw-gaap-ci:ChangesDeferredTaxAssets>
  <tw-gaap-ci:ChangesDeferredTaxAssets contextRef="From20120101To20120331" decimals="-3" unitRef="TWD">-168000</tw-gaap-ci:ChangesDeferredTaxAssets>
  <tw-gaap-ci:ChangesDeferredTaxLiabilities contextRef="From20110101To20110331" decimals="-3" unitRef="TWD">22000</tw-gaap-ci:ChangesDeferredTaxLiabilities>
  <tw-gaap-ci:ChangesDeferredTaxLiabilities contextRef="From20120101To20120331" decimals="-3" unitRef="TWD">21000</tw-gaap-ci:ChangesDeferredTaxLiabilities>
  <tw-gaap-ci:ChangesGuaranteeDepositsReceived contextRef="From20110101To20110331" decimals="-3" unitRef="TWD">-20000</tw-gaap-ci:ChangesGuaranteeDepositsReceived>
  <tw-gaap-ci:ChangesGuaranteeDepositsReceived contextRef="From20120101To20120331" decimals="-3" unitRef="TWD">330000</tw-gaap-ci:ChangesGuaranteeDepositsReceived>
  <tw-gaap-ci:ChangeShorttermNotesBillsPayable contextRef="From20110101To20110331" decimals="-3" unitRef="TWD">0</tw-gaap-ci:ChangeShorttermNotesBillsPayable>
  <tw-gaap-ci:ChangeShorttermNotesBillsPayable contextRef="From20120101To20120331" decimals="-3" unitRef="TWD">0</tw-gaap-ci:ChangeShorttermNotesBillsPayable>
  <tw-gaap-ci:ChangesIncomeTaxPayable contextRef="From20110101To20110331" decimals="-3" unitRef="TWD">26841000</tw-gaap-ci:ChangesIncomeTaxPayable>
  <tw-gaap-ci:ChangesIncomeTaxPayable contextRef="From20120101To20120331" decimals="-3" unitRef="TWD">22541000</tw-gaap-ci:ChangesIncomeTaxPayable>
  <tw-gaap-ci:ChangesInventories contextRef="From20110101To20110331" decimals="-3" unitRef="TWD">378736000</tw-gaap-ci:ChangesInventories>
  <tw-gaap-ci:ChangesInventories contextRef="From20120101To20120331" decimals="-3" unitRef="TWD">117876000</tw-gaap-ci:ChangesInventories>
  <tw-gaap-ci:ChangesNotesReceivable contextRef="From20110101To20110331" decimals="-3" unitRef="TWD">24854000</tw-gaap-ci:ChangesNotesReceivable>
  <tw-gaap-ci:ChangesNotesReceivable contextRef="From20120101To20120331" decimals="-3" unitRef="TWD">5950000</tw-gaap-ci:ChangesNotesReceivable>
  <tw-gaap-ci:ChangesOtherPayables contextRef="From20110101To20110331" decimals="-3" unitRef="TWD">106000</tw-gaap-ci:ChangesOtherPayables>
  <tw-gaap-ci:ChangesOtherPayables contextRef="From20120101To20120331" decimals="-3" unitRef="TWD">-144000</tw-gaap-ci:ChangesOtherPayables>
  <tw-gaap-ci:ChangesOtherPrepayments contextRef="From20110101To20110331" decimals="-3" unitRef="TWD">15752000</tw-gaap-ci:ChangesOtherPrepayments>
  <tw-gaap-ci:ChangesOtherPrepayments contextRef="From20120101To20120331" decimals="-3" unitRef="TWD">-14637000</tw-gaap-ci:ChangesOtherPrepayments>
  <tw-gaap-ci:ChangesOtherReceivables contextRef="From20110101To20110331" decimals="-3" unitRef="TWD">-5152000</tw-gaap-ci:ChangesOtherReceivables>
  <tw-gaap-ci:ChangesOtherReceivables contextRef="From20120101To20120331" decimals="-3" unitRef="TWD">-6533000</tw-gaap-ci:ChangesOtherReceivables>
  <tw-gaap-ci:ChangesReceiptsAdvance contextRef="From20110101To20110331" decimals="-3" unitRef="TWD">-36513000</tw-gaap-ci:ChangesReceiptsAdvance>
  <tw-gaap-ci:ChangesReceiptsAdvance contextRef="From20120101To20120331" decimals="-3" unitRef="TWD">-3214000</tw-gaap-ci:ChangesReceiptsAdvance>
  <tw-gaap-ci:ChangesRefundableDeposits contextRef="From20110101To20110331" decimals="-3" unitRef="TWD">-3420000</tw-gaap-ci:ChangesRefundableDeposits>
  <tw-gaap-ci:ChangesRefundableDeposits contextRef="From20120101To20120331" decimals="-3" unitRef="TWD">1207000</tw-gaap-ci:ChangesRefundableDeposits>
  <tw-gaap-ci:ChangesShortTermLoans contextRef="From20110101To20110331" decimals="-3" unitRef="TWD">-219195000</tw-gaap-ci:ChangesShortTermLoans>
  <tw-gaap-ci:ChangesShortTermLoans contextRef="From20120101To20120331" decimals="-3" unitRef="TWD">-48370000</tw-gaap-ci:ChangesShortTermLoans>
  <tw-gaap-ci:DepreciationExpense-Operating contextRef="From20110101To20110331" decimals="-3" unitRef="TWD">50899000</tw-gaap-ci:DepreciationExpense-Operating>
  <tw-gaap-ci:DepreciationExpense-Operating contextRef="From20120101To20120331" decimals="-3" unitRef="TWD">54478000</tw-gaap-ci:DepreciationExpense-Operating>
  <tw-gaap-ci:EffectExchangeRateChanges contextRef="From20110101To20110331" decimals="-3" unitRef="TWD">693000</tw-gaap-ci:EffectExchangeRateChanges>
  <tw-gaap-ci:EffectExchangeRateChanges contextRef="From20120101To20120331" decimals="-3" unitRef="TWD">561000</tw-gaap-ci:EffectExchangeRateChanges>
  <tw-gaap-ci:GainLossInventoryValuationObsolescenceRecoverie contextRef="From20110101To20110331" decimals="-3" unitRef="TWD">-3000</tw-gaap-ci:GainLossInventoryValuationObsolescenceRecoverie>
  <tw-gaap-ci:GainLossInventoryValuationObsolescenceRecoverie contextRef="From20120101To20120331" decimals="-3" unitRef="TWD">-14647000</tw-gaap-ci:GainLossInventoryValuationObsolescenceRecoverie>
  <tw-gaap-ci:GainsLossesSaleInvestments contextRef="From20110101To20110331" decimals="-3" unitRef="TWD">0</tw-gaap-ci:GainsLossesSaleInvestments>
  <tw-gaap-ci:GainsLossesSaleInvestments contextRef="From20120101To20120331" decimals="-3" unitRef="TWD">0</tw-gaap-ci:GainsLossesSaleInvestments>
  <tw-gaap-ci:IncomeTaxPaid contextRef="From20110101To20110331" decimals="-3" unitRef="TWD">0</tw-gaap-ci:IncomeTaxPaid>
  <tw-gaap-ci:IncomeTaxPaid contextRef="From20120101To20120331" decimals="-3" unitRef="TWD">0</tw-gaap-ci:IncomeTaxPaid>
  <tw-gaap-ci:InterestPaid contextRef="From20110101To20110331" decimals="-3" unitRef="TWD">830000</tw-gaap-ci:InterestPaid>
  <tw-gaap-ci:InterestPaid contextRef="From20120101To20120331" decimals="-3" unitRef="TWD">854000</tw-gaap-ci:InterestPaid>
  <tw-gaap-ci:InvestmentLossIncomeRecognizedEquityMethod contextRef="From20110101To20110331" decimals="-3" unitRef="TWD">-5365000</tw-gaap-ci:InvestmentLossIncomeRecognizedEquityMethod>
  <tw-gaap-ci:InvestmentLossIncomeRecognizedEquityMethod contextRef="From20120101To20120331" decimals="-3" unitRef="TWD">-5525000</tw-gaap-ci:InvestmentLossIncomeRecognizedEquityMethod>
  <tw-gaap-ci:NetChangesCashCashEquivalents contextRef="From20110101To20110331" decimals="-3" unitRef="TWD">337366000</tw-gaap-ci:NetChangesCashCashEquivalents>
  <tw-gaap-ci:NetChangesCashCashEquivalents contextRef="From20120101To20120331" decimals="-3" unitRef="TWD">220373000</tw-gaap-ci:NetChangesCashCashEquivalents>
  <tw-gaap-ci:NetIncomeLoss_StatementCashFlows contextRef="From20110101To20110331" decimals="-3" unitRef="TWD">168221000</tw-gaap-ci:NetIncomeLoss_StatementCashFlows>
  <tw-gaap-ci:NetIncomeLoss_StatementCashFlows contextRef="From20120101To20120331" decimals="-3" unitRef="TWD">120295000</tw-gaap-ci:NetIncomeLoss_StatementCashFlows>
  <tw-gaap-ci:ProceedsDisposalAvailableSaleFinancialAssets contextRef="From20110101To20110331" decimals="-3" unitRef="TWD">0</tw-gaap-ci:ProceedsDisposalAvailableSaleFinancialAssets>
  <tw-gaap-ci:ProceedsDisposalAvailableSaleFinancialAssets contextRef="From20120101To20120331" decimals="-3" unitRef="TWD">0</tw-gaap-ci:ProceedsDisposalAvailableSaleFinancialAssets>
  <tw-gaap-ci:UnrealizedExchangeGainLoss contextRef="From20110101To20110331" decimals="-3" unitRef="TWD">-693000</tw-gaap-ci:UnrealizedExchangeGainLoss>
  <tw-gaap-ci:UnrealizedExchangeGainLoss contextRef="From20120101To20120331" decimals="-3" unitRef="TWD">-561000</tw-gaap-ci:UnrealizedExchangeGainLoss>
  <tw-gaap-ci:UnrealizedRevaluationGainFinancialAssetsLiabilities contextRef="From20110101To20110331" decimals="-3" unitRef="TWD">-48369000</tw-gaap-ci:UnrealizedRevaluationGainFinancialAssetsLiabilities>
  <tw-gaap-ci:UnrealizedRevaluationGainFinancialAssetsLiabilities contextRef="From20120101To20120331" decimals="-3" unitRef="TWD">10218000</tw-gaap-ci:UnrealizedRevaluationGainFinancialAssetsLiabilities>
  <tw-gaap-ci:NetCashProvidedUsedOperatingActivities contextRef="From20110101To20110331" decimals="-3" unitRef="TWD">568982000</tw-gaap-ci:NetCashProvidedUsedOperatingActivities>
  <tw-gaap-ci:NetCashProvidedUsedOperatingActivities contextRef="From20120101To20120331" decimals="-3" unitRef="TWD">275365000</tw-gaap-ci:NetCashProvidedUsedOperatingActivities>
  <tw-gaap-ci:AdjustmentsReconcileNetIncomeNetCashProvidedUsedOperatingActivities contextRef="From20110101To20110331" decimals="-3" unitRef="TWD">-3328000</tw-gaap-ci:AdjustmentsReconcileNetIncomeNetCashProvidedUsedOperatingActivities>
  <tw-gaap-ci:AdjustmentsReconcileNetIncomeNetCashProvidedUsedOperatingActivities contextRef="From20120101To20120331" decimals="-3" unitRef="TWD">44114000</tw-gaap-ci:AdjustmentsReconcileNetIncomeNetCashProvidedUsedOperatingActivities>
  <tw-gaap-ci:ChangesOperatingAssetsLiabilities contextRef="From20110101To20110331" decimals="-3" unitRef="TWD">404089000</tw-gaap-ci:ChangesOperatingAssetsLiabilities>
  <tw-gaap-ci:ChangesOperatingAssetsLiabilities contextRef="From20120101To20120331" decimals="-3" unitRef="TWD">110956000</tw-gaap-ci:ChangesOperatingAssetsLiabilities>
  <tw-gaap-ci:ChangesOperatingAssets contextRef="From20110101To20110331" decimals="-3" unitRef="TWD">490719000</tw-gaap-ci:ChangesOperatingAssets>
  <tw-gaap-ci:ChangesOperatingAssets contextRef="From20120101To20120331" decimals="-3" unitRef="TWD">128475000</tw-gaap-ci:ChangesOperatingAssets>
  <tw-gaap-ci:ChangesOperatingLiabilities contextRef="From20110101To20110331" decimals="-3" unitRef="TWD">-86630000</tw-gaap-ci:ChangesOperatingLiabilities>
  <tw-gaap-ci:ChangesOperatingLiabilities contextRef="From20120101To20120331" decimals="-3" unitRef="TWD">-17519000</tw-gaap-ci:ChangesOperatingLiabilities>
  <tw-gaap-ci:NetCashProvidedUsedInvestingActivities contextRef="From20110101To20110331" decimals="-3" unitRef="TWD">-13094000</tw-gaap-ci:NetCashProvidedUsedInvestingActivities>
  <tw-gaap-ci:NetCashProvidedUsedInvestingActivities contextRef="From20120101To20120331" decimals="-3" unitRef="TWD">-7513000</tw-gaap-ci:NetCashProvidedUsedInvestingActivities>
  <tw-gaap-ci:NetCashProvidedUsedFinancingActivities contextRef="From20110101To20110331" decimals="-3" unitRef="TWD">-219215000</tw-gaap-ci:NetCashProvidedUsedFinancingActivities>
  <tw-gaap-ci:NetCashProvidedUsedFinancingActivities contextRef="From20120101To20120331" decimals="-3" unitRef="TWD">-48040000</tw-gaap-ci:NetCashProvidedUsedFinancingActivities>
  <tw-gaap-ci:InterestPaidExcludingCapitalizedInterest contextRef="From20110101To20110331" decimals="-3" unitRef="TWD">830000</tw-gaap-ci:InterestPaidExcludingCapitalizedInterest>
  <tw-gaap-ci:InterestPaidExcludingCapitalizedInterest contextRef="From20120101To20120331" decimals="-3" unitRef="TWD">854000</tw-gaap-ci:InterestPaidExcludingCapitalizedInterest>
  <tw-gaap-ar:AccountantName contextRef="AsOf20120424">資誠聯合會計師事務所</tw-gaap-ar:AccountantName>
  <tw-gaap-ar:AssuranceAccountantName1 contextRef="AsOf20120424">劉子猛</tw-gaap-ar:AssuranceAccountantName1>
  <tw-gaap-ar:AssuranceAccountantName2 contextRef="AsOf20120424">林姿妤</tw-gaap-ar:AssuranceAccountantName2>
  <tw-gaap-ar:ReviewAuditDate contextRef="AsOf20120424">2012-04-24</tw-gaap-ar:ReviewAuditDate>
  <tw-gaap-ar:ReviewReport contextRef="AsOf20120424">Y</tw-gaap-ar:ReviewReport>
  <tw-gaap-ar:QualifiedOpinionAbstract contextRef="AsOf20120424">Y</tw-gaap-ar:QualifiedOpinionAbstract>
  <tw-gaap-ar:ByInvestmentCompaniesWithoutAccountantAuditReportRecognizedGainLoss contextRef="AsOf20120424">Y</tw-gaap-ar:ByInvestmentCompaniesWithoutAccountantAuditReportRecognizedGainLoss>
  <tw-gaap-ar:DescriptionEmphasizeItemBody contextRef="AsOf20120424"><![CDATA[]]></tw-gaap-ar:DescriptionEmphasizeItemBody>
  <tw-gaap-ar:DescriptionOtherItemBody contextRef="AsOf20120424"><![CDATA[]]></tw-gaap-ar:DescriptionOtherItemBody>
  <tw-gaap-ar:AccountantsReportBody contextRef="AsOf20120424"><![CDATA[大統益股份有限公司  公鑒: 
    大統益股份有限公司民國101年3月31日及民國100年3月31日之資產負債表，暨民國1 
01年1月1日至3月31日及民國100年1月1日至3月31日之損益表及現金流量表，業經本會計 
師核閱竣事。上開財務報表之編製係管理階層之責任，本會計師之責任則為根據核閱結 
果出具報告。 
    除下段所述者外，本會計師係依照中華民國審計準則公報第36號「財務報表之核閱 
」規劃並執行核閱工作。由於本會計師僅實施分析、比較與查詢，並未依照中華民國一 
般公認審計準則查核，故無法對上開財務報表之整體是否允當表達表示查核意見。 
    如財務報表附註四(七)所述，大統益股份有限公司民國101年1月1日至3月31日及民 
國100年1月1日至3月31日採權益法之長期股權投資，其所認列之投資收益及附註十一所 
揭露事項，係依被投資公司同期自編未經會計師核閱之財務報表評價及揭露。民國101年 
1月1日至3月31日及民國100年1月1日至3月31日依據該未經會計師核閱之財務報表所認列 
之投資收益分別為新台幣5,525仟元及新台幣5,365仟元，且截至民國101年3月31日及民 
國100年3月31日止，其相關之長期股權投資餘額分別為新台幣246,377仟元及新台幣238, 
882仟元。 
    依本會計師核閱結果，除上段所述採權益法之長期股權投資，其所認列之投資收益 
及附註十一所揭露事項，若能取得被投資公司同期經會計師核閱之財務報表而可能須作 
適當調整之影響外，並未發現第一段所述財務報表在所有重大方面有違反「證券發行人 
財務報告編製準則」及中華民國一般公認會計原則而須作修正之情事。 
     
     
    大統益股份有限公司已編製民國101年度及民國100年度第1季之合併財務報表，並經 
本會計師均出具保留式之核閱報告在案，備供參考。 
     
                                      
                                      
                                      
                                     資  誠  聯  合  會  計  師  事  務  所 
                                      
                                               劉子猛 
                                     會計師           
                                               林姿妤 
                                      
                                     前財政部證券管理委員會 
                                     核准簽證文號：(84)台財證(六)第29174號 
                                     　　　　　　　(82)台財證(六)第44927號 
                                      
                                     中華民國101年4月24日]]></tw-gaap-ar:AccountantsReportBody>
  <tw-gaap-notes:FinancialReportNotes contextRef="From20120101To20120331"><![CDATA[http://doc.twse.com.tw/server-java/t57sb01?step=1&colorchg=1&co_id=1232&year=101&seamon=1&mtype=A&]]></tw-gaap-notes:FinancialReportNotes>
  <tw-gaap-notes:OrganizationAndOperations contextRef="From20120101To20120331"><![CDATA[　　(一)本公司係依據公司法及其他有關法令之規定，於民國71年5月24日奉准設立。經多次
　　　　增資後，截至民國101年3月31日止，額定資本總額為$1,778,000，實收資本額則為$1,
　　　　599,749，分為159,975仟股，每股金額新台幣10元。主要營業項目為動植物油脂之製造
　　　　、銷售、加工、代客買賣及其有關進出口貿易，及汽電共生廠之經營等業務。
　　(二)截至民國101年3月31日止，本公司員工人數為137人。
　　(三)本公司股票自民國85年2月起在台灣證券交易所上市買賣。
]]></tw-gaap-notes:OrganizationAndOperations>
  <tw-gaap-notes:StatementOfFinancialStatementsPreparedInAccordanceWithRelatedRegulationsAndGenerallyAcceptedAccountingPrinciples contextRef="From20120101To20120331"><![CDATA[　　本財務報表係依照「證券發行人財務報告編製準則」及中華民國一般公認會計原則編製。
　　重要會計政策彙總說明如下：

]]></tw-gaap-notes:StatementOfFinancialStatementsPreparedInAccordanceWithRelatedRegulationsAndGenerallyAcceptedAccountingPrinciples>
  <tw-gaap-notes:ForeignCurrencyTransactionsAndTranslationOfForeignCurrencyFinancialStatements contextRef="From20120101To20120331"><![CDATA[　　　　1.外幣交易按交易當日之即期匯率作為入帳基準，其與實際收付時之兌換差異，列為當
　　　　　期損益。
　　　　2.期末就外幣貨幣性資產或負債餘額，按資產負債表日之即期匯率評價調整，因調整而
　　　　　產生之兌換差額列為當期損益；惟與國外營運機構間具有長期投資性質之外幣墊款所
　　　　　產生之兌換差額則列為股東權益調整項目。
　　　　3.期末就外幣非貨幣性資產或負債餘額，屬依公平價值衡量且變動列入損益者，按資產
　　　　　負債表日之即期匯率評價調整，因調整而產生之兌換差額列為當期損益；屬依公平價
　　　　　值衡量且變動列入股東權益調整項目者，按資產負債表日之即期匯率評價調整，因調
　　　　　整而產生之兌換差額，列為股東權益調整項目；屬非依公平價值衡量者，則按交易日
　　　　　之歷史匯率衡量。

]]></tw-gaap-notes:ForeignCurrencyTransactionsAndTranslationOfForeignCurrencyFinancialStatements>
  <tw-gaap-notes:UseOfEstimates contextRef="From20120101To20120331"><![CDATA[　　　　　本公司於編製財務報表時，業已依照一般公認會計原則之規定，對財務報表所列金額
　　　　　及或有事項，作必要之衡量、評估與揭露，其中包括若干假設及估計之採用，惟該等
　　　　　假設及估計與實際結果可能存有差異。

]]></tw-gaap-notes:UseOfEstimates>
  <tw-gaap-notes:ClassificationOfCurrentAndNoncurrentAssetsAndLiabilities contextRef="From20120101To20120331"><![CDATA[　　　　1.資產符合下列條件之一者，列為流動資產；資產不屬於流動資產者為非流動資產：
　　　　　(1)因營業所產生之資產，預期將於正常營業週期中變現、消耗或意圖出售者。
　　　　　(2)主要為交易目的而持有者。
　　　　　(3)預期於資產負債表日後12個月內將變現者。
　　　　　(4)現金或約當現金，但於資產負債表日後逾12個月用以交換、清償負債或受有其他限
　　　　　　　制者除外。
　　　　2.負債符合下列條件之一者，列為流動負債；負債不屬於流動負債者為非流動負債：
　　　　　(1)因營業而發生之債務，預期將於正常營業週期中清償者。
　　　　　(2)主要為交易目的而發生者。
　　　　　(3)須於資產負債表日後12個月內清償者。
　　　　　(4)不能無條件延期至資產負債表日後逾12個月清償之負債。

]]></tw-gaap-notes:ClassificationOfCurrentAndNoncurrentAssetsAndLiabilities>
  <tw-gaap-notes:CashAndCashEquivalents contextRef="From20120101To20120331"><![CDATA[　　　　1.約當現金係指同時具備下列條件之短期且具高度流動性之投資：
　　　　　(1)隨時可轉換成定額現金者。
　　　　　(2)即將到期且利率變動對其價值之影響甚少者。
　　　　2.本公司現金流量表係以現金及約當現金之基礎所編製。

]]></tw-gaap-notes:CashAndCashEquivalents>
  <tw-gaap-notes:FinancialAssetsAndLiabilitiesAtFairValueThroughProfitOrLoss contextRef="From20120101To20120331"><![CDATA[　　　　1.屬權益性質者係採交易日會計；屬債務性質、受益憑證及衍生性商品者係採交割日會
　　　　　計，於原始認列時，將金融商品以公平價值衡量。
　　　　2.公平價值變動列入損益之金融資產與負債係以公平價值評價，且其價值變動列為當期
　　　　　損益。上市/上櫃股票、封閉型基金及存託憑證係以資產負債表日公開市場之收盤價為
　　　　　公平價值。開放型基金係以資產負債表日該基金淨資產價值為公平價值。
　　　　3.未符合避險會計之衍生性商品，屬選擇權交易者，於交易日以當日之公平價值認列；
　　　　　非屬選擇權交易者，於交易日認列之公平價值為零。
　　　　4.本公司指定公平價值變動列入損益之金融資產與負債者，係符合下列條件之一：
　　　　　(1)係為混合商品。
　　　　　(2)該指定可消除或重大減少衡量或認列之不一致。
　　　　　(3)係依本公司明訂之風險管理或投資策略共同管理，並以公平價值基礎評價績效目的
　　　　　　　所作之指定。

]]></tw-gaap-notes:FinancialAssetsAndLiabilitiesAtFairValueThroughProfitOrLoss>
  <tw-gaap-notes:AvailableForSaleFinancialAssets contextRef="From20120101To20120331"><![CDATA[　　　　1.屬權益性質之投資係採交易日會計；屬債務性質之投資係採交割日會計，於原始認列
　　　　　時，將金融商品以公平價值衡量，並加計取得或發行之交易成本。
　　　　2.備供出售金融資產係以公平價值評價且其價值變動列為股東權益調整項目，累積之利
　　　　　益或損失於金融資產除列時，列入當期損益。上市/上櫃股票、封閉型基金及存託憑證
　　　　　係以資產負債表日公開市場之收盤價為公平價值。開放型基金係以資產負債表日該基
　　　　　金淨資產價值為公平價值。
　　　　3.若有減損之客觀證據，則認列減損損失。若後續期間減損金額減少，屬權益商品之減
　　　　　損減少金額，認列為股東權益調整項目；屬債務商品之減損減少金額，若明顯與認列
　　　　　減損後發生之事件有關，則予以迴轉並認列為當期損益。

]]></tw-gaap-notes:AvailableForSaleFinancialAssets>
  <tw-gaap-notes:HedgeAccounting contextRef="From20120101To20120331"><![CDATA[　　　　　採用交割日會計時，對於交易日及交割日與資產負債表日間公平價值之變動，屬以成
　　　　　本或攤銷後成本衡量者不予認列；屬以公平價值衡量且公平價值變動認列為損益者，
　　　　　認列為當期損益；屬備供出售者，則認列為股東權益調整項目。

]]></tw-gaap-notes:HedgeAccounting>
  <tw-gaap-notes:FinancialAssetsMeasuredAtCost contextRef="From20120101To20120331"><![CDATA[　　　　1.係採交易日會計，於原始認列時，將金融商品以公平價值衡量，並加計取得或發行之
　　　　　交易成本。
　　　　2.以成本衡量之金融資產若有減損之客觀證據，則認列減損損失，此減損金額不予迴轉
　　　　　。

]]></tw-gaap-notes:FinancialAssetsMeasuredAtCost>
  <tw-gaap-notes:NotesAndAccountsReceivableOtherReceivable contextRef="From20120101To20120331"><![CDATA[　　　　1.應收票據及帳款係因出售商品或勞務而發生之債權，其他應收款係不屬於應收票據及
　　　　　帳款之其他應收款項。應收票據及帳款、其他應收款原始認列時以公平價值衡量，續
　　　　　後以有效利率法之攤銷後成本減除減損後之金額衡量。
　　　　2.本公司於資產負債表日評估是否存在客觀證據，顯示重大個別金融資產發生減損，以
　　　　　及非屬重大之個別金融資產單獨或共同發生減損。若有減損之客觀證據，則認列減損
　　　　　損失。減損金額為金融資產之帳面價值與其估計未來現金流量採原始有效利率折現之
　　　　　現值間之差額。若後續期間減損金額減少，而該減少明顯與認列減損後發生之事件有
　　　　　關，則迴轉先前認列之金融資產減損金額，該迴轉不應使金融資產帳面金額大於未認
　　　　　列減損情況下之攤銷後成本，迴轉之金額認列於當期損益。

]]></tw-gaap-notes:NotesAndAccountsReceivableOtherReceivable>
  <tw-gaap-notes:ImpairmentOfNonFinancialAsset contextRef="From20120101To20120331"><![CDATA[　　　　　本公司於資產負債表日針對有減損跡象之資產，估計其可回收金額，當可回收金額低
　　　　　於其帳面價值時，則認列減損損失。可回收金額係指一項資產之淨公平價值或其使用
　　　　　價值，兩者較高者。當以前年度認列資產減損之情況不再存在時，則在以前年度提列
　　　　　損失金額之範圍內予以迴轉。

]]></tw-gaap-notes:ImpairmentOfNonFinancialAsset>
  <tw-gaap-notes:Inventories contextRef="From20120101To20120331"><![CDATA[　　　　存貨採永續盤存制，成本結轉按加權平均法計算，固定製造費用按生產設備之正常產能
　　　　分攤，因各期中期間產量波動所產生之成本差異，於編製期中財務報表時予以遞延。期
　　　　末存貨採成本與淨變現價值孰低衡量，比較成本與淨變現價值孰低時，採逐項比較法。
　　　　淨變現價值係指在正常情況下之估計售價減除至完工尚需投入之成本及推銷費用後之餘
　　　　額。若成本高於淨變現價值時，則提列跌價損失，列入當期營業成本；淨變現價值回升
　　　　時，則於貸方餘額範圍內沖減評價科目，並列入當期營業成本減項。

]]></tw-gaap-notes:Inventories>
  <tw-gaap-notes:LongTermInvestmentsUnderEquityMethod contextRef="From20120101To20120331"><![CDATA[　　　　1.以取得成本為入帳基礎，成本之計算採加權平均法。持有被投資公司有表決權之股份
　　　　　比例達20%以上或具有重大影響力者，採權益法評價。
　　　　2.持有被投資公司有表決權股份比例超過50%或具有控制能力者，採權益法評價並於編
　　　　　製合併報表時，均應納入合併報表編製範疇。

]]></tw-gaap-notes:LongTermInvestmentsUnderEquityMethod>
  <tw-gaap-notes:PropertyPlantAndEquipmentAssetsLeasedToOthersAndIdleAssets contextRef="From20120101To20120331"><![CDATA[　　　　1.以取得成本為入帳基礎。購置或建造資產達到可使用狀態前為該項資產所支出款項而
　　　　　負擔之利息則予以資本化。凡支出效益及於以後各期之重大更新、改良及大修支出作
　　　　　為資本支出，列入資產；經常性修理及維護支出則列為當期費用。
　　　　2.折舊係按估計經濟耐用年限採平均法提列。固定資產之耐用年數除機器設備為2年至
　　　　　15年外，其餘為2年至40年。
　　　　3.固定資產處分時，其成本與累計折舊分別自各相關科目沖銷，處分損益則列為當期之
　　　　　營業外收支。

]]></tw-gaap-notes:PropertyPlantAndEquipmentAssetsLeasedToOthersAndIdleAssets>
  <tw-gaap-notes:DeferredChargesAssets contextRef="From20120101To20120331"><![CDATA[　　　　　係電腦軟體成本等，以取得成本為入帳基礎，並按其估計經濟效益年數3年平均攤銷。

]]></tw-gaap-notes:DeferredChargesAssets>
  <tw-gaap-notes:PensionPlan contextRef="From20120101To20120331"><![CDATA[　　　　　退休金辦法屬確定給付退休辦法者，係依據精算結果認列淨退休金成本，淨退休金成
　　　　　本包括當期服務成本、利息成本、退休基金資產預期報酬及未認列過渡性淨資產(淨給
　　　　　付義務)、退休金損益與前期服務成本之攤銷數。退休金辦法屬確定提撥退休辦法者，
　　　　　則依權責發生基礎將應提撥之退休基金數額認列為當期之退休金成本。

]]></tw-gaap-notes:PensionPlan>
  <tw-gaap-notes:IncomeTax contextRef="From20120101To20120331"><![CDATA[　　　　　1.依財務會計準則公報第22號「所得稅之會計處理準則」之規定，對所得稅之計算作
　　　　　　跨期間與同期間之所得稅分攤，將暫時性差異、虧損扣抵及所得稅抵減所產生之所得
　　　　　　稅影響數認列為遞延所得稅資產或負債
　　　　　　，同時將遞延所得稅資產或負債依據其所屬資產負債科目性質或預期實現期間之長短
　　　　　　，劃分為流動或非流動項目估列入帳，並評估其遞延所得稅資產之可實現性，設置備
　　　　　　抵評價科目，以淨額帳列於資產負債表。當稅法修正時，於公布日之年度按新規定將
　　　　　　遞延所得稅資產或負債重新計算，因而產生之遞延所得稅資產或負債之變動影響數，
　　　　　　列入當期繼續營業單位之所得稅費用(利益)。以前年度溢、低估之所得稅，列為當年
　　　　　　度所得稅費用之調整項目。
　　　　　2.所得稅抵減係依財務會計準則公報第12號「所得稅抵減之會計處理準則」之規定處
　　　　　　理，因購置設備或技術、研究發展及股權投資等所產生之所得稅抵減採當期認列法處
　　　　　　理。
　　　　　3.本公司自民國87年度「兩稅合一制度」實施後，未分配盈餘加徵10%之營利事業所得
　　　　　　稅部份，列為股東會決議年度之所得稅費用。
　　　　　4.自民國95年1月1日起施行「所得基本稅額條例」，依前開條例規定計算之一般所得
　　　　　　稅額高於或等於基本稅額者，則當年度應繳納之所得稅，應按所得稅法及其他相關法
　　　　　　令規定計算認定之；反之，一般所得稅額低於基本稅額者，其應繳納之所得稅，除按
　　　　　　所得稅法及其他相關法律計算認定外，應另就基本稅額與一般所得稅額之差額認定之
　　　　　　。前開差額，不得以其他法律規定之投資抵減稅額減除之。

]]></tw-gaap-notes:IncomeTax>
  <tw-gaap-notes:EmployeeBonusAndRemunerationsPaidToDirectorsAndSupervisors contextRef="From20120101To20120331"><![CDATA[　　　　　自民國97年1月1日起，本公司員工分紅及董監酬勞成本，依民國96年3月16日財團法人
　　　　　中華民國會計研究發展基金會(96)基秘字第052號函「員工分紅及董監酬勞會計處理」
　　　　　之規定，於具法律義務或推定義務且金額可合理估計時，認列為費用及負債。嗣後股
　　　　　東會決議實際配發金額與估列金額有差異時，則列為次年度之損益。另依民國97年3月
　　　　　31日財團法人中華民國會計研究發展基金會(97)基秘字第127號函「上市上櫃公司員工
　　　　　分紅股數計算基準」，本公司以財務報告年度之次年度股東會決議日前一日之每股公
　　　　　平價值(收盤價)，並考慮除權除息影響後之金額，計算員工股票紅利之股數。

]]></tw-gaap-notes:EmployeeBonusAndRemunerationsPaidToDirectorsAndSupervisors>
  <tw-gaap-notes:TreasuryStock contextRef="From20120101To20120331"><![CDATA[　　　　　1.本公司於收回已發行股票作為庫藏股票時，其帳面價值按股票種類(普通股或特別股
　　　　　　)及收回原因分別加權平均計算，有關交易處理依下列方式為之：
　　　　　　　(1)收回：其屬買回者，以所支付之成本為入帳基礎；其屬接受捐贈者，則依公平價
　　　　　　　　　　　值為入帳基礎。
　　　　　　(2)處分：若處分價格高於帳面價值，其差額作為「資本公積－庫藏股票交易」科目
　　　　　　　　　　　之加項；若處分價格低於帳面價值，其差額則沖抵同種類庫藏股票交易所產生
　　　　　　　　　　　之資本公積，如有不足，再沖抵保留盈餘。
　　　　　　(3)註銷：除依帳面價值沖抵「庫藏股票」外，並按股權比例沖抵「資本公積－股票
　　　　　　　　　　　發行溢價」與「股本」。庫藏股票之帳面價值如高於面值與股票發行溢價之合
　　　　　　　　　　　計數時，其差額沖抵同種類庫藏股票所產生之資本公積，如有不足，再作為「
　　　　　　　　　　　保留盈餘」之減項；庫藏股票之帳面價值如低於面值與股票發行溢價之合計數
　　　　　　　　　　　，其差額則作為同種類庫藏股票交易所產生之資本公積之加項。
　　　　　2.依財務會計準則公報第30號「庫藏股票會計處理準則」之規定，自民國91年1月1日
　　　　　　起，子公司持有本公司股票視同庫藏股票處理。

]]></tw-gaap-notes:TreasuryStock>
  <tw-gaap-notes:RevenueRecognition contextRef="From20120101To20120331"><![CDATA[　　　　　收入於獲利過程大部份已完成，且已實現或可實現時認列。相關成本配合收入於發生
　　　　　時承認。費用則依權責發生制於發生時認列為當期費用。

]]></tw-gaap-notes:RevenueRecognition>
  <tw-gaap-notes:OperatingSegment contextRef="From20120101To20120331"><![CDATA[　　　　　1.本公司營運部門資訊與提供給營運決策者之內部管理報告採一致之方式報導。營運
　　　　　　決策者負責分配資源予營運部門並評估其績效。
　　　　　2.本公司依財務會計準則公報第41號「營運部門資訊之揭露」於合併財務報表揭露部
　　　　　　門資訊，而不於個別財務報表揭露部門資訊。

]]></tw-gaap-notes:OperatingSegment>
  <tw-gaap-notes:ChangesInAccountingPrinciples contextRef="From20120101To20120331"><![CDATA[　　(一)應收票據及帳款、其他應收款
　　　　本公司自民國100年1月1日起，採用新修訂之財務會計準則公報第34號「金融商品之會
　　　　計處理準則」，就應收票據及帳款、其他應收款等各項債權，於有減損之客觀證據時認
　　　　列減損(呆帳)損失，此項會計原則變動對本公司民國100年度第1季之財務報表並無重大
　　　　影響。
　　(二)營運部門
　　　　本公司自民國100年1月1日起，採用新發布之財務會計準則公報第41號「營運部門資訊
　　　　之揭露」，以取代原財務會計準則公報第20號「部門別財務資訊之揭露」。此項會計原
　　　　則變動並不影響本公司民國100年度第1季之淨利及每股盈餘。
]]></tw-gaap-notes:ChangesInAccountingPrinciples>
  <tw-gaap-notes:EndorsementGuaranteeProvidedToOthers>
    <tw-gaap-notes:No. contextRef="From20120101To20120331"><![CDATA[0]]></tw-gaap-notes:No.>
    <tw-gaap-notes:CompanyNameOfTheEndorserGuarantor contextRef="From20120101To20120331"><![CDATA[大統益(股)公司]]></tw-gaap-notes:CompanyNameOfTheEndorserGuarantor>
    <tw-gaap-notes:NameOfTheCompany contextRef="From20120101To20120331"><![CDATA[美食家食材通路(股)公司]]></tw-gaap-notes:NameOfTheCompany>
    <tw-gaap-notes:Relationship1 contextRef="From20120101To20120331"><![CDATA[1]]></tw-gaap-notes:Relationship1>
    <tw-gaap-notes:LimitOnEndorsementGuaranteeAmountProvidedToIndividualCounterparty contextRef="From20120101To20120331" unitRef="TWD" decimals="-3">239962000</tw-gaap-notes:LimitOnEndorsementGuaranteeAmountProvidedToIndividualCounterparty>
    <tw-gaap-notes:MaximumBalanceForThePeriod contextRef="From20120101To20120331" unitRef="TWD" decimals="-3">150000000</tw-gaap-notes:MaximumBalanceForThePeriod>
    <tw-gaap-notes:EndingBalance2 contextRef="AsOf20120331" unitRef="TWD" decimals="-3">150000000</tw-gaap-notes:EndingBalance2>
    <tw-gaap-notes:AmountOfEndorsementsGuaranteesSecuredWithCollateral contextRef="AsOf20120331" unitRef="TWD" decimals="-3">0</tw-gaap-notes:AmountOfEndorsementsGuaranteesSecuredWithCollateral>
    <tw-gaap-notes:RatioOfAccumulatedEndorsementGuaranteeAmountToNetAssetOfTheCompanyPerLatestFinancialStatements contextRef="From20120101To20120331" decimals="4">0.0488</tw-gaap-notes:RatioOfAccumulatedEndorsementGuaranteeAmountToNetAssetOfTheCompanyPerLatestFinancialStatements>
    <tw-gaap-notes:LimitOfTotalGuaranteeEndorsementAmount contextRef="From20120101To20120331" unitRef="TWD" decimals="-3">479925000</tw-gaap-notes:LimitOfTotalGuaranteeEndorsementAmount>
    <tw-gaap-notes:Note contextRef="From20120101To20120331"><![CDATA[－]]></tw-gaap-notes:Note>
  </tw-gaap-notes:EndorsementGuaranteeProvidedToOthers>
  <tw-gaap-notes:Note-EndorsementGuaranteeProvidedToOthers contextRef="From20120101To20120331"><![CDATA[            (註1)本公司辦理背書保證之總額為本公司實收資本額之30%，對單一企業背書保證限額為本公司實收資本額之15%，並將辦理之有關情形報股東會備查。
            (註2)1.係本公司與子公司持有普通股股權合併計算超過50%之被投資公司。]]></tw-gaap-notes:Note-EndorsementGuaranteeProvidedToOthers>
  <tw-gaap-notes:TotalEndingBalance2-Parent contextRef="AsOf20120331" unitRef="TWD" decimals="-3">150000000</tw-gaap-notes:TotalEndingBalance2-Parent>
  <tw-gaap-notes:TotalEndingBalance2-Subsidiaries contextRef="AsOf20120331" unitRef="TWD" decimals="-3">0</tw-gaap-notes:TotalEndingBalance2-Subsidiaries>
  <tw-gaap-notes:NamesLocationsAndRelatedInformationOfInvesteesOverWhichTheCompanyExercisesSignificantInfluence>
    <tw-gaap-notes:CompanyNameOfTheInvestor contextRef="From20120101To20120331"><![CDATA[大統益(股)公司]]></tw-gaap-notes:CompanyNameOfTheInvestor>
    <tw-gaap-notes:CompanyNameOfTheInvestee contextRef="From20120101To20120331"><![CDATA[大一投資(股)公司]]></tw-gaap-notes:CompanyNameOfTheInvestee>
    <tw-gaap-notes:LocationCode contextRef="From20120101To20120331"><![CDATA[0]]></tw-gaap-notes:LocationCode>
    <tw-gaap-notes:Location contextRef="From20120101To20120331"><![CDATA[台灣]]></tw-gaap-notes:Location>
    <tw-gaap-notes:MainBusinessesAndProducts contextRef="From20120101To20120331"><![CDATA[一般投資]]></tw-gaap-notes:MainBusinessesAndProducts>
    <tw-gaap-notes:EndingBalance3 contextRef="AsOf20120331" unitRef="TWD" decimals="-3">197930000</tw-gaap-notes:EndingBalance3>
    <tw-gaap-notes:BeginningBalance contextRef="AsOf20120331" unitRef="TWD" decimals="-3">197930000</tw-gaap-notes:BeginningBalance>
    <tw-gaap-notes:NumberOfShares1 contextRef="AsOf20120331" decimals="0">19793000</tw-gaap-notes:NumberOfShares1>
    <tw-gaap-notes:PercentageOfOwnership1 contextRef="AsOf20120331" decimals="4">0.9996</tw-gaap-notes:PercentageOfOwnership1>
    <tw-gaap-notes:BookValue1 contextRef="AsOf20120331" unitRef="TWD" decimals="-3">246377000</tw-gaap-notes:BookValue1>
    <tw-gaap-notes:NetIncomeLossesOfTheInvestee contextRef="From20120101To20120331" unitRef="TWD" decimals="-3">5527000</tw-gaap-notes:NetIncomeLossesOfTheInvestee>
    <tw-gaap-notes:InvestmentIncomeLossesRecognized1 contextRef="From20120101To20120331" unitRef="TWD" decimals="-3">5525000</tw-gaap-notes:InvestmentIncomeLossesRecognized1>
    <tw-gaap-notes:Note contextRef="From20120101To20120331"><![CDATA[子公司]]></tw-gaap-notes:Note>
  </tw-gaap-notes:NamesLocationsAndRelatedInformationOfInvesteesOverWhichTheCompanyExercisesSignificantInfluence>
  <tw-gaap-notes:NamesLocationsAndRelatedInformationOfInvesteesOverWhichTheCompanyExercisesSignificantInfluence>
    <tw-gaap-notes:CompanyNameOfTheInvestor contextRef="From20120101To20120331"><![CDATA[大一投資(股)公司]]></tw-gaap-notes:CompanyNameOfTheInvestor>
    <tw-gaap-notes:CompanyNameOfTheInvestee contextRef="From20120101To20120331"><![CDATA[美食家食材通路(股)公司]]></tw-gaap-notes:CompanyNameOfTheInvestee>
    <tw-gaap-notes:LocationCode contextRef="From20120101To20120331"><![CDATA[0]]></tw-gaap-notes:LocationCode>
    <tw-gaap-notes:Location contextRef="From20120101To20120331"><![CDATA[台灣]]></tw-gaap-notes:Location>
    <tw-gaap-notes:MainBusinessesAndProducts contextRef="From20120101To20120331"><![CDATA[食品批發]]></tw-gaap-notes:MainBusinessesAndProducts>
    <tw-gaap-notes:EndingBalance3 contextRef="AsOf20120331" unitRef="TWD" decimals="-3">115980000</tw-gaap-notes:EndingBalance3>
    <tw-gaap-notes:BeginningBalance contextRef="AsOf20120331" unitRef="TWD" decimals="-3">115980000</tw-gaap-notes:BeginningBalance>
    <tw-gaap-notes:NumberOfShares1 contextRef="AsOf20120331" decimals="0">12039999</tw-gaap-notes:NumberOfShares1>
    <tw-gaap-notes:PercentageOfOwnership1 contextRef="AsOf20120331" decimals="4">0.8027</tw-gaap-notes:PercentageOfOwnership1>
    <tw-gaap-notes:BookValue1 contextRef="AsOf20120331" unitRef="TWD" decimals="-3">121479000</tw-gaap-notes:BookValue1>
    <tw-gaap-notes:NetIncomeLossesOfTheInvestee contextRef="From20120101To20120331" unitRef="TWD" decimals="-3">7122000</tw-gaap-notes:NetIncomeLossesOfTheInvestee>
    <tw-gaap-notes:InvestmentIncomeLossesRecognized1 contextRef="From20120101To20120331" unitRef="TWD" decimals="-3">0</tw-gaap-notes:InvestmentIncomeLossesRecognized1>
    <tw-gaap-notes:Note contextRef="From20120101To20120331"><![CDATA[孫公司]]></tw-gaap-notes:Note>
  </tw-gaap-notes:NamesLocationsAndRelatedInformationOfInvesteesOverWhichTheCompanyExercisesSignificantInfluence>
  <tw-gaap-notes:Note-NamesLocationsAndRelatedInformationOfInvesteesOverWhichTheCompanyExercisesSignificantInfluence contextRef="From20120101To20120331"><![CDATA[            (註1)係截至民國100年12月31日之原始投資餘額。
            (註2)依規定僅揭露子公司金額，其餘得免揭露。]]></tw-gaap-notes:Note-NamesLocationsAndRelatedInformationOfInvesteesOverWhichTheCompanyExercisesSignificantInfluence>
  <tw-gaap-notes:InformationOfInvestmentInMainlandChina>
    <tw-gaap-notes:CompanyNameOfTheInvesteeInMainlandChina contextRef="From20120101To20120331"><![CDATA[北京富強在線信息

  技術有限公司]]></tw-gaap-notes:CompanyNameOfTheInvesteeInMainlandChina>
    <tw-gaap-notes:MainBusinessesAndProducts contextRef="From20120101To20120331"><![CDATA[程式設計、系

  統規劃設計

  等]]></tw-gaap-notes:MainBusinessesAndProducts>
    <tw-gaap-notes:TotalAmountOfPaid-inCapital contextRef="AsOf20120331" unitRef="TWD" decimals="-3">41314000</tw-gaap-notes:TotalAmountOfPaid-inCapital>
    <tw-gaap-notes:MethodOfInvestment contextRef="From20120101To20120331"><![CDATA[(  註  )]]></tw-gaap-notes:MethodOfInvestment>
    <tw-gaap-notes:AccumulatedOutflowOfInvestmentFromTaiwanAtTheBeginningOfThePeriod contextRef="AsOf20120331" unitRef="TWD" decimals="-3">7082000</tw-gaap-notes:AccumulatedOutflowOfInvestmentFromTaiwanAtTheBeginningOfThePeriod>
    <tw-gaap-notes:Outflow contextRef="From20120101To20120331" unitRef="TWD" decimals="-3">0</tw-gaap-notes:Outflow>
    <tw-gaap-notes:Inflow contextRef="From20120101To20120331" unitRef="TWD" decimals="-3">0</tw-gaap-notes:Inflow>
    <tw-gaap-notes:AccumulatedOutflowOfInvestmentFromTaiwanAtTheEndOfThePeriod contextRef="AsOf20120331" unitRef="TWD" decimals="-3">7082000</tw-gaap-notes:AccumulatedOutflowOfInvestmentFromTaiwanAtTheEndOfThePeriod>
    <tw-gaap-notes:PercentageOfOwnershipThroughDirectAndIndirectInvestmentByTheCompany contextRef="AsOf20120331" decimals="4">0.0108</tw-gaap-notes:PercentageOfOwnershipThroughDirectAndIndirectInvestmentByTheCompany>
    <tw-gaap-notes:InvestmentIncomeLossesRecognized2 contextRef="From20120101To20120331" unitRef="TWD" decimals="-3">0</tw-gaap-notes:InvestmentIncomeLossesRecognized2>
    <tw-gaap-notes:BookValueAtTheEndOfThePeriod contextRef="AsOf20120331" unitRef="TWD" decimals="-3">1275000</tw-gaap-notes:BookValueAtTheEndOfThePeriod>
    <tw-gaap-notes:AccumulatedInwardRemittanceOfEarningsAsOfTheEndOfThePeriod contextRef="From20120101To20120331" unitRef="TWD" decimals="-3">0</tw-gaap-notes:AccumulatedInwardRemittanceOfEarningsAsOfTheEndOfThePeriod>
    <tw-gaap-notes:Note contextRef="From20120101To20120331"><![CDATA[－]]></tw-gaap-notes:Note>
  </tw-gaap-notes:InformationOfInvestmentInMainlandChina>
  <tw-gaap-notes:Note-InformationOfInvestmentInMainlandChina contextRef="From20120101To20120331"><![CDATA[            (註)透過轉投資第三地區現有公司再投資大陸公司。]]></tw-gaap-notes:Note-InformationOfInvestmentInMainlandChina>
  <tw-gaap-notes:LimitOnInvestmentInMainlandChina>
    <tw-gaap-notes:NameOfTheCompany contextRef="From20120101To20120331"><![CDATA[大統益(股)公司]]></tw-gaap-notes:NameOfTheCompany>
    <tw-gaap-notes:AccumulatedInvestmentInMainlandChinaAtTheEndOfThePeriod contextRef="AsOf20120331" unitRef="TWD" decimals="-3">7082000</tw-gaap-notes:AccumulatedInvestmentInMainlandChinaAtTheEndOfThePeriod>
    <tw-gaap-notes:InvestmentAmountAuthorizedByTheInvestmentCommissionOfMOEA contextRef="From20120101To20120331" unitRef="TWD" decimals="-3">7082000</tw-gaap-notes:InvestmentAmountAuthorizedByTheInvestmentCommissionOfMOEA>
    <tw-gaap-notes:UpperLimitOnInvestmentInMainlandChinaImposedByTheInvestmentCommissionOfMOEA contextRef="From20120101To20120331" unitRef="TWD" decimals="-3">1861888000</tw-gaap-notes:UpperLimitOnInvestmentInMainlandChinaImposedByTheInvestmentCommissionOfMOEA>
  </tw-gaap-notes:LimitOnInvestmentInMainlandChina>
  <tw-gaap-notes:Note-LimitOnInvestmentInMainlandChina contextRef="From20120101To20120331"><![CDATA[            (註1)係依淨值或合併淨值60%(較高者)為其上限。
            (註2)本表金額涉及外幣者，係以財務報表日之匯率(美金：新台幣 1：29.51)換算為新台幣。]]></tw-gaap-notes:Note-LimitOnInvestmentInMainlandChina>
</xbrli:xbrl>