<?xml version="1.0" encoding="UTF-8"?><xbrli:xbrl xmlns="http://www.xbrl.org/2003/instance" xmlns:iso4217="http://www.xbrl.org/2003/iso4217" xmlns:link="http://www.xbrl.org/2003/linkbase" xmlns:tw-gaap-ar="http://www.xbrl.org/tw/fr/gaap/ar/2011-12-31" xmlns:tw-gaap-ci="http://www.xbrl.org/tw/fr/gaap/tw-gaap-ci-2011-12-31" xmlns:tw-gaap-notes="http://www.xbrl.org/tw/fr/gaap/notes/2011-12-31" xmlns:xbrldi="http://xbrl.org/2006/xbrldi" xmlns:xbrldt="http://xbrl.org/2005/xbrldt" xmlns:xbrli="http://www.xbrl.org/2003/instance" xmlns:xlink="http://www.w3.org/1999/xlink">
  <link:schemaRef xlink:arcrole="http://www.w3.org/1999/xlink/properties/linkbase" xlink:href="tw-gaap-ci-2011-12-31.xsd" xlink:type="simple" xmlns:xlink="http://www.w3.org/1999/xlink" xmlns:link="http://www.xbrl.org/2003/linkbase" />
  <xbrli:context id="AsOf20120101">
    <xbrli:entity>
      <xbrli:identifier scheme="http://www.twse.com.tw">1213</xbrli:identifier>
    </xbrli:entity>
    <xbrli:period>
      <xbrli:instant>2012-01-01</xbrli:instant>
    </xbrli:period>
  </xbrli:context>
  <xbrli:context id="AsOf20120331">
    <xbrli:entity>
      <xbrli:identifier scheme="http://www.twse.com.tw">1213</xbrli:identifier>
    </xbrli:entity>
    <xbrli:period>
      <xbrli:instant>2012-03-31</xbrli:instant>
    </xbrli:period>
  </xbrli:context>
  <xbrli:context id="From20120101To20120331">
    <xbrli:entity>
      <xbrli:identifier scheme="http://www.twse.com.tw">1213</xbrli:identifier>
    </xbrli:entity>
    <xbrli:period>
      <xbrli:startDate>2012-01-01</xbrli:startDate>
      <xbrli:endDate>2012-03-31</xbrli:endDate>
    </xbrli:period>
  </xbrli:context>
  <xbrli:context id="AsOf20110101">
    <xbrli:entity>
      <xbrli:identifier scheme="http://www.twse.com.tw">1213</xbrli:identifier>
    </xbrli:entity>
    <xbrli:period>
      <xbrli:instant>2011-01-01</xbrli:instant>
    </xbrli:period>
  </xbrli:context>
  <xbrli:context id="AsOf20110331">
    <xbrli:entity>
      <xbrli:identifier scheme="http://www.twse.com.tw">1213</xbrli:identifier>
    </xbrli:entity>
    <xbrli:period>
      <xbrli:instant>2011-03-31</xbrli:instant>
    </xbrli:period>
  </xbrli:context>
  <xbrli:context id="From20110101To20110331">
    <xbrli:entity>
      <xbrli:identifier scheme="http://www.twse.com.tw">1213</xbrli:identifier>
    </xbrli:entity>
    <xbrli:period>
      <xbrli:startDate>2011-01-01</xbrli:startDate>
      <xbrli:endDate>2011-03-31</xbrli:endDate>
    </xbrli:period>
  </xbrli:context>
  <xbrli:context id="AsOf20120427">
    <xbrli:entity>
      <xbrli:identifier scheme="http://www.twse.com.tw">1213</xbrli:identifier>
    </xbrli:entity>
    <xbrli:period>
      <xbrli:instant>2012-04-27</xbrli:instant>
    </xbrli:period>
  </xbrli:context>
  <xbrli:unit id="Shares">
    <xbrli:measure>xbrli:shares</xbrli:measure>
  </xbrli:unit>
  <xbrli:unit id="EarningsPerShare">
    <xbrli:divide>
      <xbrli:unitNumerator>
        <xbrli:measure>iso4217:TWD</xbrli:measure>
      </xbrli:unitNumerator>
      <xbrli:unitDenominator>
        <xbrli:measure>xbrli:shares</xbrli:measure>
      </xbrli:unitDenominator>
    </xbrli:divide>
  </xbrli:unit>
  <xbrli:unit id="AED">
    <xbrli:measure>iso4217:AED</xbrli:measure>
  </xbrli:unit>
  <xbrli:unit id="AUD">
    <xbrli:measure>iso4217:AUD</xbrli:measure>
  </xbrli:unit>
  <xbrli:unit id="BRL">
    <xbrli:measure>iso4217:BRL</xbrli:measure>
  </xbrli:unit>
  <xbrli:unit id="CAD">
    <xbrli:measure>iso4217:CAD</xbrli:measure>
  </xbrli:unit>
  <xbrli:unit id="CHF">
    <xbrli:measure>iso4217:CHF</xbrli:measure>
  </xbrli:unit>
  <xbrli:unit id="CLP">
    <xbrli:measure>iso4217:CLP</xbrli:measure>
  </xbrli:unit>
  <xbrli:unit id="CNY">
    <xbrli:measure>iso4217:CNY</xbrli:measure>
  </xbrli:unit>
  <xbrli:unit id="CZK">
    <xbrli:measure>iso4217:CZK</xbrli:measure>
  </xbrli:unit>
  <xbrli:unit id="EUR">
    <xbrli:measure>iso4217:EUR</xbrli:measure>
  </xbrli:unit>
  <xbrli:unit id="GBP">
    <xbrli:measure>iso4217:GBP</xbrli:measure>
  </xbrli:unit>
  <xbrli:unit id="HKD">
    <xbrli:measure>iso4217:HKD</xbrli:measure>
  </xbrli:unit>
  <xbrli:unit id="IDR">
    <xbrli:measure>iso4217:IDR</xbrli:measure>
  </xbrli:unit>
  <xbrli:unit id="ILS">
    <xbrli:measure>iso4217:ILS</xbrli:measure>
  </xbrli:unit>
  <xbrli:unit id="INR">
    <xbrli:measure>iso4217:INR</xbrli:measure>
  </xbrli:unit>
  <xbrli:unit id="JPY">
    <xbrli:measure>iso4217:JPY</xbrli:measure>
  </xbrli:unit>
  <xbrli:unit id="KRW">
    <xbrli:measure>iso4217:KRW</xbrli:measure>
  </xbrli:unit>
  <xbrli:unit id="MOP">
    <xbrli:measure>iso4217:MOP</xbrli:measure>
  </xbrli:unit>
  <xbrli:unit id="MXN">
    <xbrli:measure>iso4217:MXN</xbrli:measure>
  </xbrli:unit>
  <xbrli:unit id="MYR">
    <xbrli:measure>iso4217:MYR</xbrli:measure>
  </xbrli:unit>
  <xbrli:unit id="NOK">
    <xbrli:measure>iso4217:NOK</xbrli:measure>
  </xbrli:unit>
  <xbrli:unit id="NZD">
    <xbrli:measure>iso4217:NZD</xbrli:measure>
  </xbrli:unit>
  <xbrli:unit id="PHP">
    <xbrli:measure>iso4217:PHP</xbrli:measure>
  </xbrli:unit>
  <xbrli:unit id="PLN">
    <xbrli:measure>iso4217:PLN</xbrli:measure>
  </xbrli:unit>
  <xbrli:unit id="RUB">
    <xbrli:measure>iso4217:RUB</xbrli:measure>
  </xbrli:unit>
  <xbrli:unit id="SAR">
    <xbrli:measure>iso4217:SAR</xbrli:measure>
  </xbrli:unit>
  <xbrli:unit id="SGD">
    <xbrli:measure>iso4217:SGD</xbrli:measure>
  </xbrli:unit>
  <xbrli:unit id="THB">
    <xbrli:measure>iso4217:THB</xbrli:measure>
  </xbrli:unit>
  <xbrli:unit id="TRY">
    <xbrli:measure>iso4217:TRY</xbrli:measure>
  </xbrli:unit>
  <xbrli:unit id="TWD">
    <xbrli:measure>iso4217:TWD</xbrli:measure>
  </xbrli:unit>
  <xbrli:unit id="USD">
    <xbrli:measure>iso4217:USD</xbrli:measure>
  </xbrli:unit>
  <xbrli:unit id="VND">
    <xbrli:measure>iso4217:VND</xbrli:measure>
  </xbrli:unit>
  <xbrli:unit id="ZAR">
    <xbrli:measure>iso4217:ZAR</xbrli:measure>
  </xbrli:unit>
  <tw-gaap-ci:CashCashEquivalents contextRef="AsOf20110331" decimals="-3" unitRef="TWD">88145000</tw-gaap-ci:CashCashEquivalents>
  <tw-gaap-ci:CashCashEquivalents contextRef="AsOf20120331" decimals="-3" unitRef="TWD">97745000</tw-gaap-ci:CashCashEquivalents>
  <tw-gaap-ci:NetAccountsReceivableRelatedParties contextRef="AsOf20110331" decimals="-3" unitRef="TWD">143408000</tw-gaap-ci:NetAccountsReceivableRelatedParties>
  <tw-gaap-ci:NetAccountsReceivableRelatedParties contextRef="AsOf20120331" decimals="-3" unitRef="TWD">163121000</tw-gaap-ci:NetAccountsReceivableRelatedParties>
  <tw-gaap-ci:OtherReceivablesRelatedPartiesOther contextRef="AsOf20110331" decimals="-3" unitRef="TWD">62182000</tw-gaap-ci:OtherReceivablesRelatedPartiesOther>
  <tw-gaap-ci:OtherReceivablesRelatedPartiesOther contextRef="AsOf20120331" decimals="-3" unitRef="TWD">46626000</tw-gaap-ci:OtherReceivablesRelatedPartiesOther>
  <tw-gaap-ci:Inventories contextRef="AsOf20110331" decimals="-3" unitRef="TWD">27233000</tw-gaap-ci:Inventories>
  <tw-gaap-ci:Inventories contextRef="AsOf20120331" decimals="-3" unitRef="TWD">24936000</tw-gaap-ci:Inventories>
  <tw-gaap-ci:DeferredIncomeTaxAssetsCurrent contextRef="AsOf20110331" decimals="-3" unitRef="TWD">1825000</tw-gaap-ci:DeferredIncomeTaxAssetsCurrent>
  <tw-gaap-ci:DeferredIncomeTaxAssetsCurrent contextRef="AsOf20120331" decimals="-3" unitRef="TWD">1961000</tw-gaap-ci:DeferredIncomeTaxAssetsCurrent>
  <tw-gaap-ci:OthercurrentAssetsOther contextRef="AsOf20110331" decimals="-3" unitRef="TWD">6188000</tw-gaap-ci:OthercurrentAssetsOther>
  <tw-gaap-ci:OthercurrentAssetsOther contextRef="AsOf20120331" decimals="-3" unitRef="TWD">5424000</tw-gaap-ci:OthercurrentAssetsOther>
  <tw-gaap-ci:LongtermInvestmentsEquity contextRef="AsOf20110331" decimals="-3" unitRef="TWD">0</tw-gaap-ci:LongtermInvestmentsEquity>
  <tw-gaap-ci:LongtermInvestmentsEquity contextRef="AsOf20120331" decimals="-3" unitRef="TWD">1712000</tw-gaap-ci:LongtermInvestmentsEquity>
  <tw-gaap-ci:OtherFinancialAssetsNonCurrent contextRef="AsOf20110331" decimals="-3" unitRef="TWD">34368000</tw-gaap-ci:OtherFinancialAssetsNonCurrent>
  <tw-gaap-ci:OtherFinancialAssetsNonCurrent contextRef="AsOf20120331" decimals="-3" unitRef="TWD">33872000</tw-gaap-ci:OtherFinancialAssetsNonCurrent>
  <tw-gaap-ci:Land contextRef="AsOf20110331" decimals="-3" unitRef="TWD">184251000</tw-gaap-ci:Land>
  <tw-gaap-ci:Land contextRef="AsOf20120331" decimals="-3" unitRef="TWD">185416000</tw-gaap-ci:Land>
  <tw-gaap-ci:BuildingsStructures contextRef="AsOf20110331" decimals="-3" unitRef="TWD">127437000</tw-gaap-ci:BuildingsStructures>
  <tw-gaap-ci:BuildingsStructures contextRef="AsOf20120331" decimals="-3" unitRef="TWD">129037000</tw-gaap-ci:BuildingsStructures>
  <tw-gaap-ci:MachineryEquipment contextRef="AsOf20110331" decimals="-3" unitRef="TWD">208004000</tw-gaap-ci:MachineryEquipment>
  <tw-gaap-ci:MachineryEquipment contextRef="AsOf20120331" decimals="-3" unitRef="TWD">208310000</tw-gaap-ci:MachineryEquipment>
  <tw-gaap-ci:TransportationEquipment contextRef="AsOf20110331" decimals="-3" unitRef="TWD">8497000</tw-gaap-ci:TransportationEquipment>
  <tw-gaap-ci:TransportationEquipment contextRef="AsOf20120331" decimals="-3" unitRef="TWD">9552000</tw-gaap-ci:TransportationEquipment>
  <tw-gaap-ci:OtherFacilities contextRef="AsOf20110331" decimals="-3" unitRef="TWD">22502000</tw-gaap-ci:OtherFacilities>
  <tw-gaap-ci:OtherFacilities contextRef="AsOf20120331" decimals="-3" unitRef="TWD">27618000</tw-gaap-ci:OtherFacilities>
  <tw-gaap-ci:RevaluationIncrement contextRef="AsOf20110331" decimals="-3" unitRef="TWD">0</tw-gaap-ci:RevaluationIncrement>
  <tw-gaap-ci:RevaluationIncrement contextRef="AsOf20120331" decimals="-3" unitRef="TWD">69420000</tw-gaap-ci:RevaluationIncrement>
  <tw-gaap-ci:AccumulatedDepreciation contextRef="AsOf20110331" decimals="-3" unitRef="TWD">301931000</tw-gaap-ci:AccumulatedDepreciation>
  <tw-gaap-ci:AccumulatedDepreciation contextRef="AsOf20120331" decimals="-3" unitRef="TWD">312959000</tw-gaap-ci:AccumulatedDepreciation>
  <tw-gaap-ci:ConstructionProcessPrepaymentEquipments contextRef="AsOf20110331" decimals="-3" unitRef="TWD">0</tw-gaap-ci:ConstructionProcessPrepaymentEquipments>
  <tw-gaap-ci:ConstructionProcessPrepaymentEquipments contextRef="AsOf20120331" decimals="-3" unitRef="TWD">538000</tw-gaap-ci:ConstructionProcessPrepaymentEquipments>
  <tw-gaap-ci:GuaranteeDepositsPaid contextRef="AsOf20110331" decimals="-3" unitRef="TWD">1822000</tw-gaap-ci:GuaranteeDepositsPaid>
  <tw-gaap-ci:GuaranteeDepositsPaid contextRef="AsOf20120331" decimals="-3" unitRef="TWD">1582000</tw-gaap-ci:GuaranteeDepositsPaid>
  <tw-gaap-ci:DeferredCharges contextRef="AsOf20110331" decimals="-3" unitRef="TWD">12183000</tw-gaap-ci:DeferredCharges>
  <tw-gaap-ci:DeferredCharges contextRef="AsOf20120331" decimals="-3" unitRef="TWD">29271000</tw-gaap-ci:DeferredCharges>
  <tw-gaap-ci:LongtermNotesReceivableRelatedParties contextRef="AsOf20110331" decimals="-3" unitRef="TWD">78151000</tw-gaap-ci:LongtermNotesReceivableRelatedParties>
  <tw-gaap-ci:LongtermNotesReceivableRelatedParties contextRef="AsOf20120331" decimals="-3" unitRef="TWD">67437000</tw-gaap-ci:LongtermNotesReceivableRelatedParties>
  <tw-gaap-ci:DeferredIncomeTaxAssetsNonCurrent contextRef="AsOf20110331" decimals="-3" unitRef="TWD">4248000</tw-gaap-ci:DeferredIncomeTaxAssetsNonCurrent>
  <tw-gaap-ci:DeferredIncomeTaxAssetsNonCurrent contextRef="AsOf20120331" decimals="-3" unitRef="TWD">2859000</tw-gaap-ci:DeferredIncomeTaxAssetsNonCurrent>
  <tw-gaap-ci:ShortTermBorrowings contextRef="AsOf20110331" decimals="-3" unitRef="TWD">30000000</tw-gaap-ci:ShortTermBorrowings>
  <tw-gaap-ci:ShortTermBorrowings contextRef="AsOf20120331" decimals="-3" unitRef="TWD">22000000</tw-gaap-ci:ShortTermBorrowings>
  <tw-gaap-ci:NotesPayable contextRef="AsOf20110331" decimals="-3" unitRef="TWD">17261000</tw-gaap-ci:NotesPayable>
  <tw-gaap-ci:NotesPayable contextRef="AsOf20120331" decimals="-3" unitRef="TWD">26558000</tw-gaap-ci:NotesPayable>
  <tw-gaap-ci:AccountsPayable contextRef="AsOf20110331" decimals="-3" unitRef="TWD">40941000</tw-gaap-ci:AccountsPayable>
  <tw-gaap-ci:AccountsPayable contextRef="AsOf20120331" decimals="-3" unitRef="TWD">48456000</tw-gaap-ci:AccountsPayable>
  <tw-gaap-ci:AccountsPayableRelatedParties contextRef="AsOf20110331" decimals="-3" unitRef="TWD">14123000</tw-gaap-ci:AccountsPayableRelatedParties>
  <tw-gaap-ci:AccountsPayableRelatedParties contextRef="AsOf20120331" decimals="-3" unitRef="TWD">10757000</tw-gaap-ci:AccountsPayableRelatedParties>
  <tw-gaap-ci:IncomeTaxPayable contextRef="AsOf20110331" decimals="-3" unitRef="TWD">464000</tw-gaap-ci:IncomeTaxPayable>
  <tw-gaap-ci:IncomeTaxPayable contextRef="AsOf20120331" decimals="-3" unitRef="TWD">0</tw-gaap-ci:IncomeTaxPayable>
  <tw-gaap-ci:AccruedExpenses contextRef="AsOf20110331" decimals="-3" unitRef="TWD">16207000</tw-gaap-ci:AccruedExpenses>
  <tw-gaap-ci:AccruedExpenses contextRef="AsOf20120331" decimals="-3" unitRef="TWD">16261000</tw-gaap-ci:AccruedExpenses>
  <tw-gaap-ci:OtherCurrentLiabilitiesOther contextRef="AsOf20110331" decimals="-3" unitRef="TWD">2080000</tw-gaap-ci:OtherCurrentLiabilitiesOther>
  <tw-gaap-ci:OtherCurrentLiabilitiesOther contextRef="AsOf20120331" decimals="-3" unitRef="TWD">491000</tw-gaap-ci:OtherCurrentLiabilitiesOther>
  <tw-gaap-ci:ReserveLandRevaluationIncrementTax contextRef="AsOf20110331" decimals="-3" unitRef="TWD">0</tw-gaap-ci:ReserveLandRevaluationIncrementTax>
  <tw-gaap-ci:ReserveLandRevaluationIncrementTax contextRef="AsOf20120331" decimals="-3" unitRef="TWD">30839000</tw-gaap-ci:ReserveLandRevaluationIncrementTax>
  <tw-gaap-ci:GuaranteeDepositsReceived contextRef="AsOf20110331" decimals="-3" unitRef="TWD">4870000</tw-gaap-ci:GuaranteeDepositsReceived>
  <tw-gaap-ci:GuaranteeDepositsReceived contextRef="AsOf20120331" decimals="-3" unitRef="TWD">6313000</tw-gaap-ci:GuaranteeDepositsReceived>
  <tw-gaap-ci:OtherLiabilities-Other contextRef="AsOf20110331" decimals="-3" unitRef="TWD">3448000</tw-gaap-ci:OtherLiabilities-Other>
  <tw-gaap-ci:OtherLiabilities-Other contextRef="AsOf20120331" decimals="-3" unitRef="TWD">78000</tw-gaap-ci:OtherLiabilities-Other>
  <tw-gaap-ci:CommonStock contextRef="AsOf20110331" decimals="-3" unitRef="TWD">514751000</tw-gaap-ci:CommonStock>
  <tw-gaap-ci:CommonStock contextRef="AsOf20120331" decimals="-3" unitRef="TWD">514751000</tw-gaap-ci:CommonStock>
  <tw-gaap-ci:CapitalSurplusAdditionalPaidCapitalCommonStock contextRef="AsOf20110331" decimals="-3" unitRef="TWD">21938000</tw-gaap-ci:CapitalSurplusAdditionalPaidCapitalCommonStock>
  <tw-gaap-ci:CapitalSurplusAdditionalPaidCapitalCommonStock contextRef="AsOf20120331" decimals="-3" unitRef="TWD">21938000</tw-gaap-ci:CapitalSurplusAdditionalPaidCapitalCommonStock>
  <tw-gaap-ci:LegalReserve contextRef="AsOf20110331" decimals="-3" unitRef="TWD">11555000</tw-gaap-ci:LegalReserve>
  <tw-gaap-ci:LegalReserve contextRef="AsOf20120331" decimals="-3" unitRef="TWD">11555000</tw-gaap-ci:LegalReserve>
  <tw-gaap-ci:SpecialReserve contextRef="AsOf20110331" decimals="-3" unitRef="TWD">2144000</tw-gaap-ci:SpecialReserve>
  <tw-gaap-ci:SpecialReserve contextRef="AsOf20120331" decimals="-3" unitRef="TWD">1953000</tw-gaap-ci:SpecialReserve>
  <tw-gaap-ci:UnappropriatedRetainedEarnings contextRef="AsOf20110331" decimals="-3" unitRef="TWD">30730000</tw-gaap-ci:UnappropriatedRetainedEarnings>
  <tw-gaap-ci:UnappropriatedRetainedEarnings contextRef="AsOf20120331" decimals="-3" unitRef="TWD">44558000</tw-gaap-ci:UnappropriatedRetainedEarnings>
  <tw-gaap-ci:CumulativeTranslationAdjustments contextRef="AsOf20110331" decimals="-3" unitRef="TWD">-1999000</tw-gaap-ci:CumulativeTranslationAdjustments>
  <tw-gaap-ci:CumulativeTranslationAdjustments contextRef="AsOf20120331" decimals="-3" unitRef="TWD">-1611000</tw-gaap-ci:CumulativeTranslationAdjustments>
  <tw-gaap-ci:UnrealizedRevaluationIncrement contextRef="AsOf20110331" decimals="-3" unitRef="TWD">0</tw-gaap-ci:UnrealizedRevaluationIncrement>
  <tw-gaap-ci:UnrealizedRevaluationIncrement contextRef="AsOf20120331" decimals="-3" unitRef="TWD">38581000</tw-gaap-ci:UnrealizedRevaluationIncrement>
  <tw-gaap-ci:EquivalentSharesOutstandingAdvanceReceiptsCommonStock contextRef="AsOf20110331" decimals="0" unitRef="Shares">0</tw-gaap-ci:EquivalentSharesOutstandingAdvanceReceiptsCommonStock>
  <tw-gaap-ci:EquivalentSharesOutstandingAdvanceReceiptsCommonStock contextRef="AsOf20120331" decimals="0" unitRef="Shares">0</tw-gaap-ci:EquivalentSharesOutstandingAdvanceReceiptsCommonStock>
  <tw-gaap-ci:NumberTreasuryStockAcquiredCompanySubsidiaries contextRef="AsOf20110331" decimals="0" unitRef="Shares">0</tw-gaap-ci:NumberTreasuryStockAcquiredCompanySubsidiaries>
  <tw-gaap-ci:NumberTreasuryStockAcquiredCompanySubsidiaries contextRef="AsOf20120331" decimals="0" unitRef="Shares">0</tw-gaap-ci:NumberTreasuryStockAcquiredCompanySubsidiaries>
  <tw-gaap-ci:Assets contextRef="AsOf20110331" decimals="-3" unitRef="TWD">708513000</tw-gaap-ci:Assets>
  <tw-gaap-ci:Assets contextRef="AsOf20120331" decimals="-3" unitRef="TWD">793478000</tw-gaap-ci:Assets>
  <tw-gaap-ci:OtherAssets contextRef="AsOf20110331" decimals="-3" unitRef="TWD">96404000</tw-gaap-ci:OtherAssets>
  <tw-gaap-ci:OtherAssets contextRef="AsOf20120331" decimals="-3" unitRef="TWD">101149000</tw-gaap-ci:OtherAssets>
  <tw-gaap-ci:CurrentAssets contextRef="AsOf20110331" decimals="-3" unitRef="TWD">328981000</tw-gaap-ci:CurrentAssets>
  <tw-gaap-ci:CurrentAssets contextRef="AsOf20120331" decimals="-3" unitRef="TWD">339813000</tw-gaap-ci:CurrentAssets>
  <tw-gaap-ci:OtherCurrentAssets contextRef="AsOf20110331" decimals="-3" unitRef="TWD">8013000</tw-gaap-ci:OtherCurrentAssets>
  <tw-gaap-ci:OtherCurrentAssets contextRef="AsOf20120331" decimals="-3" unitRef="TWD">7385000</tw-gaap-ci:OtherCurrentAssets>
  <tw-gaap-ci:OtherReceivablesRelatedParties contextRef="AsOf20110331" decimals="-3" unitRef="TWD">62182000</tw-gaap-ci:OtherReceivablesRelatedParties>
  <tw-gaap-ci:OtherReceivablesRelatedParties contextRef="AsOf20120331" decimals="-3" unitRef="TWD">46626000</tw-gaap-ci:OtherReceivablesRelatedParties>
  <tw-gaap-ci:FundsInvestments contextRef="AsOf20110331" decimals="-3" unitRef="TWD">34368000</tw-gaap-ci:FundsInvestments>
  <tw-gaap-ci:FundsInvestments contextRef="AsOf20120331" decimals="-3" unitRef="TWD">35584000</tw-gaap-ci:FundsInvestments>
  <tw-gaap-ci:LongtermInvestments contextRef="AsOf20110331" decimals="-3" unitRef="TWD">0</tw-gaap-ci:LongtermInvestments>
  <tw-gaap-ci:LongtermInvestments contextRef="AsOf20120331" decimals="-3" unitRef="TWD">1712000</tw-gaap-ci:LongtermInvestments>
  <tw-gaap-ci:FixedAssets contextRef="AsOf20110331" decimals="-3" unitRef="TWD">248760000</tw-gaap-ci:FixedAssets>
  <tw-gaap-ci:FixedAssets contextRef="AsOf20120331" decimals="-3" unitRef="TWD">316932000</tw-gaap-ci:FixedAssets>
  <tw-gaap-ci:CostsRevaluationIncrement contextRef="AsOf20110331" decimals="-3" unitRef="TWD">550691000</tw-gaap-ci:CostsRevaluationIncrement>
  <tw-gaap-ci:CostsRevaluationIncrement contextRef="AsOf20120331" decimals="-3" unitRef="TWD">629353000</tw-gaap-ci:CostsRevaluationIncrement>
  <tw-gaap-ci:FixedAssetsOriginalCosts contextRef="AsOf20110331" decimals="-3" unitRef="TWD">550691000</tw-gaap-ci:FixedAssetsOriginalCosts>
  <tw-gaap-ci:FixedAssetsOriginalCosts contextRef="AsOf20120331" decimals="-3" unitRef="TWD">559933000</tw-gaap-ci:FixedAssetsOriginalCosts>
  <tw-gaap-ci:Liabilities contextRef="AsOf20110331" decimals="-3" unitRef="TWD">129394000</tw-gaap-ci:Liabilities>
  <tw-gaap-ci:Liabilities contextRef="AsOf20120331" decimals="-3" unitRef="TWD">161753000</tw-gaap-ci:Liabilities>
  <tw-gaap-ci:CurrentLiabilities contextRef="AsOf20110331" decimals="-3" unitRef="TWD">121076000</tw-gaap-ci:CurrentLiabilities>
  <tw-gaap-ci:CurrentLiabilities contextRef="AsOf20120331" decimals="-3" unitRef="TWD">124523000</tw-gaap-ci:CurrentLiabilities>
  <tw-gaap-ci:OtherCurrentLiabilities contextRef="AsOf20110331" decimals="-3" unitRef="TWD">2080000</tw-gaap-ci:OtherCurrentLiabilities>
  <tw-gaap-ci:OtherCurrentLiabilities contextRef="AsOf20120331" decimals="-3" unitRef="TWD">491000</tw-gaap-ci:OtherCurrentLiabilities>
  <tw-gaap-ci:Reserves contextRef="AsOf20110331" decimals="-3" unitRef="TWD">0</tw-gaap-ci:Reserves>
  <tw-gaap-ci:Reserves contextRef="AsOf20120331" decimals="-3" unitRef="TWD">30839000</tw-gaap-ci:Reserves>
  <tw-gaap-ci:OtherLiabilities contextRef="AsOf20110331" decimals="-3" unitRef="TWD">8318000</tw-gaap-ci:OtherLiabilities>
  <tw-gaap-ci:OtherLiabilities contextRef="AsOf20120331" decimals="-3" unitRef="TWD">6391000</tw-gaap-ci:OtherLiabilities>
  <tw-gaap-ci:OtherLiabilitiesOther contextRef="AsOf20110331" decimals="-3" unitRef="TWD">3448000</tw-gaap-ci:OtherLiabilitiesOther>
  <tw-gaap-ci:OtherLiabilitiesOther contextRef="AsOf20120331" decimals="-3" unitRef="TWD">78000</tw-gaap-ci:OtherLiabilitiesOther>
  <tw-gaap-ci:StockholdersEquities contextRef="AsOf20110331" decimals="-3" unitRef="TWD">579119000</tw-gaap-ci:StockholdersEquities>
  <tw-gaap-ci:StockholdersEquities contextRef="AsOf20120331" decimals="-3" unitRef="TWD">631725000</tw-gaap-ci:StockholdersEquities>
  <tw-gaap-ci:CapitalSurplus contextRef="AsOf20110331" decimals="-3" unitRef="TWD">21938000</tw-gaap-ci:CapitalSurplus>
  <tw-gaap-ci:CapitalSurplus contextRef="AsOf20120331" decimals="-3" unitRef="TWD">21938000</tw-gaap-ci:CapitalSurplus>
  <tw-gaap-ci:CapitalSurplusAdditionalPaidCapital contextRef="AsOf20110331" decimals="-3" unitRef="TWD">21938000</tw-gaap-ci:CapitalSurplusAdditionalPaidCapital>
  <tw-gaap-ci:CapitalSurplusAdditionalPaidCapital contextRef="AsOf20120331" decimals="-3" unitRef="TWD">21938000</tw-gaap-ci:CapitalSurplusAdditionalPaidCapital>
  <tw-gaap-ci:RetainedEarnings contextRef="AsOf20110331" decimals="-3" unitRef="TWD">44429000</tw-gaap-ci:RetainedEarnings>
  <tw-gaap-ci:RetainedEarnings contextRef="AsOf20120331" decimals="-3" unitRef="TWD">58066000</tw-gaap-ci:RetainedEarnings>
  <tw-gaap-ci:StockholdersEquitiesAdjustments contextRef="AsOf20110331" decimals="-3" unitRef="TWD">-1999000</tw-gaap-ci:StockholdersEquitiesAdjustments>
  <tw-gaap-ci:StockholdersEquitiesAdjustments contextRef="AsOf20120331" decimals="-3" unitRef="TWD">36970000</tw-gaap-ci:StockholdersEquitiesAdjustments>
  <tw-gaap-ci:Capital contextRef="AsOf20110331" decimals="-3" unitRef="TWD">514751000</tw-gaap-ci:Capital>
  <tw-gaap-ci:Capital contextRef="AsOf20120331" decimals="-3" unitRef="TWD">514751000</tw-gaap-ci:Capital>
  <tw-gaap-ci:Sales contextRef="From20110101To20110331" decimals="-3" unitRef="TWD">138761000</tw-gaap-ci:Sales>
  <tw-gaap-ci:Sales contextRef="From20120101To20120331" decimals="-3" unitRef="TWD">156422000</tw-gaap-ci:Sales>
  <tw-gaap-ci:SalesReturns contextRef="From20110101To20110331" decimals="-3" unitRef="TWD">1000</tw-gaap-ci:SalesReturns>
  <tw-gaap-ci:SalesReturns contextRef="From20120101To20120331" decimals="-3" unitRef="TWD">48000</tw-gaap-ci:SalesReturns>
  <tw-gaap-ci:ProcessingFeesRevenue contextRef="From20110101To20110331" decimals="-3" unitRef="TWD">115000</tw-gaap-ci:ProcessingFeesRevenue>
  <tw-gaap-ci:ProcessingFeesRevenue contextRef="From20120101To20120331" decimals="-3" unitRef="TWD">120000</tw-gaap-ci:ProcessingFeesRevenue>
  <tw-gaap-ci:OtherOperatingRevenue contextRef="From20110101To20110331" decimals="-3" unitRef="TWD">12856000</tw-gaap-ci:OtherOperatingRevenue>
  <tw-gaap-ci:OtherOperatingRevenue contextRef="From20120101To20120331" decimals="-3" unitRef="TWD">13745000</tw-gaap-ci:OtherOperatingRevenue>
  <tw-gaap-ci:CostSales contextRef="From20110101To20110331" decimals="-3" unitRef="TWD">124997000</tw-gaap-ci:CostSales>
  <tw-gaap-ci:CostSales contextRef="From20120101To20120331" decimals="-3" unitRef="TWD">138737000</tw-gaap-ci:CostSales>
  <tw-gaap-ci:ProcessingCost contextRef="From20110101To20110331" decimals="-3" unitRef="TWD">170000</tw-gaap-ci:ProcessingCost>
  <tw-gaap-ci:ProcessingCost contextRef="From20120101To20120331" decimals="-3" unitRef="TWD">192000</tw-gaap-ci:ProcessingCost>
  <tw-gaap-ci:OtherOperatingCosts contextRef="From20110101To20110331" decimals="-3" unitRef="TWD">11425000</tw-gaap-ci:OtherOperatingCosts>
  <tw-gaap-ci:OtherOperatingCosts contextRef="From20120101To20120331" decimals="-3" unitRef="TWD">10568000</tw-gaap-ci:OtherOperatingCosts>
  <tw-gaap-ci:UnrealizedGainInterAffiliateAccounts contextRef="From20110101To20110331" decimals="-3" unitRef="TWD">167000</tw-gaap-ci:UnrealizedGainInterAffiliateAccounts>
  <tw-gaap-ci:UnrealizedGainInterAffiliateAccounts contextRef="From20120101To20120331" decimals="-3" unitRef="TWD">78000</tw-gaap-ci:UnrealizedGainInterAffiliateAccounts>
  <tw-gaap-ci:RealizedGainInterAffiliateAccounts contextRef="From20110101To20110331" decimals="-3" unitRef="TWD">513000</tw-gaap-ci:RealizedGainInterAffiliateAccounts>
  <tw-gaap-ci:RealizedGainInterAffiliateAccounts contextRef="From20120101To20120331" decimals="-3" unitRef="TWD">103000</tw-gaap-ci:RealizedGainInterAffiliateAccounts>
  <tw-gaap-ci:Sellingexpense contextRef="From20110101To20110331" decimals="-3" unitRef="TWD">13656000</tw-gaap-ci:Sellingexpense>
  <tw-gaap-ci:Sellingexpense contextRef="From20120101To20120331" decimals="-3" unitRef="TWD">7156000</tw-gaap-ci:Sellingexpense>
  <tw-gaap-ci:GeneralAdministrativeExpenses contextRef="From20110101To20110331" decimals="-3" unitRef="TWD">4278000</tw-gaap-ci:GeneralAdministrativeExpenses>
  <tw-gaap-ci:GeneralAdministrativeExpenses contextRef="From20120101To20120331" decimals="-3" unitRef="TWD">4881000</tw-gaap-ci:GeneralAdministrativeExpenses>
  <tw-gaap-ci:InterestIncome contextRef="From20110101To20110331" decimals="-3" unitRef="TWD">395000</tw-gaap-ci:InterestIncome>
  <tw-gaap-ci:InterestIncome contextRef="From20120101To20120331" decimals="-3" unitRef="TWD">617000</tw-gaap-ci:InterestIncome>
  <tw-gaap-ci:ForeignExchangeGains contextRef="From20110101To20110331" decimals="-3" unitRef="TWD">100000</tw-gaap-ci:ForeignExchangeGains>
  <tw-gaap-ci:ForeignExchangeGains contextRef="From20120101To20120331" decimals="-3" unitRef="TWD">0</tw-gaap-ci:ForeignExchangeGains>
  <tw-gaap-ci:RentIncome contextRef="From20110101To20110331" decimals="-3" unitRef="TWD">414000</tw-gaap-ci:RentIncome>
  <tw-gaap-ci:RentIncome contextRef="From20120101To20120331" decimals="-3" unitRef="TWD">333000</tw-gaap-ci:RentIncome>
  <tw-gaap-ci:MiscellaneousIncome contextRef="From20110101To20110331" decimals="-3" unitRef="TWD">273000</tw-gaap-ci:MiscellaneousIncome>
  <tw-gaap-ci:MiscellaneousIncome contextRef="From20120101To20120331" decimals="-3" unitRef="TWD">171000</tw-gaap-ci:MiscellaneousIncome>
  <tw-gaap-ci:InterestExpense contextRef="From20110101To20110331" decimals="-3" unitRef="TWD">116000</tw-gaap-ci:InterestExpense>
  <tw-gaap-ci:InterestExpense contextRef="From20120101To20120331" decimals="-3" unitRef="TWD">91000</tw-gaap-ci:InterestExpense>
  <tw-gaap-ci:NonOperatingExpensesInvestmentLossRecognizedEquityMethod contextRef="From20110101To20110331" decimals="-3" unitRef="TWD">606000</tw-gaap-ci:NonOperatingExpensesInvestmentLossRecognizedEquityMethod>
  <tw-gaap-ci:NonOperatingExpensesInvestmentLossRecognizedEquityMethod contextRef="From20120101To20120331" decimals="-3" unitRef="TWD">1141000</tw-gaap-ci:NonOperatingExpensesInvestmentLossRecognizedEquityMethod>
  <tw-gaap-ci:ForeignExchangeLosses contextRef="From20110101To20110331" decimals="-3" unitRef="TWD">0</tw-gaap-ci:ForeignExchangeLosses>
  <tw-gaap-ci:ForeignExchangeLosses contextRef="From20120101To20120331" decimals="-3" unitRef="TWD">75000</tw-gaap-ci:ForeignExchangeLosses>
  <tw-gaap-ci:ImpairmentLossAssets contextRef="From20110101To20110331" decimals="-3" unitRef="TWD">477000</tw-gaap-ci:ImpairmentLossAssets>
  <tw-gaap-ci:ImpairmentLossAssets contextRef="From20120101To20120331" decimals="-3" unitRef="TWD">375000</tw-gaap-ci:ImpairmentLossAssets>
  <tw-gaap-ci:MiscellaneousDisbursements contextRef="From20110101To20110331" decimals="-3" unitRef="TWD">42000</tw-gaap-ci:MiscellaneousDisbursements>
  <tw-gaap-ci:MiscellaneousDisbursements contextRef="From20120101To20120331" decimals="-3" unitRef="TWD">15000</tw-gaap-ci:MiscellaneousDisbursements>
  <tw-gaap-ci:IncomeTaxExpenseBenefit contextRef="From20110101To20110331" decimals="-3" unitRef="TWD">1193000</tw-gaap-ci:IncomeTaxExpenseBenefit>
  <tw-gaap-ci:IncomeTaxExpenseBenefit contextRef="From20120101To20120331" decimals="-3" unitRef="TWD">541000</tw-gaap-ci:IncomeTaxExpenseBenefit>
  <tw-gaap-ci:PrimaryEarningsPerShareIncomeLossContinuingOperations contextRef="From20110101To20110331" decimals="2" unitRef="TWD">-0.07</tw-gaap-ci:PrimaryEarningsPerShareIncomeLossContinuingOperations>
  <tw-gaap-ci:PrimaryEarningsPerShareIncomeLossContinuingOperations contextRef="From20120101To20120331" decimals="2" unitRef="TWD">0.15</tw-gaap-ci:PrimaryEarningsPerShareIncomeLossContinuingOperations>
  <tw-gaap-ci:PrimaryEarningsPerShare contextRef="From20110101To20110331" decimals="2" unitRef="TWD">-0.07</tw-gaap-ci:PrimaryEarningsPerShare>
  <tw-gaap-ci:PrimaryEarningsPerShare contextRef="From20120101To20120331" decimals="2" unitRef="TWD">0.15</tw-gaap-ci:PrimaryEarningsPerShare>
  <tw-gaap-ci:NetIncomeLoss contextRef="From20110101To20110331" decimals="-3" unitRef="TWD">-3701000</tw-gaap-ci:NetIncomeLoss>
  <tw-gaap-ci:NetIncomeLoss contextRef="From20120101To20120331" decimals="-3" unitRef="TWD">7613000</tw-gaap-ci:NetIncomeLoss>
  <tw-gaap-ci:IncomeContinuingOperations contextRef="From20110101To20110331" decimals="-3" unitRef="TWD">-3701000</tw-gaap-ci:IncomeContinuingOperations>
  <tw-gaap-ci:IncomeContinuingOperations contextRef="From20120101To20120331" decimals="-3" unitRef="TWD">7613000</tw-gaap-ci:IncomeContinuingOperations>
  <tw-gaap-ci:IncomeContinuingOperationsBeforeIncomeTax contextRef="From20110101To20110331" decimals="-3" unitRef="TWD">-2508000</tw-gaap-ci:IncomeContinuingOperationsBeforeIncomeTax>
  <tw-gaap-ci:IncomeContinuingOperationsBeforeIncomeTax contextRef="From20120101To20120331" decimals="-3" unitRef="TWD">8154000</tw-gaap-ci:IncomeContinuingOperationsBeforeIncomeTax>
  <tw-gaap-ci:OperatingIncomeLoss contextRef="From20110101To20110331" decimals="-3" unitRef="TWD">-2449000</tw-gaap-ci:OperatingIncomeLoss>
  <tw-gaap-ci:OperatingIncomeLoss contextRef="From20120101To20120331" decimals="-3" unitRef="TWD">8730000</tw-gaap-ci:OperatingIncomeLoss>
  <tw-gaap-ci:GrossProfitLossOperations contextRef="From20110101To20110331" decimals="-3" unitRef="TWD">15139000</tw-gaap-ci:GrossProfitLossOperations>
  <tw-gaap-ci:GrossProfitLossOperations contextRef="From20120101To20120331" decimals="-3" unitRef="TWD">20742000</tw-gaap-ci:GrossProfitLossOperations>
  <tw-gaap-ci:OperatingCosts contextRef="From20110101To20110331" decimals="-3" unitRef="TWD">136592000</tw-gaap-ci:OperatingCosts>
  <tw-gaap-ci:OperatingCosts contextRef="From20120101To20120331" decimals="-3" unitRef="TWD">149497000</tw-gaap-ci:OperatingCosts>
  <tw-gaap-ci:TotalCostServices contextRef="From20110101To20110331" decimals="-3" unitRef="TWD">170000</tw-gaap-ci:TotalCostServices>
  <tw-gaap-ci:TotalCostServices contextRef="From20120101To20120331" decimals="-3" unitRef="TWD">192000</tw-gaap-ci:TotalCostServices>
  <tw-gaap-ci:OperatingRevenue contextRef="From20110101To20110331" decimals="-3" unitRef="TWD">151731000</tw-gaap-ci:OperatingRevenue>
  <tw-gaap-ci:OperatingRevenue contextRef="From20120101To20120331" decimals="-3" unitRef="TWD">170239000</tw-gaap-ci:OperatingRevenue>
  <tw-gaap-ci:NetSales contextRef="From20110101To20110331" decimals="-3" unitRef="TWD">138760000</tw-gaap-ci:NetSales>
  <tw-gaap-ci:NetSales contextRef="From20120101To20120331" decimals="-3" unitRef="TWD">156374000</tw-gaap-ci:NetSales>
  <tw-gaap-ci:TotalServiceRevenue contextRef="From20110101To20110331" decimals="-3" unitRef="TWD">115000</tw-gaap-ci:TotalServiceRevenue>
  <tw-gaap-ci:TotalServiceRevenue contextRef="From20120101To20120331" decimals="-3" unitRef="TWD">120000</tw-gaap-ci:TotalServiceRevenue>
  <tw-gaap-ci:OperatingExpenses contextRef="From20110101To20110331" decimals="-3" unitRef="TWD">17934000</tw-gaap-ci:OperatingExpenses>
  <tw-gaap-ci:OperatingExpenses contextRef="From20120101To20120331" decimals="-3" unitRef="TWD">12037000</tw-gaap-ci:OperatingExpenses>
  <tw-gaap-ci:NonOperatingIncomeGains contextRef="From20110101To20110331" decimals="-3" unitRef="TWD">1182000</tw-gaap-ci:NonOperatingIncomeGains>
  <tw-gaap-ci:NonOperatingIncomeGains contextRef="From20120101To20120331" decimals="-3" unitRef="TWD">1121000</tw-gaap-ci:NonOperatingIncomeGains>
  <tw-gaap-ci:NonOperatingExpenses contextRef="From20110101To20110331" decimals="-3" unitRef="TWD">1241000</tw-gaap-ci:NonOperatingExpenses>
  <tw-gaap-ci:NonOperatingExpenses contextRef="From20120101To20120331" decimals="-3" unitRef="TWD">1697000</tw-gaap-ci:NonOperatingExpenses>
  <tw-gaap-ci:NonOperatingExpensesInvestmentLoss contextRef="From20110101To20110331" decimals="-3" unitRef="TWD">606000</tw-gaap-ci:NonOperatingExpensesInvestmentLoss>
  <tw-gaap-ci:NonOperatingExpensesInvestmentLoss contextRef="From20120101To20120331" decimals="-3" unitRef="TWD">1141000</tw-gaap-ci:NonOperatingExpensesInvestmentLoss>
  <tw-gaap-ci:AcquisitionPropertyPlantEquipment contextRef="From20110101To20110331" decimals="-3" unitRef="TWD">-876000</tw-gaap-ci:AcquisitionPropertyPlantEquipment>
  <tw-gaap-ci:AcquisitionPropertyPlantEquipment contextRef="From20120101To20120331" decimals="-3" unitRef="TWD">-2184000</tw-gaap-ci:AcquisitionPropertyPlantEquipment>
  <tw-gaap-ci:AmortizationExpense-Operating contextRef="From20110101To20110331" decimals="-3" unitRef="TWD">1689000</tw-gaap-ci:AmortizationExpense-Operating>
  <tw-gaap-ci:AmortizationExpense-Operating contextRef="From20120101To20120331" decimals="-3" unitRef="TWD">2333000</tw-gaap-ci:AmortizationExpense-Operating>
  <tw-gaap-ci:CashCashEquivalents contextRef="AsOf20110101" decimals="-3" unitRef="TWD">113431000</tw-gaap-ci:CashCashEquivalents>
  <tw-gaap-ci:CashCashEquivalents contextRef="AsOf20120101" decimals="-3" unitRef="TWD">96428000</tw-gaap-ci:CashCashEquivalents>
  <tw-gaap-ci:ChangesAccountsPayable contextRef="From20110101To20110331" decimals="-3" unitRef="TWD">-11127000</tw-gaap-ci:ChangesAccountsPayable>
  <tw-gaap-ci:ChangesAccountsPayable contextRef="From20120101To20120331" decimals="-3" unitRef="TWD">-12844000</tw-gaap-ci:ChangesAccountsPayable>
  <tw-gaap-ci:ChangesAccountsPayableRelatedParties contextRef="From20110101To20110331" decimals="-3" unitRef="TWD">-2401000</tw-gaap-ci:ChangesAccountsPayableRelatedParties>
  <tw-gaap-ci:ChangesAccountsPayableRelatedParties contextRef="From20120101To20120331" decimals="-3" unitRef="TWD">3783000</tw-gaap-ci:ChangesAccountsPayableRelatedParties>
  <tw-gaap-ci:ChangesAccountsReceivableRelatedParties contextRef="From20110101To20110331" decimals="-3" unitRef="TWD">-18132000</tw-gaap-ci:ChangesAccountsReceivableRelatedParties>
  <tw-gaap-ci:ChangesAccountsReceivableRelatedParties contextRef="From20120101To20120331" decimals="-3" unitRef="TWD">-28408000</tw-gaap-ci:ChangesAccountsReceivableRelatedParties>
  <tw-gaap-ci:ChangesAccruedExpenses contextRef="From20110101To20110331" decimals="-3" unitRef="TWD">-6889000</tw-gaap-ci:ChangesAccruedExpenses>
  <tw-gaap-ci:ChangesAccruedExpenses contextRef="From20120101To20120331" decimals="-3" unitRef="TWD">-6446000</tw-gaap-ci:ChangesAccruedExpenses>
  <tw-gaap-ci:ChangesDeferredTaxAssets contextRef="From20110101To20110331" decimals="-3" unitRef="TWD">1193000</tw-gaap-ci:ChangesDeferredTaxAssets>
  <tw-gaap-ci:ChangesDeferredTaxAssets contextRef="From20120101To20120331" decimals="-3" unitRef="TWD">292000</tw-gaap-ci:ChangesDeferredTaxAssets>
  <tw-gaap-ci:ChangesGuaranteeDepositsReceived contextRef="From20110101To20110331" decimals="-3" unitRef="TWD">-3000</tw-gaap-ci:ChangesGuaranteeDepositsReceived>
  <tw-gaap-ci:ChangesGuaranteeDepositsReceived contextRef="From20120101To20120331" decimals="-3" unitRef="TWD">101000</tw-gaap-ci:ChangesGuaranteeDepositsReceived>
  <tw-gaap-ci:ChangesInventories contextRef="From20110101To20110331" decimals="-3" unitRef="TWD">8881000</tw-gaap-ci:ChangesInventories>
  <tw-gaap-ci:ChangesInventories contextRef="From20120101To20120331" decimals="-3" unitRef="TWD">18922000</tw-gaap-ci:ChangesInventories>
  <tw-gaap-ci:ChangesNotesPayable contextRef="From20110101To20110331" decimals="-3" unitRef="TWD">-4423000</tw-gaap-ci:ChangesNotesPayable>
  <tw-gaap-ci:ChangesNotesPayable contextRef="From20120101To20120331" decimals="-3" unitRef="TWD">-6667000</tw-gaap-ci:ChangesNotesPayable>
  <tw-gaap-ci:ChangesOtherCurrentAssets_CI contextRef="From20110101To20110331" decimals="-3" unitRef="TWD">479000</tw-gaap-ci:ChangesOtherCurrentAssets_CI>
  <tw-gaap-ci:ChangesOtherCurrentAssets_CI contextRef="From20120101To20120331" decimals="-3" unitRef="TWD">-589000</tw-gaap-ci:ChangesOtherCurrentAssets_CI>
  <tw-gaap-ci:ChangesOtherCurrentLiabilities_CI contextRef="From20110101To20110331" decimals="-3" unitRef="TWD">-495000</tw-gaap-ci:ChangesOtherCurrentLiabilities_CI>
  <tw-gaap-ci:ChangesOtherCurrentLiabilities_CI contextRef="From20120101To20120331" decimals="-3" unitRef="TWD">-2654000</tw-gaap-ci:ChangesOtherCurrentLiabilities_CI>
  <tw-gaap-ci:ChangesOtherReceivablesRelatedParties contextRef="From20110101To20110331" decimals="-3" unitRef="TWD">-2975000</tw-gaap-ci:ChangesOtherReceivablesRelatedParties>
  <tw-gaap-ci:ChangesOtherReceivablesRelatedParties contextRef="From20120101To20120331" decimals="-3" unitRef="TWD">14712000</tw-gaap-ci:ChangesOtherReceivablesRelatedParties>
  <tw-gaap-ci:ChangesShortTermLoans contextRef="From20110101To20110331" decimals="-3" unitRef="TWD">10000000</tw-gaap-ci:ChangesShortTermLoans>
  <tw-gaap-ci:ChangesShortTermLoans contextRef="From20120101To20120331" decimals="-3" unitRef="TWD">12000000</tw-gaap-ci:ChangesShortTermLoans>
  <tw-gaap-ci:DepreciationExpense-Operating contextRef="From20110101To20110331" decimals="-3" unitRef="TWD">2790000</tw-gaap-ci:DepreciationExpense-Operating>
  <tw-gaap-ci:DepreciationExpense-Operating contextRef="From20120101To20120331" decimals="-3" unitRef="TWD">2899000</tw-gaap-ci:DepreciationExpense-Operating>
  <tw-gaap-ci:GainLossInventoryValuationObsolescenceRecoverie contextRef="From20110101To20110331" decimals="-3" unitRef="TWD">811000</tw-gaap-ci:GainLossInventoryValuationObsolescenceRecoverie>
  <tw-gaap-ci:GainLossInventoryValuationObsolescenceRecoverie contextRef="From20120101To20120331" decimals="-3" unitRef="TWD">0</tw-gaap-ci:GainLossInventoryValuationObsolescenceRecoverie>
  <tw-gaap-ci:ImpairmentLossesNonFinancialAssets contextRef="From20110101To20110331" decimals="-3" unitRef="TWD">477000</tw-gaap-ci:ImpairmentLossesNonFinancialAssets>
  <tw-gaap-ci:ImpairmentLossesNonFinancialAssets contextRef="From20120101To20120331" decimals="-3" unitRef="TWD">375000</tw-gaap-ci:ImpairmentLossesNonFinancialAssets>
  <tw-gaap-ci:IncomeTaxPaid contextRef="From20110101To20110331" decimals="-3" unitRef="TWD">9000</tw-gaap-ci:IncomeTaxPaid>
  <tw-gaap-ci:IncomeTaxPaid contextRef="From20120101To20120331" decimals="-3" unitRef="TWD">0</tw-gaap-ci:IncomeTaxPaid>
  <tw-gaap-ci:IncreaseDeferredCharges contextRef="From20110101To20110331" decimals="-3" unitRef="TWD">-844000</tw-gaap-ci:IncreaseDeferredCharges>
  <tw-gaap-ci:IncreaseDeferredCharges contextRef="From20120101To20120331" decimals="-3" unitRef="TWD">-3037000</tw-gaap-ci:IncreaseDeferredCharges>
  <tw-gaap-ci:InterestPaid contextRef="From20110101To20110331" decimals="-3" unitRef="TWD">127000</tw-gaap-ci:InterestPaid>
  <tw-gaap-ci:InterestPaid contextRef="From20120101To20120331" decimals="-3" unitRef="TWD">84000</tw-gaap-ci:InterestPaid>
  <tw-gaap-ci:InvestmentLossIncomeRecognizedEquityMethod contextRef="From20110101To20110331" decimals="-3" unitRef="TWD">606000</tw-gaap-ci:InvestmentLossIncomeRecognizedEquityMethod>
  <tw-gaap-ci:InvestmentLossIncomeRecognizedEquityMethod contextRef="From20120101To20120331" decimals="-3" unitRef="TWD">1141000</tw-gaap-ci:InvestmentLossIncomeRecognizedEquityMethod>
  <tw-gaap-ci:NetChangesCashCashEquivalents contextRef="From20110101To20110331" decimals="-3" unitRef="TWD">-25286000</tw-gaap-ci:NetChangesCashCashEquivalents>
  <tw-gaap-ci:NetChangesCashCashEquivalents contextRef="From20120101To20120331" decimals="-3" unitRef="TWD">1317000</tw-gaap-ci:NetChangesCashCashEquivalents>
  <tw-gaap-ci:NetIncomeLoss_StatementCashFlows contextRef="From20110101To20110331" decimals="-3" unitRef="TWD">-3701000</tw-gaap-ci:NetIncomeLoss_StatementCashFlows>
  <tw-gaap-ci:NetIncomeLoss_StatementCashFlows contextRef="From20120101To20120331" decimals="-3" unitRef="TWD">7613000</tw-gaap-ci:NetIncomeLoss_StatementCashFlows>
  <tw-gaap-ci:UnrealizedGainInteraffiliateAccounts_StatementCashFlows contextRef="From20110101To20110331" decimals="-3" unitRef="TWD">-346000</tw-gaap-ci:UnrealizedGainInteraffiliateAccounts_StatementCashFlows>
  <tw-gaap-ci:UnrealizedGainInteraffiliateAccounts_StatementCashFlows contextRef="From20120101To20120331" decimals="-3" unitRef="TWD">-25000</tw-gaap-ci:UnrealizedGainInteraffiliateAccounts_StatementCashFlows>
  <tw-gaap-ci:NetCashProvidedUsedOperatingActivities contextRef="From20110101To20110331" decimals="-3" unitRef="TWD">-30588000</tw-gaap-ci:NetCashProvidedUsedOperatingActivities>
  <tw-gaap-ci:NetCashProvidedUsedOperatingActivities contextRef="From20120101To20120331" decimals="-3" unitRef="TWD">-20275000</tw-gaap-ci:NetCashProvidedUsedOperatingActivities>
  <tw-gaap-ci:AdjustmentsReconcileNetIncomeNetCashProvidedUsedOperatingActivities contextRef="From20110101To20110331" decimals="-3" unitRef="TWD">6027000</tw-gaap-ci:AdjustmentsReconcileNetIncomeNetCashProvidedUsedOperatingActivities>
  <tw-gaap-ci:AdjustmentsReconcileNetIncomeNetCashProvidedUsedOperatingActivities contextRef="From20120101To20120331" decimals="-3" unitRef="TWD">6723000</tw-gaap-ci:AdjustmentsReconcileNetIncomeNetCashProvidedUsedOperatingActivities>
  <tw-gaap-ci:ChangesOperatingAssetsLiabilities contextRef="From20110101To20110331" decimals="-3" unitRef="TWD">-32914000</tw-gaap-ci:ChangesOperatingAssetsLiabilities>
  <tw-gaap-ci:ChangesOperatingAssetsLiabilities contextRef="From20120101To20120331" decimals="-3" unitRef="TWD">-34611000</tw-gaap-ci:ChangesOperatingAssetsLiabilities>
  <tw-gaap-ci:ChangesOperatingAssets contextRef="From20110101To20110331" decimals="-3" unitRef="TWD">-7579000</tw-gaap-ci:ChangesOperatingAssets>
  <tw-gaap-ci:ChangesOperatingAssets contextRef="From20120101To20120331" decimals="-3" unitRef="TWD">-9783000</tw-gaap-ci:ChangesOperatingAssets>
  <tw-gaap-ci:ChangesOperatingLiabilities contextRef="From20110101To20110331" decimals="-3" unitRef="TWD">-25335000</tw-gaap-ci:ChangesOperatingLiabilities>
  <tw-gaap-ci:ChangesOperatingLiabilities contextRef="From20120101To20120331" decimals="-3" unitRef="TWD">-24828000</tw-gaap-ci:ChangesOperatingLiabilities>
  <tw-gaap-ci:NetCashProvidedUsedInvestingActivities contextRef="From20110101To20110331" decimals="-3" unitRef="TWD">-4695000</tw-gaap-ci:NetCashProvidedUsedInvestingActivities>
  <tw-gaap-ci:NetCashProvidedUsedInvestingActivities contextRef="From20120101To20120331" decimals="-3" unitRef="TWD">9491000</tw-gaap-ci:NetCashProvidedUsedInvestingActivities>
  <tw-gaap-ci:NetCashProvidedUsedFinancingActivities contextRef="From20110101To20110331" decimals="-3" unitRef="TWD">9997000</tw-gaap-ci:NetCashProvidedUsedFinancingActivities>
  <tw-gaap-ci:NetCashProvidedUsedFinancingActivities contextRef="From20120101To20120331" decimals="-3" unitRef="TWD">12101000</tw-gaap-ci:NetCashProvidedUsedFinancingActivities>
  <tw-gaap-ci:InterestPaidExcludingCapitalizedInterest contextRef="From20110101To20110331" decimals="-3" unitRef="TWD">127000</tw-gaap-ci:InterestPaidExcludingCapitalizedInterest>
  <tw-gaap-ci:InterestPaidExcludingCapitalizedInterest contextRef="From20120101To20120331" decimals="-3" unitRef="TWD">84000</tw-gaap-ci:InterestPaidExcludingCapitalizedInterest>
  <tw-gaap-ar:AccountantName contextRef="AsOf20120427">資誠聯合會計師事務所</tw-gaap-ar:AccountantName>
  <tw-gaap-ar:AssuranceAccountantName1 contextRef="AsOf20120427">蕭金木</tw-gaap-ar:AssuranceAccountantName1>
  <tw-gaap-ar:AssuranceAccountantName2 contextRef="AsOf20120427">吳漢期</tw-gaap-ar:AssuranceAccountantName2>
  <tw-gaap-ar:ReviewAuditDate contextRef="AsOf20120427">2012-04-27</tw-gaap-ar:ReviewAuditDate>
  <tw-gaap-ar:ReviewReport contextRef="AsOf20120427">Y</tw-gaap-ar:ReviewReport>
  <tw-gaap-ar:QualifiedOpinionAbstract contextRef="AsOf20120427">Y</tw-gaap-ar:QualifiedOpinionAbstract>
  <tw-gaap-ar:ByInvestmentCompaniesWithoutAccountantAuditReportRecognizedGainLoss contextRef="AsOf20120427">Y</tw-gaap-ar:ByInvestmentCompaniesWithoutAccountantAuditReportRecognizedGainLoss>
  <tw-gaap-ar:DescriptionEmphasizeItemBody contextRef="AsOf20120427"><![CDATA[]]></tw-gaap-ar:DescriptionEmphasizeItemBody>
  <tw-gaap-ar:DescriptionOtherItemBody contextRef="AsOf20120427"><![CDATA[]]></tw-gaap-ar:DescriptionOtherItemBody>
  <tw-gaap-ar:AccountantsReportBody contextRef="AsOf20120427"><![CDATA[大西洋飲料股份有限公司  公鑒： 
     
    大西洋飲料股份有限公司民國101年及100年3月31日之資產負債表，暨民國101年及1 
00年1月1日至3月31日之損益表及現金流量表，業經本會計師核閱竣事。上開財務報表之 
編製係管理階層之責任，本會計師之責任則為根據核閱結果出具報告。 
    除下段所述者外，本會計師係依照中華民國審計準則公報第三十六號「財務報表之 
核閱」規劃並執行核閱工作。由於本會計師僅實施分析、比較與查詢，並未依照中華民 
國一般公認審計準則規劃查核，故無法對上開財務報表之整體表示查核意見。 
    如財務報表附註四(三)所述，大西洋飲料股份有限公司民國101年及100年1月1日至3 
月31日採權益法評價之長期股權投資，其所認列之投資損益及附註十一所揭露之轉投資 
事業相關資訊及大陸投資資訊，係依被投資公司同期間未經會計師核閱之財務報表作評 
價及揭露，截至民國101年及100年3月31日止，其相關之長期股權投資(貸項)餘額(表列 
其他負債－其他)分別為新台幣1,712仟元及(3,281)仟元；民國101年及100年1月1日至3 
月31日認列之投資損失分別為新台幣1,141仟元及606仟元。 
    依本會計師核閱結果，除上段所述採權益法評價之長期股權投資及被投資公司相關 
資訊，若能取得被投資公司同期間經會計師核閱之財務報表而可能須作適當調整及揭露 
之影響外，並未發現第一段所述財務報表在所有重大方面有違反「證券發行人財務報告 
編製準則」及中華民國一般公認會計原則而須作修正之情事。 
     
                                      
                                      
                                      
                                     資  誠  聯  合  會  計  師  事  務  所 
                                      
                                               蕭金木 
                                     會計師           
                                               吳漢期 
                                      
                                     前財政部證券管理委員會 
                                     核准簽證文號：(81)台財證(六)第33095號 
                                     前財政部證券暨期貨管理委員會 
                                     核准簽證文號：(90)台財證(六)字第157088號 
                                      
                                     中華民國101年4月27日]]></tw-gaap-ar:AccountantsReportBody>
  <tw-gaap-notes:FinancialReportNotes contextRef="From20120101To20120331"><![CDATA[http://doc.twse.com.tw/server-java/t57sb01?step=1&colorchg=1&co_id=1213&year=101&seamon=1&mtype=A&]]></tw-gaap-notes:FinancialReportNotes>
  <tw-gaap-notes:OrganizationAndOperations contextRef="From20120101To20120331"><![CDATA[　　大西洋飲料股份有限公司（以下簡稱「本公司」）成立於民國54年7月，主要經營項目為
　　製造蘋果汽水、蘋果果汁、礦泉水及各種汽水、飲料等之批發與零售。本公司自民國79年
　　7月1日起為簡化經營型態，並減低推銷費用負擔，其銷售國內產品由關係人旭順食品股份
　　有限公司總經銷。本公司股票於民國70年4月10日起於台灣證券交易所上市買賣。截至民
　　國101年3月31日止本公司員工人數約為120人。
]]></tw-gaap-notes:OrganizationAndOperations>
  <tw-gaap-notes:StatementOfFinancialStatementsPreparedInAccordanceWithRelatedRegulationsAndGenerallyAcceptedAccountingPrinciples contextRef="From20120101To20120331"><![CDATA[　　本財務報表係依照「證券發行人財務報告編製準則」及中華民國一般公認會計原則編製。
　　重要會計政策彙總說明如下：

]]></tw-gaap-notes:StatementOfFinancialStatementsPreparedInAccordanceWithRelatedRegulationsAndGenerallyAcceptedAccountingPrinciples>
  <tw-gaap-notes:ForeignCurrencyTransactionsAndTranslationOfForeignCurrencyFinancialStatements contextRef="From20120101To20120331"><![CDATA[　　　　1.外幣交易按交易當日之即期匯率作為入帳基準，其與實際收付時之兌換差異，列為當
　　　　　年度損益。
　　　　2.期末就外幣貨幣性資產或負債餘額，按資產負債表日之即期匯率評價調整，因調整而
　　　　　產生之兌換差額列為當年度損益。
　　　　3.期末就外幣非貨幣性資產或負債餘額，屬依公平價值衡量且變動列入損益者，按資產
　　　　　負債表日之即期匯率評價調整，因調整而產生之兌換差額列為當年度損益；屬依公平
　　　　　價值衡量且變動列入股東權益調整項目者，按資產負債表日之即期匯率評價調整，因
　　　　　調整而產生之兌換差額，列為股東權益調整項目；屬非依公平價值衡量者，則按交易
　　　　　日之歷史匯率衡量。

]]></tw-gaap-notes:ForeignCurrencyTransactionsAndTranslationOfForeignCurrencyFinancialStatements>
  <tw-gaap-notes:UseOfEstimates contextRef="From20120101To20120331"><![CDATA[　　　　　本公司於編製財務報表時，依照中華民國一般公認會計原則之規定，對財務報表所列
　　　　　金額及或有事項，作必要之衡量、評估與揭露，其中包括若干假設及估計之採用，惟
　　　　　該等假設及估計與實際結果可能存有差異。

]]></tw-gaap-notes:UseOfEstimates>
  <tw-gaap-notes:ClassificationOfCurrentAndNoncurrentAssetsAndLiabilities contextRef="From20120101To20120331"><![CDATA[　　　　1.資產符合下列條件之一者，列為流動資產；資產不屬於流動資產者為非流動資產：
　　　　　(1)因營業所產生之資產，預期將於正常營業週期中變現、消耗或意圖出售者。
　　　　　(2)主要為交易目的而持有者。
　　　　　(3)預期於資產負債表日後十二個月內將變現者。
　　　　　(4)現金或約當現金，但於資產負債表日後逾十二個月用以交換、清償負債或受有其他
　　　　　　　限制者除外。
　　　　2.負債符合下列條件之一者，列為流動負債；負債不屬於流動負債者為非流動負債：
　　　　　(1)因營業而發生之債務，預期將於正常營業週期中清償者。
　　　　　(2)主要為交易目的而發生者。
　　　　　(3)須於資產負債表日後十二個月內清償者。
　　　　　(4)不能無條件延期至資產負債表日後逾十二個月清償之負債。

]]></tw-gaap-notes:ClassificationOfCurrentAndNoncurrentAssetsAndLiabilities>
  <tw-gaap-notes:NotesAndAccountsReceivableOtherReceivable contextRef="From20120101To20120331"><![CDATA[　　　　1.應收票據及帳款係因出售商品或勞務而發生之債權，其他應收款係不屬於應收票據及
　　　　　帳款之其他應收款項。應收票據及帳款、其他應收款原始認列時以公平價值衡量，續
　　　　　後以有效利率法之攤銷後成本減除減損後之金額衡量。
　　　　2.本公司於資產負債表日評估是否存在客觀證據，顯示重大個別金融資產發生減損，以
　　　　　及非屬重大之個別金融資產單獨或共同發生減損。若有減損之客觀證據，則認列減損
　　　　　損失。減損金額為金融資產之帳面價值與其估計未來現金流量採原始有效利率折現之
　　　　　現值間之差額。若後續期間減損金額減少，而該減少明顯與認列減損後發生之事件有
　　　　　關，則迴轉先前認列之金融資產減損金額，該迴轉不應使金融資產帳面金額大於未認
　　　　　列減損情況下之攤銷後成本，迴轉之金額認列為當期損益。

]]></tw-gaap-notes:NotesAndAccountsReceivableOtherReceivable>
  <tw-gaap-notes:ImpairmentOfNonFinancialAsset contextRef="From20120101To20120331"><![CDATA[　　　　本公司於資產負債表日針對有減損跡象之資產，估計其可回收金額，當可回收金額低於
　　　　其帳面價值時，則認列減損損失。可回收金額係指一項資產之淨公平價值或其使用價值
　　　　，兩者較高者。當以前年度認列資產減損之情況不再存在時，則在以前年度提列損失金
　　　　額之範圍內予以迴轉。

]]></tw-gaap-notes:ImpairmentOfNonFinancialAsset>
  <tw-gaap-notes:Inventories contextRef="From20120101To20120331"><![CDATA[　　　　存貨採永續盤存制，以取得成本為入帳基礎，成本結轉按加權平均法計算，固定製造費
　　　　用按生產設備之正常產能分攤，因各期中期間產量波動所產生之成本差異，於編製期中
　　　　財務報表時予以遞延。期末存貨採成本與淨變現價值孰低衡量，比較成本與淨變現價值
　　　　孰低時，採逐項比較法。淨變現價值係指在正常情況下之估計售價減除至完工尚需投入
　　　　之成本及推銷費用後之餘額。

]]></tw-gaap-notes:Inventories>
  <tw-gaap-notes:LongTermInvestmentsUnderEquityMethod contextRef="From20120101To20120331"><![CDATA[　　　　1.持有被投資公司有表決權股份比例達20％以上或具有重大影響力者，採權益法評價。
　　　　　持有被投資公司有表決權股份比例超過50％或具有控制力者，採權益法評價並按季編
　　　　　製合併報表。
　　　　2.海外投資按權益法評價時，被投資公司財務報表轉換所產生之「累積換算調整數」作
　　　　　為本公司股東權益之調整項目。
　　　　3.自民國94年1月1日起對於採權益法評價之被投資公司，若對被投資公司已具有控制能
　　　　　力者，除被投資公司之其他股東有義務並能夠提出額外資金承擔其損失者外，以全額
　　　　　吸收超過被投資公司股東原有權益之損失金額，若該被投資公司日後獲利，則該利益
　　　　　宜先歸屬本公司，直至原多承擔之損失完全回復為止。
　　　　4.本公司與採權益法評價之被投資公司間交易所產生之重大損益於當期未實現者，予以
　　　　　消除。

]]></tw-gaap-notes:LongTermInvestmentsUnderEquityMethod>
  <tw-gaap-notes:PropertyPlantAndEquipmentAssetsLeasedToOthersAndIdleAssets contextRef="From20120101To20120331"><![CDATA[　　　　1.除已依法辦理資產重估之項目外，固定資產以取得成本為入帳基礎，並將購建期間之
　　　　　有關利息資本化。
　　　　2.固定資產按估計經濟耐用年限，按平均法計提折舊。各項資產之耐用年限，除房屋及
　　　　　建築之主建物為36~41年及其附屬建物為3~11年，餘為2~10年。
　　　　3.凡支出效益及於以後各期之重大改良或大修支出列為資本支出，經常性維護或修理支
　　　　　出則列為當期費用。固定資產處分損益認列為當期營業外收支項下。
　　　　4.出租資產依其帳面價值轉列其他資產項下，當期提列之折舊費用列於營業外費用及損
　　　　　失。
　　　　5.固定資產發生閒置或已無使用價值時，按其淨公平價值或帳面價值較低者，轉列其他
　　　　　資產，差額列為當期損失，當期提列之折舊費用列為營業外支出。

]]></tw-gaap-notes:PropertyPlantAndEquipmentAssetsLeasedToOthersAndIdleAssets>
  <tw-gaap-notes:DeferredChargesAssets contextRef="From20120101To20120331"><![CDATA[　　　　主係公路服務區之租賃改良裝潢款等，以取得成本為入帳基礎，並按其估計效益年數2
　　　　～6年，採平均法攤銷。

]]></tw-gaap-notes:DeferredChargesAssets>
  <tw-gaap-notes:PensionPlan contextRef="From20120101To20120331"><![CDATA[　　　　退休金辦法屬確定給付退休辦法者，係依據精算結果認列淨退休金成本，淨退休金成本
　　　　包括當期服務成本、利息成本、基金資產之預期報酬及未認列過渡性淨給付義務與退休
　　　　金損益之攤銷數。編製期中報表時，最低退休金負債按續後淨退休金成本及基金提撥金
　　　　額調整之，退休金辦法屬確定提撥退休辦法者，則依權責發生基礎將應提撥之退休基金
　　　　數額認列為當期之退休金成本。

]]></tw-gaap-notes:PensionPlan>
  <tw-gaap-notes:IncomeTax contextRef="From20120101To20120331"><![CDATA[　　　　1.所得稅之會計處理採跨期間與同期間之所得稅分攤，以前年度溢低估之所得稅，列為
　　　　　當期所得稅費用之調整項目。當稅法修正時，於公佈日年度按新規定將遞延所得稅資
　　　　　產或負債重新計算，因而產生之遞延所得稅資產或負債變動影響數，列入當期繼續營
　　　　　業部門之所得稅費用(利益)。
　　　　2.因購置設備或技術及研究發展支出等所產生之所得稅抵減採當期認列法處理。
　　　　3.未分配盈餘依所得稅法加徵10%之營利事業所得稅，於股東會決議分配盈餘後列為當
　　　　　期費用。

]]></tw-gaap-notes:IncomeTax>
  <tw-gaap-notes:EmployeeBonusAndRemunerationsPaidToDirectorsAndSupervisors contextRef="From20120101To20120331"><![CDATA[　　　　　自民國97年1月1日起，本公司員工分紅及董監酬勞成本，依民國96年3月16日財團法人
　　　　　中華民國會計研究發展基金會(96)基秘字第052號函「員工分紅及董監酬勞會計處理」
　　　　　之規定，於具法律義務或推定義務且金額可合理估計時，認列為費用及負債。嗣後股
　　　　　東會決議實際配發金額與估列金額有差異時，則列為次年度之損益。另依民國97年3月
　　　　　31日財團法人中華民國會計研究發展基金會(97)基秘字第127號函「上巿上櫃公司員工
　　　　　分紅股數計算基準」本公司以財務報告年度之次年度股東會決議日前一日之每股公平
　　　　　價值（收盤價），並考慮除權除息影響後之金額，計算股票紅利之股數。

]]></tw-gaap-notes:EmployeeBonusAndRemunerationsPaidToDirectorsAndSupervisors>
  <tw-gaap-notes:RevenueRecognition contextRef="From20120101To20120331"><![CDATA[　　　　　收入於獲利過程大部份已完成，且已實現或可實現時認列。相關成本配合收入於發生
　　　　　時承認。費用則依權責發生制於發生時認列為當期費用。

]]></tw-gaap-notes:RevenueRecognition>
  <tw-gaap-notes:OperatingSegment contextRef="From20120101To20120331"><![CDATA[　　　　　1.本公司營運部門資訊與提供給營運決策者之內部管理報告採一致之方式報導。營運
　　　　　　決策者負責分配資源予營運部門並評估其績效。
　　　　　2.本公司依財務會計準則公報第四十一號「營運部門資訊之揭露」規定於合併財務報
　　　　　　表揭露部門資訊，而不於個別財務報表揭露部門資訊。

]]></tw-gaap-notes:OperatingSegment>
  <tw-gaap-notes:ChangesInAccountingPrinciples contextRef="From20120101To20120331"><![CDATA[　　(一)應收票據及帳款、其他應收款
　　　　本公司自民國100年1月1日起，採用新修訂之財務會計準則公報第三十四號「金融商品
　　　　之會計處理準則」，就應收票據及帳款、其他應收款等各項債權，於有減損之客觀證據
　　　　時認列減損(呆帳)損失，此項會計原則變動對民國100年度第一季的淨損及每股虧損並
　　　　無重大影響。
　　(二)營運部門
　　　　本公司自民國100年1月1日起，採用新發布之財務會計準則公報第四十一號「營運部門
　　　　資訊之揭露」，以取代原財務會計準則公報第二十號「部門別財務資訊之揭露」。此項
　　　　會計原則變動並不影響民國100年度第一季之淨損及每股虧損。
]]></tw-gaap-notes:ChangesInAccountingPrinciples>
  <tw-gaap-notes:LoansToOthers-CIAndMIM>
    <tw-gaap-notes:No. contextRef="From20120101To20120331"><![CDATA[0]]></tw-gaap-notes:No.>
    <tw-gaap-notes:Lender1 contextRef="From20120101To20120331"><![CDATA[大西洋飲料(股)公司]]></tw-gaap-notes:Lender1>
    <tw-gaap-notes:Counterparty1 contextRef="From20120101To20120331"><![CDATA[國信食品(股)公司]]></tw-gaap-notes:Counterparty1>
    <tw-gaap-notes:FinancialStatementAccount contextRef="From20120101To20120331"><![CDATA[長期應收票據及帳款-關係人]]></tw-gaap-notes:FinancialStatementAccount>
    <tw-gaap-notes:MaximumBalanceForThePeriod1 contextRef="From20120101To20120331" unitRef="TWD" decimals="-3">59300000</tw-gaap-notes:MaximumBalanceForThePeriod1>
    <tw-gaap-notes:EndingBalance1 contextRef="AsOf20120331" unitRef="TWD" decimals="-3">57000000</tw-gaap-notes:EndingBalance1>
    <tw-gaap-notes:RangeOfInterestRates contextRef="From20120101To20120331"><![CDATA[2.18]]></tw-gaap-notes:RangeOfInterestRates>
    <tw-gaap-notes:NatureOfLoans contextRef="From20120101To20120331"><![CDATA[2]]></tw-gaap-notes:NatureOfLoans>
    <tw-gaap-notes:AmountOfSalesToPurchasesFromCounterparty contextRef="From20120101To20120331" unitRef="TWD" decimals="-3">0</tw-gaap-notes:AmountOfSalesToPurchasesFromCounterparty>
    <tw-gaap-notes:ReasonForShort-termLoans contextRef="From20120101To20120331"><![CDATA[營運週轉]]></tw-gaap-notes:ReasonForShort-termLoans>
    <tw-gaap-notes:AllowanceForDoubtfulAccounts contextRef="AsOf20120331" unitRef="TWD" decimals="-3">0</tw-gaap-notes:AllowanceForDoubtfulAccounts>
    <tw-gaap-notes:Item1 contextRef="From20120101To20120331"><![CDATA[高雄廠土地廠房(為第二順位)]]></tw-gaap-notes:Item1>
    <tw-gaap-notes:Value contextRef="AsOf20120331" unitRef="TWD" decimals="-3">108751000</tw-gaap-notes:Value>
    <tw-gaap-notes:LimitOfLoanAmountForIndividualCounterparty contextRef="From20120101To20120331" unitRef="TWD" decimals="-3">79000000</tw-gaap-notes:LimitOfLoanAmountForIndividualCounterparty>
    <tw-gaap-notes:LimitOfTotalLoanAmount1 contextRef="From20120101To20120331" unitRef="TWD" decimals="-3">252690000</tw-gaap-notes:LimitOfTotalLoanAmount1>
    <tw-gaap-notes:Note contextRef="From20120101To20120331"><![CDATA[57000]]></tw-gaap-notes:Note>
  </tw-gaap-notes:LoansToOthers-CIAndMIM>
  <tw-gaap-notes:LoansToOthers-CIAndMIM>
    <tw-gaap-notes:No. contextRef="From20120101To20120331"><![CDATA[0]]></tw-gaap-notes:No.>
    <tw-gaap-notes:Lender1 contextRef="From20120101To20120331"><![CDATA[大西洋飲料(股)公司]]></tw-gaap-notes:Lender1>
    <tw-gaap-notes:Counterparty1 contextRef="From20120101To20120331"><![CDATA[國信食品(股)公司]]></tw-gaap-notes:Counterparty1>
    <tw-gaap-notes:FinancialStatementAccount contextRef="From20120101To20120331"><![CDATA[長期應收票據及帳款-關係人]]></tw-gaap-notes:FinancialStatementAccount>
    <tw-gaap-notes:MaximumBalanceForThePeriod1 contextRef="From20120101To20120331" unitRef="TWD" decimals="-3">22636000</tw-gaap-notes:MaximumBalanceForThePeriod1>
    <tw-gaap-notes:EndingBalance1 contextRef="AsOf20120331" unitRef="TWD" decimals="-3">14003000</tw-gaap-notes:EndingBalance1>
    <tw-gaap-notes:RangeOfInterestRates contextRef="From20120101To20120331"><![CDATA[-]]></tw-gaap-notes:RangeOfInterestRates>
    <tw-gaap-notes:NatureOfLoans contextRef="From20120101To20120331"><![CDATA[1]]></tw-gaap-notes:NatureOfLoans>
    <tw-gaap-notes:AmountOfSalesToPurchasesFromCounterparty contextRef="From20120101To20120331" unitRef="TWD" decimals="-3">32366000</tw-gaap-notes:AmountOfSalesToPurchasesFromCounterparty>
    <tw-gaap-notes:ReasonForShort-termLoans contextRef="From20120101To20120331"><![CDATA[逾期應收之帳款]]></tw-gaap-notes:ReasonForShort-termLoans>
    <tw-gaap-notes:AllowanceForDoubtfulAccounts contextRef="AsOf20120331" unitRef="TWD" decimals="-3">4500000</tw-gaap-notes:AllowanceForDoubtfulAccounts>
    <tw-gaap-notes:Item1 contextRef="From20120101To20120331"><![CDATA[高雄廠土地廠房(為第二順位)]]></tw-gaap-notes:Item1>
    <tw-gaap-notes:Value contextRef="AsOf20120331" unitRef="TWD" decimals="-3">108751000</tw-gaap-notes:Value>
    <tw-gaap-notes:LimitOfLoanAmountForIndividualCounterparty contextRef="From20120101To20120331" unitRef="TWD" decimals="-3">32366000</tw-gaap-notes:LimitOfLoanAmountForIndividualCounterparty>
    <tw-gaap-notes:LimitOfTotalLoanAmount1 contextRef="From20120101To20120331" unitRef="TWD" decimals="-3">252690000</tw-gaap-notes:LimitOfTotalLoanAmount1>
    <tw-gaap-notes:Note contextRef="From20120101To20120331"><![CDATA[14003]]></tw-gaap-notes:Note>
  </tw-gaap-notes:LoansToOthers-CIAndMIM>
  <tw-gaap-notes:LoansToOthers-CIAndMIM>
    <tw-gaap-notes:No. contextRef="From20120101To20120331"><![CDATA[0]]></tw-gaap-notes:No.>
    <tw-gaap-notes:Lender1 contextRef="From20120101To20120331"><![CDATA[大西洋飲料(股)公司]]></tw-gaap-notes:Lender1>
    <tw-gaap-notes:Counterparty1 contextRef="From20120101To20120331"><![CDATA[旭順食品(股)公司]]></tw-gaap-notes:Counterparty1>
    <tw-gaap-notes:FinancialStatementAccount contextRef="From20120101To20120331"><![CDATA[其他應收款-關係人]]></tw-gaap-notes:FinancialStatementAccount>
    <tw-gaap-notes:MaximumBalanceForThePeriod1 contextRef="From20120101To20120331" unitRef="TWD" decimals="-3">47465000</tw-gaap-notes:MaximumBalanceForThePeriod1>
    <tw-gaap-notes:EndingBalance1 contextRef="AsOf20120331" unitRef="TWD" decimals="-3">47165000</tw-gaap-notes:EndingBalance1>
    <tw-gaap-notes:RangeOfInterestRates contextRef="From20120101To20120331"><![CDATA[-]]></tw-gaap-notes:RangeOfInterestRates>
    <tw-gaap-notes:NatureOfLoans contextRef="From20120101To20120331"><![CDATA[1]]></tw-gaap-notes:NatureOfLoans>
    <tw-gaap-notes:AmountOfSalesToPurchasesFromCounterparty contextRef="From20120101To20120331" unitRef="TWD" decimals="-3">681082000</tw-gaap-notes:AmountOfSalesToPurchasesFromCounterparty>
    <tw-gaap-notes:ReasonForShort-termLoans contextRef="From20120101To20120331"><![CDATA[逾期應收之帳款]]></tw-gaap-notes:ReasonForShort-termLoans>
    <tw-gaap-notes:AllowanceForDoubtfulAccounts contextRef="AsOf20120331" unitRef="TWD" decimals="-3">1635000</tw-gaap-notes:AllowanceForDoubtfulAccounts>
    <tw-gaap-notes:Item1 contextRef="From20120101To20120331"><![CDATA[不動產設定(為第二順位)]]></tw-gaap-notes:Item1>
    <tw-gaap-notes:Value contextRef="AsOf20120331" unitRef="TWD" decimals="-3">169033000</tw-gaap-notes:Value>
    <tw-gaap-notes:LimitOfLoanAmountForIndividualCounterparty contextRef="From20120101To20120331" unitRef="TWD" decimals="-3">100000000</tw-gaap-notes:LimitOfLoanAmountForIndividualCounterparty>
    <tw-gaap-notes:LimitOfTotalLoanAmount1 contextRef="From20120101To20120331" unitRef="TWD" decimals="-3">252690000</tw-gaap-notes:LimitOfTotalLoanAmount1>
    <tw-gaap-notes:Note contextRef="From20120101To20120331"><![CDATA[47165]]></tw-gaap-notes:Note>
  </tw-gaap-notes:LoansToOthers-CIAndMIM>
  <tw-gaap-notes:LoansToOthers-CIAndMIM>
    <tw-gaap-notes:No. contextRef="From20120101To20120331"><![CDATA[0]]></tw-gaap-notes:No.>
    <tw-gaap-notes:Lender1 contextRef="From20120101To20120331"><![CDATA[大西洋飲料(股)公司]]></tw-gaap-notes:Lender1>
    <tw-gaap-notes:Counterparty1 contextRef="From20120101To20120331"><![CDATA[大西洋飲料上海有限公司]]></tw-gaap-notes:Counterparty1>
    <tw-gaap-notes:FinancialStatementAccount contextRef="From20120101To20120331"><![CDATA[長期應收票據及帳款-關係人]]></tw-gaap-notes:FinancialStatementAccount>
    <tw-gaap-notes:MaximumBalanceForThePeriod1 contextRef="From20120101To20120331" unitRef="TWD" decimals="-3">981000</tw-gaap-notes:MaximumBalanceForThePeriod1>
    <tw-gaap-notes:EndingBalance1 contextRef="AsOf20120331" unitRef="TWD" decimals="-3">934000</tw-gaap-notes:EndingBalance1>
    <tw-gaap-notes:RangeOfInterestRates contextRef="From20120101To20120331"><![CDATA[-]]></tw-gaap-notes:RangeOfInterestRates>
    <tw-gaap-notes:NatureOfLoans contextRef="From20120101To20120331"><![CDATA[1]]></tw-gaap-notes:NatureOfLoans>
    <tw-gaap-notes:AmountOfSalesToPurchasesFromCounterparty contextRef="From20120101To20120331" unitRef="TWD" decimals="-3">7042000</tw-gaap-notes:AmountOfSalesToPurchasesFromCounterparty>
    <tw-gaap-notes:ReasonForShort-termLoans contextRef="From20120101To20120331"><![CDATA[逾期應收之帳款]]></tw-gaap-notes:ReasonForShort-termLoans>
    <tw-gaap-notes:AllowanceForDoubtfulAccounts contextRef="AsOf20120331" unitRef="TWD" decimals="-3">0</tw-gaap-notes:AllowanceForDoubtfulAccounts>
    <tw-gaap-notes:Item1 contextRef="From20120101To20120331"><![CDATA[無]]></tw-gaap-notes:Item1>
    <tw-gaap-notes:Value contextRef="AsOf20120331" unitRef="TWD" decimals="-3">0</tw-gaap-notes:Value>
    <tw-gaap-notes:LimitOfLoanAmountForIndividualCounterparty contextRef="From20120101To20120331" unitRef="TWD" decimals="-3">7042000</tw-gaap-notes:LimitOfLoanAmountForIndividualCounterparty>
    <tw-gaap-notes:LimitOfTotalLoanAmount1 contextRef="From20120101To20120331" unitRef="TWD" decimals="-3">252690000</tw-gaap-notes:LimitOfTotalLoanAmount1>
    <tw-gaap-notes:Note contextRef="From20120101To20120331"><![CDATA[934]]></tw-gaap-notes:Note>
  </tw-gaap-notes:LoansToOthers-CIAndMIM>
  <tw-gaap-notes:Note-LoansToOthers contextRef="From20120101To20120331"><![CDATA[註1：編號欄之填寫方法如下：
 (1).發行人填0
                         (2).被投資公司按公司別由阿拉伯數字1開始依序編號。
註2：帳列之應收關係企業款項、應收關係人款項、股東往來、預付款、暫付款…等科目，如屬資金貸與性質，均須填入該表。
註3：資金貸與性質之填寫方法如下：
 (1).有業務往來者請填1。
 (2).有短期融通資金必要者請填2。
註4：資金貸與對象限額：
 (1).與本公司有業務往來之公司或行號，個別貸與金額以不超過雙方間業務往來金額為限。所稱業務往來金額係指民國100年度雙方間進貨或銷貨之交易金額孰高者，但與旭順食品業務往來以不得超過$100,000為限(依100.6.8董事會通過金額)，本項全部貸與總額，以不超過本公司淨值的百分之四十為限。
 (2).有短期融通資金必要之公司或行號，個別貸與金額以不超過本公司淨值百分之二十為限，但與國信食品短期融通以不得超過$79,000為限(依100.6.8
     董事會通過。
註5：擔保品價值：
 (1).國信食品提供之不動產設定抵押權為$120,000，依鑑價報告扣除第一順位銀行借款後之鑑價價值為$108,751。
 (2).旭順食品提供之不動產設定抵押權為$150,000，依鑑價報告扣除第一順位銀行借款後之鑑價價值為$169,033。
註6：係受查公司本期實際撥貸金額。]]></tw-gaap-notes:Note-LoansToOthers>
  <tw-gaap-notes:TotalEndingBalance1-Parent contextRef="AsOf20120331" unitRef="TWD" decimals="-3">119102000</tw-gaap-notes:TotalEndingBalance1-Parent>
  <tw-gaap-notes:TotalEndingBalance1-Subsidiaries contextRef="AsOf20120331" unitRef="TWD" decimals="-3">0</tw-gaap-notes:TotalEndingBalance1-Subsidiaries>
  <tw-gaap-notes:NamesLocationsAndRelatedInformationOfInvesteesOverWhichTheCompanyExercisesSignificantInfluence>
    <tw-gaap-notes:CompanyNameOfTheInvestor contextRef="From20120101To20120331"><![CDATA[大西洋飲料股份有限公司]]></tw-gaap-notes:CompanyNameOfTheInvestor>
    <tw-gaap-notes:CompanyNameOfTheInvestee contextRef="From20120101To20120331"><![CDATA[大西洋飲料(上海)有限公司]]></tw-gaap-notes:CompanyNameOfTheInvestee>
    <tw-gaap-notes:LocationCode contextRef="From20120101To20120331"><![CDATA[230]]></tw-gaap-notes:LocationCode>
    <tw-gaap-notes:Location contextRef="From20120101To20120331"><![CDATA[中國大陸]]></tw-gaap-notes:Location>
    <tw-gaap-notes:MainBusinessesAndProducts contextRef="From20120101To20120331"><![CDATA[食品及飲料銷售]]></tw-gaap-notes:MainBusinessesAndProducts>
    <tw-gaap-notes:EndingBalance3 contextRef="AsOf20120331" unitRef="USD" decimals="-3">200000000</tw-gaap-notes:EndingBalance3>
    <tw-gaap-notes:BeginningBalance contextRef="AsOf20120331" unitRef="USD" decimals="-3">200000000</tw-gaap-notes:BeginningBalance>
    <tw-gaap-notes:NumberOfShares1 contextRef="AsOf20120331" decimals="0">0</tw-gaap-notes:NumberOfShares1>
    <tw-gaap-notes:PercentageOfOwnership1 contextRef="AsOf20120331" decimals="4">1</tw-gaap-notes:PercentageOfOwnership1>
    <tw-gaap-notes:BookValue1 contextRef="AsOf20120331" unitRef="TWD" decimals="-3">1712000</tw-gaap-notes:BookValue1>
    <tw-gaap-notes:NetIncomeLossesOfTheInvestee contextRef="From20120101To20120331" unitRef="TWD" decimals="-3">-1141000</tw-gaap-notes:NetIncomeLossesOfTheInvestee>
    <tw-gaap-notes:InvestmentIncomeLossesRecognized1 contextRef="From20120101To20120331" unitRef="TWD" decimals="-3">-1141000</tw-gaap-notes:InvestmentIncomeLossesRecognized1>
    <tw-gaap-notes:Note contextRef="From20120101To20120331"><![CDATA[子公司]]></tw-gaap-notes:Note>
  </tw-gaap-notes:NamesLocationsAndRelatedInformationOfInvesteesOverWhichTheCompanyExercisesSignificantInfluence>
  <tw-gaap-notes:Note-NamesLocationsAndRelatedInformationOfInvesteesOverWhichTheCompanyExercisesSignificantInfluence contextRef="From20120101To20120331"><![CDATA[            ]]></tw-gaap-notes:Note-NamesLocationsAndRelatedInformationOfInvesteesOverWhichTheCompanyExercisesSignificantInfluence>
  <tw-gaap-notes:InformationOfInvestmentInMainlandChina>
    <tw-gaap-notes:CompanyNameOfTheInvesteeInMainlandChina contextRef="From20120101To20120331"><![CDATA[大西洋飲料(上海)有限公司]]></tw-gaap-notes:CompanyNameOfTheInvesteeInMainlandChina>
    <tw-gaap-notes:MainBusinessesAndProducts contextRef="From20120101To20120331"><![CDATA[食品及飲料銷售]]></tw-gaap-notes:MainBusinessesAndProducts>
    <tw-gaap-notes:TotalAmountOfPaid-inCapital contextRef="AsOf20120331" unitRef="TWD" decimals="-3">6866000</tw-gaap-notes:TotalAmountOfPaid-inCapital>
    <tw-gaap-notes:MethodOfInvestment contextRef="From20120101To20120331"><![CDATA[直接投資]]></tw-gaap-notes:MethodOfInvestment>
    <tw-gaap-notes:AccumulatedOutflowOfInvestmentFromTaiwanAtTheBeginningOfThePeriod contextRef="AsOf20120331" unitRef="TWD" decimals="-3">6866000</tw-gaap-notes:AccumulatedOutflowOfInvestmentFromTaiwanAtTheBeginningOfThePeriod>
    <tw-gaap-notes:Outflow contextRef="From20120101To20120331" unitRef="TWD" decimals="-3">0</tw-gaap-notes:Outflow>
    <tw-gaap-notes:Inflow contextRef="From20120101To20120331" unitRef="TWD" decimals="-3">0</tw-gaap-notes:Inflow>
    <tw-gaap-notes:AccumulatedOutflowOfInvestmentFromTaiwanAtTheEndOfThePeriod contextRef="AsOf20120331" unitRef="TWD" decimals="-3">6866000</tw-gaap-notes:AccumulatedOutflowOfInvestmentFromTaiwanAtTheEndOfThePeriod>
    <tw-gaap-notes:PercentageOfOwnershipThroughDirectAndIndirectInvestmentByTheCompany contextRef="AsOf20120331" decimals="4">1</tw-gaap-notes:PercentageOfOwnershipThroughDirectAndIndirectInvestmentByTheCompany>
    <tw-gaap-notes:InvestmentIncomeLossesRecognized2 contextRef="From20120101To20120331" unitRef="TWD" decimals="-3">-1141000</tw-gaap-notes:InvestmentIncomeLossesRecognized2>
    <tw-gaap-notes:BookValueAtTheEndOfThePeriod contextRef="AsOf20120331" unitRef="TWD" decimals="-3">1712000</tw-gaap-notes:BookValueAtTheEndOfThePeriod>
    <tw-gaap-notes:AccumulatedInwardRemittanceOfEarningsAsOfTheEndOfThePeriod contextRef="From20120101To20120331" unitRef="TWD" decimals="-3">0</tw-gaap-notes:AccumulatedInwardRemittanceOfEarningsAsOfTheEndOfThePeriod>
    <tw-gaap-notes:Note contextRef="From20120101To20120331"><![CDATA[-]]></tw-gaap-notes:Note>
  </tw-gaap-notes:InformationOfInvestmentInMainlandChina>
  <tw-gaap-notes:LimitOnInvestmentInMainlandChina>
    <tw-gaap-notes:NameOfTheCompany contextRef="From20120101To20120331"><![CDATA[大西洋飲料(上海)有限公司]]></tw-gaap-notes:NameOfTheCompany>
    <tw-gaap-notes:AccumulatedInvestmentInMainlandChinaAtTheEndOfThePeriod contextRef="AsOf20120331" unitRef="TWD" decimals="-3">6866000</tw-gaap-notes:AccumulatedInvestmentInMainlandChinaAtTheEndOfThePeriod>
    <tw-gaap-notes:InvestmentAmountAuthorizedByTheInvestmentCommissionOfMOEA contextRef="From20120101To20120331" unitRef="TWD" decimals="-3">6866000</tw-gaap-notes:InvestmentAmountAuthorizedByTheInvestmentCommissionOfMOEA>
    <tw-gaap-notes:UpperLimitOnInvestmentInMainlandChinaImposedByTheInvestmentCommissionOfMOEA contextRef="From20120101To20120331" unitRef="TWD" decimals="-3">379035000</tw-gaap-notes:UpperLimitOnInvestmentInMainlandChinaImposedByTheInvestmentCommissionOfMOEA>
  </tw-gaap-notes:LimitOnInvestmentInMainlandChina>
</xbrli:xbrl>