<?xml version="1.0" encoding="UTF-8"?>
<xbrl xmlns="http://www.xbrl.org/2003/instance" xmlns:iso4217="http://www.xbrl.org/2003/iso4217" xmlns:link="http://www.xbrl.org/2003/linkbase" xmlns:tw-gaap-ar="http://www.xbrl.org/tw/fr/gaap/ar/2010-12-31" xmlns:tw-gaap-ci="http://www.xbrl.org/tw/fr/gaap/tw-gaap-ci-2010-12-31" xmlns:tw-gaap-notes="http://www.xbrl.org/tw/fr/gaap/notes/2010-12-31" xmlns:xbrldi="http://xbrl.org/2006/xbrldi" xmlns:xbrldt="http://xbrl.org/2005/xbrldt" xmlns:xbrli="http://www.xbrl.org/2003/instance" xmlns:xlink="http://www.w3.org/1999/xlink">
	<link:schemaRef xlink:arcrole="http://www.w3.org/1999/xlink/properties/linkbase" xlink:href="tw-gaap-ci-2010-12-31.xsd" xlink:type="simple"/>	<context id="AsOf20110224">
		<entity>
			<identifier scheme="http://www.twse.com.tw">2227</identifier>
		</entity>
		<period>
			<instant>2011-02-24</instant>
		</period>
	</context>
	<context id="From20090101To20091231_StockholdersEquitiesAdjustmentsMember">
		<entity>
			<identifier scheme="http://www.twse.com.tw">2227</identifier>
		</entity>
		<period>
			<startDate>2009-01-01</startDate>
			<endDate>2009-12-31</endDate>
		</period>
		<scenario>
			<xbrldi:explicitMember dimension="tw-gaap-ci:StockholdersEquityDimensionMember">tw-gaap-ci:StockholdersEquitiesAdjustmentsMember</xbrldi:explicitMember>
		</scenario>
	</context>
	<context id="From20090101To20091231_CumulativeTranslationAdjustmentsMember">
		<entity>
			<identifier scheme="http://www.twse.com.tw">2227</identifier>
		</entity>
		<period>
			<startDate>2009-01-01</startDate>
			<endDate>2009-12-31</endDate>
		</period>
		<scenario>
			<xbrldi:explicitMember dimension="tw-gaap-ci:StockholdersEquityDimensionMember">tw-gaap-ci:CumulativeTranslationAdjustmentsMember</xbrldi:explicitMember>
		</scenario>
	</context>
	<context id="From20090101To20091231_LegalReserveMember">
		<entity>
			<identifier scheme="http://www.twse.com.tw">2227</identifier>
		</entity>
		<period>
			<startDate>2009-01-01</startDate>
			<endDate>2009-12-31</endDate>
		</period>
		<scenario>
			<xbrldi:explicitMember dimension="tw-gaap-ci:StockholdersEquityDimensionMember">tw-gaap-ci:LegalReserveMember</xbrldi:explicitMember>
		</scenario>
	</context>
	<context id="From20090101To20091231_TotalStockholdersEquitiesMember">
		<entity>
			<identifier scheme="http://www.twse.com.tw">2227</identifier>
		</entity>
		<period>
			<startDate>2009-01-01</startDate>
			<endDate>2009-12-31</endDate>
		</period>
		<scenario>
			<xbrldi:explicitMember dimension="tw-gaap-ci:StockholdersEquityDimensionMember">tw-gaap-ci:TotalStockholdersEquitiesMember</xbrldi:explicitMember>
		</scenario>
	</context>
	<context id="From20090101To20091231_RetainedEarningsMember">
		<entity>
			<identifier scheme="http://www.twse.com.tw">2227</identifier>
		</entity>
		<period>
			<startDate>2009-01-01</startDate>
			<endDate>2009-12-31</endDate>
		</period>
		<scenario>
			<xbrldi:explicitMember dimension="tw-gaap-ci:StockholdersEquityDimensionMember">tw-gaap-ci:RetainedEarningsMember</xbrldi:explicitMember>
		</scenario>
	</context>
	<context id="From20090101To20091231_UnappropriatedRetainedEarningsMember">
		<entity>
			<identifier scheme="http://www.twse.com.tw">2227</identifier>
		</entity>
		<period>
			<startDate>2009-01-01</startDate>
			<endDate>2009-12-31</endDate>
		</period>
		<scenario>
			<xbrldi:explicitMember dimension="tw-gaap-ci:StockholdersEquityDimensionMember">tw-gaap-ci:UnappropriatedRetainedEarningsMember</xbrldi:explicitMember>
		</scenario>
	</context>
	<context id="AsOf20091231_TotalStockholdersEquitiesMember">
		<entity>
			<identifier scheme="http://www.twse.com.tw">2227</identifier>
		</entity>
		<period>
			<instant>2009-12-31</instant>
		</period>
		<scenario>
			<xbrldi:explicitMember dimension="tw-gaap-ci:StockholdersEquityDimensionMember">tw-gaap-ci:TotalStockholdersEquitiesMember</xbrldi:explicitMember>
		</scenario>
	</context>
	<context id="AsOf20091231_StockholdersEquitiesAdjustmentsMember">
		<entity>
			<identifier scheme="http://www.twse.com.tw">2227</identifier>
		</entity>
		<period>
			<instant>2009-12-31</instant>
		</period>
		<scenario>
			<xbrldi:explicitMember dimension="tw-gaap-ci:StockholdersEquityDimensionMember">tw-gaap-ci:StockholdersEquitiesAdjustmentsMember</xbrldi:explicitMember>
		</scenario>
	</context>
	<context id="AsOf20091231_CumulativeTranslationAdjustmentsMember">
		<entity>
			<identifier scheme="http://www.twse.com.tw">2227</identifier>
		</entity>
		<period>
			<instant>2009-12-31</instant>
		</period>
		<scenario>
			<xbrldi:explicitMember dimension="tw-gaap-ci:StockholdersEquityDimensionMember">tw-gaap-ci:CumulativeTranslationAdjustmentsMember</xbrldi:explicitMember>
		</scenario>
	</context>
	<context id="AsOf20091231_RetainedEarningsMember">
		<entity>
			<identifier scheme="http://www.twse.com.tw">2227</identifier>
		</entity>
		<period>
			<instant>2009-12-31</instant>
		</period>
		<scenario>
			<xbrldi:explicitMember dimension="tw-gaap-ci:StockholdersEquityDimensionMember">tw-gaap-ci:RetainedEarningsMember</xbrldi:explicitMember>
		</scenario>
	</context>
	<context id="AsOf20091231_UnappropriatedRetainedEarningsMember">
		<entity>
			<identifier scheme="http://www.twse.com.tw">2227</identifier>
		</entity>
		<period>
			<instant>2009-12-31</instant>
		</period>
		<scenario>
			<xbrldi:explicitMember dimension="tw-gaap-ci:StockholdersEquityDimensionMember">tw-gaap-ci:UnappropriatedRetainedEarningsMember</xbrldi:explicitMember>
		</scenario>
	</context>
	<context id="AsOf20091231_SpecialReserveMember">
		<entity>
			<identifier scheme="http://www.twse.com.tw">2227</identifier>
		</entity>
		<period>
			<instant>2009-12-31</instant>
		</period>
		<scenario>
			<xbrldi:explicitMember dimension="tw-gaap-ci:StockholdersEquityDimensionMember">tw-gaap-ci:SpecialReserveMember</xbrldi:explicitMember>
		</scenario>
	</context>
	<context id="AsOf20091231_LegalReserveMember">
		<entity>
			<identifier scheme="http://www.twse.com.tw">2227</identifier>
		</entity>
		<period>
			<instant>2009-12-31</instant>
		</period>
		<scenario>
			<xbrldi:explicitMember dimension="tw-gaap-ci:StockholdersEquityDimensionMember">tw-gaap-ci:LegalReserveMember</xbrldi:explicitMember>
		</scenario>
	</context>
	<context id="AsOf20091231_CapitalSurplusMember">
		<entity>
			<identifier scheme="http://www.twse.com.tw">2227</identifier>
		</entity>
		<period>
			<instant>2009-12-31</instant>
		</period>
		<scenario>
			<xbrldi:explicitMember dimension="tw-gaap-ci:StockholdersEquityDimensionMember">tw-gaap-ci:CapitalSurplusMember</xbrldi:explicitMember>
		</scenario>
	</context>
	<context id="AsOf20091231_CapitalStockMember">
		<entity>
			<identifier scheme="http://www.twse.com.tw">2227</identifier>
		</entity>
		<period>
			<instant>2009-12-31</instant>
		</period>
		<scenario>
			<xbrldi:explicitMember dimension="tw-gaap-ci:StockholdersEquityDimensionMember">tw-gaap-ci:CapitalStockMember</xbrldi:explicitMember>
		</scenario>
	</context>
	<context id="AsOf20091231_CommonStockValueMember">
		<entity>
			<identifier scheme="http://www.twse.com.tw">2227</identifier>
		</entity>
		<period>
			<instant>2009-12-31</instant>
		</period>
		<scenario>
			<xbrldi:explicitMember dimension="tw-gaap-ci:StockholdersEquityDimensionMember">tw-gaap-ci:CommonStockValueMember</xbrldi:explicitMember>
		</scenario>
	</context>
	<context id="From20100101To20101231_StockholdersEquitiesAdjustmentsMember">
		<entity>
			<identifier scheme="http://www.twse.com.tw">2227</identifier>
		</entity>
		<period>
			<startDate>2010-01-01</startDate>
			<endDate>2010-12-31</endDate>
		</period>
		<scenario>
			<xbrldi:explicitMember dimension="tw-gaap-ci:StockholdersEquityDimensionMember">tw-gaap-ci:StockholdersEquitiesAdjustmentsMember</xbrldi:explicitMember>
		</scenario>
	</context>
	<context id="From20100101To20101231_CumulativeTranslationAdjustmentsMember">
		<entity>
			<identifier scheme="http://www.twse.com.tw">2227</identifier>
		</entity>
		<period>
			<startDate>2010-01-01</startDate>
			<endDate>2010-12-31</endDate>
		</period>
		<scenario>
			<xbrldi:explicitMember dimension="tw-gaap-ci:StockholdersEquityDimensionMember">tw-gaap-ci:CumulativeTranslationAdjustmentsMember</xbrldi:explicitMember>
		</scenario>
	</context>
	<context id="From20100101To20101231_LegalReserveMember">
		<entity>
			<identifier scheme="http://www.twse.com.tw">2227</identifier>
		</entity>
		<period>
			<startDate>2010-01-01</startDate>
			<endDate>2010-12-31</endDate>
		</period>
		<scenario>
			<xbrldi:explicitMember dimension="tw-gaap-ci:StockholdersEquityDimensionMember">tw-gaap-ci:LegalReserveMember</xbrldi:explicitMember>
		</scenario>
	</context>
	<context id="From20100101To20101231_TotalStockholdersEquitiesMember">
		<entity>
			<identifier scheme="http://www.twse.com.tw">2227</identifier>
		</entity>
		<period>
			<startDate>2010-01-01</startDate>
			<endDate>2010-12-31</endDate>
		</period>
		<scenario>
			<xbrldi:explicitMember dimension="tw-gaap-ci:StockholdersEquityDimensionMember">tw-gaap-ci:TotalStockholdersEquitiesMember</xbrldi:explicitMember>
		</scenario>
	</context>
	<context id="From20100101To20101231_RetainedEarningsMember">
		<entity>
			<identifier scheme="http://www.twse.com.tw">2227</identifier>
		</entity>
		<period>
			<startDate>2010-01-01</startDate>
			<endDate>2010-12-31</endDate>
		</period>
		<scenario>
			<xbrldi:explicitMember dimension="tw-gaap-ci:StockholdersEquityDimensionMember">tw-gaap-ci:RetainedEarningsMember</xbrldi:explicitMember>
		</scenario>
	</context>
	<context id="From20100101To20101231_UnappropriatedRetainedEarningsMember">
		<entity>
			<identifier scheme="http://www.twse.com.tw">2227</identifier>
		</entity>
		<period>
			<startDate>2010-01-01</startDate>
			<endDate>2010-12-31</endDate>
		</period>
		<scenario>
			<xbrldi:explicitMember dimension="tw-gaap-ci:StockholdersEquityDimensionMember">tw-gaap-ci:UnappropriatedRetainedEarningsMember</xbrldi:explicitMember>
		</scenario>
	</context>
	<context id="AsOf20101231_TotalStockholdersEquitiesMember">
		<entity>
			<identifier scheme="http://www.twse.com.tw">2227</identifier>
		</entity>
		<period>
			<instant>2010-12-31</instant>
		</period>
		<scenario>
			<xbrldi:explicitMember dimension="tw-gaap-ci:StockholdersEquityDimensionMember">tw-gaap-ci:TotalStockholdersEquitiesMember</xbrldi:explicitMember>
		</scenario>
	</context>
	<context id="AsOf20101231_StockholdersEquitiesAdjustmentsMember">
		<entity>
			<identifier scheme="http://www.twse.com.tw">2227</identifier>
		</entity>
		<period>
			<instant>2010-12-31</instant>
		</period>
		<scenario>
			<xbrldi:explicitMember dimension="tw-gaap-ci:StockholdersEquityDimensionMember">tw-gaap-ci:StockholdersEquitiesAdjustmentsMember</xbrldi:explicitMember>
		</scenario>
	</context>
	<context id="AsOf20101231_CumulativeTranslationAdjustmentsMember">
		<entity>
			<identifier scheme="http://www.twse.com.tw">2227</identifier>
		</entity>
		<period>
			<instant>2010-12-31</instant>
		</period>
		<scenario>
			<xbrldi:explicitMember dimension="tw-gaap-ci:StockholdersEquityDimensionMember">tw-gaap-ci:CumulativeTranslationAdjustmentsMember</xbrldi:explicitMember>
		</scenario>
	</context>
	<context id="AsOf20101231_RetainedEarningsMember">
		<entity>
			<identifier scheme="http://www.twse.com.tw">2227</identifier>
		</entity>
		<period>
			<instant>2010-12-31</instant>
		</period>
		<scenario>
			<xbrldi:explicitMember dimension="tw-gaap-ci:StockholdersEquityDimensionMember">tw-gaap-ci:RetainedEarningsMember</xbrldi:explicitMember>
		</scenario>
	</context>
	<context id="AsOf20101231_UnappropriatedRetainedEarningsMember">
		<entity>
			<identifier scheme="http://www.twse.com.tw">2227</identifier>
		</entity>
		<period>
			<instant>2010-12-31</instant>
		</period>
		<scenario>
			<xbrldi:explicitMember dimension="tw-gaap-ci:StockholdersEquityDimensionMember">tw-gaap-ci:UnappropriatedRetainedEarningsMember</xbrldi:explicitMember>
		</scenario>
	</context>
	<context id="AsOf20101231_SpecialReserveMember">
		<entity>
			<identifier scheme="http://www.twse.com.tw">2227</identifier>
		</entity>
		<period>
			<instant>2010-12-31</instant>
		</period>
		<scenario>
			<xbrldi:explicitMember dimension="tw-gaap-ci:StockholdersEquityDimensionMember">tw-gaap-ci:SpecialReserveMember</xbrldi:explicitMember>
		</scenario>
	</context>
	<context id="AsOf20101231_LegalReserveMember">
		<entity>
			<identifier scheme="http://www.twse.com.tw">2227</identifier>
		</entity>
		<period>
			<instant>2010-12-31</instant>
		</period>
		<scenario>
			<xbrldi:explicitMember dimension="tw-gaap-ci:StockholdersEquityDimensionMember">tw-gaap-ci:LegalReserveMember</xbrldi:explicitMember>
		</scenario>
	</context>
	<context id="AsOf20101231_CapitalSurplusMember">
		<entity>
			<identifier scheme="http://www.twse.com.tw">2227</identifier>
		</entity>
		<period>
			<instant>2010-12-31</instant>
		</period>
		<scenario>
			<xbrldi:explicitMember dimension="tw-gaap-ci:StockholdersEquityDimensionMember">tw-gaap-ci:CapitalSurplusMember</xbrldi:explicitMember>
		</scenario>
	</context>
	<context id="AsOf20101231_CapitalStockMember">
		<entity>
			<identifier scheme="http://www.twse.com.tw">2227</identifier>
		</entity>
		<period>
			<instant>2010-12-31</instant>
		</period>
		<scenario>
			<xbrldi:explicitMember dimension="tw-gaap-ci:StockholdersEquityDimensionMember">tw-gaap-ci:CapitalStockMember</xbrldi:explicitMember>
		</scenario>
	</context>
	<context id="AsOf20101231_CommonStockValueMember">
		<entity>
			<identifier scheme="http://www.twse.com.tw">2227</identifier>
		</entity>
		<period>
			<instant>2010-12-31</instant>
		</period>
		<scenario>
			<xbrldi:explicitMember dimension="tw-gaap-ci:StockholdersEquityDimensionMember">tw-gaap-ci:CommonStockValueMember</xbrldi:explicitMember>
		</scenario>
	</context>
	<context id="AsOf20090101">
		<entity>
			<identifier scheme="http://www.twse.com.tw">2227</identifier>
		</entity>
		<period>
			<instant>2009-01-01</instant>
		</period>
	</context>
	<context id="AsOf20100101">
		<entity>
			<identifier scheme="http://www.twse.com.tw">2227</identifier>
		</entity>
		<period>
			<instant>2010-01-01</instant>
		</period>
	</context>
	<context id="From20090101To20091231">
		<entity>
			<identifier scheme="http://www.twse.com.tw">2227</identifier>
		</entity>
		<period>
			<startDate>2009-01-01</startDate>
			<endDate>2009-12-31</endDate>
		</period>
	</context>
	<context id="AsOf20091231">
		<entity>
			<identifier scheme="http://www.twse.com.tw">2227</identifier>
		</entity>
		<period>
			<instant>2009-12-31</instant>
		</period>
	</context>
	<context id="From20100101To20101231">
		<entity>
			<identifier scheme="http://www.twse.com.tw">2227</identifier>
		</entity>
		<period>
			<startDate>2010-01-01</startDate>
			<endDate>2010-12-31</endDate>
		</period>
	</context>
	<context id="AsOf20101231">
		<entity>
			<identifier scheme="http://www.twse.com.tw">2227</identifier>
		</entity>
		<period>
			<instant>2010-12-31</instant>
		</period>
	</context>
	<unit id="TWD">
		<measure>iso4217:TWD</measure>
	</unit>
	<unit id="Shares">
		<measure>xbrli:shares</measure>
	</unit>
	<unit id="EarningsPerShare">
		<divide>
			<unitNumerator>
				<measure>iso4217:TWD</measure>
			</unitNumerator>
			<unitDenominator>
				<measure>xbrli:shares</measure>
			</unitDenominator>
		</divide>
	</unit>
	<tw-gaap-ci:CashCashEquivalents contextRef="AsOf20101231" decimals="-3" unitRef="TWD">677127000</tw-gaap-ci:CashCashEquivalents>
	<tw-gaap-ci:CashCashEquivalents contextRef="AsOf20091231" decimals="-3" unitRef="TWD">690758000</tw-gaap-ci:CashCashEquivalents>
	<tw-gaap-ci:FinancialAssetsMeasuredFairValueProfitLossCurrent contextRef="AsOf20101231" decimals="-3" unitRef="TWD">2110748000</tw-gaap-ci:FinancialAssetsMeasuredFairValueProfitLossCurrent>
	<tw-gaap-ci:FinancialAssetsMeasuredFairValueProfitLossCurrent contextRef="AsOf20091231" decimals="-3" unitRef="TWD">1129590000</tw-gaap-ci:FinancialAssetsMeasuredFairValueProfitLossCurrent>
	<tw-gaap-ci:NetAccountsReceivable contextRef="AsOf20101231" decimals="-3" unitRef="TWD">26459000</tw-gaap-ci:NetAccountsReceivable>
	<tw-gaap-ci:NetAccountsReceivable contextRef="AsOf20091231" decimals="-3" unitRef="TWD">29318000</tw-gaap-ci:NetAccountsReceivable>
	<tw-gaap-ci:NetAccountsReceivableRelatedParties contextRef="AsOf20101231" decimals="-3" unitRef="TWD">323605000</tw-gaap-ci:NetAccountsReceivableRelatedParties>
	<tw-gaap-ci:NetAccountsReceivableRelatedParties contextRef="AsOf20091231" decimals="-3" unitRef="TWD">397736000</tw-gaap-ci:NetAccountsReceivableRelatedParties>
	<tw-gaap-ci:OtherFinancialAssetsCurrent contextRef="AsOf20101231" decimals="-3" unitRef="TWD">613956000</tw-gaap-ci:OtherFinancialAssetsCurrent>
	<tw-gaap-ci:OtherFinancialAssetsCurrent contextRef="AsOf20091231" decimals="-3" unitRef="TWD">53866000</tw-gaap-ci:OtherFinancialAssetsCurrent>
	<tw-gaap-ci:Inventories contextRef="AsOf20101231" decimals="-3" unitRef="TWD">1016000</tw-gaap-ci:Inventories>
	<tw-gaap-ci:Inventories contextRef="AsOf20091231" decimals="-3" unitRef="TWD">894000</tw-gaap-ci:Inventories>
	<tw-gaap-ci:OtherPrepayments contextRef="AsOf20101231" decimals="-3" unitRef="TWD">4566000</tw-gaap-ci:OtherPrepayments>
	<tw-gaap-ci:OtherPrepayments contextRef="AsOf20091231" decimals="-3" unitRef="TWD">2918000</tw-gaap-ci:OtherPrepayments>
	<tw-gaap-ci:DeferredIncomeTaxAssetsCurrent contextRef="AsOf20101231" decimals="-3" unitRef="TWD">98049000</tw-gaap-ci:DeferredIncomeTaxAssetsCurrent>
	<tw-gaap-ci:DeferredIncomeTaxAssetsCurrent contextRef="AsOf20091231" decimals="-3" unitRef="TWD">8125000</tw-gaap-ci:DeferredIncomeTaxAssetsCurrent>
	<tw-gaap-ci:OthercurrentAssetsOther contextRef="AsOf20101231" decimals="-3" unitRef="TWD">0</tw-gaap-ci:OthercurrentAssetsOther>
	<tw-gaap-ci:OthercurrentAssetsOther contextRef="AsOf20091231" decimals="-3" unitRef="TWD">36632000</tw-gaap-ci:OthercurrentAssetsOther>
	<tw-gaap-ci:OtherCurrentAssets contextRef="AsOf20101231" decimals="-3" unitRef="TWD">98049000</tw-gaap-ci:OtherCurrentAssets>
	<tw-gaap-ci:OtherCurrentAssets contextRef="AsOf20091231" decimals="-3" unitRef="TWD">44757000</tw-gaap-ci:OtherCurrentAssets>
	<tw-gaap-ci:CurrentAssets contextRef="AsOf20101231" decimals="-3" unitRef="TWD">3855526000</tw-gaap-ci:CurrentAssets>
	<tw-gaap-ci:CurrentAssets contextRef="AsOf20091231" decimals="-3" unitRef="TWD">2349837000</tw-gaap-ci:CurrentAssets>
	<tw-gaap-ci:LongtermInvestmentsEquity contextRef="AsOf20101231" decimals="-3" unitRef="TWD">15402999000</tw-gaap-ci:LongtermInvestmentsEquity>
	<tw-gaap-ci:LongtermInvestmentsEquity contextRef="AsOf20091231" decimals="-3" unitRef="TWD">13536847000</tw-gaap-ci:LongtermInvestmentsEquity>
	<tw-gaap-ci:LongtermInvestments contextRef="AsOf20101231" decimals="-3" unitRef="TWD">15402999000</tw-gaap-ci:LongtermInvestments>
	<tw-gaap-ci:LongtermInvestments contextRef="AsOf20091231" decimals="-3" unitRef="TWD">13536847000</tw-gaap-ci:LongtermInvestments>
	<tw-gaap-ci:FundsInvestments contextRef="AsOf20101231" decimals="-3" unitRef="TWD">15402999000</tw-gaap-ci:FundsInvestments>
	<tw-gaap-ci:FundsInvestments contextRef="AsOf20091231" decimals="-3" unitRef="TWD">13536847000</tw-gaap-ci:FundsInvestments>
	<tw-gaap-ci:MachineryEquipment contextRef="AsOf20101231" decimals="-3" unitRef="TWD">21135000</tw-gaap-ci:MachineryEquipment>
	<tw-gaap-ci:MachineryEquipment contextRef="AsOf20091231" decimals="-3" unitRef="TWD">21863000</tw-gaap-ci:MachineryEquipment>
	<tw-gaap-ci:ComputerTelecommunicationEquipment contextRef="AsOf20101231" decimals="-3" unitRef="TWD">79608000</tw-gaap-ci:ComputerTelecommunicationEquipment>
	<tw-gaap-ci:ComputerTelecommunicationEquipment contextRef="AsOf20091231" decimals="-3" unitRef="TWD">80194000</tw-gaap-ci:ComputerTelecommunicationEquipment>
	<tw-gaap-ci:TransportationEquipment contextRef="AsOf20101231" decimals="-3" unitRef="TWD">4290000</tw-gaap-ci:TransportationEquipment>
	<tw-gaap-ci:TransportationEquipment contextRef="AsOf20091231" decimals="-3" unitRef="TWD">4290000</tw-gaap-ci:TransportationEquipment>
	<tw-gaap-ci:MaintenanceEquipmentTools contextRef="AsOf20101231" decimals="-3" unitRef="TWD">5694000</tw-gaap-ci:MaintenanceEquipmentTools>
	<tw-gaap-ci:MaintenanceEquipmentTools contextRef="AsOf20091231" decimals="-3" unitRef="TWD">5566000</tw-gaap-ci:MaintenanceEquipmentTools>
	<tw-gaap-ci:LeaseholdImprovements contextRef="AsOf20101231" decimals="-3" unitRef="TWD">4559000</tw-gaap-ci:LeaseholdImprovements>
	<tw-gaap-ci:LeaseholdImprovements contextRef="AsOf20091231" decimals="-3" unitRef="TWD">3474000</tw-gaap-ci:LeaseholdImprovements>
	<tw-gaap-ci:OtherFacilities contextRef="AsOf20101231" decimals="-3" unitRef="TWD">76930000</tw-gaap-ci:OtherFacilities>
	<tw-gaap-ci:OtherFacilities contextRef="AsOf20091231" decimals="-3" unitRef="TWD">74789000</tw-gaap-ci:OtherFacilities>
	<tw-gaap-ci:FixedAssetsOriginalCosts contextRef="AsOf20101231" decimals="-3" unitRef="TWD">192216000</tw-gaap-ci:FixedAssetsOriginalCosts>
	<tw-gaap-ci:FixedAssetsOriginalCosts contextRef="AsOf20091231" decimals="-3" unitRef="TWD">190176000</tw-gaap-ci:FixedAssetsOriginalCosts>
	<tw-gaap-ci:CostsRevaluationIncrement contextRef="AsOf20101231" decimals="-3" unitRef="TWD">192216000</tw-gaap-ci:CostsRevaluationIncrement>
	<tw-gaap-ci:CostsRevaluationIncrement contextRef="AsOf20091231" decimals="-3" unitRef="TWD">190176000</tw-gaap-ci:CostsRevaluationIncrement>
	<tw-gaap-ci:AccumulatedDepreciation contextRef="AsOf20101231" decimals="-3" unitRef="TWD">154175000</tw-gaap-ci:AccumulatedDepreciation>
	<tw-gaap-ci:AccumulatedDepreciation contextRef="AsOf20091231" decimals="-3" unitRef="TWD">142701000</tw-gaap-ci:AccumulatedDepreciation>
	<tw-gaap-ci:ConstructionProcessPrepaymentEquipments contextRef="AsOf20101231" decimals="-3" unitRef="TWD">2799000</tw-gaap-ci:ConstructionProcessPrepaymentEquipments>
	<tw-gaap-ci:ConstructionProcessPrepaymentEquipments contextRef="AsOf20091231" decimals="-3" unitRef="TWD">2065000</tw-gaap-ci:ConstructionProcessPrepaymentEquipments>
	<tw-gaap-ci:FixedAssets contextRef="AsOf20101231" decimals="-3" unitRef="TWD">40840000</tw-gaap-ci:FixedAssets>
	<tw-gaap-ci:FixedAssets contextRef="AsOf20091231" decimals="-3" unitRef="TWD">49540000</tw-gaap-ci:FixedAssets>
	<tw-gaap-ci:GuaranteeDepositsPaid contextRef="AsOf20101231" decimals="-3" unitRef="TWD">2680000</tw-gaap-ci:GuaranteeDepositsPaid>
	<tw-gaap-ci:GuaranteeDepositsPaid contextRef="AsOf20091231" decimals="-3" unitRef="TWD">7360000</tw-gaap-ci:GuaranteeDepositsPaid>
	<tw-gaap-ci:DeferredCharges contextRef="AsOf20101231" decimals="-3" unitRef="TWD">1440667000</tw-gaap-ci:DeferredCharges>
	<tw-gaap-ci:DeferredCharges contextRef="AsOf20091231" decimals="-3" unitRef="TWD">1774952000</tw-gaap-ci:DeferredCharges>
	<tw-gaap-ci:OtherAssets contextRef="AsOf20101231" decimals="-3" unitRef="TWD">1443347000</tw-gaap-ci:OtherAssets>
	<tw-gaap-ci:OtherAssets contextRef="AsOf20091231" decimals="-3" unitRef="TWD">1782312000</tw-gaap-ci:OtherAssets>
	<tw-gaap-ci:Assets contextRef="AsOf20101231" decimals="-3" unitRef="TWD">20742712000</tw-gaap-ci:Assets>
	<tw-gaap-ci:Assets contextRef="AsOf20091231" decimals="-3" unitRef="TWD">17718536000</tw-gaap-ci:Assets>
	<tw-gaap-ci:AccountsPayable contextRef="AsOf20101231" decimals="-3" unitRef="TWD">81519000</tw-gaap-ci:AccountsPayable>
	<tw-gaap-ci:AccountsPayable contextRef="AsOf20091231" decimals="-3" unitRef="TWD">2977000</tw-gaap-ci:AccountsPayable>
	<tw-gaap-ci:AccountsPayableRelatedParties contextRef="AsOf20101231" decimals="-3" unitRef="TWD">1075697000</tw-gaap-ci:AccountsPayableRelatedParties>
	<tw-gaap-ci:AccountsPayableRelatedParties contextRef="AsOf20091231" decimals="-3" unitRef="TWD">834088000</tw-gaap-ci:AccountsPayableRelatedParties>
	<tw-gaap-ci:IncomeTaxPayable contextRef="AsOf20101231" decimals="-3" unitRef="TWD">50985000</tw-gaap-ci:IncomeTaxPayable>
	<tw-gaap-ci:IncomeTaxPayable contextRef="AsOf20091231" decimals="-3" unitRef="TWD">73414000</tw-gaap-ci:IncomeTaxPayable>
	<tw-gaap-ci:AccruedExpenses contextRef="AsOf20101231" decimals="-3" unitRef="TWD">486463000</tw-gaap-ci:AccruedExpenses>
	<tw-gaap-ci:AccruedExpenses contextRef="AsOf20091231" decimals="-3" unitRef="TWD">312278000</tw-gaap-ci:AccruedExpenses>
	<tw-gaap-ci:OtherCurrentLiabilities contextRef="AsOf20101231" decimals="-3" unitRef="TWD">95577000</tw-gaap-ci:OtherCurrentLiabilities>
	<tw-gaap-ci:OtherCurrentLiabilities contextRef="AsOf20091231" decimals="-3" unitRef="TWD">63562000</tw-gaap-ci:OtherCurrentLiabilities>
	<tw-gaap-ci:CurrentLiabilities contextRef="AsOf20101231" decimals="-3" unitRef="TWD">1790241000</tw-gaap-ci:CurrentLiabilities>
	<tw-gaap-ci:CurrentLiabilities contextRef="AsOf20091231" decimals="-3" unitRef="TWD">1286319000</tw-gaap-ci:CurrentLiabilities>
	<tw-gaap-ci:PensionReserve contextRef="AsOf20101231" decimals="-3" unitRef="TWD">449586000</tw-gaap-ci:PensionReserve>
	<tw-gaap-ci:PensionReserve contextRef="AsOf20091231" decimals="-3" unitRef="TWD">424452000</tw-gaap-ci:PensionReserve>
	<tw-gaap-ci:DeferredIncomeTax contextRef="AsOf20101231" decimals="-3" unitRef="TWD">1230387000</tw-gaap-ci:DeferredIncomeTax>
	<tw-gaap-ci:DeferredIncomeTax contextRef="AsOf20091231" decimals="-3" unitRef="TWD">667526000</tw-gaap-ci:DeferredIncomeTax>
	<tw-gaap-ci:OtherLiabilities-Other contextRef="AsOf20101231" decimals="-3" unitRef="TWD">107154000</tw-gaap-ci:OtherLiabilities-Other>
	<tw-gaap-ci:OtherLiabilities-Other contextRef="AsOf20091231" decimals="-3" unitRef="TWD">70099000</tw-gaap-ci:OtherLiabilities-Other>
	<tw-gaap-ci:OtherLiabilitiesOther contextRef="AsOf20101231" decimals="-3" unitRef="TWD">107154000</tw-gaap-ci:OtherLiabilitiesOther>
	<tw-gaap-ci:OtherLiabilitiesOther contextRef="AsOf20091231" decimals="-3" unitRef="TWD">70099000</tw-gaap-ci:OtherLiabilitiesOther>
	<tw-gaap-ci:OtherLiabilities contextRef="AsOf20101231" decimals="-3" unitRef="TWD">1787127000</tw-gaap-ci:OtherLiabilities>
	<tw-gaap-ci:OtherLiabilities contextRef="AsOf20091231" decimals="-3" unitRef="TWD">1162077000</tw-gaap-ci:OtherLiabilities>
	<tw-gaap-ci:Liabilities contextRef="AsOf20101231" decimals="-3" unitRef="TWD">3577368000</tw-gaap-ci:Liabilities>
	<tw-gaap-ci:Liabilities contextRef="AsOf20091231" decimals="-3" unitRef="TWD">2448396000</tw-gaap-ci:Liabilities>
	<tw-gaap-ci:CommonStock contextRef="AsOf20101231" decimals="-3" unitRef="TWD">3000000000</tw-gaap-ci:CommonStock>
	<tw-gaap-ci:CommonStock contextRef="AsOf20091231" decimals="-3" unitRef="TWD">3000000000</tw-gaap-ci:CommonStock>
	<tw-gaap-ci:Capital contextRef="AsOf20101231" decimals="-3" unitRef="TWD">3000000000</tw-gaap-ci:Capital>
	<tw-gaap-ci:Capital contextRef="AsOf20091231" decimals="-3" unitRef="TWD">3000000000</tw-gaap-ci:Capital>
	<tw-gaap-ci:CapitalSurplusAdditionalPaidCapital contextRef="AsOf20101231" decimals="-3" unitRef="TWD">5986507000</tw-gaap-ci:CapitalSurplusAdditionalPaidCapital>
	<tw-gaap-ci:CapitalSurplusAdditionalPaidCapital contextRef="AsOf20091231" decimals="-3" unitRef="TWD">5986507000</tw-gaap-ci:CapitalSurplusAdditionalPaidCapital>
	<tw-gaap-ci:CapitalSurplusLongTermEquityInvestments contextRef="AsOf20101231" decimals="-3" unitRef="TWD">2461000</tw-gaap-ci:CapitalSurplusLongTermEquityInvestments>
	<tw-gaap-ci:CapitalSurplusLongTermEquityInvestments contextRef="AsOf20091231" decimals="-3" unitRef="TWD">2461000</tw-gaap-ci:CapitalSurplusLongTermEquityInvestments>
	<tw-gaap-ci:CapitalSurplus contextRef="AsOf20101231" decimals="-3" unitRef="TWD">5988968000</tw-gaap-ci:CapitalSurplus>
	<tw-gaap-ci:CapitalSurplus contextRef="AsOf20091231" decimals="-3" unitRef="TWD">5988968000</tw-gaap-ci:CapitalSurplus>
	<tw-gaap-ci:LegalReserve contextRef="AsOf20101231" decimals="-3" unitRef="TWD">1093293000</tw-gaap-ci:LegalReserve>
	<tw-gaap-ci:LegalReserve contextRef="AsOf20091231" decimals="-3" unitRef="TWD">1028005000</tw-gaap-ci:LegalReserve>
	<tw-gaap-ci:SpecialReserve contextRef="AsOf20101231" decimals="-3" unitRef="TWD">379840000</tw-gaap-ci:SpecialReserve>
	<tw-gaap-ci:SpecialReserve contextRef="AsOf20091231" decimals="-3" unitRef="TWD">379840000</tw-gaap-ci:SpecialReserve>
	<tw-gaap-ci:UnappropriatedRetainedEarnings contextRef="AsOf20101231" decimals="-3" unitRef="TWD">6485664000</tw-gaap-ci:UnappropriatedRetainedEarnings>
	<tw-gaap-ci:UnappropriatedRetainedEarnings contextRef="AsOf20091231" decimals="-3" unitRef="TWD">3667054000</tw-gaap-ci:UnappropriatedRetainedEarnings>
	<tw-gaap-ci:RetainedEarnings contextRef="AsOf20101231" decimals="-3" unitRef="TWD">7958797000</tw-gaap-ci:RetainedEarnings>
	<tw-gaap-ci:RetainedEarnings contextRef="AsOf20091231" decimals="-3" unitRef="TWD">5074899000</tw-gaap-ci:RetainedEarnings>
	<tw-gaap-ci:CumulativeTranslationAdjustments contextRef="AsOf20101231" decimals="-3" unitRef="TWD">217579000</tw-gaap-ci:CumulativeTranslationAdjustments>
	<tw-gaap-ci:CumulativeTranslationAdjustments contextRef="AsOf20091231" decimals="-3" unitRef="TWD">1206273000</tw-gaap-ci:CumulativeTranslationAdjustments>
	<tw-gaap-ci:StockholdersEquitiesAdjustments contextRef="AsOf20101231" decimals="-3" unitRef="TWD">217579000</tw-gaap-ci:StockholdersEquitiesAdjustments>
	<tw-gaap-ci:StockholdersEquitiesAdjustments contextRef="AsOf20091231" decimals="-3" unitRef="TWD">1206273000</tw-gaap-ci:StockholdersEquitiesAdjustments>
	<tw-gaap-ci:StockholdersEquities contextRef="AsOf20101231" decimals="-3" unitRef="TWD">17165344000</tw-gaap-ci:StockholdersEquities>
	<tw-gaap-ci:StockholdersEquities contextRef="AsOf20091231" decimals="-3" unitRef="TWD">15270140000</tw-gaap-ci:StockholdersEquities>
	<tw-gaap-ci:EquivalentSharesOutstandingAdvanceReceiptsCommonStock contextRef="AsOf20101231" decimals="0" unitRef="Shares">0</tw-gaap-ci:EquivalentSharesOutstandingAdvanceReceiptsCommonStock>
	<tw-gaap-ci:EquivalentSharesOutstandingAdvanceReceiptsCommonStock contextRef="AsOf20091231" decimals="0" unitRef="Shares">0</tw-gaap-ci:EquivalentSharesOutstandingAdvanceReceiptsCommonStock>
	<tw-gaap-ci:NumberTreasuryStockAcquiredCompanySubsidiaries contextRef="AsOf20101231" decimals="0" unitRef="Shares">0</tw-gaap-ci:NumberTreasuryStockAcquiredCompanySubsidiaries>
	<tw-gaap-ci:NumberTreasuryStockAcquiredCompanySubsidiaries contextRef="AsOf20091231" decimals="0" unitRef="Shares">0</tw-gaap-ci:NumberTreasuryStockAcquiredCompanySubsidiaries>
	<tw-gaap-ci:Sales contextRef="From20100101To20101231" decimals="-3" unitRef="TWD">27464636000</tw-gaap-ci:Sales>
	<tw-gaap-ci:Sales contextRef="From20090101To20091231" decimals="-3" unitRef="TWD">21694100000</tw-gaap-ci:Sales>
	<tw-gaap-ci:SalesReturns contextRef="From20100101To20101231" decimals="-3" unitRef="TWD">4978000</tw-gaap-ci:SalesReturns>
	<tw-gaap-ci:SalesReturns contextRef="From20090101To20091231" decimals="-3" unitRef="TWD">7802000</tw-gaap-ci:SalesReturns>
	<tw-gaap-ci:SalesDiscountsAllowances contextRef="From20100101To20101231" decimals="-3" unitRef="TWD">3962000</tw-gaap-ci:SalesDiscountsAllowances>
	<tw-gaap-ci:SalesDiscountsAllowances contextRef="From20090101To20091231" decimals="-3" unitRef="TWD">11570000</tw-gaap-ci:SalesDiscountsAllowances>
	<tw-gaap-ci:NetSales contextRef="From20100101To20101231" decimals="-3" unitRef="TWD">27455696000</tw-gaap-ci:NetSales>
	<tw-gaap-ci:NetSales contextRef="From20090101To20091231" decimals="-3" unitRef="TWD">21674728000</tw-gaap-ci:NetSales>
	<tw-gaap-ci:OperatingRevenue contextRef="From20100101To20101231" decimals="-3" unitRef="TWD">27455696000</tw-gaap-ci:OperatingRevenue>
	<tw-gaap-ci:OperatingRevenue contextRef="From20090101To20091231" decimals="-3" unitRef="TWD">21674728000</tw-gaap-ci:OperatingRevenue>
	<tw-gaap-ci:CostSales contextRef="From20100101To20101231" decimals="-3" unitRef="TWD">23671057000</tw-gaap-ci:CostSales>
	<tw-gaap-ci:CostSales contextRef="From20090101To20091231" decimals="-3" unitRef="TWD">19807203000</tw-gaap-ci:CostSales>
	<tw-gaap-ci:OperatingCosts contextRef="From20100101To20101231" decimals="-3" unitRef="TWD">23671057000</tw-gaap-ci:OperatingCosts>
	<tw-gaap-ci:OperatingCosts contextRef="From20090101To20091231" decimals="-3" unitRef="TWD">19807203000</tw-gaap-ci:OperatingCosts>
	<tw-gaap-ci:GrossProfitLossOperations contextRef="From20100101To20101231" decimals="-3" unitRef="TWD">3784639000</tw-gaap-ci:GrossProfitLossOperations>
	<tw-gaap-ci:GrossProfitLossOperations contextRef="From20090101To20091231" decimals="-3" unitRef="TWD">1867525000</tw-gaap-ci:GrossProfitLossOperations>
	<tw-gaap-ci:Sellingexpense contextRef="From20100101To20101231" decimals="-3" unitRef="TWD">2352349000</tw-gaap-ci:Sellingexpense>
	<tw-gaap-ci:Sellingexpense contextRef="From20090101To20091231" decimals="-3" unitRef="TWD">1941763000</tw-gaap-ci:Sellingexpense>
	<tw-gaap-ci:GeneralAdministrativeExpenses contextRef="From20100101To20101231" decimals="-3" unitRef="TWD">398955000</tw-gaap-ci:GeneralAdministrativeExpenses>
	<tw-gaap-ci:GeneralAdministrativeExpenses contextRef="From20090101To20091231" decimals="-3" unitRef="TWD">272234000</tw-gaap-ci:GeneralAdministrativeExpenses>
	<tw-gaap-ci:ResearchDevelopmentExpenses contextRef="From20100101To20101231" decimals="-3" unitRef="TWD">528026000</tw-gaap-ci:ResearchDevelopmentExpenses>
	<tw-gaap-ci:ResearchDevelopmentExpenses contextRef="From20090101To20091231" decimals="-3" unitRef="TWD">465136000</tw-gaap-ci:ResearchDevelopmentExpenses>
	<tw-gaap-ci:OperatingExpenses contextRef="From20100101To20101231" decimals="-3" unitRef="TWD">3279330000</tw-gaap-ci:OperatingExpenses>
	<tw-gaap-ci:OperatingExpenses contextRef="From20090101To20091231" decimals="-3" unitRef="TWD">2679133000</tw-gaap-ci:OperatingExpenses>
	<tw-gaap-ci:OperatingIncomeLoss contextRef="From20100101To20101231" decimals="-3" unitRef="TWD">505309000</tw-gaap-ci:OperatingIncomeLoss>
	<tw-gaap-ci:OperatingIncomeLoss contextRef="From20090101To20091231" decimals="-3" unitRef="TWD">-811608000</tw-gaap-ci:OperatingIncomeLoss>
	<tw-gaap-ci:InterestIncome contextRef="From20100101To20101231" decimals="-3" unitRef="TWD">772000</tw-gaap-ci:InterestIncome>
	<tw-gaap-ci:InterestIncome contextRef="From20090101To20091231" decimals="-3" unitRef="TWD">2285000</tw-gaap-ci:InterestIncome>
	<tw-gaap-ci:InvestmentGainsRecognizedEquityMethod contextRef="From20100101To20101231" decimals="-3" unitRef="TWD">2854846000</tw-gaap-ci:InvestmentGainsRecognizedEquityMethod>
	<tw-gaap-ci:InvestmentGainsRecognizedEquityMethod contextRef="From20090101To20091231" decimals="-3" unitRef="TWD">2445220000</tw-gaap-ci:InvestmentGainsRecognizedEquityMethod>
	<tw-gaap-ci:InvestmentGains contextRef="From20100101To20101231" decimals="-3" unitRef="TWD">2854846000</tw-gaap-ci:InvestmentGains>
	<tw-gaap-ci:InvestmentGains contextRef="From20090101To20091231" decimals="-3" unitRef="TWD">2445220000</tw-gaap-ci:InvestmentGains>
	<tw-gaap-ci:GainsDisposalFixedAssets contextRef="From20100101To20101231" decimals="-3" unitRef="TWD">0</tw-gaap-ci:GainsDisposalFixedAssets>
	<tw-gaap-ci:GainsDisposalFixedAssets contextRef="From20090101To20091231" decimals="-3" unitRef="TWD">3050000</tw-gaap-ci:GainsDisposalFixedAssets>
	<tw-gaap-ci:GainsSaleInvestments contextRef="From20100101To20101231" decimals="-3" unitRef="TWD">25380000</tw-gaap-ci:GainsSaleInvestments>
	<tw-gaap-ci:GainsSaleInvestments contextRef="From20090101To20091231" decimals="-3" unitRef="TWD">4553000</tw-gaap-ci:GainsSaleInvestments>
	<tw-gaap-ci:RevaluationGainFinancialAssets contextRef="From20100101To20101231" decimals="-3" unitRef="TWD">14838000</tw-gaap-ci:RevaluationGainFinancialAssets>
	<tw-gaap-ci:RevaluationGainFinancialAssets contextRef="From20090101To20091231" decimals="-3" unitRef="TWD">2605000</tw-gaap-ci:RevaluationGainFinancialAssets>
	<tw-gaap-ci:MiscellaneousIncome contextRef="From20100101To20101231" decimals="-3" unitRef="TWD">39721000</tw-gaap-ci:MiscellaneousIncome>
	<tw-gaap-ci:MiscellaneousIncome contextRef="From20090101To20091231" decimals="-3" unitRef="TWD">20366000</tw-gaap-ci:MiscellaneousIncome>
	<tw-gaap-ci:NonOperatingIncomeGains contextRef="From20100101To20101231" decimals="-3" unitRef="TWD">2935557000</tw-gaap-ci:NonOperatingIncomeGains>
	<tw-gaap-ci:NonOperatingIncomeGains contextRef="From20090101To20091231" decimals="-3" unitRef="TWD">2478079000</tw-gaap-ci:NonOperatingIncomeGains>
	<tw-gaap-ci:InterestExpense contextRef="From20100101To20101231" decimals="-3" unitRef="TWD">1262000</tw-gaap-ci:InterestExpense>
	<tw-gaap-ci:InterestExpense contextRef="From20090101To20091231" decimals="-3" unitRef="TWD">2984000</tw-gaap-ci:InterestExpense>
	<tw-gaap-ci:LossDisposalFixedAssets contextRef="From20100101To20101231" decimals="-3" unitRef="TWD">603000</tw-gaap-ci:LossDisposalFixedAssets>
	<tw-gaap-ci:LossDisposalFixedAssets contextRef="From20090101To20091231" decimals="-3" unitRef="TWD">6904000</tw-gaap-ci:LossDisposalFixedAssets>
	<tw-gaap-ci:ForeignExchangeLosses contextRef="From20100101To20101231" decimals="-3" unitRef="TWD">13202000</tw-gaap-ci:ForeignExchangeLosses>
	<tw-gaap-ci:ForeignExchangeLosses contextRef="From20090101To20091231" decimals="-3" unitRef="TWD">27625000</tw-gaap-ci:ForeignExchangeLosses>
	<tw-gaap-ci:OtherFinancialExpenses contextRef="From20100101To20101231" decimals="-3" unitRef="TWD">61924000</tw-gaap-ci:OtherFinancialExpenses>
	<tw-gaap-ci:OtherFinancialExpenses contextRef="From20090101To20091231" decimals="-3" unitRef="TWD">49329000</tw-gaap-ci:OtherFinancialExpenses>
	<tw-gaap-ci:FinancialExpense contextRef="From20100101To20101231" decimals="-3" unitRef="TWD">61924000</tw-gaap-ci:FinancialExpense>
	<tw-gaap-ci:FinancialExpense contextRef="From20090101To20091231" decimals="-3" unitRef="TWD">49329000</tw-gaap-ci:FinancialExpense>
	<tw-gaap-ci:ImpairmentLossAssets contextRef="From20100101To20101231" decimals="-3" unitRef="TWD">0</tw-gaap-ci:ImpairmentLossAssets>
	<tw-gaap-ci:ImpairmentLossAssets contextRef="From20090101To20091231" decimals="-3" unitRef="TWD">963472000</tw-gaap-ci:ImpairmentLossAssets>
	<tw-gaap-ci:MiscellaneousDisbursements contextRef="From20100101To20101231" decimals="-3" unitRef="TWD">19671000</tw-gaap-ci:MiscellaneousDisbursements>
	<tw-gaap-ci:MiscellaneousDisbursements contextRef="From20090101To20091231" decimals="-3" unitRef="TWD">35044000</tw-gaap-ci:MiscellaneousDisbursements>
	<tw-gaap-ci:NonOperatingExpenses contextRef="From20100101To20101231" decimals="-3" unitRef="TWD">96662000</tw-gaap-ci:NonOperatingExpenses>
	<tw-gaap-ci:NonOperatingExpenses contextRef="From20090101To20091231" decimals="-3" unitRef="TWD">1085358000</tw-gaap-ci:NonOperatingExpenses>
	<tw-gaap-ci:IncomeContinuingOperationsBeforeIncomeTax contextRef="From20100101To20101231" decimals="-3" unitRef="TWD">3344204000</tw-gaap-ci:IncomeContinuingOperationsBeforeIncomeTax>
	<tw-gaap-ci:IncomeContinuingOperationsBeforeIncomeTax contextRef="From20090101To20091231" decimals="-3" unitRef="TWD">581113000</tw-gaap-ci:IncomeContinuingOperationsBeforeIncomeTax>
	<tw-gaap-ci:IncomeTaxExpenseBenefit contextRef="From20100101To20101231" decimals="-3" unitRef="TWD">460306000</tw-gaap-ci:IncomeTaxExpenseBenefit>
	<tw-gaap-ci:IncomeTaxExpenseBenefit contextRef="From20090101To20091231" decimals="-3" unitRef="TWD">-71765000</tw-gaap-ci:IncomeTaxExpenseBenefit>
	<tw-gaap-ci:IncomeContinuingOperations contextRef="From20100101To20101231" decimals="-3" unitRef="TWD">2883898000</tw-gaap-ci:IncomeContinuingOperations>
	<tw-gaap-ci:IncomeContinuingOperations contextRef="From20090101To20091231" decimals="-3" unitRef="TWD">652878000</tw-gaap-ci:IncomeContinuingOperations>
	<tw-gaap-ci:NetIncomeLoss contextRef="From20100101To20101231" decimals="-3" unitRef="TWD">2883898000</tw-gaap-ci:NetIncomeLoss>
	<tw-gaap-ci:NetIncomeLoss contextRef="From20090101To20091231" decimals="-3" unitRef="TWD">652878000</tw-gaap-ci:NetIncomeLoss>
	<tw-gaap-ci:PrimaryEarningsPerShare contextRef="From20100101To20101231" decimals="2" unitRef="TWD">9.61</tw-gaap-ci:PrimaryEarningsPerShare>
	<tw-gaap-ci:PrimaryEarningsPerShare contextRef="From20090101To20091231" decimals="2" unitRef="TWD">2.18</tw-gaap-ci:PrimaryEarningsPerShare>
	<tw-gaap-ci:DilutedEarningsPerShare contextRef="From20100101To20101231" decimals="2" unitRef="TWD">9.60</tw-gaap-ci:DilutedEarningsPerShare>
	<tw-gaap-ci:DilutedEarningsPerShare contextRef="From20090101To20091231" decimals="2" unitRef="TWD">2.17</tw-gaap-ci:DilutedEarningsPerShare>
	<tw-gaap-ci:NetIncomeLoss_StatementCashFlows contextRef="From20100101To20101231" decimals="-3" unitRef="TWD">2883898000</tw-gaap-ci:NetIncomeLoss_StatementCashFlows>
	<tw-gaap-ci:NetIncomeLoss_StatementCashFlows contextRef="From20090101To20091231" decimals="-3" unitRef="TWD">652878000</tw-gaap-ci:NetIncomeLoss_StatementCashFlows>
	<tw-gaap-ci:DepreciationExpense-Operating contextRef="From20100101To20101231" decimals="-3" unitRef="TWD">16944000</tw-gaap-ci:DepreciationExpense-Operating>
	<tw-gaap-ci:DepreciationExpense-Operating contextRef="From20090101To20091231" decimals="-3" unitRef="TWD">29853000</tw-gaap-ci:DepreciationExpense-Operating>
	<tw-gaap-ci:AmortizationExpense-Operating contextRef="From20100101To20101231" decimals="-3" unitRef="TWD">574792000</tw-gaap-ci:AmortizationExpense-Operating>
	<tw-gaap-ci:AmortizationExpense-Operating contextRef="From20090101To20091231" decimals="-3" unitRef="TWD">857815000</tw-gaap-ci:AmortizationExpense-Operating>
	<tw-gaap-ci:ProvisionProvisionContingentServiceCost contextRef="From20100101To20101231" decimals="-3" unitRef="TWD">37055000</tw-gaap-ci:ProvisionProvisionContingentServiceCost>
	<tw-gaap-ci:ProvisionProvisionContingentServiceCost contextRef="From20090101To20091231" decimals="-3" unitRef="TWD">147000</tw-gaap-ci:ProvisionProvisionContingentServiceCost>
	<tw-gaap-ci:ChangesNetPensionCostUnappropriated contextRef="From20100101To20101231" decimals="-3" unitRef="TWD">25134000</tw-gaap-ci:ChangesNetPensionCostUnappropriated>
	<tw-gaap-ci:ChangesNetPensionCostUnappropriated contextRef="From20090101To20091231" decimals="-3" unitRef="TWD">24125000</tw-gaap-ci:ChangesNetPensionCostUnappropriated>
	<tw-gaap-ci:InvestmentLossIncomeRecognizedEquityMethod contextRef="From20100101To20101231" decimals="-3" unitRef="TWD">-2854846000</tw-gaap-ci:InvestmentLossIncomeRecognizedEquityMethod>
	<tw-gaap-ci:InvestmentLossIncomeRecognizedEquityMethod contextRef="From20090101To20091231" decimals="-3" unitRef="TWD">-2445220000</tw-gaap-ci:InvestmentLossIncomeRecognizedEquityMethod>
	<tw-gaap-ci:CashDividendsReceivedEquityMethodInvestees contextRef="From20100101To20101231" decimals="-3" unitRef="TWD">0</tw-gaap-ci:CashDividendsReceivedEquityMethodInvestees>
	<tw-gaap-ci:CashDividendsReceivedEquityMethodInvestees contextRef="From20090101To20091231" decimals="-3" unitRef="TWD">786239000</tw-gaap-ci:CashDividendsReceivedEquityMethodInvestees>
	<tw-gaap-ci:GainLossDisposalScrappingFixedAssets contextRef="From20100101To20101231" decimals="-3" unitRef="TWD">603000</tw-gaap-ci:GainLossDisposalScrappingFixedAssets>
	<tw-gaap-ci:GainLossDisposalScrappingFixedAssets contextRef="From20090101To20091231" decimals="-3" unitRef="TWD">6825000</tw-gaap-ci:GainLossDisposalScrappingFixedAssets>
	<tw-gaap-ci:DisposalScrappingIdleAssetsLossesGains contextRef="From20100101To20101231" decimals="-3" unitRef="TWD">0</tw-gaap-ci:DisposalScrappingIdleAssetsLossesGains>
	<tw-gaap-ci:DisposalScrappingIdleAssetsLossesGains contextRef="From20090101To20091231" decimals="-3" unitRef="TWD">-3050000</tw-gaap-ci:DisposalScrappingIdleAssetsLossesGains>
	<tw-gaap-ci:GainsLossesSaleInvestments contextRef="From20100101To20101231" decimals="-3" unitRef="TWD">-25380000</tw-gaap-ci:GainsLossesSaleInvestments>
	<tw-gaap-ci:GainsLossesSaleInvestments contextRef="From20090101To20091231" decimals="-3" unitRef="TWD">-4553000</tw-gaap-ci:GainsLossesSaleInvestments>
	<tw-gaap-ci:UnrealizedRevaluationGainFinancialAssetsLiabilities contextRef="From20100101To20101231" decimals="-3" unitRef="TWD">-14838000</tw-gaap-ci:UnrealizedRevaluationGainFinancialAssetsLiabilities>
	<tw-gaap-ci:UnrealizedRevaluationGainFinancialAssetsLiabilities contextRef="From20090101To20091231" decimals="-3" unitRef="TWD">-2605000</tw-gaap-ci:UnrealizedRevaluationGainFinancialAssetsLiabilities>
	<tw-gaap-ci:ImpairmentLossesNonFinancialAssets contextRef="From20100101To20101231" decimals="-3" unitRef="TWD">0</tw-gaap-ci:ImpairmentLossesNonFinancialAssets>
	<tw-gaap-ci:ImpairmentLossesNonFinancialAssets contextRef="From20090101To20091231" decimals="-3" unitRef="TWD">963472000</tw-gaap-ci:ImpairmentLossesNonFinancialAssets>
	<tw-gaap-ci:LossGainDeferredIncomeTax contextRef="From20100101To20101231" decimals="-3" unitRef="TWD">472937000</tw-gaap-ci:LossGainDeferredIncomeTax>
	<tw-gaap-ci:LossGainDeferredIncomeTax contextRef="From20090101To20091231" decimals="-3" unitRef="TWD">-91607000</tw-gaap-ci:LossGainDeferredIncomeTax>
	<tw-gaap-ci:OtherAdjustmentsReconcileNetIncomeNetCashProvidedUsedOperatingActivities contextRef="From20100101To20101231" decimals="-3" unitRef="TWD">30028000</tw-gaap-ci:OtherAdjustmentsReconcileNetIncomeNetCashProvidedUsedOperatingActivities>
	<tw-gaap-ci:OtherAdjustmentsReconcileNetIncomeNetCashProvidedUsedOperatingActivities contextRef="From20090101To20091231" decimals="-3" unitRef="TWD">24427000</tw-gaap-ci:OtherAdjustmentsReconcileNetIncomeNetCashProvidedUsedOperatingActivities>
	<tw-gaap-ci:AdjustmentsReconcileNetIncomeNetCashProvidedUsedOperatingActivities contextRef="From20100101To20101231" decimals="-3" unitRef="TWD">-1737571000</tw-gaap-ci:AdjustmentsReconcileNetIncomeNetCashProvidedUsedOperatingActivities>
	<tw-gaap-ci:AdjustmentsReconcileNetIncomeNetCashProvidedUsedOperatingActivities contextRef="From20090101To20091231" decimals="-3" unitRef="TWD">145868000</tw-gaap-ci:AdjustmentsReconcileNetIncomeNetCashProvidedUsedOperatingActivities>
	<tw-gaap-ci:ChangesFinancialAssetsHeldTrading contextRef="From20100101To20101231" decimals="-3" unitRef="TWD">-940940000</tw-gaap-ci:ChangesFinancialAssetsHeldTrading>
	<tw-gaap-ci:ChangesFinancialAssetsHeldTrading contextRef="From20090101To20091231" decimals="-3" unitRef="TWD">-1122432000</tw-gaap-ci:ChangesFinancialAssetsHeldTrading>
	<tw-gaap-ci:ChangesAccountsReceivable contextRef="From20100101To20101231" decimals="-3" unitRef="TWD">2859000</tw-gaap-ci:ChangesAccountsReceivable>
	<tw-gaap-ci:ChangesAccountsReceivable contextRef="From20090101To20091231" decimals="-3" unitRef="TWD">-564000</tw-gaap-ci:ChangesAccountsReceivable>
	<tw-gaap-ci:ChangesAccountsReceivableRelatedParties contextRef="From20100101To20101231" decimals="-3" unitRef="TWD">74131000</tw-gaap-ci:ChangesAccountsReceivableRelatedParties>
	<tw-gaap-ci:ChangesAccountsReceivableRelatedParties contextRef="From20090101To20091231" decimals="-3" unitRef="TWD">189010000</tw-gaap-ci:ChangesAccountsReceivableRelatedParties>
	<tw-gaap-ci:ChangesInventories contextRef="From20100101To20101231" decimals="-3" unitRef="TWD">-122000</tw-gaap-ci:ChangesInventories>
	<tw-gaap-ci:ChangesInventories contextRef="From20090101To20091231" decimals="-3" unitRef="TWD">-894000</tw-gaap-ci:ChangesInventories>
	<tw-gaap-ci:ChangesOtherPrepayments contextRef="From20100101To20101231" decimals="-3" unitRef="TWD">-1648000</tw-gaap-ci:ChangesOtherPrepayments>
	<tw-gaap-ci:ChangesOtherPrepayments contextRef="From20090101To20091231" decimals="-3" unitRef="TWD">22596000</tw-gaap-ci:ChangesOtherPrepayments>
	<tw-gaap-ci:ChangesOtherCurrentAssets_CI contextRef="From20100101To20101231" decimals="-3" unitRef="TWD">36632000</tw-gaap-ci:ChangesOtherCurrentAssets_CI>
	<tw-gaap-ci:ChangesOtherCurrentAssets_CI contextRef="From20090101To20091231" decimals="-3" unitRef="TWD">35132000</tw-gaap-ci:ChangesOtherCurrentAssets_CI>
	<tw-gaap-ci:ChangesOtherFinancialAssets_CI contextRef="From20100101To20101231" decimals="-3" unitRef="TWD">-560090000</tw-gaap-ci:ChangesOtherFinancialAssets_CI>
	<tw-gaap-ci:ChangesOtherFinancialAssets_CI contextRef="From20090101To20091231" decimals="-3" unitRef="TWD">8032000</tw-gaap-ci:ChangesOtherFinancialAssets_CI>
	<tw-gaap-ci:ChangesOperatingAssets contextRef="From20100101To20101231" decimals="-3" unitRef="TWD">-1389178000</tw-gaap-ci:ChangesOperatingAssets>
	<tw-gaap-ci:ChangesOperatingAssets contextRef="From20090101To20091231" decimals="-3" unitRef="TWD">-869120000</tw-gaap-ci:ChangesOperatingAssets>
	<tw-gaap-ci:ChangesAccountsPayable contextRef="From20100101To20101231" decimals="-3" unitRef="TWD">78542000</tw-gaap-ci:ChangesAccountsPayable>
	<tw-gaap-ci:ChangesAccountsPayable contextRef="From20090101To20091231" decimals="-3" unitRef="TWD">-41409000</tw-gaap-ci:ChangesAccountsPayable>
	<tw-gaap-ci:ChangesAccountsPayableRelatedParties contextRef="From20100101To20101231" decimals="-3" unitRef="TWD">241609000</tw-gaap-ci:ChangesAccountsPayableRelatedParties>
	<tw-gaap-ci:ChangesAccountsPayableRelatedParties contextRef="From20090101To20091231" decimals="-3" unitRef="TWD">178570000</tw-gaap-ci:ChangesAccountsPayableRelatedParties>
	<tw-gaap-ci:ChangesIncomeTaxPayable contextRef="From20100101To20101231" decimals="-3" unitRef="TWD">-22429000</tw-gaap-ci:ChangesIncomeTaxPayable>
	<tw-gaap-ci:ChangesIncomeTaxPayable contextRef="From20090101To20091231" decimals="-3" unitRef="TWD">-13848000</tw-gaap-ci:ChangesIncomeTaxPayable>
	<tw-gaap-ci:ChangesAccruedExpenses contextRef="From20100101To20101231" decimals="-3" unitRef="TWD">174185000</tw-gaap-ci:ChangesAccruedExpenses>
	<tw-gaap-ci:ChangesAccruedExpenses contextRef="From20090101To20091231" decimals="-3" unitRef="TWD">-10654000</tw-gaap-ci:ChangesAccruedExpenses>
	<tw-gaap-ci:ChangesOtherCurrentLiabilities_CI contextRef="From20100101To20101231" decimals="-3" unitRef="TWD">1987000</tw-gaap-ci:ChangesOtherCurrentLiabilities_CI>
	<tw-gaap-ci:ChangesOtherCurrentLiabilities_CI contextRef="From20090101To20091231" decimals="-3" unitRef="TWD">-16075000</tw-gaap-ci:ChangesOtherCurrentLiabilities_CI>
	<tw-gaap-ci:ChangesOperatingLiabilities contextRef="From20100101To20101231" decimals="-3" unitRef="TWD">473894000</tw-gaap-ci:ChangesOperatingLiabilities>
	<tw-gaap-ci:ChangesOperatingLiabilities contextRef="From20090101To20091231" decimals="-3" unitRef="TWD">96584000</tw-gaap-ci:ChangesOperatingLiabilities>
	<tw-gaap-ci:ChangesOperatingAssetsLiabilities contextRef="From20100101To20101231" decimals="-3" unitRef="TWD">-915284000</tw-gaap-ci:ChangesOperatingAssetsLiabilities>
	<tw-gaap-ci:ChangesOperatingAssetsLiabilities contextRef="From20090101To20091231" decimals="-3" unitRef="TWD">-772536000</tw-gaap-ci:ChangesOperatingAssetsLiabilities>
	<tw-gaap-ci:NetCashProvidedUsedOperatingActivities contextRef="From20100101To20101231" decimals="-3" unitRef="TWD">231043000</tw-gaap-ci:NetCashProvidedUsedOperatingActivities>
	<tw-gaap-ci:NetCashProvidedUsedOperatingActivities contextRef="From20090101To20091231" decimals="-3" unitRef="TWD">26210000</tw-gaap-ci:NetCashProvidedUsedOperatingActivities>
	<tw-gaap-ci:AcquisitionPropertyPlantEquipment contextRef="From20100101To20101231" decimals="-3" unitRef="TWD">-8847000</tw-gaap-ci:AcquisitionPropertyPlantEquipment>
	<tw-gaap-ci:AcquisitionPropertyPlantEquipment contextRef="From20090101To20091231" decimals="-3" unitRef="TWD">-13890000</tw-gaap-ci:AcquisitionPropertyPlantEquipment>
	<tw-gaap-ci:ProceedsDisposalPropertyPlantEquipment contextRef="From20100101To20101231" decimals="-3" unitRef="TWD">0</tw-gaap-ci:ProceedsDisposalPropertyPlantEquipment>
	<tw-gaap-ci:ProceedsDisposalPropertyPlantEquipment contextRef="From20090101To20091231" decimals="-3" unitRef="TWD">3143000</tw-gaap-ci:ProceedsDisposalPropertyPlantEquipment>
	<tw-gaap-ci:ProceedsDisposalRentalAssetsIdleAssets contextRef="From20100101To20101231" decimals="-3" unitRef="TWD">0</tw-gaap-ci:ProceedsDisposalRentalAssetsIdleAssets>
	<tw-gaap-ci:ProceedsDisposalRentalAssetsIdleAssets contextRef="From20090101To20091231" decimals="-3" unitRef="TWD">21629000</tw-gaap-ci:ProceedsDisposalRentalAssetsIdleAssets>
	<tw-gaap-ci:ChangesRefundableDeposits contextRef="From20100101To20101231" decimals="-3" unitRef="TWD">4680000</tw-gaap-ci:ChangesRefundableDeposits>
	<tw-gaap-ci:ChangesRefundableDeposits contextRef="From20090101To20091231" decimals="-3" unitRef="TWD">-1495000</tw-gaap-ci:ChangesRefundableDeposits>
	<tw-gaap-ci:IncreaseDeferredCharges contextRef="From20100101To20101231" decimals="-3" unitRef="TWD">-240507000</tw-gaap-ci:IncreaseDeferredCharges>
	<tw-gaap-ci:IncreaseDeferredCharges contextRef="From20090101To20091231" decimals="-3" unitRef="TWD">-398701000</tw-gaap-ci:IncreaseDeferredCharges>
	<tw-gaap-ci:NetCashProvidedUsedInvestingActivities contextRef="From20100101To20101231" decimals="-3" unitRef="TWD">-244674000</tw-gaap-ci:NetCashProvidedUsedInvestingActivities>
	<tw-gaap-ci:NetCashProvidedUsedInvestingActivities contextRef="From20090101To20091231" decimals="-3" unitRef="TWD">-389314000</tw-gaap-ci:NetCashProvidedUsedInvestingActivities>
	<tw-gaap-ci:NetChangesCashCashEquivalents contextRef="From20100101To20101231" decimals="-3" unitRef="TWD">-13631000</tw-gaap-ci:NetChangesCashCashEquivalents>
	<tw-gaap-ci:NetChangesCashCashEquivalents contextRef="From20090101To20091231" decimals="-3" unitRef="TWD">-363104000</tw-gaap-ci:NetChangesCashCashEquivalents>
	<tw-gaap-ci:CashCashEquivalents contextRef="AsOf20100101" decimals="-3" unitRef="TWD">690758000</tw-gaap-ci:CashCashEquivalents>
	<tw-gaap-ci:CashCashEquivalents contextRef="AsOf20090101" decimals="-3" unitRef="TWD">1053862000</tw-gaap-ci:CashCashEquivalents>
	<tw-gaap-ci:InterestPaid contextRef="From20100101To20101231" decimals="-3" unitRef="TWD">1256000</tw-gaap-ci:InterestPaid>
	<tw-gaap-ci:InterestPaid contextRef="From20090101To20091231" decimals="-3" unitRef="TWD">2984000</tw-gaap-ci:InterestPaid>
	<tw-gaap-ci:InterestPaidExcludingCapitalizedInterest contextRef="From20100101To20101231" decimals="-3" unitRef="TWD">1256000</tw-gaap-ci:InterestPaidExcludingCapitalizedInterest>
	<tw-gaap-ci:InterestPaidExcludingCapitalizedInterest contextRef="From20090101To20091231" decimals="-3" unitRef="TWD">2984000</tw-gaap-ci:InterestPaidExcludingCapitalizedInterest>
	<tw-gaap-ci:IncomeTaxPaid contextRef="From20100101To20101231" decimals="-3" unitRef="TWD">9834000</tw-gaap-ci:IncomeTaxPaid>
	<tw-gaap-ci:IncomeTaxPaid contextRef="From20090101To20091231" decimals="-3" unitRef="TWD">33691000</tw-gaap-ci:IncomeTaxPaid>
	<tw-gaap-ci:BeginningBalanceMember contextRef="AsOf20101231_CommonStockValueMember" decimals="-3" unitRef="TWD">3000000000</tw-gaap-ci:BeginningBalanceMember>
	<tw-gaap-ci:BeginningBalanceMember contextRef="AsOf20101231_CapitalStockMember" decimals="-3" unitRef="TWD">3000000000</tw-gaap-ci:BeginningBalanceMember>
	<tw-gaap-ci:BeginningBalanceMember contextRef="AsOf20101231_CapitalSurplusMember" decimals="-3" unitRef="TWD">5988968000</tw-gaap-ci:BeginningBalanceMember>
	<tw-gaap-ci:BeginningBalanceMember contextRef="AsOf20101231_LegalReserveMember" decimals="-3" unitRef="TWD">1028005000</tw-gaap-ci:BeginningBalanceMember>
	<tw-gaap-ci:BeginningBalanceMember contextRef="AsOf20101231_SpecialReserveMember" decimals="-3" unitRef="TWD">379840000</tw-gaap-ci:BeginningBalanceMember>
	<tw-gaap-ci:BeginningBalanceMember contextRef="AsOf20101231_UnappropriatedRetainedEarningsMember" decimals="-3" unitRef="TWD">3667054000</tw-gaap-ci:BeginningBalanceMember>
	<tw-gaap-ci:BeginningBalanceMember contextRef="AsOf20101231_RetainedEarningsMember" decimals="-3" unitRef="TWD">5074899000</tw-gaap-ci:BeginningBalanceMember>
	<tw-gaap-ci:BeginningBalanceMember contextRef="AsOf20101231_CumulativeTranslationAdjustmentsMember" decimals="-3" unitRef="TWD">1206273000</tw-gaap-ci:BeginningBalanceMember>
	<tw-gaap-ci:BeginningBalanceMember contextRef="AsOf20101231_StockholdersEquitiesAdjustmentsMember" decimals="-3" unitRef="TWD">1206273000</tw-gaap-ci:BeginningBalanceMember>
	<tw-gaap-ci:BeginningBalanceMember contextRef="AsOf20101231_TotalStockholdersEquitiesMember" decimals="-3" unitRef="TWD">15270140000</tw-gaap-ci:BeginningBalanceMember>
	<tw-gaap-ci:NetIncomeLossMember contextRef="From20100101To20101231_UnappropriatedRetainedEarningsMember" decimals="-3" unitRef="TWD">2883898000</tw-gaap-ci:NetIncomeLossMember>
	<tw-gaap-ci:NetIncomeLossMember contextRef="From20100101To20101231_RetainedEarningsMember" decimals="-3" unitRef="TWD">2883898000</tw-gaap-ci:NetIncomeLossMember>
	<tw-gaap-ci:NetIncomeLossMember contextRef="From20100101To20101231_TotalStockholdersEquitiesMember" decimals="-3" unitRef="TWD">2883898000</tw-gaap-ci:NetIncomeLossMember>
	<tw-gaap-ci:LegalReserveAppropriatedMember contextRef="From20100101To20101231_LegalReserveMember" decimals="-3" unitRef="TWD">65288000</tw-gaap-ci:LegalReserveAppropriatedMember>
	<tw-gaap-ci:LegalReserveAppropriatedMember contextRef="From20100101To20101231_UnappropriatedRetainedEarningsMember" decimals="-3" unitRef="TWD">-65288000</tw-gaap-ci:LegalReserveAppropriatedMember>
	<tw-gaap-ci:LegalReserveAppropriatedMember contextRef="From20100101To20101231_RetainedEarningsMember" decimals="-3" unitRef="TWD">0</tw-gaap-ci:LegalReserveAppropriatedMember>
	<tw-gaap-ci:LegalReserveAppropriatedMember contextRef="From20100101To20101231_TotalStockholdersEquitiesMember" decimals="-3" unitRef="TWD">0</tw-gaap-ci:LegalReserveAppropriatedMember>
	<tw-gaap-ci:RetainedEarningsTransferredCapitalMember contextRef="From20100101To20101231_TotalStockholdersEquitiesMember" decimals="-3" unitRef="TWD">0</tw-gaap-ci:RetainedEarningsTransferredCapitalMember>
	<tw-gaap-ci:ChangesForeignExchangeGainLossTranslationForeignCurrencyFinancialStatementsMember contextRef="From20100101To20101231_CumulativeTranslationAdjustmentsMember" decimals="-3" unitRef="TWD">-988694000</tw-gaap-ci:ChangesForeignExchangeGainLossTranslationForeignCurrencyFinancialStatementsMember>
	<tw-gaap-ci:ChangesForeignExchangeGainLossTranslationForeignCurrencyFinancialStatementsMember contextRef="From20100101To20101231_StockholdersEquitiesAdjustmentsMember" decimals="-3" unitRef="TWD">-988694000</tw-gaap-ci:ChangesForeignExchangeGainLossTranslationForeignCurrencyFinancialStatementsMember>
	<tw-gaap-ci:ChangesForeignExchangeGainLossTranslationForeignCurrencyFinancialStatementsMember contextRef="From20100101To20101231_TotalStockholdersEquitiesMember" decimals="-3" unitRef="TWD">-988694000</tw-gaap-ci:ChangesForeignExchangeGainLossTranslationForeignCurrencyFinancialStatementsMember>
	<tw-gaap-ci:ChangesEquitiesRelatedNoncurrentAssetsClassifiedHeldSaleMember contextRef="From20100101To20101231_TotalStockholdersEquitiesMember" decimals="-3" unitRef="TWD">0</tw-gaap-ci:ChangesEquitiesRelatedNoncurrentAssetsClassifiedHeldSaleMember>
	<tw-gaap-ci:ChangesEquitiesLong-termInvestmentsMember contextRef="From20100101To20101231_TotalStockholdersEquitiesMember" decimals="-3" unitRef="TWD">0</tw-gaap-ci:ChangesEquitiesLong-termInvestmentsMember>
	<tw-gaap-ci:ChangesPrepaidPreferredStockConstructionDividendMember contextRef="From20100101To20101231_TotalStockholdersEquitiesMember" decimals="-3" unitRef="TWD">0</tw-gaap-ci:ChangesPrepaidPreferredStockConstructionDividendMember>
	<tw-gaap-ci:OthersMember contextRef="From20100101To20101231_TotalStockholdersEquitiesMember" decimals="-3" unitRef="TWD">0</tw-gaap-ci:OthersMember>
	<tw-gaap-ci:ChangesMember contextRef="From20100101To20101231_LegalReserveMember" decimals="-3" unitRef="TWD">65288000</tw-gaap-ci:ChangesMember>
	<tw-gaap-ci:ChangesMember contextRef="From20100101To20101231_UnappropriatedRetainedEarningsMember" decimals="-3" unitRef="TWD">2818610000</tw-gaap-ci:ChangesMember>
	<tw-gaap-ci:ChangesMember contextRef="From20100101To20101231_RetainedEarningsMember" decimals="-3" unitRef="TWD">2883898000</tw-gaap-ci:ChangesMember>
	<tw-gaap-ci:ChangesMember contextRef="From20100101To20101231_CumulativeTranslationAdjustmentsMember" decimals="-3" unitRef="TWD">-988694000</tw-gaap-ci:ChangesMember>
	<tw-gaap-ci:ChangesMember contextRef="From20100101To20101231_StockholdersEquitiesAdjustmentsMember" decimals="-3" unitRef="TWD">-988694000</tw-gaap-ci:ChangesMember>
	<tw-gaap-ci:ChangesMember contextRef="From20100101To20101231_TotalStockholdersEquitiesMember" decimals="-3" unitRef="TWD">1895204000</tw-gaap-ci:ChangesMember>
	<tw-gaap-ci:EndYear contextRef="AsOf20101231_CommonStockValueMember" decimals="-3" unitRef="TWD">3000000000</tw-gaap-ci:EndYear>
	<tw-gaap-ci:EndYear contextRef="AsOf20101231_CapitalStockMember" decimals="-3" unitRef="TWD">3000000000</tw-gaap-ci:EndYear>
	<tw-gaap-ci:EndYear contextRef="AsOf20101231_CapitalSurplusMember" decimals="-3" unitRef="TWD">5988968000</tw-gaap-ci:EndYear>
	<tw-gaap-ci:EndYear contextRef="AsOf20101231_LegalReserveMember" decimals="-3" unitRef="TWD">1093293000</tw-gaap-ci:EndYear>
	<tw-gaap-ci:EndYear contextRef="AsOf20101231_SpecialReserveMember" decimals="-3" unitRef="TWD">379840000</tw-gaap-ci:EndYear>
	<tw-gaap-ci:EndYear contextRef="AsOf20101231_UnappropriatedRetainedEarningsMember" decimals="-3" unitRef="TWD">6485664000</tw-gaap-ci:EndYear>
	<tw-gaap-ci:EndYear contextRef="AsOf20101231_RetainedEarningsMember" decimals="-3" unitRef="TWD">7958797000</tw-gaap-ci:EndYear>
	<tw-gaap-ci:EndYear contextRef="AsOf20101231_CumulativeTranslationAdjustmentsMember" decimals="-3" unitRef="TWD">217579000</tw-gaap-ci:EndYear>
	<tw-gaap-ci:EndYear contextRef="AsOf20101231_StockholdersEquitiesAdjustmentsMember" decimals="-3" unitRef="TWD">217579000</tw-gaap-ci:EndYear>
	<tw-gaap-ci:EndYear contextRef="AsOf20101231_TotalStockholdersEquitiesMember" decimals="-3" unitRef="TWD">17165344000</tw-gaap-ci:EndYear>
	<tw-gaap-ci:BeginningBalanceMember contextRef="AsOf20091231_CommonStockValueMember" decimals="-3" unitRef="TWD">3000000000</tw-gaap-ci:BeginningBalanceMember>
	<tw-gaap-ci:BeginningBalanceMember contextRef="AsOf20091231_CapitalStockMember" decimals="-3" unitRef="TWD">3000000000</tw-gaap-ci:BeginningBalanceMember>
	<tw-gaap-ci:BeginningBalanceMember contextRef="AsOf20091231_CapitalSurplusMember" decimals="-3" unitRef="TWD">5988968000</tw-gaap-ci:BeginningBalanceMember>
	<tw-gaap-ci:BeginningBalanceMember contextRef="AsOf20091231_LegalReserveMember" decimals="-3" unitRef="TWD">977573000</tw-gaap-ci:BeginningBalanceMember>
	<tw-gaap-ci:BeginningBalanceMember contextRef="AsOf20091231_SpecialReserveMember" decimals="-3" unitRef="TWD">379840000</tw-gaap-ci:BeginningBalanceMember>
	<tw-gaap-ci:BeginningBalanceMember contextRef="AsOf20091231_UnappropriatedRetainedEarningsMember" decimals="-3" unitRef="TWD">3064608000</tw-gaap-ci:BeginningBalanceMember>
	<tw-gaap-ci:BeginningBalanceMember contextRef="AsOf20091231_RetainedEarningsMember" decimals="-3" unitRef="TWD">4422021000</tw-gaap-ci:BeginningBalanceMember>
	<tw-gaap-ci:BeginningBalanceMember contextRef="AsOf20091231_CumulativeTranslationAdjustmentsMember" decimals="-3" unitRef="TWD">1674860000</tw-gaap-ci:BeginningBalanceMember>
	<tw-gaap-ci:BeginningBalanceMember contextRef="AsOf20091231_StockholdersEquitiesAdjustmentsMember" decimals="-3" unitRef="TWD">1674860000</tw-gaap-ci:BeginningBalanceMember>
	<tw-gaap-ci:BeginningBalanceMember contextRef="AsOf20091231_TotalStockholdersEquitiesMember" decimals="-3" unitRef="TWD">15085849000</tw-gaap-ci:BeginningBalanceMember>
	<tw-gaap-ci:NetIncomeLossMember contextRef="From20090101To20091231_UnappropriatedRetainedEarningsMember" decimals="-3" unitRef="TWD">652878000</tw-gaap-ci:NetIncomeLossMember>
	<tw-gaap-ci:NetIncomeLossMember contextRef="From20090101To20091231_RetainedEarningsMember" decimals="-3" unitRef="TWD">652878000</tw-gaap-ci:NetIncomeLossMember>
	<tw-gaap-ci:NetIncomeLossMember contextRef="From20090101To20091231_TotalStockholdersEquitiesMember" decimals="-3" unitRef="TWD">652878000</tw-gaap-ci:NetIncomeLossMember>
	<tw-gaap-ci:LegalReserveAppropriatedMember contextRef="From20090101To20091231_LegalReserveMember" decimals="-3" unitRef="TWD">50432000</tw-gaap-ci:LegalReserveAppropriatedMember>
	<tw-gaap-ci:LegalReserveAppropriatedMember contextRef="From20090101To20091231_UnappropriatedRetainedEarningsMember" decimals="-3" unitRef="TWD">-50432000</tw-gaap-ci:LegalReserveAppropriatedMember>
	<tw-gaap-ci:LegalReserveAppropriatedMember contextRef="From20090101To20091231_RetainedEarningsMember" decimals="-3" unitRef="TWD">0</tw-gaap-ci:LegalReserveAppropriatedMember>
	<tw-gaap-ci:LegalReserveAppropriatedMember contextRef="From20090101To20091231_TotalStockholdersEquitiesMember" decimals="-3" unitRef="TWD">0</tw-gaap-ci:LegalReserveAppropriatedMember>
	<tw-gaap-ci:ChangesForeignExchangeGainLossTranslationForeignCurrencyFinancialStatementsMember contextRef="From20090101To20091231_CumulativeTranslationAdjustmentsMember" decimals="-3" unitRef="TWD">-468587000</tw-gaap-ci:ChangesForeignExchangeGainLossTranslationForeignCurrencyFinancialStatementsMember>
	<tw-gaap-ci:ChangesForeignExchangeGainLossTranslationForeignCurrencyFinancialStatementsMember contextRef="From20090101To20091231_StockholdersEquitiesAdjustmentsMember" decimals="-3" unitRef="TWD">-468587000</tw-gaap-ci:ChangesForeignExchangeGainLossTranslationForeignCurrencyFinancialStatementsMember>
	<tw-gaap-ci:ChangesForeignExchangeGainLossTranslationForeignCurrencyFinancialStatementsMember contextRef="From20090101To20091231_TotalStockholdersEquitiesMember" decimals="-3" unitRef="TWD">-468587000</tw-gaap-ci:ChangesForeignExchangeGainLossTranslationForeignCurrencyFinancialStatementsMember>
	<tw-gaap-ci:ChangesMember contextRef="From20090101To20091231_LegalReserveMember" decimals="-3" unitRef="TWD">50432000</tw-gaap-ci:ChangesMember>
	<tw-gaap-ci:ChangesMember contextRef="From20090101To20091231_UnappropriatedRetainedEarningsMember" decimals="-3" unitRef="TWD">602446000</tw-gaap-ci:ChangesMember>
	<tw-gaap-ci:ChangesMember contextRef="From20090101To20091231_RetainedEarningsMember" decimals="-3" unitRef="TWD">652878000</tw-gaap-ci:ChangesMember>
	<tw-gaap-ci:ChangesMember contextRef="From20090101To20091231_CumulativeTranslationAdjustmentsMember" decimals="-3" unitRef="TWD">-468587000</tw-gaap-ci:ChangesMember>
	<tw-gaap-ci:ChangesMember contextRef="From20090101To20091231_StockholdersEquitiesAdjustmentsMember" decimals="-3" unitRef="TWD">-468587000</tw-gaap-ci:ChangesMember>
	<tw-gaap-ci:ChangesMember contextRef="From20090101To20091231_TotalStockholdersEquitiesMember" decimals="-3" unitRef="TWD">184291000</tw-gaap-ci:ChangesMember>
	<tw-gaap-ci:EndYear contextRef="AsOf20091231_CommonStockValueMember" decimals="-3" unitRef="TWD">3000000000</tw-gaap-ci:EndYear>
	<tw-gaap-ci:EndYear contextRef="AsOf20091231_CapitalStockMember" decimals="-3" unitRef="TWD">3000000000</tw-gaap-ci:EndYear>
	<tw-gaap-ci:EndYear contextRef="AsOf20091231_CapitalSurplusMember" decimals="-3" unitRef="TWD">5988968000</tw-gaap-ci:EndYear>
	<tw-gaap-ci:EndYear contextRef="AsOf20091231_LegalReserveMember" decimals="-3" unitRef="TWD">1028005000</tw-gaap-ci:EndYear>
	<tw-gaap-ci:EndYear contextRef="AsOf20091231_SpecialReserveMember" decimals="-3" unitRef="TWD">379840000</tw-gaap-ci:EndYear>
	<tw-gaap-ci:EndYear contextRef="AsOf20091231_UnappropriatedRetainedEarningsMember" decimals="-3" unitRef="TWD">3667054000</tw-gaap-ci:EndYear>
	<tw-gaap-ci:EndYear contextRef="AsOf20091231_RetainedEarningsMember" decimals="-3" unitRef="TWD">5074899000</tw-gaap-ci:EndYear>
	<tw-gaap-ci:EndYear contextRef="AsOf20091231_CumulativeTranslationAdjustmentsMember" decimals="-3" unitRef="TWD">1206273000</tw-gaap-ci:EndYear>
	<tw-gaap-ci:EndYear contextRef="AsOf20091231_StockholdersEquitiesAdjustmentsMember" decimals="-3" unitRef="TWD">1206273000</tw-gaap-ci:EndYear>
	<tw-gaap-ci:EndYear contextRef="AsOf20091231_TotalStockholdersEquitiesMember" decimals="-3" unitRef="TWD">15270140000</tw-gaap-ci:EndYear>
	<tw-gaap-ar:AccountantName contextRef="AsOf20110224">勤業眾信聯合會計師事務所</tw-gaap-ar:AccountantName>
	<tw-gaap-ar:AssuranceAccountantName1 contextRef="AsOf20110224">吳恩銘</tw-gaap-ar:AssuranceAccountantName1>
	<tw-gaap-ar:AssuranceAccountantName2 contextRef="AsOf20110224">謝建新</tw-gaap-ar:AssuranceAccountantName2>
	<tw-gaap-ar:ReviewAuditDate contextRef="AsOf20110224">2011-02-24</tw-gaap-ar:ReviewAuditDate>
	<tw-gaap-ar:AuditReport contextRef="AsOf20110224">Y</tw-gaap-ar:AuditReport>
	<tw-gaap-ar:UnqualifiedOpinionAbstract contextRef="AsOf20110224">Y</tw-gaap-ar:UnqualifiedOpinionAbstract>
	<tw-gaap-ar:DescriptionEmphasizeItemBody contextRef="AsOf20110224"><![CDATA[]]></tw-gaap-ar:DescriptionEmphasizeItemBody>
	<tw-gaap-ar:DescriptionOtherItemBody contextRef="AsOf20110224"><![CDATA[]]></tw-gaap-ar:DescriptionOtherItemBody>
	<tw-gaap-ar:AccountantsReportBody contextRef="AsOf20110224"><![CDATA[會計師查核報告

裕隆日產汽車股份有限公司　公鑒：

　　裕隆日產汽車股份有限公司民國九十九年及九十八年十二月三十一日之
資產負債表，暨民國九十九年及九十八年一月一日至十二月三十一日之損益
表、股東權益變動表及現金流量表，業經本會計師查核竣事。上開財務報表
之編製係管理階層之責任，本會計師之責任則為根據查核結果對上開財務報
表表示意見。
　　本會計師係依照會計師查核簽證財務報表規則及一般公認審計準則規劃
並執行查核工作，以合理確信財務報表有無重大不實表達。此項查核工作包
括以抽查方式獲取財務報表所列金額及所揭露事項之查核證據、評估管理階
層編製財務報表所採用之會計原則及所作之重大會計估計，暨評估財務報表
整體之表達。本會計師相信此項查核工作可對所表示之意見提供合理之依據。
　　依本會計師之意見，第一段所述財務報表在所有重大方面係依照證券發
行人財務報告編製準則、商業會計法及商業會計處理準則中與財務會計準則
相關之規定暨一般公認會計原則編製，足以允當表達裕隆日產汽車股份有限
公司民國九十九年及九十八年十二月三十一日之財務狀況，暨民國九十九年
及九十八年一月一日至十二月三十一日之經營成果與現金流量。
　　如財務報表附註三所述，裕隆日產汽車股份有限公司自民國九十八年一
月一日起，採用新修訂之財務會計準則公報第十號「存貨之會計處理準則」。


　　裕隆日產汽車股份有限公司民國九十九年度財務報表重要會計科目明細
表，主要係供補充分析之用，亦經本會計師採用第二段所述之查核程序予以
查核。據本會計師之意見，該等科目明細表在所有重大方面與第一段所述財
務報表相關資訊一致。
　　裕隆日產汽車股份有限公司已編製民國九十九年度之合併財務報表，並
經本會計師出具無保留意見之查核報告在案，備供參考。








勤業眾信聯合會計師事務所
會 計 師　　吳　　恩　　銘　　　　　　  會 計 師　　謝　　建　　新　　　　


財政部證券暨期貨管理委員會核准文號　　財政部證券暨期貨管理委員會核准文號
　台財證六字第0920123784號　　　　　  　台財證六字第0920123784號　　　　


中　　　華　　　民　　　國　　一○○　　年　　二　　月　　二十四　　日
]]></tw-gaap-ar:AccountantsReportBody>
	<tw-gaap-notes:FinancialReportNotes contextRef="From20100101To20101231"><![CDATA[http://doc.twse.com.tw/server-java/t57sb01?step=1&colorchg=1&co_id=2227&year=99&seamon=4&mtype=A&]]></tw-gaap-notes:FinancialReportNotes>
	<tw-gaap-notes:OrganizationAndOperations contextRef="From20100101To20101231"><![CDATA[　　裕隆汽車製造股份有限公司（裕隆汽車製造公司）為提高競爭力
及積極參與國際分工並落實專業經營，將研發及銷售等相關業務依企
業併購法規定分割設立本公司，並以九十二年十月一日為分割基準日。
　　本公司設立時原由裕隆汽車製造公司百分之百持股，裕隆汽車製
造公司於九十二年十月三十日將本公司40%股權轉讓予日商日產自動
車株式會社（以下簡稱日商日產）。本公司於九十三年十月六日通過台
灣證券交易所股票簡易上市審議，並於同年十二月二十一日本公司股
票正式掛牌上市。
　　本公司九十九及九十八年底員工人數分別為408人及418人。
]]></tw-gaap-notes:OrganizationAndOperations>
	<tw-gaap-notes:SummaryOfSignificantAccountingPolicies contextRef="From20100101To20101231"><![CDATA[　　本財務報表係依照證券發行人財務報告編製準則、商業會計法、
商業會計處理準則及一般公認會計原則編製。因是本公司對於呆帳、
存貨跌價損失、固定資產折舊、遞延費用攤銷、保固準備、退休金以
及員工分紅等之提列，必須使用合理之估計金額，因估計通常係在不
確定情況下作成之判斷，因此可能與將來實際結果有所差異。重要會
計政策彙總說明如下：
資產與負債區分流動與非流動之標準
　　流動資產包括現金或約當現金、主要為交易目的而持有之資產及
預期於資產負債表日後十二個月內變現或耗用之資產，資產不屬於流
動資產者為非流動資產。流動負債為須於資產負債表日後十二個月內
清償之負債，負債不屬於流動負債者為非流動負債。

約當現金
　　約當現金係自投資日起三個月內到期之商業本票，其帳面價值近
似公平價值。
公平價值變動列入損益之金融商品
　　公平價值變動列入損益之金融商品係交易目的之金融資產或金融
負債。本公司成為金融商品合約之ㄧ方時，認列金融資產或金融負債；
對於合約權利喪失控制時，除列金融資產；於合約規定之義務解除、
取消或到期而使金融負債消滅時，除列金融負債。
　　原始認列時，係以公平價值加計交易成本衡量，續後評價時，以
公平價值衡量且公平價值變動認列為當年度損益。投資金融資產後所
收到之現金股利（含投資年度收到者）列為當年度收益。依慣例交易
購買或出售金融資產時，採用交易日會計處理。
　　公平價值之基礎：基金受益憑證係資產負債表日之淨資產價值及
贖回參考價值。
收入認列及應收帳款、備抵呆帳
　　銷貨收入係於貨物之所有權及風險移轉予客戶時認列，因其獲利
過程大部分已完成，且已實現或可實現。
　　銷貨收入係按本公司與買方所協議交易對價（考量商業折扣及數
量折扣後）之公平價值衡量；惟銷貨收入之對價為一年期以內之應收
款時，其公平價值與到期值差異不大且交易量頻繁，則不按設算利率
計算公平價值。
　　備抵呆帳係按應收款項之收回可能性評估提列。
存　　貨
　　存貨係以加權平均成本與淨變現價值孰低計價，比較成本與淨變
現價值時除同類別存貨外係以個別項目為基礎。淨變現價值係指在正
常情況下之估計售價減除尚需投入之成本及銷售費用後之餘額，銷貨
成本包括已出售存貨之成本、保固成本、進貨承諾損失及存貨跌價損
失等。

採權益法之長期股權投資
　　長期股權投資採權益法計價者，係以投資成本加（或減）按持股
比例認列被投資公司之純益（或純損）計算。被投資公司發生純益（或
純損）時，認列投資利益（或損失）；發放現金股利時則作為投資減項。
被投資公司增發新股時，因未按持股比例認購，所產生之股權淨值變
動，則調整資本公積或保留盈餘。
　　被投資公司發放股票股利時，不列為投資收益，僅註記股數增加，
並按收到股票股利後之總股數，重新計算每股成本或帳面價值。股票
出售時成本係按加權平均法計算。
　　於資產負債表日評估是否有減損跡象，若有客觀證據顯示業已減
損，就其減損部分認列為當年度損失。
固定資產
　　固定資產係以成本減累積折舊計價。重大改良及更新作為資本支
出；修理及維護支出，則作為當年度費用。
　　固定資產之折舊係按直線法，依下列耐用年數計提：機器設備，
三至十五年；運輸設備，四至五年；工具設備，二至五年；電腦設備，
二至五年；什項設備，二至十五年；租賃改良物，三至五年。
　　固定資產出售或報廢時，其相關成本及累積折舊均自帳上予以減
除，因而產生之損益，依其性質列為當年度之營業外利益或損失。
　　倘固定資產以其相關可回收金額衡量帳面價值有重大減損時，就
其減損部分認列損失。嗣後若固定資產相關可回收金額增加時，將減
損損失之迴轉認列為利益，惟固定資產於減損損失迴轉後之帳面價
值，不得超過該項資產在未認列減損損失之情況下，減除應提列折舊
後之帳面價值。
遞延費用
　　遞延費用係按下列方式攤銷：外包模具及模夾檢具按生產成車台
數攤銷；其他遞延費用按三年平均攤銷。
　　倘遞延費用以其相關可回收金額衡量帳面價值有重大減損時，就
其減損部分認列損失。嗣後若遞延費用相關可回收金額增加時，將減
損損失之迴轉認列為利益，惟遞延費用於減損損失迴轉後之帳面價
值，不得超過該項資產在未認列減損損失之情況下，減除應提列攤銷
後之帳面價值。
閒置資產
　　已停止使用而閒置之機器設備、運輸設備、什項設備、租賃改良
物及電腦軟體等按淨公平價值與帳面價值孰低評價後轉列閒置資產，
並續提折舊及攤銷費用列為營業外費用及損失。
退休金
　　屬確定給付退休辦法之退休金係按精算結果認列，未認列過渡性
淨給付義務按十五年攤銷，前期服務成本及退休金損益則按員工平均
剩餘服務年限，採直線法攤銷，發生縮減或清償時，將縮減或清償損
益列入當年度之淨退休金成本；屬確定提撥退休辦法之退休金，係於
員工提供服務之期間，將應提撥之退休金數額認列為當年度費用。
保固準備
　　保固準備係就產品保固期間內，估計可能發生之免費服務成本所
提列之準備。
所得稅
　　所得稅係作跨期間與同期間之所得稅分攤，即將可減除暫時性差
異、未使用以前年度虧損扣抵及未使用投資抵減之所得稅影響數認列
為遞延所得稅資產，並評估其可實現性，認列相關備抵評價金額；而
應課稅暫時性差異之所得稅影響數則認列為遞延所得稅負債。遞延所
得稅資產或負債依其相關資產或負債之分類劃分為流動或非流動項
目，無相關之資產或負債者，依預期回轉期間之長短劃分為流動或非
流動項目。
　　因購置設備或技術、研究發展、人才培訓等所產生之所得稅抵減，
採當期認列法處理。
　　以前年度應付所得稅之調整，列為當年度所得稅。
　　未分配盈餘加徵百分之十之所得稅，於股東會決議年度列為所得
稅。

以外幣為準之交易事項
　　以外幣為準之交易事項（非衍生性金融商品），係按交易日之即期
匯率入帳。外幣資產及負債實際以新台幣收付結清時，因適用不同匯
率所產生之損失或利益，列為收付結清期間之損益。外幣資產及負債
之年底餘額，再按年底之即期匯率予以換算調整，因而產生之兌換差
額處理如下：外幣長期股權投資，其採權益法計價者，該項差額作為
累積換算調整數，列於股東權益項下；其他貨幣性資產及負債，則列
為當年度損益。
]]></tw-gaap-notes:SummaryOfSignificantAccountingPolicies>
	<tw-gaap-notes:ChangesInAccountingPrinciples contextRef="From20100101To20101231"><![CDATA[　　本公司自九十八年一月一日起，採用新修訂之財務會計準則公報
第十號「存貨之會計處理準則」。主要之修訂包括(一)存貨以成本與淨
變現價值孰低者衡量，且除同類別存貨外應逐項比較之；(二)與存貨相
關之費損應分類為銷貨成本等。
]]></tw-gaap-notes:ChangesInAccountingPrinciples>
</xbrl>

<!--This instance document is created by SIIAP V1.4.5-->
