<?xml version="1.0" encoding="BIG5"?>
<xbrl xmlns="http://www.xbrl.org/2003/instance" xmlns:iso4217="http://www.xbrl.org/2003/iso4217" xmlns:link="http://www.xbrl.org/2003/linkbase" xmlns:tw-gaap-ar="http://www.xbrl.org/tw/fr/gaap/ar/2010-03-31" xmlns:tw-gaap-ci="http://www.xbrl.org/tw/fr/gaap/tw-gaap-ci-2010-03-31" xmlns:xbrldi="http://xbrl.org/2006/xbrldi" xmlns:xbrldt="http://xbrl.org/2005/xbrldt" xmlns:xbrli="http://www.xbrl.org/2003/instance" xmlns:xlink="http://www.w3.org/1999/xlink">
	<link:schemaRef xlink:arcrole="http://www.w3.org/1999/xlink/properties/linkbase" xlink:href="tw-gaap-ci-2010-03-31.xsd" xlink:type="simple"/>	<context id="AsOf20090101">
		<entity>
			<identifier scheme="http://www.twse.com.tw">2352</identifier>
		</entity>
		<period>
			<instant>2009-01-01</instant>
		</period>
	</context>
	<context id="AsOf20100101">
		<entity>
			<identifier scheme="http://www.twse.com.tw">2352</identifier>
		</entity>
		<period>
			<instant>2010-01-01</instant>
		</period>
	</context>
	<context id="From20090101To20090331">
		<entity>
			<identifier scheme="http://www.twse.com.tw">2352</identifier>
		</entity>
		<period>
			<startDate>2009-01-01</startDate>
			<endDate>2009-03-31</endDate>
		</period>
	</context>
	<context id="AsOf20090331">
		<entity>
			<identifier scheme="http://www.twse.com.tw">2352</identifier>
		</entity>
		<period>
			<instant>2009-03-31</instant>
		</period>
	</context>
	<context id="From20100101To20100331">
		<entity>
			<identifier scheme="http://www.twse.com.tw">2352</identifier>
		</entity>
		<period>
			<startDate>2010-01-01</startDate>
			<endDate>2010-03-31</endDate>
		</period>
	</context>
	<context id="AsOf20100331">
		<entity>
			<identifier scheme="http://www.twse.com.tw">2352</identifier>
		</entity>
		<period>
			<instant>2010-03-31</instant>
		</period>
	</context>
	<unit id="TWD">
		<measure>iso4217:TWD</measure>
	</unit>
	<unit id="Shares">
		<measure>xbrli:shares</measure>
	</unit>
	<unit id="EarningsPerShare">
		<divide>
			<unitNumerator>
				<measure>iso4217:TWD</measure>
			</unitNumerator>
			<unitDenominator>
				<measure>xbrli:shares</measure>
			</unitDenominator>
		</divide>
	</unit>
	<tw-gaap-ci:CashBanks contextRef="AsOf20100331" decimals="-3" unitRef="TWD">2360060000</tw-gaap-ci:CashBanks>
	<tw-gaap-ci:CashBanks contextRef="AsOf20090331" decimals="-3" unitRef="TWD">2554488000</tw-gaap-ci:CashBanks>
	<tw-gaap-ci:CashCashEquivalents contextRef="AsOf20100331" decimals="-3" unitRef="TWD">2360060000</tw-gaap-ci:CashCashEquivalents>
	<tw-gaap-ci:CashCashEquivalents contextRef="AsOf20090331" decimals="-3" unitRef="TWD">2554488000</tw-gaap-ci:CashCashEquivalents>
	<tw-gaap-ci:FinancialAssetsDesignatedFairValueProfitLossCurrent contextRef="AsOf20100331" decimals="-3" unitRef="TWD">36512000</tw-gaap-ci:FinancialAssetsDesignatedFairValueProfitLossCurrent>
	<tw-gaap-ci:FinancialAssetsDesignatedFairValueProfitLossCurrent contextRef="AsOf20090331" decimals="-3" unitRef="TWD">15967000</tw-gaap-ci:FinancialAssetsDesignatedFairValueProfitLossCurrent>
	<tw-gaap-ci:FinancialAssetsMeasuredFairValueProfitLossCurrent contextRef="AsOf20100331" decimals="-3" unitRef="TWD">36512000</tw-gaap-ci:FinancialAssetsMeasuredFairValueProfitLossCurrent>
	<tw-gaap-ci:FinancialAssetsMeasuredFairValueProfitLossCurrent contextRef="AsOf20090331" decimals="-3" unitRef="TWD">15967000</tw-gaap-ci:FinancialAssetsMeasuredFairValueProfitLossCurrent>
	<tw-gaap-ci:AccountsReceivable contextRef="AsOf20100331" decimals="-3" unitRef="TWD">2752977000</tw-gaap-ci:AccountsReceivable>
	<tw-gaap-ci:AccountsReceivable contextRef="AsOf20090331" decimals="-3" unitRef="TWD">3225593000</tw-gaap-ci:AccountsReceivable>
	<tw-gaap-ci:NetAccountsReceivable contextRef="AsOf20100331" decimals="-3" unitRef="TWD">2752977000</tw-gaap-ci:NetAccountsReceivable>
	<tw-gaap-ci:NetAccountsReceivable contextRef="AsOf20090331" decimals="-3" unitRef="TWD">3225593000</tw-gaap-ci:NetAccountsReceivable>
	<tw-gaap-ci:AccountsReceivableRelatedParties contextRef="AsOf20100331" decimals="-3" unitRef="TWD">6706337000</tw-gaap-ci:AccountsReceivableRelatedParties>
	<tw-gaap-ci:AccountsReceivableRelatedParties contextRef="AsOf20090331" decimals="-3" unitRef="TWD">5969827000</tw-gaap-ci:AccountsReceivableRelatedParties>
	<tw-gaap-ci:NetAccountsReceivableRelatedParties contextRef="AsOf20100331" decimals="-3" unitRef="TWD">6706337000</tw-gaap-ci:NetAccountsReceivableRelatedParties>
	<tw-gaap-ci:NetAccountsReceivableRelatedParties contextRef="AsOf20090331" decimals="-3" unitRef="TWD">5969827000</tw-gaap-ci:NetAccountsReceivableRelatedParties>
	<tw-gaap-ci:OtherReceivablesOther contextRef="AsOf20100331" decimals="-3" unitRef="TWD">1239700000</tw-gaap-ci:OtherReceivablesOther>
	<tw-gaap-ci:OtherReceivablesOther contextRef="AsOf20090331" decimals="-3" unitRef="TWD">937749000</tw-gaap-ci:OtherReceivablesOther>
	<tw-gaap-ci:OtherReceivables contextRef="AsOf20100331" decimals="-3" unitRef="TWD">1239700000</tw-gaap-ci:OtherReceivables>
	<tw-gaap-ci:OtherReceivables contextRef="AsOf20090331" decimals="-3" unitRef="TWD">937749000</tw-gaap-ci:OtherReceivables>
	<tw-gaap-ci:OtherReceivablesRelatedPartiesOther contextRef="AsOf20100331" decimals="-3" unitRef="TWD">1951754000</tw-gaap-ci:OtherReceivablesRelatedPartiesOther>
	<tw-gaap-ci:OtherReceivablesRelatedPartiesOther contextRef="AsOf20090331" decimals="-3" unitRef="TWD">1166289000</tw-gaap-ci:OtherReceivablesRelatedPartiesOther>
	<tw-gaap-ci:OtherReceivablesRelatedParties contextRef="AsOf20100331" decimals="-3" unitRef="TWD">1951754000</tw-gaap-ci:OtherReceivablesRelatedParties>
	<tw-gaap-ci:OtherReceivablesRelatedParties contextRef="AsOf20090331" decimals="-3" unitRef="TWD">1166289000</tw-gaap-ci:OtherReceivablesRelatedParties>
	<tw-gaap-ci:OtherFinancialAssetsCurrent contextRef="AsOf20100331" decimals="-3" unitRef="TWD">0</tw-gaap-ci:OtherFinancialAssetsCurrent>
	<tw-gaap-ci:OtherFinancialAssetsCurrent contextRef="AsOf20090331" decimals="-3" unitRef="TWD">508755000</tw-gaap-ci:OtherFinancialAssetsCurrent>
	<tw-gaap-ci:FinishedGoods contextRef="AsOf20100331" decimals="-3" unitRef="TWD">1342393000</tw-gaap-ci:FinishedGoods>
	<tw-gaap-ci:FinishedGoods contextRef="AsOf20090331" decimals="-3" unitRef="TWD">1065613000</tw-gaap-ci:FinishedGoods>
	<tw-gaap-ci:InventoriesManufacturing contextRef="AsOf20100331" decimals="-3" unitRef="TWD">1342393000</tw-gaap-ci:InventoriesManufacturing>
	<tw-gaap-ci:InventoriesManufacturing contextRef="AsOf20090331" decimals="-3" unitRef="TWD">1065613000</tw-gaap-ci:InventoriesManufacturing>
	<tw-gaap-ci:Inventories contextRef="AsOf20100331" decimals="-3" unitRef="TWD">1342393000</tw-gaap-ci:Inventories>
	<tw-gaap-ci:Inventories contextRef="AsOf20090331" decimals="-3" unitRef="TWD">1065613000</tw-gaap-ci:Inventories>
	<tw-gaap-ci:OtherPrepaidExpenses contextRef="AsOf20100331" decimals="-3" unitRef="TWD">5837000</tw-gaap-ci:OtherPrepaidExpenses>
	<tw-gaap-ci:OtherPrepaidExpenses contextRef="AsOf20090331" decimals="-3" unitRef="TWD">57926000</tw-gaap-ci:OtherPrepaidExpenses>
	<tw-gaap-ci:PrepaidExpenses contextRef="AsOf20100331" decimals="-3" unitRef="TWD">5837000</tw-gaap-ci:PrepaidExpenses>
	<tw-gaap-ci:PrepaidExpenses contextRef="AsOf20090331" decimals="-3" unitRef="TWD">57926000</tw-gaap-ci:PrepaidExpenses>
	<tw-gaap-ci:DeferredIncomeTaxAssetsCurrent contextRef="AsOf20100331" decimals="-3" unitRef="TWD">262570000</tw-gaap-ci:DeferredIncomeTaxAssetsCurrent>
	<tw-gaap-ci:DeferredIncomeTaxAssetsCurrent contextRef="AsOf20090331" decimals="-3" unitRef="TWD">207682000</tw-gaap-ci:DeferredIncomeTaxAssetsCurrent>
	<tw-gaap-ci:OthercurrentAssetsOther contextRef="AsOf20100331" decimals="-3" unitRef="TWD">41393000</tw-gaap-ci:OthercurrentAssetsOther>
	<tw-gaap-ci:OthercurrentAssetsOther contextRef="AsOf20090331" decimals="-3" unitRef="TWD">44890000</tw-gaap-ci:OthercurrentAssetsOther>
	<tw-gaap-ci:OtherCurrentAssets contextRef="AsOf20100331" decimals="-3" unitRef="TWD">303963000</tw-gaap-ci:OtherCurrentAssets>
	<tw-gaap-ci:OtherCurrentAssets contextRef="AsOf20090331" decimals="-3" unitRef="TWD">252572000</tw-gaap-ci:OtherCurrentAssets>
	<tw-gaap-ci:CurrentAssets contextRef="AsOf20100331" decimals="-3" unitRef="TWD">16699533000</tw-gaap-ci:CurrentAssets>
	<tw-gaap-ci:CurrentAssets contextRef="AsOf20090331" decimals="-3" unitRef="TWD">15754779000</tw-gaap-ci:CurrentAssets>
	<tw-gaap-ci:AvailableSaleFinancialAssets-NonCurrent contextRef="AsOf20100331" decimals="-3" unitRef="TWD">3850811000</tw-gaap-ci:AvailableSaleFinancialAssets-NonCurrent>
	<tw-gaap-ci:AvailableSaleFinancialAssets-NonCurrent contextRef="AsOf20090331" decimals="-3" unitRef="TWD">1880337000</tw-gaap-ci:AvailableSaleFinancialAssets-NonCurrent>
	<tw-gaap-ci:AvailablesaleFinancialAssetsNonCurrent contextRef="AsOf20100331" decimals="-3" unitRef="TWD">3850811000</tw-gaap-ci:AvailablesaleFinancialAssetsNonCurrent>
	<tw-gaap-ci:AvailablesaleFinancialAssetsNonCurrent contextRef="AsOf20090331" decimals="-3" unitRef="TWD">1880337000</tw-gaap-ci:AvailablesaleFinancialAssetsNonCurrent>
	<tw-gaap-ci:FinancialAssetsCarriedCostNoncurrent contextRef="AsOf20100331" decimals="-3" unitRef="TWD">49546000</tw-gaap-ci:FinancialAssetsCarriedCostNoncurrent>
	<tw-gaap-ci:FinancialAssetsCarriedCostNoncurrent contextRef="AsOf20090331" decimals="-3" unitRef="TWD">158508000</tw-gaap-ci:FinancialAssetsCarriedCostNoncurrent>
	<tw-gaap-ci:NetFinancialAssetsCarriedCostNonCurrent contextRef="AsOf20100331" decimals="-3" unitRef="TWD">49546000</tw-gaap-ci:NetFinancialAssetsCarriedCostNonCurrent>
	<tw-gaap-ci:NetFinancialAssetsCarriedCostNonCurrent contextRef="AsOf20090331" decimals="-3" unitRef="TWD">158508000</tw-gaap-ci:NetFinancialAssetsCarriedCostNonCurrent>
	<tw-gaap-ci:LongtermInvestmentsEquity contextRef="AsOf20100331" decimals="-3" unitRef="TWD">33595017000</tw-gaap-ci:LongtermInvestmentsEquity>
	<tw-gaap-ci:LongtermInvestmentsEquity contextRef="AsOf20090331" decimals="-3" unitRef="TWD">33924328000</tw-gaap-ci:LongtermInvestmentsEquity>
	<tw-gaap-ci:LongtermInvestments contextRef="AsOf20100331" decimals="-3" unitRef="TWD">33595017000</tw-gaap-ci:LongtermInvestments>
	<tw-gaap-ci:LongtermInvestments contextRef="AsOf20090331" decimals="-3" unitRef="TWD">33924328000</tw-gaap-ci:LongtermInvestments>
	<tw-gaap-ci:FundsInvestments contextRef="AsOf20100331" decimals="-3" unitRef="TWD">37495374000</tw-gaap-ci:FundsInvestments>
	<tw-gaap-ci:FundsInvestments contextRef="AsOf20090331" decimals="-3" unitRef="TWD">35963173000</tw-gaap-ci:FundsInvestments>
	<tw-gaap-ci:Land contextRef="AsOf20100331" decimals="-3" unitRef="TWD">644490000</tw-gaap-ci:Land>
	<tw-gaap-ci:Land contextRef="AsOf20090331" decimals="-3" unitRef="TWD">685197000</tw-gaap-ci:Land>
	<tw-gaap-ci:BuildingsStructures contextRef="AsOf20100331" decimals="-3" unitRef="TWD">1483907000</tw-gaap-ci:BuildingsStructures>
	<tw-gaap-ci:BuildingsStructures contextRef="AsOf20090331" decimals="-3" unitRef="TWD">1572288000</tw-gaap-ci:BuildingsStructures>
	<tw-gaap-ci:MachineryEquipment contextRef="AsOf20100331" decimals="-3" unitRef="TWD">853224000</tw-gaap-ci:MachineryEquipment>
	<tw-gaap-ci:MachineryEquipment contextRef="AsOf20090331" decimals="-3" unitRef="TWD">843903000</tw-gaap-ci:MachineryEquipment>
	<tw-gaap-ci:OfficeEquipment contextRef="AsOf20100331" decimals="-3" unitRef="TWD">115253000</tw-gaap-ci:OfficeEquipment>
	<tw-gaap-ci:OfficeEquipment contextRef="AsOf20090331" decimals="-3" unitRef="TWD">115624000</tw-gaap-ci:OfficeEquipment>
	<tw-gaap-ci:OtherFacilities contextRef="AsOf20100331" decimals="-3" unitRef="TWD">46482000</tw-gaap-ci:OtherFacilities>
	<tw-gaap-ci:OtherFacilities contextRef="AsOf20090331" decimals="-3" unitRef="TWD">46900000</tw-gaap-ci:OtherFacilities>
	<tw-gaap-ci:FixedAssetsOriginalCosts contextRef="AsOf20100331" decimals="-3" unitRef="TWD">3143356000</tw-gaap-ci:FixedAssetsOriginalCosts>
	<tw-gaap-ci:FixedAssetsOriginalCosts contextRef="AsOf20090331" decimals="-3" unitRef="TWD">3263912000</tw-gaap-ci:FixedAssetsOriginalCosts>
	<tw-gaap-ci:CostsRevaluationIncrement contextRef="AsOf20100331" decimals="-3" unitRef="TWD">3143356000</tw-gaap-ci:CostsRevaluationIncrement>
	<tw-gaap-ci:CostsRevaluationIncrement contextRef="AsOf20090331" decimals="-3" unitRef="TWD">3263912000</tw-gaap-ci:CostsRevaluationIncrement>
	<tw-gaap-ci:AccumulateddepreciationBuildingsStructures contextRef="AsOf20100331" decimals="-3" unitRef="TWD">611787000</tw-gaap-ci:AccumulateddepreciationBuildingsStructures>
	<tw-gaap-ci:AccumulateddepreciationBuildingsStructures contextRef="AsOf20090331" decimals="-3" unitRef="TWD">581647000</tw-gaap-ci:AccumulateddepreciationBuildingsStructures>
	<tw-gaap-ci:AccumulatedDepreciationMachineryEquipment contextRef="AsOf20100331" decimals="-3" unitRef="TWD">74031000</tw-gaap-ci:AccumulatedDepreciationMachineryEquipment>
	<tw-gaap-ci:AccumulatedDepreciationMachineryEquipment contextRef="AsOf20090331" decimals="-3" unitRef="TWD">80421000</tw-gaap-ci:AccumulatedDepreciationMachineryEquipment>
	<tw-gaap-ci:AccumulatedDepreciationOfficeEquipment contextRef="AsOf20100331" decimals="-3" unitRef="TWD">110144000</tw-gaap-ci:AccumulatedDepreciationOfficeEquipment>
	<tw-gaap-ci:AccumulatedDepreciationOfficeEquipment contextRef="AsOf20090331" decimals="-3" unitRef="TWD">105933000</tw-gaap-ci:AccumulatedDepreciationOfficeEquipment>
	<tw-gaap-ci:AccumulatedDepreciationOtherFacilities contextRef="AsOf20100331" decimals="-3" unitRef="TWD">715428000</tw-gaap-ci:AccumulatedDepreciationOtherFacilities>
	<tw-gaap-ci:AccumulatedDepreciationOtherFacilities contextRef="AsOf20090331" decimals="-3" unitRef="TWD">674188000</tw-gaap-ci:AccumulatedDepreciationOtherFacilities>
	<tw-gaap-ci:AccumulatedDepreciation contextRef="AsOf20100331" decimals="-3" unitRef="TWD">1511390000</tw-gaap-ci:AccumulatedDepreciation>
	<tw-gaap-ci:AccumulatedDepreciation contextRef="AsOf20090331" decimals="-3" unitRef="TWD">1442189000</tw-gaap-ci:AccumulatedDepreciation>
	<tw-gaap-ci:PrepaymentsBusinessFacilities contextRef="AsOf20100331" decimals="-3" unitRef="TWD">1989000</tw-gaap-ci:PrepaymentsBusinessFacilities>
	<tw-gaap-ci:PrepaymentsBusinessFacilities contextRef="AsOf20090331" decimals="-3" unitRef="TWD">27422000</tw-gaap-ci:PrepaymentsBusinessFacilities>
	<tw-gaap-ci:ConstructionProcessPrepaymentEquipments contextRef="AsOf20100331" decimals="-3" unitRef="TWD">1989000</tw-gaap-ci:ConstructionProcessPrepaymentEquipments>
	<tw-gaap-ci:ConstructionProcessPrepaymentEquipments contextRef="AsOf20090331" decimals="-3" unitRef="TWD">27422000</tw-gaap-ci:ConstructionProcessPrepaymentEquipments>
	<tw-gaap-ci:FixedAssets contextRef="AsOf20100331" decimals="-3" unitRef="TWD">1633955000</tw-gaap-ci:FixedAssets>
	<tw-gaap-ci:FixedAssets contextRef="AsOf20090331" decimals="-3" unitRef="TWD">1849145000</tw-gaap-ci:FixedAssets>
	<tw-gaap-ci:OtherIntangibleAssets_OtherIntangibleAssets contextRef="AsOf20100331" decimals="-3" unitRef="TWD">34677000</tw-gaap-ci:OtherIntangibleAssets_OtherIntangibleAssets>
	<tw-gaap-ci:OtherIntangibleAssets_OtherIntangibleAssets contextRef="AsOf20090331" decimals="-3" unitRef="TWD">53804000</tw-gaap-ci:OtherIntangibleAssets_OtherIntangibleAssets>
	<tw-gaap-ci:OtherIntangibleAssets contextRef="AsOf20100331" decimals="-3" unitRef="TWD">34677000</tw-gaap-ci:OtherIntangibleAssets>
	<tw-gaap-ci:OtherIntangibleAssets contextRef="AsOf20090331" decimals="-3" unitRef="TWD">53804000</tw-gaap-ci:OtherIntangibleAssets>
	<tw-gaap-ci:IntangibleAssets contextRef="AsOf20100331" decimals="-3" unitRef="TWD">34677000</tw-gaap-ci:IntangibleAssets>
	<tw-gaap-ci:IntangibleAssets contextRef="AsOf20090331" decimals="-3" unitRef="TWD">53804000</tw-gaap-ci:IntangibleAssets>
	<tw-gaap-ci:RentalAssets contextRef="AsOf20100331" decimals="-3" unitRef="TWD">143572000</tw-gaap-ci:RentalAssets>
	<tw-gaap-ci:RentalAssets contextRef="AsOf20090331" decimals="-3" unitRef="TWD">40952000</tw-gaap-ci:RentalAssets>
	<tw-gaap-ci:NetRentalAssets contextRef="AsOf20100331" decimals="-3" unitRef="TWD">143572000</tw-gaap-ci:NetRentalAssets>
	<tw-gaap-ci:NetRentalAssets contextRef="AsOf20090331" decimals="-3" unitRef="TWD">40952000</tw-gaap-ci:NetRentalAssets>
	<tw-gaap-ci:IdledAssets contextRef="AsOf20100331" decimals="-3" unitRef="TWD">104324000</tw-gaap-ci:IdledAssets>
	<tw-gaap-ci:IdledAssets contextRef="AsOf20090331" decimals="-3" unitRef="TWD">104324000</tw-gaap-ci:IdledAssets>
	<tw-gaap-ci:NetIdledAssets contextRef="AsOf20100331" decimals="-3" unitRef="TWD">104324000</tw-gaap-ci:NetIdledAssets>
	<tw-gaap-ci:NetIdledAssets contextRef="AsOf20090331" decimals="-3" unitRef="TWD">104324000</tw-gaap-ci:NetIdledAssets>
	<tw-gaap-ci:GuaranteeDepositsPaid contextRef="AsOf20100331" decimals="-3" unitRef="TWD">94090000</tw-gaap-ci:GuaranteeDepositsPaid>
	<tw-gaap-ci:GuaranteeDepositsPaid contextRef="AsOf20090331" decimals="-3" unitRef="TWD">95073000</tw-gaap-ci:GuaranteeDepositsPaid>
	<tw-gaap-ci:OtherDeferredCharges contextRef="AsOf20100331" decimals="-3" unitRef="TWD">144609000</tw-gaap-ci:OtherDeferredCharges>
	<tw-gaap-ci:OtherDeferredCharges contextRef="AsOf20090331" decimals="-3" unitRef="TWD">118348000</tw-gaap-ci:OtherDeferredCharges>
	<tw-gaap-ci:DeferredCharges contextRef="AsOf20100331" decimals="-3" unitRef="TWD">144609000</tw-gaap-ci:DeferredCharges>
	<tw-gaap-ci:DeferredCharges contextRef="AsOf20090331" decimals="-3" unitRef="TWD">118348000</tw-gaap-ci:DeferredCharges>
	<tw-gaap-ci:DeferredIncomeTaxAssetsNonCurrent contextRef="AsOf20100331" decimals="-3" unitRef="TWD">915681000</tw-gaap-ci:DeferredIncomeTaxAssetsNonCurrent>
	<tw-gaap-ci:DeferredIncomeTaxAssetsNonCurrent contextRef="AsOf20090331" decimals="-3" unitRef="TWD">998099000</tw-gaap-ci:DeferredIncomeTaxAssetsNonCurrent>
	<tw-gaap-ci:OtherAssetsOther_OtherAssetsOther contextRef="AsOf20100331" decimals="-3" unitRef="TWD">108100000</tw-gaap-ci:OtherAssetsOther_OtherAssetsOther>
	<tw-gaap-ci:OtherAssetsOther_OtherAssetsOther contextRef="AsOf20090331" decimals="-3" unitRef="TWD">104645000</tw-gaap-ci:OtherAssetsOther_OtherAssetsOther>
	<tw-gaap-ci:OtherAssetsOther contextRef="AsOf20100331" decimals="-3" unitRef="TWD">108100000</tw-gaap-ci:OtherAssetsOther>
	<tw-gaap-ci:OtherAssetsOther contextRef="AsOf20090331" decimals="-3" unitRef="TWD">104645000</tw-gaap-ci:OtherAssetsOther>
	<tw-gaap-ci:OtherAssets contextRef="AsOf20100331" decimals="-3" unitRef="TWD">1510376000</tw-gaap-ci:OtherAssets>
	<tw-gaap-ci:OtherAssets contextRef="AsOf20090331" decimals="-3" unitRef="TWD">1461441000</tw-gaap-ci:OtherAssets>
	<tw-gaap-ci:Assets contextRef="AsOf20100331" decimals="-3" unitRef="TWD">57373915000</tw-gaap-ci:Assets>
	<tw-gaap-ci:Assets contextRef="AsOf20090331" decimals="-3" unitRef="TWD">55082342000</tw-gaap-ci:Assets>
	<tw-gaap-ci:BankLoan contextRef="AsOf20100331" decimals="-3" unitRef="TWD">0</tw-gaap-ci:BankLoan>
	<tw-gaap-ci:BankLoan contextRef="AsOf20090331" decimals="-3" unitRef="TWD">169585000</tw-gaap-ci:BankLoan>
	<tw-gaap-ci:ShortTermBorrowings contextRef="AsOf20100331" decimals="-3" unitRef="TWD">0</tw-gaap-ci:ShortTermBorrowings>
	<tw-gaap-ci:ShortTermBorrowings contextRef="AsOf20090331" decimals="-3" unitRef="TWD">169585000</tw-gaap-ci:ShortTermBorrowings>
	<tw-gaap-ci:FinancialLiabilitiesDesignatedFairValueProfitLossCurrent contextRef="AsOf20100331" decimals="-3" unitRef="TWD">37595000</tw-gaap-ci:FinancialLiabilitiesDesignatedFairValueProfitLossCurrent>
	<tw-gaap-ci:FinancialLiabilitiesDesignatedFairValueProfitLossCurrent contextRef="AsOf20090331" decimals="-3" unitRef="TWD">81038000</tw-gaap-ci:FinancialLiabilitiesDesignatedFairValueProfitLossCurrent>
	<tw-gaap-ci:FinancialLiabilitiesMeasuredFairValueProfitLossCurrent contextRef="AsOf20100331" decimals="-3" unitRef="TWD">37595000</tw-gaap-ci:FinancialLiabilitiesMeasuredFairValueProfitLossCurrent>
	<tw-gaap-ci:FinancialLiabilitiesMeasuredFairValueProfitLossCurrent contextRef="AsOf20090331" decimals="-3" unitRef="TWD">81038000</tw-gaap-ci:FinancialLiabilitiesMeasuredFairValueProfitLossCurrent>
	<tw-gaap-ci:AccountsPayable_AccountsPayable contextRef="AsOf20100331" decimals="-3" unitRef="TWD">1748812000</tw-gaap-ci:AccountsPayable_AccountsPayable>
	<tw-gaap-ci:AccountsPayable_AccountsPayable contextRef="AsOf20090331" decimals="-3" unitRef="TWD">1541370000</tw-gaap-ci:AccountsPayable_AccountsPayable>
	<tw-gaap-ci:AccountsPayable contextRef="AsOf20100331" decimals="-3" unitRef="TWD">1748812000</tw-gaap-ci:AccountsPayable>
	<tw-gaap-ci:AccountsPayable contextRef="AsOf20090331" decimals="-3" unitRef="TWD">1541370000</tw-gaap-ci:AccountsPayable>
	<tw-gaap-ci:AccountsPayableRelatedParties_AccountsPayableRelatedParties contextRef="AsOf20100331" decimals="-3" unitRef="TWD">1935058000</tw-gaap-ci:AccountsPayableRelatedParties_AccountsPayableRelatedParties>
	<tw-gaap-ci:AccountsPayableRelatedParties_AccountsPayableRelatedParties contextRef="AsOf20090331" decimals="-3" unitRef="TWD">1747222000</tw-gaap-ci:AccountsPayableRelatedParties_AccountsPayableRelatedParties>
	<tw-gaap-ci:AccountsPayableRelatedParties contextRef="AsOf20100331" decimals="-3" unitRef="TWD">1935058000</tw-gaap-ci:AccountsPayableRelatedParties>
	<tw-gaap-ci:AccountsPayableRelatedParties contextRef="AsOf20090331" decimals="-3" unitRef="TWD">1747222000</tw-gaap-ci:AccountsPayableRelatedParties>
	<tw-gaap-ci:IncomeTaxPayable contextRef="AsOf20100331" decimals="-3" unitRef="TWD">98550000</tw-gaap-ci:IncomeTaxPayable>
	<tw-gaap-ci:IncomeTaxPayable contextRef="AsOf20090331" decimals="-3" unitRef="TWD">0</tw-gaap-ci:IncomeTaxPayable>
	<tw-gaap-ci:OtherAccruedExpenses contextRef="AsOf20100331" decimals="-3" unitRef="TWD">4500240000</tw-gaap-ci:OtherAccruedExpenses>
	<tw-gaap-ci:OtherAccruedExpenses contextRef="AsOf20090331" decimals="-3" unitRef="TWD">4178462000</tw-gaap-ci:OtherAccruedExpenses>
	<tw-gaap-ci:AccruedExpenses contextRef="AsOf20100331" decimals="-3" unitRef="TWD">4500240000</tw-gaap-ci:AccruedExpenses>
	<tw-gaap-ci:AccruedExpenses contextRef="AsOf20090331" decimals="-3" unitRef="TWD">4178462000</tw-gaap-ci:AccruedExpenses>
	<tw-gaap-ci:OtherPayablesRelatedParties contextRef="AsOf20100331" decimals="-3" unitRef="TWD">88668000</tw-gaap-ci:OtherPayablesRelatedParties>
	<tw-gaap-ci:OtherPayablesRelatedParties contextRef="AsOf20090331" decimals="-3" unitRef="TWD">78879000</tw-gaap-ci:OtherPayablesRelatedParties>
	<tw-gaap-ci:OtherAdvanceReceipts contextRef="AsOf20100331" decimals="-3" unitRef="TWD">422341000</tw-gaap-ci:OtherAdvanceReceipts>
	<tw-gaap-ci:OtherAdvanceReceipts contextRef="AsOf20090331" decimals="-3" unitRef="TWD">122382000</tw-gaap-ci:OtherAdvanceReceipts>
	<tw-gaap-ci:AdvanceReceipts contextRef="AsOf20100331" decimals="-3" unitRef="TWD">422341000</tw-gaap-ci:AdvanceReceipts>
	<tw-gaap-ci:AdvanceReceipts contextRef="AsOf20090331" decimals="-3" unitRef="TWD">122382000</tw-gaap-ci:AdvanceReceipts>
	<tw-gaap-ci:BondsPayableCurrentPortionExerciseSellBack contextRef="AsOf20100331" decimals="-3" unitRef="TWD">1600000000</tw-gaap-ci:BondsPayableCurrentPortionExerciseSellBack>
	<tw-gaap-ci:BondsPayableCurrentPortionExerciseSellBack contextRef="AsOf20090331" decimals="-3" unitRef="TWD">1200000000</tw-gaap-ci:BondsPayableCurrentPortionExerciseSellBack>
	<tw-gaap-ci:LongtermBorrowingsCurrentPortion contextRef="AsOf20100331" decimals="-3" unitRef="TWD">0</tw-gaap-ci:LongtermBorrowingsCurrentPortion>
	<tw-gaap-ci:LongtermBorrowingsCurrentPortion contextRef="AsOf20090331" decimals="-3" unitRef="TWD">6200000000</tw-gaap-ci:LongtermBorrowingsCurrentPortion>
	<tw-gaap-ci:LongtermLiabilitiesCurrentPortion contextRef="AsOf20100331" decimals="-3" unitRef="TWD">1600000000</tw-gaap-ci:LongtermLiabilitiesCurrentPortion>
	<tw-gaap-ci:LongtermLiabilitiesCurrentPortion contextRef="AsOf20090331" decimals="-3" unitRef="TWD">7400000000</tw-gaap-ci:LongtermLiabilitiesCurrentPortion>
	<tw-gaap-ci:OtherCurrentLiabilitiesOther contextRef="AsOf20100331" decimals="-3" unitRef="TWD">2784278000</tw-gaap-ci:OtherCurrentLiabilitiesOther>
	<tw-gaap-ci:OtherCurrentLiabilitiesOther contextRef="AsOf20090331" decimals="-3" unitRef="TWD">3091701000</tw-gaap-ci:OtherCurrentLiabilitiesOther>
	<tw-gaap-ci:OtherCurrentLiabilities contextRef="AsOf20100331" decimals="-3" unitRef="TWD">2784278000</tw-gaap-ci:OtherCurrentLiabilities>
	<tw-gaap-ci:OtherCurrentLiabilities contextRef="AsOf20090331" decimals="-3" unitRef="TWD">3091701000</tw-gaap-ci:OtherCurrentLiabilities>
	<tw-gaap-ci:CurrentLiabilities contextRef="AsOf20100331" decimals="-3" unitRef="TWD">13215542000</tw-gaap-ci:CurrentLiabilities>
	<tw-gaap-ci:CurrentLiabilities contextRef="AsOf20090331" decimals="-3" unitRef="TWD">18410639000</tw-gaap-ci:CurrentLiabilities>
	<tw-gaap-ci:FinancialLiabilitiesDesignatedFairValueProfitLossNonCurrent contextRef="AsOf20100331" decimals="-3" unitRef="TWD">18486000</tw-gaap-ci:FinancialLiabilitiesDesignatedFairValueProfitLossNonCurrent>
	<tw-gaap-ci:FinancialLiabilitiesDesignatedFairValueProfitLossNonCurrent contextRef="AsOf20090331" decimals="-3" unitRef="TWD">11220000</tw-gaap-ci:FinancialLiabilitiesDesignatedFairValueProfitLossNonCurrent>
	<tw-gaap-ci:FinancialLiabilitiesMeasuredFairValueProfitLossNonCurrent contextRef="AsOf20100331" decimals="-3" unitRef="TWD">18486000</tw-gaap-ci:FinancialLiabilitiesMeasuredFairValueProfitLossNonCurrent>
	<tw-gaap-ci:FinancialLiabilitiesMeasuredFairValueProfitLossNonCurrent contextRef="AsOf20090331" decimals="-3" unitRef="TWD">11220000</tw-gaap-ci:FinancialLiabilitiesMeasuredFairValueProfitLossNonCurrent>
	<tw-gaap-ci:BondPayableNonCurrent_BondPayable contextRef="AsOf20100331" decimals="-3" unitRef="TWD">113448000</tw-gaap-ci:BondPayableNonCurrent_BondPayable>
	<tw-gaap-ci:BondPayableNonCurrent_BondPayable contextRef="AsOf20090331" decimals="-3" unitRef="TWD">1709320000</tw-gaap-ci:BondPayableNonCurrent_BondPayable>
	<tw-gaap-ci:BondPayable contextRef="AsOf20100331" decimals="-3" unitRef="TWD">113448000</tw-gaap-ci:BondPayable>
	<tw-gaap-ci:BondPayable contextRef="AsOf20090331" decimals="-3" unitRef="TWD">1709320000</tw-gaap-ci:BondPayable>
	<tw-gaap-ci:LongtermBankLoans contextRef="AsOf20100331" decimals="-3" unitRef="TWD">18600000000</tw-gaap-ci:LongtermBankLoans>
	<tw-gaap-ci:LongtermBankLoans contextRef="AsOf20090331" decimals="-3" unitRef="TWD">12800000000</tw-gaap-ci:LongtermBankLoans>
	<tw-gaap-ci:LongtermBorrowings contextRef="AsOf20100331" decimals="-3" unitRef="TWD">18600000000</tw-gaap-ci:LongtermBorrowings>
	<tw-gaap-ci:LongtermBorrowings contextRef="AsOf20090331" decimals="-3" unitRef="TWD">12800000000</tw-gaap-ci:LongtermBorrowings>
	<tw-gaap-ci:LongTermLiabilities contextRef="AsOf20100331" decimals="-3" unitRef="TWD">18731934000</tw-gaap-ci:LongTermLiabilities>
	<tw-gaap-ci:LongTermLiabilities contextRef="AsOf20090331" decimals="-3" unitRef="TWD">14520540000</tw-gaap-ci:LongTermLiabilities>
	<tw-gaap-ci:UnrealizedGainonSaleLeaseback contextRef="AsOf20100331" decimals="-3" unitRef="TWD">691451000</tw-gaap-ci:UnrealizedGainonSaleLeaseback>
	<tw-gaap-ci:UnrealizedGainonSaleLeaseback contextRef="AsOf20090331" decimals="-3" unitRef="TWD">800628000</tw-gaap-ci:UnrealizedGainonSaleLeaseback>
	<tw-gaap-ci:OtherLiabilities-Other contextRef="AsOf20100331" decimals="-3" unitRef="TWD">481381000</tw-gaap-ci:OtherLiabilities-Other>
	<tw-gaap-ci:OtherLiabilities-Other contextRef="AsOf20090331" decimals="-3" unitRef="TWD">287162000</tw-gaap-ci:OtherLiabilities-Other>
	<tw-gaap-ci:OtherLiabilitiesOther contextRef="AsOf20100331" decimals="-3" unitRef="TWD">1172832000</tw-gaap-ci:OtherLiabilitiesOther>
	<tw-gaap-ci:OtherLiabilitiesOther contextRef="AsOf20090331" decimals="-3" unitRef="TWD">1087790000</tw-gaap-ci:OtherLiabilitiesOther>
	<tw-gaap-ci:OtherLiabilities contextRef="AsOf20100331" decimals="-3" unitRef="TWD">1172832000</tw-gaap-ci:OtherLiabilities>
	<tw-gaap-ci:OtherLiabilities contextRef="AsOf20090331" decimals="-3" unitRef="TWD">1087790000</tw-gaap-ci:OtherLiabilities>
	<tw-gaap-ci:Liabilities contextRef="AsOf20100331" decimals="-3" unitRef="TWD">33120308000</tw-gaap-ci:Liabilities>
	<tw-gaap-ci:Liabilities contextRef="AsOf20090331" decimals="-3" unitRef="TWD">34018969000</tw-gaap-ci:Liabilities>
	<tw-gaap-ci:CommonStock contextRef="AsOf20100331" decimals="-3" unitRef="TWD">19282176000</tw-gaap-ci:CommonStock>
	<tw-gaap-ci:CommonStock contextRef="AsOf20090331" decimals="-3" unitRef="TWD">19282176000</tw-gaap-ci:CommonStock>
	<tw-gaap-ci:Capital contextRef="AsOf20100331" decimals="-3" unitRef="TWD">19282176000</tw-gaap-ci:Capital>
	<tw-gaap-ci:Capital contextRef="AsOf20090331" decimals="-3" unitRef="TWD">19282176000</tw-gaap-ci:Capital>
	<tw-gaap-ci:CapitalSurplusAdditionalPaidCapitalCommonStock contextRef="AsOf20100331" decimals="-3" unitRef="TWD">1196757000</tw-gaap-ci:CapitalSurplusAdditionalPaidCapitalCommonStock>
	<tw-gaap-ci:CapitalSurplusAdditionalPaidCapitalCommonStock contextRef="AsOf20090331" decimals="-3" unitRef="TWD">2738580000</tw-gaap-ci:CapitalSurplusAdditionalPaidCapitalCommonStock>
	<tw-gaap-ci:CapitalSurplusAdditionalPaidCapital contextRef="AsOf20100331" decimals="-3" unitRef="TWD">1196757000</tw-gaap-ci:CapitalSurplusAdditionalPaidCapital>
	<tw-gaap-ci:CapitalSurplusAdditionalPaidCapital contextRef="AsOf20090331" decimals="-3" unitRef="TWD">2738580000</tw-gaap-ci:CapitalSurplusAdditionalPaidCapital>
	<tw-gaap-ci:CapitalSurplusLongTermEquityInvestments contextRef="AsOf20100331" decimals="-3" unitRef="TWD">3414581000</tw-gaap-ci:CapitalSurplusLongTermEquityInvestments>
	<tw-gaap-ci:CapitalSurplusLongTermEquityInvestments contextRef="AsOf20090331" decimals="-3" unitRef="TWD">4048086000</tw-gaap-ci:CapitalSurplusLongTermEquityInvestments>
	<tw-gaap-ci:CapitalSurplus contextRef="AsOf20100331" decimals="-3" unitRef="TWD">4611338000</tw-gaap-ci:CapitalSurplus>
	<tw-gaap-ci:CapitalSurplus contextRef="AsOf20090331" decimals="-3" unitRef="TWD">6786666000</tw-gaap-ci:CapitalSurplus>
	<tw-gaap-ci:LegalReserve contextRef="AsOf20100331" decimals="-3" unitRef="TWD">0</tw-gaap-ci:LegalReserve>
	<tw-gaap-ci:LegalReserve contextRef="AsOf20090331" decimals="-3" unitRef="TWD">344528000</tw-gaap-ci:LegalReserve>
	<tw-gaap-ci:SpecialReserve contextRef="AsOf20100331" decimals="-3" unitRef="TWD">0</tw-gaap-ci:SpecialReserve>
	<tw-gaap-ci:SpecialReserve contextRef="AsOf20090331" decimals="-3" unitRef="TWD">175173000</tw-gaap-ci:SpecialReserve>
	<tw-gaap-ci:AccumulatedProfitLoss contextRef="AsOf20100331" decimals="-3" unitRef="TWD">-79509000</tw-gaap-ci:AccumulatedProfitLoss>
	<tw-gaap-ci:AccumulatedProfitLoss contextRef="AsOf20090331" decimals="-3" unitRef="TWD">-4207232000</tw-gaap-ci:AccumulatedProfitLoss>
	<tw-gaap-ci:UnappropriatedRetainedEarnings contextRef="AsOf20100331" decimals="-3" unitRef="TWD">-79509000</tw-gaap-ci:UnappropriatedRetainedEarnings>
	<tw-gaap-ci:UnappropriatedRetainedEarnings contextRef="AsOf20090331" decimals="-3" unitRef="TWD">-4207232000</tw-gaap-ci:UnappropriatedRetainedEarnings>
	<tw-gaap-ci:RetainedEarnings contextRef="AsOf20100331" decimals="-3" unitRef="TWD">-79509000</tw-gaap-ci:RetainedEarnings>
	<tw-gaap-ci:RetainedEarnings contextRef="AsOf20090331" decimals="-3" unitRef="TWD">-3687531000</tw-gaap-ci:RetainedEarnings>
	<tw-gaap-ci:CumulativeTranslationAdjustments contextRef="AsOf20100331" decimals="-3" unitRef="TWD">767494000</tw-gaap-ci:CumulativeTranslationAdjustments>
	<tw-gaap-ci:CumulativeTranslationAdjustments contextRef="AsOf20090331" decimals="-3" unitRef="TWD">1318384000</tw-gaap-ci:CumulativeTranslationAdjustments>
	<tw-gaap-ci:UnrealizedGainLossesAvailableSaleFinancialAssetsMember contextRef="From20100101To20100331" decimals="-3" unitRef="TWD">-246958000</tw-gaap-ci:UnrealizedGainLossesAvailableSaleFinancialAssetsMember>
	<tw-gaap-ci:UnrealizedGainLossesAvailableSaleFinancialAssetsMember contextRef="From20090101To20090331" decimals="-3" unitRef="TWD">-2557676000</tw-gaap-ci:UnrealizedGainLossesAvailableSaleFinancialAssetsMember>
	<tw-gaap-ci:UnrealizedGainsLossesFinancialInstruments contextRef="AsOf20100331" decimals="-3" unitRef="TWD">-246958000</tw-gaap-ci:UnrealizedGainsLossesFinancialInstruments>
	<tw-gaap-ci:UnrealizedGainsLossesFinancialInstruments contextRef="AsOf20090331" decimals="-3" unitRef="TWD">-2557676000</tw-gaap-ci:UnrealizedGainsLossesFinancialInstruments>
	<tw-gaap-ci:TreasuryStock contextRef="AsOf20100331" decimals="-3" unitRef="TWD">80934000</tw-gaap-ci:TreasuryStock>
	<tw-gaap-ci:TreasuryStock contextRef="AsOf20090331" decimals="-3" unitRef="TWD">78646000</tw-gaap-ci:TreasuryStock>
	<tw-gaap-ci:StockholdersEquitiesAdjustments contextRef="AsOf20100331" decimals="-3" unitRef="TWD">439602000</tw-gaap-ci:StockholdersEquitiesAdjustments>
	<tw-gaap-ci:StockholdersEquitiesAdjustments contextRef="AsOf20090331" decimals="-3" unitRef="TWD">-1317938000</tw-gaap-ci:StockholdersEquitiesAdjustments>
	<tw-gaap-ci:StockholdersEquities contextRef="AsOf20100331" decimals="-3" unitRef="TWD">24253607000</tw-gaap-ci:StockholdersEquities>
	<tw-gaap-ci:StockholdersEquities contextRef="AsOf20090331" decimals="-3" unitRef="TWD">21063373000</tw-gaap-ci:StockholdersEquities>
	<tw-gaap-ci:EquivalentSharesOutstandingAdvanceReceiptsCommonStock contextRef="AsOf20100331" decimals="0" unitRef="Shares">0</tw-gaap-ci:EquivalentSharesOutstandingAdvanceReceiptsCommonStock>
	<tw-gaap-ci:EquivalentSharesOutstandingAdvanceReceiptsCommonStock contextRef="AsOf20090331" decimals="0" unitRef="Shares">0</tw-gaap-ci:EquivalentSharesOutstandingAdvanceReceiptsCommonStock>
	<tw-gaap-ci:NumberTreasuryStockAcquiredCompanySubsidiaries contextRef="AsOf20100331" decimals="0" unitRef="Shares">2549140</tw-gaap-ci:NumberTreasuryStockAcquiredCompanySubsidiaries>
	<tw-gaap-ci:NumberTreasuryStockAcquiredCompanySubsidiaries contextRef="AsOf20090331" decimals="0" unitRef="Shares">2549140</tw-gaap-ci:NumberTreasuryStockAcquiredCompanySubsidiaries>
	<tw-gaap-ci:SalesRevenue contextRef="From20100101To20100331" decimals="-3" unitRef="TWD">14684604000</tw-gaap-ci:SalesRevenue>
	<tw-gaap-ci:SalesRevenue contextRef="From20090101To20090331" decimals="-3" unitRef="TWD">10621928000</tw-gaap-ci:SalesRevenue>
	<tw-gaap-ci:Sales contextRef="From20100101To20100331" decimals="-3" unitRef="TWD">14684604000</tw-gaap-ci:Sales>
	<tw-gaap-ci:Sales contextRef="From20090101To20090331" decimals="-3" unitRef="TWD">10621928000</tw-gaap-ci:Sales>
	<tw-gaap-ci:SalesReturns contextRef="From20100101To20100331" decimals="-3" unitRef="TWD">488663000</tw-gaap-ci:SalesReturns>
	<tw-gaap-ci:SalesReturns contextRef="From20090101To20090331" decimals="-3" unitRef="TWD">55947000</tw-gaap-ci:SalesReturns>
	<tw-gaap-ci:NetSales contextRef="From20100101To20100331" decimals="-3" unitRef="TWD">14195941000</tw-gaap-ci:NetSales>
	<tw-gaap-ci:NetSales contextRef="From20090101To20090331" decimals="-3" unitRef="TWD">10565981000</tw-gaap-ci:NetSales>
	<tw-gaap-ci:OperatingRevenue contextRef="From20100101To20100331" decimals="-3" unitRef="TWD">14195941000</tw-gaap-ci:OperatingRevenue>
	<tw-gaap-ci:OperatingRevenue contextRef="From20090101To20090331" decimals="-3" unitRef="TWD">10565981000</tw-gaap-ci:OperatingRevenue>
	<tw-gaap-ci:CostSalesCostSales contextRef="From20100101To20100331" decimals="-3" unitRef="TWD">13287373000</tw-gaap-ci:CostSalesCostSales>
	<tw-gaap-ci:CostSalesCostSales contextRef="From20090101To20090331" decimals="-3" unitRef="TWD">9720011000</tw-gaap-ci:CostSalesCostSales>
	<tw-gaap-ci:CostSales contextRef="From20100101To20100331" decimals="-3" unitRef="TWD">13287373000</tw-gaap-ci:CostSales>
	<tw-gaap-ci:CostSales contextRef="From20090101To20090331" decimals="-3" unitRef="TWD">9720011000</tw-gaap-ci:CostSales>
	<tw-gaap-ci:OperatingCosts contextRef="From20100101To20100331" decimals="-3" unitRef="TWD">13287373000</tw-gaap-ci:OperatingCosts>
	<tw-gaap-ci:OperatingCosts contextRef="From20090101To20090331" decimals="-3" unitRef="TWD">9720011000</tw-gaap-ci:OperatingCosts>
	<tw-gaap-ci:GrossProfitLossOperations contextRef="From20100101To20100331" decimals="-3" unitRef="TWD">908568000</tw-gaap-ci:GrossProfitLossOperations>
	<tw-gaap-ci:GrossProfitLossOperations contextRef="From20090101To20090331" decimals="-3" unitRef="TWD">845970000</tw-gaap-ci:GrossProfitLossOperations>
	<tw-gaap-ci:UnrealizedGainInterAffiliateAccounts contextRef="From20100101To20100331" decimals="-3" unitRef="TWD">76268000</tw-gaap-ci:UnrealizedGainInterAffiliateAccounts>
	<tw-gaap-ci:UnrealizedGainInterAffiliateAccounts contextRef="From20090101To20090331" decimals="-3" unitRef="TWD">0</tw-gaap-ci:UnrealizedGainInterAffiliateAccounts>
	<tw-gaap-ci:RealizedGainInterAffiliateAccounts contextRef="From20100101To20100331" decimals="-3" unitRef="TWD">0</tw-gaap-ci:RealizedGainInterAffiliateAccounts>
	<tw-gaap-ci:RealizedGainInterAffiliateAccounts contextRef="From20090101To20090331" decimals="-3" unitRef="TWD">130338000</tw-gaap-ci:RealizedGainInterAffiliateAccounts>
	<tw-gaap-ci:OtherExpenses-SellingExpense contextRef="From20100101To20100331" decimals="-3" unitRef="TWD">237624000</tw-gaap-ci:OtherExpenses-SellingExpense>
	<tw-gaap-ci:OtherExpenses-SellingExpense contextRef="From20090101To20090331" decimals="-3" unitRef="TWD">194983000</tw-gaap-ci:OtherExpenses-SellingExpense>
	<tw-gaap-ci:Sellingexpense contextRef="From20100101To20100331" decimals="-3" unitRef="TWD">237624000</tw-gaap-ci:Sellingexpense>
	<tw-gaap-ci:Sellingexpense contextRef="From20090101To20090331" decimals="-3" unitRef="TWD">194983000</tw-gaap-ci:Sellingexpense>
	<tw-gaap-ci:OtherExpenses-GeneralAdministrativeExpenses contextRef="From20100101To20100331" decimals="-3" unitRef="TWD">126032000</tw-gaap-ci:OtherExpenses-GeneralAdministrativeExpenses>
	<tw-gaap-ci:OtherExpenses-GeneralAdministrativeExpenses contextRef="From20090101To20090331" decimals="-3" unitRef="TWD">136344000</tw-gaap-ci:OtherExpenses-GeneralAdministrativeExpenses>
	<tw-gaap-ci:GeneralAdministrativeExpenses contextRef="From20100101To20100331" decimals="-3" unitRef="TWD">126032000</tw-gaap-ci:GeneralAdministrativeExpenses>
	<tw-gaap-ci:GeneralAdministrativeExpenses contextRef="From20090101To20090331" decimals="-3" unitRef="TWD">136344000</tw-gaap-ci:GeneralAdministrativeExpenses>
	<tw-gaap-ci:OtherExpenses-ResearchDevelopmentExpenses contextRef="From20100101To20100331" decimals="-3" unitRef="TWD">606065000</tw-gaap-ci:OtherExpenses-ResearchDevelopmentExpenses>
	<tw-gaap-ci:OtherExpenses-ResearchDevelopmentExpenses contextRef="From20090101To20090331" decimals="-3" unitRef="TWD">402694000</tw-gaap-ci:OtherExpenses-ResearchDevelopmentExpenses>
	<tw-gaap-ci:ResearchDevelopmentExpenses contextRef="From20100101To20100331" decimals="-3" unitRef="TWD">606065000</tw-gaap-ci:ResearchDevelopmentExpenses>
	<tw-gaap-ci:ResearchDevelopmentExpenses contextRef="From20090101To20090331" decimals="-3" unitRef="TWD">402694000</tw-gaap-ci:ResearchDevelopmentExpenses>
	<tw-gaap-ci:OperatingExpenses contextRef="From20100101To20100331" decimals="-3" unitRef="TWD">969721000</tw-gaap-ci:OperatingExpenses>
	<tw-gaap-ci:OperatingExpenses contextRef="From20090101To20090331" decimals="-3" unitRef="TWD">734021000</tw-gaap-ci:OperatingExpenses>
	<tw-gaap-ci:OperatingIncomeLoss contextRef="From20100101To20100331" decimals="-3" unitRef="TWD">-137421000</tw-gaap-ci:OperatingIncomeLoss>
	<tw-gaap-ci:OperatingIncomeLoss contextRef="From20090101To20090331" decimals="-3" unitRef="TWD">242287000</tw-gaap-ci:OperatingIncomeLoss>
	<tw-gaap-ci:InterestIncome contextRef="From20100101To20100331" decimals="-3" unitRef="TWD">8175000</tw-gaap-ci:InterestIncome>
	<tw-gaap-ci:InterestIncome contextRef="From20090101To20090331" decimals="-3" unitRef="TWD">5253000</tw-gaap-ci:InterestIncome>
	<tw-gaap-ci:InvestmentGainsRecognizedEquityMethod contextRef="From20100101To20100331" decimals="-3" unitRef="TWD">976095000</tw-gaap-ci:InvestmentGainsRecognizedEquityMethod>
	<tw-gaap-ci:InvestmentGainsRecognizedEquityMethod contextRef="From20090101To20090331" decimals="-3" unitRef="TWD">0</tw-gaap-ci:InvestmentGainsRecognizedEquityMethod>
	<tw-gaap-ci:InvestmentGains contextRef="From20100101To20100331" decimals="-3" unitRef="TWD">976095000</tw-gaap-ci:InvestmentGains>
	<tw-gaap-ci:InvestmentGains contextRef="From20090101To20090331" decimals="-3" unitRef="TWD">0</tw-gaap-ci:InvestmentGains>
	<tw-gaap-ci:GainsSaleInvestments contextRef="From20100101To20100331" decimals="-3" unitRef="TWD">1101533000</tw-gaap-ci:GainsSaleInvestments>
	<tw-gaap-ci:GainsSaleInvestments contextRef="From20090101To20090331" decimals="-3" unitRef="TWD">23000</tw-gaap-ci:GainsSaleInvestments>
	<tw-gaap-ci:ForeignExchangeGains contextRef="From20100101To20100331" decimals="-3" unitRef="TWD">28428000</tw-gaap-ci:ForeignExchangeGains>
	<tw-gaap-ci:ForeignExchangeGains contextRef="From20090101To20090331" decimals="-3" unitRef="TWD">0</tw-gaap-ci:ForeignExchangeGains>
	<tw-gaap-ci:MiscellaneousIncome contextRef="From20100101To20100331" decimals="-3" unitRef="TWD">14680000</tw-gaap-ci:MiscellaneousIncome>
	<tw-gaap-ci:MiscellaneousIncome contextRef="From20090101To20090331" decimals="-3" unitRef="TWD">9952000</tw-gaap-ci:MiscellaneousIncome>
	<tw-gaap-ci:NonOperatingIncomeGains contextRef="From20100101To20100331" decimals="-3" unitRef="TWD">2128911000</tw-gaap-ci:NonOperatingIncomeGains>
	<tw-gaap-ci:NonOperatingIncomeGains contextRef="From20090101To20090331" decimals="-3" unitRef="TWD">15228000</tw-gaap-ci:NonOperatingIncomeGains>
	<tw-gaap-ci:InterestExpense contextRef="From20100101To20100331" decimals="-3" unitRef="TWD">142333000</tw-gaap-ci:InterestExpense>
	<tw-gaap-ci:InterestExpense contextRef="From20090101To20090331" decimals="-3" unitRef="TWD">181310000</tw-gaap-ci:InterestExpense>
	<tw-gaap-ci:NonOperatingExpensesInvestmentLossRecognizedEquityMethod contextRef="From20100101To20100331" decimals="-3" unitRef="TWD">0</tw-gaap-ci:NonOperatingExpensesInvestmentLossRecognizedEquityMethod>
	<tw-gaap-ci:NonOperatingExpensesInvestmentLossRecognizedEquityMethod contextRef="From20090101To20090331" decimals="-3" unitRef="TWD">2141099000</tw-gaap-ci:NonOperatingExpensesInvestmentLossRecognizedEquityMethod>
	<tw-gaap-ci:OtherInvestmentLoss contextRef="From20100101To20100331" decimals="-3" unitRef="TWD">2224000</tw-gaap-ci:OtherInvestmentLoss>
	<tw-gaap-ci:OtherInvestmentLoss contextRef="From20090101To20090331" decimals="-3" unitRef="TWD">0</tw-gaap-ci:OtherInvestmentLoss>
	<tw-gaap-ci:NonOperatingExpensesInvestmentLoss contextRef="From20100101To20100331" decimals="-3" unitRef="TWD">2224000</tw-gaap-ci:NonOperatingExpensesInvestmentLoss>
	<tw-gaap-ci:NonOperatingExpensesInvestmentLoss contextRef="From20090101To20090331" decimals="-3" unitRef="TWD">2141099000</tw-gaap-ci:NonOperatingExpensesInvestmentLoss>
	<tw-gaap-ci:ForeignExchangeLosses contextRef="From20100101To20100331" decimals="-3" unitRef="TWD">0</tw-gaap-ci:ForeignExchangeLosses>
	<tw-gaap-ci:ForeignExchangeLosses contextRef="From20090101To20090331" decimals="-3" unitRef="TWD">10520000</tw-gaap-ci:ForeignExchangeLosses>
	<tw-gaap-ci:RevaluationLossFinancialAssets contextRef="From20100101To20100331" decimals="-3" unitRef="TWD">11780000</tw-gaap-ci:RevaluationLossFinancialAssets>
	<tw-gaap-ci:RevaluationLossFinancialAssets contextRef="From20090101To20090331" decimals="-3" unitRef="TWD">57736000</tw-gaap-ci:RevaluationLossFinancialAssets>
	<tw-gaap-ci:MiscellaneousDisbursements contextRef="From20100101To20100331" decimals="-3" unitRef="TWD">22000</tw-gaap-ci:MiscellaneousDisbursements>
	<tw-gaap-ci:MiscellaneousDisbursements contextRef="From20090101To20090331" decimals="-3" unitRef="TWD">12558000</tw-gaap-ci:MiscellaneousDisbursements>
	<tw-gaap-ci:NonOperatingExpenses contextRef="From20100101To20100331" decimals="-3" unitRef="TWD">156359000</tw-gaap-ci:NonOperatingExpenses>
	<tw-gaap-ci:NonOperatingExpenses contextRef="From20090101To20090331" decimals="-3" unitRef="TWD">2403223000</tw-gaap-ci:NonOperatingExpenses>
	<tw-gaap-ci:IncomeContinuingOperationsBeforeIncomeTax contextRef="From20100101To20100331" decimals="-3" unitRef="TWD">1835131000</tw-gaap-ci:IncomeContinuingOperationsBeforeIncomeTax>
	<tw-gaap-ci:IncomeContinuingOperationsBeforeIncomeTax contextRef="From20090101To20090331" decimals="-3" unitRef="TWD">-2145708000</tw-gaap-ci:IncomeContinuingOperationsBeforeIncomeTax>
	<tw-gaap-ci:IncomeTaxExpenseBenefitIncomeTaxExpenseBenefit contextRef="From20100101To20100331" decimals="-3" unitRef="TWD">106867000</tw-gaap-ci:IncomeTaxExpenseBenefitIncomeTaxExpenseBenefit>
	<tw-gaap-ci:IncomeTaxExpenseBenefitIncomeTaxExpenseBenefit contextRef="From20090101To20090331" decimals="-3" unitRef="TWD">0</tw-gaap-ci:IncomeTaxExpenseBenefitIncomeTaxExpenseBenefit>
	<tw-gaap-ci:IncomeTaxExpenseBenefit contextRef="From20100101To20100331" decimals="-3" unitRef="TWD">106867000</tw-gaap-ci:IncomeTaxExpenseBenefit>
	<tw-gaap-ci:IncomeTaxExpenseBenefit contextRef="From20090101To20090331" decimals="-3" unitRef="TWD">0</tw-gaap-ci:IncomeTaxExpenseBenefit>
	<tw-gaap-ci:IncomeContinuingOperations contextRef="From20100101To20100331" decimals="-3" unitRef="TWD">1728264000</tw-gaap-ci:IncomeContinuingOperations>
	<tw-gaap-ci:IncomeContinuingOperations contextRef="From20090101To20090331" decimals="-3" unitRef="TWD">-2145708000</tw-gaap-ci:IncomeContinuingOperations>
	<tw-gaap-ci:NetIncomeLoss contextRef="From20100101To20100331" decimals="-3" unitRef="TWD">1728264000</tw-gaap-ci:NetIncomeLoss>
	<tw-gaap-ci:NetIncomeLoss contextRef="From20090101To20090331" decimals="-3" unitRef="TWD">-2145708000</tw-gaap-ci:NetIncomeLoss>
	<tw-gaap-ci:PrimaryEarningsPerShare contextRef="From20100101To20100331" decimals="2" unitRef="TWD">0.90</tw-gaap-ci:PrimaryEarningsPerShare>
	<tw-gaap-ci:PrimaryEarningsPerShare contextRef="From20090101To20090331" decimals="2" unitRef="TWD">-1.11</tw-gaap-ci:PrimaryEarningsPerShare>
	<tw-gaap-ci:DilutedEarningsPerShare contextRef="From20100101To20100331" decimals="2" unitRef="TWD">0.89</tw-gaap-ci:DilutedEarningsPerShare>
	<tw-gaap-ci:DilutedEarningsPerShare contextRef="From20090101To20090331" decimals="2" unitRef="TWD">-1.11</tw-gaap-ci:DilutedEarningsPerShare>
	<tw-gaap-ci:NetIncomeLoss_StatementCashFlows contextRef="From20100101To20100331" decimals="-3" unitRef="TWD">1728264000</tw-gaap-ci:NetIncomeLoss_StatementCashFlows>
	<tw-gaap-ci:NetIncomeLoss_StatementCashFlows contextRef="From20090101To20090331" decimals="-3" unitRef="TWD">-2145708000</tw-gaap-ci:NetIncomeLoss_StatementCashFlows>
	<tw-gaap-ci:DepreciationExpense-Operating contextRef="From20100101To20100331" decimals="-3" unitRef="TWD">29709000</tw-gaap-ci:DepreciationExpense-Operating>
	<tw-gaap-ci:DepreciationExpense-Operating contextRef="From20090101To20090331" decimals="-3" unitRef="TWD">35233000</tw-gaap-ci:DepreciationExpense-Operating>
	<tw-gaap-ci:AmortizationExpense-Operating contextRef="From20100101To20100331" decimals="-3" unitRef="TWD">12864000</tw-gaap-ci:AmortizationExpense-Operating>
	<tw-gaap-ci:AmortizationExpense-Operating contextRef="From20090101To20090331" decimals="-3" unitRef="TWD">19163000</tw-gaap-ci:AmortizationExpense-Operating>
	<tw-gaap-ci:ProvisionTransferRevenueBadDebtsLosses contextRef="From20100101To20100331" decimals="-3" unitRef="TWD">25316000</tw-gaap-ci:ProvisionTransferRevenueBadDebtsLosses>
	<tw-gaap-ci:ProvisionTransferRevenueBadDebtsLosses contextRef="From20090101To20090331" decimals="-3" unitRef="TWD">-17460000</tw-gaap-ci:ProvisionTransferRevenueBadDebtsLosses>
	<tw-gaap-ci:AmortizationDiscountsPremiumsBondsPayable contextRef="From20100101To20100331" decimals="-3" unitRef="TWD">13630000</tw-gaap-ci:AmortizationDiscountsPremiumsBondsPayable>
	<tw-gaap-ci:AmortizationDiscountsPremiumsBondsPayable contextRef="From20090101To20090331" decimals="-3" unitRef="TWD">8890000</tw-gaap-ci:AmortizationDiscountsPremiumsBondsPayable>
	<tw-gaap-ci:GainLossInventoryValuationObsolescenceRecoverie contextRef="From20100101To20100331" decimals="-3" unitRef="TWD">-5146000</tw-gaap-ci:GainLossInventoryValuationObsolescenceRecoverie>
	<tw-gaap-ci:GainLossInventoryValuationObsolescenceRecoverie contextRef="From20090101To20090331" decimals="-3" unitRef="TWD">1472000</tw-gaap-ci:GainLossInventoryValuationObsolescenceRecoverie>
	<tw-gaap-ci:InvestmentLossIncomeRecognizedEquityMethod contextRef="From20100101To20100331" decimals="-3" unitRef="TWD">-976095000</tw-gaap-ci:InvestmentLossIncomeRecognizedEquityMethod>
	<tw-gaap-ci:InvestmentLossIncomeRecognizedEquityMethod contextRef="From20090101To20090331" decimals="-3" unitRef="TWD">2141099000</tw-gaap-ci:InvestmentLossIncomeRecognizedEquityMethod>
	<tw-gaap-ci:GainLossDisposalScrappingFixedAssets contextRef="From20100101To20100331" decimals="-3" unitRef="TWD">22000</tw-gaap-ci:GainLossDisposalScrappingFixedAssets>
	<tw-gaap-ci:GainLossDisposalScrappingFixedAssets contextRef="From20090101To20090331" decimals="-3" unitRef="TWD">-289000</tw-gaap-ci:GainLossDisposalScrappingFixedAssets>
	<tw-gaap-ci:GainsLossesSaleInvestments contextRef="From20100101To20100331" decimals="-3" unitRef="TWD">-1101533000</tw-gaap-ci:GainsLossesSaleInvestments>
	<tw-gaap-ci:GainsLossesSaleInvestments contextRef="From20090101To20090331" decimals="-3" unitRef="TWD">-23000</tw-gaap-ci:GainsLossesSaleInvestments>
	<tw-gaap-ci:AcquireLossesGainsBondsPayable contextRef="From20100101To20100331" decimals="-3" unitRef="TWD">0</tw-gaap-ci:AcquireLossesGainsBondsPayable>
	<tw-gaap-ci:AcquireLossesGainsBondsPayable contextRef="From20090101To20090331" decimals="-3" unitRef="TWD">10511000</tw-gaap-ci:AcquireLossesGainsBondsPayable>
	<tw-gaap-ci:OtherAdjustmentsReconcileNetIncomeNetCashProvidedUsedOperatingActivities contextRef="From20100101To20100331" decimals="-3" unitRef="TWD">-25070000</tw-gaap-ci:OtherAdjustmentsReconcileNetIncomeNetCashProvidedUsedOperatingActivities>
	<tw-gaap-ci:OtherAdjustmentsReconcileNetIncomeNetCashProvidedUsedOperatingActivities contextRef="From20090101To20090331" decimals="-3" unitRef="TWD">-27295000</tw-gaap-ci:OtherAdjustmentsReconcileNetIncomeNetCashProvidedUsedOperatingActivities>
	<tw-gaap-ci:AdjustmentsReconcileNetIncomeNetCashProvidedUsedOperatingActivities contextRef="From20100101To20100331" decimals="-3" unitRef="TWD">-2026303000</tw-gaap-ci:AdjustmentsReconcileNetIncomeNetCashProvidedUsedOperatingActivities>
	<tw-gaap-ci:AdjustmentsReconcileNetIncomeNetCashProvidedUsedOperatingActivities contextRef="From20090101To20090331" decimals="-3" unitRef="TWD">2171301000</tw-gaap-ci:AdjustmentsReconcileNetIncomeNetCashProvidedUsedOperatingActivities>
	<tw-gaap-ci:ChangesAccountsReceivable contextRef="From20100101To20100331" decimals="-3" unitRef="TWD">-561599000</tw-gaap-ci:ChangesAccountsReceivable>
	<tw-gaap-ci:ChangesAccountsReceivable contextRef="From20090101To20090331" decimals="-3" unitRef="TWD">1361121000</tw-gaap-ci:ChangesAccountsReceivable>
	<tw-gaap-ci:ChangesAccountsReceivableRelatedParties contextRef="From20100101To20100331" decimals="-3" unitRef="TWD">-950832000</tw-gaap-ci:ChangesAccountsReceivableRelatedParties>
	<tw-gaap-ci:ChangesAccountsReceivableRelatedParties contextRef="From20090101To20090331" decimals="-3" unitRef="TWD">1137284000</tw-gaap-ci:ChangesAccountsReceivableRelatedParties>
	<tw-gaap-ci:ChangesOtherReceivables contextRef="From20100101To20100331" decimals="-3" unitRef="TWD">75045000</tw-gaap-ci:ChangesOtherReceivables>
	<tw-gaap-ci:ChangesOtherReceivables contextRef="From20090101To20090331" decimals="-3" unitRef="TWD">125916000</tw-gaap-ci:ChangesOtherReceivables>
	<tw-gaap-ci:ChangesOtherReceivableRelatedParties contextRef="From20100101To20100331" decimals="-3" unitRef="TWD">-70361000</tw-gaap-ci:ChangesOtherReceivableRelatedParties>
	<tw-gaap-ci:ChangesOtherReceivableRelatedParties contextRef="From20090101To20090331" decimals="-3" unitRef="TWD">0</tw-gaap-ci:ChangesOtherReceivableRelatedParties>
	<tw-gaap-ci:ChangesInventories contextRef="From20100101To20100331" decimals="-3" unitRef="TWD">-32326000</tw-gaap-ci:ChangesInventories>
	<tw-gaap-ci:ChangesInventories contextRef="From20090101To20090331" decimals="-3" unitRef="TWD">366921000</tw-gaap-ci:ChangesInventories>
	<tw-gaap-ci:ChangesPrepaidExpenses contextRef="From20100101To20100331" decimals="-3" unitRef="TWD">-6291000</tw-gaap-ci:ChangesPrepaidExpenses>
	<tw-gaap-ci:ChangesPrepaidExpenses contextRef="From20090101To20090331" decimals="-3" unitRef="TWD">2191000</tw-gaap-ci:ChangesPrepaidExpenses>
	<tw-gaap-ci:ChangesOperatingAssets contextRef="From20100101To20100331" decimals="-3" unitRef="TWD">-1546364000</tw-gaap-ci:ChangesOperatingAssets>
	<tw-gaap-ci:ChangesOperatingAssets contextRef="From20090101To20090331" decimals="-3" unitRef="TWD">2993433000</tw-gaap-ci:ChangesOperatingAssets>
	<tw-gaap-ci:ChangesFinancialLiabilitiesTrading contextRef="From20100101To20100331" decimals="-3" unitRef="TWD">11780000</tw-gaap-ci:ChangesFinancialLiabilitiesTrading>
	<tw-gaap-ci:ChangesFinancialLiabilitiesTrading contextRef="From20090101To20090331" decimals="-3" unitRef="TWD">52960000</tw-gaap-ci:ChangesFinancialLiabilitiesTrading>
	<tw-gaap-ci:ChangesAccountsPayable contextRef="From20100101To20100331" decimals="-3" unitRef="TWD">-107622000</tw-gaap-ci:ChangesAccountsPayable>
	<tw-gaap-ci:ChangesAccountsPayable contextRef="From20090101To20090331" decimals="-3" unitRef="TWD">396628000</tw-gaap-ci:ChangesAccountsPayable>
	<tw-gaap-ci:ChangesAccountsPayableRelatedParties contextRef="From20100101To20100331" decimals="-3" unitRef="TWD">-915594000</tw-gaap-ci:ChangesAccountsPayableRelatedParties>
	<tw-gaap-ci:ChangesAccountsPayableRelatedParties contextRef="From20090101To20090331" decimals="-3" unitRef="TWD">516852000</tw-gaap-ci:ChangesAccountsPayableRelatedParties>
	<tw-gaap-ci:ChangesAccruedExpenses contextRef="From20100101To20100331" decimals="-3" unitRef="TWD">-154743000</tw-gaap-ci:ChangesAccruedExpenses>
	<tw-gaap-ci:ChangesAccruedExpenses contextRef="From20090101To20090331" decimals="-3" unitRef="TWD">3069553000</tw-gaap-ci:ChangesAccruedExpenses>
	<tw-gaap-ci:ChangeOtherPayableRelatedParties contextRef="From20100101To20100331" decimals="-3" unitRef="TWD">38939000</tw-gaap-ci:ChangeOtherPayableRelatedParties>
	<tw-gaap-ci:ChangeOtherPayableRelatedParties contextRef="From20090101To20090331" decimals="-3" unitRef="TWD">-77243000</tw-gaap-ci:ChangeOtherPayableRelatedParties>
	<tw-gaap-ci:ChangesDeferredCredits contextRef="From20100101To20100331" decimals="-3" unitRef="TWD">76268000</tw-gaap-ci:ChangesDeferredCredits>
	<tw-gaap-ci:ChangesDeferredCredits contextRef="From20090101To20090331" decimals="-3" unitRef="TWD">-130338000</tw-gaap-ci:ChangesDeferredCredits>
	<tw-gaap-ci:ChangesOperatingLiabilities contextRef="From20100101To20100331" decimals="-3" unitRef="TWD">-1050972000</tw-gaap-ci:ChangesOperatingLiabilities>
	<tw-gaap-ci:ChangesOperatingLiabilities contextRef="From20090101To20090331" decimals="-3" unitRef="TWD">3828412000</tw-gaap-ci:ChangesOperatingLiabilities>
	<tw-gaap-ci:ChangesOperatingAssetsLiabilities contextRef="From20100101To20100331" decimals="-3" unitRef="TWD">-2597336000</tw-gaap-ci:ChangesOperatingAssetsLiabilities>
	<tw-gaap-ci:ChangesOperatingAssetsLiabilities contextRef="From20090101To20090331" decimals="-3" unitRef="TWD">6821845000</tw-gaap-ci:ChangesOperatingAssetsLiabilities>
	<tw-gaap-ci:NetCashProvidedUsedOperatingActivities contextRef="From20100101To20100331" decimals="-3" unitRef="TWD">-2895375000</tw-gaap-ci:NetCashProvidedUsedOperatingActivities>
	<tw-gaap-ci:NetCashProvidedUsedOperatingActivities contextRef="From20090101To20090331" decimals="-3" unitRef="TWD">6847438000</tw-gaap-ci:NetCashProvidedUsedOperatingActivities>
	<tw-gaap-ci:AcquisitionInvestmentsAccountedEquityMethod contextRef="From20100101To20100331" decimals="-3" unitRef="TWD">-140000000</tw-gaap-ci:AcquisitionInvestmentsAccountedEquityMethod>
	<tw-gaap-ci:AcquisitionInvestmentsAccountedEquityMethod contextRef="From20090101To20090331" decimals="-3" unitRef="TWD">0</tw-gaap-ci:AcquisitionInvestmentsAccountedEquityMethod>
	<tw-gaap-ci:ReductionReturnStockValueInvestments contextRef="From20100101To20100331" decimals="-3" unitRef="TWD">45725000</tw-gaap-ci:ReductionReturnStockValueInvestments>
	<tw-gaap-ci:ReductionReturnStockValueInvestments contextRef="From20090101To20090331" decimals="-3" unitRef="TWD">623000</tw-gaap-ci:ReductionReturnStockValueInvestments>
	<tw-gaap-ci:AcquisitionPropertyPlantEquipment contextRef="From20100101To20100331" decimals="-3" unitRef="TWD">-2612000</tw-gaap-ci:AcquisitionPropertyPlantEquipment>
	<tw-gaap-ci:AcquisitionPropertyPlantEquipment contextRef="From20090101To20090331" decimals="-3" unitRef="TWD">-18572000</tw-gaap-ci:AcquisitionPropertyPlantEquipment>
	<tw-gaap-ci:ProceedsDisposalPropertyPlantEquipment contextRef="From20100101To20100331" decimals="-3" unitRef="TWD">0</tw-gaap-ci:ProceedsDisposalPropertyPlantEquipment>
	<tw-gaap-ci:ProceedsDisposalPropertyPlantEquipment contextRef="From20090101To20090331" decimals="-3" unitRef="TWD">13066000</tw-gaap-ci:ProceedsDisposalPropertyPlantEquipment>
	<tw-gaap-ci:ChangesRefundableDeposits contextRef="From20100101To20100331" decimals="-3" unitRef="TWD">-34676000</tw-gaap-ci:ChangesRefundableDeposits>
	<tw-gaap-ci:ChangesRefundableDeposits contextRef="From20090101To20090331" decimals="-3" unitRef="TWD">-90937000</tw-gaap-ci:ChangesRefundableDeposits>
	<tw-gaap-ci:ChangesRestrictedAssets contextRef="From20100101To20100331" decimals="-3" unitRef="TWD">0</tw-gaap-ci:ChangesRestrictedAssets>
	<tw-gaap-ci:ChangesRestrictedAssets contextRef="From20090101To20090331" decimals="-3" unitRef="TWD">-15855000</tw-gaap-ci:ChangesRestrictedAssets>
	<tw-gaap-ci:IncreaseDecreaseReceivables contextRef="From20100101To20100331" decimals="-3" unitRef="TWD">-9380000</tw-gaap-ci:IncreaseDecreaseReceivables>
	<tw-gaap-ci:IncreaseDecreaseReceivables contextRef="From20090101To20090331" decimals="-3" unitRef="TWD">-898800000</tw-gaap-ci:IncreaseDecreaseReceivables>
	<tw-gaap-ci:OtherInvestingActivities contextRef="From20100101To20100331" decimals="-3" unitRef="TWD">2247234000</tw-gaap-ci:OtherInvestingActivities>
	<tw-gaap-ci:OtherInvestingActivities contextRef="From20090101To20090331" decimals="-3" unitRef="TWD">0</tw-gaap-ci:OtherInvestingActivities>
	<tw-gaap-ci:NetCashProvidedUsedInvestingActivities contextRef="From20100101To20100331" decimals="-3" unitRef="TWD">2106291000</tw-gaap-ci:NetCashProvidedUsedInvestingActivities>
	<tw-gaap-ci:NetCashProvidedUsedInvestingActivities contextRef="From20090101To20090331" decimals="-3" unitRef="TWD">-1010475000</tw-gaap-ci:NetCashProvidedUsedInvestingActivities>
	<tw-gaap-ci:ChangesShortTermLoans contextRef="From20100101To20100331" decimals="-3" unitRef="TWD">-1024960000</tw-gaap-ci:ChangesShortTermLoans>
	<tw-gaap-ci:ChangesShortTermLoans contextRef="From20090101To20090331" decimals="-3" unitRef="TWD">-8783955000</tw-gaap-ci:ChangesShortTermLoans>
	<tw-gaap-ci:RedemptionRepurchaeConvertibleSecuritiesConversion contextRef="From20100101To20100331" decimals="-3" unitRef="TWD">0</tw-gaap-ci:RedemptionRepurchaeConvertibleSecuritiesConversion>
	<tw-gaap-ci:RedemptionRepurchaeConvertibleSecuritiesConversion contextRef="From20090101To20090331" decimals="-3" unitRef="TWD">-2422400000</tw-gaap-ci:RedemptionRepurchaeConvertibleSecuritiesConversion>
	<tw-gaap-ci:ProceedsLongTermDebt contextRef="From20100101To20100331" decimals="-3" unitRef="TWD">9000000000</tw-gaap-ci:ProceedsLongTermDebt>
	<tw-gaap-ci:ProceedsLongTermDebt contextRef="From20090101To20090331" decimals="-3" unitRef="TWD">0</tw-gaap-ci:ProceedsLongTermDebt>
	<tw-gaap-ci:RepaymentLongTermDebt contextRef="From20100101To20100331" decimals="-3" unitRef="TWD">-5600000000</tw-gaap-ci:RepaymentLongTermDebt>
	<tw-gaap-ci:RepaymentLongTermDebt contextRef="From20090101To20090331" decimals="-3" unitRef="TWD">0</tw-gaap-ci:RepaymentLongTermDebt>
	<tw-gaap-ci:NetCashProvidedUsedFinancingActivities contextRef="From20100101To20100331" decimals="-3" unitRef="TWD">2375040000</tw-gaap-ci:NetCashProvidedUsedFinancingActivities>
	<tw-gaap-ci:NetCashProvidedUsedFinancingActivities contextRef="From20090101To20090331" decimals="-3" unitRef="TWD">-11206355000</tw-gaap-ci:NetCashProvidedUsedFinancingActivities>
	<tw-gaap-ci:NetChangesCashCashEquivalents contextRef="From20100101To20100331" decimals="-3" unitRef="TWD">1585956000</tw-gaap-ci:NetChangesCashCashEquivalents>
	<tw-gaap-ci:NetChangesCashCashEquivalents contextRef="From20090101To20090331" decimals="-3" unitRef="TWD">-5369392000</tw-gaap-ci:NetChangesCashCashEquivalents>
	<tw-gaap-ci:CashCashEquivalents contextRef="AsOf20100101" decimals="-3" unitRef="TWD">774104000</tw-gaap-ci:CashCashEquivalents>
	<tw-gaap-ci:CashCashEquivalents contextRef="AsOf20090101" decimals="-3" unitRef="TWD">7923880000</tw-gaap-ci:CashCashEquivalents>
	<tw-gaap-ci:InterestPaid contextRef="From20100101To20100331" decimals="-3" unitRef="TWD">136718000</tw-gaap-ci:InterestPaid>
	<tw-gaap-ci:InterestPaid contextRef="From20090101To20090331" decimals="-3" unitRef="TWD">169594000</tw-gaap-ci:InterestPaid>
	<tw-gaap-ci:InterestPaidExcludingCapitalizedInterest contextRef="From20100101To20100331" decimals="-3" unitRef="TWD">136718000</tw-gaap-ci:InterestPaidExcludingCapitalizedInterest>
	<tw-gaap-ci:InterestPaidExcludingCapitalizedInterest contextRef="From20090101To20090331" decimals="-3" unitRef="TWD">169594000</tw-gaap-ci:InterestPaidExcludingCapitalizedInterest>
	<tw-gaap-ci:IncomeTaxPaid contextRef="From20100101To20100331" decimals="-3" unitRef="TWD">37000</tw-gaap-ci:IncomeTaxPaid>
	<tw-gaap-ci:IncomeTaxPaid contextRef="From20090101To20090331" decimals="-3" unitRef="TWD">0</tw-gaap-ci:IncomeTaxPaid>
	<tw-gaap-ci:CurrentPortionLong-termLiability contextRef="From20100101To20100331" decimals="-3" unitRef="TWD">0</tw-gaap-ci:CurrentPortionLong-termLiability>
	<tw-gaap-ci:CurrentPortionLong-termLiability contextRef="From20090101To20090331" decimals="-3" unitRef="TWD">6200000000</tw-gaap-ci:CurrentPortionLong-termLiability>
	<tw-gaap-ci:UnrealizedValuationGainsLossesFinancialInstruments contextRef="From20100101To20100331" decimals="-3" unitRef="TWD">26126000</tw-gaap-ci:UnrealizedValuationGainsLossesFinancialInstruments>
	<tw-gaap-ci:UnrealizedValuationGainsLossesFinancialInstruments contextRef="From20090101To20090331" decimals="-3" unitRef="TWD">312414000</tw-gaap-ci:UnrealizedValuationGainsLossesFinancialInstruments>
	<tw-gaap-ci:CumulativeTranslationAdjustments_CFS contextRef="From20100101To20100331" decimals="-3" unitRef="TWD">-44977000</tw-gaap-ci:CumulativeTranslationAdjustments_CFS>
	<tw-gaap-ci:CumulativeTranslationAdjustments_CFS contextRef="From20090101To20090331" decimals="-3" unitRef="TWD">266068000</tw-gaap-ci:CumulativeTranslationAdjustments_CFS>
	<tw-gaap-ci:Other contextRef="From20100101To20100331" decimals="-3" unitRef="TWD">-269629000</tw-gaap-ci:Other>
	<tw-gaap-ci:Other contextRef="From20090101To20090331" decimals="-3" unitRef="TWD">5272000</tw-gaap-ci:Other>
</xbrl>
