<?xml version="1.0" encoding="Big5" ?><xbrl xmlns="http://www.xbrl.org/2003/instance" xmlns:iso4217="http://www.xbrl.org/2003/iso4217" xmlns:link="http://www.xbrl.org/2003/linkbase" xmlns:tw-gaap-ar="http://www.xbrl.org/tw/fr/gaap/ar/2010-03-31" xmlns:tw-gaap-ci="http://www.xbrl.org/tw/fr/gaap/tw-gaap-ci-2010-03-31" xmlns:xbrldi="http://xbrl.org/2006/xbrldi" xmlns:xbrldt="http://xbrl.org/2005/xbrldt" xmlns:xbrli="http://www.xbrl.org/2003/instance" xmlns:xlink="http://www.w3.org/1999/xlink"><link:schemaRef xlink:arcrole="http://www.w3.org/1999/xlink/properties/linkbase" xlink:href="tw-gaap-ci-2010-03-31.xsd" xlink:type="simple" />
<context id="AsOf20100101"><entity><identifier scheme="http://www.twse.com.tw">2399</identifier></entity><period><instant>2010-01-01</instant></period></context>
<context id="AsOf20090101"><entity><identifier scheme="http://www.twse.com.tw">2399</identifier></entity><period><instant>2009-01-01</instant></period></context>
<context id="From20100101To20100331"><entity><identifier scheme="http://www.twse.com.tw">2399</identifier></entity><period><startDate>2010-01-01</startDate><endDate>2010-03-31</endDate></period></context>
<context id="From20090101To20090331"><entity><identifier scheme="http://www.twse.com.tw">2399</identifier></entity><period><startDate>2009-01-01</startDate><endDate>2009-03-31</endDate></period></context>
<context id="AsOf20100331"><entity><identifier scheme="http://www.twse.com.tw">2399</identifier></entity><period><instant>2010-03-31</instant></period></context>
<context id="AsOf20090331"><entity><identifier scheme="http://www.twse.com.tw">2399</identifier></entity><period><instant>2009-03-31</instant></period></context>
<unit id="TWD"><measure>iso4217:TWD</measure></unit>
<unit id="Shares"><measure>xbrli:shares</measure></unit>
<unit id="EarningsPerShare"><divide><unitNumerator><measure>iso4217:TWD</measure></unitNumerator><unitDenominator><measure>xbrli:shares</measure></unitDenominator></divide></unit>
<tw-gaap-ci:Assets contextRef="AsOf20100331" decimals="-3" unitRef="TWD">4947144000</tw-gaap-ci:Assets>
<tw-gaap-ci:Assets contextRef="AsOf20090331" decimals="-3" unitRef="TWD">3754027000</tw-gaap-ci:Assets>
<tw-gaap-ci:CurrentAssets contextRef="AsOf20100331" decimals="-3" unitRef="TWD">4216554000</tw-gaap-ci:CurrentAssets>
<tw-gaap-ci:CurrentAssets contextRef="AsOf20090331" decimals="-3" unitRef="TWD">3187471000</tw-gaap-ci:CurrentAssets>
<tw-gaap-ci:CashCashEquivalents contextRef="AsOf20100331" decimals="-3" unitRef="TWD">1619427000</tw-gaap-ci:CashCashEquivalents>
<tw-gaap-ci:CashCashEquivalents contextRef="AsOf20090331" decimals="-3" unitRef="TWD">1406714000</tw-gaap-ci:CashCashEquivalents>
<tw-gaap-ci:AvailableSaleFinancialAssetsCurrent contextRef="AsOf20090331" decimals="-3" unitRef="TWD">60011000</tw-gaap-ci:AvailableSaleFinancialAssetsCurrent>
<tw-gaap-ci:NetNotesReceivable contextRef="AsOf20100331" decimals="-3" unitRef="TWD">210000</tw-gaap-ci:NetNotesReceivable>
<tw-gaap-ci:NetNotesReceivable contextRef="AsOf20090331" decimals="-3" unitRef="TWD">382000</tw-gaap-ci:NetNotesReceivable>
<tw-gaap-ci:NetAccountsReceivable contextRef="AsOf20100331" decimals="-3" unitRef="TWD">760482000</tw-gaap-ci:NetAccountsReceivable>
<tw-gaap-ci:NetAccountsReceivable contextRef="AsOf20090331" decimals="-3" unitRef="TWD">604260000</tw-gaap-ci:NetAccountsReceivable>
<tw-gaap-ci:NetAccountsReceivableRelatedParties contextRef="AsOf20100331" decimals="-3" unitRef="TWD">976541000</tw-gaap-ci:NetAccountsReceivableRelatedParties>
<tw-gaap-ci:NetAccountsReceivableRelatedParties contextRef="AsOf20090331" decimals="-3" unitRef="TWD">683254000</tw-gaap-ci:NetAccountsReceivableRelatedParties>
<tw-gaap-ci:OtherFinancialAssetsCurrent contextRef="AsOf20100331" decimals="-3" unitRef="TWD">33871000</tw-gaap-ci:OtherFinancialAssetsCurrent>
<tw-gaap-ci:OtherFinancialAssetsCurrent contextRef="AsOf20090331" decimals="-3" unitRef="TWD">33882000</tw-gaap-ci:OtherFinancialAssetsCurrent>
<tw-gaap-ci:Inventories contextRef="AsOf20100331" decimals="-3" unitRef="TWD">735391000</tw-gaap-ci:Inventories>
<tw-gaap-ci:Inventories contextRef="AsOf20090331" decimals="-3" unitRef="TWD">327090000</tw-gaap-ci:Inventories>
<tw-gaap-ci:OtherCurrentAssets contextRef="AsOf20100331" decimals="-3" unitRef="TWD">90632000</tw-gaap-ci:OtherCurrentAssets>
<tw-gaap-ci:OtherCurrentAssets contextRef="AsOf20090331" decimals="-3" unitRef="TWD">71878000</tw-gaap-ci:OtherCurrentAssets>
<tw-gaap-ci:OthercurrentAssetsOther contextRef="AsOf20100331" decimals="-3" unitRef="TWD">90632000</tw-gaap-ci:OthercurrentAssetsOther>
<tw-gaap-ci:OthercurrentAssetsOther contextRef="AsOf20090331" decimals="-3" unitRef="TWD">71878000</tw-gaap-ci:OthercurrentAssetsOther>
<tw-gaap-ci:FundsInvestments contextRef="AsOf20100331" decimals="-3" unitRef="TWD">233237000</tw-gaap-ci:FundsInvestments>
<tw-gaap-ci:FundsInvestments contextRef="AsOf20090331" decimals="-3" unitRef="TWD">215050000</tw-gaap-ci:FundsInvestments>
<tw-gaap-ci:NetFinancialAssetsCarriedCostNonCurrent contextRef="AsOf20100331" decimals="-3" unitRef="TWD">22998000</tw-gaap-ci:NetFinancialAssetsCarriedCostNonCurrent>
<tw-gaap-ci:NetFinancialAssetsCarriedCostNonCurrent contextRef="AsOf20090331" decimals="-3" unitRef="TWD">3198000</tw-gaap-ci:NetFinancialAssetsCarriedCostNonCurrent>
<tw-gaap-ci:LongtermInvestments contextRef="AsOf20100331" decimals="-3" unitRef="TWD">210239000</tw-gaap-ci:LongtermInvestments>
<tw-gaap-ci:LongtermInvestments contextRef="AsOf20090331" decimals="-3" unitRef="TWD">211852000</tw-gaap-ci:LongtermInvestments>
<tw-gaap-ci:LongtermInvestmentsEquity contextRef="AsOf20100331" decimals="-3" unitRef="TWD">210239000</tw-gaap-ci:LongtermInvestmentsEquity>
<tw-gaap-ci:LongtermInvestmentsEquity contextRef="AsOf20090331" decimals="-3" unitRef="TWD">211852000</tw-gaap-ci:LongtermInvestmentsEquity>
<tw-gaap-ci:FixedAssets contextRef="AsOf20100331" decimals="-3" unitRef="TWD">127895000</tw-gaap-ci:FixedAssets>
<tw-gaap-ci:FixedAssets contextRef="AsOf20090331" decimals="-3" unitRef="TWD">130886000</tw-gaap-ci:FixedAssets>
<tw-gaap-ci:CostsRevaluationIncrement contextRef="AsOf20100331" decimals="-3" unitRef="TWD">225275000</tw-gaap-ci:CostsRevaluationIncrement>
<tw-gaap-ci:CostsRevaluationIncrement contextRef="AsOf20090331" decimals="-3" unitRef="TWD">224102000</tw-gaap-ci:CostsRevaluationIncrement>
<tw-gaap-ci:FixedAssetsOriginalCosts contextRef="AsOf20100331" decimals="-3" unitRef="TWD">225275000</tw-gaap-ci:FixedAssetsOriginalCosts>
<tw-gaap-ci:FixedAssetsOriginalCosts contextRef="AsOf20090331" decimals="-3" unitRef="TWD">224102000</tw-gaap-ci:FixedAssetsOriginalCosts>
<tw-gaap-ci:Land contextRef="AsOf20100331" decimals="-3" unitRef="TWD">64901000</tw-gaap-ci:Land>
<tw-gaap-ci:Land contextRef="AsOf20090331" decimals="-3" unitRef="TWD">64901000</tw-gaap-ci:Land>
<tw-gaap-ci:BuildingsStructures contextRef="AsOf20100331" decimals="-3" unitRef="TWD">73393000</tw-gaap-ci:BuildingsStructures>
<tw-gaap-ci:BuildingsStructures contextRef="AsOf20090331" decimals="-3" unitRef="TWD">73393000</tw-gaap-ci:BuildingsStructures>
<tw-gaap-ci:MachineryEquipment contextRef="AsOf20100331" decimals="-3" unitRef="TWD">2515000</tw-gaap-ci:MachineryEquipment>
<tw-gaap-ci:MachineryEquipment contextRef="AsOf20090331" decimals="-3" unitRef="TWD">2612000</tw-gaap-ci:MachineryEquipment>
<tw-gaap-ci:OtherFacilities contextRef="AsOf20100331" decimals="-3" unitRef="TWD">84466000</tw-gaap-ci:OtherFacilities>
<tw-gaap-ci:OtherFacilities contextRef="AsOf20090331" decimals="-3" unitRef="TWD">83196000</tw-gaap-ci:OtherFacilities>
<tw-gaap-ci:AccumulatedDepreciation contextRef="AsOf20100331" decimals="-3" unitRef="TWD">100929000</tw-gaap-ci:AccumulatedDepreciation>
<tw-gaap-ci:AccumulatedDepreciation contextRef="AsOf20090331" decimals="-3" unitRef="TWD">93216000</tw-gaap-ci:AccumulatedDepreciation>
<tw-gaap-ci:ConstructionProcessPrepaymentEquipments contextRef="AsOf20100331" decimals="-3" unitRef="TWD">3549000</tw-gaap-ci:ConstructionProcessPrepaymentEquipments>
<tw-gaap-ci:OtherAssets contextRef="AsOf20100331" decimals="-3" unitRef="TWD">369458000</tw-gaap-ci:OtherAssets>
<tw-gaap-ci:OtherAssets contextRef="AsOf20090331" decimals="-3" unitRef="TWD">220620000</tw-gaap-ci:OtherAssets>
<tw-gaap-ci:NetRentalAssets contextRef="AsOf20100331" decimals="-3" unitRef="TWD">200585000</tw-gaap-ci:NetRentalAssets>
<tw-gaap-ci:NetRentalAssets contextRef="AsOf20090331" decimals="-3" unitRef="TWD">202793000</tw-gaap-ci:NetRentalAssets>
<tw-gaap-ci:DeferredIncomeTaxAssetsNonCurrent contextRef="AsOf20100331" decimals="-3" unitRef="TWD">15445000</tw-gaap-ci:DeferredIncomeTaxAssetsNonCurrent>
<tw-gaap-ci:DeferredIncomeTaxAssetsNonCurrent contextRef="AsOf20090331" decimals="-3" unitRef="TWD">10502000</tw-gaap-ci:DeferredIncomeTaxAssetsNonCurrent>
<tw-gaap-ci:OtherAssetsOther contextRef="AsOf20100331" decimals="-3" unitRef="TWD">153428000</tw-gaap-ci:OtherAssetsOther>
<tw-gaap-ci:OtherAssetsOther contextRef="AsOf20090331" decimals="-3" unitRef="TWD">7325000</tw-gaap-ci:OtherAssetsOther>
<tw-gaap-ci:RestrictedNoncurrentAssets contextRef="AsOf20100331" decimals="-3" unitRef="TWD">150000000</tw-gaap-ci:RestrictedNoncurrentAssets>
<tw-gaap-ci:OtherAssetsOther_OtherAssetsOther contextRef="AsOf20100331" decimals="-3" unitRef="TWD">3428000</tw-gaap-ci:OtherAssetsOther_OtherAssetsOther>
<tw-gaap-ci:OtherAssetsOther_OtherAssetsOther contextRef="AsOf20090331" decimals="-3" unitRef="TWD">7325000</tw-gaap-ci:OtherAssetsOther_OtherAssetsOther>
<tw-gaap-ci:Liabilities contextRef="AsOf20100331" decimals="-3" unitRef="TWD">2115424000</tw-gaap-ci:Liabilities>
<tw-gaap-ci:Liabilities contextRef="AsOf20090331" decimals="-3" unitRef="TWD">1278350000</tw-gaap-ci:Liabilities>
<tw-gaap-ci:CurrentLiabilities contextRef="AsOf20100331" decimals="-3" unitRef="TWD">2007087000</tw-gaap-ci:CurrentLiabilities>
<tw-gaap-ci:CurrentLiabilities contextRef="AsOf20090331" decimals="-3" unitRef="TWD">1194675000</tw-gaap-ci:CurrentLiabilities>
<tw-gaap-ci:NotesPayable contextRef="AsOf20100331" decimals="-3" unitRef="TWD">5535000</tw-gaap-ci:NotesPayable>
<tw-gaap-ci:NotesPayable contextRef="AsOf20090331" decimals="-3" unitRef="TWD">3739000</tw-gaap-ci:NotesPayable>
<tw-gaap-ci:AccountsPayable contextRef="AsOf20100331" decimals="-3" unitRef="TWD">1623095000</tw-gaap-ci:AccountsPayable>
<tw-gaap-ci:AccountsPayable contextRef="AsOf20090331" decimals="-3" unitRef="TWD">1010157000</tw-gaap-ci:AccountsPayable>
<tw-gaap-ci:IncomeTaxPayable contextRef="AsOf20100331" decimals="-3" unitRef="TWD">142339000</tw-gaap-ci:IncomeTaxPayable>
<tw-gaap-ci:IncomeTaxPayable contextRef="AsOf20090331" decimals="-3" unitRef="TWD">80138000</tw-gaap-ci:IncomeTaxPayable>
<tw-gaap-ci:AccruedExpenses contextRef="AsOf20100331" decimals="-3" unitRef="TWD">228336000</tw-gaap-ci:AccruedExpenses>
<tw-gaap-ci:AccruedExpenses contextRef="AsOf20090331" decimals="-3" unitRef="TWD">93070000</tw-gaap-ci:AccruedExpenses>
<tw-gaap-ci:OtherCurrentLiabilities contextRef="AsOf20100331" decimals="-3" unitRef="TWD">7782000</tw-gaap-ci:OtherCurrentLiabilities>
<tw-gaap-ci:OtherCurrentLiabilities contextRef="AsOf20090331" decimals="-3" unitRef="TWD">7571000</tw-gaap-ci:OtherCurrentLiabilities>
<tw-gaap-ci:OtherCurrentLiabilitiesOther contextRef="AsOf20100331" decimals="-3" unitRef="TWD">7782000</tw-gaap-ci:OtherCurrentLiabilitiesOther>
<tw-gaap-ci:OtherCurrentLiabilitiesOther contextRef="AsOf20090331" decimals="-3" unitRef="TWD">7571000</tw-gaap-ci:OtherCurrentLiabilitiesOther>
<tw-gaap-ci:OtherLiabilities contextRef="AsOf20100331" decimals="-3" unitRef="TWD">108337000</tw-gaap-ci:OtherLiabilities>
<tw-gaap-ci:OtherLiabilities contextRef="AsOf20090331" decimals="-3" unitRef="TWD">83675000</tw-gaap-ci:OtherLiabilities>
<tw-gaap-ci:OtherLiabilitiesOther contextRef="AsOf20100331" decimals="-3" unitRef="TWD">108337000</tw-gaap-ci:OtherLiabilitiesOther>
<tw-gaap-ci:OtherLiabilitiesOther contextRef="AsOf20090331" decimals="-3" unitRef="TWD">83675000</tw-gaap-ci:OtherLiabilitiesOther>
<tw-gaap-ci:DeferredCreditsGainsonInterAffiliateAccounts contextRef="AsOf20100331" decimals="-3" unitRef="TWD">87839000</tw-gaap-ci:DeferredCreditsGainsonInterAffiliateAccounts>
<tw-gaap-ci:DeferredCreditsGainsonInterAffiliateAccounts contextRef="AsOf20090331" decimals="-3" unitRef="TWD">39055000</tw-gaap-ci:DeferredCreditsGainsonInterAffiliateAccounts>
<tw-gaap-ci:OtherLiabilities-Other contextRef="AsOf20100331" decimals="-3" unitRef="TWD">20498000</tw-gaap-ci:OtherLiabilities-Other>
<tw-gaap-ci:OtherLiabilities-Other contextRef="AsOf20090331" decimals="-3" unitRef="TWD">44620000</tw-gaap-ci:OtherLiabilities-Other>
<tw-gaap-ci:StockholdersEquities contextRef="AsOf20100331" decimals="-3" unitRef="TWD">2831720000</tw-gaap-ci:StockholdersEquities>
<tw-gaap-ci:StockholdersEquities contextRef="AsOf20090331" decimals="-3" unitRef="TWD">2475677000</tw-gaap-ci:StockholdersEquities>
<tw-gaap-ci:Capital contextRef="AsOf20100331" decimals="-3" unitRef="TWD">1781000000</tw-gaap-ci:Capital>
<tw-gaap-ci:Capital contextRef="AsOf20090331" decimals="-3" unitRef="TWD">1781000000</tw-gaap-ci:Capital>
<tw-gaap-ci:CommonStock contextRef="AsOf20100331" decimals="-3" unitRef="TWD">1781000000</tw-gaap-ci:CommonStock>
<tw-gaap-ci:CommonStock contextRef="AsOf20090331" decimals="-3" unitRef="TWD">1781000000</tw-gaap-ci:CommonStock>
<tw-gaap-ci:CapitalSurplus contextRef="AsOf20100331" decimals="-3" unitRef="TWD">91712000</tw-gaap-ci:CapitalSurplus>
<tw-gaap-ci:CapitalSurplus contextRef="AsOf20090331" decimals="-3" unitRef="TWD">91712000</tw-gaap-ci:CapitalSurplus>
<tw-gaap-ci:CapitalSurplusAdditionalPaidCapital contextRef="AsOf20100331" decimals="-3" unitRef="TWD">91712000</tw-gaap-ci:CapitalSurplusAdditionalPaidCapital>
<tw-gaap-ci:CapitalSurplusAdditionalPaidCapital contextRef="AsOf20090331" decimals="-3" unitRef="TWD">91712000</tw-gaap-ci:CapitalSurplusAdditionalPaidCapital>
<tw-gaap-ci:RetainedEarnings contextRef="AsOf20100331" decimals="-3" unitRef="TWD">925820000</tw-gaap-ci:RetainedEarnings>
<tw-gaap-ci:RetainedEarnings contextRef="AsOf20090331" decimals="-3" unitRef="TWD">557804000</tw-gaap-ci:RetainedEarnings>
<tw-gaap-ci:LegalReserve contextRef="AsOf20100331" decimals="-3" unitRef="TWD">94248000</tw-gaap-ci:LegalReserve>
<tw-gaap-ci:LegalReserve contextRef="AsOf20090331" decimals="-3" unitRef="TWD">74958000</tw-gaap-ci:LegalReserve>
<tw-gaap-ci:UnappropriatedRetainedEarnings contextRef="AsOf20100331" decimals="-3" unitRef="TWD">831572000</tw-gaap-ci:UnappropriatedRetainedEarnings>
<tw-gaap-ci:UnappropriatedRetainedEarnings contextRef="AsOf20090331" decimals="-3" unitRef="TWD">482846000</tw-gaap-ci:UnappropriatedRetainedEarnings>
<tw-gaap-ci:StockholdersEquitiesAdjustments contextRef="AsOf20100331" decimals="-3" unitRef="TWD">33188000</tw-gaap-ci:StockholdersEquitiesAdjustments>
<tw-gaap-ci:StockholdersEquitiesAdjustments contextRef="AsOf20090331" decimals="-3" unitRef="TWD">45161000</tw-gaap-ci:StockholdersEquitiesAdjustments>
<tw-gaap-ci:CumulativeTranslationAdjustments contextRef="AsOf20100331" decimals="-3" unitRef="TWD">33188000</tw-gaap-ci:CumulativeTranslationAdjustments>
<tw-gaap-ci:CumulativeTranslationAdjustments contextRef="AsOf20090331" decimals="-3" unitRef="TWD">45150000</tw-gaap-ci:CumulativeTranslationAdjustments>
<tw-gaap-ci:UnrealizedGainsLossesFinancialInstruments contextRef="AsOf20090331" decimals="-3" unitRef="TWD">11000</tw-gaap-ci:UnrealizedGainsLossesFinancialInstruments>
<tw-gaap-ci:EquivalentSharesOutstandingAdvanceReceiptsCommonStock contextRef="AsOf20100331" decimals="0" unitRef="Shares">0</tw-gaap-ci:EquivalentSharesOutstandingAdvanceReceiptsCommonStock>
<tw-gaap-ci:EquivalentSharesOutstandingAdvanceReceiptsCommonStock contextRef="AsOf20090331" decimals="0" unitRef="Shares">0</tw-gaap-ci:EquivalentSharesOutstandingAdvanceReceiptsCommonStock>
<tw-gaap-ci:NumberTreasuryStockAcquiredCompanySubsidiaries contextRef="AsOf20100331" decimals="0" unitRef="Shares">0</tw-gaap-ci:NumberTreasuryStockAcquiredCompanySubsidiaries>
<tw-gaap-ci:NumberTreasuryStockAcquiredCompanySubsidiaries contextRef="AsOf20090331" decimals="0" unitRef="Shares">0</tw-gaap-ci:NumberTreasuryStockAcquiredCompanySubsidiaries>
<tw-gaap-ci:NetIncomeLoss contextRef="From20100101To20100331" decimals="-3" unitRef="TWD">117940000</tw-gaap-ci:NetIncomeLoss>
<tw-gaap-ci:NetIncomeLoss contextRef="From20090101To20090331" decimals="-3" unitRef="TWD">157002000</tw-gaap-ci:NetIncomeLoss>
<tw-gaap-ci:IncomeContinuingOperations contextRef="From20100101To20100331" decimals="-3" unitRef="TWD">117940000</tw-gaap-ci:IncomeContinuingOperations>
<tw-gaap-ci:IncomeContinuingOperations contextRef="From20090101To20090331" decimals="-3" unitRef="TWD">157002000</tw-gaap-ci:IncomeContinuingOperations>
<tw-gaap-ci:IncomeContinuingOperationsBeforeIncomeTax contextRef="From20100101To20100331" decimals="-3" unitRef="TWD">154940000</tw-gaap-ci:IncomeContinuingOperationsBeforeIncomeTax>
<tw-gaap-ci:IncomeContinuingOperationsBeforeIncomeTax contextRef="From20090101To20090331" decimals="-3" unitRef="TWD">212002000</tw-gaap-ci:IncomeContinuingOperationsBeforeIncomeTax>
<tw-gaap-ci:OperatingIncomeLoss contextRef="From20100101To20100331" decimals="-3" unitRef="TWD">148377000</tw-gaap-ci:OperatingIncomeLoss>
<tw-gaap-ci:OperatingIncomeLoss contextRef="From20090101To20090331" decimals="-3" unitRef="TWD">158844000</tw-gaap-ci:OperatingIncomeLoss>
<tw-gaap-ci:GrossProfitLossOperations contextRef="From20100101To20100331" decimals="-3" unitRef="TWD">251010000</tw-gaap-ci:GrossProfitLossOperations>
<tw-gaap-ci:GrossProfitLossOperations contextRef="From20090101To20090331" decimals="-3" unitRef="TWD">239587000</tw-gaap-ci:GrossProfitLossOperations>
<tw-gaap-ci:OperatingRevenue contextRef="From20100101To20100331" decimals="-3" unitRef="TWD">1791614000</tw-gaap-ci:OperatingRevenue>
<tw-gaap-ci:OperatingRevenue contextRef="From20090101To20090331" decimals="-3" unitRef="TWD">1734570000</tw-gaap-ci:OperatingRevenue>
<tw-gaap-ci:OperatingCosts contextRef="From20100101To20100331" decimals="-3" unitRef="TWD">1540604000</tw-gaap-ci:OperatingCosts>
<tw-gaap-ci:OperatingCosts contextRef="From20090101To20090331" decimals="-3" unitRef="TWD">1494983000</tw-gaap-ci:OperatingCosts>
<tw-gaap-ci:UnrealizedGainInterAffiliateAccounts contextRef="From20100101To20100331" decimals="-3" unitRef="TWD">87839000</tw-gaap-ci:UnrealizedGainInterAffiliateAccounts>
<tw-gaap-ci:UnrealizedGainInterAffiliateAccounts contextRef="From20090101To20090331" decimals="-3" unitRef="TWD">39055000</tw-gaap-ci:UnrealizedGainInterAffiliateAccounts>
<tw-gaap-ci:RealizedGainInterAffiliateAccounts contextRef="From20100101To20100331" decimals="-3" unitRef="TWD">81542000</tw-gaap-ci:RealizedGainInterAffiliateAccounts>
<tw-gaap-ci:RealizedGainInterAffiliateAccounts contextRef="From20090101To20090331" decimals="-3" unitRef="TWD">50256000</tw-gaap-ci:RealizedGainInterAffiliateAccounts>
<tw-gaap-ci:OperatingExpenses contextRef="From20100101To20100331" decimals="-3" unitRef="TWD">96336000</tw-gaap-ci:OperatingExpenses>
<tw-gaap-ci:OperatingExpenses contextRef="From20090101To20090331" decimals="-3" unitRef="TWD">91944000</tw-gaap-ci:OperatingExpenses>
<tw-gaap-ci:Sellingexpense contextRef="From20100101To20100331" decimals="-3" unitRef="TWD">52408000</tw-gaap-ci:Sellingexpense>
<tw-gaap-ci:Sellingexpense contextRef="From20090101To20090331" decimals="-3" unitRef="TWD">56862000</tw-gaap-ci:Sellingexpense>
<tw-gaap-ci:GeneralAdministrativeExpenses contextRef="From20100101To20100331" decimals="-3" unitRef="TWD">12630000</tw-gaap-ci:GeneralAdministrativeExpenses>
<tw-gaap-ci:GeneralAdministrativeExpenses contextRef="From20090101To20090331" decimals="-3" unitRef="TWD">11582000</tw-gaap-ci:GeneralAdministrativeExpenses>
<tw-gaap-ci:ResearchDevelopmentExpenses contextRef="From20100101To20100331" decimals="-3" unitRef="TWD">31298000</tw-gaap-ci:ResearchDevelopmentExpenses>
<tw-gaap-ci:ResearchDevelopmentExpenses contextRef="From20090101To20090331" decimals="-3" unitRef="TWD">23500000</tw-gaap-ci:ResearchDevelopmentExpenses>
<tw-gaap-ci:NonOperatingIncomeGains contextRef="From20100101To20100331" decimals="-3" unitRef="TWD">13076000</tw-gaap-ci:NonOperatingIncomeGains>
<tw-gaap-ci:NonOperatingIncomeGains contextRef="From20090101To20090331" decimals="-3" unitRef="TWD">54110000</tw-gaap-ci:NonOperatingIncomeGains>
<tw-gaap-ci:InterestIncome contextRef="From20100101To20100331" decimals="-3" unitRef="TWD">2054000</tw-gaap-ci:InterestIncome>
<tw-gaap-ci:InterestIncome contextRef="From20090101To20090331" decimals="-3" unitRef="TWD">1564000</tw-gaap-ci:InterestIncome>
<tw-gaap-ci:InvestmentGains contextRef="From20100101To20100331" decimals="-3" unitRef="TWD">6424000</tw-gaap-ci:InvestmentGains>
<tw-gaap-ci:InvestmentGains contextRef="From20090101To20090331" decimals="-3" unitRef="TWD">16332000</tw-gaap-ci:InvestmentGains>
<tw-gaap-ci:InvestmentGainsRecognizedEquityMethod contextRef="From20100101To20100331" decimals="-3" unitRef="TWD">6424000</tw-gaap-ci:InvestmentGainsRecognizedEquityMethod>
<tw-gaap-ci:InvestmentGainsRecognizedEquityMethod contextRef="From20090101To20090331" decimals="-3" unitRef="TWD">16332000</tw-gaap-ci:InvestmentGainsRecognizedEquityMethod>
<tw-gaap-ci:ForeignExchangeGains contextRef="From20090101To20090331" decimals="-3" unitRef="TWD">29060000</tw-gaap-ci:ForeignExchangeGains>
<tw-gaap-ci:MiscellaneousIncome contextRef="From20100101To20100331" decimals="-3" unitRef="TWD">4598000</tw-gaap-ci:MiscellaneousIncome>
<tw-gaap-ci:MiscellaneousIncome contextRef="From20090101To20090331" decimals="-3" unitRef="TWD">7154000</tw-gaap-ci:MiscellaneousIncome>
<tw-gaap-ci:NonOperatingExpenses contextRef="From20100101To20100331" decimals="-3" unitRef="TWD">6513000</tw-gaap-ci:NonOperatingExpenses>
<tw-gaap-ci:NonOperatingExpenses contextRef="From20090101To20090331" decimals="-3" unitRef="TWD">952000</tw-gaap-ci:NonOperatingExpenses>
<tw-gaap-ci:InterestExpense contextRef="From20100101To20100331" decimals="-3" unitRef="TWD">2000</tw-gaap-ci:InterestExpense>
<tw-gaap-ci:InterestExpense contextRef="From20090101To20090331" decimals="-3" unitRef="TWD">4000</tw-gaap-ci:InterestExpense>
<tw-gaap-ci:ForeignExchangeLosses contextRef="From20100101To20100331" decimals="-3" unitRef="TWD">5757000</tw-gaap-ci:ForeignExchangeLosses>
<tw-gaap-ci:MiscellaneousDisbursements contextRef="From20100101To20100331" decimals="-3" unitRef="TWD">754000</tw-gaap-ci:MiscellaneousDisbursements>
<tw-gaap-ci:MiscellaneousDisbursements contextRef="From20090101To20090331" decimals="-3" unitRef="TWD">948000</tw-gaap-ci:MiscellaneousDisbursements>
<tw-gaap-ci:IncomeTaxExpenseBenefit contextRef="From20100101To20100331" decimals="-3" unitRef="TWD">37000000</tw-gaap-ci:IncomeTaxExpenseBenefit>
<tw-gaap-ci:IncomeTaxExpenseBenefit contextRef="From20090101To20090331" decimals="-3" unitRef="TWD">55000000</tw-gaap-ci:IncomeTaxExpenseBenefit>
<tw-gaap-ci:PrimaryEarningsPerShare contextRef="From20100101To20100331" decimals="2" unitRef="TWD">0.66</tw-gaap-ci:PrimaryEarningsPerShare>
<tw-gaap-ci:PrimaryEarningsPerShare contextRef="From20090101To20090331" decimals="2" unitRef="TWD">0.88</tw-gaap-ci:PrimaryEarningsPerShare>
<tw-gaap-ci:DilutedEarningsPerShare contextRef="From20100101To20100331" decimals="2" unitRef="TWD">0.66</tw-gaap-ci:DilutedEarningsPerShare>
<tw-gaap-ci:DilutedEarningsPerShare contextRef="From20090101To20090331" decimals="2" unitRef="TWD">0.88</tw-gaap-ci:DilutedEarningsPerShare>
<tw-gaap-ci:LossGainDeferredIncomeTax contextRef="From20100101To20100331" decimals="-3" unitRef="TWD">1271000</tw-gaap-ci:LossGainDeferredIncomeTax>
<tw-gaap-ci:LossGainDeferredIncomeTax contextRef="From20090101To20090331" decimals="-3" unitRef="TWD">3429000</tw-gaap-ci:LossGainDeferredIncomeTax>
<tw-gaap-ci:ChangesOtherCurrentAssets_CI contextRef="From20100101To20100331" decimals="-3" unitRef="TWD">-22966000</tw-gaap-ci:ChangesOtherCurrentAssets_CI>
<tw-gaap-ci:ChangesOtherCurrentAssets_CI contextRef="From20090101To20090331" decimals="-3" unitRef="TWD">24713000</tw-gaap-ci:ChangesOtherCurrentAssets_CI>
<tw-gaap-ci:ChangesOtherCurrentLiabilities_CI contextRef="From20100101To20100331" decimals="-3" unitRef="TWD">-2861000</tw-gaap-ci:ChangesOtherCurrentLiabilities_CI>
<tw-gaap-ci:ChangesOtherCurrentLiabilities_CI contextRef="From20090101To20090331" decimals="-3" unitRef="TWD">910000</tw-gaap-ci:ChangesOtherCurrentLiabilities_CI>
<tw-gaap-ci:NetChangesCashCashEquivalents contextRef="From20100101To20100331" decimals="-3" unitRef="TWD">-180478000</tw-gaap-ci:NetChangesCashCashEquivalents>
<tw-gaap-ci:NetChangesCashCashEquivalents contextRef="From20090101To20090331" decimals="-3" unitRef="TWD">354031000</tw-gaap-ci:NetChangesCashCashEquivalents>
<tw-gaap-ci:NetCashProvidedUsedOperatingActivities contextRef="From20100101To20100331" decimals="-3" unitRef="TWD">-167926000</tw-gaap-ci:NetCashProvidedUsedOperatingActivities>
<tw-gaap-ci:NetCashProvidedUsedOperatingActivities contextRef="From20090101To20090331" decimals="-3" unitRef="TWD">229975000</tw-gaap-ci:NetCashProvidedUsedOperatingActivities>
<tw-gaap-ci:NetIncomeLoss_StatementCashFlows contextRef="From20100101To20100331" decimals="-3" unitRef="TWD">117940000</tw-gaap-ci:NetIncomeLoss_StatementCashFlows>
<tw-gaap-ci:NetIncomeLoss_StatementCashFlows contextRef="From20090101To20090331" decimals="-3" unitRef="TWD">157002000</tw-gaap-ci:NetIncomeLoss_StatementCashFlows>
<tw-gaap-ci:AdjustmentsReconcileNetIncomeNetCashProvidedUsedOperatingActivities contextRef="From20100101To20100331" decimals="-3" unitRef="TWD">4231000</tw-gaap-ci:AdjustmentsReconcileNetIncomeNetCashProvidedUsedOperatingActivities>
<tw-gaap-ci:AdjustmentsReconcileNetIncomeNetCashProvidedUsedOperatingActivities contextRef="From20090101To20090331" decimals="-3" unitRef="TWD">-19787000</tw-gaap-ci:AdjustmentsReconcileNetIncomeNetCashProvidedUsedOperatingActivities>
<tw-gaap-ci:DepreciationExpense-Operating contextRef="From20100101To20100331" decimals="-3" unitRef="TWD">2639000</tw-gaap-ci:DepreciationExpense-Operating>
<tw-gaap-ci:DepreciationExpense-Operating contextRef="From20090101To20090331" decimals="-3" unitRef="TWD">3633000</tw-gaap-ci:DepreciationExpense-Operating>
<tw-gaap-ci:AmortizationExpense-Operating contextRef="From20100101To20100331" decimals="-3" unitRef="TWD">714000</tw-gaap-ci:AmortizationExpense-Operating>
<tw-gaap-ci:AmortizationExpense-Operating contextRef="From20090101To20090331" decimals="-3" unitRef="TWD">1142000</tw-gaap-ci:AmortizationExpense-Operating>
<tw-gaap-ci:ChangesNetPensionCostUnappropriated contextRef="From20100101To20100331" decimals="-3" unitRef="TWD">-273000</tw-gaap-ci:ChangesNetPensionCostUnappropriated>
<tw-gaap-ci:ChangesNetPensionCostUnappropriated contextRef="From20090101To20090331" decimals="-3" unitRef="TWD">-458000</tw-gaap-ci:ChangesNetPensionCostUnappropriated>
<tw-gaap-ci:InvestmentLossIncomeRecognizedEquityMethod contextRef="From20100101To20100331" decimals="-3" unitRef="TWD">-6424000</tw-gaap-ci:InvestmentLossIncomeRecognizedEquityMethod>
<tw-gaap-ci:InvestmentLossIncomeRecognizedEquityMethod contextRef="From20090101To20090331" decimals="-3" unitRef="TWD">-16332000</tw-gaap-ci:InvestmentLossIncomeRecognizedEquityMethod>
<tw-gaap-ci:UnrealizedGrossProfit contextRef="From20100101To20100331" decimals="-3" unitRef="TWD">87839000</tw-gaap-ci:UnrealizedGrossProfit>
<tw-gaap-ci:UnrealizedGrossProfit contextRef="From20090101To20090331" decimals="-3" unitRef="TWD">39055000</tw-gaap-ci:UnrealizedGrossProfit>
<tw-gaap-ci:RealizedGrossProfit contextRef="From20100101To20100331" decimals="-3" unitRef="TWD">-81542000</tw-gaap-ci:RealizedGrossProfit>
<tw-gaap-ci:RealizedGrossProfit contextRef="From20090101To20090331" decimals="-3" unitRef="TWD">-50256000</tw-gaap-ci:RealizedGrossProfit>
<tw-gaap-ci:OtherAdjustmentsReconcileNetIncomeNetCashProvidedUsedOperatingActivities contextRef="From20100101To20100331" decimals="-3" unitRef="TWD">7000</tw-gaap-ci:OtherAdjustmentsReconcileNetIncomeNetCashProvidedUsedOperatingActivities>
<tw-gaap-ci:ChangesOperatingAssetsLiabilities contextRef="From20100101To20100331" decimals="-3" unitRef="TWD">-290097000</tw-gaap-ci:ChangesOperatingAssetsLiabilities>
<tw-gaap-ci:ChangesOperatingAssetsLiabilities contextRef="From20090101To20090331" decimals="-3" unitRef="TWD">92760000</tw-gaap-ci:ChangesOperatingAssetsLiabilities>
<tw-gaap-ci:ChangesOperatingAssets contextRef="From20100101To20100331" decimals="-3" unitRef="TWD">-419595000</tw-gaap-ci:ChangesOperatingAssets>
<tw-gaap-ci:ChangesOperatingAssets contextRef="From20090101To20090331" decimals="-3" unitRef="TWD">-46105000</tw-gaap-ci:ChangesOperatingAssets>
<tw-gaap-ci:ChangesNotesReceivable contextRef="From20100101To20100331" decimals="-3" unitRef="TWD">519000</tw-gaap-ci:ChangesNotesReceivable>
<tw-gaap-ci:ChangesNotesReceivable contextRef="From20090101To20090331" decimals="-3" unitRef="TWD">-34000</tw-gaap-ci:ChangesNotesReceivable>
<tw-gaap-ci:ChangesAccountsReceivable contextRef="From20100101To20100331" decimals="-3" unitRef="TWD">15098000</tw-gaap-ci:ChangesAccountsReceivable>
<tw-gaap-ci:ChangesAccountsReceivable contextRef="From20090101To20090331" decimals="-3" unitRef="TWD">-216505000</tw-gaap-ci:ChangesAccountsReceivable>
<tw-gaap-ci:ChangesAccountsReceivableRelatedParties contextRef="From20100101To20100331" decimals="-3" unitRef="TWD">-130964000</tw-gaap-ci:ChangesAccountsReceivableRelatedParties>
<tw-gaap-ci:ChangesAccountsReceivableRelatedParties contextRef="From20090101To20090331" decimals="-3" unitRef="TWD">47532000</tw-gaap-ci:ChangesAccountsReceivableRelatedParties>
<tw-gaap-ci:ChangesInventories contextRef="From20100101To20100331" decimals="-3" unitRef="TWD">-281282000</tw-gaap-ci:ChangesInventories>
<tw-gaap-ci:ChangesInventories contextRef="From20090101To20090331" decimals="-3" unitRef="TWD">98189000</tw-gaap-ci:ChangesInventories>
<tw-gaap-ci:ChangesOperatingLiabilities contextRef="From20100101To20100331" decimals="-3" unitRef="TWD">129498000</tw-gaap-ci:ChangesOperatingLiabilities>
<tw-gaap-ci:ChangesOperatingLiabilities contextRef="From20090101To20090331" decimals="-3" unitRef="TWD">138865000</tw-gaap-ci:ChangesOperatingLiabilities>
<tw-gaap-ci:ChangesNotesPayable contextRef="From20100101To20100331" decimals="-3" unitRef="TWD">693000</tw-gaap-ci:ChangesNotesPayable>
<tw-gaap-ci:ChangesNotesPayable contextRef="From20090101To20090331" decimals="-3" unitRef="TWD">130000</tw-gaap-ci:ChangesNotesPayable>
<tw-gaap-ci:ChangesAccountsPayable contextRef="From20100101To20100331" decimals="-3" unitRef="TWD">153127000</tw-gaap-ci:ChangesAccountsPayable>
<tw-gaap-ci:ChangesAccountsPayable contextRef="From20090101To20090331" decimals="-3" unitRef="TWD">67425000</tw-gaap-ci:ChangesAccountsPayable>
<tw-gaap-ci:ChangesAccountsPayableRelatedParties contextRef="From20100101To20100331" decimals="-3" unitRef="TWD">2205000</tw-gaap-ci:ChangesAccountsPayableRelatedParties>
<tw-gaap-ci:ChangesIncomeTaxPayable contextRef="From20100101To20100331" decimals="-3" unitRef="TWD">35487000</tw-gaap-ci:ChangesIncomeTaxPayable>
<tw-gaap-ci:ChangesIncomeTaxPayable contextRef="From20090101To20090331" decimals="-3" unitRef="TWD">51415000</tw-gaap-ci:ChangesIncomeTaxPayable>
<tw-gaap-ci:ChangesAccruedExpenses contextRef="From20100101To20100331" decimals="-3" unitRef="TWD">-59153000</tw-gaap-ci:ChangesAccruedExpenses>
<tw-gaap-ci:ChangesAccruedExpenses contextRef="From20090101To20090331" decimals="-3" unitRef="TWD">18985000</tw-gaap-ci:ChangesAccruedExpenses>
<tw-gaap-ci:NetCashProvidedUsedInvestingActivities contextRef="From20100101To20100331" decimals="-3" unitRef="TWD">-12552000</tw-gaap-ci:NetCashProvidedUsedInvestingActivities>
<tw-gaap-ci:NetCashProvidedUsedInvestingActivities contextRef="From20090101To20090331" decimals="-3" unitRef="TWD">89184000</tw-gaap-ci:NetCashProvidedUsedInvestingActivities>
<tw-gaap-ci:AcquisitionAvailableSaleFinancialAssets contextRef="From20090101To20090331" decimals="-3" unitRef="TWD">-60000000</tw-gaap-ci:AcquisitionAvailableSaleFinancialAssets>
<tw-gaap-ci:AcquisitionFinancialAssetsCarriedCost contextRef="From20100101To20100331" decimals="-3" unitRef="TWD">-9900000</tw-gaap-ci:AcquisitionFinancialAssetsCarriedCost>
<tw-gaap-ci:AcquisitionPropertyPlantEquipment contextRef="From20100101To20100331" decimals="-3" unitRef="TWD">-2255000</tw-gaap-ci:AcquisitionPropertyPlantEquipment>
<tw-gaap-ci:AcquisitionPropertyPlantEquipment contextRef="From20090101To20090331" decimals="-3" unitRef="TWD">-268000</tw-gaap-ci:AcquisitionPropertyPlantEquipment>
<tw-gaap-ci:ChangesRestrictedAssets contextRef="From20100101To20100331" decimals="-3" unitRef="TWD">1000</tw-gaap-ci:ChangesRestrictedAssets>
<tw-gaap-ci:ChangesRestrictedAssets contextRef="From20090101To20090331" decimals="-3" unitRef="TWD">149834000</tw-gaap-ci:ChangesRestrictedAssets>
<tw-gaap-ci:OtherInvestingActivities contextRef="From20100101To20100331" decimals="-3" unitRef="TWD">-398000</tw-gaap-ci:OtherInvestingActivities>
<tw-gaap-ci:OtherInvestingActivities contextRef="From20090101To20090331" decimals="-3" unitRef="TWD">-382000</tw-gaap-ci:OtherInvestingActivities>
<tw-gaap-ci:NetCashProvidedUsedFinancingActivities contextRef="From20090101To20090331" decimals="-3" unitRef="TWD">34872000</tw-gaap-ci:NetCashProvidedUsedFinancingActivities>
<tw-gaap-ci:ChangesGuaranteeDepositsReceived contextRef="From20090101To20090331" decimals="-3" unitRef="TWD">34872000</tw-gaap-ci:ChangesGuaranteeDepositsReceived>
<tw-gaap-ci:CashCashEquivalents contextRef="AsOf20100101" decimals="-3" unitRef="TWD">1799905000</tw-gaap-ci:CashCashEquivalents>
<tw-gaap-ci:CashCashEquivalents contextRef="AsOf20090101" decimals="-3" unitRef="TWD">1052683000</tw-gaap-ci:CashCashEquivalents>
<tw-gaap-ci:InterestPaidExcludingCapitalizedInterest contextRef="From20100101To20100331" decimals="-3" unitRef="TWD">2000</tw-gaap-ci:InterestPaidExcludingCapitalizedInterest>
<tw-gaap-ci:InterestPaidExcludingCapitalizedInterest contextRef="From20090101To20090331" decimals="-3" unitRef="TWD">4000</tw-gaap-ci:InterestPaidExcludingCapitalizedInterest>
<tw-gaap-ci:InterestPaid contextRef="From20100101To20100331" decimals="-3" unitRef="TWD">2000</tw-gaap-ci:InterestPaid>
<tw-gaap-ci:InterestPaid contextRef="From20090101To20090331" decimals="-3" unitRef="TWD">4000</tw-gaap-ci:InterestPaid>
<tw-gaap-ci:IncomeTaxPaid contextRef="From20100101To20100331" decimals="-3" unitRef="TWD">242000</tw-gaap-ci:IncomeTaxPaid>
<tw-gaap-ci:IncomeTaxPaid contextRef="From20090101To20090331" decimals="-3" unitRef="TWD">157000</tw-gaap-ci:IncomeTaxPaid>
</xbrl>
