<?xml version="1.0" encoding="BIG5"?>
<xbrl xmlns="http://www.xbrl.org/2003/instance" xmlns:iso4217="http://www.xbrl.org/2003/iso4217" xmlns:link="http://www.xbrl.org/2003/linkbase" xmlns:tw-gaap-ar="http://www.xbrl.org/tw/fr/gaap/ar/2010-03-31" xmlns:tw-gaap-ci="http://www.xbrl.org/tw/fr/gaap/tw-gaap-ci-2010-03-31" xmlns:xbrldi="http://xbrl.org/2006/xbrldi" xmlns:xbrldt="http://xbrl.org/2005/xbrldt" xmlns:xbrli="http://www.xbrl.org/2003/instance" xmlns:xlink="http://www.w3.org/1999/xlink">
	<link:schemaRef xlink:arcrole="http://www.w3.org/1999/xlink/properties/linkbase" xlink:href="tw-gaap-ci-2010-03-31.xsd" xlink:type="simple"/>	<context id="AsOf20090101">
		<entity>
			<identifier scheme="http://www.twse.com.tw">3002</identifier>
		</entity>
		<period>
			<instant>2009-01-01</instant>
		</period>
	</context>
	<context id="AsOf20100101">
		<entity>
			<identifier scheme="http://www.twse.com.tw">3002</identifier>
		</entity>
		<period>
			<instant>2010-01-01</instant>
		</period>
	</context>
	<context id="From20090101To20090331">
		<entity>
			<identifier scheme="http://www.twse.com.tw">3002</identifier>
		</entity>
		<period>
			<startDate>2009-01-01</startDate>
			<endDate>2009-03-31</endDate>
		</period>
	</context>
	<context id="AsOf20090331">
		<entity>
			<identifier scheme="http://www.twse.com.tw">3002</identifier>
		</entity>
		<period>
			<instant>2009-03-31</instant>
		</period>
	</context>
	<context id="From20100101To20100331">
		<entity>
			<identifier scheme="http://www.twse.com.tw">3002</identifier>
		</entity>
		<period>
			<startDate>2010-01-01</startDate>
			<endDate>2010-03-31</endDate>
		</period>
	</context>
	<context id="AsOf20100331">
		<entity>
			<identifier scheme="http://www.twse.com.tw">3002</identifier>
		</entity>
		<period>
			<instant>2010-03-31</instant>
		</period>
	</context>
	<unit id="TWD">
		<measure>iso4217:TWD</measure>
	</unit>
	<unit id="Shares">
		<measure>xbrli:shares</measure>
	</unit>
	<unit id="EarningsPerShare">
		<divide>
			<unitNumerator>
				<measure>iso4217:TWD</measure>
			</unitNumerator>
			<unitDenominator>
				<measure>xbrli:shares</measure>
			</unitDenominator>
		</divide>
	</unit>
	<tw-gaap-ci:CashCashEquivalents contextRef="AsOf20100331" decimals="-3" unitRef="TWD">144452000</tw-gaap-ci:CashCashEquivalents>
	<tw-gaap-ci:CashCashEquivalents contextRef="AsOf20090331" decimals="-3" unitRef="TWD">325815000</tw-gaap-ci:CashCashEquivalents>
	<tw-gaap-ci:AvailableSaleFinancialAssetsCurrent contextRef="AsOf20100331" decimals="-3" unitRef="TWD">240663000</tw-gaap-ci:AvailableSaleFinancialAssetsCurrent>
	<tw-gaap-ci:AvailableSaleFinancialAssetsCurrent contextRef="AsOf20090331" decimals="-3" unitRef="TWD">355428000</tw-gaap-ci:AvailableSaleFinancialAssetsCurrent>
	<tw-gaap-ci:NetAccountsReceivable contextRef="AsOf20100331" decimals="-3" unitRef="TWD">93599000</tw-gaap-ci:NetAccountsReceivable>
	<tw-gaap-ci:NetAccountsReceivable contextRef="AsOf20090331" decimals="-3" unitRef="TWD">162872000</tw-gaap-ci:NetAccountsReceivable>
	<tw-gaap-ci:NetAccountsReceivableRelatedParties contextRef="AsOf20100331" decimals="-3" unitRef="TWD">54332000</tw-gaap-ci:NetAccountsReceivableRelatedParties>
	<tw-gaap-ci:NetAccountsReceivableRelatedParties contextRef="AsOf20090331" decimals="-3" unitRef="TWD">50618000</tw-gaap-ci:NetAccountsReceivableRelatedParties>
	<tw-gaap-ci:OtherReceivables contextRef="AsOf20100331" decimals="-3" unitRef="TWD">1091000</tw-gaap-ci:OtherReceivables>
	<tw-gaap-ci:OtherReceivables contextRef="AsOf20090331" decimals="-3" unitRef="TWD">825000</tw-gaap-ci:OtherReceivables>
	<tw-gaap-ci:InventoriesManufacturing contextRef="AsOf20100331" decimals="-3" unitRef="TWD">10000</tw-gaap-ci:InventoriesManufacturing>
	<tw-gaap-ci:InventoriesManufacturing contextRef="AsOf20090331" decimals="-3" unitRef="TWD">194000</tw-gaap-ci:InventoriesManufacturing>
	<tw-gaap-ci:Inventories contextRef="AsOf20100331" decimals="-3" unitRef="TWD">10000</tw-gaap-ci:Inventories>
	<tw-gaap-ci:Inventories contextRef="AsOf20090331" decimals="-3" unitRef="TWD">194000</tw-gaap-ci:Inventories>
	<tw-gaap-ci:DeferredIncomeTaxAssetsCurrent contextRef="AsOf20100331" decimals="-3" unitRef="TWD">2381000</tw-gaap-ci:DeferredIncomeTaxAssetsCurrent>
	<tw-gaap-ci:DeferredIncomeTaxAssetsCurrent contextRef="AsOf20090331" decimals="-3" unitRef="TWD">9201000</tw-gaap-ci:DeferredIncomeTaxAssetsCurrent>
	<tw-gaap-ci:OthercurrentAssetsOther contextRef="AsOf20100331" decimals="-3" unitRef="TWD">2163000</tw-gaap-ci:OthercurrentAssetsOther>
	<tw-gaap-ci:OthercurrentAssetsOther contextRef="AsOf20090331" decimals="-3" unitRef="TWD">1326000</tw-gaap-ci:OthercurrentAssetsOther>
	<tw-gaap-ci:OtherCurrentAssets contextRef="AsOf20100331" decimals="-3" unitRef="TWD">4544000</tw-gaap-ci:OtherCurrentAssets>
	<tw-gaap-ci:OtherCurrentAssets contextRef="AsOf20090331" decimals="-3" unitRef="TWD">10527000</tw-gaap-ci:OtherCurrentAssets>
	<tw-gaap-ci:CurrentAssets contextRef="AsOf20100331" decimals="-3" unitRef="TWD">538691000</tw-gaap-ci:CurrentAssets>
	<tw-gaap-ci:CurrentAssets contextRef="AsOf20090331" decimals="-3" unitRef="TWD">906279000</tw-gaap-ci:CurrentAssets>
	<tw-gaap-ci:LongtermInvestmentsEquity contextRef="AsOf20100331" decimals="-3" unitRef="TWD">1297937000</tw-gaap-ci:LongtermInvestmentsEquity>
	<tw-gaap-ci:LongtermInvestmentsEquity contextRef="AsOf20090331" decimals="-3" unitRef="TWD">1233250000</tw-gaap-ci:LongtermInvestmentsEquity>
	<tw-gaap-ci:LongtermInvestments contextRef="AsOf20100331" decimals="-3" unitRef="TWD">1297937000</tw-gaap-ci:LongtermInvestments>
	<tw-gaap-ci:LongtermInvestments contextRef="AsOf20090331" decimals="-3" unitRef="TWD">1233250000</tw-gaap-ci:LongtermInvestments>
	<tw-gaap-ci:FundsInvestments contextRef="AsOf20100331" decimals="-3" unitRef="TWD">1297937000</tw-gaap-ci:FundsInvestments>
	<tw-gaap-ci:FundsInvestments contextRef="AsOf20090331" decimals="-3" unitRef="TWD">1233250000</tw-gaap-ci:FundsInvestments>
	<tw-gaap-ci:Land contextRef="AsOf20100331" decimals="-3" unitRef="TWD">60057000</tw-gaap-ci:Land>
	<tw-gaap-ci:Land contextRef="AsOf20090331" decimals="-3" unitRef="TWD">60057000</tw-gaap-ci:Land>
	<tw-gaap-ci:BuildingsStructures contextRef="AsOf20100331" decimals="-3" unitRef="TWD">39009000</tw-gaap-ci:BuildingsStructures>
	<tw-gaap-ci:BuildingsStructures contextRef="AsOf20090331" decimals="-3" unitRef="TWD">38977000</tw-gaap-ci:BuildingsStructures>
	<tw-gaap-ci:MachineryEquipment contextRef="AsOf20100331" decimals="-3" unitRef="TWD">212000</tw-gaap-ci:MachineryEquipment>
	<tw-gaap-ci:MachineryEquipment contextRef="AsOf20090331" decimals="-3" unitRef="TWD">200000</tw-gaap-ci:MachineryEquipment>
	<tw-gaap-ci:TransportationEquipment contextRef="AsOf20100331" decimals="-3" unitRef="TWD">4028000</tw-gaap-ci:TransportationEquipment>
	<tw-gaap-ci:TransportationEquipment contextRef="AsOf20090331" decimals="-3" unitRef="TWD">4028000</tw-gaap-ci:TransportationEquipment>
	<tw-gaap-ci:OfficeEquipment contextRef="AsOf20100331" decimals="-3" unitRef="TWD">1119000</tw-gaap-ci:OfficeEquipment>
	<tw-gaap-ci:OfficeEquipment contextRef="AsOf20090331" decimals="-3" unitRef="TWD">1298000</tw-gaap-ci:OfficeEquipment>
	<tw-gaap-ci:OtherFacilities contextRef="AsOf20100331" decimals="-3" unitRef="TWD">66000</tw-gaap-ci:OtherFacilities>
	<tw-gaap-ci:OtherFacilities contextRef="AsOf20090331" decimals="-3" unitRef="TWD">33000</tw-gaap-ci:OtherFacilities>
	<tw-gaap-ci:FixedAssetsOriginalCosts contextRef="AsOf20100331" decimals="-3" unitRef="TWD">104491000</tw-gaap-ci:FixedAssetsOriginalCosts>
	<tw-gaap-ci:FixedAssetsOriginalCosts contextRef="AsOf20090331" decimals="-3" unitRef="TWD">104593000</tw-gaap-ci:FixedAssetsOriginalCosts>
	<tw-gaap-ci:CostsRevaluationIncrement contextRef="AsOf20100331" decimals="-3" unitRef="TWD">104491000</tw-gaap-ci:CostsRevaluationIncrement>
	<tw-gaap-ci:CostsRevaluationIncrement contextRef="AsOf20090331" decimals="-3" unitRef="TWD">104593000</tw-gaap-ci:CostsRevaluationIncrement>
	<tw-gaap-ci:AccumulatedDepreciation contextRef="AsOf20100331" decimals="-3" unitRef="TWD">13566000</tw-gaap-ci:AccumulatedDepreciation>
	<tw-gaap-ci:AccumulatedDepreciation contextRef="AsOf20090331" decimals="-3" unitRef="TWD">11974000</tw-gaap-ci:AccumulatedDepreciation>
	<tw-gaap-ci:ConstructionProcessPrepaymentEquipments contextRef="AsOf20100331" decimals="-3" unitRef="TWD">0</tw-gaap-ci:ConstructionProcessPrepaymentEquipments>
	<tw-gaap-ci:ConstructionProcessPrepaymentEquipments contextRef="AsOf20090331" decimals="-3" unitRef="TWD">52000</tw-gaap-ci:ConstructionProcessPrepaymentEquipments>
	<tw-gaap-ci:FixedAssets contextRef="AsOf20100331" decimals="-3" unitRef="TWD">90925000</tw-gaap-ci:FixedAssets>
	<tw-gaap-ci:FixedAssets contextRef="AsOf20090331" decimals="-3" unitRef="TWD">92671000</tw-gaap-ci:FixedAssets>
	<tw-gaap-ci:DeferredPensionCost contextRef="AsOf20100331" decimals="-3" unitRef="TWD">290000</tw-gaap-ci:DeferredPensionCost>
	<tw-gaap-ci:DeferredPensionCost contextRef="AsOf20090331" decimals="-3" unitRef="TWD">0</tw-gaap-ci:DeferredPensionCost>
	<tw-gaap-ci:IntangibleAssets contextRef="AsOf20100331" decimals="-3" unitRef="TWD">290000</tw-gaap-ci:IntangibleAssets>
	<tw-gaap-ci:IntangibleAssets contextRef="AsOf20090331" decimals="-3" unitRef="TWD">0</tw-gaap-ci:IntangibleAssets>
	<tw-gaap-ci:NetRentalAssets contextRef="AsOf20100331" decimals="-3" unitRef="TWD">4056000</tw-gaap-ci:NetRentalAssets>
	<tw-gaap-ci:NetRentalAssets contextRef="AsOf20090331" decimals="-3" unitRef="TWD">4148000</tw-gaap-ci:NetRentalAssets>
	<tw-gaap-ci:NetIdledAssets contextRef="AsOf20100331" decimals="-3" unitRef="TWD">0</tw-gaap-ci:NetIdledAssets>
	<tw-gaap-ci:NetIdledAssets contextRef="AsOf20090331" decimals="-3" unitRef="TWD">130000</tw-gaap-ci:NetIdledAssets>
	<tw-gaap-ci:OtherAssetsOther contextRef="AsOf20100331" decimals="-3" unitRef="TWD">61000</tw-gaap-ci:OtherAssetsOther>
	<tw-gaap-ci:OtherAssetsOther contextRef="AsOf20090331" decimals="-3" unitRef="TWD">138000</tw-gaap-ci:OtherAssetsOther>
	<tw-gaap-ci:OtherAssets contextRef="AsOf20100331" decimals="-3" unitRef="TWD">4117000</tw-gaap-ci:OtherAssets>
	<tw-gaap-ci:OtherAssets contextRef="AsOf20090331" decimals="-3" unitRef="TWD">4416000</tw-gaap-ci:OtherAssets>
	<tw-gaap-ci:Assets contextRef="AsOf20100331" decimals="-3" unitRef="TWD">1931960000</tw-gaap-ci:Assets>
	<tw-gaap-ci:Assets contextRef="AsOf20090331" decimals="-3" unitRef="TWD">2236616000</tw-gaap-ci:Assets>
	<tw-gaap-ci:NotesPayable contextRef="AsOf20100331" decimals="-3" unitRef="TWD">1139000</tw-gaap-ci:NotesPayable>
	<tw-gaap-ci:NotesPayable contextRef="AsOf20090331" decimals="-3" unitRef="TWD">1270000</tw-gaap-ci:NotesPayable>
	<tw-gaap-ci:AccountsPayable contextRef="AsOf20100331" decimals="-3" unitRef="TWD">4106000</tw-gaap-ci:AccountsPayable>
	<tw-gaap-ci:AccountsPayable contextRef="AsOf20090331" decimals="-3" unitRef="TWD">3917000</tw-gaap-ci:AccountsPayable>
	<tw-gaap-ci:AccountsPayableRelatedParties contextRef="AsOf20100331" decimals="-3" unitRef="TWD">193796000</tw-gaap-ci:AccountsPayableRelatedParties>
	<tw-gaap-ci:AccountsPayableRelatedParties contextRef="AsOf20090331" decimals="-3" unitRef="TWD">547322000</tw-gaap-ci:AccountsPayableRelatedParties>
	<tw-gaap-ci:IncomeTaxPayable contextRef="AsOf20100331" decimals="-3" unitRef="TWD">6653000</tw-gaap-ci:IncomeTaxPayable>
	<tw-gaap-ci:IncomeTaxPayable contextRef="AsOf20090331" decimals="-3" unitRef="TWD">15327000</tw-gaap-ci:IncomeTaxPayable>
	<tw-gaap-ci:AccruedExpenses contextRef="AsOf20100331" decimals="-3" unitRef="TWD">26025000</tw-gaap-ci:AccruedExpenses>
	<tw-gaap-ci:AccruedExpenses contextRef="AsOf20090331" decimals="-3" unitRef="TWD">16948000</tw-gaap-ci:AccruedExpenses>
	<tw-gaap-ci:OtherPayables contextRef="AsOf20100331" decimals="-3" unitRef="TWD">0</tw-gaap-ci:OtherPayables>
	<tw-gaap-ci:OtherPayables contextRef="AsOf20090331" decimals="-3" unitRef="TWD">31000</tw-gaap-ci:OtherPayables>
	<tw-gaap-ci:AdvanceReceipts contextRef="AsOf20100331" decimals="-3" unitRef="TWD">11775000</tw-gaap-ci:AdvanceReceipts>
	<tw-gaap-ci:AdvanceReceipts contextRef="AsOf20090331" decimals="-3" unitRef="TWD">9596000</tw-gaap-ci:AdvanceReceipts>
	<tw-gaap-ci:OtherCurrentLiabilitiesOther contextRef="AsOf20100331" decimals="-3" unitRef="TWD">543000</tw-gaap-ci:OtherCurrentLiabilitiesOther>
	<tw-gaap-ci:OtherCurrentLiabilitiesOther contextRef="AsOf20090331" decimals="-3" unitRef="TWD">555000</tw-gaap-ci:OtherCurrentLiabilitiesOther>
	<tw-gaap-ci:OtherCurrentLiabilities contextRef="AsOf20100331" decimals="-3" unitRef="TWD">543000</tw-gaap-ci:OtherCurrentLiabilities>
	<tw-gaap-ci:OtherCurrentLiabilities contextRef="AsOf20090331" decimals="-3" unitRef="TWD">555000</tw-gaap-ci:OtherCurrentLiabilities>
	<tw-gaap-ci:CurrentLiabilities contextRef="AsOf20100331" decimals="-3" unitRef="TWD">244037000</tw-gaap-ci:CurrentLiabilities>
	<tw-gaap-ci:CurrentLiabilities contextRef="AsOf20090331" decimals="-3" unitRef="TWD">594966000</tw-gaap-ci:CurrentLiabilities>
	<tw-gaap-ci:PensionReserve contextRef="AsOf20100331" decimals="-3" unitRef="TWD">11640000</tw-gaap-ci:PensionReserve>
	<tw-gaap-ci:PensionReserve contextRef="AsOf20090331" decimals="-3" unitRef="TWD">10878000</tw-gaap-ci:PensionReserve>
	<tw-gaap-ci:GuaranteeDepositsReceived contextRef="AsOf20100331" decimals="-3" unitRef="TWD">255000</tw-gaap-ci:GuaranteeDepositsReceived>
	<tw-gaap-ci:GuaranteeDepositsReceived contextRef="AsOf20090331" decimals="-3" unitRef="TWD">255000</tw-gaap-ci:GuaranteeDepositsReceived>
	<tw-gaap-ci:DeferredIncomeTax contextRef="AsOf20100331" decimals="-3" unitRef="TWD">224842000</tw-gaap-ci:DeferredIncomeTax>
	<tw-gaap-ci:DeferredIncomeTax contextRef="AsOf20090331" decimals="-3" unitRef="TWD">252002000</tw-gaap-ci:DeferredIncomeTax>
	<tw-gaap-ci:OtherLiabilities contextRef="AsOf20100331" decimals="-3" unitRef="TWD">236737000</tw-gaap-ci:OtherLiabilities>
	<tw-gaap-ci:OtherLiabilities contextRef="AsOf20090331" decimals="-3" unitRef="TWD">263135000</tw-gaap-ci:OtherLiabilities>
	<tw-gaap-ci:Liabilities contextRef="AsOf20100331" decimals="-3" unitRef="TWD">480774000</tw-gaap-ci:Liabilities>
	<tw-gaap-ci:Liabilities contextRef="AsOf20090331" decimals="-3" unitRef="TWD">858101000</tw-gaap-ci:Liabilities>
	<tw-gaap-ci:CommonStock contextRef="AsOf20100331" decimals="-3" unitRef="TWD">1020000000</tw-gaap-ci:CommonStock>
	<tw-gaap-ci:CommonStock contextRef="AsOf20090331" decimals="-3" unitRef="TWD">1020000000</tw-gaap-ci:CommonStock>
	<tw-gaap-ci:Capital contextRef="AsOf20100331" decimals="-3" unitRef="TWD">1020000000</tw-gaap-ci:Capital>
	<tw-gaap-ci:Capital contextRef="AsOf20090331" decimals="-3" unitRef="TWD">1020000000</tw-gaap-ci:Capital>
	<tw-gaap-ci:CapitalSurplusAdditionalPaidCapitalCommonStock contextRef="AsOf20100331" decimals="-3" unitRef="TWD">1089000</tw-gaap-ci:CapitalSurplusAdditionalPaidCapitalCommonStock>
	<tw-gaap-ci:CapitalSurplusAdditionalPaidCapitalCommonStock contextRef="AsOf20090331" decimals="-3" unitRef="TWD">1089000</tw-gaap-ci:CapitalSurplusAdditionalPaidCapitalCommonStock>
	<tw-gaap-ci:CapitalSurplusAdditionalPaidCapital contextRef="AsOf20100331" decimals="-3" unitRef="TWD">1089000</tw-gaap-ci:CapitalSurplusAdditionalPaidCapital>
	<tw-gaap-ci:CapitalSurplusAdditionalPaidCapital contextRef="AsOf20090331" decimals="-3" unitRef="TWD">1089000</tw-gaap-ci:CapitalSurplusAdditionalPaidCapital>
	<tw-gaap-ci:CapitalSurplusLongTermEquityInvestments contextRef="AsOf20100331" decimals="-3" unitRef="TWD">125000</tw-gaap-ci:CapitalSurplusLongTermEquityInvestments>
	<tw-gaap-ci:CapitalSurplusLongTermEquityInvestments contextRef="AsOf20090331" decimals="-3" unitRef="TWD">126000</tw-gaap-ci:CapitalSurplusLongTermEquityInvestments>
	<tw-gaap-ci:CapitalSurplus contextRef="AsOf20100331" decimals="-3" unitRef="TWD">1214000</tw-gaap-ci:CapitalSurplus>
	<tw-gaap-ci:CapitalSurplus contextRef="AsOf20090331" decimals="-3" unitRef="TWD">1215000</tw-gaap-ci:CapitalSurplus>
	<tw-gaap-ci:LegalReserve contextRef="AsOf20100331" decimals="-3" unitRef="TWD">144968000</tw-gaap-ci:LegalReserve>
	<tw-gaap-ci:LegalReserve contextRef="AsOf20090331" decimals="-3" unitRef="TWD">130848000</tw-gaap-ci:LegalReserve>
	<tw-gaap-ci:SpecialReserve contextRef="AsOf20100331" decimals="-3" unitRef="TWD">16780000</tw-gaap-ci:SpecialReserve>
	<tw-gaap-ci:SpecialReserve contextRef="AsOf20090331" decimals="-3" unitRef="TWD">3556000</tw-gaap-ci:SpecialReserve>
	<tw-gaap-ci:UnappropriatedRetainedEarnings contextRef="AsOf20100331" decimals="-3" unitRef="TWD">284880000</tw-gaap-ci:UnappropriatedRetainedEarnings>
	<tw-gaap-ci:UnappropriatedRetainedEarnings contextRef="AsOf20090331" decimals="-3" unitRef="TWD">189087000</tw-gaap-ci:UnappropriatedRetainedEarnings>
	<tw-gaap-ci:RetainedEarnings contextRef="AsOf20100331" decimals="-3" unitRef="TWD">446628000</tw-gaap-ci:RetainedEarnings>
	<tw-gaap-ci:RetainedEarnings contextRef="AsOf20090331" decimals="-3" unitRef="TWD">323491000</tw-gaap-ci:RetainedEarnings>
	<tw-gaap-ci:CumulativeTranslationAdjustments contextRef="AsOf20100331" decimals="-3" unitRef="TWD">-1875000</tw-gaap-ci:CumulativeTranslationAdjustments>
	<tw-gaap-ci:CumulativeTranslationAdjustments contextRef="AsOf20090331" decimals="-3" unitRef="TWD">78540000</tw-gaap-ci:CumulativeTranslationAdjustments>
	<tw-gaap-ci:UnrealizedGainsLossesFinancialInstruments contextRef="AsOf20100331" decimals="-3" unitRef="TWD">-14781000</tw-gaap-ci:UnrealizedGainsLossesFinancialInstruments>
	<tw-gaap-ci:UnrealizedGainsLossesFinancialInstruments contextRef="AsOf20090331" decimals="-3" unitRef="TWD">-44731000</tw-gaap-ci:UnrealizedGainsLossesFinancialInstruments>
	<tw-gaap-ci:StockholdersEquitiesAdjustments contextRef="AsOf20100331" decimals="-3" unitRef="TWD">-16656000</tw-gaap-ci:StockholdersEquitiesAdjustments>
	<tw-gaap-ci:StockholdersEquitiesAdjustments contextRef="AsOf20090331" decimals="-3" unitRef="TWD">33809000</tw-gaap-ci:StockholdersEquitiesAdjustments>
	<tw-gaap-ci:StockholdersEquities contextRef="AsOf20100331" decimals="-3" unitRef="TWD">1451186000</tw-gaap-ci:StockholdersEquities>
	<tw-gaap-ci:StockholdersEquities contextRef="AsOf20090331" decimals="-3" unitRef="TWD">1378515000</tw-gaap-ci:StockholdersEquities>
	<tw-gaap-ci:EquivalentSharesOutstandingAdvanceReceiptsCommonStock contextRef="AsOf20100331" decimals="0" unitRef="Shares">0</tw-gaap-ci:EquivalentSharesOutstandingAdvanceReceiptsCommonStock>
	<tw-gaap-ci:EquivalentSharesOutstandingAdvanceReceiptsCommonStock contextRef="AsOf20090331" decimals="0" unitRef="Shares">0</tw-gaap-ci:EquivalentSharesOutstandingAdvanceReceiptsCommonStock>
	<tw-gaap-ci:NumberTreasuryStockAcquiredCompanySubsidiaries contextRef="AsOf20100331" decimals="0" unitRef="Shares">0</tw-gaap-ci:NumberTreasuryStockAcquiredCompanySubsidiaries>
	<tw-gaap-ci:NumberTreasuryStockAcquiredCompanySubsidiaries contextRef="AsOf20090331" decimals="0" unitRef="Shares">0</tw-gaap-ci:NumberTreasuryStockAcquiredCompanySubsidiaries>
	<tw-gaap-ci:Sales contextRef="From20100101To20100331" decimals="-3" unitRef="TWD">163714000</tw-gaap-ci:Sales>
	<tw-gaap-ci:Sales contextRef="From20090101To20090331" decimals="-3" unitRef="TWD">185620000</tw-gaap-ci:Sales>
	<tw-gaap-ci:SalesReturns contextRef="From20100101To20100331" decimals="-3" unitRef="TWD">1888000</tw-gaap-ci:SalesReturns>
	<tw-gaap-ci:SalesReturns contextRef="From20090101To20090331" decimals="-3" unitRef="TWD">6389000</tw-gaap-ci:SalesReturns>
	<tw-gaap-ci:NetSales contextRef="From20100101To20100331" decimals="-3" unitRef="TWD">161826000</tw-gaap-ci:NetSales>
	<tw-gaap-ci:NetSales contextRef="From20090101To20090331" decimals="-3" unitRef="TWD">179231000</tw-gaap-ci:NetSales>
	<tw-gaap-ci:DesignFeesRevenue contextRef="From20100101To20100331" decimals="-3" unitRef="TWD">91000</tw-gaap-ci:DesignFeesRevenue>
	<tw-gaap-ci:DesignFeesRevenue contextRef="From20090101To20090331" decimals="-3" unitRef="TWD">1575000</tw-gaap-ci:DesignFeesRevenue>
	<tw-gaap-ci:ServiceRevenue contextRef="From20100101To20100331" decimals="-3" unitRef="TWD">91000</tw-gaap-ci:ServiceRevenue>
	<tw-gaap-ci:ServiceRevenue contextRef="From20090101To20090331" decimals="-3" unitRef="TWD">1575000</tw-gaap-ci:ServiceRevenue>
	<tw-gaap-ci:TotalServiceRevenue contextRef="From20100101To20100331" decimals="-3" unitRef="TWD">91000</tw-gaap-ci:TotalServiceRevenue>
	<tw-gaap-ci:TotalServiceRevenue contextRef="From20090101To20090331" decimals="-3" unitRef="TWD">1575000</tw-gaap-ci:TotalServiceRevenue>
	<tw-gaap-ci:OperatingRevenue contextRef="From20100101To20100331" decimals="-3" unitRef="TWD">161917000</tw-gaap-ci:OperatingRevenue>
	<tw-gaap-ci:OperatingRevenue contextRef="From20090101To20090331" decimals="-3" unitRef="TWD">180806000</tw-gaap-ci:OperatingRevenue>
	<tw-gaap-ci:OperatingCosts contextRef="From20100101To20100331" decimals="-3" unitRef="TWD">131952000</tw-gaap-ci:OperatingCosts>
	<tw-gaap-ci:OperatingCosts contextRef="From20090101To20090331" decimals="-3" unitRef="TWD">142988000</tw-gaap-ci:OperatingCosts>
	<tw-gaap-ci:GrossProfitLossOperations contextRef="From20100101To20100331" decimals="-3" unitRef="TWD">29965000</tw-gaap-ci:GrossProfitLossOperations>
	<tw-gaap-ci:GrossProfitLossOperations contextRef="From20090101To20090331" decimals="-3" unitRef="TWD">37818000</tw-gaap-ci:GrossProfitLossOperations>
	<tw-gaap-ci:Sellingexpense contextRef="From20100101To20100331" decimals="-3" unitRef="TWD">12495000</tw-gaap-ci:Sellingexpense>
	<tw-gaap-ci:Sellingexpense contextRef="From20090101To20090331" decimals="-3" unitRef="TWD">12422000</tw-gaap-ci:Sellingexpense>
	<tw-gaap-ci:GeneralAdministrativeExpenses contextRef="From20100101To20100331" decimals="-3" unitRef="TWD">7034000</tw-gaap-ci:GeneralAdministrativeExpenses>
	<tw-gaap-ci:GeneralAdministrativeExpenses contextRef="From20090101To20090331" decimals="-3" unitRef="TWD">6708000</tw-gaap-ci:GeneralAdministrativeExpenses>
	<tw-gaap-ci:ResearchDevelopmentExpenses contextRef="From20100101To20100331" decimals="-3" unitRef="TWD">4219000</tw-gaap-ci:ResearchDevelopmentExpenses>
	<tw-gaap-ci:ResearchDevelopmentExpenses contextRef="From20090101To20090331" decimals="-3" unitRef="TWD">4476000</tw-gaap-ci:ResearchDevelopmentExpenses>
	<tw-gaap-ci:OperatingExpenses contextRef="From20100101To20100331" decimals="-3" unitRef="TWD">23748000</tw-gaap-ci:OperatingExpenses>
	<tw-gaap-ci:OperatingExpenses contextRef="From20090101To20090331" decimals="-3" unitRef="TWD">23606000</tw-gaap-ci:OperatingExpenses>
	<tw-gaap-ci:OperatingIncomeLoss contextRef="From20100101To20100331" decimals="-3" unitRef="TWD">6217000</tw-gaap-ci:OperatingIncomeLoss>
	<tw-gaap-ci:OperatingIncomeLoss contextRef="From20090101To20090331" decimals="-3" unitRef="TWD">14212000</tw-gaap-ci:OperatingIncomeLoss>
	<tw-gaap-ci:InterestIncome contextRef="From20100101To20100331" decimals="-3" unitRef="TWD">552000</tw-gaap-ci:InterestIncome>
	<tw-gaap-ci:InterestIncome contextRef="From20090101To20090331" decimals="-3" unitRef="TWD">1446000</tw-gaap-ci:InterestIncome>
	<tw-gaap-ci:InvestmentGainsRecognizedEquityMethod contextRef="From20100101To20100331" decimals="-3" unitRef="TWD">16169000</tw-gaap-ci:InvestmentGainsRecognizedEquityMethod>
	<tw-gaap-ci:InvestmentGainsRecognizedEquityMethod contextRef="From20090101To20090331" decimals="-3" unitRef="TWD">16249000</tw-gaap-ci:InvestmentGainsRecognizedEquityMethod>
	<tw-gaap-ci:DividendIncome contextRef="From20100101To20100331" decimals="-3" unitRef="TWD">473000</tw-gaap-ci:DividendIncome>
	<tw-gaap-ci:DividendIncome contextRef="From20090101To20090331" decimals="-3" unitRef="TWD">640000</tw-gaap-ci:DividendIncome>
	<tw-gaap-ci:InvestmentGains contextRef="From20100101To20100331" decimals="-3" unitRef="TWD">16642000</tw-gaap-ci:InvestmentGains>
	<tw-gaap-ci:InvestmentGains contextRef="From20090101To20090331" decimals="-3" unitRef="TWD">16889000</tw-gaap-ci:InvestmentGains>
	<tw-gaap-ci:GainsSaleInvestments contextRef="From20100101To20100331" decimals="-3" unitRef="TWD">9000</tw-gaap-ci:GainsSaleInvestments>
	<tw-gaap-ci:GainsSaleInvestments contextRef="From20090101To20090331" decimals="-3" unitRef="TWD">3545000</tw-gaap-ci:GainsSaleInvestments>
	<tw-gaap-ci:ForeignExchangeGains contextRef="From20100101To20100331" decimals="-3" unitRef="TWD">0</tw-gaap-ci:ForeignExchangeGains>
	<tw-gaap-ci:ForeignExchangeGains contextRef="From20090101To20090331" decimals="-3" unitRef="TWD">0</tw-gaap-ci:ForeignExchangeGains>
	<tw-gaap-ci:RentIncome contextRef="From20100101To20100331" decimals="-3" unitRef="TWD">243000</tw-gaap-ci:RentIncome>
	<tw-gaap-ci:RentIncome contextRef="From20090101To20090331" decimals="-3" unitRef="TWD">243000</tw-gaap-ci:RentIncome>
	<tw-gaap-ci:ReversalAllowanceDoubtfulReceivable contextRef="From20100101To20100331" decimals="-3" unitRef="TWD">0</tw-gaap-ci:ReversalAllowanceDoubtfulReceivable>
	<tw-gaap-ci:ReversalAllowanceDoubtfulReceivable contextRef="From20090101To20090331" decimals="-3" unitRef="TWD">0</tw-gaap-ci:ReversalAllowanceDoubtfulReceivable>
	<tw-gaap-ci:MiscellaneousIncome contextRef="From20100101To20100331" decimals="-3" unitRef="TWD">818000</tw-gaap-ci:MiscellaneousIncome>
	<tw-gaap-ci:MiscellaneousIncome contextRef="From20090101To20090331" decimals="-3" unitRef="TWD">444000</tw-gaap-ci:MiscellaneousIncome>
	<tw-gaap-ci:NonOperatingIncomeGains contextRef="From20100101To20100331" decimals="-3" unitRef="TWD">18264000</tw-gaap-ci:NonOperatingIncomeGains>
	<tw-gaap-ci:NonOperatingIncomeGains contextRef="From20090101To20090331" decimals="-3" unitRef="TWD">22567000</tw-gaap-ci:NonOperatingIncomeGains>
	<tw-gaap-ci:ForeignExchangeLosses contextRef="From20100101To20100331" decimals="-3" unitRef="TWD">4985000</tw-gaap-ci:ForeignExchangeLosses>
	<tw-gaap-ci:ForeignExchangeLosses contextRef="From20090101To20090331" decimals="-3" unitRef="TWD">11239000</tw-gaap-ci:ForeignExchangeLosses>
	<tw-gaap-ci:MiscellaneousDisbursements contextRef="From20100101To20100331" decimals="-3" unitRef="TWD">278000</tw-gaap-ci:MiscellaneousDisbursements>
	<tw-gaap-ci:MiscellaneousDisbursements contextRef="From20090101To20090331" decimals="-3" unitRef="TWD">127000</tw-gaap-ci:MiscellaneousDisbursements>
	<tw-gaap-ci:NonOperatingExpenses contextRef="From20100101To20100331" decimals="-3" unitRef="TWD">5263000</tw-gaap-ci:NonOperatingExpenses>
	<tw-gaap-ci:NonOperatingExpenses contextRef="From20090101To20090331" decimals="-3" unitRef="TWD">11366000</tw-gaap-ci:NonOperatingExpenses>
	<tw-gaap-ci:IncomeContinuingOperationsBeforeIncomeTax contextRef="From20100101To20100331" decimals="-3" unitRef="TWD">19218000</tw-gaap-ci:IncomeContinuingOperationsBeforeIncomeTax>
	<tw-gaap-ci:IncomeContinuingOperationsBeforeIncomeTax contextRef="From20090101To20090331" decimals="-3" unitRef="TWD">25413000</tw-gaap-ci:IncomeContinuingOperationsBeforeIncomeTax>
	<tw-gaap-ci:IncomeTaxExpenseBenefit contextRef="From20100101To20100331" decimals="-3" unitRef="TWD">3331000</tw-gaap-ci:IncomeTaxExpenseBenefit>
	<tw-gaap-ci:IncomeTaxExpenseBenefit contextRef="From20090101To20090331" decimals="-3" unitRef="TWD">4164000</tw-gaap-ci:IncomeTaxExpenseBenefit>
	<tw-gaap-ci:IncomeContinuingOperations contextRef="From20100101To20100331" decimals="-3" unitRef="TWD">15887000</tw-gaap-ci:IncomeContinuingOperations>
	<tw-gaap-ci:IncomeContinuingOperations contextRef="From20090101To20090331" decimals="-3" unitRef="TWD">21249000</tw-gaap-ci:IncomeContinuingOperations>
	<tw-gaap-ci:NetIncomeLoss contextRef="From20100101To20100331" decimals="-3" unitRef="TWD">15887000</tw-gaap-ci:NetIncomeLoss>
	<tw-gaap-ci:NetIncomeLoss contextRef="From20090101To20090331" decimals="-3" unitRef="TWD">21249000</tw-gaap-ci:NetIncomeLoss>
	<tw-gaap-ci:PrimaryEarningsPerShare contextRef="From20100101To20100331" decimals="2" unitRef="TWD">0.16</tw-gaap-ci:PrimaryEarningsPerShare>
	<tw-gaap-ci:PrimaryEarningsPerShare contextRef="From20090101To20090331" decimals="2" unitRef="TWD">0.21</tw-gaap-ci:PrimaryEarningsPerShare>
	<tw-gaap-ci:NetIncomeLoss_StatementCashFlows contextRef="From20100101To20100331" decimals="-3" unitRef="TWD">15887000</tw-gaap-ci:NetIncomeLoss_StatementCashFlows>
	<tw-gaap-ci:NetIncomeLoss_StatementCashFlows contextRef="From20090101To20090331" decimals="-3" unitRef="TWD">21249000</tw-gaap-ci:NetIncomeLoss_StatementCashFlows>
	<tw-gaap-ci:DepreciationExpense-Operating contextRef="From20100101To20100331" decimals="-3" unitRef="TWD">487000</tw-gaap-ci:DepreciationExpense-Operating>
	<tw-gaap-ci:DepreciationExpense-Operating contextRef="From20090101To20090331" decimals="-3" unitRef="TWD">625000</tw-gaap-ci:DepreciationExpense-Operating>
	<tw-gaap-ci:ProvisionTransferRevenueBadDebtsLosses contextRef="From20100101To20100331" decimals="-3" unitRef="TWD">139000</tw-gaap-ci:ProvisionTransferRevenueBadDebtsLosses>
	<tw-gaap-ci:ProvisionTransferRevenueBadDebtsLosses contextRef="From20090101To20090331" decimals="-3" unitRef="TWD">49000</tw-gaap-ci:ProvisionTransferRevenueBadDebtsLosses>
	<tw-gaap-ci:ChangesNetPensionCostUnappropriated contextRef="From20100101To20100331" decimals="-3" unitRef="TWD">137000</tw-gaap-ci:ChangesNetPensionCostUnappropriated>
	<tw-gaap-ci:ChangesNetPensionCostUnappropriated contextRef="From20090101To20090331" decimals="-3" unitRef="TWD">114000</tw-gaap-ci:ChangesNetPensionCostUnappropriated>
	<tw-gaap-ci:InvestmentLossIncomeRecognizedEquityMethod contextRef="From20100101To20100331" decimals="-3" unitRef="TWD">-16169000</tw-gaap-ci:InvestmentLossIncomeRecognizedEquityMethod>
	<tw-gaap-ci:InvestmentLossIncomeRecognizedEquityMethod contextRef="From20090101To20090331" decimals="-3" unitRef="TWD">-16249000</tw-gaap-ci:InvestmentLossIncomeRecognizedEquityMethod>
	<tw-gaap-ci:GainsLossesSaleInvestments contextRef="From20100101To20100331" decimals="-3" unitRef="TWD">-9000</tw-gaap-ci:GainsLossesSaleInvestments>
	<tw-gaap-ci:GainsLossesSaleInvestments contextRef="From20090101To20090331" decimals="-3" unitRef="TWD">-3545000</tw-gaap-ci:GainsLossesSaleInvestments>
	<tw-gaap-ci:LossGainDeferredIncomeTax contextRef="From20100101To20100331" decimals="-3" unitRef="TWD">2175000</tw-gaap-ci:LossGainDeferredIncomeTax>
	<tw-gaap-ci:LossGainDeferredIncomeTax contextRef="From20090101To20090331" decimals="-3" unitRef="TWD">-2230000</tw-gaap-ci:LossGainDeferredIncomeTax>
	<tw-gaap-ci:AdjustmentsReconcileNetIncomeNetCashProvidedUsedOperatingActivities contextRef="From20100101To20100331" decimals="-3" unitRef="TWD">-13240000</tw-gaap-ci:AdjustmentsReconcileNetIncomeNetCashProvidedUsedOperatingActivities>
	<tw-gaap-ci:AdjustmentsReconcileNetIncomeNetCashProvidedUsedOperatingActivities contextRef="From20090101To20090331" decimals="-3" unitRef="TWD">-21236000</tw-gaap-ci:AdjustmentsReconcileNetIncomeNetCashProvidedUsedOperatingActivities>
	<tw-gaap-ci:ChangesAccountsReceivable contextRef="From20100101To20100331" decimals="-3" unitRef="TWD">-13864000</tw-gaap-ci:ChangesAccountsReceivable>
	<tw-gaap-ci:ChangesAccountsReceivable contextRef="From20090101To20090331" decimals="-3" unitRef="TWD">-1100000</tw-gaap-ci:ChangesAccountsReceivable>
	<tw-gaap-ci:ChangesAccountsReceivableRelatedParties contextRef="From20100101To20100331" decimals="-3" unitRef="TWD">-9603000</tw-gaap-ci:ChangesAccountsReceivableRelatedParties>
	<tw-gaap-ci:ChangesAccountsReceivableRelatedParties contextRef="From20090101To20090331" decimals="-3" unitRef="TWD">4112000</tw-gaap-ci:ChangesAccountsReceivableRelatedParties>
	<tw-gaap-ci:ChangesOtherReceivables contextRef="From20100101To20100331" decimals="-3" unitRef="TWD">-384000</tw-gaap-ci:ChangesOtherReceivables>
	<tw-gaap-ci:ChangesOtherReceivables contextRef="From20090101To20090331" decimals="-3" unitRef="TWD">-567000</tw-gaap-ci:ChangesOtherReceivables>
	<tw-gaap-ci:ChangesInventories contextRef="From20100101To20100331" decimals="-3" unitRef="TWD">-10000</tw-gaap-ci:ChangesInventories>
	<tw-gaap-ci:ChangesInventories contextRef="From20090101To20090331" decimals="-3" unitRef="TWD">-194000</tw-gaap-ci:ChangesInventories>
	<tw-gaap-ci:ChangesOtherPrepayments contextRef="From20100101To20100331" decimals="-3" unitRef="TWD">-469000</tw-gaap-ci:ChangesOtherPrepayments>
	<tw-gaap-ci:ChangesOtherPrepayments contextRef="From20090101To20090331" decimals="-3" unitRef="TWD">366000</tw-gaap-ci:ChangesOtherPrepayments>
	<tw-gaap-ci:ChangesOperatingAssets contextRef="From20100101To20100331" decimals="-3" unitRef="TWD">-24330000</tw-gaap-ci:ChangesOperatingAssets>
	<tw-gaap-ci:ChangesOperatingAssets contextRef="From20090101To20090331" decimals="-3" unitRef="TWD">2617000</tw-gaap-ci:ChangesOperatingAssets>
	<tw-gaap-ci:ChangesNotesPayable contextRef="From20100101To20100331" decimals="-3" unitRef="TWD">-776000</tw-gaap-ci:ChangesNotesPayable>
	<tw-gaap-ci:ChangesNotesPayable contextRef="From20090101To20090331" decimals="-3" unitRef="TWD">-775000</tw-gaap-ci:ChangesNotesPayable>
	<tw-gaap-ci:ChangesAccountsPayable contextRef="From20100101To20100331" decimals="-3" unitRef="TWD">1943000</tw-gaap-ci:ChangesAccountsPayable>
	<tw-gaap-ci:ChangesAccountsPayable contextRef="From20090101To20090331" decimals="-3" unitRef="TWD">-1088000</tw-gaap-ci:ChangesAccountsPayable>
	<tw-gaap-ci:ChangesAccountsPayableRelatedParties contextRef="From20100101To20100331" decimals="-3" unitRef="TWD">-73589000</tw-gaap-ci:ChangesAccountsPayableRelatedParties>
	<tw-gaap-ci:ChangesAccountsPayableRelatedParties contextRef="From20090101To20090331" decimals="-3" unitRef="TWD">152163000</tw-gaap-ci:ChangesAccountsPayableRelatedParties>
	<tw-gaap-ci:ChangesIncomeTaxPayable contextRef="From20100101To20100331" decimals="-3" unitRef="TWD">1107000</tw-gaap-ci:ChangesIncomeTaxPayable>
	<tw-gaap-ci:ChangesIncomeTaxPayable contextRef="From20090101To20090331" decimals="-3" unitRef="TWD">6335000</tw-gaap-ci:ChangesIncomeTaxPayable>
	<tw-gaap-ci:ChangesAccruedExpenses contextRef="From20100101To20100331" decimals="-3" unitRef="TWD">-1771000</tw-gaap-ci:ChangesAccruedExpenses>
	<tw-gaap-ci:ChangesAccruedExpenses contextRef="From20090101To20090331" decimals="-3" unitRef="TWD">-1133000</tw-gaap-ci:ChangesAccruedExpenses>
	<tw-gaap-ci:ChangesReceiptsAdvance contextRef="From20100101To20100331" decimals="-3" unitRef="TWD">-53000</tw-gaap-ci:ChangesReceiptsAdvance>
	<tw-gaap-ci:ChangesReceiptsAdvance contextRef="From20090101To20090331" decimals="-3" unitRef="TWD">3605000</tw-gaap-ci:ChangesReceiptsAdvance>
	<tw-gaap-ci:ChangesOtherCurrentLiabilities_CI contextRef="From20100101To20100331" decimals="-3" unitRef="TWD">-38000</tw-gaap-ci:ChangesOtherCurrentLiabilities_CI>
	<tw-gaap-ci:ChangesOtherCurrentLiabilities_CI contextRef="From20090101To20090331" decimals="-3" unitRef="TWD">-3000</tw-gaap-ci:ChangesOtherCurrentLiabilities_CI>
	<tw-gaap-ci:ChangesOperatingLiabilities contextRef="From20100101To20100331" decimals="-3" unitRef="TWD">-73177000</tw-gaap-ci:ChangesOperatingLiabilities>
	<tw-gaap-ci:ChangesOperatingLiabilities contextRef="From20090101To20090331" decimals="-3" unitRef="TWD">159104000</tw-gaap-ci:ChangesOperatingLiabilities>
	<tw-gaap-ci:ChangesOperatingAssetsLiabilities contextRef="From20100101To20100331" decimals="-3" unitRef="TWD">-97507000</tw-gaap-ci:ChangesOperatingAssetsLiabilities>
	<tw-gaap-ci:ChangesOperatingAssetsLiabilities contextRef="From20090101To20090331" decimals="-3" unitRef="TWD">161721000</tw-gaap-ci:ChangesOperatingAssetsLiabilities>
	<tw-gaap-ci:NetCashProvidedUsedOperatingActivities contextRef="From20100101To20100331" decimals="-3" unitRef="TWD">-94860000</tw-gaap-ci:NetCashProvidedUsedOperatingActivities>
	<tw-gaap-ci:NetCashProvidedUsedOperatingActivities contextRef="From20090101To20090331" decimals="-3" unitRef="TWD">161734000</tw-gaap-ci:NetCashProvidedUsedOperatingActivities>
	<tw-gaap-ci:AcquisitionAvailableSaleFinancialAssets contextRef="From20100101To20100331" decimals="-3" unitRef="TWD">0</tw-gaap-ci:AcquisitionAvailableSaleFinancialAssets>
	<tw-gaap-ci:AcquisitionAvailableSaleFinancialAssets contextRef="From20090101To20090331" decimals="-3" unitRef="TWD">-139784000</tw-gaap-ci:AcquisitionAvailableSaleFinancialAssets>
	<tw-gaap-ci:ProceedsDisposalAvailableSaleFinancialAssets contextRef="From20100101To20100331" decimals="-3" unitRef="TWD">30000000</tw-gaap-ci:ProceedsDisposalAvailableSaleFinancialAssets>
	<tw-gaap-ci:ProceedsDisposalAvailableSaleFinancialAssets contextRef="From20090101To20090331" decimals="-3" unitRef="TWD">58463000</tw-gaap-ci:ProceedsDisposalAvailableSaleFinancialAssets>
	<tw-gaap-ci:AcquisitionPropertyPlantEquipment contextRef="From20100101To20100331" decimals="-3" unitRef="TWD">-33000</tw-gaap-ci:AcquisitionPropertyPlantEquipment>
	<tw-gaap-ci:AcquisitionPropertyPlantEquipment contextRef="From20090101To20090331" decimals="-3" unitRef="TWD">-9000</tw-gaap-ci:AcquisitionPropertyPlantEquipment>
	<tw-gaap-ci:NetCashProvidedUsedInvestingActivities contextRef="From20100101To20100331" decimals="-3" unitRef="TWD">29967000</tw-gaap-ci:NetCashProvidedUsedInvestingActivities>
	<tw-gaap-ci:NetCashProvidedUsedInvestingActivities contextRef="From20090101To20090331" decimals="-3" unitRef="TWD">-81330000</tw-gaap-ci:NetCashProvidedUsedInvestingActivities>
	<tw-gaap-ci:EffectExchangeRateChanges contextRef="From20100101To20100331" decimals="-3" unitRef="TWD">0</tw-gaap-ci:EffectExchangeRateChanges>
	<tw-gaap-ci:EffectExchangeRateChanges contextRef="From20090101To20090331" decimals="-3" unitRef="TWD">0</tw-gaap-ci:EffectExchangeRateChanges>
	<tw-gaap-ci:NetChangesCashCashEquivalents contextRef="From20100101To20100331" decimals="-3" unitRef="TWD">-64893000</tw-gaap-ci:NetChangesCashCashEquivalents>
	<tw-gaap-ci:NetChangesCashCashEquivalents contextRef="From20090101To20090331" decimals="-3" unitRef="TWD">80404000</tw-gaap-ci:NetChangesCashCashEquivalents>
	<tw-gaap-ci:CashCashEquivalents contextRef="AsOf20100101" decimals="-3" unitRef="TWD">209345000</tw-gaap-ci:CashCashEquivalents>
	<tw-gaap-ci:CashCashEquivalents contextRef="AsOf20090101" decimals="-3" unitRef="TWD">245411000</tw-gaap-ci:CashCashEquivalents>
	<tw-gaap-ci:IncomeTaxPaid contextRef="From20100101To20100331" decimals="-3" unitRef="TWD">49000</tw-gaap-ci:IncomeTaxPaid>
	<tw-gaap-ci:IncomeTaxPaid contextRef="From20090101To20090331" decimals="-3" unitRef="TWD">59000</tw-gaap-ci:IncomeTaxPaid>
</xbrl>
