<?xml version="1.0" encoding="BIG5"?>
<xbrl xmlns="http://www.xbrl.org/2003/instance" xmlns:iso4217="http://www.xbrl.org/2003/iso4217" xmlns:link="http://www.xbrl.org/2003/linkbase" xmlns:tw-gaap-ar="http://www.xbrl.org/tw/fr/gaap/ar/2010-03-31" xmlns:tw-gaap-ci="http://www.xbrl.org/tw/fr/gaap/tw-gaap-ci-2010-03-31" xmlns:xbrldi="http://xbrl.org/2006/xbrldi" xmlns:xbrldt="http://xbrl.org/2005/xbrldt" xmlns:xbrli="http://www.xbrl.org/2003/instance" xmlns:xlink="http://www.w3.org/1999/xlink">
	<link:schemaRef xlink:arcrole="http://www.w3.org/1999/xlink/properties/linkbase" xlink:href="tw-gaap-ci-2010-03-31.xsd" xlink:type="simple"/>	<context id="AsOf20090101">
		<entity>
			<identifier scheme="http://www.twse.com.tw">9912</identifier>
		</entity>
		<period>
			<instant>2009-01-01</instant>
		</period>
	</context>
	<context id="AsOf20100101">
		<entity>
			<identifier scheme="http://www.twse.com.tw">9912</identifier>
		</entity>
		<period>
			<instant>2010-01-01</instant>
		</period>
	</context>
	<context id="From20090101To20090331">
		<entity>
			<identifier scheme="http://www.twse.com.tw">9912</identifier>
		</entity>
		<period>
			<startDate>2009-01-01</startDate>
			<endDate>2009-03-31</endDate>
		</period>
	</context>
	<context id="AsOf20090331">
		<entity>
			<identifier scheme="http://www.twse.com.tw">9912</identifier>
		</entity>
		<period>
			<instant>2009-03-31</instant>
		</period>
	</context>
	<context id="From20100101To20100331">
		<entity>
			<identifier scheme="http://www.twse.com.tw">9912</identifier>
		</entity>
		<period>
			<startDate>2010-01-01</startDate>
			<endDate>2010-03-31</endDate>
		</period>
	</context>
	<context id="AsOf20100331">
		<entity>
			<identifier scheme="http://www.twse.com.tw">9912</identifier>
		</entity>
		<period>
			<instant>2010-03-31</instant>
		</period>
	</context>
	<unit id="TWD">
		<measure>iso4217:TWD</measure>
	</unit>
	<unit id="Shares">
		<measure>xbrli:shares</measure>
	</unit>
	<unit id="EarningsPerShare">
		<divide>
			<unitNumerator>
				<measure>iso4217:TWD</measure>
			</unitNumerator>
			<unitDenominator>
				<measure>xbrli:shares</measure>
			</unitDenominator>
		</divide>
	</unit>
	<tw-gaap-ci:CashCashEquivalents contextRef="AsOf20100331" decimals="-3" unitRef="TWD">72804000</tw-gaap-ci:CashCashEquivalents>
	<tw-gaap-ci:CashCashEquivalents contextRef="AsOf20090331" decimals="-3" unitRef="TWD">102368000</tw-gaap-ci:CashCashEquivalents>
	<tw-gaap-ci:FinancialAssetsDesignatedFairValueProfitLossCurrent contextRef="AsOf20100331" decimals="-3" unitRef="TWD">238000</tw-gaap-ci:FinancialAssetsDesignatedFairValueProfitLossCurrent>
	<tw-gaap-ci:FinancialAssetsDesignatedFairValueProfitLossCurrent contextRef="AsOf20090331" decimals="-3" unitRef="TWD">0</tw-gaap-ci:FinancialAssetsDesignatedFairValueProfitLossCurrent>
	<tw-gaap-ci:FinancialAssetsMeasuredFairValueProfitLossCurrent contextRef="AsOf20100331" decimals="-3" unitRef="TWD">238000</tw-gaap-ci:FinancialAssetsMeasuredFairValueProfitLossCurrent>
	<tw-gaap-ci:FinancialAssetsMeasuredFairValueProfitLossCurrent contextRef="AsOf20090331" decimals="-3" unitRef="TWD">0</tw-gaap-ci:FinancialAssetsMeasuredFairValueProfitLossCurrent>
	<tw-gaap-ci:NetNotesReceivable contextRef="AsOf20100331" decimals="-3" unitRef="TWD">2726000</tw-gaap-ci:NetNotesReceivable>
	<tw-gaap-ci:NetNotesReceivable contextRef="AsOf20090331" decimals="-3" unitRef="TWD">19782000</tw-gaap-ci:NetNotesReceivable>
	<tw-gaap-ci:NetAccountsReceivableRelatedParties contextRef="AsOf20100331" decimals="-3" unitRef="TWD">29575000</tw-gaap-ci:NetAccountsReceivableRelatedParties>
	<tw-gaap-ci:NetAccountsReceivableRelatedParties contextRef="AsOf20090331" decimals="-3" unitRef="TWD">107914000</tw-gaap-ci:NetAccountsReceivableRelatedParties>
	<tw-gaap-ci:OtherFinancialAssetsCurrent contextRef="AsOf20100331" decimals="-3" unitRef="TWD">2892000</tw-gaap-ci:OtherFinancialAssetsCurrent>
	<tw-gaap-ci:OtherFinancialAssetsCurrent contextRef="AsOf20090331" decimals="-3" unitRef="TWD">822000</tw-gaap-ci:OtherFinancialAssetsCurrent>
	<tw-gaap-ci:InventoriesManufacturing contextRef="AsOf20100331" decimals="-3" unitRef="TWD">184318000</tw-gaap-ci:InventoriesManufacturing>
	<tw-gaap-ci:InventoriesManufacturing contextRef="AsOf20090331" decimals="-3" unitRef="TWD">285366000</tw-gaap-ci:InventoriesManufacturing>
	<tw-gaap-ci:Inventories contextRef="AsOf20100331" decimals="-3" unitRef="TWD">184318000</tw-gaap-ci:Inventories>
	<tw-gaap-ci:Inventories contextRef="AsOf20090331" decimals="-3" unitRef="TWD">285366000</tw-gaap-ci:Inventories>
	<tw-gaap-ci:OtherPrepayments contextRef="AsOf20100331" decimals="-3" unitRef="TWD">21841000</tw-gaap-ci:OtherPrepayments>
	<tw-gaap-ci:OtherPrepayments contextRef="AsOf20090331" decimals="-3" unitRef="TWD">27247000</tw-gaap-ci:OtherPrepayments>
	<tw-gaap-ci:DeferredIncomeTaxAssetsCurrent contextRef="AsOf20100331" decimals="-3" unitRef="TWD">1269000</tw-gaap-ci:DeferredIncomeTaxAssetsCurrent>
	<tw-gaap-ci:DeferredIncomeTaxAssetsCurrent contextRef="AsOf20090331" decimals="-3" unitRef="TWD">10691000</tw-gaap-ci:DeferredIncomeTaxAssetsCurrent>
	<tw-gaap-ci:OtherCurrentAssets contextRef="AsOf20100331" decimals="-3" unitRef="TWD">1269000</tw-gaap-ci:OtherCurrentAssets>
	<tw-gaap-ci:OtherCurrentAssets contextRef="AsOf20090331" decimals="-3" unitRef="TWD">10691000</tw-gaap-ci:OtherCurrentAssets>
	<tw-gaap-ci:CurrentAssets contextRef="AsOf20100331" decimals="-3" unitRef="TWD">315663000</tw-gaap-ci:CurrentAssets>
	<tw-gaap-ci:CurrentAssets contextRef="AsOf20090331" decimals="-3" unitRef="TWD">554190000</tw-gaap-ci:CurrentAssets>
	<tw-gaap-ci:LongtermInvestmentsEquity contextRef="AsOf20100331" decimals="-3" unitRef="TWD">80794000</tw-gaap-ci:LongtermInvestmentsEquity>
	<tw-gaap-ci:LongtermInvestmentsEquity contextRef="AsOf20090331" decimals="-3" unitRef="TWD">117199000</tw-gaap-ci:LongtermInvestmentsEquity>
	<tw-gaap-ci:LongtermInvestments contextRef="AsOf20100331" decimals="-3" unitRef="TWD">80794000</tw-gaap-ci:LongtermInvestments>
	<tw-gaap-ci:LongtermInvestments contextRef="AsOf20090331" decimals="-3" unitRef="TWD">117199000</tw-gaap-ci:LongtermInvestments>
	<tw-gaap-ci:FundsInvestments contextRef="AsOf20100331" decimals="-3" unitRef="TWD">80794000</tw-gaap-ci:FundsInvestments>
	<tw-gaap-ci:FundsInvestments contextRef="AsOf20090331" decimals="-3" unitRef="TWD">117199000</tw-gaap-ci:FundsInvestments>
	<tw-gaap-ci:Land contextRef="AsOf20100331" decimals="-3" unitRef="TWD">11976000</tw-gaap-ci:Land>
	<tw-gaap-ci:Land contextRef="AsOf20090331" decimals="-3" unitRef="TWD">11976000</tw-gaap-ci:Land>
	<tw-gaap-ci:BuildingsStructures contextRef="AsOf20100331" decimals="-3" unitRef="TWD">13821000</tw-gaap-ci:BuildingsStructures>
	<tw-gaap-ci:BuildingsStructures contextRef="AsOf20090331" decimals="-3" unitRef="TWD">13726000</tw-gaap-ci:BuildingsStructures>
	<tw-gaap-ci:MachineryEquipment contextRef="AsOf20100331" decimals="-3" unitRef="TWD">8065000</tw-gaap-ci:MachineryEquipment>
	<tw-gaap-ci:MachineryEquipment contextRef="AsOf20090331" decimals="-3" unitRef="TWD">8065000</tw-gaap-ci:MachineryEquipment>
	<tw-gaap-ci:MoldingEquipment contextRef="AsOf20100331" decimals="-3" unitRef="TWD">87465000</tw-gaap-ci:MoldingEquipment>
	<tw-gaap-ci:MoldingEquipment contextRef="AsOf20090331" decimals="-3" unitRef="TWD">69069000</tw-gaap-ci:MoldingEquipment>
	<tw-gaap-ci:OtherFacilities contextRef="AsOf20100331" decimals="-3" unitRef="TWD">10665000</tw-gaap-ci:OtherFacilities>
	<tw-gaap-ci:OtherFacilities contextRef="AsOf20090331" decimals="-3" unitRef="TWD">10700000</tw-gaap-ci:OtherFacilities>
	<tw-gaap-ci:FixedAssetsOriginalCosts contextRef="AsOf20100331" decimals="-3" unitRef="TWD">131992000</tw-gaap-ci:FixedAssetsOriginalCosts>
	<tw-gaap-ci:FixedAssetsOriginalCosts contextRef="AsOf20090331" decimals="-3" unitRef="TWD">113536000</tw-gaap-ci:FixedAssetsOriginalCosts>
	<tw-gaap-ci:RevaluationIncrement contextRef="AsOf20100331" decimals="-3" unitRef="TWD">0</tw-gaap-ci:RevaluationIncrement>
	<tw-gaap-ci:RevaluationIncrement contextRef="AsOf20090331" decimals="-3" unitRef="TWD">0</tw-gaap-ci:RevaluationIncrement>
	<tw-gaap-ci:CostsRevaluationIncrement contextRef="AsOf20100331" decimals="-3" unitRef="TWD">131992000</tw-gaap-ci:CostsRevaluationIncrement>
	<tw-gaap-ci:CostsRevaluationIncrement contextRef="AsOf20090331" decimals="-3" unitRef="TWD">113536000</tw-gaap-ci:CostsRevaluationIncrement>
	<tw-gaap-ci:AccumulatedDepreciation contextRef="AsOf20100331" decimals="-3" unitRef="TWD">91592000</tw-gaap-ci:AccumulatedDepreciation>
	<tw-gaap-ci:AccumulatedDepreciation contextRef="AsOf20090331" decimals="-3" unitRef="TWD">82981000</tw-gaap-ci:AccumulatedDepreciation>
	<tw-gaap-ci:FixedAssets contextRef="AsOf20100331" decimals="-3" unitRef="TWD">40400000</tw-gaap-ci:FixedAssets>
	<tw-gaap-ci:FixedAssets contextRef="AsOf20090331" decimals="-3" unitRef="TWD">30555000</tw-gaap-ci:FixedAssets>
	<tw-gaap-ci:IntangibleAssets contextRef="AsOf20100331" decimals="-3" unitRef="TWD">0</tw-gaap-ci:IntangibleAssets>
	<tw-gaap-ci:IntangibleAssets contextRef="AsOf20090331" decimals="-3" unitRef="TWD">0</tw-gaap-ci:IntangibleAssets>
	<tw-gaap-ci:NetRentalAssets contextRef="AsOf20100331" decimals="-3" unitRef="TWD">360934000</tw-gaap-ci:NetRentalAssets>
	<tw-gaap-ci:NetRentalAssets contextRef="AsOf20090331" decimals="-3" unitRef="TWD">367032000</tw-gaap-ci:NetRentalAssets>
	<tw-gaap-ci:DeferredIncomeTaxAssetsNonCurrent contextRef="AsOf20100331" decimals="-3" unitRef="TWD">62494000</tw-gaap-ci:DeferredIncomeTaxAssetsNonCurrent>
	<tw-gaap-ci:DeferredIncomeTaxAssetsNonCurrent contextRef="AsOf20090331" decimals="-3" unitRef="TWD">63559000</tw-gaap-ci:DeferredIncomeTaxAssetsNonCurrent>
	<tw-gaap-ci:OtherAssets contextRef="AsOf20100331" decimals="-3" unitRef="TWD">423428000</tw-gaap-ci:OtherAssets>
	<tw-gaap-ci:OtherAssets contextRef="AsOf20090331" decimals="-3" unitRef="TWD">430591000</tw-gaap-ci:OtherAssets>
	<tw-gaap-ci:Assets contextRef="AsOf20100331" decimals="-3" unitRef="TWD">860285000</tw-gaap-ci:Assets>
	<tw-gaap-ci:Assets contextRef="AsOf20090331" decimals="-3" unitRef="TWD">1132535000</tw-gaap-ci:Assets>
	<tw-gaap-ci:ShortTermBorrowings contextRef="AsOf20100331" decimals="-3" unitRef="TWD">224985000</tw-gaap-ci:ShortTermBorrowings>
	<tw-gaap-ci:ShortTermBorrowings contextRef="AsOf20090331" decimals="-3" unitRef="TWD">414986000</tw-gaap-ci:ShortTermBorrowings>
	<tw-gaap-ci:FinancialLiabilitiesMeasuredFairValueProfitLossCurrent contextRef="AsOf20100331" decimals="-3" unitRef="TWD">0</tw-gaap-ci:FinancialLiabilitiesMeasuredFairValueProfitLossCurrent>
	<tw-gaap-ci:FinancialLiabilitiesMeasuredFairValueProfitLossCurrent contextRef="AsOf20090331" decimals="-3" unitRef="TWD">1593000</tw-gaap-ci:FinancialLiabilitiesMeasuredFairValueProfitLossCurrent>
	<tw-gaap-ci:NotesPayable contextRef="AsOf20100331" decimals="-3" unitRef="TWD">83095000</tw-gaap-ci:NotesPayable>
	<tw-gaap-ci:NotesPayable contextRef="AsOf20090331" decimals="-3" unitRef="TWD">109185000</tw-gaap-ci:NotesPayable>
	<tw-gaap-ci:AdvanceSalesReceipts contextRef="AsOf20100331" decimals="-3" unitRef="TWD">17827000</tw-gaap-ci:AdvanceSalesReceipts>
	<tw-gaap-ci:AdvanceSalesReceipts contextRef="AsOf20090331" decimals="-3" unitRef="TWD">21722000</tw-gaap-ci:AdvanceSalesReceipts>
	<tw-gaap-ci:AdvanceReceipts contextRef="AsOf20100331" decimals="-3" unitRef="TWD">17827000</tw-gaap-ci:AdvanceReceipts>
	<tw-gaap-ci:AdvanceReceipts contextRef="AsOf20090331" decimals="-3" unitRef="TWD">21722000</tw-gaap-ci:AdvanceReceipts>
	<tw-gaap-ci:OtherCurrentLiabilities contextRef="AsOf20100331" decimals="-3" unitRef="TWD">25247000</tw-gaap-ci:OtherCurrentLiabilities>
	<tw-gaap-ci:OtherCurrentLiabilities contextRef="AsOf20090331" decimals="-3" unitRef="TWD">13993000</tw-gaap-ci:OtherCurrentLiabilities>
	<tw-gaap-ci:CurrentLiabilities contextRef="AsOf20100331" decimals="-3" unitRef="TWD">351154000</tw-gaap-ci:CurrentLiabilities>
	<tw-gaap-ci:CurrentLiabilities contextRef="AsOf20090331" decimals="-3" unitRef="TWD">561479000</tw-gaap-ci:CurrentLiabilities>
	<tw-gaap-ci:ReserveLandRevaluationIncrementTax contextRef="AsOf20100331" decimals="-3" unitRef="TWD">99061000</tw-gaap-ci:ReserveLandRevaluationIncrementTax>
	<tw-gaap-ci:ReserveLandRevaluationIncrementTax contextRef="AsOf20090331" decimals="-3" unitRef="TWD">99061000</tw-gaap-ci:ReserveLandRevaluationIncrementTax>
	<tw-gaap-ci:Reserves contextRef="AsOf20100331" decimals="-3" unitRef="TWD">99061000</tw-gaap-ci:Reserves>
	<tw-gaap-ci:Reserves contextRef="AsOf20090331" decimals="-3" unitRef="TWD">99061000</tw-gaap-ci:Reserves>
	<tw-gaap-ci:GuaranteeDepositsReceived contextRef="AsOf20100331" decimals="-3" unitRef="TWD">4911000</tw-gaap-ci:GuaranteeDepositsReceived>
	<tw-gaap-ci:GuaranteeDepositsReceived contextRef="AsOf20090331" decimals="-3" unitRef="TWD">1702000</tw-gaap-ci:GuaranteeDepositsReceived>
	<tw-gaap-ci:OtherLiabilities-Other contextRef="AsOf20100331" decimals="-3" unitRef="TWD">0</tw-gaap-ci:OtherLiabilities-Other>
	<tw-gaap-ci:OtherLiabilities-Other contextRef="AsOf20090331" decimals="-3" unitRef="TWD">5959000</tw-gaap-ci:OtherLiabilities-Other>
	<tw-gaap-ci:OtherLiabilitiesOther contextRef="AsOf20100331" decimals="-3" unitRef="TWD">0</tw-gaap-ci:OtherLiabilitiesOther>
	<tw-gaap-ci:OtherLiabilitiesOther contextRef="AsOf20090331" decimals="-3" unitRef="TWD">5959000</tw-gaap-ci:OtherLiabilitiesOther>
	<tw-gaap-ci:OtherLiabilities contextRef="AsOf20100331" decimals="-3" unitRef="TWD">4911000</tw-gaap-ci:OtherLiabilities>
	<tw-gaap-ci:OtherLiabilities contextRef="AsOf20090331" decimals="-3" unitRef="TWD">7661000</tw-gaap-ci:OtherLiabilities>
	<tw-gaap-ci:Liabilities contextRef="AsOf20100331" decimals="-3" unitRef="TWD">455126000</tw-gaap-ci:Liabilities>
	<tw-gaap-ci:Liabilities contextRef="AsOf20090331" decimals="-3" unitRef="TWD">668201000</tw-gaap-ci:Liabilities>
	<tw-gaap-ci:CommonStock contextRef="AsOf20100331" decimals="-3" unitRef="TWD">460874000</tw-gaap-ci:CommonStock>
	<tw-gaap-ci:CommonStock contextRef="AsOf20090331" decimals="-3" unitRef="TWD">460874000</tw-gaap-ci:CommonStock>
	<tw-gaap-ci:Capital contextRef="AsOf20100331" decimals="-3" unitRef="TWD">460874000</tw-gaap-ci:Capital>
	<tw-gaap-ci:Capital contextRef="AsOf20090331" decimals="-3" unitRef="TWD">460874000</tw-gaap-ci:Capital>
	<tw-gaap-ci:LegalReserve contextRef="AsOf20100331" decimals="-3" unitRef="TWD">709000</tw-gaap-ci:LegalReserve>
	<tw-gaap-ci:LegalReserve contextRef="AsOf20090331" decimals="-3" unitRef="TWD">709000</tw-gaap-ci:LegalReserve>
	<tw-gaap-ci:UnappropriatedRetainedEarnings contextRef="AsOf20100331" decimals="-3" unitRef="TWD">-138716000</tw-gaap-ci:UnappropriatedRetainedEarnings>
	<tw-gaap-ci:UnappropriatedRetainedEarnings contextRef="AsOf20090331" decimals="-3" unitRef="TWD">-83128000</tw-gaap-ci:UnappropriatedRetainedEarnings>
	<tw-gaap-ci:RetainedEarnings contextRef="AsOf20100331" decimals="-3" unitRef="TWD">-138007000</tw-gaap-ci:RetainedEarnings>
	<tw-gaap-ci:RetainedEarnings contextRef="AsOf20090331" decimals="-3" unitRef="TWD">-82419000</tw-gaap-ci:RetainedEarnings>
	<tw-gaap-ci:CumulativeTranslationAdjustments contextRef="AsOf20100331" decimals="-3" unitRef="TWD">-33479000</tw-gaap-ci:CumulativeTranslationAdjustments>
	<tw-gaap-ci:CumulativeTranslationAdjustments contextRef="AsOf20090331" decimals="-3" unitRef="TWD">-29892000</tw-gaap-ci:CumulativeTranslationAdjustments>
	<tw-gaap-ci:UnrealizedRevaluationIncrement contextRef="AsOf20100331" decimals="-3" unitRef="TWD">115771000</tw-gaap-ci:UnrealizedRevaluationIncrement>
	<tw-gaap-ci:UnrealizedRevaluationIncrement contextRef="AsOf20090331" decimals="-3" unitRef="TWD">115771000</tw-gaap-ci:UnrealizedRevaluationIncrement>
	<tw-gaap-ci:StockholdersEquitiesAdjustments contextRef="AsOf20100331" decimals="-3" unitRef="TWD">82292000</tw-gaap-ci:StockholdersEquitiesAdjustments>
	<tw-gaap-ci:StockholdersEquitiesAdjustments contextRef="AsOf20090331" decimals="-3" unitRef="TWD">85879000</tw-gaap-ci:StockholdersEquitiesAdjustments>
	<tw-gaap-ci:StockholdersEquities contextRef="AsOf20100331" decimals="-3" unitRef="TWD">405159000</tw-gaap-ci:StockholdersEquities>
	<tw-gaap-ci:StockholdersEquities contextRef="AsOf20090331" decimals="-3" unitRef="TWD">464334000</tw-gaap-ci:StockholdersEquities>
	<tw-gaap-ci:EquivalentSharesOutstandingAdvanceReceiptsCommonStock contextRef="AsOf20100331" decimals="0" unitRef="Shares">0</tw-gaap-ci:EquivalentSharesOutstandingAdvanceReceiptsCommonStock>
	<tw-gaap-ci:EquivalentSharesOutstandingAdvanceReceiptsCommonStock contextRef="AsOf20090331" decimals="0" unitRef="Shares">0</tw-gaap-ci:EquivalentSharesOutstandingAdvanceReceiptsCommonStock>
	<tw-gaap-ci:NumberTreasuryStockAcquiredCompanySubsidiaries contextRef="AsOf20100331" decimals="0" unitRef="Shares">0</tw-gaap-ci:NumberTreasuryStockAcquiredCompanySubsidiaries>
	<tw-gaap-ci:NumberTreasuryStockAcquiredCompanySubsidiaries contextRef="AsOf20090331" decimals="0" unitRef="Shares">0</tw-gaap-ci:NumberTreasuryStockAcquiredCompanySubsidiaries>
	<tw-gaap-ci:Sales contextRef="From20100101To20100331" decimals="-3" unitRef="TWD">118584000</tw-gaap-ci:Sales>
	<tw-gaap-ci:Sales contextRef="From20090101To20090331" decimals="-3" unitRef="TWD">194205000</tw-gaap-ci:Sales>
	<tw-gaap-ci:SalesDiscountsAllowances contextRef="From20100101To20100331" decimals="-3" unitRef="TWD">5000</tw-gaap-ci:SalesDiscountsAllowances>
	<tw-gaap-ci:SalesDiscountsAllowances contextRef="From20090101To20090331" decimals="-3" unitRef="TWD">83000</tw-gaap-ci:SalesDiscountsAllowances>
	<tw-gaap-ci:NetSales contextRef="From20100101To20100331" decimals="-3" unitRef="TWD">118579000</tw-gaap-ci:NetSales>
	<tw-gaap-ci:NetSales contextRef="From20090101To20090331" decimals="-3" unitRef="TWD">194122000</tw-gaap-ci:NetSales>
	<tw-gaap-ci:OperatingRevenue contextRef="From20100101To20100331" decimals="-3" unitRef="TWD">118579000</tw-gaap-ci:OperatingRevenue>
	<tw-gaap-ci:OperatingRevenue contextRef="From20090101To20090331" decimals="-3" unitRef="TWD">194122000</tw-gaap-ci:OperatingRevenue>
	<tw-gaap-ci:CostSales contextRef="From20100101To20100331" decimals="-3" unitRef="TWD">101719000</tw-gaap-ci:CostSales>
	<tw-gaap-ci:CostSales contextRef="From20090101To20090331" decimals="-3" unitRef="TWD">176502000</tw-gaap-ci:CostSales>
	<tw-gaap-ci:OperatingCosts contextRef="From20100101To20100331" decimals="-3" unitRef="TWD">101719000</tw-gaap-ci:OperatingCosts>
	<tw-gaap-ci:OperatingCosts contextRef="From20090101To20090331" decimals="-3" unitRef="TWD">176502000</tw-gaap-ci:OperatingCosts>
	<tw-gaap-ci:GrossProfitLossOperations contextRef="From20100101To20100331" decimals="-3" unitRef="TWD">16860000</tw-gaap-ci:GrossProfitLossOperations>
	<tw-gaap-ci:GrossProfitLossOperations contextRef="From20090101To20090331" decimals="-3" unitRef="TWD">17620000</tw-gaap-ci:GrossProfitLossOperations>
	<tw-gaap-ci:Sellingexpense contextRef="From20100101To20100331" decimals="-3" unitRef="TWD">11798000</tw-gaap-ci:Sellingexpense>
	<tw-gaap-ci:Sellingexpense contextRef="From20090101To20090331" decimals="-3" unitRef="TWD">10377000</tw-gaap-ci:Sellingexpense>
	<tw-gaap-ci:GeneralAdministrativeExpenses contextRef="From20100101To20100331" decimals="-3" unitRef="TWD">7736000</tw-gaap-ci:GeneralAdministrativeExpenses>
	<tw-gaap-ci:GeneralAdministrativeExpenses contextRef="From20090101To20090331" decimals="-3" unitRef="TWD">9223000</tw-gaap-ci:GeneralAdministrativeExpenses>
	<tw-gaap-ci:ResearchDevelopmentExpenses contextRef="From20100101To20100331" decimals="-3" unitRef="TWD">1621000</tw-gaap-ci:ResearchDevelopmentExpenses>
	<tw-gaap-ci:ResearchDevelopmentExpenses contextRef="From20090101To20090331" decimals="-3" unitRef="TWD">3637000</tw-gaap-ci:ResearchDevelopmentExpenses>
	<tw-gaap-ci:OperatingExpenses contextRef="From20100101To20100331" decimals="-3" unitRef="TWD">21155000</tw-gaap-ci:OperatingExpenses>
	<tw-gaap-ci:OperatingExpenses contextRef="From20090101To20090331" decimals="-3" unitRef="TWD">23237000</tw-gaap-ci:OperatingExpenses>
	<tw-gaap-ci:OperatingIncomeLoss contextRef="From20100101To20100331" decimals="-3" unitRef="TWD">-4295000</tw-gaap-ci:OperatingIncomeLoss>
	<tw-gaap-ci:OperatingIncomeLoss contextRef="From20090101To20090331" decimals="-3" unitRef="TWD">-5617000</tw-gaap-ci:OperatingIncomeLoss>
	<tw-gaap-ci:InterestIncome contextRef="From20100101To20100331" decimals="-3" unitRef="TWD">18000</tw-gaap-ci:InterestIncome>
	<tw-gaap-ci:InterestIncome contextRef="From20090101To20090331" decimals="-3" unitRef="TWD">372000</tw-gaap-ci:InterestIncome>
	<tw-gaap-ci:RevaluationGainFinancialAssets contextRef="From20100101To20100331" decimals="-3" unitRef="TWD">1942000</tw-gaap-ci:RevaluationGainFinancialAssets>
	<tw-gaap-ci:RevaluationGainFinancialAssets contextRef="From20090101To20090331" decimals="-3" unitRef="TWD">0</tw-gaap-ci:RevaluationGainFinancialAssets>
	<tw-gaap-ci:MiscellaneousIncome contextRef="From20100101To20100331" decimals="-3" unitRef="TWD">4599000</tw-gaap-ci:MiscellaneousIncome>
	<tw-gaap-ci:MiscellaneousIncome contextRef="From20090101To20090331" decimals="-3" unitRef="TWD">3855000</tw-gaap-ci:MiscellaneousIncome>
	<tw-gaap-ci:NonOperatingIncomeGains contextRef="From20100101To20100331" decimals="-3" unitRef="TWD">6559000</tw-gaap-ci:NonOperatingIncomeGains>
	<tw-gaap-ci:NonOperatingIncomeGains contextRef="From20090101To20090331" decimals="-3" unitRef="TWD">4227000</tw-gaap-ci:NonOperatingIncomeGains>
	<tw-gaap-ci:InterestExpense contextRef="From20100101To20100331" decimals="-3" unitRef="TWD">1370000</tw-gaap-ci:InterestExpense>
	<tw-gaap-ci:InterestExpense contextRef="From20090101To20090331" decimals="-3" unitRef="TWD">2814000</tw-gaap-ci:InterestExpense>
	<tw-gaap-ci:NonOperatingExpensesInvestmentLossRecognizedEquityMethod contextRef="From20100101To20100331" decimals="-3" unitRef="TWD">6527000</tw-gaap-ci:NonOperatingExpensesInvestmentLossRecognizedEquityMethod>
	<tw-gaap-ci:NonOperatingExpensesInvestmentLossRecognizedEquityMethod contextRef="From20090101To20090331" decimals="-3" unitRef="TWD">7785000</tw-gaap-ci:NonOperatingExpensesInvestmentLossRecognizedEquityMethod>
	<tw-gaap-ci:NonOperatingExpensesInvestmentLoss contextRef="From20100101To20100331" decimals="-3" unitRef="TWD">6527000</tw-gaap-ci:NonOperatingExpensesInvestmentLoss>
	<tw-gaap-ci:NonOperatingExpensesInvestmentLoss contextRef="From20090101To20090331" decimals="-3" unitRef="TWD">7785000</tw-gaap-ci:NonOperatingExpensesInvestmentLoss>
	<tw-gaap-ci:ForeignExchangeLosses contextRef="From20100101To20100331" decimals="-3" unitRef="TWD">11506000</tw-gaap-ci:ForeignExchangeLosses>
	<tw-gaap-ci:ForeignExchangeLosses contextRef="From20090101To20090331" decimals="-3" unitRef="TWD">6316000</tw-gaap-ci:ForeignExchangeLosses>
	<tw-gaap-ci:RevaluationLossFinancialLiabilities contextRef="From20100101To20100331" decimals="-3" unitRef="TWD">0</tw-gaap-ci:RevaluationLossFinancialLiabilities>
	<tw-gaap-ci:RevaluationLossFinancialLiabilities contextRef="From20090101To20090331" decimals="-3" unitRef="TWD">1593000</tw-gaap-ci:RevaluationLossFinancialLiabilities>
	<tw-gaap-ci:MiscellaneousDisbursements contextRef="From20100101To20100331" decimals="-3" unitRef="TWD">0</tw-gaap-ci:MiscellaneousDisbursements>
	<tw-gaap-ci:MiscellaneousDisbursements contextRef="From20090101To20090331" decimals="-3" unitRef="TWD">108000</tw-gaap-ci:MiscellaneousDisbursements>
	<tw-gaap-ci:NonOperatingExpenses contextRef="From20100101To20100331" decimals="-3" unitRef="TWD">19403000</tw-gaap-ci:NonOperatingExpenses>
	<tw-gaap-ci:NonOperatingExpenses contextRef="From20090101To20090331" decimals="-3" unitRef="TWD">18616000</tw-gaap-ci:NonOperatingExpenses>
	<tw-gaap-ci:IncomeContinuingOperationsBeforeIncomeTax contextRef="From20100101To20100331" decimals="-3" unitRef="TWD">-17139000</tw-gaap-ci:IncomeContinuingOperationsBeforeIncomeTax>
	<tw-gaap-ci:IncomeContinuingOperationsBeforeIncomeTax contextRef="From20090101To20090331" decimals="-3" unitRef="TWD">-20006000</tw-gaap-ci:IncomeContinuingOperationsBeforeIncomeTax>
	<tw-gaap-ci:IncomeTaxExpenseBenefit contextRef="From20100101To20100331" decimals="-3" unitRef="TWD">2437000</tw-gaap-ci:IncomeTaxExpenseBenefit>
	<tw-gaap-ci:IncomeTaxExpenseBenefit contextRef="From20090101To20090331" decimals="-3" unitRef="TWD">587000</tw-gaap-ci:IncomeTaxExpenseBenefit>
	<tw-gaap-ci:IncomeContinuingOperations contextRef="From20100101To20100331" decimals="-3" unitRef="TWD">-19576000</tw-gaap-ci:IncomeContinuingOperations>
	<tw-gaap-ci:IncomeContinuingOperations contextRef="From20090101To20090331" decimals="-3" unitRef="TWD">-20593000</tw-gaap-ci:IncomeContinuingOperations>
	<tw-gaap-ci:NetIncomeLoss contextRef="From20100101To20100331" decimals="-3" unitRef="TWD">-19576000</tw-gaap-ci:NetIncomeLoss>
	<tw-gaap-ci:NetIncomeLoss contextRef="From20090101To20090331" decimals="-3" unitRef="TWD">-20593000</tw-gaap-ci:NetIncomeLoss>
	<tw-gaap-ci:PrimaryEarningsPerShare contextRef="From20100101To20100331" decimals="2" unitRef="TWD">-0.42</tw-gaap-ci:PrimaryEarningsPerShare>
	<tw-gaap-ci:PrimaryEarningsPerShare contextRef="From20090101To20090331" decimals="2" unitRef="TWD">-0.45</tw-gaap-ci:PrimaryEarningsPerShare>
	<tw-gaap-ci:NetIncomeLoss_StatementCashFlows contextRef="From20100101To20100331" decimals="-3" unitRef="TWD">-19576000</tw-gaap-ci:NetIncomeLoss_StatementCashFlows>
	<tw-gaap-ci:NetIncomeLoss_StatementCashFlows contextRef="From20090101To20090331" decimals="-3" unitRef="TWD">-20593000</tw-gaap-ci:NetIncomeLoss_StatementCashFlows>
	<tw-gaap-ci:DepreciationExpense-Operating contextRef="From20100101To20100331" decimals="-3" unitRef="TWD">2823000</tw-gaap-ci:DepreciationExpense-Operating>
	<tw-gaap-ci:DepreciationExpense-Operating contextRef="From20090101To20090331" decimals="-3" unitRef="TWD">3832000</tw-gaap-ci:DepreciationExpense-Operating>
	<tw-gaap-ci:GainLossInventoryValuationObsolescenceRecoverie contextRef="From20100101To20100331" decimals="-3" unitRef="TWD">-474000</tw-gaap-ci:GainLossInventoryValuationObsolescenceRecoverie>
	<tw-gaap-ci:GainLossInventoryValuationObsolescenceRecoverie contextRef="From20090101To20090331" decimals="-3" unitRef="TWD">2794000</tw-gaap-ci:GainLossInventoryValuationObsolescenceRecoverie>
	<tw-gaap-ci:InvestmentLossIncomeRecognizedEquityMethod contextRef="From20100101To20100331" decimals="-3" unitRef="TWD">6527000</tw-gaap-ci:InvestmentLossIncomeRecognizedEquityMethod>
	<tw-gaap-ci:InvestmentLossIncomeRecognizedEquityMethod contextRef="From20090101To20090331" decimals="-3" unitRef="TWD">7785000</tw-gaap-ci:InvestmentLossIncomeRecognizedEquityMethod>
	<tw-gaap-ci:AdjustmentsReconcileNetIncomeNetCashProvidedUsedOperatingActivities contextRef="From20100101To20100331" decimals="-3" unitRef="TWD">8876000</tw-gaap-ci:AdjustmentsReconcileNetIncomeNetCashProvidedUsedOperatingActivities>
	<tw-gaap-ci:AdjustmentsReconcileNetIncomeNetCashProvidedUsedOperatingActivities contextRef="From20090101To20090331" decimals="-3" unitRef="TWD">14411000</tw-gaap-ci:AdjustmentsReconcileNetIncomeNetCashProvidedUsedOperatingActivities>
	<tw-gaap-ci:ChangesAccountsReceivable contextRef="From20100101To20100331" decimals="-3" unitRef="TWD">-4882000</tw-gaap-ci:ChangesAccountsReceivable>
	<tw-gaap-ci:ChangesAccountsReceivable contextRef="From20090101To20090331" decimals="-3" unitRef="TWD">-79408000</tw-gaap-ci:ChangesAccountsReceivable>
	<tw-gaap-ci:ChangesInventories contextRef="From20100101To20100331" decimals="-3" unitRef="TWD">-21119000</tw-gaap-ci:ChangesInventories>
	<tw-gaap-ci:ChangesInventories contextRef="From20090101To20090331" decimals="-3" unitRef="TWD">16958000</tw-gaap-ci:ChangesInventories>
	<tw-gaap-ci:ChangesOtherPrepayments contextRef="From20100101To20100331" decimals="-3" unitRef="TWD">-861000</tw-gaap-ci:ChangesOtherPrepayments>
	<tw-gaap-ci:ChangesOtherPrepayments contextRef="From20090101To20090331" decimals="-3" unitRef="TWD">22883000</tw-gaap-ci:ChangesOtherPrepayments>
	<tw-gaap-ci:ChangesOperatingAssets contextRef="From20100101To20100331" decimals="-3" unitRef="TWD">-26862000</tw-gaap-ci:ChangesOperatingAssets>
	<tw-gaap-ci:ChangesOperatingAssets contextRef="From20090101To20090331" decimals="-3" unitRef="TWD">-39567000</tw-gaap-ci:ChangesOperatingAssets>
	<tw-gaap-ci:ChangesAccountsPayable contextRef="From20100101To20100331" decimals="-3" unitRef="TWD">14073000</tw-gaap-ci:ChangesAccountsPayable>
	<tw-gaap-ci:ChangesAccountsPayable contextRef="From20090101To20090331" decimals="-3" unitRef="TWD">34599000</tw-gaap-ci:ChangesAccountsPayable>
	<tw-gaap-ci:ChangesAccruedExpenses contextRef="From20100101To20100331" decimals="-3" unitRef="TWD">-598000</tw-gaap-ci:ChangesAccruedExpenses>
	<tw-gaap-ci:ChangesAccruedExpenses contextRef="From20090101To20090331" decimals="-3" unitRef="TWD">893000</tw-gaap-ci:ChangesAccruedExpenses>
	<tw-gaap-ci:ChangesOtherOperatingLiabilities contextRef="From20100101To20100331" decimals="-3" unitRef="TWD">3074000</tw-gaap-ci:ChangesOtherOperatingLiabilities>
	<tw-gaap-ci:ChangesOtherOperatingLiabilities contextRef="From20090101To20090331" decimals="-3" unitRef="TWD">1243000</tw-gaap-ci:ChangesOtherOperatingLiabilities>
	<tw-gaap-ci:ChangesOperatingLiabilities contextRef="From20100101To20100331" decimals="-3" unitRef="TWD">16549000</tw-gaap-ci:ChangesOperatingLiabilities>
	<tw-gaap-ci:ChangesOperatingLiabilities contextRef="From20090101To20090331" decimals="-3" unitRef="TWD">36735000</tw-gaap-ci:ChangesOperatingLiabilities>
	<tw-gaap-ci:ChangesOperatingAssetsLiabilities contextRef="From20100101To20100331" decimals="-3" unitRef="TWD">-10313000</tw-gaap-ci:ChangesOperatingAssetsLiabilities>
	<tw-gaap-ci:ChangesOperatingAssetsLiabilities contextRef="From20090101To20090331" decimals="-3" unitRef="TWD">-2832000</tw-gaap-ci:ChangesOperatingAssetsLiabilities>
	<tw-gaap-ci:NetCashProvidedUsedOperatingActivities contextRef="From20100101To20100331" decimals="-3" unitRef="TWD">-21013000</tw-gaap-ci:NetCashProvidedUsedOperatingActivities>
	<tw-gaap-ci:NetCashProvidedUsedOperatingActivities contextRef="From20090101To20090331" decimals="-3" unitRef="TWD">-9014000</tw-gaap-ci:NetCashProvidedUsedOperatingActivities>
	<tw-gaap-ci:AcquisitionPropertyPlantEquipment contextRef="From20100101To20100331" decimals="-3" unitRef="TWD">-5980000</tw-gaap-ci:AcquisitionPropertyPlantEquipment>
	<tw-gaap-ci:AcquisitionPropertyPlantEquipment contextRef="From20090101To20090331" decimals="-3" unitRef="TWD">-535000</tw-gaap-ci:AcquisitionPropertyPlantEquipment>
	<tw-gaap-ci:ChangesRestrictedAssets contextRef="From20100101To20100331" decimals="-3" unitRef="TWD">5240000</tw-gaap-ci:ChangesRestrictedAssets>
	<tw-gaap-ci:ChangesRestrictedAssets contextRef="From20090101To20090331" decimals="-3" unitRef="TWD">0</tw-gaap-ci:ChangesRestrictedAssets>
	<tw-gaap-ci:OtherInvestingActivities contextRef="From20100101To20100331" decimals="-3" unitRef="TWD">-30000</tw-gaap-ci:OtherInvestingActivities>
	<tw-gaap-ci:OtherInvestingActivities contextRef="From20090101To20090331" decimals="-3" unitRef="TWD">-76000</tw-gaap-ci:OtherInvestingActivities>
	<tw-gaap-ci:NetCashProvidedUsedInvestingActivities contextRef="From20100101To20100331" decimals="-3" unitRef="TWD">-770000</tw-gaap-ci:NetCashProvidedUsedInvestingActivities>
	<tw-gaap-ci:NetCashProvidedUsedInvestingActivities contextRef="From20090101To20090331" decimals="-3" unitRef="TWD">-611000</tw-gaap-ci:NetCashProvidedUsedInvestingActivities>
	<tw-gaap-ci:ChangesShortTermLoans contextRef="From20100101To20100331" decimals="-3" unitRef="TWD">-55015000</tw-gaap-ci:ChangesShortTermLoans>
	<tw-gaap-ci:ChangesShortTermLoans contextRef="From20090101To20090331" decimals="-3" unitRef="TWD">-2000</tw-gaap-ci:ChangesShortTermLoans>
	<tw-gaap-ci:NetCashProvidedUsedFinancingActivities contextRef="From20100101To20100331" decimals="-3" unitRef="TWD">-55015000</tw-gaap-ci:NetCashProvidedUsedFinancingActivities>
	<tw-gaap-ci:NetCashProvidedUsedFinancingActivities contextRef="From20090101To20090331" decimals="-3" unitRef="TWD">-2000</tw-gaap-ci:NetCashProvidedUsedFinancingActivities>
	<tw-gaap-ci:NetChangesCashCashEquivalents contextRef="From20100101To20100331" decimals="-3" unitRef="TWD">-76798000</tw-gaap-ci:NetChangesCashCashEquivalents>
	<tw-gaap-ci:NetChangesCashCashEquivalents contextRef="From20090101To20090331" decimals="-3" unitRef="TWD">-9627000</tw-gaap-ci:NetChangesCashCashEquivalents>
	<tw-gaap-ci:CashCashEquivalents contextRef="AsOf20100101" decimals="-3" unitRef="TWD">149602000</tw-gaap-ci:CashCashEquivalents>
	<tw-gaap-ci:CashCashEquivalents contextRef="AsOf20090101" decimals="-3" unitRef="TWD">111995000</tw-gaap-ci:CashCashEquivalents>
	<tw-gaap-ci:InterestPaid contextRef="From20100101To20100331" decimals="-3" unitRef="TWD">1483000</tw-gaap-ci:InterestPaid>
	<tw-gaap-ci:InterestPaid contextRef="From20090101To20090331" decimals="-3" unitRef="TWD">2875000</tw-gaap-ci:InterestPaid>
	<tw-gaap-ci:InterestPaidExcludingCapitalizedInterest contextRef="From20100101To20100331" decimals="-3" unitRef="TWD">1483000</tw-gaap-ci:InterestPaidExcludingCapitalizedInterest>
	<tw-gaap-ci:InterestPaidExcludingCapitalizedInterest contextRef="From20090101To20090331" decimals="-3" unitRef="TWD">2875000</tw-gaap-ci:InterestPaidExcludingCapitalizedInterest>
	<tw-gaap-ci:IncomeTaxPaid contextRef="From20100101To20100331" decimals="-3" unitRef="TWD">2000</tw-gaap-ci:IncomeTaxPaid>
	<tw-gaap-ci:IncomeTaxPaid contextRef="From20090101To20090331" decimals="-3" unitRef="TWD">15000</tw-gaap-ci:IncomeTaxPaid>
	<tw-gaap-ci:IncreasePropertyPlantEquipment contextRef="From20100101To20100331" decimals="-3" unitRef="TWD">12080000</tw-gaap-ci:IncreasePropertyPlantEquipment>
	<tw-gaap-ci:IncreasePropertyPlantEquipment contextRef="From20090101To20090331" decimals="-3" unitRef="TWD">27000</tw-gaap-ci:IncreasePropertyPlantEquipment>
	<tw-gaap-ci:ChangesPayableEquipmentPurchased contextRef="From20100101To20100331" decimals="-3" unitRef="TWD">-6100000</tw-gaap-ci:ChangesPayableEquipmentPurchased>
	<tw-gaap-ci:ChangesPayableEquipmentPurchased contextRef="From20090101To20090331" decimals="-3" unitRef="TWD">508000</tw-gaap-ci:ChangesPayableEquipmentPurchased>
	<tw-gaap-ci:CashPaidAcquisitionPropertyPlantEquipment contextRef="From20100101To20100331" decimals="-3" unitRef="TWD">5980000</tw-gaap-ci:CashPaidAcquisitionPropertyPlantEquipment>
	<tw-gaap-ci:CashPaidAcquisitionPropertyPlantEquipment contextRef="From20090101To20090331" decimals="-3" unitRef="TWD">535000</tw-gaap-ci:CashPaidAcquisitionPropertyPlantEquipment>
</xbrl>
