<?xml version="1.0" encoding="BIG5"?>
<xbrl xmlns="http://www.xbrl.org/2003/instance" xmlns:iso4217="http://www.xbrl.org/2003/iso4217" xmlns:link="http://www.xbrl.org/2003/linkbase" xmlns:tw-gaap-ar="http://www.xbrl.org/tw/fr/gaap/ar/2010-03-31" xmlns:tw-gaap-ci="http://www.xbrl.org/tw/fr/gaap/tw-gaap-ci-2010-03-31" xmlns:xbrldi="http://xbrl.org/2006/xbrldi" xmlns:xbrldt="http://xbrl.org/2005/xbrldt" xmlns:xbrli="http://www.xbrl.org/2003/instance" xmlns:xlink="http://www.w3.org/1999/xlink">
	<link:schemaRef xlink:arcrole="http://www.w3.org/1999/xlink/properties/linkbase" xlink:href="tw-gaap-ci-2010-03-31.xsd" xlink:type="simple"/>	<context id="AsOf20090101">
		<entity>
			<identifier scheme="http://www.twse.com.tw">2376</identifier>
		</entity>
		<period>
			<instant>2009-01-01</instant>
		</period>
	</context>
	<context id="AsOf20100101">
		<entity>
			<identifier scheme="http://www.twse.com.tw">2376</identifier>
		</entity>
		<period>
			<instant>2010-01-01</instant>
		</period>
	</context>
	<context id="From20090101To20090331">
		<entity>
			<identifier scheme="http://www.twse.com.tw">2376</identifier>
		</entity>
		<period>
			<startDate>2009-01-01</startDate>
			<endDate>2009-03-31</endDate>
		</period>
	</context>
	<context id="AsOf20090331">
		<entity>
			<identifier scheme="http://www.twse.com.tw">2376</identifier>
		</entity>
		<period>
			<instant>2009-03-31</instant>
		</period>
	</context>
	<context id="From20100101To20100331">
		<entity>
			<identifier scheme="http://www.twse.com.tw">2376</identifier>
		</entity>
		<period>
			<startDate>2010-01-01</startDate>
			<endDate>2010-03-31</endDate>
		</period>
	</context>
	<context id="AsOf20100331">
		<entity>
			<identifier scheme="http://www.twse.com.tw">2376</identifier>
		</entity>
		<period>
			<instant>2010-03-31</instant>
		</period>
	</context>
	<unit id="TWD">
		<measure>iso4217:TWD</measure>
	</unit>
	<unit id="Shares">
		<measure>xbrli:shares</measure>
	</unit>
	<unit id="EarningsPerShare">
		<divide>
			<unitNumerator>
				<measure>iso4217:TWD</measure>
			</unitNumerator>
			<unitDenominator>
				<measure>xbrli:shares</measure>
			</unitDenominator>
		</divide>
	</unit>
	<tw-gaap-ci:CashCashEquivalents contextRef="AsOf20100331" decimals="-3" unitRef="TWD">4993274000</tw-gaap-ci:CashCashEquivalents>
	<tw-gaap-ci:CashCashEquivalents contextRef="AsOf20090331" decimals="-3" unitRef="TWD">3306683000</tw-gaap-ci:CashCashEquivalents>
	<tw-gaap-ci:FinancialAssetsMeasuredFairValueProfitLossCurrent contextRef="AsOf20100331" decimals="-3" unitRef="TWD">2442285000</tw-gaap-ci:FinancialAssetsMeasuredFairValueProfitLossCurrent>
	<tw-gaap-ci:FinancialAssetsMeasuredFairValueProfitLossCurrent contextRef="AsOf20090331" decimals="-3" unitRef="TWD">4563299000</tw-gaap-ci:FinancialAssetsMeasuredFairValueProfitLossCurrent>
	<tw-gaap-ci:DebtnvestmentsNoActiveMarket contextRef="AsOf20100331" decimals="-3" unitRef="TWD">0</tw-gaap-ci:DebtnvestmentsNoActiveMarket>
	<tw-gaap-ci:DebtnvestmentsNoActiveMarket contextRef="AsOf20090331" decimals="-3" unitRef="TWD">400000000</tw-gaap-ci:DebtnvestmentsNoActiveMarket>
	<tw-gaap-ci:NetNotesReceivable contextRef="AsOf20100331" decimals="-3" unitRef="TWD">2684000</tw-gaap-ci:NetNotesReceivable>
	<tw-gaap-ci:NetNotesReceivable contextRef="AsOf20090331" decimals="-3" unitRef="TWD">8237000</tw-gaap-ci:NetNotesReceivable>
	<tw-gaap-ci:NetAccountsReceivable contextRef="AsOf20100331" decimals="-3" unitRef="TWD">3514463000</tw-gaap-ci:NetAccountsReceivable>
	<tw-gaap-ci:NetAccountsReceivable contextRef="AsOf20090331" decimals="-3" unitRef="TWD">2359747000</tw-gaap-ci:NetAccountsReceivable>
	<tw-gaap-ci:NetAccountsReceivableRelatedParties contextRef="AsOf20100331" decimals="-3" unitRef="TWD">2857012000</tw-gaap-ci:NetAccountsReceivableRelatedParties>
	<tw-gaap-ci:NetAccountsReceivableRelatedParties contextRef="AsOf20090331" decimals="-3" unitRef="TWD">1983880000</tw-gaap-ci:NetAccountsReceivableRelatedParties>
	<tw-gaap-ci:OtherReceivables contextRef="AsOf20100331" decimals="-3" unitRef="TWD">176739000</tw-gaap-ci:OtherReceivables>
	<tw-gaap-ci:OtherReceivables contextRef="AsOf20090331" decimals="-3" unitRef="TWD">504615000</tw-gaap-ci:OtherReceivables>
	<tw-gaap-ci:Inventories contextRef="AsOf20100331" decimals="-3" unitRef="TWD">7380760000</tw-gaap-ci:Inventories>
	<tw-gaap-ci:Inventories contextRef="AsOf20090331" decimals="-3" unitRef="TWD">5898472000</tw-gaap-ci:Inventories>
	<tw-gaap-ci:DeferredIncomeTaxAssetsCurrent contextRef="AsOf20100331" decimals="-3" unitRef="TWD">369010000</tw-gaap-ci:DeferredIncomeTaxAssetsCurrent>
	<tw-gaap-ci:DeferredIncomeTaxAssetsCurrent contextRef="AsOf20090331" decimals="-3" unitRef="TWD">483560000</tw-gaap-ci:DeferredIncomeTaxAssetsCurrent>
	<tw-gaap-ci:OthercurrentAssetsOther contextRef="AsOf20100331" decimals="-3" unitRef="TWD">116622000</tw-gaap-ci:OthercurrentAssetsOther>
	<tw-gaap-ci:OthercurrentAssetsOther contextRef="AsOf20090331" decimals="-3" unitRef="TWD">112593000</tw-gaap-ci:OthercurrentAssetsOther>
	<tw-gaap-ci:OtherCurrentAssets contextRef="AsOf20100331" decimals="-3" unitRef="TWD">485632000</tw-gaap-ci:OtherCurrentAssets>
	<tw-gaap-ci:OtherCurrentAssets contextRef="AsOf20090331" decimals="-3" unitRef="TWD">596153000</tw-gaap-ci:OtherCurrentAssets>
	<tw-gaap-ci:CurrentAssets contextRef="AsOf20100331" decimals="-3" unitRef="TWD">21852849000</tw-gaap-ci:CurrentAssets>
	<tw-gaap-ci:CurrentAssets contextRef="AsOf20090331" decimals="-3" unitRef="TWD">19621086000</tw-gaap-ci:CurrentAssets>
	<tw-gaap-ci:FinancialAssetsMeasuredFairValueProfitLossNonCurrent contextRef="AsOf20100331" decimals="-3" unitRef="TWD">164838000</tw-gaap-ci:FinancialAssetsMeasuredFairValueProfitLossNonCurrent>
	<tw-gaap-ci:FinancialAssetsMeasuredFairValueProfitLossNonCurrent contextRef="AsOf20090331" decimals="-3" unitRef="TWD">0</tw-gaap-ci:FinancialAssetsMeasuredFairValueProfitLossNonCurrent>
	<tw-gaap-ci:AvailablesaleFinancialAssetsNonCurrent contextRef="AsOf20100331" decimals="-3" unitRef="TWD">56505000</tw-gaap-ci:AvailablesaleFinancialAssetsNonCurrent>
	<tw-gaap-ci:AvailablesaleFinancialAssetsNonCurrent contextRef="AsOf20090331" decimals="-3" unitRef="TWD">19118000</tw-gaap-ci:AvailablesaleFinancialAssetsNonCurrent>
	<tw-gaap-ci:NetFinancialAssetsCarriedCostNonCurrent contextRef="AsOf20100331" decimals="-3" unitRef="TWD">1222000</tw-gaap-ci:NetFinancialAssetsCarriedCostNonCurrent>
	<tw-gaap-ci:NetFinancialAssetsCarriedCostNonCurrent contextRef="AsOf20090331" decimals="-3" unitRef="TWD">1222000</tw-gaap-ci:NetFinancialAssetsCarriedCostNonCurrent>
	<tw-gaap-ci:NetDebtInvestmentsNoActiveMarketNonCurrent contextRef="AsOf20100331" decimals="-3" unitRef="TWD">0</tw-gaap-ci:NetDebtInvestmentsNoActiveMarketNonCurrent>
	<tw-gaap-ci:NetDebtInvestmentsNoActiveMarketNonCurrent contextRef="AsOf20090331" decimals="-3" unitRef="TWD">120000000</tw-gaap-ci:NetDebtInvestmentsNoActiveMarketNonCurrent>
	<tw-gaap-ci:LongtermInvestmentsEquity contextRef="AsOf20100331" decimals="-3" unitRef="TWD">6883109000</tw-gaap-ci:LongtermInvestmentsEquity>
	<tw-gaap-ci:LongtermInvestmentsEquity contextRef="AsOf20090331" decimals="-3" unitRef="TWD">6942270000</tw-gaap-ci:LongtermInvestmentsEquity>
	<tw-gaap-ci:LongtermInvestments contextRef="AsOf20100331" decimals="-3" unitRef="TWD">6883109000</tw-gaap-ci:LongtermInvestments>
	<tw-gaap-ci:LongtermInvestments contextRef="AsOf20090331" decimals="-3" unitRef="TWD">6942270000</tw-gaap-ci:LongtermInvestments>
	<tw-gaap-ci:OtherFinancialAssetsNonCurrent contextRef="AsOf20100331" decimals="-3" unitRef="TWD">290000000</tw-gaap-ci:OtherFinancialAssetsNonCurrent>
	<tw-gaap-ci:OtherFinancialAssetsNonCurrent contextRef="AsOf20090331" decimals="-3" unitRef="TWD">0</tw-gaap-ci:OtherFinancialAssetsNonCurrent>
	<tw-gaap-ci:FundsInvestments contextRef="AsOf20100331" decimals="-3" unitRef="TWD">7395674000</tw-gaap-ci:FundsInvestments>
	<tw-gaap-ci:FundsInvestments contextRef="AsOf20090331" decimals="-3" unitRef="TWD">7082610000</tw-gaap-ci:FundsInvestments>
	<tw-gaap-ci:Land contextRef="AsOf20100331" decimals="-3" unitRef="TWD">775359000</tw-gaap-ci:Land>
	<tw-gaap-ci:Land contextRef="AsOf20090331" decimals="-3" unitRef="TWD">775359000</tw-gaap-ci:Land>
	<tw-gaap-ci:BuildingsStructures contextRef="AsOf20100331" decimals="-3" unitRef="TWD">1449886000</tw-gaap-ci:BuildingsStructures>
	<tw-gaap-ci:BuildingsStructures contextRef="AsOf20090331" decimals="-3" unitRef="TWD">1450380000</tw-gaap-ci:BuildingsStructures>
	<tw-gaap-ci:MachineryEquipment contextRef="AsOf20100331" decimals="-3" unitRef="TWD">955289000</tw-gaap-ci:MachineryEquipment>
	<tw-gaap-ci:MachineryEquipment contextRef="AsOf20090331" decimals="-3" unitRef="TWD">952986000</tw-gaap-ci:MachineryEquipment>
	<tw-gaap-ci:TransportationEquipment contextRef="AsOf20100331" decimals="-3" unitRef="TWD">5865000</tw-gaap-ci:TransportationEquipment>
	<tw-gaap-ci:TransportationEquipment contextRef="AsOf20090331" decimals="-3" unitRef="TWD">10077000</tw-gaap-ci:TransportationEquipment>
	<tw-gaap-ci:OtherFacilities contextRef="AsOf20100331" decimals="-3" unitRef="TWD">638625000</tw-gaap-ci:OtherFacilities>
	<tw-gaap-ci:OtherFacilities contextRef="AsOf20090331" decimals="-3" unitRef="TWD">636138000</tw-gaap-ci:OtherFacilities>
	<tw-gaap-ci:FixedAssetsOriginalCosts contextRef="AsOf20100331" decimals="-3" unitRef="TWD">3825024000</tw-gaap-ci:FixedAssetsOriginalCosts>
	<tw-gaap-ci:FixedAssetsOriginalCosts contextRef="AsOf20090331" decimals="-3" unitRef="TWD">3824940000</tw-gaap-ci:FixedAssetsOriginalCosts>
	<tw-gaap-ci:CostsRevaluationIncrement contextRef="AsOf20100331" decimals="-3" unitRef="TWD">3825024000</tw-gaap-ci:CostsRevaluationIncrement>
	<tw-gaap-ci:CostsRevaluationIncrement contextRef="AsOf20090331" decimals="-3" unitRef="TWD">3824940000</tw-gaap-ci:CostsRevaluationIncrement>
	<tw-gaap-ci:AccumulatedDepreciation contextRef="AsOf20100331" decimals="-3" unitRef="TWD">1771563000</tw-gaap-ci:AccumulatedDepreciation>
	<tw-gaap-ci:AccumulatedDepreciation contextRef="AsOf20090331" decimals="-3" unitRef="TWD">1618842000</tw-gaap-ci:AccumulatedDepreciation>
	<tw-gaap-ci:ConstructionProcessPrepaymentEquipments contextRef="AsOf20100331" decimals="-3" unitRef="TWD">1113000</tw-gaap-ci:ConstructionProcessPrepaymentEquipments>
	<tw-gaap-ci:ConstructionProcessPrepaymentEquipments contextRef="AsOf20090331" decimals="-3" unitRef="TWD">2782000</tw-gaap-ci:ConstructionProcessPrepaymentEquipments>
	<tw-gaap-ci:FixedAssets contextRef="AsOf20100331" decimals="-3" unitRef="TWD">2054574000</tw-gaap-ci:FixedAssets>
	<tw-gaap-ci:FixedAssets contextRef="AsOf20090331" decimals="-3" unitRef="TWD">2208880000</tw-gaap-ci:FixedAssets>
	<tw-gaap-ci:GuaranteeDepositsPaid contextRef="AsOf20100331" decimals="-3" unitRef="TWD">16069000</tw-gaap-ci:GuaranteeDepositsPaid>
	<tw-gaap-ci:GuaranteeDepositsPaid contextRef="AsOf20090331" decimals="-3" unitRef="TWD">15592000</tw-gaap-ci:GuaranteeDepositsPaid>
	<tw-gaap-ci:DeferredIncomeTaxAssetsNonCurrent contextRef="AsOf20100331" decimals="-3" unitRef="TWD">76203000</tw-gaap-ci:DeferredIncomeTaxAssetsNonCurrent>
	<tw-gaap-ci:DeferredIncomeTaxAssetsNonCurrent contextRef="AsOf20090331" decimals="-3" unitRef="TWD">104321000</tw-gaap-ci:DeferredIncomeTaxAssetsNonCurrent>
	<tw-gaap-ci:OtherAssetsOther contextRef="AsOf20100331" decimals="-3" unitRef="TWD">151912000</tw-gaap-ci:OtherAssetsOther>
	<tw-gaap-ci:OtherAssetsOther contextRef="AsOf20090331" decimals="-3" unitRef="TWD">101422000</tw-gaap-ci:OtherAssetsOther>
	<tw-gaap-ci:OtherAssets contextRef="AsOf20100331" decimals="-3" unitRef="TWD">244184000</tw-gaap-ci:OtherAssets>
	<tw-gaap-ci:OtherAssets contextRef="AsOf20090331" decimals="-3" unitRef="TWD">221335000</tw-gaap-ci:OtherAssets>
	<tw-gaap-ci:Assets contextRef="AsOf20100331" decimals="-3" unitRef="TWD">31547281000</tw-gaap-ci:Assets>
	<tw-gaap-ci:Assets contextRef="AsOf20090331" decimals="-3" unitRef="TWD">29133911000</tw-gaap-ci:Assets>
	<tw-gaap-ci:NotesPayable contextRef="AsOf20100331" decimals="-3" unitRef="TWD">41208000</tw-gaap-ci:NotesPayable>
	<tw-gaap-ci:NotesPayable contextRef="AsOf20090331" decimals="-3" unitRef="TWD">37462000</tw-gaap-ci:NotesPayable>
	<tw-gaap-ci:AccountsPayable contextRef="AsOf20100331" decimals="-3" unitRef="TWD">6001468000</tw-gaap-ci:AccountsPayable>
	<tw-gaap-ci:AccountsPayable contextRef="AsOf20090331" decimals="-3" unitRef="TWD">5542642000</tw-gaap-ci:AccountsPayable>
	<tw-gaap-ci:AccountsPayableRelatedParties contextRef="AsOf20100331" decimals="-3" unitRef="TWD">412667000</tw-gaap-ci:AccountsPayableRelatedParties>
	<tw-gaap-ci:AccountsPayableRelatedParties contextRef="AsOf20090331" decimals="-3" unitRef="TWD">407448000</tw-gaap-ci:AccountsPayableRelatedParties>
	<tw-gaap-ci:IncomeTaxPayable contextRef="AsOf20100331" decimals="-3" unitRef="TWD">352634000</tw-gaap-ci:IncomeTaxPayable>
	<tw-gaap-ci:IncomeTaxPayable contextRef="AsOf20090331" decimals="-3" unitRef="TWD">90130000</tw-gaap-ci:IncomeTaxPayable>
	<tw-gaap-ci:AccruedExpenses contextRef="AsOf20100331" decimals="-3" unitRef="TWD">2139153000</tw-gaap-ci:AccruedExpenses>
	<tw-gaap-ci:AccruedExpenses contextRef="AsOf20090331" decimals="-3" unitRef="TWD">1800036000</tw-gaap-ci:AccruedExpenses>
	<tw-gaap-ci:AdvanceReceipts contextRef="AsOf20100331" decimals="-3" unitRef="TWD">256052000</tw-gaap-ci:AdvanceReceipts>
	<tw-gaap-ci:AdvanceReceipts contextRef="AsOf20090331" decimals="-3" unitRef="TWD">677020000</tw-gaap-ci:AdvanceReceipts>
	<tw-gaap-ci:OtherCurrentLiabilities contextRef="AsOf20100331" decimals="-3" unitRef="TWD">783650000</tw-gaap-ci:OtherCurrentLiabilities>
	<tw-gaap-ci:OtherCurrentLiabilities contextRef="AsOf20090331" decimals="-3" unitRef="TWD">655252000</tw-gaap-ci:OtherCurrentLiabilities>
	<tw-gaap-ci:CurrentLiabilities contextRef="AsOf20100331" decimals="-3" unitRef="TWD">9986832000</tw-gaap-ci:CurrentLiabilities>
	<tw-gaap-ci:CurrentLiabilities contextRef="AsOf20090331" decimals="-3" unitRef="TWD">9209990000</tw-gaap-ci:CurrentLiabilities>
	<tw-gaap-ci:PensionReserve contextRef="AsOf20100331" decimals="-3" unitRef="TWD">154996000</tw-gaap-ci:PensionReserve>
	<tw-gaap-ci:PensionReserve contextRef="AsOf20090331" decimals="-3" unitRef="TWD">171620000</tw-gaap-ci:PensionReserve>
	<tw-gaap-ci:OtherLiabilitiesOther contextRef="AsOf20100331" decimals="-3" unitRef="TWD">84488000</tw-gaap-ci:OtherLiabilitiesOther>
	<tw-gaap-ci:OtherLiabilitiesOther contextRef="AsOf20090331" decimals="-3" unitRef="TWD">233215000</tw-gaap-ci:OtherLiabilitiesOther>
	<tw-gaap-ci:OtherLiabilities contextRef="AsOf20100331" decimals="-3" unitRef="TWD">239484000</tw-gaap-ci:OtherLiabilities>
	<tw-gaap-ci:OtherLiabilities contextRef="AsOf20090331" decimals="-3" unitRef="TWD">404835000</tw-gaap-ci:OtherLiabilities>
	<tw-gaap-ci:Liabilities contextRef="AsOf20100331" decimals="-3" unitRef="TWD">10226316000</tw-gaap-ci:Liabilities>
	<tw-gaap-ci:Liabilities contextRef="AsOf20090331" decimals="-3" unitRef="TWD">9614825000</tw-gaap-ci:Liabilities>
	<tw-gaap-ci:CommonStock contextRef="AsOf20100331" decimals="-3" unitRef="TWD">6425659000</tw-gaap-ci:CommonStock>
	<tw-gaap-ci:CommonStock contextRef="AsOf20090331" decimals="-3" unitRef="TWD">6330919000</tw-gaap-ci:CommonStock>
	<tw-gaap-ci:Capital contextRef="AsOf20100331" decimals="-3" unitRef="TWD">6425659000</tw-gaap-ci:Capital>
	<tw-gaap-ci:Capital contextRef="AsOf20090331" decimals="-3" unitRef="TWD">6330919000</tw-gaap-ci:Capital>
	<tw-gaap-ci:CapitalSurplusAdditionalPaidCapitalCommonStock contextRef="AsOf20100331" decimals="-3" unitRef="TWD">4510824000</tw-gaap-ci:CapitalSurplusAdditionalPaidCapitalCommonStock>
	<tw-gaap-ci:CapitalSurplusAdditionalPaidCapitalCommonStock contextRef="AsOf20090331" decimals="-3" unitRef="TWD">4427935000</tw-gaap-ci:CapitalSurplusAdditionalPaidCapitalCommonStock>
	<tw-gaap-ci:CapitalSurplusAdditionalPaidCapitalBondConversion contextRef="AsOf20100331" decimals="-3" unitRef="TWD">212579000</tw-gaap-ci:CapitalSurplusAdditionalPaidCapitalBondConversion>
	<tw-gaap-ci:CapitalSurplusAdditionalPaidCapitalBondConversion contextRef="AsOf20090331" decimals="-3" unitRef="TWD">212579000</tw-gaap-ci:CapitalSurplusAdditionalPaidCapitalBondConversion>
	<tw-gaap-ci:CapitalSurplusAdditionalPaidCapital contextRef="AsOf20100331" decimals="-3" unitRef="TWD">4723403000</tw-gaap-ci:CapitalSurplusAdditionalPaidCapital>
	<tw-gaap-ci:CapitalSurplusAdditionalPaidCapital contextRef="AsOf20090331" decimals="-3" unitRef="TWD">4640514000</tw-gaap-ci:CapitalSurplusAdditionalPaidCapital>
	<tw-gaap-ci:CapitalSurplusLongTermEquityInvestments contextRef="AsOf20100331" decimals="-3" unitRef="TWD">2970000</tw-gaap-ci:CapitalSurplusLongTermEquityInvestments>
	<tw-gaap-ci:CapitalSurplusLongTermEquityInvestments contextRef="AsOf20090331" decimals="-3" unitRef="TWD">2975000</tw-gaap-ci:CapitalSurplusLongTermEquityInvestments>
	<tw-gaap-ci:CapitalSurplus contextRef="AsOf20100331" decimals="-3" unitRef="TWD">4726373000</tw-gaap-ci:CapitalSurplus>
	<tw-gaap-ci:CapitalSurplus contextRef="AsOf20090331" decimals="-3" unitRef="TWD">4643489000</tw-gaap-ci:CapitalSurplus>
	<tw-gaap-ci:LegalReserve contextRef="AsOf20100331" decimals="-3" unitRef="TWD">2223619000</tw-gaap-ci:LegalReserve>
	<tw-gaap-ci:LegalReserve contextRef="AsOf20090331" decimals="-3" unitRef="TWD">2109596000</tw-gaap-ci:LegalReserve>
	<tw-gaap-ci:UnappropriatedRetainedEarnings contextRef="AsOf20100331" decimals="-3" unitRef="TWD">7358947000</tw-gaap-ci:UnappropriatedRetainedEarnings>
	<tw-gaap-ci:UnappropriatedRetainedEarnings contextRef="AsOf20090331" decimals="-3" unitRef="TWD">5623986000</tw-gaap-ci:UnappropriatedRetainedEarnings>
	<tw-gaap-ci:RetainedEarnings contextRef="AsOf20100331" decimals="-3" unitRef="TWD">9582566000</tw-gaap-ci:RetainedEarnings>
	<tw-gaap-ci:RetainedEarnings contextRef="AsOf20090331" decimals="-3" unitRef="TWD">7733582000</tw-gaap-ci:RetainedEarnings>
	<tw-gaap-ci:CumulativeTranslationAdjustments contextRef="AsOf20100331" decimals="-3" unitRef="TWD">534569000</tw-gaap-ci:CumulativeTranslationAdjustments>
	<tw-gaap-ci:CumulativeTranslationAdjustments contextRef="AsOf20090331" decimals="-3" unitRef="TWD">865099000</tw-gaap-ci:CumulativeTranslationAdjustments>
	<tw-gaap-ci:UnrealizedGainsLossesFinancialInstruments contextRef="AsOf20100331" decimals="-3" unitRef="TWD">46416000</tw-gaap-ci:UnrealizedGainsLossesFinancialInstruments>
	<tw-gaap-ci:UnrealizedGainsLossesFinancialInstruments contextRef="AsOf20090331" decimals="-3" unitRef="TWD">-12015000</tw-gaap-ci:UnrealizedGainsLossesFinancialInstruments>
	<tw-gaap-ci:UnrealizedRevaluationIncrement contextRef="AsOf20100331" decimals="-3" unitRef="TWD">5382000</tw-gaap-ci:UnrealizedRevaluationIncrement>
	<tw-gaap-ci:UnrealizedRevaluationIncrement contextRef="AsOf20090331" decimals="-3" unitRef="TWD">13965000</tw-gaap-ci:UnrealizedRevaluationIncrement>
	<tw-gaap-ci:TreasuryStock contextRef="AsOf20100331" decimals="-3" unitRef="TWD">0</tw-gaap-ci:TreasuryStock>
	<tw-gaap-ci:TreasuryStock contextRef="AsOf20090331" decimals="-3" unitRef="TWD">55953000</tw-gaap-ci:TreasuryStock>
	<tw-gaap-ci:StockholdersEquitiesAdjustments contextRef="AsOf20100331" decimals="-3" unitRef="TWD">586367000</tw-gaap-ci:StockholdersEquitiesAdjustments>
	<tw-gaap-ci:StockholdersEquitiesAdjustments contextRef="AsOf20090331" decimals="-3" unitRef="TWD">811096000</tw-gaap-ci:StockholdersEquitiesAdjustments>
	<tw-gaap-ci:StockholdersEquities contextRef="AsOf20100331" decimals="-3" unitRef="TWD">21320965000</tw-gaap-ci:StockholdersEquities>
	<tw-gaap-ci:StockholdersEquities contextRef="AsOf20090331" decimals="-3" unitRef="TWD">19519086000</tw-gaap-ci:StockholdersEquities>
	<tw-gaap-ci:EquivalentSharesOutstandingAdvanceReceiptsCommonStock contextRef="AsOf20100331" decimals="0" unitRef="Shares">0</tw-gaap-ci:EquivalentSharesOutstandingAdvanceReceiptsCommonStock>
	<tw-gaap-ci:EquivalentSharesOutstandingAdvanceReceiptsCommonStock contextRef="AsOf20090331" decimals="0" unitRef="Shares">0</tw-gaap-ci:EquivalentSharesOutstandingAdvanceReceiptsCommonStock>
	<tw-gaap-ci:NumberTreasuryStockAcquiredCompanySubsidiaries contextRef="AsOf20100331" decimals="0" unitRef="Shares">0</tw-gaap-ci:NumberTreasuryStockAcquiredCompanySubsidiaries>
	<tw-gaap-ci:NumberTreasuryStockAcquiredCompanySubsidiaries contextRef="AsOf20090331" decimals="0" unitRef="Shares">3958000</tw-gaap-ci:NumberTreasuryStockAcquiredCompanySubsidiaries>
	<tw-gaap-ci:Sales contextRef="From20100101To20100331" decimals="-3" unitRef="TWD">14322130000</tw-gaap-ci:Sales>
	<tw-gaap-ci:Sales contextRef="From20090101To20090331" decimals="-3" unitRef="TWD">11065617000</tw-gaap-ci:Sales>
	<tw-gaap-ci:SalesReturns contextRef="From20100101To20100331" decimals="-3" unitRef="TWD">8030000</tw-gaap-ci:SalesReturns>
	<tw-gaap-ci:SalesReturns contextRef="From20090101To20090331" decimals="-3" unitRef="TWD">11913000</tw-gaap-ci:SalesReturns>
	<tw-gaap-ci:SalesDiscountsAllowances contextRef="From20100101To20100331" decimals="-3" unitRef="TWD">96789000</tw-gaap-ci:SalesDiscountsAllowances>
	<tw-gaap-ci:SalesDiscountsAllowances contextRef="From20090101To20090331" decimals="-3" unitRef="TWD">87572000</tw-gaap-ci:SalesDiscountsAllowances>
	<tw-gaap-ci:NetSales contextRef="From20100101To20100331" decimals="-3" unitRef="TWD">14217311000</tw-gaap-ci:NetSales>
	<tw-gaap-ci:NetSales contextRef="From20090101To20090331" decimals="-3" unitRef="TWD">10966132000</tw-gaap-ci:NetSales>
	<tw-gaap-ci:OtherOperatingRevenue contextRef="From20100101To20100331" decimals="-3" unitRef="TWD">1892000</tw-gaap-ci:OtherOperatingRevenue>
	<tw-gaap-ci:OtherOperatingRevenue contextRef="From20090101To20090331" decimals="-3" unitRef="TWD">1896000</tw-gaap-ci:OtherOperatingRevenue>
	<tw-gaap-ci:OperatingRevenue contextRef="From20100101To20100331" decimals="-3" unitRef="TWD">14219203000</tw-gaap-ci:OperatingRevenue>
	<tw-gaap-ci:OperatingRevenue contextRef="From20090101To20090331" decimals="-3" unitRef="TWD">10968028000</tw-gaap-ci:OperatingRevenue>
	<tw-gaap-ci:CostSales contextRef="From20100101To20100331" decimals="-3" unitRef="TWD">12050823000</tw-gaap-ci:CostSales>
	<tw-gaap-ci:CostSales contextRef="From20090101To20090331" decimals="-3" unitRef="TWD">9061788000</tw-gaap-ci:CostSales>
	<tw-gaap-ci:OperatingCosts contextRef="From20100101To20100331" decimals="-3" unitRef="TWD">12050823000</tw-gaap-ci:OperatingCosts>
	<tw-gaap-ci:OperatingCosts contextRef="From20090101To20090331" decimals="-3" unitRef="TWD">9061788000</tw-gaap-ci:OperatingCosts>
	<tw-gaap-ci:GrossProfitLossOperations contextRef="From20100101To20100331" decimals="-3" unitRef="TWD">2168380000</tw-gaap-ci:GrossProfitLossOperations>
	<tw-gaap-ci:GrossProfitLossOperations contextRef="From20090101To20090331" decimals="-3" unitRef="TWD">1906240000</tw-gaap-ci:GrossProfitLossOperations>
	<tw-gaap-ci:Sellingexpense contextRef="From20100101To20100331" decimals="-3" unitRef="TWD">817826000</tw-gaap-ci:Sellingexpense>
	<tw-gaap-ci:Sellingexpense contextRef="From20090101To20090331" decimals="-3" unitRef="TWD">806917000</tw-gaap-ci:Sellingexpense>
	<tw-gaap-ci:GeneralAdministrativeExpenses contextRef="From20100101To20100331" decimals="-3" unitRef="TWD">245037000</tw-gaap-ci:GeneralAdministrativeExpenses>
	<tw-gaap-ci:GeneralAdministrativeExpenses contextRef="From20090101To20090331" decimals="-3" unitRef="TWD">75095000</tw-gaap-ci:GeneralAdministrativeExpenses>
	<tw-gaap-ci:ResearchDevelopmentExpenses contextRef="From20100101To20100331" decimals="-3" unitRef="TWD">449402000</tw-gaap-ci:ResearchDevelopmentExpenses>
	<tw-gaap-ci:ResearchDevelopmentExpenses contextRef="From20090101To20090331" decimals="-3" unitRef="TWD">487966000</tw-gaap-ci:ResearchDevelopmentExpenses>
	<tw-gaap-ci:OperatingExpenses contextRef="From20100101To20100331" decimals="-3" unitRef="TWD">1512265000</tw-gaap-ci:OperatingExpenses>
	<tw-gaap-ci:OperatingExpenses contextRef="From20090101To20090331" decimals="-3" unitRef="TWD">1369978000</tw-gaap-ci:OperatingExpenses>
	<tw-gaap-ci:OperatingIncomeLoss contextRef="From20100101To20100331" decimals="-3" unitRef="TWD">656115000</tw-gaap-ci:OperatingIncomeLoss>
	<tw-gaap-ci:OperatingIncomeLoss contextRef="From20090101To20090331" decimals="-3" unitRef="TWD">536262000</tw-gaap-ci:OperatingIncomeLoss>
	<tw-gaap-ci:InterestIncome contextRef="From20100101To20100331" decimals="-3" unitRef="TWD">8643000</tw-gaap-ci:InterestIncome>
	<tw-gaap-ci:InterestIncome contextRef="From20090101To20090331" decimals="-3" unitRef="TWD">8500000</tw-gaap-ci:InterestIncome>
	<tw-gaap-ci:InvestmentGainsRecognizedEquityMethod contextRef="From20100101To20100331" decimals="-3" unitRef="TWD">168401000</tw-gaap-ci:InvestmentGainsRecognizedEquityMethod>
	<tw-gaap-ci:InvestmentGainsRecognizedEquityMethod contextRef="From20090101To20090331" decimals="-3" unitRef="TWD">0</tw-gaap-ci:InvestmentGainsRecognizedEquityMethod>
	<tw-gaap-ci:InvestmentGains contextRef="From20100101To20100331" decimals="-3" unitRef="TWD">168401000</tw-gaap-ci:InvestmentGains>
	<tw-gaap-ci:InvestmentGains contextRef="From20090101To20090331" decimals="-3" unitRef="TWD">0</tw-gaap-ci:InvestmentGains>
	<tw-gaap-ci:GainsSaleInvestments contextRef="From20100101To20100331" decimals="-3" unitRef="TWD">8179000</tw-gaap-ci:GainsSaleInvestments>
	<tw-gaap-ci:GainsSaleInvestments contextRef="From20090101To20090331" decimals="-3" unitRef="TWD">2377000</tw-gaap-ci:GainsSaleInvestments>
	<tw-gaap-ci:ForeignExchangeGains contextRef="From20100101To20100331" decimals="-3" unitRef="TWD">24186000</tw-gaap-ci:ForeignExchangeGains>
	<tw-gaap-ci:ForeignExchangeGains contextRef="From20090101To20090331" decimals="-3" unitRef="TWD">131457000</tw-gaap-ci:ForeignExchangeGains>
	<tw-gaap-ci:MiscellaneousIncome contextRef="From20100101To20100331" decimals="-3" unitRef="TWD">167415000</tw-gaap-ci:MiscellaneousIncome>
	<tw-gaap-ci:MiscellaneousIncome contextRef="From20090101To20090331" decimals="-3" unitRef="TWD">25621000</tw-gaap-ci:MiscellaneousIncome>
	<tw-gaap-ci:NonOperatingIncomeGains contextRef="From20100101To20100331" decimals="-3" unitRef="TWD">376824000</tw-gaap-ci:NonOperatingIncomeGains>
	<tw-gaap-ci:NonOperatingIncomeGains contextRef="From20090101To20090331" decimals="-3" unitRef="TWD">167955000</tw-gaap-ci:NonOperatingIncomeGains>
	<tw-gaap-ci:InterestExpense contextRef="From20100101To20100331" decimals="-3" unitRef="TWD">123000</tw-gaap-ci:InterestExpense>
	<tw-gaap-ci:InterestExpense contextRef="From20090101To20090331" decimals="-3" unitRef="TWD">53000</tw-gaap-ci:InterestExpense>
	<tw-gaap-ci:NonOperatingExpensesInvestmentLossRecognizedEquityMethod contextRef="From20100101To20100331" decimals="-3" unitRef="TWD">0</tw-gaap-ci:NonOperatingExpensesInvestmentLossRecognizedEquityMethod>
	<tw-gaap-ci:NonOperatingExpensesInvestmentLossRecognizedEquityMethod contextRef="From20090101To20090331" decimals="-3" unitRef="TWD">158100000</tw-gaap-ci:NonOperatingExpensesInvestmentLossRecognizedEquityMethod>
	<tw-gaap-ci:NonOperatingExpensesInvestmentLoss contextRef="From20100101To20100331" decimals="-3" unitRef="TWD">0</tw-gaap-ci:NonOperatingExpensesInvestmentLoss>
	<tw-gaap-ci:NonOperatingExpensesInvestmentLoss contextRef="From20090101To20090331" decimals="-3" unitRef="TWD">158100000</tw-gaap-ci:NonOperatingExpensesInvestmentLoss>
	<tw-gaap-ci:RevaluationLossFinancialAssets contextRef="From20100101To20100331" decimals="-3" unitRef="TWD">7062000</tw-gaap-ci:RevaluationLossFinancialAssets>
	<tw-gaap-ci:RevaluationLossFinancialAssets contextRef="From20090101To20090331" decimals="-3" unitRef="TWD">11751000</tw-gaap-ci:RevaluationLossFinancialAssets>
	<tw-gaap-ci:MiscellaneousDisbursements contextRef="From20100101To20100331" decimals="-3" unitRef="TWD">52000</tw-gaap-ci:MiscellaneousDisbursements>
	<tw-gaap-ci:MiscellaneousDisbursements contextRef="From20090101To20090331" decimals="-3" unitRef="TWD">0</tw-gaap-ci:MiscellaneousDisbursements>
	<tw-gaap-ci:NonOperatingExpenses contextRef="From20100101To20100331" decimals="-3" unitRef="TWD">7237000</tw-gaap-ci:NonOperatingExpenses>
	<tw-gaap-ci:NonOperatingExpenses contextRef="From20090101To20090331" decimals="-3" unitRef="TWD">169904000</tw-gaap-ci:NonOperatingExpenses>
	<tw-gaap-ci:IncomeContinuingOperationsBeforeIncomeTax contextRef="From20100101To20100331" decimals="-3" unitRef="TWD">1025702000</tw-gaap-ci:IncomeContinuingOperationsBeforeIncomeTax>
	<tw-gaap-ci:IncomeContinuingOperationsBeforeIncomeTax contextRef="From20090101To20090331" decimals="-3" unitRef="TWD">534313000</tw-gaap-ci:IncomeContinuingOperationsBeforeIncomeTax>
	<tw-gaap-ci:IncomeTaxExpenseBenefit contextRef="From20100101To20100331" decimals="-3" unitRef="TWD">151813000</tw-gaap-ci:IncomeTaxExpenseBenefit>
	<tw-gaap-ci:IncomeTaxExpenseBenefit contextRef="From20090101To20090331" decimals="-3" unitRef="TWD">99582000</tw-gaap-ci:IncomeTaxExpenseBenefit>
	<tw-gaap-ci:IncomeContinuingOperations contextRef="From20100101To20100331" decimals="-3" unitRef="TWD">873889000</tw-gaap-ci:IncomeContinuingOperations>
	<tw-gaap-ci:IncomeContinuingOperations contextRef="From20090101To20090331" decimals="-3" unitRef="TWD">434731000</tw-gaap-ci:IncomeContinuingOperations>
	<tw-gaap-ci:NetIncomeLoss contextRef="From20100101To20100331" decimals="-3" unitRef="TWD">873889000</tw-gaap-ci:NetIncomeLoss>
	<tw-gaap-ci:NetIncomeLoss contextRef="From20090101To20090331" decimals="-3" unitRef="TWD">434731000</tw-gaap-ci:NetIncomeLoss>
	<tw-gaap-ci:PrimaryEarningsPerShareIncomeLossContinuingOperations contextRef="From20100101To20100331" decimals="2" unitRef="TWD">1.37</tw-gaap-ci:PrimaryEarningsPerShareIncomeLossContinuingOperations>
	<tw-gaap-ci:PrimaryEarningsPerShareIncomeLossContinuingOperations contextRef="From20090101To20090331" decimals="2" unitRef="TWD">0.69</tw-gaap-ci:PrimaryEarningsPerShareIncomeLossContinuingOperations>
	<tw-gaap-ci:PrimaryEarningsPerShare contextRef="From20100101To20100331" decimals="2" unitRef="TWD">1.37</tw-gaap-ci:PrimaryEarningsPerShare>
	<tw-gaap-ci:PrimaryEarningsPerShare contextRef="From20090101To20090331" decimals="2" unitRef="TWD">0.69</tw-gaap-ci:PrimaryEarningsPerShare>
	<tw-gaap-ci:DilutedEarningsPerShareIncomeLossContinuingOperations contextRef="From20100101To20100331" decimals="2" unitRef="TWD">1.33</tw-gaap-ci:DilutedEarningsPerShareIncomeLossContinuingOperations>
	<tw-gaap-ci:DilutedEarningsPerShareIncomeLossContinuingOperations contextRef="From20090101To20090331" decimals="2" unitRef="TWD">0.68</tw-gaap-ci:DilutedEarningsPerShareIncomeLossContinuingOperations>
	<tw-gaap-ci:DilutedEarningsPerShare contextRef="From20100101To20100331" decimals="2" unitRef="TWD">1.33</tw-gaap-ci:DilutedEarningsPerShare>
	<tw-gaap-ci:DilutedEarningsPerShare contextRef="From20090101To20090331" decimals="2" unitRef="TWD">0.68</tw-gaap-ci:DilutedEarningsPerShare>
	<tw-gaap-ci:NetIncomeLoss_StatementCashFlows contextRef="From20100101To20100331" decimals="-3" unitRef="TWD">873889000</tw-gaap-ci:NetIncomeLoss_StatementCashFlows>
	<tw-gaap-ci:NetIncomeLoss_StatementCashFlows contextRef="From20090101To20090331" decimals="-3" unitRef="TWD">434731000</tw-gaap-ci:NetIncomeLoss_StatementCashFlows>
	<tw-gaap-ci:DepreciationExpense-Operating contextRef="From20100101To20100331" decimals="-3" unitRef="TWD">34250000</tw-gaap-ci:DepreciationExpense-Operating>
	<tw-gaap-ci:DepreciationExpense-Operating contextRef="From20090101To20090331" decimals="-3" unitRef="TWD">50640000</tw-gaap-ci:DepreciationExpense-Operating>
	<tw-gaap-ci:AmortizationExpense-Operating contextRef="From20100101To20100331" decimals="-3" unitRef="TWD">33115000</tw-gaap-ci:AmortizationExpense-Operating>
	<tw-gaap-ci:AmortizationExpense-Operating contextRef="From20090101To20090331" decimals="-3" unitRef="TWD">16414000</tw-gaap-ci:AmortizationExpense-Operating>
	<tw-gaap-ci:ProvisionTransferRevenueBadDebtsLosses contextRef="From20100101To20100331" decimals="-3" unitRef="TWD">-6211000</tw-gaap-ci:ProvisionTransferRevenueBadDebtsLosses>
	<tw-gaap-ci:ProvisionTransferRevenueBadDebtsLosses contextRef="From20090101To20090331" decimals="-3" unitRef="TWD">-13541000</tw-gaap-ci:ProvisionTransferRevenueBadDebtsLosses>
	<tw-gaap-ci:GainLossInventoryValuationObsolescenceRecoverie contextRef="From20100101To20100331" decimals="-3" unitRef="TWD">-22840000</tw-gaap-ci:GainLossInventoryValuationObsolescenceRecoverie>
	<tw-gaap-ci:GainLossInventoryValuationObsolescenceRecoverie contextRef="From20090101To20090331" decimals="-3" unitRef="TWD">12419000</tw-gaap-ci:GainLossInventoryValuationObsolescenceRecoverie>
	<tw-gaap-ci:GainLossDisposalScrappingFixedAssets contextRef="From20100101To20100331" decimals="-3" unitRef="TWD">0</tw-gaap-ci:GainLossDisposalScrappingFixedAssets>
	<tw-gaap-ci:GainLossDisposalScrappingFixedAssets contextRef="From20090101To20090331" decimals="-3" unitRef="TWD">-12570000</tw-gaap-ci:GainLossDisposalScrappingFixedAssets>
	<tw-gaap-ci:LossesGainsDisposalEquityInvestmentsEquityMethod contextRef="From20100101To20100331" decimals="-3" unitRef="TWD">-168401000</tw-gaap-ci:LossesGainsDisposalEquityInvestmentsEquityMethod>
	<tw-gaap-ci:LossesGainsDisposalEquityInvestmentsEquityMethod contextRef="From20090101To20090331" decimals="-3" unitRef="TWD">158100000</tw-gaap-ci:LossesGainsDisposalEquityInvestmentsEquityMethod>
	<tw-gaap-ci:UnrealizedRevaluationGainFinancialAssetsLiabilities contextRef="From20100101To20100331" decimals="-3" unitRef="TWD">7062000</tw-gaap-ci:UnrealizedRevaluationGainFinancialAssetsLiabilities>
	<tw-gaap-ci:UnrealizedRevaluationGainFinancialAssetsLiabilities contextRef="From20090101To20090331" decimals="-3" unitRef="TWD">9123000</tw-gaap-ci:UnrealizedRevaluationGainFinancialAssetsLiabilities>
	<tw-gaap-ci:AdjustmentsReconcileNetIncomeNetCashProvidedUsedOperatingActivities contextRef="From20100101To20100331" decimals="-3" unitRef="TWD">-123025000</tw-gaap-ci:AdjustmentsReconcileNetIncomeNetCashProvidedUsedOperatingActivities>
	<tw-gaap-ci:AdjustmentsReconcileNetIncomeNetCashProvidedUsedOperatingActivities contextRef="From20090101To20090331" decimals="-3" unitRef="TWD">220585000</tw-gaap-ci:AdjustmentsReconcileNetIncomeNetCashProvidedUsedOperatingActivities>
	<tw-gaap-ci:ChangesFinancialAssetsHeldTrading contextRef="From20100101To20100331" decimals="-3" unitRef="TWD">2255870000</tw-gaap-ci:ChangesFinancialAssetsHeldTrading>
	<tw-gaap-ci:ChangesFinancialAssetsHeldTrading contextRef="From20090101To20090331" decimals="-3" unitRef="TWD">-1843215000</tw-gaap-ci:ChangesFinancialAssetsHeldTrading>
	<tw-gaap-ci:ChangesNotesReceivable contextRef="From20100101To20100331" decimals="-3" unitRef="TWD">-1289000</tw-gaap-ci:ChangesNotesReceivable>
	<tw-gaap-ci:ChangesNotesReceivable contextRef="From20090101To20090331" decimals="-3" unitRef="TWD">-327000</tw-gaap-ci:ChangesNotesReceivable>
	<tw-gaap-ci:ChangesAccountsReceivable contextRef="From20100101To20100331" decimals="-3" unitRef="TWD">-2460175000</tw-gaap-ci:ChangesAccountsReceivable>
	<tw-gaap-ci:ChangesAccountsReceivable contextRef="From20090101To20090331" decimals="-3" unitRef="TWD">-506416000</tw-gaap-ci:ChangesAccountsReceivable>
	<tw-gaap-ci:ChangesOtherReceivables contextRef="From20100101To20100331" decimals="-3" unitRef="TWD">4534000</tw-gaap-ci:ChangesOtherReceivables>
	<tw-gaap-ci:ChangesOtherReceivables contextRef="From20090101To20090331" decimals="-3" unitRef="TWD">20207000</tw-gaap-ci:ChangesOtherReceivables>
	<tw-gaap-ci:ChangesInventories contextRef="From20100101To20100331" decimals="-3" unitRef="TWD">1185106000</tw-gaap-ci:ChangesInventories>
	<tw-gaap-ci:ChangesInventories contextRef="From20090101To20090331" decimals="-3" unitRef="TWD">535207000</tw-gaap-ci:ChangesInventories>
	<tw-gaap-ci:ChangesOtherCurrentAssets_CI contextRef="From20100101To20100331" decimals="-3" unitRef="TWD">-23569000</tw-gaap-ci:ChangesOtherCurrentAssets_CI>
	<tw-gaap-ci:ChangesOtherCurrentAssets_CI contextRef="From20090101To20090331" decimals="-3" unitRef="TWD">-42840000</tw-gaap-ci:ChangesOtherCurrentAssets_CI>
	<tw-gaap-ci:ChangesDeferredTaxAssets contextRef="From20100101To20100331" decimals="-3" unitRef="TWD">69778000</tw-gaap-ci:ChangesDeferredTaxAssets>
	<tw-gaap-ci:ChangesDeferredTaxAssets contextRef="From20090101To20090331" decimals="-3" unitRef="TWD">27794000</tw-gaap-ci:ChangesDeferredTaxAssets>
	<tw-gaap-ci:ChangesOperatingAssets contextRef="From20100101To20100331" decimals="-3" unitRef="TWD">1030255000</tw-gaap-ci:ChangesOperatingAssets>
	<tw-gaap-ci:ChangesOperatingAssets contextRef="From20090101To20090331" decimals="-3" unitRef="TWD">-1809590000</tw-gaap-ci:ChangesOperatingAssets>
	<tw-gaap-ci:ChangesNotesPayable contextRef="From20100101To20100331" decimals="-3" unitRef="TWD">17433000</tw-gaap-ci:ChangesNotesPayable>
	<tw-gaap-ci:ChangesNotesPayable contextRef="From20090101To20090331" decimals="-3" unitRef="TWD">-24291000</tw-gaap-ci:ChangesNotesPayable>
	<tw-gaap-ci:ChangesAccountsPayable contextRef="From20100101To20100331" decimals="-3" unitRef="TWD">-362487000</tw-gaap-ci:ChangesAccountsPayable>
	<tw-gaap-ci:ChangesAccountsPayable contextRef="From20090101To20090331" decimals="-3" unitRef="TWD">1915810000</tw-gaap-ci:ChangesAccountsPayable>
	<tw-gaap-ci:ChangesIncomeTaxPayable contextRef="From20100101To20100331" decimals="-3" unitRef="TWD">81334000</tw-gaap-ci:ChangesIncomeTaxPayable>
	<tw-gaap-ci:ChangesIncomeTaxPayable contextRef="From20090101To20090331" decimals="-3" unitRef="TWD">-33497000</tw-gaap-ci:ChangesIncomeTaxPayable>
	<tw-gaap-ci:ChangesAccruedExpenses contextRef="From20100101To20100331" decimals="-3" unitRef="TWD">254291000</tw-gaap-ci:ChangesAccruedExpenses>
	<tw-gaap-ci:ChangesAccruedExpenses contextRef="From20090101To20090331" decimals="-3" unitRef="TWD">415176000</tw-gaap-ci:ChangesAccruedExpenses>
	<tw-gaap-ci:ChangesReceiptsAdvance contextRef="From20100101To20100331" decimals="-3" unitRef="TWD">-130114000</tw-gaap-ci:ChangesReceiptsAdvance>
	<tw-gaap-ci:ChangesReceiptsAdvance contextRef="From20090101To20090331" decimals="-3" unitRef="TWD">123908000</tw-gaap-ci:ChangesReceiptsAdvance>
	<tw-gaap-ci:ChangesOtherCurrentLiabilities_CI contextRef="From20100101To20100331" decimals="-3" unitRef="TWD">116833000</tw-gaap-ci:ChangesOtherCurrentLiabilities_CI>
	<tw-gaap-ci:ChangesOtherCurrentLiabilities_CI contextRef="From20090101To20090331" decimals="-3" unitRef="TWD">54051000</tw-gaap-ci:ChangesOtherCurrentLiabilities_CI>
	<tw-gaap-ci:ChangesAccruedPensionLiabilities contextRef="From20100101To20100331" decimals="-3" unitRef="TWD">37000</tw-gaap-ci:ChangesAccruedPensionLiabilities>
	<tw-gaap-ci:ChangesAccruedPensionLiabilities contextRef="From20090101To20090331" decimals="-3" unitRef="TWD">97000</tw-gaap-ci:ChangesAccruedPensionLiabilities>
	<tw-gaap-ci:ChangesOtherOperatingLiabilities contextRef="From20100101To20100331" decimals="-3" unitRef="TWD">0</tw-gaap-ci:ChangesOtherOperatingLiabilities>
	<tw-gaap-ci:ChangesOtherOperatingLiabilities contextRef="From20090101To20090331" decimals="-3" unitRef="TWD">8738000</tw-gaap-ci:ChangesOtherOperatingLiabilities>
	<tw-gaap-ci:ChangesOperatingLiabilities contextRef="From20100101To20100331" decimals="-3" unitRef="TWD">-22673000</tw-gaap-ci:ChangesOperatingLiabilities>
	<tw-gaap-ci:ChangesOperatingLiabilities contextRef="From20090101To20090331" decimals="-3" unitRef="TWD">2459992000</tw-gaap-ci:ChangesOperatingLiabilities>
	<tw-gaap-ci:ChangesOperatingAssetsLiabilities contextRef="From20100101To20100331" decimals="-3" unitRef="TWD">1007582000</tw-gaap-ci:ChangesOperatingAssetsLiabilities>
	<tw-gaap-ci:ChangesOperatingAssetsLiabilities contextRef="From20090101To20090331" decimals="-3" unitRef="TWD">650402000</tw-gaap-ci:ChangesOperatingAssetsLiabilities>
	<tw-gaap-ci:NetCashProvidedUsedOperatingActivities contextRef="From20100101To20100331" decimals="-3" unitRef="TWD">1758446000</tw-gaap-ci:NetCashProvidedUsedOperatingActivities>
	<tw-gaap-ci:NetCashProvidedUsedOperatingActivities contextRef="From20090101To20090331" decimals="-3" unitRef="TWD">1305718000</tw-gaap-ci:NetCashProvidedUsedOperatingActivities>
	<tw-gaap-ci:ProceedsDisposalDebtInvestmentsNoActiveMarket contextRef="From20100101To20100331" decimals="-3" unitRef="TWD">197291000</tw-gaap-ci:ProceedsDisposalDebtInvestmentsNoActiveMarket>
	<tw-gaap-ci:ProceedsDisposalDebtInvestmentsNoActiveMarket contextRef="From20090101To20090331" decimals="-3" unitRef="TWD">-68082000</tw-gaap-ci:ProceedsDisposalDebtInvestmentsNoActiveMarket>
	<tw-gaap-ci:AcquisitionInvestmentsAccountedEquityMethod contextRef="From20100101To20100331" decimals="-3" unitRef="TWD">0</tw-gaap-ci:AcquisitionInvestmentsAccountedEquityMethod>
	<tw-gaap-ci:AcquisitionInvestmentsAccountedEquityMethod contextRef="From20090101To20090331" decimals="-3" unitRef="TWD">-9191000</tw-gaap-ci:AcquisitionInvestmentsAccountedEquityMethod>
	<tw-gaap-ci:AcquisitionPropertyPlantEquipment contextRef="From20100101To20100331" decimals="-3" unitRef="TWD">-5740000</tw-gaap-ci:AcquisitionPropertyPlantEquipment>
	<tw-gaap-ci:AcquisitionPropertyPlantEquipment contextRef="From20090101To20090331" decimals="-3" unitRef="TWD">0</tw-gaap-ci:AcquisitionPropertyPlantEquipment>
	<tw-gaap-ci:ChangesRefundableDeposits contextRef="From20100101To20100331" decimals="-3" unitRef="TWD">2560000</tw-gaap-ci:ChangesRefundableDeposits>
	<tw-gaap-ci:ChangesRefundableDeposits contextRef="From20090101To20090331" decimals="-3" unitRef="TWD">131000</tw-gaap-ci:ChangesRefundableDeposits>
	<tw-gaap-ci:ChangesOtherFinancialAssets contextRef="From20100101To20100331" decimals="-3" unitRef="TWD">-290000000</tw-gaap-ci:ChangesOtherFinancialAssets>
	<tw-gaap-ci:ChangesOtherFinancialAssets contextRef="From20090101To20090331" decimals="-3" unitRef="TWD">0</tw-gaap-ci:ChangesOtherFinancialAssets>
	<tw-gaap-ci:ChamgesOtherAssets contextRef="From20100101To20100331" decimals="-3" unitRef="TWD">-36623000</tw-gaap-ci:ChamgesOtherAssets>
	<tw-gaap-ci:ChamgesOtherAssets contextRef="From20090101To20090331" decimals="-3" unitRef="TWD">-24855000</tw-gaap-ci:ChamgesOtherAssets>
	<tw-gaap-ci:NetCashProvidedUsedInvestingActivities contextRef="From20100101To20100331" decimals="-3" unitRef="TWD">-132512000</tw-gaap-ci:NetCashProvidedUsedInvestingActivities>
	<tw-gaap-ci:NetCashProvidedUsedInvestingActivities contextRef="From20090101To20090331" decimals="-3" unitRef="TWD">-101997000</tw-gaap-ci:NetCashProvidedUsedInvestingActivities>
	<tw-gaap-ci:ChangesGuaranteeDepositsReceived contextRef="From20100101To20100331" decimals="-3" unitRef="TWD">-6589000</tw-gaap-ci:ChangesGuaranteeDepositsReceived>
	<tw-gaap-ci:ChangesGuaranteeDepositsReceived contextRef="From20090101To20090331" decimals="-3" unitRef="TWD">0</tw-gaap-ci:ChangesGuaranteeDepositsReceived>
	<tw-gaap-ci:EmployeeStockOptionsExercised contextRef="From20100101To20100331" decimals="-3" unitRef="TWD">163736000</tw-gaap-ci:EmployeeStockOptionsExercised>
	<tw-gaap-ci:EmployeeStockOptionsExercised contextRef="From20090101To20090331" decimals="-3" unitRef="TWD">0</tw-gaap-ci:EmployeeStockOptionsExercised>
	<tw-gaap-ci:CashPaidAcquisitionTreasuryStock contextRef="From20100101To20100331" decimals="-3" unitRef="TWD">0</tw-gaap-ci:CashPaidAcquisitionTreasuryStock>
	<tw-gaap-ci:CashPaidAcquisitionTreasuryStock contextRef="From20090101To20090331" decimals="-3" unitRef="TWD">-55953000</tw-gaap-ci:CashPaidAcquisitionTreasuryStock>
	<tw-gaap-ci:NetCashProvidedUsedFinancingActivities contextRef="From20100101To20100331" decimals="-3" unitRef="TWD">157147000</tw-gaap-ci:NetCashProvidedUsedFinancingActivities>
	<tw-gaap-ci:NetCashProvidedUsedFinancingActivities contextRef="From20090101To20090331" decimals="-3" unitRef="TWD">-55953000</tw-gaap-ci:NetCashProvidedUsedFinancingActivities>
	<tw-gaap-ci:EffectExchangeRateChanges contextRef="From20100101To20100331" decimals="-3" unitRef="TWD">0</tw-gaap-ci:EffectExchangeRateChanges>
	<tw-gaap-ci:EffectExchangeRateChanges contextRef="From20090101To20090331" decimals="-3" unitRef="TWD">0</tw-gaap-ci:EffectExchangeRateChanges>
	<tw-gaap-ci:NetChangesCashCashEquivalents contextRef="From20100101To20100331" decimals="-3" unitRef="TWD">1783081000</tw-gaap-ci:NetChangesCashCashEquivalents>
	<tw-gaap-ci:NetChangesCashCashEquivalents contextRef="From20090101To20090331" decimals="-3" unitRef="TWD">1147768000</tw-gaap-ci:NetChangesCashCashEquivalents>
	<tw-gaap-ci:CashCashEquivalents contextRef="AsOf20100101" decimals="-3" unitRef="TWD">3210193000</tw-gaap-ci:CashCashEquivalents>
	<tw-gaap-ci:CashCashEquivalents contextRef="AsOf20090101" decimals="-3" unitRef="TWD">2158915000</tw-gaap-ci:CashCashEquivalents>
	<tw-gaap-ci:InterestPaid contextRef="From20100101To20100331" decimals="-3" unitRef="TWD">123000</tw-gaap-ci:InterestPaid>
	<tw-gaap-ci:InterestPaid contextRef="From20090101To20090331" decimals="-3" unitRef="TWD">53000</tw-gaap-ci:InterestPaid>
	<tw-gaap-ci:InterestPaidExcludingCapitalizedInterest contextRef="From20100101To20100331" decimals="-3" unitRef="TWD">123000</tw-gaap-ci:InterestPaidExcludingCapitalizedInterest>
	<tw-gaap-ci:InterestPaidExcludingCapitalizedInterest contextRef="From20090101To20090331" decimals="-3" unitRef="TWD">53000</tw-gaap-ci:InterestPaidExcludingCapitalizedInterest>
	<tw-gaap-ci:IncomeTaxPaid contextRef="From20100101To20100331" decimals="-3" unitRef="TWD">701000</tw-gaap-ci:IncomeTaxPaid>
	<tw-gaap-ci:IncomeTaxPaid contextRef="From20090101To20090331" decimals="-3" unitRef="TWD">105284000</tw-gaap-ci:IncomeTaxPaid>
</xbrl>
