<?xml version="1.0" encoding="UTF-8"?>
<xbrl xmlns="http://www.xbrl.org/2003/instance" xmlns:iso4217="http://www.xbrl.org/2003/iso4217" xmlns:link="http://www.xbrl.org/2003/linkbase" xmlns:tw-gaap-ar="http://www.xbrl.org/tw/fr/gaap/ar/2010-06-30" xmlns:tw-gaap-ci="http://www.xbrl.org/tw/fr/gaap/tw-gaap-ci-2010-06-30" xmlns:tw-gaap-notes="http://www.xbrl.org/tw/fr/gaap/notes/2010-06-30" xmlns:xbrldi="http://xbrl.org/2006/xbrldi" xmlns:xbrldt="http://xbrl.org/2005/xbrldt" xmlns:xbrli="http://www.xbrl.org/2003/instance" xmlns:xlink="http://www.w3.org/1999/xlink">
	<link:schemaRef xlink:arcrole="http://www.w3.org/1999/xlink/properties/linkbase" xlink:href="tw-gaap-ci-2010-06-30.xsd" xlink:type="simple"/>	<context id="AsOf20100820">
		<entity>
			<identifier scheme="http://www.twse.com.tw">2206</identifier>
		</entity>
		<period>
			<instant>2010-08-20</instant>
		</period>
	</context>
	<context id="From20090101To20090630_CapitalSurplusMember">
		<entity>
			<identifier scheme="http://www.twse.com.tw">2206</identifier>
		</entity>
		<period>
			<startDate>2009-01-01</startDate>
			<endDate>2009-06-30</endDate>
		</period>
		<scenario>
			<xbrldi:explicitMember dimension="tw-gaap-ci:StockholdersEquityDimensionMember">tw-gaap-ci:CapitalSurplusMember</xbrldi:explicitMember>
		</scenario>
	</context>
	<context id="From20090101To20090630_CumulativeTranslationAdjustmentsMember">
		<entity>
			<identifier scheme="http://www.twse.com.tw">2206</identifier>
		</entity>
		<period>
			<startDate>2009-01-01</startDate>
			<endDate>2009-06-30</endDate>
		</period>
		<scenario>
			<xbrldi:explicitMember dimension="tw-gaap-ci:StockholdersEquityDimensionMember">tw-gaap-ci:CumulativeTranslationAdjustmentsMember</xbrldi:explicitMember>
		</scenario>
	</context>
	<context id="From20090101To20090630_StockholdersEquitiesAdjustmentsMember">
		<entity>
			<identifier scheme="http://www.twse.com.tw">2206</identifier>
		</entity>
		<period>
			<startDate>2009-01-01</startDate>
			<endDate>2009-06-30</endDate>
		</period>
		<scenario>
			<xbrldi:explicitMember dimension="tw-gaap-ci:StockholdersEquityDimensionMember">tw-gaap-ci:StockholdersEquitiesAdjustmentsMember</xbrldi:explicitMember>
		</scenario>
	</context>
	<context id="From20090101To20090630_UnrealizedGainLossesFinancialInstrumentMember">
		<entity>
			<identifier scheme="http://www.twse.com.tw">2206</identifier>
		</entity>
		<period>
			<startDate>2009-01-01</startDate>
			<endDate>2009-06-30</endDate>
		</period>
		<scenario>
			<xbrldi:explicitMember dimension="tw-gaap-ci:StockholdersEquityDimensionMember">tw-gaap-ci:UnrealizedGainLossesFinancialInstrumentMember</xbrldi:explicitMember>
		</scenario>
	</context>
	<context id="From20090101To20090630_LegalReserveMember">
		<entity>
			<identifier scheme="http://www.twse.com.tw">2206</identifier>
		</entity>
		<period>
			<startDate>2009-01-01</startDate>
			<endDate>2009-06-30</endDate>
		</period>
		<scenario>
			<xbrldi:explicitMember dimension="tw-gaap-ci:StockholdersEquityDimensionMember">tw-gaap-ci:LegalReserveMember</xbrldi:explicitMember>
		</scenario>
	</context>
	<context id="From20090101To20090630_TotalStockholdersEquitiesMember">
		<entity>
			<identifier scheme="http://www.twse.com.tw">2206</identifier>
		</entity>
		<period>
			<startDate>2009-01-01</startDate>
			<endDate>2009-06-30</endDate>
		</period>
		<scenario>
			<xbrldi:explicitMember dimension="tw-gaap-ci:StockholdersEquityDimensionMember">tw-gaap-ci:TotalStockholdersEquitiesMember</xbrldi:explicitMember>
		</scenario>
	</context>
	<context id="From20090101To20090630_RetainedEarningsMember">
		<entity>
			<identifier scheme="http://www.twse.com.tw">2206</identifier>
		</entity>
		<period>
			<startDate>2009-01-01</startDate>
			<endDate>2009-06-30</endDate>
		</period>
		<scenario>
			<xbrldi:explicitMember dimension="tw-gaap-ci:StockholdersEquityDimensionMember">tw-gaap-ci:RetainedEarningsMember</xbrldi:explicitMember>
		</scenario>
	</context>
	<context id="From20090101To20090630_UnappropriatedRetainedEarningsMember">
		<entity>
			<identifier scheme="http://www.twse.com.tw">2206</identifier>
		</entity>
		<period>
			<startDate>2009-01-01</startDate>
			<endDate>2009-06-30</endDate>
		</period>
		<scenario>
			<xbrldi:explicitMember dimension="tw-gaap-ci:StockholdersEquityDimensionMember">tw-gaap-ci:UnappropriatedRetainedEarningsMember</xbrldi:explicitMember>
		</scenario>
	</context>
	<context id="AsOf20090630_TotalStockholdersEquitiesMember">
		<entity>
			<identifier scheme="http://www.twse.com.tw">2206</identifier>
		</entity>
		<period>
			<instant>2009-06-30</instant>
		</period>
		<scenario>
			<xbrldi:explicitMember dimension="tw-gaap-ci:StockholdersEquityDimensionMember">tw-gaap-ci:TotalStockholdersEquitiesMember</xbrldi:explicitMember>
		</scenario>
	</context>
	<context id="AsOf20090630_StockholdersEquitiesAdjustmentsMember">
		<entity>
			<identifier scheme="http://www.twse.com.tw">2206</identifier>
		</entity>
		<period>
			<instant>2009-06-30</instant>
		</period>
		<scenario>
			<xbrldi:explicitMember dimension="tw-gaap-ci:StockholdersEquityDimensionMember">tw-gaap-ci:StockholdersEquitiesAdjustmentsMember</xbrldi:explicitMember>
		</scenario>
	</context>
	<context id="AsOf20090630_UnrealizedRevaluationIncrementMember">
		<entity>
			<identifier scheme="http://www.twse.com.tw">2206</identifier>
		</entity>
		<period>
			<instant>2009-06-30</instant>
		</period>
		<scenario>
			<xbrldi:explicitMember dimension="tw-gaap-ci:StockholdersEquityDimensionMember">tw-gaap-ci:UnrealizedRevaluationIncrementMember</xbrldi:explicitMember>
		</scenario>
	</context>
	<context id="AsOf20090630_UnrealizedGainLossesFinancialInstrumentMember">
		<entity>
			<identifier scheme="http://www.twse.com.tw">2206</identifier>
		</entity>
		<period>
			<instant>2009-06-30</instant>
		</period>
		<scenario>
			<xbrldi:explicitMember dimension="tw-gaap-ci:StockholdersEquityDimensionMember">tw-gaap-ci:UnrealizedGainLossesFinancialInstrumentMember</xbrldi:explicitMember>
		</scenario>
	</context>
	<context id="AsOf20090630_TreasuryStockValueMember">
		<entity>
			<identifier scheme="http://www.twse.com.tw">2206</identifier>
		</entity>
		<period>
			<instant>2009-06-30</instant>
		</period>
		<scenario>
			<xbrldi:explicitMember dimension="tw-gaap-ci:StockholdersEquityDimensionMember">tw-gaap-ci:TreasuryStockValueMember</xbrldi:explicitMember>
		</scenario>
	</context>
	<context id="AsOf20090630_NetLossNotRecognizedPensionCostMember">
		<entity>
			<identifier scheme="http://www.twse.com.tw">2206</identifier>
		</entity>
		<period>
			<instant>2009-06-30</instant>
		</period>
		<scenario>
			<xbrldi:explicitMember dimension="tw-gaap-ci:StockholdersEquityDimensionMember">tw-gaap-ci:NetLossNotRecognizedPensionCostMember</xbrldi:explicitMember>
		</scenario>
	</context>
	<context id="AsOf20090630_CumulativeTranslationAdjustmentsMember">
		<entity>
			<identifier scheme="http://www.twse.com.tw">2206</identifier>
		</entity>
		<period>
			<instant>2009-06-30</instant>
		</period>
		<scenario>
			<xbrldi:explicitMember dimension="tw-gaap-ci:StockholdersEquityDimensionMember">tw-gaap-ci:CumulativeTranslationAdjustmentsMember</xbrldi:explicitMember>
		</scenario>
	</context>
	<context id="AsOf20090630_RetainedEarningsMember">
		<entity>
			<identifier scheme="http://www.twse.com.tw">2206</identifier>
		</entity>
		<period>
			<instant>2009-06-30</instant>
		</period>
		<scenario>
			<xbrldi:explicitMember dimension="tw-gaap-ci:StockholdersEquityDimensionMember">tw-gaap-ci:RetainedEarningsMember</xbrldi:explicitMember>
		</scenario>
	</context>
	<context id="AsOf20090630_UnappropriatedRetainedEarningsMember">
		<entity>
			<identifier scheme="http://www.twse.com.tw">2206</identifier>
		</entity>
		<period>
			<instant>2009-06-30</instant>
		</period>
		<scenario>
			<xbrldi:explicitMember dimension="tw-gaap-ci:StockholdersEquityDimensionMember">tw-gaap-ci:UnappropriatedRetainedEarningsMember</xbrldi:explicitMember>
		</scenario>
	</context>
	<context id="AsOf20090630_SpecialReserveMember">
		<entity>
			<identifier scheme="http://www.twse.com.tw">2206</identifier>
		</entity>
		<period>
			<instant>2009-06-30</instant>
		</period>
		<scenario>
			<xbrldi:explicitMember dimension="tw-gaap-ci:StockholdersEquityDimensionMember">tw-gaap-ci:SpecialReserveMember</xbrldi:explicitMember>
		</scenario>
	</context>
	<context id="AsOf20090630_LegalReserveMember">
		<entity>
			<identifier scheme="http://www.twse.com.tw">2206</identifier>
		</entity>
		<period>
			<instant>2009-06-30</instant>
		</period>
		<scenario>
			<xbrldi:explicitMember dimension="tw-gaap-ci:StockholdersEquityDimensionMember">tw-gaap-ci:LegalReserveMember</xbrldi:explicitMember>
		</scenario>
	</context>
	<context id="AsOf20090630_CapitalSurplusMember">
		<entity>
			<identifier scheme="http://www.twse.com.tw">2206</identifier>
		</entity>
		<period>
			<instant>2009-06-30</instant>
		</period>
		<scenario>
			<xbrldi:explicitMember dimension="tw-gaap-ci:StockholdersEquityDimensionMember">tw-gaap-ci:CapitalSurplusMember</xbrldi:explicitMember>
		</scenario>
	</context>
	<context id="AsOf20090630_CapitalStockMember">
		<entity>
			<identifier scheme="http://www.twse.com.tw">2206</identifier>
		</entity>
		<period>
			<instant>2009-06-30</instant>
		</period>
		<scenario>
			<xbrldi:explicitMember dimension="tw-gaap-ci:StockholdersEquityDimensionMember">tw-gaap-ci:CapitalStockMember</xbrldi:explicitMember>
		</scenario>
	</context>
	<context id="AsOf20090630_CommonStockValueMember">
		<entity>
			<identifier scheme="http://www.twse.com.tw">2206</identifier>
		</entity>
		<period>
			<instant>2009-06-30</instant>
		</period>
		<scenario>
			<xbrldi:explicitMember dimension="tw-gaap-ci:StockholdersEquityDimensionMember">tw-gaap-ci:CommonStockValueMember</xbrldi:explicitMember>
		</scenario>
	</context>
	<context id="From20100101To20100630_CapitalSurplusMember">
		<entity>
			<identifier scheme="http://www.twse.com.tw">2206</identifier>
		</entity>
		<period>
			<startDate>2010-01-01</startDate>
			<endDate>2010-06-30</endDate>
		</period>
		<scenario>
			<xbrldi:explicitMember dimension="tw-gaap-ci:StockholdersEquityDimensionMember">tw-gaap-ci:CapitalSurplusMember</xbrldi:explicitMember>
		</scenario>
	</context>
	<context id="From20100101To20100630_CumulativeTranslationAdjustmentsMember">
		<entity>
			<identifier scheme="http://www.twse.com.tw">2206</identifier>
		</entity>
		<period>
			<startDate>2010-01-01</startDate>
			<endDate>2010-06-30</endDate>
		</period>
		<scenario>
			<xbrldi:explicitMember dimension="tw-gaap-ci:StockholdersEquityDimensionMember">tw-gaap-ci:CumulativeTranslationAdjustmentsMember</xbrldi:explicitMember>
		</scenario>
	</context>
	<context id="From20100101To20100630_StockholdersEquitiesAdjustmentsMember">
		<entity>
			<identifier scheme="http://www.twse.com.tw">2206</identifier>
		</entity>
		<period>
			<startDate>2010-01-01</startDate>
			<endDate>2010-06-30</endDate>
		</period>
		<scenario>
			<xbrldi:explicitMember dimension="tw-gaap-ci:StockholdersEquityDimensionMember">tw-gaap-ci:StockholdersEquitiesAdjustmentsMember</xbrldi:explicitMember>
		</scenario>
	</context>
	<context id="From20100101To20100630_NetLossNotRecognizedPensionCostMember">
		<entity>
			<identifier scheme="http://www.twse.com.tw">2206</identifier>
		</entity>
		<period>
			<startDate>2010-01-01</startDate>
			<endDate>2010-06-30</endDate>
		</period>
		<scenario>
			<xbrldi:explicitMember dimension="tw-gaap-ci:StockholdersEquityDimensionMember">tw-gaap-ci:NetLossNotRecognizedPensionCostMember</xbrldi:explicitMember>
		</scenario>
	</context>
	<context id="From20100101To20100630_SpecialReserveMember">
		<entity>
			<identifier scheme="http://www.twse.com.tw">2206</identifier>
		</entity>
		<period>
			<startDate>2010-01-01</startDate>
			<endDate>2010-06-30</endDate>
		</period>
		<scenario>
			<xbrldi:explicitMember dimension="tw-gaap-ci:StockholdersEquityDimensionMember">tw-gaap-ci:SpecialReserveMember</xbrldi:explicitMember>
		</scenario>
	</context>
	<context id="From20100101To20100630_LegalReserveMember">
		<entity>
			<identifier scheme="http://www.twse.com.tw">2206</identifier>
		</entity>
		<period>
			<startDate>2010-01-01</startDate>
			<endDate>2010-06-30</endDate>
		</period>
		<scenario>
			<xbrldi:explicitMember dimension="tw-gaap-ci:StockholdersEquityDimensionMember">tw-gaap-ci:LegalReserveMember</xbrldi:explicitMember>
		</scenario>
	</context>
	<context id="From20100101To20100630_TotalStockholdersEquitiesMember">
		<entity>
			<identifier scheme="http://www.twse.com.tw">2206</identifier>
		</entity>
		<period>
			<startDate>2010-01-01</startDate>
			<endDate>2010-06-30</endDate>
		</period>
		<scenario>
			<xbrldi:explicitMember dimension="tw-gaap-ci:StockholdersEquityDimensionMember">tw-gaap-ci:TotalStockholdersEquitiesMember</xbrldi:explicitMember>
		</scenario>
	</context>
	<context id="From20100101To20100630_RetainedEarningsMember">
		<entity>
			<identifier scheme="http://www.twse.com.tw">2206</identifier>
		</entity>
		<period>
			<startDate>2010-01-01</startDate>
			<endDate>2010-06-30</endDate>
		</period>
		<scenario>
			<xbrldi:explicitMember dimension="tw-gaap-ci:StockholdersEquityDimensionMember">tw-gaap-ci:RetainedEarningsMember</xbrldi:explicitMember>
		</scenario>
	</context>
	<context id="From20100101To20100630_UnappropriatedRetainedEarningsMember">
		<entity>
			<identifier scheme="http://www.twse.com.tw">2206</identifier>
		</entity>
		<period>
			<startDate>2010-01-01</startDate>
			<endDate>2010-06-30</endDate>
		</period>
		<scenario>
			<xbrldi:explicitMember dimension="tw-gaap-ci:StockholdersEquityDimensionMember">tw-gaap-ci:UnappropriatedRetainedEarningsMember</xbrldi:explicitMember>
		</scenario>
	</context>
	<context id="AsOf20100630_TotalStockholdersEquitiesMember">
		<entity>
			<identifier scheme="http://www.twse.com.tw">2206</identifier>
		</entity>
		<period>
			<instant>2010-06-30</instant>
		</period>
		<scenario>
			<xbrldi:explicitMember dimension="tw-gaap-ci:StockholdersEquityDimensionMember">tw-gaap-ci:TotalStockholdersEquitiesMember</xbrldi:explicitMember>
		</scenario>
	</context>
	<context id="AsOf20100630_StockholdersEquitiesAdjustmentsMember">
		<entity>
			<identifier scheme="http://www.twse.com.tw">2206</identifier>
		</entity>
		<period>
			<instant>2010-06-30</instant>
		</period>
		<scenario>
			<xbrldi:explicitMember dimension="tw-gaap-ci:StockholdersEquityDimensionMember">tw-gaap-ci:StockholdersEquitiesAdjustmentsMember</xbrldi:explicitMember>
		</scenario>
	</context>
	<context id="AsOf20100630_UnrealizedRevaluationIncrementMember">
		<entity>
			<identifier scheme="http://www.twse.com.tw">2206</identifier>
		</entity>
		<period>
			<instant>2010-06-30</instant>
		</period>
		<scenario>
			<xbrldi:explicitMember dimension="tw-gaap-ci:StockholdersEquityDimensionMember">tw-gaap-ci:UnrealizedRevaluationIncrementMember</xbrldi:explicitMember>
		</scenario>
	</context>
	<context id="AsOf20100630_UnrealizedGainLossesFinancialInstrumentMember">
		<entity>
			<identifier scheme="http://www.twse.com.tw">2206</identifier>
		</entity>
		<period>
			<instant>2010-06-30</instant>
		</period>
		<scenario>
			<xbrldi:explicitMember dimension="tw-gaap-ci:StockholdersEquityDimensionMember">tw-gaap-ci:UnrealizedGainLossesFinancialInstrumentMember</xbrldi:explicitMember>
		</scenario>
	</context>
	<context id="AsOf20100630_TreasuryStockValueMember">
		<entity>
			<identifier scheme="http://www.twse.com.tw">2206</identifier>
		</entity>
		<period>
			<instant>2010-06-30</instant>
		</period>
		<scenario>
			<xbrldi:explicitMember dimension="tw-gaap-ci:StockholdersEquityDimensionMember">tw-gaap-ci:TreasuryStockValueMember</xbrldi:explicitMember>
		</scenario>
	</context>
	<context id="AsOf20100630_NetLossNotRecognizedPensionCostMember">
		<entity>
			<identifier scheme="http://www.twse.com.tw">2206</identifier>
		</entity>
		<period>
			<instant>2010-06-30</instant>
		</period>
		<scenario>
			<xbrldi:explicitMember dimension="tw-gaap-ci:StockholdersEquityDimensionMember">tw-gaap-ci:NetLossNotRecognizedPensionCostMember</xbrldi:explicitMember>
		</scenario>
	</context>
	<context id="AsOf20100630_CumulativeTranslationAdjustmentsMember">
		<entity>
			<identifier scheme="http://www.twse.com.tw">2206</identifier>
		</entity>
		<period>
			<instant>2010-06-30</instant>
		</period>
		<scenario>
			<xbrldi:explicitMember dimension="tw-gaap-ci:StockholdersEquityDimensionMember">tw-gaap-ci:CumulativeTranslationAdjustmentsMember</xbrldi:explicitMember>
		</scenario>
	</context>
	<context id="AsOf20100630_RetainedEarningsMember">
		<entity>
			<identifier scheme="http://www.twse.com.tw">2206</identifier>
		</entity>
		<period>
			<instant>2010-06-30</instant>
		</period>
		<scenario>
			<xbrldi:explicitMember dimension="tw-gaap-ci:StockholdersEquityDimensionMember">tw-gaap-ci:RetainedEarningsMember</xbrldi:explicitMember>
		</scenario>
	</context>
	<context id="AsOf20100630_UnappropriatedRetainedEarningsMember">
		<entity>
			<identifier scheme="http://www.twse.com.tw">2206</identifier>
		</entity>
		<period>
			<instant>2010-06-30</instant>
		</period>
		<scenario>
			<xbrldi:explicitMember dimension="tw-gaap-ci:StockholdersEquityDimensionMember">tw-gaap-ci:UnappropriatedRetainedEarningsMember</xbrldi:explicitMember>
		</scenario>
	</context>
	<context id="AsOf20100630_SpecialReserveMember">
		<entity>
			<identifier scheme="http://www.twse.com.tw">2206</identifier>
		</entity>
		<period>
			<instant>2010-06-30</instant>
		</period>
		<scenario>
			<xbrldi:explicitMember dimension="tw-gaap-ci:StockholdersEquityDimensionMember">tw-gaap-ci:SpecialReserveMember</xbrldi:explicitMember>
		</scenario>
	</context>
	<context id="AsOf20100630_LegalReserveMember">
		<entity>
			<identifier scheme="http://www.twse.com.tw">2206</identifier>
		</entity>
		<period>
			<instant>2010-06-30</instant>
		</period>
		<scenario>
			<xbrldi:explicitMember dimension="tw-gaap-ci:StockholdersEquityDimensionMember">tw-gaap-ci:LegalReserveMember</xbrldi:explicitMember>
		</scenario>
	</context>
	<context id="AsOf20100630_CapitalSurplusMember">
		<entity>
			<identifier scheme="http://www.twse.com.tw">2206</identifier>
		</entity>
		<period>
			<instant>2010-06-30</instant>
		</period>
		<scenario>
			<xbrldi:explicitMember dimension="tw-gaap-ci:StockholdersEquityDimensionMember">tw-gaap-ci:CapitalSurplusMember</xbrldi:explicitMember>
		</scenario>
	</context>
	<context id="AsOf20100630_CapitalStockMember">
		<entity>
			<identifier scheme="http://www.twse.com.tw">2206</identifier>
		</entity>
		<period>
			<instant>2010-06-30</instant>
		</period>
		<scenario>
			<xbrldi:explicitMember dimension="tw-gaap-ci:StockholdersEquityDimensionMember">tw-gaap-ci:CapitalStockMember</xbrldi:explicitMember>
		</scenario>
	</context>
	<context id="AsOf20100630_CommonStockValueMember">
		<entity>
			<identifier scheme="http://www.twse.com.tw">2206</identifier>
		</entity>
		<period>
			<instant>2010-06-30</instant>
		</period>
		<scenario>
			<xbrldi:explicitMember dimension="tw-gaap-ci:StockholdersEquityDimensionMember">tw-gaap-ci:CommonStockValueMember</xbrldi:explicitMember>
		</scenario>
	</context>
	<context id="AsOf20090101">
		<entity>
			<identifier scheme="http://www.twse.com.tw">2206</identifier>
		</entity>
		<period>
			<instant>2009-01-01</instant>
		</period>
	</context>
	<context id="AsOf20100101">
		<entity>
			<identifier scheme="http://www.twse.com.tw">2206</identifier>
		</entity>
		<period>
			<instant>2010-01-01</instant>
		</period>
	</context>
	<context id="From20090101To20090630">
		<entity>
			<identifier scheme="http://www.twse.com.tw">2206</identifier>
		</entity>
		<period>
			<startDate>2009-01-01</startDate>
			<endDate>2009-06-30</endDate>
		</period>
	</context>
	<context id="AsOf20090630">
		<entity>
			<identifier scheme="http://www.twse.com.tw">2206</identifier>
		</entity>
		<period>
			<instant>2009-06-30</instant>
		</period>
	</context>
	<context id="From20100101To20100630">
		<entity>
			<identifier scheme="http://www.twse.com.tw">2206</identifier>
		</entity>
		<period>
			<startDate>2010-01-01</startDate>
			<endDate>2010-06-30</endDate>
		</period>
	</context>
	<context id="AsOf20100630">
		<entity>
			<identifier scheme="http://www.twse.com.tw">2206</identifier>
		</entity>
		<period>
			<instant>2010-06-30</instant>
		</period>
	</context>
	<unit id="TWD">
		<measure>iso4217:TWD</measure>
	</unit>
	<unit id="Shares">
		<measure>xbrli:shares</measure>
	</unit>
	<unit id="EarningsPerShare">
		<divide>
			<unitNumerator>
				<measure>iso4217:TWD</measure>
			</unitNumerator>
			<unitDenominator>
				<measure>xbrli:shares</measure>
			</unitDenominator>
		</divide>
	</unit>
	<tw-gaap-ci:CashCashEquivalents contextRef="AsOf20100630" decimals="-3" unitRef="TWD">1509110000</tw-gaap-ci:CashCashEquivalents>
	<tw-gaap-ci:CashCashEquivalents contextRef="AsOf20090630" decimals="-3" unitRef="TWD">705870000</tw-gaap-ci:CashCashEquivalents>
	<tw-gaap-ci:FinancialAssetsMeasuredFairValueProfitLossCurrent contextRef="AsOf20100630" decimals="-3" unitRef="TWD">38686000</tw-gaap-ci:FinancialAssetsMeasuredFairValueProfitLossCurrent>
	<tw-gaap-ci:FinancialAssetsMeasuredFairValueProfitLossCurrent contextRef="AsOf20090630" decimals="-3" unitRef="TWD">0</tw-gaap-ci:FinancialAssetsMeasuredFairValueProfitLossCurrent>
	<tw-gaap-ci:NetAccountsReceivable contextRef="AsOf20100630" decimals="-3" unitRef="TWD">757128000</tw-gaap-ci:NetAccountsReceivable>
	<tw-gaap-ci:NetAccountsReceivable contextRef="AsOf20090630" decimals="-3" unitRef="TWD">2135988000</tw-gaap-ci:NetAccountsReceivable>
	<tw-gaap-ci:NetAccountsReceivableRelatedParties contextRef="AsOf20100630" decimals="-3" unitRef="TWD">1600213000</tw-gaap-ci:NetAccountsReceivableRelatedParties>
	<tw-gaap-ci:NetAccountsReceivableRelatedParties contextRef="AsOf20090630" decimals="-3" unitRef="TWD">1209791000</tw-gaap-ci:NetAccountsReceivableRelatedParties>
	<tw-gaap-ci:OtherFinancialAssetsCurrent contextRef="AsOf20100630" decimals="-3" unitRef="TWD">25282000</tw-gaap-ci:OtherFinancialAssetsCurrent>
	<tw-gaap-ci:OtherFinancialAssetsCurrent contextRef="AsOf20090630" decimals="-3" unitRef="TWD">15004000</tw-gaap-ci:OtherFinancialAssetsCurrent>
	<tw-gaap-ci:InventoriesManufacturing contextRef="AsOf20100630" decimals="-3" unitRef="TWD">2734547000</tw-gaap-ci:InventoriesManufacturing>
	<tw-gaap-ci:InventoriesManufacturing contextRef="AsOf20090630" decimals="-3" unitRef="TWD">2261497000</tw-gaap-ci:InventoriesManufacturing>
	<tw-gaap-ci:Inventories contextRef="AsOf20100630" decimals="-3" unitRef="TWD">2734547000</tw-gaap-ci:Inventories>
	<tw-gaap-ci:Inventories contextRef="AsOf20090630" decimals="-3" unitRef="TWD">2261497000</tw-gaap-ci:Inventories>
	<tw-gaap-ci:OtherPrepayments contextRef="AsOf20100630" decimals="-3" unitRef="TWD">1913815000</tw-gaap-ci:OtherPrepayments>
	<tw-gaap-ci:OtherPrepayments contextRef="AsOf20090630" decimals="-3" unitRef="TWD">134945000</tw-gaap-ci:OtherPrepayments>
	<tw-gaap-ci:DeferredIncomeTaxAssetsCurrent contextRef="AsOf20100630" decimals="-3" unitRef="TWD">64203000</tw-gaap-ci:DeferredIncomeTaxAssetsCurrent>
	<tw-gaap-ci:DeferredIncomeTaxAssetsCurrent contextRef="AsOf20090630" decimals="-3" unitRef="TWD">55034000</tw-gaap-ci:DeferredIncomeTaxAssetsCurrent>
	<tw-gaap-ci:OthercurrentAssetsOther contextRef="AsOf20100630" decimals="-3" unitRef="TWD">54250000</tw-gaap-ci:OthercurrentAssetsOther>
	<tw-gaap-ci:OthercurrentAssetsOther contextRef="AsOf20090630" decimals="-3" unitRef="TWD">86400000</tw-gaap-ci:OthercurrentAssetsOther>
	<tw-gaap-ci:OtherCurrentAssets contextRef="AsOf20100630" decimals="-3" unitRef="TWD">118453000</tw-gaap-ci:OtherCurrentAssets>
	<tw-gaap-ci:OtherCurrentAssets contextRef="AsOf20090630" decimals="-3" unitRef="TWD">141434000</tw-gaap-ci:OtherCurrentAssets>
	<tw-gaap-ci:CurrentAssets contextRef="AsOf20100630" decimals="-3" unitRef="TWD">8697234000</tw-gaap-ci:CurrentAssets>
	<tw-gaap-ci:CurrentAssets contextRef="AsOf20090630" decimals="-3" unitRef="TWD">6604529000</tw-gaap-ci:CurrentAssets>
	<tw-gaap-ci:AvailablesaleFinancialAssetsNonCurrent contextRef="AsOf20100630" decimals="-3" unitRef="TWD">50385000</tw-gaap-ci:AvailablesaleFinancialAssetsNonCurrent>
	<tw-gaap-ci:AvailablesaleFinancialAssetsNonCurrent contextRef="AsOf20090630" decimals="-3" unitRef="TWD">51926000</tw-gaap-ci:AvailablesaleFinancialAssetsNonCurrent>
	<tw-gaap-ci:NetFinancialAssetsCarriedCostNonCurrent contextRef="AsOf20100630" decimals="-3" unitRef="TWD">98580000</tw-gaap-ci:NetFinancialAssetsCarriedCostNonCurrent>
	<tw-gaap-ci:NetFinancialAssetsCarriedCostNonCurrent contextRef="AsOf20090630" decimals="-3" unitRef="TWD">98580000</tw-gaap-ci:NetFinancialAssetsCarriedCostNonCurrent>
	<tw-gaap-ci:NetDebtInvestmentsNoActiveMarketNonCurrent contextRef="AsOf20100630" decimals="-3" unitRef="TWD">20000000</tw-gaap-ci:NetDebtInvestmentsNoActiveMarketNonCurrent>
	<tw-gaap-ci:NetDebtInvestmentsNoActiveMarketNonCurrent contextRef="AsOf20090630" decimals="-3" unitRef="TWD">20000000</tw-gaap-ci:NetDebtInvestmentsNoActiveMarketNonCurrent>
	<tw-gaap-ci:LongtermInvestmentsEquity contextRef="AsOf20100630" decimals="-3" unitRef="TWD">12516079000</tw-gaap-ci:LongtermInvestmentsEquity>
	<tw-gaap-ci:LongtermInvestmentsEquity contextRef="AsOf20090630" decimals="-3" unitRef="TWD">11504414000</tw-gaap-ci:LongtermInvestmentsEquity>
	<tw-gaap-ci:LongtermInvestments contextRef="AsOf20100630" decimals="-3" unitRef="TWD">12516079000</tw-gaap-ci:LongtermInvestments>
	<tw-gaap-ci:LongtermInvestments contextRef="AsOf20090630" decimals="-3" unitRef="TWD">11504414000</tw-gaap-ci:LongtermInvestments>
	<tw-gaap-ci:OtherFinancialAssetsNonCurrent contextRef="AsOf20100630" decimals="-3" unitRef="TWD">264963000</tw-gaap-ci:OtherFinancialAssetsNonCurrent>
	<tw-gaap-ci:OtherFinancialAssetsNonCurrent contextRef="AsOf20090630" decimals="-3" unitRef="TWD">467159000</tw-gaap-ci:OtherFinancialAssetsNonCurrent>
	<tw-gaap-ci:FundsInvestments contextRef="AsOf20100630" decimals="-3" unitRef="TWD">12950007000</tw-gaap-ci:FundsInvestments>
	<tw-gaap-ci:FundsInvestments contextRef="AsOf20090630" decimals="-3" unitRef="TWD">12142079000</tw-gaap-ci:FundsInvestments>
	<tw-gaap-ci:Land contextRef="AsOf20100630" decimals="-3" unitRef="TWD">406728000</tw-gaap-ci:Land>
	<tw-gaap-ci:Land contextRef="AsOf20090630" decimals="-3" unitRef="TWD">406728000</tw-gaap-ci:Land>
	<tw-gaap-ci:BuildingsStructures contextRef="AsOf20100630" decimals="-3" unitRef="TWD">2486060000</tw-gaap-ci:BuildingsStructures>
	<tw-gaap-ci:BuildingsStructures contextRef="AsOf20090630" decimals="-3" unitRef="TWD">2477445000</tw-gaap-ci:BuildingsStructures>
	<tw-gaap-ci:MachineryEquipment contextRef="AsOf20100630" decimals="-3" unitRef="TWD">9164690000</tw-gaap-ci:MachineryEquipment>
	<tw-gaap-ci:MachineryEquipment contextRef="AsOf20090630" decimals="-3" unitRef="TWD">9050511000</tw-gaap-ci:MachineryEquipment>
	<tw-gaap-ci:UtilitiesEquipment contextRef="AsOf20100630" decimals="-3" unitRef="TWD">943640000</tw-gaap-ci:UtilitiesEquipment>
	<tw-gaap-ci:UtilitiesEquipment contextRef="AsOf20090630" decimals="-3" unitRef="TWD">943324000</tw-gaap-ci:UtilitiesEquipment>
	<tw-gaap-ci:OfficeEquipment contextRef="AsOf20100630" decimals="-3" unitRef="TWD">608199000</tw-gaap-ci:OfficeEquipment>
	<tw-gaap-ci:OfficeEquipment contextRef="AsOf20090630" decimals="-3" unitRef="TWD">611217000</tw-gaap-ci:OfficeEquipment>
	<tw-gaap-ci:FixedAssetsOriginalCosts contextRef="AsOf20100630" decimals="-3" unitRef="TWD">13609317000</tw-gaap-ci:FixedAssetsOriginalCosts>
	<tw-gaap-ci:FixedAssetsOriginalCosts contextRef="AsOf20090630" decimals="-3" unitRef="TWD">13489225000</tw-gaap-ci:FixedAssetsOriginalCosts>
	<tw-gaap-ci:RevaluationIncrement contextRef="AsOf20100630" decimals="-3" unitRef="TWD">2721507000</tw-gaap-ci:RevaluationIncrement>
	<tw-gaap-ci:RevaluationIncrement contextRef="AsOf20090630" decimals="-3" unitRef="TWD">2722784000</tw-gaap-ci:RevaluationIncrement>
	<tw-gaap-ci:CostsRevaluationIncrement contextRef="AsOf20100630" decimals="-3" unitRef="TWD">16330824000</tw-gaap-ci:CostsRevaluationIncrement>
	<tw-gaap-ci:CostsRevaluationIncrement contextRef="AsOf20090630" decimals="-3" unitRef="TWD">16212009000</tw-gaap-ci:CostsRevaluationIncrement>
	<tw-gaap-ci:AccumulatedDepreciation contextRef="AsOf20100630" decimals="-3" unitRef="TWD">10847420000</tw-gaap-ci:AccumulatedDepreciation>
	<tw-gaap-ci:AccumulatedDepreciation contextRef="AsOf20090630" decimals="-3" unitRef="TWD">10398709000</tw-gaap-ci:AccumulatedDepreciation>
	<tw-gaap-ci:AccumulatedImpairmentFixedAssets contextRef="AsOf20100630" decimals="-3" unitRef="TWD">89806000</tw-gaap-ci:AccumulatedImpairmentFixedAssets>
	<tw-gaap-ci:AccumulatedImpairmentFixedAssets contextRef="AsOf20090630" decimals="-3" unitRef="TWD">95657000</tw-gaap-ci:AccumulatedImpairmentFixedAssets>
	<tw-gaap-ci:ConstructionProcessPrepaymentEquipments contextRef="AsOf20100630" decimals="-3" unitRef="TWD">85586000</tw-gaap-ci:ConstructionProcessPrepaymentEquipments>
	<tw-gaap-ci:ConstructionProcessPrepaymentEquipments contextRef="AsOf20090630" decimals="-3" unitRef="TWD">105364000</tw-gaap-ci:ConstructionProcessPrepaymentEquipments>
	<tw-gaap-ci:FixedAssets contextRef="AsOf20100630" decimals="-3" unitRef="TWD">5479184000</tw-gaap-ci:FixedAssets>
	<tw-gaap-ci:FixedAssets contextRef="AsOf20090630" decimals="-3" unitRef="TWD">5823007000</tw-gaap-ci:FixedAssets>
	<tw-gaap-ci:DeferredPensionCost contextRef="AsOf20100630" decimals="-3" unitRef="TWD">180192000</tw-gaap-ci:DeferredPensionCost>
	<tw-gaap-ci:DeferredPensionCost contextRef="AsOf20090630" decimals="-3" unitRef="TWD">240255000</tw-gaap-ci:DeferredPensionCost>
	<tw-gaap-ci:IntangibleAssets contextRef="AsOf20100630" decimals="-3" unitRef="TWD">180192000</tw-gaap-ci:IntangibleAssets>
	<tw-gaap-ci:IntangibleAssets contextRef="AsOf20090630" decimals="-3" unitRef="TWD">240255000</tw-gaap-ci:IntangibleAssets>
	<tw-gaap-ci:NetRentalAssets contextRef="AsOf20100630" decimals="-3" unitRef="TWD">752827000</tw-gaap-ci:NetRentalAssets>
	<tw-gaap-ci:NetRentalAssets contextRef="AsOf20090630" decimals="-3" unitRef="TWD">756313000</tw-gaap-ci:NetRentalAssets>
	<tw-gaap-ci:NetIdledAssets contextRef="AsOf20100630" decimals="-3" unitRef="TWD">229257000</tw-gaap-ci:NetIdledAssets>
	<tw-gaap-ci:NetIdledAssets contextRef="AsOf20090630" decimals="-3" unitRef="TWD">229227000</tw-gaap-ci:NetIdledAssets>
	<tw-gaap-ci:DeferredCharges contextRef="AsOf20100630" decimals="-3" unitRef="TWD">100469000</tw-gaap-ci:DeferredCharges>
	<tw-gaap-ci:DeferredCharges contextRef="AsOf20090630" decimals="-3" unitRef="TWD">95060000</tw-gaap-ci:DeferredCharges>
	<tw-gaap-ci:DeferredIncomeTaxAssetsNonCurrent contextRef="AsOf20100630" decimals="-3" unitRef="TWD">146014000</tw-gaap-ci:DeferredIncomeTaxAssetsNonCurrent>
	<tw-gaap-ci:DeferredIncomeTaxAssetsNonCurrent contextRef="AsOf20090630" decimals="-3" unitRef="TWD">210023000</tw-gaap-ci:DeferredIncomeTaxAssetsNonCurrent>
	<tw-gaap-ci:OtherAssets contextRef="AsOf20100630" decimals="-3" unitRef="TWD">1228567000</tw-gaap-ci:OtherAssets>
	<tw-gaap-ci:OtherAssets contextRef="AsOf20090630" decimals="-3" unitRef="TWD">1290623000</tw-gaap-ci:OtherAssets>
	<tw-gaap-ci:Assets contextRef="AsOf20100630" decimals="-3" unitRef="TWD">28535184000</tw-gaap-ci:Assets>
	<tw-gaap-ci:Assets contextRef="AsOf20090630" decimals="-3" unitRef="TWD">26100493000</tw-gaap-ci:Assets>
	<tw-gaap-ci:ShortTermBorrowings contextRef="AsOf20100630" decimals="-3" unitRef="TWD">6641667000</tw-gaap-ci:ShortTermBorrowings>
	<tw-gaap-ci:ShortTermBorrowings contextRef="AsOf20090630" decimals="-3" unitRef="TWD">4532065000</tw-gaap-ci:ShortTermBorrowings>
	<tw-gaap-ci:ShorttermNotesBillsPayable contextRef="AsOf20100630" decimals="-3" unitRef="TWD">0</tw-gaap-ci:ShorttermNotesBillsPayable>
	<tw-gaap-ci:ShorttermNotesBillsPayable contextRef="AsOf20090630" decimals="-3" unitRef="TWD">100000000</tw-gaap-ci:ShorttermNotesBillsPayable>
	<tw-gaap-ci:AccountsPayable contextRef="AsOf20100630" decimals="-3" unitRef="TWD">1080158000</tw-gaap-ci:AccountsPayable>
	<tw-gaap-ci:AccountsPayable contextRef="AsOf20090630" decimals="-3" unitRef="TWD">783449000</tw-gaap-ci:AccountsPayable>
	<tw-gaap-ci:AccountsPayableRelatedParties contextRef="AsOf20100630" decimals="-3" unitRef="TWD">500704000</tw-gaap-ci:AccountsPayableRelatedParties>
	<tw-gaap-ci:AccountsPayableRelatedParties contextRef="AsOf20090630" decimals="-3" unitRef="TWD">364022000</tw-gaap-ci:AccountsPayableRelatedParties>
	<tw-gaap-ci:IncomeTaxPayable contextRef="AsOf20100630" decimals="-3" unitRef="TWD">0</tw-gaap-ci:IncomeTaxPayable>
	<tw-gaap-ci:IncomeTaxPayable contextRef="AsOf20090630" decimals="-3" unitRef="TWD">23274000</tw-gaap-ci:IncomeTaxPayable>
	<tw-gaap-ci:AccruedExpenses contextRef="AsOf20100630" decimals="-3" unitRef="TWD">644071000</tw-gaap-ci:AccruedExpenses>
	<tw-gaap-ci:AccruedExpenses contextRef="AsOf20090630" decimals="-3" unitRef="TWD">484725000</tw-gaap-ci:AccruedExpenses>
	<tw-gaap-ci:OtherPayablesRelatedParties contextRef="AsOf20100630" decimals="-3" unitRef="TWD">0</tw-gaap-ci:OtherPayablesRelatedParties>
	<tw-gaap-ci:OtherPayablesRelatedParties contextRef="AsOf20090630" decimals="-3" unitRef="TWD">330015000</tw-gaap-ci:OtherPayablesRelatedParties>
	<tw-gaap-ci:AdvanceReceipts contextRef="AsOf20100630" decimals="-3" unitRef="TWD">242122000</tw-gaap-ci:AdvanceReceipts>
	<tw-gaap-ci:AdvanceReceipts contextRef="AsOf20090630" decimals="-3" unitRef="TWD">141964000</tw-gaap-ci:AdvanceReceipts>
	<tw-gaap-ci:LongtermLiabilitiesCurrentPortion contextRef="AsOf20100630" decimals="-3" unitRef="TWD">1310000000</tw-gaap-ci:LongtermLiabilitiesCurrentPortion>
	<tw-gaap-ci:LongtermLiabilitiesCurrentPortion contextRef="AsOf20090630" decimals="-3" unitRef="TWD">222220000</tw-gaap-ci:LongtermLiabilitiesCurrentPortion>
	<tw-gaap-ci:OtherCurrentLiabilities contextRef="AsOf20100630" decimals="-3" unitRef="TWD">133310000</tw-gaap-ci:OtherCurrentLiabilities>
	<tw-gaap-ci:OtherCurrentLiabilities contextRef="AsOf20090630" decimals="-3" unitRef="TWD">117124000</tw-gaap-ci:OtherCurrentLiabilities>
	<tw-gaap-ci:CurrentLiabilities contextRef="AsOf20100630" decimals="-3" unitRef="TWD">10552032000</tw-gaap-ci:CurrentLiabilities>
	<tw-gaap-ci:CurrentLiabilities contextRef="AsOf20090630" decimals="-3" unitRef="TWD">7098858000</tw-gaap-ci:CurrentLiabilities>
	<tw-gaap-ci:LongtermBorrowings contextRef="AsOf20100630" decimals="-3" unitRef="TWD">1355000000</tw-gaap-ci:LongtermBorrowings>
	<tw-gaap-ci:LongtermBorrowings contextRef="AsOf20090630" decimals="-3" unitRef="TWD">2687220000</tw-gaap-ci:LongtermBorrowings>
	<tw-gaap-ci:LongTermLiabilities contextRef="AsOf20100630" decimals="-3" unitRef="TWD">1355000000</tw-gaap-ci:LongTermLiabilities>
	<tw-gaap-ci:LongTermLiabilities contextRef="AsOf20090630" decimals="-3" unitRef="TWD">2687220000</tw-gaap-ci:LongTermLiabilities>
	<tw-gaap-ci:ReserveLandRevaluationIncrementTax contextRef="AsOf20100630" decimals="-3" unitRef="TWD">1145658000</tw-gaap-ci:ReserveLandRevaluationIncrementTax>
	<tw-gaap-ci:ReserveLandRevaluationIncrementTax contextRef="AsOf20090630" decimals="-3" unitRef="TWD">1145658000</tw-gaap-ci:ReserveLandRevaluationIncrementTax>
	<tw-gaap-ci:Reserves contextRef="AsOf20100630" decimals="-3" unitRef="TWD">1145658000</tw-gaap-ci:Reserves>
	<tw-gaap-ci:Reserves contextRef="AsOf20090630" decimals="-3" unitRef="TWD">1145658000</tw-gaap-ci:Reserves>
	<tw-gaap-ci:PensionReserve contextRef="AsOf20100630" decimals="-3" unitRef="TWD">1475898000</tw-gaap-ci:PensionReserve>
	<tw-gaap-ci:PensionReserve contextRef="AsOf20090630" decimals="-3" unitRef="TWD">1375555000</tw-gaap-ci:PensionReserve>
	<tw-gaap-ci:GuaranteeDepositsReceived contextRef="AsOf20100630" decimals="-3" unitRef="TWD">33516000</tw-gaap-ci:GuaranteeDepositsReceived>
	<tw-gaap-ci:GuaranteeDepositsReceived contextRef="AsOf20090630" decimals="-3" unitRef="TWD">34926000</tw-gaap-ci:GuaranteeDepositsReceived>
	<tw-gaap-ci:OtherLiabilitiesOther contextRef="AsOf20100630" decimals="-3" unitRef="TWD">47087000</tw-gaap-ci:OtherLiabilitiesOther>
	<tw-gaap-ci:OtherLiabilitiesOther contextRef="AsOf20090630" decimals="-3" unitRef="TWD">66478000</tw-gaap-ci:OtherLiabilitiesOther>
	<tw-gaap-ci:OtherLiabilities contextRef="AsOf20100630" decimals="-3" unitRef="TWD">1556501000</tw-gaap-ci:OtherLiabilities>
	<tw-gaap-ci:OtherLiabilities contextRef="AsOf20090630" decimals="-3" unitRef="TWD">1476959000</tw-gaap-ci:OtherLiabilities>
	<tw-gaap-ci:Liabilities contextRef="AsOf20100630" decimals="-3" unitRef="TWD">14609191000</tw-gaap-ci:Liabilities>
	<tw-gaap-ci:Liabilities contextRef="AsOf20090630" decimals="-3" unitRef="TWD">12408695000</tw-gaap-ci:Liabilities>
	<tw-gaap-ci:CommonStock contextRef="AsOf20100630" decimals="-3" unitRef="TWD">8456385000</tw-gaap-ci:CommonStock>
	<tw-gaap-ci:CommonStock contextRef="AsOf20090630" decimals="-3" unitRef="TWD">8456385000</tw-gaap-ci:CommonStock>
	<tw-gaap-ci:Capital contextRef="AsOf20100630" decimals="-3" unitRef="TWD">8456385000</tw-gaap-ci:Capital>
	<tw-gaap-ci:Capital contextRef="AsOf20090630" decimals="-3" unitRef="TWD">8456385000</tw-gaap-ci:Capital>
	<tw-gaap-ci:CapitalSurplusTreasuryStockTransactions contextRef="AsOf20100630" decimals="-3" unitRef="TWD">61892000</tw-gaap-ci:CapitalSurplusTreasuryStockTransactions>
	<tw-gaap-ci:CapitalSurplusTreasuryStockTransactions contextRef="AsOf20090630" decimals="-3" unitRef="TWD">44506000</tw-gaap-ci:CapitalSurplusTreasuryStockTransactions>
	<tw-gaap-ci:CapitalSurplusLongTermEquityInvestments contextRef="AsOf20100630" decimals="-3" unitRef="TWD">2111171000</tw-gaap-ci:CapitalSurplusLongTermEquityInvestments>
	<tw-gaap-ci:CapitalSurplusLongTermEquityInvestments contextRef="AsOf20090630" decimals="-3" unitRef="TWD">2270955000</tw-gaap-ci:CapitalSurplusLongTermEquityInvestments>
	<tw-gaap-ci:CapitalSurplus contextRef="AsOf20100630" decimals="-3" unitRef="TWD">2173063000</tw-gaap-ci:CapitalSurplus>
	<tw-gaap-ci:CapitalSurplus contextRef="AsOf20090630" decimals="-3" unitRef="TWD">2315461000</tw-gaap-ci:CapitalSurplus>
	<tw-gaap-ci:LegalReserve contextRef="AsOf20100630" decimals="-3" unitRef="TWD">1562636000</tw-gaap-ci:LegalReserve>
	<tw-gaap-ci:LegalReserve contextRef="AsOf20090630" decimals="-3" unitRef="TWD">1548171000</tw-gaap-ci:LegalReserve>
	<tw-gaap-ci:SpecialReserve contextRef="AsOf20100630" decimals="-3" unitRef="TWD">1125135000</tw-gaap-ci:SpecialReserve>
	<tw-gaap-ci:SpecialReserve contextRef="AsOf20090630" decimals="-3" unitRef="TWD">720949000</tw-gaap-ci:SpecialReserve>
	<tw-gaap-ci:UnappropriatedRetainedEarnings contextRef="AsOf20100630" decimals="-3" unitRef="TWD">316574000</tw-gaap-ci:UnappropriatedRetainedEarnings>
	<tw-gaap-ci:UnappropriatedRetainedEarnings contextRef="AsOf20090630" decimals="-3" unitRef="TWD">-87462000</tw-gaap-ci:UnappropriatedRetainedEarnings>
	<tw-gaap-ci:RetainedEarnings contextRef="AsOf20100630" decimals="-3" unitRef="TWD">3004345000</tw-gaap-ci:RetainedEarnings>
	<tw-gaap-ci:RetainedEarnings contextRef="AsOf20090630" decimals="-3" unitRef="TWD">2181658000</tw-gaap-ci:RetainedEarnings>
	<tw-gaap-ci:CumulativeTranslationAdjustments contextRef="AsOf20100630" decimals="-3" unitRef="TWD">-667597000</tw-gaap-ci:CumulativeTranslationAdjustments>
	<tw-gaap-ci:CumulativeTranslationAdjustments contextRef="AsOf20090630" decimals="-3" unitRef="TWD">-205154000</tw-gaap-ci:CumulativeTranslationAdjustments>
	<tw-gaap-ci:NetLossNotRecognizedPensionCost contextRef="AsOf20100630" decimals="-3" unitRef="TWD">-464186000</tw-gaap-ci:NetLossNotRecognizedPensionCost>
	<tw-gaap-ci:NetLossNotRecognizedPensionCost contextRef="AsOf20090630" decimals="-3" unitRef="TWD">-371976000</tw-gaap-ci:NetLossNotRecognizedPensionCost>
	<tw-gaap-ci:UnrealizedGainLossesAvailableSaleFinancialAssetsMember contextRef="From20100101To20100630" decimals="-3" unitRef="TWD">-72598000</tw-gaap-ci:UnrealizedGainLossesAvailableSaleFinancialAssetsMember>
	<tw-gaap-ci:UnrealizedGainLossesAvailableSaleFinancialAssetsMember contextRef="From20090101To20090630" decimals="-3" unitRef="TWD">-100618000</tw-gaap-ci:UnrealizedGainLossesAvailableSaleFinancialAssetsMember>
	<tw-gaap-ci:UnrealizedGainsLossesFinancialInstruments contextRef="AsOf20100630" decimals="-3" unitRef="TWD">-72598000</tw-gaap-ci:UnrealizedGainsLossesFinancialInstruments>
	<tw-gaap-ci:UnrealizedGainsLossesFinancialInstruments contextRef="AsOf20090630" decimals="-3" unitRef="TWD">-100618000</tw-gaap-ci:UnrealizedGainsLossesFinancialInstruments>
	<tw-gaap-ci:UnrealizedRevaluationIncrement contextRef="AsOf20100630" decimals="-3" unitRef="TWD">1598944000</tw-gaap-ci:UnrealizedRevaluationIncrement>
	<tw-gaap-ci:UnrealizedRevaluationIncrement contextRef="AsOf20090630" decimals="-3" unitRef="TWD">1598944000</tw-gaap-ci:UnrealizedRevaluationIncrement>
	<tw-gaap-ci:TreasuryStock contextRef="AsOf20100630" decimals="-3" unitRef="TWD">102363000</tw-gaap-ci:TreasuryStock>
	<tw-gaap-ci:TreasuryStock contextRef="AsOf20090630" decimals="-3" unitRef="TWD">182902000</tw-gaap-ci:TreasuryStock>
	<tw-gaap-ci:StockholdersEquitiesAdjustments contextRef="AsOf20100630" decimals="-3" unitRef="TWD">292200000</tw-gaap-ci:StockholdersEquitiesAdjustments>
	<tw-gaap-ci:StockholdersEquitiesAdjustments contextRef="AsOf20090630" decimals="-3" unitRef="TWD">738294000</tw-gaap-ci:StockholdersEquitiesAdjustments>
	<tw-gaap-ci:StockholdersEquities contextRef="AsOf20100630" decimals="-3" unitRef="TWD">13925993000</tw-gaap-ci:StockholdersEquities>
	<tw-gaap-ci:StockholdersEquities contextRef="AsOf20090630" decimals="-3" unitRef="TWD">13691798000</tw-gaap-ci:StockholdersEquities>
	<tw-gaap-ci:EquivalentSharesOutstandingAdvanceReceiptsCommonStock contextRef="AsOf20100630" decimals="0" unitRef="Shares">0</tw-gaap-ci:EquivalentSharesOutstandingAdvanceReceiptsCommonStock>
	<tw-gaap-ci:EquivalentSharesOutstandingAdvanceReceiptsCommonStock contextRef="AsOf20090630" decimals="0" unitRef="Shares">0</tw-gaap-ci:EquivalentSharesOutstandingAdvanceReceiptsCommonStock>
	<tw-gaap-ci:NumberTreasuryStockAcquiredCompanySubsidiaries contextRef="AsOf20100630" decimals="0" unitRef="Shares">22013539</tw-gaap-ci:NumberTreasuryStockAcquiredCompanySubsidiaries>
	<tw-gaap-ci:NumberTreasuryStockAcquiredCompanySubsidiaries contextRef="AsOf20090630" decimals="0" unitRef="Shares">29153539</tw-gaap-ci:NumberTreasuryStockAcquiredCompanySubsidiaries>
	<tw-gaap-ci:Sales contextRef="From20100101To20100630" decimals="-3" unitRef="TWD">9305529000</tw-gaap-ci:Sales>
	<tw-gaap-ci:Sales contextRef="From20090101To20090630" decimals="-3" unitRef="TWD">9744468000</tw-gaap-ci:Sales>
	<tw-gaap-ci:SalesReturns contextRef="From20100101To20100630" decimals="-3" unitRef="TWD">13451000</tw-gaap-ci:SalesReturns>
	<tw-gaap-ci:SalesReturns contextRef="From20090101To20090630" decimals="-3" unitRef="TWD">10755000</tw-gaap-ci:SalesReturns>
	<tw-gaap-ci:SalesDiscountsAllowances contextRef="From20100101To20100630" decimals="-3" unitRef="TWD">105775000</tw-gaap-ci:SalesDiscountsAllowances>
	<tw-gaap-ci:SalesDiscountsAllowances contextRef="From20090101To20090630" decimals="-3" unitRef="TWD">363598000</tw-gaap-ci:SalesDiscountsAllowances>
	<tw-gaap-ci:NetSales contextRef="From20100101To20100630" decimals="-3" unitRef="TWD">9186303000</tw-gaap-ci:NetSales>
	<tw-gaap-ci:NetSales contextRef="From20090101To20090630" decimals="-3" unitRef="TWD">9370115000</tw-gaap-ci:NetSales>
	<tw-gaap-ci:TotalServiceRevenue contextRef="From20100101To20100630" decimals="-3" unitRef="TWD">155807000</tw-gaap-ci:TotalServiceRevenue>
	<tw-gaap-ci:TotalServiceRevenue contextRef="From20090101To20090630" decimals="-3" unitRef="TWD">120500000</tw-gaap-ci:TotalServiceRevenue>
	<tw-gaap-ci:OperatingRevenue contextRef="From20100101To20100630" decimals="-3" unitRef="TWD">9342110000</tw-gaap-ci:OperatingRevenue>
	<tw-gaap-ci:OperatingRevenue contextRef="From20090101To20090630" decimals="-3" unitRef="TWD">9490615000</tw-gaap-ci:OperatingRevenue>
	<tw-gaap-ci:CostSales contextRef="From20100101To20100630" decimals="-3" unitRef="TWD">7453890000</tw-gaap-ci:CostSales>
	<tw-gaap-ci:CostSales contextRef="From20090101To20090630" decimals="-3" unitRef="TWD">8317070000</tw-gaap-ci:CostSales>
	<tw-gaap-ci:TotalCostServices contextRef="From20100101To20100630" decimals="-3" unitRef="TWD">5568000</tw-gaap-ci:TotalCostServices>
	<tw-gaap-ci:TotalCostServices contextRef="From20090101To20090630" decimals="-3" unitRef="TWD">6963000</tw-gaap-ci:TotalCostServices>
	<tw-gaap-ci:OperatingCosts contextRef="From20100101To20100630" decimals="-3" unitRef="TWD">7459458000</tw-gaap-ci:OperatingCosts>
	<tw-gaap-ci:OperatingCosts contextRef="From20090101To20090630" decimals="-3" unitRef="TWD">8324033000</tw-gaap-ci:OperatingCosts>
	<tw-gaap-ci:GrossProfitLossOperations contextRef="From20100101To20100630" decimals="-3" unitRef="TWD">1882652000</tw-gaap-ci:GrossProfitLossOperations>
	<tw-gaap-ci:GrossProfitLossOperations contextRef="From20090101To20090630" decimals="-3" unitRef="TWD">1166582000</tw-gaap-ci:GrossProfitLossOperations>
	<tw-gaap-ci:RealizedGainInterAffiliateAccounts contextRef="From20100101To20100630" decimals="-3" unitRef="TWD">20501000</tw-gaap-ci:RealizedGainInterAffiliateAccounts>
	<tw-gaap-ci:RealizedGainInterAffiliateAccounts contextRef="From20090101To20090630" decimals="-3" unitRef="TWD">-49729000</tw-gaap-ci:RealizedGainInterAffiliateAccounts>
	<tw-gaap-ci:Sellingexpense contextRef="From20100101To20100630" decimals="-3" unitRef="TWD">1189590000</tw-gaap-ci:Sellingexpense>
	<tw-gaap-ci:Sellingexpense contextRef="From20090101To20090630" decimals="-3" unitRef="TWD">771340000</tw-gaap-ci:Sellingexpense>
	<tw-gaap-ci:GeneralAdministrativeExpenses contextRef="From20100101To20100630" decimals="-3" unitRef="TWD">383260000</tw-gaap-ci:GeneralAdministrativeExpenses>
	<tw-gaap-ci:GeneralAdministrativeExpenses contextRef="From20090101To20090630" decimals="-3" unitRef="TWD">378752000</tw-gaap-ci:GeneralAdministrativeExpenses>
	<tw-gaap-ci:ResearchDevelopmentExpenses contextRef="From20100101To20100630" decimals="-3" unitRef="TWD">414993000</tw-gaap-ci:ResearchDevelopmentExpenses>
	<tw-gaap-ci:ResearchDevelopmentExpenses contextRef="From20090101To20090630" decimals="-3" unitRef="TWD">454165000</tw-gaap-ci:ResearchDevelopmentExpenses>
	<tw-gaap-ci:OperatingExpenses contextRef="From20100101To20100630" decimals="-3" unitRef="TWD">1987843000</tw-gaap-ci:OperatingExpenses>
	<tw-gaap-ci:OperatingExpenses contextRef="From20090101To20090630" decimals="-3" unitRef="TWD">1604257000</tw-gaap-ci:OperatingExpenses>
	<tw-gaap-ci:OperatingIncomeLoss contextRef="From20100101To20100630" decimals="-3" unitRef="TWD">-84690000</tw-gaap-ci:OperatingIncomeLoss>
	<tw-gaap-ci:OperatingIncomeLoss contextRef="From20090101To20090630" decimals="-3" unitRef="TWD">-487404000</tw-gaap-ci:OperatingIncomeLoss>
	<tw-gaap-ci:InterestIncome contextRef="From20100101To20100630" decimals="-3" unitRef="TWD">7349000</tw-gaap-ci:InterestIncome>
	<tw-gaap-ci:InterestIncome contextRef="From20090101To20090630" decimals="-3" unitRef="TWD">7125000</tw-gaap-ci:InterestIncome>
	<tw-gaap-ci:InvestmentGainsRecognizedEquityMethod contextRef="From20100101To20100630" decimals="-3" unitRef="TWD">521881000</tw-gaap-ci:InvestmentGainsRecognizedEquityMethod>
	<tw-gaap-ci:InvestmentGainsRecognizedEquityMethod contextRef="From20090101To20090630" decimals="-3" unitRef="TWD">168005000</tw-gaap-ci:InvestmentGainsRecognizedEquityMethod>
	<tw-gaap-ci:DividendIncome contextRef="From20100101To20100630" decimals="-3" unitRef="TWD">2162000</tw-gaap-ci:DividendIncome>
	<tw-gaap-ci:DividendIncome contextRef="From20090101To20090630" decimals="-3" unitRef="TWD">20841000</tw-gaap-ci:DividendIncome>
	<tw-gaap-ci:InvestmentGains contextRef="From20100101To20100630" decimals="-3" unitRef="TWD">524043000</tw-gaap-ci:InvestmentGains>
	<tw-gaap-ci:InvestmentGains contextRef="From20090101To20090630" decimals="-3" unitRef="TWD">188846000</tw-gaap-ci:InvestmentGains>
	<tw-gaap-ci:GainsDisposalFixedAssets contextRef="From20100101To20100630" decimals="-3" unitRef="TWD">12173000</tw-gaap-ci:GainsDisposalFixedAssets>
	<tw-gaap-ci:GainsDisposalFixedAssets contextRef="From20090101To20090630" decimals="-3" unitRef="TWD">0</tw-gaap-ci:GainsDisposalFixedAssets>
	<tw-gaap-ci:ForeignExchangeGains contextRef="From20100101To20100630" decimals="-3" unitRef="TWD">0</tw-gaap-ci:ForeignExchangeGains>
	<tw-gaap-ci:ForeignExchangeGains contextRef="From20090101To20090630" decimals="-3" unitRef="TWD">36152000</tw-gaap-ci:ForeignExchangeGains>
	<tw-gaap-ci:RentIncome contextRef="From20100101To20100630" decimals="-3" unitRef="TWD">11804000</tw-gaap-ci:RentIncome>
	<tw-gaap-ci:RentIncome contextRef="From20090101To20090630" decimals="-3" unitRef="TWD">11933000</tw-gaap-ci:RentIncome>
	<tw-gaap-ci:RevaluationGainFinancialAssets contextRef="From20100101To20100630" decimals="-3" unitRef="TWD">41018000</tw-gaap-ci:RevaluationGainFinancialAssets>
	<tw-gaap-ci:RevaluationGainFinancialAssets contextRef="From20090101To20090630" decimals="-3" unitRef="TWD">0</tw-gaap-ci:RevaluationGainFinancialAssets>
	<tw-gaap-ci:MiscellaneousIncome contextRef="From20100101To20100630" decimals="-3" unitRef="TWD">11297000</tw-gaap-ci:MiscellaneousIncome>
	<tw-gaap-ci:MiscellaneousIncome contextRef="From20090101To20090630" decimals="-3" unitRef="TWD">11697000</tw-gaap-ci:MiscellaneousIncome>
	<tw-gaap-ci:NonOperatingIncomeGains contextRef="From20100101To20100630" decimals="-3" unitRef="TWD">607684000</tw-gaap-ci:NonOperatingIncomeGains>
	<tw-gaap-ci:NonOperatingIncomeGains contextRef="From20090101To20090630" decimals="-3" unitRef="TWD">255753000</tw-gaap-ci:NonOperatingIncomeGains>
	<tw-gaap-ci:InterestExpense contextRef="From20100101To20100630" decimals="-3" unitRef="TWD">94288000</tw-gaap-ci:InterestExpense>
	<tw-gaap-ci:InterestExpense contextRef="From20090101To20090630" decimals="-3" unitRef="TWD">123686000</tw-gaap-ci:InterestExpense>
	<tw-gaap-ci:LossDisposalFixedAssets contextRef="From20100101To20100630" decimals="-3" unitRef="TWD">0</tw-gaap-ci:LossDisposalFixedAssets>
	<tw-gaap-ci:LossDisposalFixedAssets contextRef="From20090101To20090630" decimals="-3" unitRef="TWD">856000</tw-gaap-ci:LossDisposalFixedAssets>
	<tw-gaap-ci:ForeignExchangeLosses contextRef="From20100101To20100630" decimals="-3" unitRef="TWD">101197000</tw-gaap-ci:ForeignExchangeLosses>
	<tw-gaap-ci:ForeignExchangeLosses contextRef="From20090101To20090630" decimals="-3" unitRef="TWD">0</tw-gaap-ci:ForeignExchangeLosses>
	<tw-gaap-ci:MiscellaneousDisbursements contextRef="From20100101To20100630" decimals="-3" unitRef="TWD">7364000</tw-gaap-ci:MiscellaneousDisbursements>
	<tw-gaap-ci:MiscellaneousDisbursements contextRef="From20090101To20090630" decimals="-3" unitRef="TWD">7514000</tw-gaap-ci:MiscellaneousDisbursements>
	<tw-gaap-ci:NonOperatingExpenses contextRef="From20100101To20100630" decimals="-3" unitRef="TWD">202849000</tw-gaap-ci:NonOperatingExpenses>
	<tw-gaap-ci:NonOperatingExpenses contextRef="From20090101To20090630" decimals="-3" unitRef="TWD">132056000</tw-gaap-ci:NonOperatingExpenses>
	<tw-gaap-ci:IncomeContinuingOperationsBeforeIncomeTax contextRef="From20100101To20100630" decimals="-3" unitRef="TWD">320145000</tw-gaap-ci:IncomeContinuingOperationsBeforeIncomeTax>
	<tw-gaap-ci:IncomeContinuingOperationsBeforeIncomeTax contextRef="From20090101To20090630" decimals="-3" unitRef="TWD">-363707000</tw-gaap-ci:IncomeContinuingOperationsBeforeIncomeTax>
	<tw-gaap-ci:IncomeTaxExpenseBenefit contextRef="From20100101To20100630" decimals="-3" unitRef="TWD">3571000</tw-gaap-ci:IncomeTaxExpenseBenefit>
	<tw-gaap-ci:IncomeTaxExpenseBenefit contextRef="From20090101To20090630" decimals="-3" unitRef="TWD">-2244000</tw-gaap-ci:IncomeTaxExpenseBenefit>
	<tw-gaap-ci:IncomeContinuingOperations contextRef="From20100101To20100630" decimals="-3" unitRef="TWD">316574000</tw-gaap-ci:IncomeContinuingOperations>
	<tw-gaap-ci:IncomeContinuingOperations contextRef="From20090101To20090630" decimals="-3" unitRef="TWD">-361463000</tw-gaap-ci:IncomeContinuingOperations>
	<tw-gaap-ci:NetIncomeLoss contextRef="From20100101To20100630" decimals="-3" unitRef="TWD">316574000</tw-gaap-ci:NetIncomeLoss>
	<tw-gaap-ci:NetIncomeLoss contextRef="From20090101To20090630" decimals="-3" unitRef="TWD">-361463000</tw-gaap-ci:NetIncomeLoss>
	<tw-gaap-ci:PrimaryEarningsPerShareIncomeLossContinuingOperations contextRef="From20100101To20100630" decimals="2" unitRef="TWD">0.38</tw-gaap-ci:PrimaryEarningsPerShareIncomeLossContinuingOperations>
	<tw-gaap-ci:PrimaryEarningsPerShareIncomeLossContinuingOperations contextRef="From20090101To20090630" decimals="2" unitRef="TWD">-0.44</tw-gaap-ci:PrimaryEarningsPerShareIncomeLossContinuingOperations>
	<tw-gaap-ci:PrimaryEarningsPerShare contextRef="From20100101To20100630" decimals="2" unitRef="TWD">0.38</tw-gaap-ci:PrimaryEarningsPerShare>
	<tw-gaap-ci:PrimaryEarningsPerShare contextRef="From20090101To20090630" decimals="2" unitRef="TWD">-0.44</tw-gaap-ci:PrimaryEarningsPerShare>
	<tw-gaap-ci:NetIncomeLoss_StatementCashFlows contextRef="From20100101To20100630" decimals="-3" unitRef="TWD">316574000</tw-gaap-ci:NetIncomeLoss_StatementCashFlows>
	<tw-gaap-ci:NetIncomeLoss_StatementCashFlows contextRef="From20090101To20090630" decimals="-3" unitRef="TWD">-361463000</tw-gaap-ci:NetIncomeLoss_StatementCashFlows>
	<tw-gaap-ci:DepreciationExpense-Operating contextRef="From20100101To20100630" decimals="-3" unitRef="TWD">356508000</tw-gaap-ci:DepreciationExpense-Operating>
	<tw-gaap-ci:DepreciationExpense-Operating contextRef="From20090101To20090630" decimals="-3" unitRef="TWD">372423000</tw-gaap-ci:DepreciationExpense-Operating>
	<tw-gaap-ci:AmortizationExpense-Operating contextRef="From20100101To20100630" decimals="-3" unitRef="TWD">18922000</tw-gaap-ci:AmortizationExpense-Operating>
	<tw-gaap-ci:AmortizationExpense-Operating contextRef="From20090101To20090630" decimals="-3" unitRef="TWD">21878000</tw-gaap-ci:AmortizationExpense-Operating>
	<tw-gaap-ci:GainLossInventoryValuationObsolescenceRecoverie contextRef="From20100101To20100630" decimals="-3" unitRef="TWD">4228000</tw-gaap-ci:GainLossInventoryValuationObsolescenceRecoverie>
	<tw-gaap-ci:GainLossInventoryValuationObsolescenceRecoverie contextRef="From20090101To20090630" decimals="-3" unitRef="TWD">18802000</tw-gaap-ci:GainLossInventoryValuationObsolescenceRecoverie>
	<tw-gaap-ci:InventoryOverShort contextRef="From20100101To20100630" decimals="-3" unitRef="TWD">221000</tw-gaap-ci:InventoryOverShort>
	<tw-gaap-ci:InventoryOverShort contextRef="From20090101To20090630" decimals="-3" unitRef="TWD">-830000</tw-gaap-ci:InventoryOverShort>
	<tw-gaap-ci:InvestmentLossIncomeRecognizedEquityMethod contextRef="From20100101To20100630" decimals="-3" unitRef="TWD">-521881000</tw-gaap-ci:InvestmentLossIncomeRecognizedEquityMethod>
	<tw-gaap-ci:InvestmentLossIncomeRecognizedEquityMethod contextRef="From20090101To20090630" decimals="-3" unitRef="TWD">-168005000</tw-gaap-ci:InvestmentLossIncomeRecognizedEquityMethod>
	<tw-gaap-ci:CashDividendsReceivedEquityMethodInvestees contextRef="From20100101To20100630" decimals="-3" unitRef="TWD">0</tw-gaap-ci:CashDividendsReceivedEquityMethodInvestees>
	<tw-gaap-ci:CashDividendsReceivedEquityMethodInvestees contextRef="From20090101To20090630" decimals="-3" unitRef="TWD">101915000</tw-gaap-ci:CashDividendsReceivedEquityMethodInvestees>
	<tw-gaap-ci:GainLossDisposalScrappingFixedAssets contextRef="From20100101To20100630" decimals="-3" unitRef="TWD">-12173000</tw-gaap-ci:GainLossDisposalScrappingFixedAssets>
	<tw-gaap-ci:GainLossDisposalScrappingFixedAssets contextRef="From20090101To20090630" decimals="-3" unitRef="TWD">856000</tw-gaap-ci:GainLossDisposalScrappingFixedAssets>
	<tw-gaap-ci:UnrealizedRevaluationGainFinancialAssetsLiabilities contextRef="From20100101To20100630" decimals="-3" unitRef="TWD">-41018000</tw-gaap-ci:UnrealizedRevaluationGainFinancialAssetsLiabilities>
	<tw-gaap-ci:UnrealizedRevaluationGainFinancialAssetsLiabilities contextRef="From20090101To20090630" decimals="-3" unitRef="TWD">0</tw-gaap-ci:UnrealizedRevaluationGainFinancialAssetsLiabilities>
	<tw-gaap-ci:UnrealizedGainInteraffiliateAccounts_StatementCashFlows contextRef="From20100101To20100630" decimals="-3" unitRef="TWD">-20501000</tw-gaap-ci:UnrealizedGainInteraffiliateAccounts_StatementCashFlows>
	<tw-gaap-ci:UnrealizedGainInteraffiliateAccounts_StatementCashFlows contextRef="From20090101To20090630" decimals="-3" unitRef="TWD">49729000</tw-gaap-ci:UnrealizedGainInteraffiliateAccounts_StatementCashFlows>
	<tw-gaap-ci:AdjustmentsReconcileNetIncomeNetCashProvidedUsedOperatingActivities contextRef="From20100101To20100630" decimals="-3" unitRef="TWD">-215694000</tw-gaap-ci:AdjustmentsReconcileNetIncomeNetCashProvidedUsedOperatingActivities>
	<tw-gaap-ci:AdjustmentsReconcileNetIncomeNetCashProvidedUsedOperatingActivities contextRef="From20090101To20090630" decimals="-3" unitRef="TWD">396768000</tw-gaap-ci:AdjustmentsReconcileNetIncomeNetCashProvidedUsedOperatingActivities>
	<tw-gaap-ci:ChangesAccountsReceivable contextRef="From20100101To20100630" decimals="-3" unitRef="TWD">744669000</tw-gaap-ci:ChangesAccountsReceivable>
	<tw-gaap-ci:ChangesAccountsReceivable contextRef="From20090101To20090630" decimals="-3" unitRef="TWD">-1579161000</tw-gaap-ci:ChangesAccountsReceivable>
	<tw-gaap-ci:ChangesAccountsReceivableRelatedParties contextRef="From20100101To20100630" decimals="-3" unitRef="TWD">-604796000</tw-gaap-ci:ChangesAccountsReceivableRelatedParties>
	<tw-gaap-ci:ChangesAccountsReceivableRelatedParties contextRef="From20090101To20090630" decimals="-3" unitRef="TWD">-599096000</tw-gaap-ci:ChangesAccountsReceivableRelatedParties>
	<tw-gaap-ci:ChangesInventories contextRef="From20100101To20100630" decimals="-3" unitRef="TWD">-1542557000</tw-gaap-ci:ChangesInventories>
	<tw-gaap-ci:ChangesInventories contextRef="From20090101To20090630" decimals="-3" unitRef="TWD">2246089000</tw-gaap-ci:ChangesInventories>
	<tw-gaap-ci:ChangesOtherPrepayments contextRef="From20100101To20100630" decimals="-3" unitRef="TWD">-1821619000</tw-gaap-ci:ChangesOtherPrepayments>
	<tw-gaap-ci:ChangesOtherPrepayments contextRef="From20090101To20090630" decimals="-3" unitRef="TWD">181154000</tw-gaap-ci:ChangesOtherPrepayments>
	<tw-gaap-ci:ChangesOtherCurrentAssets_CI contextRef="From20100101To20100630" decimals="-3" unitRef="TWD">182555000</tw-gaap-ci:ChangesOtherCurrentAssets_CI>
	<tw-gaap-ci:ChangesOtherCurrentAssets_CI contextRef="From20090101To20090630" decimals="-3" unitRef="TWD">23676000</tw-gaap-ci:ChangesOtherCurrentAssets_CI>
	<tw-gaap-ci:ChangesOtherFinancialAssets_CI contextRef="From20100101To20100630" decimals="-3" unitRef="TWD">76954000</tw-gaap-ci:ChangesOtherFinancialAssets_CI>
	<tw-gaap-ci:ChangesOtherFinancialAssets_CI contextRef="From20090101To20090630" decimals="-3" unitRef="TWD">106899000</tw-gaap-ci:ChangesOtherFinancialAssets_CI>
	<tw-gaap-ci:ChangesDeferredTaxAssets contextRef="From20100101To20100630" decimals="-3" unitRef="TWD">19068000</tw-gaap-ci:ChangesDeferredTaxAssets>
	<tw-gaap-ci:ChangesDeferredTaxAssets contextRef="From20090101To20090630" decimals="-3" unitRef="TWD">-3318000</tw-gaap-ci:ChangesDeferredTaxAssets>
	<tw-gaap-ci:ChangesOperatingAssets contextRef="From20100101To20100630" decimals="-3" unitRef="TWD">-2945726000</tw-gaap-ci:ChangesOperatingAssets>
	<tw-gaap-ci:ChangesOperatingAssets contextRef="From20090101To20090630" decimals="-3" unitRef="TWD">376243000</tw-gaap-ci:ChangesOperatingAssets>
	<tw-gaap-ci:ChangesAccountsPayable contextRef="From20100101To20100630" decimals="-3" unitRef="TWD">217313000</tw-gaap-ci:ChangesAccountsPayable>
	<tw-gaap-ci:ChangesAccountsPayable contextRef="From20090101To20090630" decimals="-3" unitRef="TWD">-126091000</tw-gaap-ci:ChangesAccountsPayable>
	<tw-gaap-ci:ChangesAccountsPayableRelatedParties contextRef="From20100101To20100630" decimals="-3" unitRef="TWD">82974000</tw-gaap-ci:ChangesAccountsPayableRelatedParties>
	<tw-gaap-ci:ChangesAccountsPayableRelatedParties contextRef="From20090101To20090630" decimals="-3" unitRef="TWD">-48632000</tw-gaap-ci:ChangesAccountsPayableRelatedParties>
	<tw-gaap-ci:ChangesIncomeTaxPayable contextRef="From20100101To20100630" decimals="-3" unitRef="TWD">0</tw-gaap-ci:ChangesIncomeTaxPayable>
	<tw-gaap-ci:ChangesIncomeTaxPayable contextRef="From20090101To20090630" decimals="-3" unitRef="TWD">-28947000</tw-gaap-ci:ChangesIncomeTaxPayable>
	<tw-gaap-ci:ChangesAccruedExpenses contextRef="From20100101To20100630" decimals="-3" unitRef="TWD">-9395000</tw-gaap-ci:ChangesAccruedExpenses>
	<tw-gaap-ci:ChangesAccruedExpenses contextRef="From20090101To20090630" decimals="-3" unitRef="TWD">-205321000</tw-gaap-ci:ChangesAccruedExpenses>
	<tw-gaap-ci:ChangesReceiptsAdvance contextRef="From20100101To20100630" decimals="-3" unitRef="TWD">-85877000</tw-gaap-ci:ChangesReceiptsAdvance>
	<tw-gaap-ci:ChangesReceiptsAdvance contextRef="From20090101To20090630" decimals="-3" unitRef="TWD">-1105591000</tw-gaap-ci:ChangesReceiptsAdvance>
	<tw-gaap-ci:ChangesOtherCurrentLiabilities_CI contextRef="From20100101To20100630" decimals="-3" unitRef="TWD">-168708000</tw-gaap-ci:ChangesOtherCurrentLiabilities_CI>
	<tw-gaap-ci:ChangesOtherCurrentLiabilities_CI contextRef="From20090101To20090630" decimals="-3" unitRef="TWD">-93900000</tw-gaap-ci:ChangesOtherCurrentLiabilities_CI>
	<tw-gaap-ci:ChangesAccruedPensionLiabilities contextRef="From20100101To20100630" decimals="-3" unitRef="TWD">33620000</tw-gaap-ci:ChangesAccruedPensionLiabilities>
	<tw-gaap-ci:ChangesAccruedPensionLiabilities contextRef="From20090101To20090630" decimals="-3" unitRef="TWD">10477000</tw-gaap-ci:ChangesAccruedPensionLiabilities>
	<tw-gaap-ci:ChangesOperatingLiabilities contextRef="From20100101To20100630" decimals="-3" unitRef="TWD">69927000</tw-gaap-ci:ChangesOperatingLiabilities>
	<tw-gaap-ci:ChangesOperatingLiabilities contextRef="From20090101To20090630" decimals="-3" unitRef="TWD">-1598005000</tw-gaap-ci:ChangesOperatingLiabilities>
	<tw-gaap-ci:ChangesOperatingAssetsLiabilities contextRef="From20100101To20100630" decimals="-3" unitRef="TWD">-2875799000</tw-gaap-ci:ChangesOperatingAssetsLiabilities>
	<tw-gaap-ci:ChangesOperatingAssetsLiabilities contextRef="From20090101To20090630" decimals="-3" unitRef="TWD">-1221762000</tw-gaap-ci:ChangesOperatingAssetsLiabilities>
	<tw-gaap-ci:NetCashProvidedUsedOperatingActivities contextRef="From20100101To20100630" decimals="-3" unitRef="TWD">-2774919000</tw-gaap-ci:NetCashProvidedUsedOperatingActivities>
	<tw-gaap-ci:NetCashProvidedUsedOperatingActivities contextRef="From20090101To20090630" decimals="-3" unitRef="TWD">-1186457000</tw-gaap-ci:NetCashProvidedUsedOperatingActivities>
	<tw-gaap-ci:AcquisitionInvestmentsAccountedEquityMethod contextRef="From20100101To20100630" decimals="-3" unitRef="TWD">-335125000</tw-gaap-ci:AcquisitionInvestmentsAccountedEquityMethod>
	<tw-gaap-ci:AcquisitionInvestmentsAccountedEquityMethod contextRef="From20090101To20090630" decimals="-3" unitRef="TWD">-1153000</tw-gaap-ci:AcquisitionInvestmentsAccountedEquityMethod>
	<tw-gaap-ci:AcquisitionPropertyPlantEquipment contextRef="From20100101To20100630" decimals="-3" unitRef="TWD">-142771000</tw-gaap-ci:AcquisitionPropertyPlantEquipment>
	<tw-gaap-ci:AcquisitionPropertyPlantEquipment contextRef="From20090101To20090630" decimals="-3" unitRef="TWD">-228519000</tw-gaap-ci:AcquisitionPropertyPlantEquipment>
	<tw-gaap-ci:ProceedsDisposalPropertyPlantEquipment contextRef="From20100101To20100630" decimals="-3" unitRef="TWD">17673000</tw-gaap-ci:ProceedsDisposalPropertyPlantEquipment>
	<tw-gaap-ci:ProceedsDisposalPropertyPlantEquipment contextRef="From20090101To20090630" decimals="-3" unitRef="TWD">4592000</tw-gaap-ci:ProceedsDisposalPropertyPlantEquipment>
	<tw-gaap-ci:ChangesRefundableDeposits contextRef="From20100101To20100630" decimals="-3" unitRef="TWD">0</tw-gaap-ci:ChangesRefundableDeposits>
	<tw-gaap-ci:ChangesRefundableDeposits contextRef="From20090101To20090630" decimals="-3" unitRef="TWD">-180889000</tw-gaap-ci:ChangesRefundableDeposits>
	<tw-gaap-ci:IncreaseDeferredCharges contextRef="From20100101To20100630" decimals="-3" unitRef="TWD">-40525000</tw-gaap-ci:IncreaseDeferredCharges>
	<tw-gaap-ci:IncreaseDeferredCharges contextRef="From20090101To20090630" decimals="-3" unitRef="TWD">-10299000</tw-gaap-ci:IncreaseDeferredCharges>
	<tw-gaap-ci:ChangesOtherFinancialAssets contextRef="From20100101To20100630" decimals="-3" unitRef="TWD">248741000</tw-gaap-ci:ChangesOtherFinancialAssets>
	<tw-gaap-ci:ChangesOtherFinancialAssets contextRef="From20090101To20090630" decimals="-3" unitRef="TWD">0</tw-gaap-ci:ChangesOtherFinancialAssets>
	<tw-gaap-ci:NetCashProvidedUsedInvestingActivities contextRef="From20100101To20100630" decimals="-3" unitRef="TWD">-252007000</tw-gaap-ci:NetCashProvidedUsedInvestingActivities>
	<tw-gaap-ci:NetCashProvidedUsedInvestingActivities contextRef="From20090101To20090630" decimals="-3" unitRef="TWD">-416268000</tw-gaap-ci:NetCashProvidedUsedInvestingActivities>
	<tw-gaap-ci:ChangesShortTermLoans contextRef="From20100101To20100630" decimals="-3" unitRef="TWD">2673385000</tw-gaap-ci:ChangesShortTermLoans>
	<tw-gaap-ci:ChangesShortTermLoans contextRef="From20090101To20090630" decimals="-3" unitRef="TWD">1091093000</tw-gaap-ci:ChangesShortTermLoans>
	<tw-gaap-ci:ChangeShorttermNotesBillsPayable contextRef="From20100101To20100630" decimals="-3" unitRef="TWD">0</tw-gaap-ci:ChangeShorttermNotesBillsPayable>
	<tw-gaap-ci:ChangeShorttermNotesBillsPayable contextRef="From20090101To20090630" decimals="-3" unitRef="TWD">-350000000</tw-gaap-ci:ChangeShorttermNotesBillsPayable>
	<tw-gaap-ci:RepaymentLongTermDebt contextRef="From20100101To20100630" decimals="-3" unitRef="TWD">-133330000</tw-gaap-ci:RepaymentLongTermDebt>
	<tw-gaap-ci:RepaymentLongTermDebt contextRef="From20090101To20090630" decimals="-3" unitRef="TWD">-136110000</tw-gaap-ci:RepaymentLongTermDebt>
	<tw-gaap-ci:ChangesGuaranteeDepositsReceived contextRef="From20100101To20100630" decimals="-3" unitRef="TWD">-1349000</tw-gaap-ci:ChangesGuaranteeDepositsReceived>
	<tw-gaap-ci:ChangesGuaranteeDepositsReceived contextRef="From20090101To20090630" decimals="-3" unitRef="TWD">2276000</tw-gaap-ci:ChangesGuaranteeDepositsReceived>
	<tw-gaap-ci:ChangeOtherPayablesRelatedParties contextRef="From20100101To20100630" decimals="-3" unitRef="TWD">0</tw-gaap-ci:ChangeOtherPayablesRelatedParties>
	<tw-gaap-ci:ChangeOtherPayablesRelatedParties contextRef="From20090101To20090630" decimals="-3" unitRef="TWD">330015000</tw-gaap-ci:ChangeOtherPayablesRelatedParties>
	<tw-gaap-ci:NetCashProvidedUsedFinancingActivities contextRef="From20100101To20100630" decimals="-3" unitRef="TWD">2538706000</tw-gaap-ci:NetCashProvidedUsedFinancingActivities>
	<tw-gaap-ci:NetCashProvidedUsedFinancingActivities contextRef="From20090101To20090630" decimals="-3" unitRef="TWD">937274000</tw-gaap-ci:NetCashProvidedUsedFinancingActivities>
	<tw-gaap-ci:NetChangesCashCashEquivalents contextRef="From20100101To20100630" decimals="-3" unitRef="TWD">-488220000</tw-gaap-ci:NetChangesCashCashEquivalents>
	<tw-gaap-ci:NetChangesCashCashEquivalents contextRef="From20090101To20090630" decimals="-3" unitRef="TWD">-665451000</tw-gaap-ci:NetChangesCashCashEquivalents>
	<tw-gaap-ci:CashCashEquivalents contextRef="AsOf20100101" decimals="-3" unitRef="TWD">1997330000</tw-gaap-ci:CashCashEquivalents>
	<tw-gaap-ci:CashCashEquivalents contextRef="AsOf20090101" decimals="-3" unitRef="TWD">1371321000</tw-gaap-ci:CashCashEquivalents>
	<tw-gaap-ci:InterestPaid contextRef="From20100101To20100630" decimals="-3" unitRef="TWD">92152000</tw-gaap-ci:InterestPaid>
	<tw-gaap-ci:InterestPaid contextRef="From20090101To20090630" decimals="-3" unitRef="TWD">125578000</tw-gaap-ci:InterestPaid>
	<tw-gaap-ci:InterestPaidExcludingCapitalizedInterest contextRef="From20100101To20100630" decimals="-3" unitRef="TWD">92152000</tw-gaap-ci:InterestPaidExcludingCapitalizedInterest>
	<tw-gaap-ci:InterestPaidExcludingCapitalizedInterest contextRef="From20090101To20090630" decimals="-3" unitRef="TWD">125578000</tw-gaap-ci:InterestPaidExcludingCapitalizedInterest>
	<tw-gaap-ci:IncomeTaxPaid contextRef="From20100101To20100630" decimals="-3" unitRef="TWD">2586000</tw-gaap-ci:IncomeTaxPaid>
	<tw-gaap-ci:IncomeTaxPaid contextRef="From20090101To20090630" decimals="-3" unitRef="TWD">8521000</tw-gaap-ci:IncomeTaxPaid>
	<tw-gaap-ci:CurrentPortionLong-termLiability contextRef="From20100101To20100630" decimals="-3" unitRef="TWD">1310000000</tw-gaap-ci:CurrentPortionLong-termLiability>
	<tw-gaap-ci:CurrentPortionLong-termLiability contextRef="From20090101To20090630" decimals="-3" unitRef="TWD">222220000</tw-gaap-ci:CurrentPortionLong-termLiability>
	<tw-gaap-ci:BeginningBalanceMember contextRef="AsOf20100630_CommonStockValueMember" decimals="-3" unitRef="TWD">8456385000</tw-gaap-ci:BeginningBalanceMember>
	<tw-gaap-ci:BeginningBalanceMember contextRef="AsOf20100630_CapitalStockMember" decimals="-3" unitRef="TWD">8456385000</tw-gaap-ci:BeginningBalanceMember>
	<tw-gaap-ci:BeginningBalanceMember contextRef="AsOf20100630_CapitalSurplusMember" decimals="-3" unitRef="TWD">2170824000</tw-gaap-ci:BeginningBalanceMember>
	<tw-gaap-ci:BeginningBalanceMember contextRef="AsOf20100630_LegalReserveMember" decimals="-3" unitRef="TWD">1548171000</tw-gaap-ci:BeginningBalanceMember>
	<tw-gaap-ci:BeginningBalanceMember contextRef="AsOf20100630_SpecialReserveMember" decimals="-3" unitRef="TWD">720949000</tw-gaap-ci:BeginningBalanceMember>
	<tw-gaap-ci:BeginningBalanceMember contextRef="AsOf20100630_UnappropriatedRetainedEarningsMember" decimals="-3" unitRef="TWD">418651000</tw-gaap-ci:BeginningBalanceMember>
	<tw-gaap-ci:BeginningBalanceMember contextRef="AsOf20100630_RetainedEarningsMember" decimals="-3" unitRef="TWD">2687771000</tw-gaap-ci:BeginningBalanceMember>
	<tw-gaap-ci:BeginningBalanceMember contextRef="AsOf20100630_CumulativeTranslationAdjustmentsMember" decimals="-3" unitRef="TWD">-632836000</tw-gaap-ci:BeginningBalanceMember>
	<tw-gaap-ci:BeginningBalanceMember contextRef="AsOf20100630_NetLossNotRecognizedPensionCostMember" decimals="-3" unitRef="TWD">-433364000</tw-gaap-ci:BeginningBalanceMember>
	<tw-gaap-ci:BeginningBalanceMember contextRef="AsOf20100630_TreasuryStockValueMember" decimals="-3" unitRef="TWD">-102363000</tw-gaap-ci:BeginningBalanceMember>
	<tw-gaap-ci:BeginningBalanceMember contextRef="AsOf20100630_UnrealizedGainLossesFinancialInstrumentMember" decimals="-3" unitRef="TWD">-72598000</tw-gaap-ci:BeginningBalanceMember>
	<tw-gaap-ci:BeginningBalanceMember contextRef="AsOf20100630_UnrealizedRevaluationIncrementMember" decimals="-3" unitRef="TWD">1598944000</tw-gaap-ci:BeginningBalanceMember>
	<tw-gaap-ci:BeginningBalanceMember contextRef="AsOf20100630_StockholdersEquitiesAdjustmentsMember" decimals="-3" unitRef="TWD">357783000</tw-gaap-ci:BeginningBalanceMember>
	<tw-gaap-ci:BeginningBalanceMember contextRef="AsOf20100630_TotalStockholdersEquitiesMember" decimals="-3" unitRef="TWD">13672763000</tw-gaap-ci:BeginningBalanceMember>
	<tw-gaap-ci:NetIncomeLossMember contextRef="From20100101To20100630_UnappropriatedRetainedEarningsMember" decimals="-3" unitRef="TWD">316574000</tw-gaap-ci:NetIncomeLossMember>
	<tw-gaap-ci:NetIncomeLossMember contextRef="From20100101To20100630_RetainedEarningsMember" decimals="-3" unitRef="TWD">316574000</tw-gaap-ci:NetIncomeLossMember>
	<tw-gaap-ci:NetIncomeLossMember contextRef="From20100101To20100630_TotalStockholdersEquitiesMember" decimals="-3" unitRef="TWD">316574000</tw-gaap-ci:NetIncomeLossMember>
	<tw-gaap-ci:LegalReserveAppropriatedMember contextRef="From20100101To20100630_LegalReserveMember" decimals="-3" unitRef="TWD">14465000</tw-gaap-ci:LegalReserveAppropriatedMember>
	<tw-gaap-ci:LegalReserveAppropriatedMember contextRef="From20100101To20100630_UnappropriatedRetainedEarningsMember" decimals="-3" unitRef="TWD">-14465000</tw-gaap-ci:LegalReserveAppropriatedMember>
	<tw-gaap-ci:LegalReserveAppropriatedMember contextRef="From20100101To20100630_RetainedEarningsMember" decimals="-3" unitRef="TWD">0</tw-gaap-ci:LegalReserveAppropriatedMember>
	<tw-gaap-ci:LegalReserveAppropriatedMember contextRef="From20100101To20100630_TotalStockholdersEquitiesMember" decimals="-3" unitRef="TWD">0</tw-gaap-ci:LegalReserveAppropriatedMember>
	<tw-gaap-ci:SpecialReserveAppropriatedMember contextRef="From20100101To20100630_SpecialReserveMember" decimals="-3" unitRef="TWD">404186000</tw-gaap-ci:SpecialReserveAppropriatedMember>
	<tw-gaap-ci:SpecialReserveAppropriatedMember contextRef="From20100101To20100630_UnappropriatedRetainedEarningsMember" decimals="-3" unitRef="TWD">-404186000</tw-gaap-ci:SpecialReserveAppropriatedMember>
	<tw-gaap-ci:SpecialReserveAppropriatedMember contextRef="From20100101To20100630_RetainedEarningsMember" decimals="-3" unitRef="TWD">0</tw-gaap-ci:SpecialReserveAppropriatedMember>
	<tw-gaap-ci:SpecialReserveAppropriatedMember contextRef="From20100101To20100630_TotalStockholdersEquitiesMember" decimals="-3" unitRef="TWD">0</tw-gaap-ci:SpecialReserveAppropriatedMember>
	<tw-gaap-ci:ChangesNetLossNotRecognizedPensionCostMember contextRef="From20100101To20100630_NetLossNotRecognizedPensionCostMember" decimals="-3" unitRef="TWD">-30822000</tw-gaap-ci:ChangesNetLossNotRecognizedPensionCostMember>
	<tw-gaap-ci:ChangesNetLossNotRecognizedPensionCostMember contextRef="From20100101To20100630_StockholdersEquitiesAdjustmentsMember" decimals="-3" unitRef="TWD">-30822000</tw-gaap-ci:ChangesNetLossNotRecognizedPensionCostMember>
	<tw-gaap-ci:ChangesNetLossNotRecognizedPensionCostMember contextRef="From20100101To20100630_TotalStockholdersEquitiesMember" decimals="-3" unitRef="TWD">-30822000</tw-gaap-ci:ChangesNetLossNotRecognizedPensionCostMember>
	<tw-gaap-ci:ChangesForeignExchangeGainLossTranslationForeignCurrencyFinancialStatementsMember contextRef="From20100101To20100630_CumulativeTranslationAdjustmentsMember" decimals="-3" unitRef="TWD">-34761000</tw-gaap-ci:ChangesForeignExchangeGainLossTranslationForeignCurrencyFinancialStatementsMember>
	<tw-gaap-ci:ChangesForeignExchangeGainLossTranslationForeignCurrencyFinancialStatementsMember contextRef="From20100101To20100630_StockholdersEquitiesAdjustmentsMember" decimals="-3" unitRef="TWD">-34761000</tw-gaap-ci:ChangesForeignExchangeGainLossTranslationForeignCurrencyFinancialStatementsMember>
	<tw-gaap-ci:ChangesForeignExchangeGainLossTranslationForeignCurrencyFinancialStatementsMember contextRef="From20100101To20100630_TotalStockholdersEquitiesMember" decimals="-3" unitRef="TWD">-34761000</tw-gaap-ci:ChangesForeignExchangeGainLossTranslationForeignCurrencyFinancialStatementsMember>
	<tw-gaap-ci:ChangesEquitiesLong-termInvestmentsMember contextRef="From20100101To20100630_CapitalSurplusMember" decimals="-3" unitRef="TWD">2239000</tw-gaap-ci:ChangesEquitiesLong-termInvestmentsMember>
	<tw-gaap-ci:ChangesEquitiesLong-termInvestmentsMember contextRef="From20100101To20100630_TotalStockholdersEquitiesMember" decimals="-3" unitRef="TWD">2239000</tw-gaap-ci:ChangesEquitiesLong-termInvestmentsMember>
	<tw-gaap-ci:ChangesMember contextRef="From20100101To20100630_CapitalSurplusMember" decimals="-3" unitRef="TWD">2239000</tw-gaap-ci:ChangesMember>
	<tw-gaap-ci:ChangesMember contextRef="From20100101To20100630_LegalReserveMember" decimals="-3" unitRef="TWD">14465000</tw-gaap-ci:ChangesMember>
	<tw-gaap-ci:ChangesMember contextRef="From20100101To20100630_SpecialReserveMember" decimals="-3" unitRef="TWD">404186000</tw-gaap-ci:ChangesMember>
	<tw-gaap-ci:ChangesMember contextRef="From20100101To20100630_UnappropriatedRetainedEarningsMember" decimals="-3" unitRef="TWD">-102077000</tw-gaap-ci:ChangesMember>
	<tw-gaap-ci:ChangesMember contextRef="From20100101To20100630_RetainedEarningsMember" decimals="-3" unitRef="TWD">316574000</tw-gaap-ci:ChangesMember>
	<tw-gaap-ci:ChangesMember contextRef="From20100101To20100630_CumulativeTranslationAdjustmentsMember" decimals="-3" unitRef="TWD">-34761000</tw-gaap-ci:ChangesMember>
	<tw-gaap-ci:ChangesMember contextRef="From20100101To20100630_NetLossNotRecognizedPensionCostMember" decimals="-3" unitRef="TWD">-30822000</tw-gaap-ci:ChangesMember>
	<tw-gaap-ci:ChangesMember contextRef="From20100101To20100630_StockholdersEquitiesAdjustmentsMember" decimals="-3" unitRef="TWD">-65583000</tw-gaap-ci:ChangesMember>
	<tw-gaap-ci:ChangesMember contextRef="From20100101To20100630_TotalStockholdersEquitiesMember" decimals="-3" unitRef="TWD">253230000</tw-gaap-ci:ChangesMember>
	<tw-gaap-ci:EndYear contextRef="AsOf20100630_CommonStockValueMember" decimals="-3" unitRef="TWD">8456385000</tw-gaap-ci:EndYear>
	<tw-gaap-ci:EndYear contextRef="AsOf20100630_CapitalStockMember" decimals="-3" unitRef="TWD">8456385000</tw-gaap-ci:EndYear>
	<tw-gaap-ci:EndYear contextRef="AsOf20100630_CapitalSurplusMember" decimals="-3" unitRef="TWD">2173063000</tw-gaap-ci:EndYear>
	<tw-gaap-ci:EndYear contextRef="AsOf20100630_LegalReserveMember" decimals="-3" unitRef="TWD">1562636000</tw-gaap-ci:EndYear>
	<tw-gaap-ci:EndYear contextRef="AsOf20100630_SpecialReserveMember" decimals="-3" unitRef="TWD">1125135000</tw-gaap-ci:EndYear>
	<tw-gaap-ci:EndYear contextRef="AsOf20100630_UnappropriatedRetainedEarningsMember" decimals="-3" unitRef="TWD">316574000</tw-gaap-ci:EndYear>
	<tw-gaap-ci:EndYear contextRef="AsOf20100630_RetainedEarningsMember" decimals="-3" unitRef="TWD">3004345000</tw-gaap-ci:EndYear>
	<tw-gaap-ci:EndYear contextRef="AsOf20100630_CumulativeTranslationAdjustmentsMember" decimals="-3" unitRef="TWD">-667597000</tw-gaap-ci:EndYear>
	<tw-gaap-ci:EndYear contextRef="AsOf20100630_NetLossNotRecognizedPensionCostMember" decimals="-3" unitRef="TWD">-464186000</tw-gaap-ci:EndYear>
	<tw-gaap-ci:EndYear contextRef="AsOf20100630_TreasuryStockValueMember" decimals="-3" unitRef="TWD">-102363000</tw-gaap-ci:EndYear>
	<tw-gaap-ci:EndYear contextRef="AsOf20100630_UnrealizedGainLossesFinancialInstrumentMember" decimals="-3" unitRef="TWD">-72598000</tw-gaap-ci:EndYear>
	<tw-gaap-ci:EndYear contextRef="AsOf20100630_UnrealizedRevaluationIncrementMember" decimals="-3" unitRef="TWD">1598944000</tw-gaap-ci:EndYear>
	<tw-gaap-ci:EndYear contextRef="AsOf20100630_StockholdersEquitiesAdjustmentsMember" decimals="-3" unitRef="TWD">292200000</tw-gaap-ci:EndYear>
	<tw-gaap-ci:EndYear contextRef="AsOf20100630_TotalStockholdersEquitiesMember" decimals="-3" unitRef="TWD">13925993000</tw-gaap-ci:EndYear>
	<tw-gaap-ci:BeginningBalanceMember contextRef="AsOf20090630_CommonStockValueMember" decimals="-3" unitRef="TWD">8456385000</tw-gaap-ci:BeginningBalanceMember>
	<tw-gaap-ci:BeginningBalanceMember contextRef="AsOf20090630_CapitalStockMember" decimals="-3" unitRef="TWD">8456385000</tw-gaap-ci:BeginningBalanceMember>
	<tw-gaap-ci:BeginningBalanceMember contextRef="AsOf20090630_CapitalSurplusMember" decimals="-3" unitRef="TWD">2311694000</tw-gaap-ci:BeginningBalanceMember>
	<tw-gaap-ci:BeginningBalanceMember contextRef="AsOf20090630_LegalReserveMember" decimals="-3" unitRef="TWD">1544646000</tw-gaap-ci:BeginningBalanceMember>
	<tw-gaap-ci:BeginningBalanceMember contextRef="AsOf20090630_SpecialReserveMember" decimals="-3" unitRef="TWD">720949000</tw-gaap-ci:BeginningBalanceMember>
	<tw-gaap-ci:BeginningBalanceMember contextRef="AsOf20090630_UnappropriatedRetainedEarningsMember" decimals="-3" unitRef="TWD">277526000</tw-gaap-ci:BeginningBalanceMember>
	<tw-gaap-ci:BeginningBalanceMember contextRef="AsOf20090630_RetainedEarningsMember" decimals="-3" unitRef="TWD">2543121000</tw-gaap-ci:BeginningBalanceMember>
	<tw-gaap-ci:BeginningBalanceMember contextRef="AsOf20090630_CumulativeTranslationAdjustmentsMember" decimals="-3" unitRef="TWD">-179490000</tw-gaap-ci:BeginningBalanceMember>
	<tw-gaap-ci:BeginningBalanceMember contextRef="AsOf20090630_NetLossNotRecognizedPensionCostMember" decimals="-3" unitRef="TWD">-371976000</tw-gaap-ci:BeginningBalanceMember>
	<tw-gaap-ci:BeginningBalanceMember contextRef="AsOf20090630_TreasuryStockValueMember" decimals="-3" unitRef="TWD">-182902000</tw-gaap-ci:BeginningBalanceMember>
	<tw-gaap-ci:BeginningBalanceMember contextRef="AsOf20090630_UnrealizedGainLossesFinancialInstrumentMember" decimals="-3" unitRef="TWD">-93433000</tw-gaap-ci:BeginningBalanceMember>
	<tw-gaap-ci:BeginningBalanceMember contextRef="AsOf20090630_UnrealizedRevaluationIncrementMember" decimals="-3" unitRef="TWD">1598944000</tw-gaap-ci:BeginningBalanceMember>
	<tw-gaap-ci:BeginningBalanceMember contextRef="AsOf20090630_StockholdersEquitiesAdjustmentsMember" decimals="-3" unitRef="TWD">771143000</tw-gaap-ci:BeginningBalanceMember>
	<tw-gaap-ci:BeginningBalanceMember contextRef="AsOf20090630_TotalStockholdersEquitiesMember" decimals="-3" unitRef="TWD">14082343000</tw-gaap-ci:BeginningBalanceMember>
	<tw-gaap-ci:NetIncomeLossMember contextRef="From20090101To20090630_UnappropriatedRetainedEarningsMember" decimals="-3" unitRef="TWD">-361463000</tw-gaap-ci:NetIncomeLossMember>
	<tw-gaap-ci:NetIncomeLossMember contextRef="From20090101To20090630_RetainedEarningsMember" decimals="-3" unitRef="TWD">-361463000</tw-gaap-ci:NetIncomeLossMember>
	<tw-gaap-ci:NetIncomeLossMember contextRef="From20090101To20090630_TotalStockholdersEquitiesMember" decimals="-3" unitRef="TWD">-361463000</tw-gaap-ci:NetIncomeLossMember>
	<tw-gaap-ci:LegalReserveAppropriatedMember contextRef="From20090101To20090630_LegalReserveMember" decimals="-3" unitRef="TWD">3525000</tw-gaap-ci:LegalReserveAppropriatedMember>
	<tw-gaap-ci:LegalReserveAppropriatedMember contextRef="From20090101To20090630_UnappropriatedRetainedEarningsMember" decimals="-3" unitRef="TWD">-3525000</tw-gaap-ci:LegalReserveAppropriatedMember>
	<tw-gaap-ci:LegalReserveAppropriatedMember contextRef="From20090101To20090630_RetainedEarningsMember" decimals="-3" unitRef="TWD">0</tw-gaap-ci:LegalReserveAppropriatedMember>
	<tw-gaap-ci:LegalReserveAppropriatedMember contextRef="From20090101To20090630_TotalStockholdersEquitiesMember" decimals="-3" unitRef="TWD">0</tw-gaap-ci:LegalReserveAppropriatedMember>
	<tw-gaap-ci:ChangesUnrealizedGainLossesCashFlowHedgesMember contextRef="From20090101To20090630_UnrealizedGainLossesFinancialInstrumentMember" decimals="-3" unitRef="TWD">-7185000</tw-gaap-ci:ChangesUnrealizedGainLossesCashFlowHedgesMember>
	<tw-gaap-ci:ChangesUnrealizedGainLossesCashFlowHedgesMember contextRef="From20090101To20090630_StockholdersEquitiesAdjustmentsMember" decimals="-3" unitRef="TWD">-7185000</tw-gaap-ci:ChangesUnrealizedGainLossesCashFlowHedgesMember>
	<tw-gaap-ci:ChangesUnrealizedGainLossesCashFlowHedgesMember contextRef="From20090101To20090630_TotalStockholdersEquitiesMember" decimals="-3" unitRef="TWD">-7185000</tw-gaap-ci:ChangesUnrealizedGainLossesCashFlowHedgesMember>
	<tw-gaap-ci:ChangesForeignExchangeGainLossTranslationForeignCurrencyFinancialStatementsMember contextRef="From20090101To20090630_CumulativeTranslationAdjustmentsMember" decimals="-3" unitRef="TWD">-25664000</tw-gaap-ci:ChangesForeignExchangeGainLossTranslationForeignCurrencyFinancialStatementsMember>
	<tw-gaap-ci:ChangesForeignExchangeGainLossTranslationForeignCurrencyFinancialStatementsMember contextRef="From20090101To20090630_StockholdersEquitiesAdjustmentsMember" decimals="-3" unitRef="TWD">-25664000</tw-gaap-ci:ChangesForeignExchangeGainLossTranslationForeignCurrencyFinancialStatementsMember>
	<tw-gaap-ci:ChangesForeignExchangeGainLossTranslationForeignCurrencyFinancialStatementsMember contextRef="From20090101To20090630_TotalStockholdersEquitiesMember" decimals="-3" unitRef="TWD">-25664000</tw-gaap-ci:ChangesForeignExchangeGainLossTranslationForeignCurrencyFinancialStatementsMember>
	<tw-gaap-ci:ChangesEquitiesLong-termInvestmentsMember contextRef="From20090101To20090630_CapitalSurplusMember" decimals="-3" unitRef="TWD">3767000</tw-gaap-ci:ChangesEquitiesLong-termInvestmentsMember>
	<tw-gaap-ci:ChangesEquitiesLong-termInvestmentsMember contextRef="From20090101To20090630_TotalStockholdersEquitiesMember" decimals="-3" unitRef="TWD">3767000</tw-gaap-ci:ChangesEquitiesLong-termInvestmentsMember>
	<tw-gaap-ci:ChangesMember contextRef="From20090101To20090630_CapitalSurplusMember" decimals="-3" unitRef="TWD">3767000</tw-gaap-ci:ChangesMember>
	<tw-gaap-ci:ChangesMember contextRef="From20090101To20090630_LegalReserveMember" decimals="-3" unitRef="TWD">3525000</tw-gaap-ci:ChangesMember>
	<tw-gaap-ci:ChangesMember contextRef="From20090101To20090630_UnappropriatedRetainedEarningsMember" decimals="-3" unitRef="TWD">-364988000</tw-gaap-ci:ChangesMember>
	<tw-gaap-ci:ChangesMember contextRef="From20090101To20090630_RetainedEarningsMember" decimals="-3" unitRef="TWD">-361463000</tw-gaap-ci:ChangesMember>
	<tw-gaap-ci:ChangesMember contextRef="From20090101To20090630_CumulativeTranslationAdjustmentsMember" decimals="-3" unitRef="TWD">-25664000</tw-gaap-ci:ChangesMember>
	<tw-gaap-ci:ChangesMember contextRef="From20090101To20090630_UnrealizedGainLossesFinancialInstrumentMember" decimals="-3" unitRef="TWD">-7185000</tw-gaap-ci:ChangesMember>
	<tw-gaap-ci:ChangesMember contextRef="From20090101To20090630_StockholdersEquitiesAdjustmentsMember" decimals="-3" unitRef="TWD">-32849000</tw-gaap-ci:ChangesMember>
	<tw-gaap-ci:ChangesMember contextRef="From20090101To20090630_TotalStockholdersEquitiesMember" decimals="-3" unitRef="TWD">-390545000</tw-gaap-ci:ChangesMember>
	<tw-gaap-ci:EndYear contextRef="AsOf20090630_CommonStockValueMember" decimals="-3" unitRef="TWD">8456385000</tw-gaap-ci:EndYear>
	<tw-gaap-ci:EndYear contextRef="AsOf20090630_CapitalStockMember" decimals="-3" unitRef="TWD">8456385000</tw-gaap-ci:EndYear>
	<tw-gaap-ci:EndYear contextRef="AsOf20090630_CapitalSurplusMember" decimals="-3" unitRef="TWD">2315461000</tw-gaap-ci:EndYear>
	<tw-gaap-ci:EndYear contextRef="AsOf20090630_LegalReserveMember" decimals="-3" unitRef="TWD">1548171000</tw-gaap-ci:EndYear>
	<tw-gaap-ci:EndYear contextRef="AsOf20090630_SpecialReserveMember" decimals="-3" unitRef="TWD">720949000</tw-gaap-ci:EndYear>
	<tw-gaap-ci:EndYear contextRef="AsOf20090630_UnappropriatedRetainedEarningsMember" decimals="-3" unitRef="TWD">-87462000</tw-gaap-ci:EndYear>
	<tw-gaap-ci:EndYear contextRef="AsOf20090630_RetainedEarningsMember" decimals="-3" unitRef="TWD">2181658000</tw-gaap-ci:EndYear>
	<tw-gaap-ci:EndYear contextRef="AsOf20090630_CumulativeTranslationAdjustmentsMember" decimals="-3" unitRef="TWD">-205154000</tw-gaap-ci:EndYear>
	<tw-gaap-ci:EndYear contextRef="AsOf20090630_NetLossNotRecognizedPensionCostMember" decimals="-3" unitRef="TWD">-371976000</tw-gaap-ci:EndYear>
	<tw-gaap-ci:EndYear contextRef="AsOf20090630_TreasuryStockValueMember" decimals="-3" unitRef="TWD">-182902000</tw-gaap-ci:EndYear>
	<tw-gaap-ci:EndYear contextRef="AsOf20090630_UnrealizedGainLossesFinancialInstrumentMember" decimals="-3" unitRef="TWD">-100618000</tw-gaap-ci:EndYear>
	<tw-gaap-ci:EndYear contextRef="AsOf20090630_UnrealizedRevaluationIncrementMember" decimals="-3" unitRef="TWD">1598944000</tw-gaap-ci:EndYear>
	<tw-gaap-ci:EndYear contextRef="AsOf20090630_StockholdersEquitiesAdjustmentsMember" decimals="-3" unitRef="TWD">738294000</tw-gaap-ci:EndYear>
	<tw-gaap-ci:EndYear contextRef="AsOf20090630_TotalStockholdersEquitiesMember" decimals="-3" unitRef="TWD">13691798000</tw-gaap-ci:EndYear>
	<tw-gaap-ar:AccountantName contextRef="AsOf20100820">安侯建業聯合會計師事務所</tw-gaap-ar:AccountantName>
	<tw-gaap-ar:AssuranceAccountantName1 contextRef="AsOf20100820">簡蒂暖</tw-gaap-ar:AssuranceAccountantName1>
	<tw-gaap-ar:AssuranceAccountantName2 contextRef="AsOf20100820">陳嘉修</tw-gaap-ar:AssuranceAccountantName2>
	<tw-gaap-ar:ReviewAuditDate contextRef="AsOf20100820">2010-08-20</tw-gaap-ar:ReviewAuditDate>
	<tw-gaap-ar:AuditReport contextRef="AsOf20100820">Y</tw-gaap-ar:AuditReport>
	<tw-gaap-ar:QualifiedOpinionAdditionOtherItemExplainatoryParagraph contextRef="AsOf20100820">Y</tw-gaap-ar:QualifiedOpinionAdditionOtherItemExplainatoryParagraph>
	<tw-gaap-ar:EmphasizeCertainImportantItem contextRef="AsOf20100820">Y</tw-gaap-ar:EmphasizeCertainImportantItem>
	<tw-gaap-ar:ByInvestmentCompaniesWithoutAccountantAuditReportRecognizedGainLoss contextRef="AsOf20100820">Y</tw-gaap-ar:ByInvestmentCompaniesWithoutAccountantAuditReportRecognizedGainLoss>
	<tw-gaap-ar:DescriptionEmphasizeItemBody contextRef="AsOf20100820"><![CDATA[子公司繼續經營假設之重大不確定性]]></tw-gaap-ar:DescriptionEmphasizeItemBody>
	<tw-gaap-ar:DescriptionOtherItemBody contextRef="AsOf20100820"><![CDATA[]]></tw-gaap-ar:DescriptionOtherItemBody>
	<tw-gaap-ar:AccountantsReportBody contextRef="AsOf20100820"><![CDATA[會　計　師　查　核　報　告

三陽工業股份有限公司董事會　公鑒：

    三陽工業股份有限公司民國九十九年及九十八年六月三十日之資產負債表，暨截至各
該日止之民國九十九年及九十八年上半年度之損益表、股東權益變動表及現金流量表，業
經本會計師查核竣事。上開財務報表之編製係管理階層之責任，本會計師之責任則為根據
查核結果對上開財務報表表示意見。
    除下段所述外，本會計師係依照會計師查核簽證財務報表規則及一般公認審計準則規
劃並執行查核工作，以合理確信財務報表有無重大不實表達。此項查核工作包括以抽查方
式獲取財務報表所列金額及所揭露事項之查核證據、評估管理階層編製財務報表所採用之
會計原則及所作之重大會計估計，暨評估財務報表整體之表達。本會計師相信此項查核工
作可對所表示之意見提供合理之依據。
    如財務報表附註四(五)所述，三陽工業股份有限公司民國九十九年及九十八年六月三
十日部份採權益法之長期投資財務報表係依該等公司經會計師查核簽證之同期間財務報表
採權益法計列投資損益外，餘長期投資6,147,824千元及4,611,692千元、民國九十九年及
九十八年上半年度分別認列之投資利益103,175千元及130,856千元，係依據被投資公司自
行編製同期間未經會計師查核之財務報表評價計列。另，附註十一(二)「轉投資事業相關
資訊」係由被投資公司所提供，本會計師亦未採用上段所述之查核程序予以查核。
    依本會計師之意見，除第三段所述被投資公司民國九十九年及九十八年上半年度財務
報表如經會計師查核，對於採權益法之長期投資之評價，相關損益及被投資公司相關資訊
之揭露可能有所調整外，第一段所述財務報表在所有重大方面係依照證券發行人財務報告
編製準則、商業會計法及商業會計處理準則中與財務會計準則相關之規定及一般公認會計
原則編製，足以允當表達三陽工業股份有限公司民國九十九年及九十八年六月三十日之財
務狀況，暨截至各該日止之民國九十九年及九十八年上半年度之經營成果與現金流量。
    三陽工業股份有限公司民國九十九年上半年度財務報表重要會計科目明細表，主要係
供補充分析之用，亦經本會計師採用第二段所述之查核程序予以查核。依本會計師之意見
，該等明細表係依據證券發行人財務報告編製準則編製，足以允當表達其與第一段所述財
務報表有關之內容。
    如財務報表附註七所述，三陽工業股份有限公司之曾孫公司廈杏摩托有限公司受當地
政府調查是否涉及逃漏關稅乙案，其最終結果尚待中國大陸主管機關判定。另三陽工業股
份有限公司之孫公司Plassen International Limited及Cosmos System Inc.與該等公司
之轉投資公司廈杏摩托有限公司、廈杏摩托銷售有限公司及慶洲機械工業有限公司之財務
狀況均不佳，已由其母公司SY International Ltd.承諾給予財務支援。
    三陽工業股份有限公司已編製民國九十九年及九十八年上半年度該公司及其子公司合
併財務報表，並經本會計師出具保留式核閱報告在案，備供參考。

                              安 侯 建 業 聯 合 會 計 師 事 務 所


                              會　計　師：簡蒂暖
                                          陳嘉修

                              證券主管機關核准簽證文號:(88)台財證(六)第18311號
                                          民 國 九 十 九  年  八  月 二 十  日
]]></tw-gaap-ar:AccountantsReportBody>
	<tw-gaap-notes:FinancialReportnotes contextRef="AsOf20100630"><![CDATA[http://doc.twse.com.tw/server-java/t57sb01?step=1&colorchg=1&co_id=2206&year=99&seamon=2&mtype=A&]]></tw-gaap-notes:FinancialReportnotes>
</xbrl>

<!--This instance document is created by SIIAP V1.2.11-->
