<?xml version="1.0" encoding="UTF-8" ?><xbrl xmlns="http://www.xbrl.org/2003/instance" xmlns:iso4217="http://www.xbrl.org/2003/iso4217" xmlns:link="http://www.xbrl.org/2003/linkbase" xmlns:tw-gaap-ar="http://www.xbrl.org/tw/fr/gaap/ar/2010-12-31" xmlns:tw-gaap-ci="http://www.xbrl.org/tw/fr/gaap/tw-gaap-ci-2010-12-31" xmlns:tw-gaap-notes="http://www.xbrl.org/tw/fr/gaap/notes/2010-12-31" xmlns:xbrldi="http://xbrl.org/2006/xbrldi" xmlns:xbrldt="http://xbrl.org/2005/xbrldt" xmlns:xbrli="http://www.xbrl.org/2003/instance" xmlns:xlink="http://www.w3.org/1999/xlink"><link:schemaRef xlink:arcrole="http://www.w3.org/1999/xlink/properties/linkbase" xlink:href="tw-gaap-ci-2010-12-31.xsd" xlink:type="simple" />
<context id="AsOf20110101"><entity><identifier scheme="http://www.twse.com.tw">2301</identifier></entity><period><instant>2011-01-01</instant></period></context>
<context id="AsOf20100101"><entity><identifier scheme="http://www.twse.com.tw">2301</identifier></entity><period><instant>2010-01-01</instant></period></context>
<context id="From20110101To20110331"><entity><identifier scheme="http://www.twse.com.tw">2301</identifier></entity><period><startDate>2011-01-01</startDate><endDate>2011-03-31</endDate></period></context>
<context id="From20100101To20100331"><entity><identifier scheme="http://www.twse.com.tw">2301</identifier></entity><period><startDate>2010-01-01</startDate><endDate>2010-03-31</endDate></period></context>
<context id="AsOf20110331"><entity><identifier scheme="http://www.twse.com.tw">2301</identifier></entity><period><instant>2011-03-31</instant></period></context>
<context id="AsOf20100331"><entity><identifier scheme="http://www.twse.com.tw">2301</identifier></entity><period><instant>2010-03-31</instant></period></context>
<context id="AsOf20110418"><entity><identifier scheme="http://www.twse.com.tw">2301</identifier></entity><period><instant>2011-04-18</instant></period></context>
<unit id="TWD"><measure>iso4217:TWD</measure></unit>
<unit id="Shares"><measure>xbrli:shares</measure></unit>
<unit id="EarningsPerShare"><divide><unitNumerator><measure>iso4217:TWD</measure></unitNumerator><unitDenominator><measure>xbrli:shares</measure></unitDenominator></divide></unit>
<tw-gaap-ci:Assets contextRef="AsOf20110331" decimals="-3" unitRef="TWD">111876889000</tw-gaap-ci:Assets>
<tw-gaap-ci:Assets contextRef="AsOf20100331" decimals="-3" unitRef="TWD">113194827000</tw-gaap-ci:Assets>
<tw-gaap-ci:CurrentAssets contextRef="AsOf20110331" decimals="-3" unitRef="TWD">36605501000</tw-gaap-ci:CurrentAssets>
<tw-gaap-ci:CurrentAssets contextRef="AsOf20100331" decimals="-3" unitRef="TWD">38116523000</tw-gaap-ci:CurrentAssets>
<tw-gaap-ci:CashCashEquivalents contextRef="AsOf20110331" decimals="-3" unitRef="TWD">8313905000</tw-gaap-ci:CashCashEquivalents>
<tw-gaap-ci:CashCashEquivalents contextRef="AsOf20100331" decimals="-3" unitRef="TWD">7736332000</tw-gaap-ci:CashCashEquivalents>
<tw-gaap-ci:NetNotesReceivable contextRef="AsOf20100331" decimals="-3" unitRef="TWD">141000</tw-gaap-ci:NetNotesReceivable>
<tw-gaap-ci:NetAccountsReceivable contextRef="AsOf20110331" decimals="-3" unitRef="TWD">15005508000</tw-gaap-ci:NetAccountsReceivable>
<tw-gaap-ci:NetAccountsReceivable contextRef="AsOf20100331" decimals="-3" unitRef="TWD">15183334000</tw-gaap-ci:NetAccountsReceivable>
<tw-gaap-ci:NetAccountsReceivableRelatedParties contextRef="AsOf20110331" decimals="-3" unitRef="TWD">5646290000</tw-gaap-ci:NetAccountsReceivableRelatedParties>
<tw-gaap-ci:NetAccountsReceivableRelatedParties contextRef="AsOf20100331" decimals="-3" unitRef="TWD">7189103000</tw-gaap-ci:NetAccountsReceivableRelatedParties>
<tw-gaap-ci:OtherReceivablesRelatedParties contextRef="AsOf20110331" decimals="-3" unitRef="TWD">1568528000</tw-gaap-ci:OtherReceivablesRelatedParties>
<tw-gaap-ci:OtherReceivablesRelatedParties contextRef="AsOf20100331" decimals="-3" unitRef="TWD">731885000</tw-gaap-ci:OtherReceivablesRelatedParties>
<tw-gaap-ci:OtherFinancialAssetsCurrent contextRef="AsOf20110331" decimals="-3" unitRef="TWD">158968000</tw-gaap-ci:OtherFinancialAssetsCurrent>
<tw-gaap-ci:OtherFinancialAssetsCurrent contextRef="AsOf20100331" decimals="-3" unitRef="TWD">94013000</tw-gaap-ci:OtherFinancialAssetsCurrent>
<tw-gaap-ci:Inventories contextRef="AsOf20110331" decimals="-3" unitRef="TWD">5107917000</tw-gaap-ci:Inventories>
<tw-gaap-ci:Inventories contextRef="AsOf20100331" decimals="-3" unitRef="TWD">5615259000</tw-gaap-ci:Inventories>
<tw-gaap-ci:InventoriesManufacturing contextRef="AsOf20110331" decimals="-3" unitRef="TWD">5107917000</tw-gaap-ci:InventoriesManufacturing>
<tw-gaap-ci:InventoriesManufacturing contextRef="AsOf20100331" decimals="-3" unitRef="TWD">5615259000</tw-gaap-ci:InventoriesManufacturing>
<tw-gaap-ci:OtherPrepayments contextRef="AsOf20110331" decimals="-3" unitRef="TWD">363995000</tw-gaap-ci:OtherPrepayments>
<tw-gaap-ci:OtherPrepayments contextRef="AsOf20100331" decimals="-3" unitRef="TWD">757551000</tw-gaap-ci:OtherPrepayments>
<tw-gaap-ci:OtherCurrentAssets contextRef="AsOf20110331" decimals="-3" unitRef="TWD">440390000</tw-gaap-ci:OtherCurrentAssets>
<tw-gaap-ci:OtherCurrentAssets contextRef="AsOf20100331" decimals="-3" unitRef="TWD">808905000</tw-gaap-ci:OtherCurrentAssets>
<tw-gaap-ci:DeferredIncomeTaxAssetsCurrent contextRef="AsOf20110331" decimals="-3" unitRef="TWD">440390000</tw-gaap-ci:DeferredIncomeTaxAssetsCurrent>
<tw-gaap-ci:DeferredIncomeTaxAssetsCurrent contextRef="AsOf20100331" decimals="-3" unitRef="TWD">808905000</tw-gaap-ci:DeferredIncomeTaxAssetsCurrent>
<tw-gaap-ci:FundsInvestments contextRef="AsOf20110331" decimals="-3" unitRef="TWD">68880159000</tw-gaap-ci:FundsInvestments>
<tw-gaap-ci:FundsInvestments contextRef="AsOf20100331" decimals="-3" unitRef="TWD">68278748000</tw-gaap-ci:FundsInvestments>
<tw-gaap-ci:AvailablesaleFinancialAssetsNonCurrent contextRef="AsOf20110331" decimals="-3" unitRef="TWD">2504558000</tw-gaap-ci:AvailablesaleFinancialAssetsNonCurrent>
<tw-gaap-ci:AvailablesaleFinancialAssetsNonCurrent contextRef="AsOf20100331" decimals="-3" unitRef="TWD">2647826000</tw-gaap-ci:AvailablesaleFinancialAssetsNonCurrent>
<tw-gaap-ci:NetFinancialAssetsCarriedCostNonCurrent contextRef="AsOf20110331" decimals="-3" unitRef="TWD">814518000</tw-gaap-ci:NetFinancialAssetsCarriedCostNonCurrent>
<tw-gaap-ci:NetFinancialAssetsCarriedCostNonCurrent contextRef="AsOf20100331" decimals="-3" unitRef="TWD">1003935000</tw-gaap-ci:NetFinancialAssetsCarriedCostNonCurrent>
<tw-gaap-ci:LongtermInvestments contextRef="AsOf20110331" decimals="-3" unitRef="TWD">65561083000</tw-gaap-ci:LongtermInvestments>
<tw-gaap-ci:LongtermInvestments contextRef="AsOf20100331" decimals="-3" unitRef="TWD">64626987000</tw-gaap-ci:LongtermInvestments>
<tw-gaap-ci:LongtermInvestmentsEquity contextRef="AsOf20110331" decimals="-3" unitRef="TWD">65561083000</tw-gaap-ci:LongtermInvestmentsEquity>
<tw-gaap-ci:LongtermInvestmentsEquity contextRef="AsOf20100331" decimals="-3" unitRef="TWD">64626987000</tw-gaap-ci:LongtermInvestmentsEquity>
<tw-gaap-ci:FixedAssets contextRef="AsOf20110331" decimals="-3" unitRef="TWD">5528737000</tw-gaap-ci:FixedAssets>
<tw-gaap-ci:FixedAssets contextRef="AsOf20100331" decimals="-3" unitRef="TWD">5877933000</tw-gaap-ci:FixedAssets>
<tw-gaap-ci:CostsRevaluationIncrement contextRef="AsOf20110331" decimals="-3" unitRef="TWD">9942651000</tw-gaap-ci:CostsRevaluationIncrement>
<tw-gaap-ci:CostsRevaluationIncrement contextRef="AsOf20100331" decimals="-3" unitRef="TWD">9953691000</tw-gaap-ci:CostsRevaluationIncrement>
<tw-gaap-ci:FixedAssetsOriginalCosts contextRef="AsOf20110331" decimals="-3" unitRef="TWD">9942651000</tw-gaap-ci:FixedAssetsOriginalCosts>
<tw-gaap-ci:FixedAssetsOriginalCosts contextRef="AsOf20100331" decimals="-3" unitRef="TWD">9953691000</tw-gaap-ci:FixedAssetsOriginalCosts>
<tw-gaap-ci:Land contextRef="AsOf20110331" decimals="-3" unitRef="TWD">2280117000</tw-gaap-ci:Land>
<tw-gaap-ci:Land contextRef="AsOf20100331" decimals="-3" unitRef="TWD">2280117000</tw-gaap-ci:Land>
<tw-gaap-ci:BuildingsStructures contextRef="AsOf20110331" decimals="-3" unitRef="TWD">3699532000</tw-gaap-ci:BuildingsStructures>
<tw-gaap-ci:BuildingsStructures contextRef="AsOf20100331" decimals="-3" unitRef="TWD">3699182000</tw-gaap-ci:BuildingsStructures>
<tw-gaap-ci:MachineryEquipment contextRef="AsOf20110331" decimals="-3" unitRef="TWD">1608567000</tw-gaap-ci:MachineryEquipment>
<tw-gaap-ci:MachineryEquipment contextRef="AsOf20100331" decimals="-3" unitRef="TWD">1695136000</tw-gaap-ci:MachineryEquipment>
<tw-gaap-ci:MoldingEquipment contextRef="AsOf20110331" decimals="-3" unitRef="TWD">373886000</tw-gaap-ci:MoldingEquipment>
<tw-gaap-ci:MoldingEquipment contextRef="AsOf20100331" decimals="-3" unitRef="TWD">293375000</tw-gaap-ci:MoldingEquipment>
<tw-gaap-ci:TransportationEquipment contextRef="AsOf20110331" decimals="-3" unitRef="TWD">2137000</tw-gaap-ci:TransportationEquipment>
<tw-gaap-ci:TransportationEquipment contextRef="AsOf20100331" decimals="-3" unitRef="TWD">3803000</tw-gaap-ci:TransportationEquipment>
<tw-gaap-ci:OfficeEquipment contextRef="AsOf20110331" decimals="-3" unitRef="TWD">421998000</tw-gaap-ci:OfficeEquipment>
<tw-gaap-ci:OfficeEquipment contextRef="AsOf20100331" decimals="-3" unitRef="TWD">481277000</tw-gaap-ci:OfficeEquipment>
<tw-gaap-ci:LeasedAssets contextRef="AsOf20110331" decimals="-3" unitRef="TWD">5515000</tw-gaap-ci:LeasedAssets>
<tw-gaap-ci:LeasedAssets contextRef="AsOf20100331" decimals="-3" unitRef="TWD">5515000</tw-gaap-ci:LeasedAssets>
<tw-gaap-ci:OtherFacilities contextRef="AsOf20110331" decimals="-3" unitRef="TWD">1550899000</tw-gaap-ci:OtherFacilities>
<tw-gaap-ci:OtherFacilities contextRef="AsOf20100331" decimals="-3" unitRef="TWD">1495286000</tw-gaap-ci:OtherFacilities>
<tw-gaap-ci:AccumulatedDepreciation contextRef="AsOf20110331" decimals="-3" unitRef="TWD">4432463000</tw-gaap-ci:AccumulatedDepreciation>
<tw-gaap-ci:AccumulatedDepreciation contextRef="AsOf20100331" decimals="-3" unitRef="TWD">4075569000</tw-gaap-ci:AccumulatedDepreciation>
<tw-gaap-ci:AccumulatedImpairmentFixedAssets contextRef="AsOf20110331" decimals="-3" unitRef="TWD">15029000</tw-gaap-ci:AccumulatedImpairmentFixedAssets>
<tw-gaap-ci:AccumulatedImpairmentFixedAssets contextRef="AsOf20100331" decimals="-3" unitRef="TWD">15029000</tw-gaap-ci:AccumulatedImpairmentFixedAssets>
<tw-gaap-ci:ConstructionProcessPrepaymentEquipments contextRef="AsOf20110331" decimals="-3" unitRef="TWD">33578000</tw-gaap-ci:ConstructionProcessPrepaymentEquipments>
<tw-gaap-ci:ConstructionProcessPrepaymentEquipments contextRef="AsOf20100331" decimals="-3" unitRef="TWD">14840000</tw-gaap-ci:ConstructionProcessPrepaymentEquipments>
<tw-gaap-ci:PrepaymentsBusinessFacilities contextRef="AsOf20110331" decimals="-3" unitRef="TWD">33578000</tw-gaap-ci:PrepaymentsBusinessFacilities>
<tw-gaap-ci:PrepaymentsBusinessFacilities contextRef="AsOf20100331" decimals="-3" unitRef="TWD">14840000</tw-gaap-ci:PrepaymentsBusinessFacilities>
<tw-gaap-ci:IntangibleAssets contextRef="AsOf20110331" decimals="-3" unitRef="TWD">644917000</tw-gaap-ci:IntangibleAssets>
<tw-gaap-ci:IntangibleAssets contextRef="AsOf20100331" decimals="-3" unitRef="TWD">690393000</tw-gaap-ci:IntangibleAssets>
<tw-gaap-ci:Patents contextRef="AsOf20110331" decimals="-3" unitRef="TWD">18089000</tw-gaap-ci:Patents>
<tw-gaap-ci:Patents contextRef="AsOf20100331" decimals="-3" unitRef="TWD">22611000</tw-gaap-ci:Patents>
<tw-gaap-ci:Goodwill contextRef="AsOf20110331" decimals="-3" unitRef="TWD">544918000</tw-gaap-ci:Goodwill>
<tw-gaap-ci:Goodwill contextRef="AsOf20100331" decimals="-3" unitRef="TWD">544918000</tw-gaap-ci:Goodwill>
<tw-gaap-ci:OtherIntangibleAssets contextRef="AsOf20110331" decimals="-3" unitRef="TWD">81910000</tw-gaap-ci:OtherIntangibleAssets>
<tw-gaap-ci:OtherIntangibleAssets contextRef="AsOf20100331" decimals="-3" unitRef="TWD">122864000</tw-gaap-ci:OtherIntangibleAssets>
<tw-gaap-ci:OtherAssets contextRef="AsOf20110331" decimals="-3" unitRef="TWD">217575000</tw-gaap-ci:OtherAssets>
<tw-gaap-ci:OtherAssets contextRef="AsOf20100331" decimals="-3" unitRef="TWD">231230000</tw-gaap-ci:OtherAssets>
<tw-gaap-ci:NetIdledAssets contextRef="AsOf20100331" decimals="-3" unitRef="TWD">2000</tw-gaap-ci:NetIdledAssets>
<tw-gaap-ci:GuaranteeDepositsPaid contextRef="AsOf20110331" decimals="-3" unitRef="TWD">86690000</tw-gaap-ci:GuaranteeDepositsPaid>
<tw-gaap-ci:GuaranteeDepositsPaid contextRef="AsOf20100331" decimals="-3" unitRef="TWD">89552000</tw-gaap-ci:GuaranteeDepositsPaid>
<tw-gaap-ci:DeferredCharges contextRef="AsOf20110331" decimals="-3" unitRef="TWD">122300000</tw-gaap-ci:DeferredCharges>
<tw-gaap-ci:DeferredCharges contextRef="AsOf20100331" decimals="-3" unitRef="TWD">141676000</tw-gaap-ci:DeferredCharges>
<tw-gaap-ci:OtherAssetsOther contextRef="AsOf20110331" decimals="-3" unitRef="TWD">8585000</tw-gaap-ci:OtherAssetsOther>
<tw-gaap-ci:Liabilities contextRef="AsOf20110331" decimals="-3" unitRef="TWD">43815910000</tw-gaap-ci:Liabilities>
<tw-gaap-ci:Liabilities contextRef="AsOf20100331" decimals="-3" unitRef="TWD">48021124000</tw-gaap-ci:Liabilities>
<tw-gaap-ci:CurrentLiabilities contextRef="AsOf20110331" decimals="-3" unitRef="TWD">31683713000</tw-gaap-ci:CurrentLiabilities>
<tw-gaap-ci:CurrentLiabilities contextRef="AsOf20100331" decimals="-3" unitRef="TWD">31989693000</tw-gaap-ci:CurrentLiabilities>
<tw-gaap-ci:ShortTermBorrowings contextRef="AsOf20110331" decimals="-3" unitRef="TWD">83182000</tw-gaap-ci:ShortTermBorrowings>
<tw-gaap-ci:ShortTermBorrowings contextRef="AsOf20100331" decimals="-3" unitRef="TWD">37587000</tw-gaap-ci:ShortTermBorrowings>
<tw-gaap-ci:NotesPayable contextRef="AsOf20100331" decimals="-3" unitRef="TWD">332000</tw-gaap-ci:NotesPayable>
<tw-gaap-ci:AccountsPayable contextRef="AsOf20110331" decimals="-3" unitRef="TWD">6604908000</tw-gaap-ci:AccountsPayable>
<tw-gaap-ci:AccountsPayable contextRef="AsOf20100331" decimals="-3" unitRef="TWD">7764399000</tw-gaap-ci:AccountsPayable>
<tw-gaap-ci:AccountsPayableRelatedParties contextRef="AsOf20110331" decimals="-3" unitRef="TWD">15745357000</tw-gaap-ci:AccountsPayableRelatedParties>
<tw-gaap-ci:AccountsPayableRelatedParties contextRef="AsOf20100331" decimals="-3" unitRef="TWD">17155242000</tw-gaap-ci:AccountsPayableRelatedParties>
<tw-gaap-ci:IncomeTaxPayable contextRef="AsOf20110331" decimals="-3" unitRef="TWD">586676000</tw-gaap-ci:IncomeTaxPayable>
<tw-gaap-ci:IncomeTaxPayable contextRef="AsOf20100331" decimals="-3" unitRef="TWD">571895000</tw-gaap-ci:IncomeTaxPayable>
<tw-gaap-ci:AccruedExpenses contextRef="AsOf20110331" decimals="-3" unitRef="TWD">2777855000</tw-gaap-ci:AccruedExpenses>
<tw-gaap-ci:AccruedExpenses contextRef="AsOf20100331" decimals="-3" unitRef="TWD">2608997000</tw-gaap-ci:AccruedExpenses>
<tw-gaap-ci:OtherPayablesRelatedParties contextRef="AsOf20110331" decimals="-3" unitRef="TWD">643354000</tw-gaap-ci:OtherPayablesRelatedParties>
<tw-gaap-ci:OtherPayablesRelatedParties contextRef="AsOf20100331" decimals="-3" unitRef="TWD">720584000</tw-gaap-ci:OtherPayablesRelatedParties>
<tw-gaap-ci:AdvanceReceipts contextRef="AsOf20110331" decimals="-3" unitRef="TWD">506829000</tw-gaap-ci:AdvanceReceipts>
<tw-gaap-ci:AdvanceReceipts contextRef="AsOf20100331" decimals="-3" unitRef="TWD">979463000</tw-gaap-ci:AdvanceReceipts>
<tw-gaap-ci:LongtermLiabilitiesCurrentPortion contextRef="AsOf20110331" decimals="-3" unitRef="TWD">3066667000</tw-gaap-ci:LongtermLiabilitiesCurrentPortion>
<tw-gaap-ci:LongtermLiabilitiesCurrentPortion contextRef="AsOf20100331" decimals="-3" unitRef="TWD">333333000</tw-gaap-ci:LongtermLiabilitiesCurrentPortion>
<tw-gaap-ci:OtherCurrentLiabilities contextRef="AsOf20110331" decimals="-3" unitRef="TWD">1668885000</tw-gaap-ci:OtherCurrentLiabilities>
<tw-gaap-ci:OtherCurrentLiabilities contextRef="AsOf20100331" decimals="-3" unitRef="TWD">1817861000</tw-gaap-ci:OtherCurrentLiabilities>
<tw-gaap-ci:LeasePayableCurrent contextRef="AsOf20110331" decimals="-3" unitRef="TWD">1494000</tw-gaap-ci:LeasePayableCurrent>
<tw-gaap-ci:LeasePayableCurrent contextRef="AsOf20100331" decimals="-3" unitRef="TWD">1860000</tw-gaap-ci:LeasePayableCurrent>
<tw-gaap-ci:AccruedWarrantyLiabilities contextRef="AsOf20110331" decimals="-3" unitRef="TWD">254061000</tw-gaap-ci:AccruedWarrantyLiabilities>
<tw-gaap-ci:AccruedWarrantyLiabilities contextRef="AsOf20100331" decimals="-3" unitRef="TWD">259246000</tw-gaap-ci:AccruedWarrantyLiabilities>
<tw-gaap-ci:OtherCurrentLiabilitiesOther contextRef="AsOf20110331" decimals="-3" unitRef="TWD">1413330000</tw-gaap-ci:OtherCurrentLiabilitiesOther>
<tw-gaap-ci:OtherCurrentLiabilitiesOther contextRef="AsOf20100331" decimals="-3" unitRef="TWD">1556755000</tw-gaap-ci:OtherCurrentLiabilitiesOther>
<tw-gaap-ci:LongTermLiabilities contextRef="AsOf20110331" decimals="-3" unitRef="TWD">11243087000</tw-gaap-ci:LongTermLiabilities>
<tw-gaap-ci:LongTermLiabilities contextRef="AsOf20100331" decimals="-3" unitRef="TWD">14345123000</tw-gaap-ci:LongTermLiabilities>
<tw-gaap-ci:HedgingDerivativeLiabilitiesNonCurrent contextRef="AsOf20110331" decimals="-3" unitRef="TWD">142454000</tw-gaap-ci:HedgingDerivativeLiabilitiesNonCurrent>
<tw-gaap-ci:HedgingDerivativeLiabilitiesNonCurrent contextRef="AsOf20100331" decimals="-3" unitRef="TWD">176864000</tw-gaap-ci:HedgingDerivativeLiabilitiesNonCurrent>
<tw-gaap-ci:LongtermBorrowings contextRef="AsOf20110331" decimals="-3" unitRef="TWD">11100000000</tw-gaap-ci:LongtermBorrowings>
<tw-gaap-ci:LongtermBorrowings contextRef="AsOf20100331" decimals="-3" unitRef="TWD">14166667000</tw-gaap-ci:LongtermBorrowings>
<tw-gaap-ci:LongtermBankLoans contextRef="AsOf20110331" decimals="-3" unitRef="TWD">11100000000</tw-gaap-ci:LongtermBankLoans>
<tw-gaap-ci:LongtermBankLoans contextRef="AsOf20100331" decimals="-3" unitRef="TWD">14166667000</tw-gaap-ci:LongtermBankLoans>
<tw-gaap-ci:LongtermNotesAccountsPayable contextRef="AsOf20110331" decimals="-3" unitRef="TWD">633000</tw-gaap-ci:LongtermNotesAccountsPayable>
<tw-gaap-ci:LongtermNotesAccountsPayable contextRef="AsOf20100331" decimals="-3" unitRef="TWD">1592000</tw-gaap-ci:LongtermNotesAccountsPayable>
<tw-gaap-ci:LongtermLeasesPayable contextRef="AsOf20110331" decimals="-3" unitRef="TWD">633000</tw-gaap-ci:LongtermLeasesPayable>
<tw-gaap-ci:LongtermLeasesPayable contextRef="AsOf20100331" decimals="-3" unitRef="TWD">1592000</tw-gaap-ci:LongtermLeasesPayable>
<tw-gaap-ci:Reserves contextRef="AsOf20110331" decimals="-3" unitRef="TWD">230216000</tw-gaap-ci:Reserves>
<tw-gaap-ci:Reserves contextRef="AsOf20100331" decimals="-3" unitRef="TWD">230216000</tw-gaap-ci:Reserves>
<tw-gaap-ci:ReserveLandRevaluationIncrementTax contextRef="AsOf20110331" decimals="-3" unitRef="TWD">230216000</tw-gaap-ci:ReserveLandRevaluationIncrementTax>
<tw-gaap-ci:ReserveLandRevaluationIncrementTax contextRef="AsOf20100331" decimals="-3" unitRef="TWD">230216000</tw-gaap-ci:ReserveLandRevaluationIncrementTax>
<tw-gaap-ci:OtherLiabilities contextRef="AsOf20110331" decimals="-3" unitRef="TWD">658894000</tw-gaap-ci:OtherLiabilities>
<tw-gaap-ci:OtherLiabilities contextRef="AsOf20100331" decimals="-3" unitRef="TWD">1456092000</tw-gaap-ci:OtherLiabilities>
<tw-gaap-ci:PensionReserve contextRef="AsOf20100331" decimals="-3" unitRef="TWD">11219000</tw-gaap-ci:PensionReserve>
<tw-gaap-ci:GuaranteeDepositsReceived contextRef="AsOf20110331" decimals="-3" unitRef="TWD">15230000</tw-gaap-ci:GuaranteeDepositsReceived>
<tw-gaap-ci:GuaranteeDepositsReceived contextRef="AsOf20100331" decimals="-3" unitRef="TWD">15191000</tw-gaap-ci:GuaranteeDepositsReceived>
<tw-gaap-ci:DeferredIncomeTax contextRef="AsOf20110331" decimals="-3" unitRef="TWD">437497000</tw-gaap-ci:DeferredIncomeTax>
<tw-gaap-ci:DeferredIncomeTax contextRef="AsOf20100331" decimals="-3" unitRef="TWD">1240590000</tw-gaap-ci:DeferredIncomeTax>
<tw-gaap-ci:OtherLiabilitiesOther contextRef="AsOf20110331" decimals="-3" unitRef="TWD">206167000</tw-gaap-ci:OtherLiabilitiesOther>
<tw-gaap-ci:OtherLiabilitiesOther contextRef="AsOf20100331" decimals="-3" unitRef="TWD">189092000</tw-gaap-ci:OtherLiabilitiesOther>
<tw-gaap-ci:DeferredCreditsGainsonInterAffiliateAccounts contextRef="AsOf20110331" decimals="-3" unitRef="TWD">206167000</tw-gaap-ci:DeferredCreditsGainsonInterAffiliateAccounts>
<tw-gaap-ci:DeferredCreditsGainsonInterAffiliateAccounts contextRef="AsOf20100331" decimals="-3" unitRef="TWD">189092000</tw-gaap-ci:DeferredCreditsGainsonInterAffiliateAccounts>
<tw-gaap-ci:StockholdersEquities contextRef="AsOf20110331" decimals="-3" unitRef="TWD">68060979000</tw-gaap-ci:StockholdersEquities>
<tw-gaap-ci:StockholdersEquities contextRef="AsOf20100331" decimals="-3" unitRef="TWD">65173703000</tw-gaap-ci:StockholdersEquities>
<tw-gaap-ci:Capital contextRef="AsOf20110331" decimals="-3" unitRef="TWD">22847940000</tw-gaap-ci:Capital>
<tw-gaap-ci:Capital contextRef="AsOf20100331" decimals="-3" unitRef="TWD">22625625000</tw-gaap-ci:Capital>
<tw-gaap-ci:CommonStock contextRef="AsOf20110331" decimals="-3" unitRef="TWD">22847940000</tw-gaap-ci:CommonStock>
<tw-gaap-ci:CommonStock contextRef="AsOf20100331" decimals="-3" unitRef="TWD">22623610000</tw-gaap-ci:CommonStock>
<tw-gaap-ci:AdvanceReceiptsCommonStock contextRef="AsOf20100331" decimals="-3" unitRef="TWD">2015000</tw-gaap-ci:AdvanceReceiptsCommonStock>
<tw-gaap-ci:CapitalSurplus contextRef="AsOf20110331" decimals="-3" unitRef="TWD">27407713000</tw-gaap-ci:CapitalSurplus>
<tw-gaap-ci:CapitalSurplus contextRef="AsOf20100331" decimals="-3" unitRef="TWD">27026330000</tw-gaap-ci:CapitalSurplus>
<tw-gaap-ci:CapitalSurplusAdditionalPaidCapital contextRef="AsOf20110331" decimals="-3" unitRef="TWD">15841979000</tw-gaap-ci:CapitalSurplusAdditionalPaidCapital>
<tw-gaap-ci:CapitalSurplusAdditionalPaidCapital contextRef="AsOf20100331" decimals="-3" unitRef="TWD">15583103000</tw-gaap-ci:CapitalSurplusAdditionalPaidCapital>
<tw-gaap-ci:CapitalSurplusAdditionalPaidCapitalCommonStock contextRef="AsOf20110331" decimals="-3" unitRef="TWD">8200480000</tw-gaap-ci:CapitalSurplusAdditionalPaidCapitalCommonStock>
<tw-gaap-ci:CapitalSurplusAdditionalPaidCapitalCommonStock contextRef="AsOf20100331" decimals="-3" unitRef="TWD">7941604000</tw-gaap-ci:CapitalSurplusAdditionalPaidCapitalCommonStock>
<tw-gaap-ci:CapitalSurplusAdditionalPaidCapitalBondConversion contextRef="AsOf20110331" decimals="-3" unitRef="TWD">7641499000</tw-gaap-ci:CapitalSurplusAdditionalPaidCapitalBondConversion>
<tw-gaap-ci:CapitalSurplusAdditionalPaidCapitalBondConversion contextRef="AsOf20100331" decimals="-3" unitRef="TWD">7641499000</tw-gaap-ci:CapitalSurplusAdditionalPaidCapitalBondConversion>
<tw-gaap-ci:CapitalSurplusTreasuryStockTransactions contextRef="AsOf20110331" decimals="-3" unitRef="TWD">346691000</tw-gaap-ci:CapitalSurplusTreasuryStockTransactions>
<tw-gaap-ci:CapitalSurplusTreasuryStockTransactions contextRef="AsOf20100331" decimals="-3" unitRef="TWD">289206000</tw-gaap-ci:CapitalSurplusTreasuryStockTransactions>
<tw-gaap-ci:CapitalSurplusLongTermEquityInvestments contextRef="AsOf20110331" decimals="-3" unitRef="TWD">959860000</tw-gaap-ci:CapitalSurplusLongTermEquityInvestments>
<tw-gaap-ci:CapitalSurplusLongTermEquityInvestments contextRef="AsOf20100331" decimals="-3" unitRef="TWD">897496000</tw-gaap-ci:CapitalSurplusLongTermEquityInvestments>
<tw-gaap-ci:CapitalSurplusPremiumMerger contextRef="AsOf20110331" decimals="-3" unitRef="TWD">10255921000</tw-gaap-ci:CapitalSurplusPremiumMerger>
<tw-gaap-ci:CapitalSurplusPremiumMerger contextRef="AsOf20100331" decimals="-3" unitRef="TWD">10255921000</tw-gaap-ci:CapitalSurplusPremiumMerger>
<tw-gaap-ci:CapitalSurplusEmployeeStockOption contextRef="AsOf20110331" decimals="-3" unitRef="TWD">3262000</tw-gaap-ci:CapitalSurplusEmployeeStockOption>
<tw-gaap-ci:CapitalSurplusEmployeeStockOption contextRef="AsOf20100331" decimals="-3" unitRef="TWD">604000</tw-gaap-ci:CapitalSurplusEmployeeStockOption>
<tw-gaap-ci:RetainedEarnings contextRef="AsOf20110331" decimals="-3" unitRef="TWD">19657005000</tw-gaap-ci:RetainedEarnings>
<tw-gaap-ci:RetainedEarnings contextRef="AsOf20100331" decimals="-3" unitRef="TWD">16164995000</tw-gaap-ci:RetainedEarnings>
<tw-gaap-ci:LegalReserve contextRef="AsOf20110331" decimals="-3" unitRef="TWD">6226667000</tw-gaap-ci:LegalReserve>
<tw-gaap-ci:LegalReserve contextRef="AsOf20100331" decimals="-3" unitRef="TWD">5521483000</tw-gaap-ci:LegalReserve>
<tw-gaap-ci:UnappropriatedRetainedEarnings contextRef="AsOf20110331" decimals="-3" unitRef="TWD">13430338000</tw-gaap-ci:UnappropriatedRetainedEarnings>
<tw-gaap-ci:UnappropriatedRetainedEarnings contextRef="AsOf20100331" decimals="-3" unitRef="TWD">10643512000</tw-gaap-ci:UnappropriatedRetainedEarnings>
<tw-gaap-ci:StockholdersEquitiesAdjustments contextRef="AsOf20110331" decimals="-3" unitRef="TWD">-1851679000</tw-gaap-ci:StockholdersEquitiesAdjustments>
<tw-gaap-ci:StockholdersEquitiesAdjustments contextRef="AsOf20100331" decimals="-3" unitRef="TWD">-643247000</tw-gaap-ci:StockholdersEquitiesAdjustments>
<tw-gaap-ci:CumulativeTranslationAdjustments contextRef="AsOf20110331" decimals="-3" unitRef="TWD">-611639000</tw-gaap-ci:CumulativeTranslationAdjustments>
<tw-gaap-ci:CumulativeTranslationAdjustments contextRef="AsOf20100331" decimals="-3" unitRef="TWD">330401000</tw-gaap-ci:CumulativeTranslationAdjustments>
<tw-gaap-ci:NetLossNotRecognizedPensionCost contextRef="AsOf20110331" decimals="-3" unitRef="TWD">3020000</tw-gaap-ci:NetLossNotRecognizedPensionCost>
<tw-gaap-ci:NetLossNotRecognizedPensionCost contextRef="AsOf20100331" decimals="-3" unitRef="TWD">27732000</tw-gaap-ci:NetLossNotRecognizedPensionCost>
<tw-gaap-ci:UnrealizedGainsLossesFinancialInstruments contextRef="AsOf20110331" decimals="-3" unitRef="TWD">620623000</tw-gaap-ci:UnrealizedGainsLossesFinancialInstruments>
<tw-gaap-ci:UnrealizedGainsLossesFinancialInstruments contextRef="AsOf20100331" decimals="-3" unitRef="TWD">911727000</tw-gaap-ci:UnrealizedGainsLossesFinancialInstruments>
<tw-gaap-ci:UnrealizedGainsLossesAvailableSaleFinancialAssets contextRef="AsOf20110331" decimals="-3" unitRef="TWD">763077000</tw-gaap-ci:UnrealizedGainsLossesAvailableSaleFinancialAssets>
<tw-gaap-ci:UnrealizedGainsLossesAvailableSaleFinancialAssets contextRef="AsOf20100331" decimals="-3" unitRef="TWD">1088591000</tw-gaap-ci:UnrealizedGainsLossesAvailableSaleFinancialAssets>
<tw-gaap-ci:UnrealizedGainsLossesCashFlowHedge contextRef="AsOf20110331" decimals="-3" unitRef="TWD">-142454000</tw-gaap-ci:UnrealizedGainsLossesCashFlowHedge>
<tw-gaap-ci:UnrealizedGainsLossesCashFlowHedge contextRef="AsOf20100331" decimals="-3" unitRef="TWD">-176864000</tw-gaap-ci:UnrealizedGainsLossesCashFlowHedge>
<tw-gaap-ci:TreasuryStock contextRef="AsOf20110331" decimals="-3" unitRef="TWD">1857643000</tw-gaap-ci:TreasuryStock>
<tw-gaap-ci:TreasuryStock contextRef="AsOf20100331" decimals="-3" unitRef="TWD">1857643000</tw-gaap-ci:TreasuryStock>
<tw-gaap-ci:EquivalentSharesOutstandingAdvanceReceiptsCommonStock contextRef="AsOf20110331" decimals="0" unitRef="Shares">0</tw-gaap-ci:EquivalentSharesOutstandingAdvanceReceiptsCommonStock>
<tw-gaap-ci:EquivalentSharesOutstandingAdvanceReceiptsCommonStock contextRef="AsOf20100331" decimals="0" unitRef="Shares">201500</tw-gaap-ci:EquivalentSharesOutstandingAdvanceReceiptsCommonStock>
<tw-gaap-ci:NumberTreasuryStockAcquiredCompanySubsidiaries contextRef="AsOf20110331" decimals="0" unitRef="Shares">58266084</tw-gaap-ci:NumberTreasuryStockAcquiredCompanySubsidiaries>
<tw-gaap-ci:NumberTreasuryStockAcquiredCompanySubsidiaries contextRef="AsOf20100331" decimals="0" unitRef="Shares">58128291</tw-gaap-ci:NumberTreasuryStockAcquiredCompanySubsidiaries>
<tw-gaap-ci:NetIncomeLoss contextRef="From20110101To20110331" decimals="-3" unitRef="TWD">1445331000</tw-gaap-ci:NetIncomeLoss>
<tw-gaap-ci:NetIncomeLoss contextRef="From20100101To20100331" decimals="-3" unitRef="TWD">1806647000</tw-gaap-ci:NetIncomeLoss>
<tw-gaap-ci:IncomeContinuingOperations contextRef="From20110101To20110331" decimals="-3" unitRef="TWD">1445331000</tw-gaap-ci:IncomeContinuingOperations>
<tw-gaap-ci:IncomeContinuingOperations contextRef="From20100101To20100331" decimals="-3" unitRef="TWD">1806647000</tw-gaap-ci:IncomeContinuingOperations>
<tw-gaap-ci:IncomeContinuingOperationsBeforeIncomeTax contextRef="From20110101To20110331" decimals="-3" unitRef="TWD">1507920000</tw-gaap-ci:IncomeContinuingOperationsBeforeIncomeTax>
<tw-gaap-ci:IncomeContinuingOperationsBeforeIncomeTax contextRef="From20100101To20100331" decimals="-3" unitRef="TWD">1958527000</tw-gaap-ci:IncomeContinuingOperationsBeforeIncomeTax>
<tw-gaap-ci:OperatingIncomeLoss contextRef="From20110101To20110331" decimals="-3" unitRef="TWD">440436000</tw-gaap-ci:OperatingIncomeLoss>
<tw-gaap-ci:OperatingIncomeLoss contextRef="From20100101To20100331" decimals="-3" unitRef="TWD">112572000</tw-gaap-ci:OperatingIncomeLoss>
<tw-gaap-ci:GrossProfitLossOperations contextRef="From20110101To20110331" decimals="-3" unitRef="TWD">1519122000</tw-gaap-ci:GrossProfitLossOperations>
<tw-gaap-ci:GrossProfitLossOperations contextRef="From20100101To20100331" decimals="-3" unitRef="TWD">1595305000</tw-gaap-ci:GrossProfitLossOperations>
<tw-gaap-ci:OperatingRevenue contextRef="From20110101To20110331" decimals="-3" unitRef="TWD">22945474000</tw-gaap-ci:OperatingRevenue>
<tw-gaap-ci:OperatingRevenue contextRef="From20100101To20100331" decimals="-3" unitRef="TWD">24427513000</tw-gaap-ci:OperatingRevenue>
<tw-gaap-ci:NetSales contextRef="From20110101To20110331" decimals="-3" unitRef="TWD">22945474000</tw-gaap-ci:NetSales>
<tw-gaap-ci:NetSales contextRef="From20100101To20100331" decimals="-3" unitRef="TWD">24427513000</tw-gaap-ci:NetSales>
<tw-gaap-ci:Sales contextRef="From20110101To20110331" decimals="-3" unitRef="TWD">23210987000</tw-gaap-ci:Sales>
<tw-gaap-ci:Sales contextRef="From20100101To20100331" decimals="-3" unitRef="TWD">24688287000</tw-gaap-ci:Sales>
<tw-gaap-ci:SalesRevenue contextRef="From20110101To20110331" decimals="-3" unitRef="TWD">23210987000</tw-gaap-ci:SalesRevenue>
<tw-gaap-ci:SalesRevenue contextRef="From20100101To20100331" decimals="-3" unitRef="TWD">24688287000</tw-gaap-ci:SalesRevenue>
<tw-gaap-ci:SalesReturns contextRef="From20110101To20110331" decimals="-3" unitRef="TWD">163009000</tw-gaap-ci:SalesReturns>
<tw-gaap-ci:SalesReturns contextRef="From20100101To20100331" decimals="-3" unitRef="TWD">122345000</tw-gaap-ci:SalesReturns>
<tw-gaap-ci:SalesDiscountsAllowances contextRef="From20110101To20110331" decimals="-3" unitRef="TWD">102504000</tw-gaap-ci:SalesDiscountsAllowances>
<tw-gaap-ci:SalesDiscountsAllowances contextRef="From20100101To20100331" decimals="-3" unitRef="TWD">138429000</tw-gaap-ci:SalesDiscountsAllowances>
<tw-gaap-ci:OperatingCosts contextRef="From20110101To20110331" decimals="-3" unitRef="TWD">21426352000</tw-gaap-ci:OperatingCosts>
<tw-gaap-ci:OperatingCosts contextRef="From20100101To20100331" decimals="-3" unitRef="TWD">22832208000</tw-gaap-ci:OperatingCosts>
<tw-gaap-ci:RealizedGainInterAffiliateAccounts contextRef="From20110101To20110331" decimals="-3" unitRef="TWD">27654000</tw-gaap-ci:RealizedGainInterAffiliateAccounts>
<tw-gaap-ci:RealizedGainInterAffiliateAccounts contextRef="From20100101To20100331" decimals="-3" unitRef="TWD">7066000</tw-gaap-ci:RealizedGainInterAffiliateAccounts>
<tw-gaap-ci:OperatingExpenses contextRef="From20110101To20110331" decimals="-3" unitRef="TWD">1106340000</tw-gaap-ci:OperatingExpenses>
<tw-gaap-ci:OperatingExpenses contextRef="From20100101To20100331" decimals="-3" unitRef="TWD">1489799000</tw-gaap-ci:OperatingExpenses>
<tw-gaap-ci:Sellingexpense contextRef="From20110101To20110331" decimals="-3" unitRef="TWD">455779000</tw-gaap-ci:Sellingexpense>
<tw-gaap-ci:Sellingexpense contextRef="From20100101To20100331" decimals="-3" unitRef="TWD">596208000</tw-gaap-ci:Sellingexpense>
<tw-gaap-ci:GeneralAdministrativeExpenses contextRef="From20110101To20110331" decimals="-3" unitRef="TWD">311071000</tw-gaap-ci:GeneralAdministrativeExpenses>
<tw-gaap-ci:GeneralAdministrativeExpenses contextRef="From20100101To20100331" decimals="-3" unitRef="TWD">607980000</tw-gaap-ci:GeneralAdministrativeExpenses>
<tw-gaap-ci:ResearchDevelopmentExpenses contextRef="From20110101To20110331" decimals="-3" unitRef="TWD">339490000</tw-gaap-ci:ResearchDevelopmentExpenses>
<tw-gaap-ci:ResearchDevelopmentExpenses contextRef="From20100101To20100331" decimals="-3" unitRef="TWD">285611000</tw-gaap-ci:ResearchDevelopmentExpenses>
<tw-gaap-ci:NonOperatingIncomeGains contextRef="From20110101To20110331" decimals="-3" unitRef="TWD">1186321000</tw-gaap-ci:NonOperatingIncomeGains>
<tw-gaap-ci:NonOperatingIncomeGains contextRef="From20100101To20100331" decimals="-3" unitRef="TWD">2053548000</tw-gaap-ci:NonOperatingIncomeGains>
<tw-gaap-ci:InterestIncome contextRef="From20110101To20110331" decimals="-3" unitRef="TWD">7550000</tw-gaap-ci:InterestIncome>
<tw-gaap-ci:InterestIncome contextRef="From20100101To20100331" decimals="-3" unitRef="TWD">4273000</tw-gaap-ci:InterestIncome>
<tw-gaap-ci:InvestmentGains contextRef="From20110101To20110331" decimals="-3" unitRef="TWD">1069453000</tw-gaap-ci:InvestmentGains>
<tw-gaap-ci:InvestmentGains contextRef="From20100101To20100331" decimals="-3" unitRef="TWD">1902416000</tw-gaap-ci:InvestmentGains>
<tw-gaap-ci:InvestmentGainsRecognizedEquityMethod contextRef="From20110101To20110331" decimals="-3" unitRef="TWD">1069453000</tw-gaap-ci:InvestmentGainsRecognizedEquityMethod>
<tw-gaap-ci:InvestmentGainsRecognizedEquityMethod contextRef="From20100101To20100331" decimals="-3" unitRef="TWD">1902416000</tw-gaap-ci:InvestmentGainsRecognizedEquityMethod>
<tw-gaap-ci:GainsDisposalFixedAssets contextRef="From20110101To20110331" decimals="-3" unitRef="TWD">3519000</tw-gaap-ci:GainsDisposalFixedAssets>
<tw-gaap-ci:GainsDisposalFixedAssets contextRef="From20100101To20100331" decimals="-3" unitRef="TWD">1057000</tw-gaap-ci:GainsDisposalFixedAssets>
<tw-gaap-ci:MiscellaneousIncome contextRef="From20110101To20110331" decimals="-3" unitRef="TWD">105799000</tw-gaap-ci:MiscellaneousIncome>
<tw-gaap-ci:MiscellaneousIncome contextRef="From20100101To20100331" decimals="-3" unitRef="TWD">145802000</tw-gaap-ci:MiscellaneousIncome>
<tw-gaap-ci:NonOperatingExpenses contextRef="From20110101To20110331" decimals="-3" unitRef="TWD">118837000</tw-gaap-ci:NonOperatingExpenses>
<tw-gaap-ci:NonOperatingExpenses contextRef="From20100101To20100331" decimals="-3" unitRef="TWD">207593000</tw-gaap-ci:NonOperatingExpenses>
<tw-gaap-ci:InterestExpense contextRef="From20110101To20110331" decimals="-3" unitRef="TWD">70921000</tw-gaap-ci:InterestExpense>
<tw-gaap-ci:InterestExpense contextRef="From20100101To20100331" decimals="-3" unitRef="TWD">67570000</tw-gaap-ci:InterestExpense>
<tw-gaap-ci:LossDisposalFixedAssets contextRef="From20110101To20110331" decimals="-3" unitRef="TWD">208000</tw-gaap-ci:LossDisposalFixedAssets>
<tw-gaap-ci:ForeignExchangeLosses contextRef="From20110101To20110331" decimals="-3" unitRef="TWD">40315000</tw-gaap-ci:ForeignExchangeLosses>
<tw-gaap-ci:ForeignExchangeLosses contextRef="From20100101To20100331" decimals="-3" unitRef="TWD">9287000</tw-gaap-ci:ForeignExchangeLosses>
<tw-gaap-ci:MiscellaneousDisbursements contextRef="From20110101To20110331" decimals="-3" unitRef="TWD">7393000</tw-gaap-ci:MiscellaneousDisbursements>
<tw-gaap-ci:MiscellaneousDisbursements contextRef="From20100101To20100331" decimals="-3" unitRef="TWD">130736000</tw-gaap-ci:MiscellaneousDisbursements>
<tw-gaap-ci:IncomeTaxExpenseBenefit contextRef="From20110101To20110331" decimals="-3" unitRef="TWD">62589000</tw-gaap-ci:IncomeTaxExpenseBenefit>
<tw-gaap-ci:IncomeTaxExpenseBenefit contextRef="From20100101To20100331" decimals="-3" unitRef="TWD">151880000</tw-gaap-ci:IncomeTaxExpenseBenefit>
<tw-gaap-ci:PrimaryEarningsPerShare contextRef="From20110101To20110331" decimals="2" unitRef="TWD">0.65</tw-gaap-ci:PrimaryEarningsPerShare>
<tw-gaap-ci:PrimaryEarningsPerShare contextRef="From20100101To20100331" decimals="2" unitRef="TWD">0.82</tw-gaap-ci:PrimaryEarningsPerShare>
<tw-gaap-ci:DilutedEarningsPerShare contextRef="From20110101To20110331" decimals="2" unitRef="TWD">0.64</tw-gaap-ci:DilutedEarningsPerShare>
<tw-gaap-ci:DilutedEarningsPerShare contextRef="From20100101To20100331" decimals="2" unitRef="TWD">0.8</tw-gaap-ci:DilutedEarningsPerShare>
<tw-gaap-ci:NetChangesCashCashEquivalents contextRef="From20110101To20110331" decimals="-3" unitRef="TWD">1990300000</tw-gaap-ci:NetChangesCashCashEquivalents>
<tw-gaap-ci:NetChangesCashCashEquivalents contextRef="From20100101To20100331" decimals="-3" unitRef="TWD">1537506000</tw-gaap-ci:NetChangesCashCashEquivalents>
<tw-gaap-ci:NetCashProvidedUsedOperatingActivities contextRef="From20110101To20110331" decimals="-3" unitRef="TWD">2275202000</tw-gaap-ci:NetCashProvidedUsedOperatingActivities>
<tw-gaap-ci:NetCashProvidedUsedOperatingActivities contextRef="From20100101To20100331" decimals="-3" unitRef="TWD">1653662000</tw-gaap-ci:NetCashProvidedUsedOperatingActivities>
<tw-gaap-ci:NetIncomeLoss_StatementCashFlows contextRef="From20110101To20110331" decimals="-3" unitRef="TWD">1445331000</tw-gaap-ci:NetIncomeLoss_StatementCashFlows>
<tw-gaap-ci:NetIncomeLoss_StatementCashFlows contextRef="From20100101To20100331" decimals="-3" unitRef="TWD">1806647000</tw-gaap-ci:NetIncomeLoss_StatementCashFlows>
<tw-gaap-ci:AdjustmentsReconcileNetIncomeNetCashProvidedUsedOperatingActivities contextRef="From20110101To20110331" decimals="-3" unitRef="TWD">-469233000</tw-gaap-ci:AdjustmentsReconcileNetIncomeNetCashProvidedUsedOperatingActivities>
<tw-gaap-ci:AdjustmentsReconcileNetIncomeNetCashProvidedUsedOperatingActivities contextRef="From20100101To20100331" decimals="-3" unitRef="TWD">-1497425000</tw-gaap-ci:AdjustmentsReconcileNetIncomeNetCashProvidedUsedOperatingActivities>
<tw-gaap-ci:DepreciationExpense-Operating contextRef="From20110101To20110331" decimals="-3" unitRef="TWD">128961000</tw-gaap-ci:DepreciationExpense-Operating>
<tw-gaap-ci:DepreciationExpense-Operating contextRef="From20100101To20100331" decimals="-3" unitRef="TWD">152069000</tw-gaap-ci:DepreciationExpense-Operating>
<tw-gaap-ci:AmortizationExpense-Operating contextRef="From20110101To20110331" decimals="-3" unitRef="TWD">29945000</tw-gaap-ci:AmortizationExpense-Operating>
<tw-gaap-ci:AmortizationExpense-Operating contextRef="From20100101To20100331" decimals="-3" unitRef="TWD">32790000</tw-gaap-ci:AmortizationExpense-Operating>
<tw-gaap-ci:ProvisionTransferRevenueBadDebtsLosses contextRef="From20110101To20110331" decimals="-3" unitRef="TWD">1112000</tw-gaap-ci:ProvisionTransferRevenueBadDebtsLosses>
<tw-gaap-ci:ProvisionTransferRevenueBadDebtsLosses contextRef="From20100101To20100331" decimals="-3" unitRef="TWD">-19143000</tw-gaap-ci:ProvisionTransferRevenueBadDebtsLosses>
<tw-gaap-ci:InvestmentLossIncomeRecognizedEquityMethod contextRef="From20110101To20110331" decimals="-3" unitRef="TWD">-1069453000</tw-gaap-ci:InvestmentLossIncomeRecognizedEquityMethod>
<tw-gaap-ci:InvestmentLossIncomeRecognizedEquityMethod contextRef="From20100101To20100331" decimals="-3" unitRef="TWD">-1902416000</tw-gaap-ci:InvestmentLossIncomeRecognizedEquityMethod>
<tw-gaap-ci:CashDividendsReceivedEquityMethodInvestees contextRef="From20110101To20110331" decimals="-3" unitRef="TWD">449121000</tw-gaap-ci:CashDividendsReceivedEquityMethodInvestees>
<tw-gaap-ci:GainLossDisposalScrappingFixedAssets contextRef="From20110101To20110331" decimals="-3" unitRef="TWD">-3311000</tw-gaap-ci:GainLossDisposalScrappingFixedAssets>
<tw-gaap-ci:GainLossDisposalScrappingFixedAssets contextRef="From20100101To20100331" decimals="-3" unitRef="TWD">-1057000</tw-gaap-ci:GainLossDisposalScrappingFixedAssets>
<tw-gaap-ci:UnrealizedGainInteraffiliateAccounts_StatementCashFlows contextRef="From20110101To20110331" decimals="-3" unitRef="TWD">-27654000</tw-gaap-ci:UnrealizedGainInteraffiliateAccounts_StatementCashFlows>
<tw-gaap-ci:UnrealizedGainInteraffiliateAccounts_StatementCashFlows contextRef="From20100101To20100331" decimals="-3" unitRef="TWD">-7066000</tw-gaap-ci:UnrealizedGainInteraffiliateAccounts_StatementCashFlows>
<tw-gaap-ci:LossGainDeferredIncomeTax contextRef="From20110101To20110331" decimals="-3" unitRef="TWD">22046000</tw-gaap-ci:LossGainDeferredIncomeTax>
<tw-gaap-ci:LossGainDeferredIncomeTax contextRef="From20100101To20100331" decimals="-3" unitRef="TWD">247398000</tw-gaap-ci:LossGainDeferredIncomeTax>
<tw-gaap-ci:ChangesOperatingAssetsLiabilities contextRef="From20110101To20110331" decimals="-3" unitRef="TWD">1299104000</tw-gaap-ci:ChangesOperatingAssetsLiabilities>
<tw-gaap-ci:ChangesOperatingAssetsLiabilities contextRef="From20100101To20100331" decimals="-3" unitRef="TWD">1344440000</tw-gaap-ci:ChangesOperatingAssetsLiabilities>
<tw-gaap-ci:ChangesOperatingAssets contextRef="From20110101To20110331" decimals="-3" unitRef="TWD">4867103000</tw-gaap-ci:ChangesOperatingAssets>
<tw-gaap-ci:ChangesOperatingAssets contextRef="From20100101To20100331" decimals="-3" unitRef="TWD">2402514000</tw-gaap-ci:ChangesOperatingAssets>
<tw-gaap-ci:ChangesNotesReceivable contextRef="From20100101To20100331" decimals="-3" unitRef="TWD">-38000</tw-gaap-ci:ChangesNotesReceivable>
<tw-gaap-ci:ChangesAccountsReceivable contextRef="From20110101To20110331" decimals="-3" unitRef="TWD">558265000</tw-gaap-ci:ChangesAccountsReceivable>
<tw-gaap-ci:ChangesAccountsReceivable contextRef="From20100101To20100331" decimals="-3" unitRef="TWD">-377530000</tw-gaap-ci:ChangesAccountsReceivable>
<tw-gaap-ci:ChangesAccountsReceivableRelatedParties contextRef="From20110101To20110331" decimals="-3" unitRef="TWD">2019059000</tw-gaap-ci:ChangesAccountsReceivableRelatedParties>
<tw-gaap-ci:ChangesAccountsReceivableRelatedParties contextRef="From20100101To20100331" decimals="-3" unitRef="TWD">1742540000</tw-gaap-ci:ChangesAccountsReceivableRelatedParties>
<tw-gaap-ci:ChangesOtherReceivableRelatedParties contextRef="From20110101To20110331" decimals="-3" unitRef="TWD">253283000</tw-gaap-ci:ChangesOtherReceivableRelatedParties>
<tw-gaap-ci:ChangesOtherReceivableRelatedParties contextRef="From20100101To20100331" decimals="-3" unitRef="TWD">202825000</tw-gaap-ci:ChangesOtherReceivableRelatedParties>
<tw-gaap-ci:ChangesInventories contextRef="From20110101To20110331" decimals="-3" unitRef="TWD">1576265000</tw-gaap-ci:ChangesInventories>
<tw-gaap-ci:ChangesInventories contextRef="From20100101To20100331" decimals="-3" unitRef="TWD">1004722000</tw-gaap-ci:ChangesInventories>
<tw-gaap-ci:ChangesOtherPrepayments contextRef="From20110101To20110331" decimals="-3" unitRef="TWD">407076000</tw-gaap-ci:ChangesOtherPrepayments>
<tw-gaap-ci:ChangesOtherPrepayments contextRef="From20100101To20100331" decimals="-3" unitRef="TWD">-249168000</tw-gaap-ci:ChangesOtherPrepayments>
<tw-gaap-ci:ChangesOtherFinancialAssets_CI contextRef="From20110101To20110331" decimals="-3" unitRef="TWD">53155000</tw-gaap-ci:ChangesOtherFinancialAssets_CI>
<tw-gaap-ci:ChangesOtherFinancialAssets_CI contextRef="From20100101To20100331" decimals="-3" unitRef="TWD">79163000</tw-gaap-ci:ChangesOtherFinancialAssets_CI>
<tw-gaap-ci:ChangesOperatingLiabilities contextRef="From20110101To20110331" decimals="-3" unitRef="TWD">-3567999000</tw-gaap-ci:ChangesOperatingLiabilities>
<tw-gaap-ci:ChangesOperatingLiabilities contextRef="From20100101To20100331" decimals="-3" unitRef="TWD">-1058074000</tw-gaap-ci:ChangesOperatingLiabilities>
<tw-gaap-ci:ChangesNotesPayable contextRef="From20100101To20100331" decimals="-3" unitRef="TWD">312000</tw-gaap-ci:ChangesNotesPayable>
<tw-gaap-ci:ChangesAccountsPayable contextRef="From20110101To20110331" decimals="-3" unitRef="TWD">-657865000</tw-gaap-ci:ChangesAccountsPayable>
<tw-gaap-ci:ChangesAccountsPayable contextRef="From20100101To20100331" decimals="-3" unitRef="TWD">-1223368000</tw-gaap-ci:ChangesAccountsPayable>
<tw-gaap-ci:ChangesAccountsPayableRelatedParties contextRef="From20110101To20110331" decimals="-3" unitRef="TWD">-2337322000</tw-gaap-ci:ChangesAccountsPayableRelatedParties>
<tw-gaap-ci:ChangesAccountsPayableRelatedParties contextRef="From20100101To20100331" decimals="-3" unitRef="TWD">-118622000</tw-gaap-ci:ChangesAccountsPayableRelatedParties>
<tw-gaap-ci:ChangesIncomeTaxPayable contextRef="From20110101To20110331" decimals="-3" unitRef="TWD">-7022000</tw-gaap-ci:ChangesIncomeTaxPayable>
<tw-gaap-ci:ChangesIncomeTaxPayable contextRef="From20100101To20100331" decimals="-3" unitRef="TWD">-95983000</tw-gaap-ci:ChangesIncomeTaxPayable>
<tw-gaap-ci:ChangesAccruedExpenses contextRef="From20110101To20110331" decimals="-3" unitRef="TWD">-26818000</tw-gaap-ci:ChangesAccruedExpenses>
<tw-gaap-ci:ChangesAccruedExpenses contextRef="From20100101To20100331" decimals="-3" unitRef="TWD">77651000</tw-gaap-ci:ChangesAccruedExpenses>
<tw-gaap-ci:ChangeOtherPayableRelatedParties contextRef="From20110101To20110331" decimals="-3" unitRef="TWD">-100943000</tw-gaap-ci:ChangeOtherPayableRelatedParties>
<tw-gaap-ci:ChangeOtherPayableRelatedParties contextRef="From20100101To20100331" decimals="-3" unitRef="TWD">-125091000</tw-gaap-ci:ChangeOtherPayableRelatedParties>
<tw-gaap-ci:ChangesReceiptsAdvance contextRef="From20110101To20110331" decimals="-3" unitRef="TWD">-122823000</tw-gaap-ci:ChangesReceiptsAdvance>
<tw-gaap-ci:ChangesReceiptsAdvance contextRef="From20100101To20100331" decimals="-3" unitRef="TWD">172047000</tw-gaap-ci:ChangesReceiptsAdvance>
<tw-gaap-ci:ChangesOtherCurrentLiabilities_CI contextRef="From20110101To20110331" decimals="-3" unitRef="TWD">-317930000</tw-gaap-ci:ChangesOtherCurrentLiabilities_CI>
<tw-gaap-ci:ChangesOtherCurrentLiabilities_CI contextRef="From20100101To20100331" decimals="-3" unitRef="TWD">240076000</tw-gaap-ci:ChangesOtherCurrentLiabilities_CI>
<tw-gaap-ci:ChangesAccruedPensionLiabilities contextRef="From20100101To20100331" decimals="-3" unitRef="TWD">-5469000</tw-gaap-ci:ChangesAccruedPensionLiabilities>
<tw-gaap-ci:ChangesOtherOperatingLiabilities contextRef="From20110101To20110331" decimals="-3" unitRef="TWD">2724000</tw-gaap-ci:ChangesOtherOperatingLiabilities>
<tw-gaap-ci:ChangesOtherOperatingLiabilities contextRef="From20100101To20100331" decimals="-3" unitRef="TWD">20373000</tw-gaap-ci:ChangesOtherOperatingLiabilities>
<tw-gaap-ci:NetCashProvidedUsedInvestingActivities contextRef="From20110101To20110331" decimals="-3" unitRef="TWD">-138650000</tw-gaap-ci:NetCashProvidedUsedInvestingActivities>
<tw-gaap-ci:NetCashProvidedUsedInvestingActivities contextRef="From20100101To20100331" decimals="-3" unitRef="TWD">-110458000</tw-gaap-ci:NetCashProvidedUsedInvestingActivities>
<tw-gaap-ci:AcquisitionInvestmentsAccountedEquityMethod contextRef="From20100101To20100331" decimals="-3" unitRef="TWD">-211677000</tw-gaap-ci:AcquisitionInvestmentsAccountedEquityMethod>
<tw-gaap-ci:ProceedsDisposalInvestmentsAccountedEquityMethod contextRef="From20100101To20100331" decimals="-3" unitRef="TWD">115082000</tw-gaap-ci:ProceedsDisposalInvestmentsAccountedEquityMethod>
<tw-gaap-ci:AcquisitionPropertyPlantEquipment contextRef="From20110101To20110331" decimals="-3" unitRef="TWD">-138861000</tw-gaap-ci:AcquisitionPropertyPlantEquipment>
<tw-gaap-ci:AcquisitionPropertyPlantEquipment contextRef="From20100101To20100331" decimals="-3" unitRef="TWD">-7313000</tw-gaap-ci:AcquisitionPropertyPlantEquipment>
<tw-gaap-ci:ProceedsDisposalPropertyPlantEquipment contextRef="From20110101To20110331" decimals="-3" unitRef="TWD">8074000</tw-gaap-ci:ProceedsDisposalPropertyPlantEquipment>
<tw-gaap-ci:ChangesRefundableDeposits contextRef="From20110101To20110331" decimals="-3" unitRef="TWD">1133000</tw-gaap-ci:ChangesRefundableDeposits>
<tw-gaap-ci:ChangesRefundableDeposits contextRef="From20100101To20100331" decimals="-3" unitRef="TWD">155000</tw-gaap-ci:ChangesRefundableDeposits>
<tw-gaap-ci:IncreaseDeferredCharges contextRef="From20110101To20110331" decimals="-3" unitRef="TWD">-5200000</tw-gaap-ci:IncreaseDeferredCharges>
<tw-gaap-ci:IncreaseDeferredCharges contextRef="From20100101To20100331" decimals="-3" unitRef="TWD">-6705000</tw-gaap-ci:IncreaseDeferredCharges>
<tw-gaap-ci:ChamgesOtherAssets contextRef="From20110101To20110331" decimals="-3" unitRef="TWD">-3796000</tw-gaap-ci:ChamgesOtherAssets>
<tw-gaap-ci:NetCashProvidedUsedFinancingActivities contextRef="From20110101To20110331" decimals="-3" unitRef="TWD">-146252000</tw-gaap-ci:NetCashProvidedUsedFinancingActivities>
<tw-gaap-ci:NetCashProvidedUsedFinancingActivities contextRef="From20100101To20100331" decimals="-3" unitRef="TWD">-5698000</tw-gaap-ci:NetCashProvidedUsedFinancingActivities>
<tw-gaap-ci:ChangesShortTermLoans contextRef="From20110101To20110331" decimals="-3" unitRef="TWD">19331000</tw-gaap-ci:ChangesShortTermLoans>
<tw-gaap-ci:ChangesShortTermLoans contextRef="From20100101To20100331" decimals="-3" unitRef="TWD">-14583000</tw-gaap-ci:ChangesShortTermLoans>
<tw-gaap-ci:RepaymentLongTermDebt contextRef="From20110101To20110331" decimals="-3" unitRef="TWD">-166667000</tw-gaap-ci:RepaymentLongTermDebt>
<tw-gaap-ci:ChangesGuaranteeDepositsReceived contextRef="From20110101To20110331" decimals="-3" unitRef="TWD">971000</tw-gaap-ci:ChangesGuaranteeDepositsReceived>
<tw-gaap-ci:ChangesGuaranteeDepositsReceived contextRef="From20100101To20100331" decimals="-3" unitRef="TWD">2348000</tw-gaap-ci:ChangesGuaranteeDepositsReceived>
<tw-gaap-ci:ChangeLeasePayable_CashFlowsFinancingActivities contextRef="From20110101To20110331" decimals="-3" unitRef="TWD">113000</tw-gaap-ci:ChangeLeasePayable_CashFlowsFinancingActivities>
<tw-gaap-ci:ChangeLeasePayable_CashFlowsFinancingActivities contextRef="From20100101To20100331" decimals="-3" unitRef="TWD">-2350000</tw-gaap-ci:ChangeLeasePayable_CashFlowsFinancingActivities>
<tw-gaap-ci:EmployeeStockOptionsExercised contextRef="From20100101To20100331" decimals="-3" unitRef="TWD">8887000</tw-gaap-ci:EmployeeStockOptionsExercised>
<tw-gaap-ci:CashCashEquivalents contextRef="AsOf20110101" decimals="-3" unitRef="TWD">6323605000</tw-gaap-ci:CashCashEquivalents>
<tw-gaap-ci:CashCashEquivalents contextRef="AsOf20100101" decimals="-3" unitRef="TWD">6198826000</tw-gaap-ci:CashCashEquivalents>
<tw-gaap-ci:InterestPaidExcludingCapitalizedInterest contextRef="From20110101To20110331" decimals="-3" unitRef="TWD">71094000</tw-gaap-ci:InterestPaidExcludingCapitalizedInterest>
<tw-gaap-ci:InterestPaidExcludingCapitalizedInterest contextRef="From20100101To20100331" decimals="-3" unitRef="TWD">69126000</tw-gaap-ci:InterestPaidExcludingCapitalizedInterest>
<tw-gaap-ci:InterestPaid contextRef="From20110101To20110331" decimals="-3" unitRef="TWD">71094000</tw-gaap-ci:InterestPaid>
<tw-gaap-ci:InterestPaid contextRef="From20100101To20100331" decimals="-3" unitRef="TWD">69126000</tw-gaap-ci:InterestPaid>
<tw-gaap-ci:IncomeTaxPaid contextRef="From20110101To20110331" decimals="-3" unitRef="TWD">47565000</tw-gaap-ci:IncomeTaxPaid>
<tw-gaap-ci:IncomeTaxPaid contextRef="From20100101To20100331" decimals="-3" unitRef="TWD">465000</tw-gaap-ci:IncomeTaxPaid>
<tw-gaap-ci:CurrentPortionLong-termLiabilities contextRef="From20110101To20110331" decimals="-3" unitRef="TWD">3068161000</tw-gaap-ci:CurrentPortionLong-termLiabilities>
<tw-gaap-ci:CurrentPortionLong-termLiabilities contextRef="From20100101To20100331" decimals="-3" unitRef="TWD">335193000</tw-gaap-ci:CurrentPortionLong-termLiabilities>
<tw-gaap-ci:CashPaidAcquisitionPropertyPlantEquipment contextRef="From20110101To20110331" decimals="-3" unitRef="TWD">138861000</tw-gaap-ci:CashPaidAcquisitionPropertyPlantEquipment>
<tw-gaap-ci:CashPaidAcquisitionPropertyPlantEquipment contextRef="From20100101To20100331" decimals="-3" unitRef="TWD">7313000</tw-gaap-ci:CashPaidAcquisitionPropertyPlantEquipment>
<tw-gaap-ci:IncreasePropertyPlantEquipment contextRef="From20110101To20110331" decimals="-3" unitRef="TWD">38618000</tw-gaap-ci:IncreasePropertyPlantEquipment>
<tw-gaap-ci:IncreasePropertyPlantEquipment contextRef="From20100101To20100331" decimals="-3" unitRef="TWD">24076000</tw-gaap-ci:IncreasePropertyPlantEquipment>
<tw-gaap-ci:ChangesPayableEquipmentPurchased contextRef="From20110101To20110331" decimals="-3" unitRef="TWD">100243000</tw-gaap-ci:ChangesPayableEquipmentPurchased>
<tw-gaap-ci:ChangesPayableEquipmentPurchased contextRef="From20100101To20100331" decimals="-3" unitRef="TWD">-16763000</tw-gaap-ci:ChangesPayableEquipmentPurchased>
<tw-gaap-ar:AccountantName contextRef="AsOf20110418">勤業眾信聯合會計師事務所</tw-gaap-ar:AccountantName>
<tw-gaap-ar:AssuranceAccountantName1 contextRef="AsOf20110418">陳清祥</tw-gaap-ar:AssuranceAccountantName1>
<tw-gaap-ar:AssuranceAccountantName2 contextRef="AsOf20110418">張日炎</tw-gaap-ar:AssuranceAccountantName2>
<tw-gaap-ar:ReviewAuditDate contextRef="AsOf20110418">2011-04-18</tw-gaap-ar:ReviewAuditDate>
<tw-gaap-ar:ReviewReport contextRef="AsOf20110418">Y</tw-gaap-ar:ReviewReport>
<tw-gaap-ar:QualifiedOpinionAbstract contextRef="AsOf20110418">Y</tw-gaap-ar:QualifiedOpinionAbstract>
<tw-gaap-ar:ByInvestmentCompaniesWithoutAccountantAuditReportRecognizedGainLoss contextRef="AsOf20110418">Y</tw-gaap-ar:ByInvestmentCompaniesWithoutAccountantAuditReportRecognizedGainLoss>


<tw-gaap-ar:AccountantsReportBody contextRef="AsOf20110418"><![CDATA[會計師核閱報告

光寶科技股份有限公司　公鑒：

　　光寶科技股份有限公司民國一○○年及九十九年三月三十一日之資產負
債表，暨民國一○○年及九十九年一月一日至三月三十一日之損益表及現金
流量表，業經本會計師核閱竣事。上開財務報表之編製係管理階層之責任，
本會計師之責任則為根據核閱結果出具報告。
　　除下段所述者外，本會計師係依照審計準則公報第三十六號「財務報表
之核閱」規劃並執行核閱工作。由於本會計師僅實施分析、比較與查詢，並
未依照一般公認審計準則查核，故無法對上開財務報表整體表示查核意見。
　　如財務報表附註九所述，光寶科技股份有限公司民國一○○年及九十九
年三月三十一日採權益法計價之長期股權投資帳列金額中分別計新台幣（以
下同）53,858,486仟元及53,405,947仟元；民國一○○及九十九年第一季採權
益法認列之投資淨益分別計754,618仟元及1,457,578仟元，暨財務報表附註二
五附註揭露事項所述轉投資事業之相關資訊，係依據被投資公司同期間未經
會計師核閱之財務報表認列與揭露。
　　依本會計師核閱結果，除上段所述採權益法計價之長期股權投資及其相
關投資損益暨轉投資事業之相關資訊，係依據未經會計師核閱之財務報表認
列與揭露，倘該等財務報表經會計師核閱而有所調整時，對於民國一○○及
九十九年第一季財務報表之可能影響外，並未發現第一段所述財務報表在所
有重大方面有違反證券發行人財務報告編製準則、商業會計法及商業會計處
理準則中與財務會計準則相關之規定暨一般公認會計原則而須作修正之情
事。

　　光寶科技股份有限公司已編製民國一○○及九十九年第一季之合併財務
報表，並經本會計師出具保留式核閱報告在案，備供參考。











勤業眾信聯合會計師事務所
會 計 師　　陳　　清　　祥　　　　　　  會 計 師　　張　　日　　炎　　　　


財政部證券暨期貨管理委員會核准文號　　財政部證券暨期貨管理委員會核准文號
　台財證六字第0920123784號　　　　　  　台財證六字第0920123784號　　　　


中　　　華　　　民　　　國　　一○○　　年　　四　　月　　十八　　日]]></tw-gaap-ar:AccountantsReportBody>
<tw-gaap-notes:FinancialReportNotes contextRef="From20110101To20110331"><![CDATA[http://doc.twse.com.tw/server-java/t57sb01?step=1&colorchg=1&co_id=2301&year=100&seamon=1&mtype=A&]]></tw-gaap-notes:FinancialReportNotes>
<tw-gaap-notes:OrganizationAndOperations contextRef="From20110101To20110331"><![CDATA[　　本公司於七十八年三月成立，原名源興科技股份有限公司，自九
十一年八月起更名為光寶科技股份有限公司，為一股票上市公司，主
要經營業務為(1)電腦資訊系統及週邊設備之製造加工及買賣業務(2)
顯示器、多功能事務機、電視攝影機、網路設備、系統設備及其他影
像處理設備之製造加工買賣業務。
　　本公司以九十一年十一月四日為合併基準日，採吸收合併方式合
併台灣光寶電子股份有限公司（台灣光寶公司）、旭麗股份有限公司（旭
麗公司）及致福股份有限公司（致福公司），並以本公司為存續公司，
台灣光寶公司、旭麗公司及致福公司為消滅公司。除權後合併換股比
例為台灣光寶公司每一點五四股換發本公司一股股票，旭麗公司每一
點零八股換發本公司一股股票，致福公司每二點五八股換發本公司一
股股票，致本公司因合併而增發1,066,508仟股之普通股，以換發台灣
光寶公司、旭麗公司及致福公司已發行非本公司及其他消滅公司所持
有之股份，另本公司與消滅公司相互持有之股份已予註銷，合併發行
新股之權利義務與本公司原已發行股份相同。該合併案業經相關主管
機關核准並已向經濟部商業司完成變更登記。台灣光寶公司、旭麗公
司及致福公司之一切權利義務及債權債務，悉由本公司概括承受。
　　本公司以九十二年七月一日為分割基準日，將原屬不動產管理部
門之營業及其相關資產與負債分割予子公司－光寶不動產管理股份有
限公司（光寶不動產公司），本公司依據所分割之營業淨資產帳面價值
每36.40745元換取光寶不動產公司之普通股一股，共計取得光寶不動
產公司新發行普通股100,000仟股。該分割案業經相關主管機關核准並
已向經濟部商業司完成變更登記。分割之資產及負債帳面價值分別計
3,663,340仟元及22,595仟元，明細列示如下：
土　　地         $1,444,035
在建工程          2,219,305
土地增值稅準備     (22,595)
淨 資 產         $3,640,745

　　另本公司董事會於九十三年二月十一日決議通過以現金49,420仟
元作為合併之對價方式吸收合併子公司－松喬實業股份有限公司（松
喬實業公司），並以本公司為存續公司，松喬實業公司為消滅公司，是
項合併案業經臺灣證券交易所予以核准，嗣後經本公司董事會決議以
九十三年四月一日為合併基準日，並已向經濟部商業司完成變更登
記。松喬實業公司之一切權利義務及債權債務，悉由本公司概括承受。
　　另本公司董事會於九十八年八月二十七日決議通過與本公司百分
之百持股之子公司－光寶不動產公司進行簡易合併，並以九十八年九
月二十九日為合併基準日，本公司為存續公司，光寶不動產公司則為
消滅公司。光寶不動產公司之一切權利義務由本公司概括承受。
　　本公司於一○○及九十九年三月底，員工人數分別為1,799人及
1,624人。
]]></tw-gaap-notes:OrganizationAndOperations>
<tw-gaap-notes:SummaryOfSignificantAccountingPolicies contextRef="From20110101To20110331"><![CDATA[　　本財務報表係依照證券發行人財務報告編製準則、商業會計法、
商業會計處理準則及一般公認會計原則編製。依照前述準則、法令及
原則編製財務報表時，本公司對於備抵呆帳、存貨跌價損失、固定資
產折舊、退休金、所得稅、應計產品保證負債及員工分紅與董事酬勞
費用等提列，必須使用合理之估計金額，因估計涉及判斷，實際結果
可能有所差異。重要會計政策彙總說明如下：
合　　併
　　本公司合併之會計處理係依據財務會計準則公報第二十五號「企
業合併－購買法之會計處理」規定處理。當本公司交付現金或其他資
產之公平價值超過所取得消滅公司淨資產之公平價值時，其差額應列
為商譽；另若合併發行之權益證券，其市價不能代表消滅公司淨資產
之公平價值時，應評估所取得淨資產之公平價值。該淨資產之公平價
值減除因合併而發行權益證券之面值及其他相關成本後，淨額列為資
本公積。
資產與負債區分流動與非流動之標準
　　流動資產包括用途未受限制之現金、主要為交易目的而持有之資
產，以及預期於資產負債表日後十二個月內變現或耗用之資產；固定
資產、無形資產及其他不屬於流動資產之資產為非流動資產。流動負
債包括主要為交易目的而發生之負債，以及須於資產負債表日後十二
個月內清償之負債，負債不屬於流動負債者為非流動負債。
收入認列及應收帳款、備抵呆帳
　　銷貨收入係於貨物所有權及顯著風險承擔責任移轉予客戶（一般
係於運出時移轉）或勞務提供完成時認列，因其獲利過程大部分已完
成，且已實現或可實現。去料加工時，加工產品之所有權及顯著風險
並未移轉，是以去料時不作銷貨處理。
　　銷貨收入係按本公司與買方所協議交易對價（考量商業折扣及數
量折扣後）之公平價值衡量；惟銷貨收入之對價為一年期以內之應收
款時，其公平價值與到期值差異不大且交易量頻繁，則不按設算利率
計算公平價值。
　　權利金收入係於與交易有關之經濟效益很有可能流向本公司以及
收入金額能可靠衡量時，依照合約實質內容，按權責發生基礎認列收
入。若合約符合銷貨收入認列條件，且符合下列條件時，則於銷售時
一次認列權利金收入：
1.權利金之金額固定或不可退款；
2.合約係不可取消；
3.被授權方得自由處置相關權利；及
4.授權方於交付權利後無須履行其他義務。
　　備抵呆帳係按應收款項之收回可能性評估提列。本公司係依據對
客戶之應收帳款帳齡分析及抵押品價值等因素，定期評估應收帳款之
收回可能性。
　　如附註三所述，本公司自一○○年一月一日起採用新修訂之財務
會計準則公報第三十四號「金融商品之會計處理準則」，修訂條文將
原始產生之應收款納入適用範圍，故本公司對於應收帳款係於每一資
產負債表日評估其減損跡象，當有客觀證據顯示，因應收帳款原始認
列後發生之單一或多項事件，致使應收帳款之估計未來現金流量受影
響者，該應收帳款則視為已減損。客觀之減損證據可能包含：
1.債務人發生顯著財務困難；或
2.應收帳款發生逾期之情形；或
3.債務人很有可能倒閉或進行其他財務重整。
　　針對某些應收款項經個別評估未有減損後，另再以組合基礎來評
估減損。應收帳款組合之客觀減損證據可能包含本公司過去收款經
驗、該組合之延遲付款增加情況，以及與應收帳款違約有關之可觀察
全國性或區域性經濟情勢變化。
　　認列之減損損失金額係為該資產之帳面金額與預期未來現金流量
（已反映擔保品或保證之影響）以該應收帳款原始有效利率折現值之
間的差額。應收款帳之帳面金額係藉由備抵評價科目調降。當應收款
項視為無法回收時，係沖銷備抵評價科目。原先已沖銷而後續回收之
款項係貸記備抵評價科目。備抵評價科目帳面金額之變動認列為呆帳
損失。
存　　貨
　　存貨包括原物料、在製品、製成品及購入成品。存貨係以成本與
淨變現價值孰低計價，比較成本與淨變現價值時係以個別項目為基
礎。淨變現價值係指在正常情況下之估計售價減除至完工尚需投入之
成本及銷售費用後之餘額。存貨成本之計價係採加權平均法。
備供出售金融資產
　　備供出售金融資產於原始認列時，以公平價值衡量，並加計取得
或發行之交易成本：後續評價以公平價值衡量，且其價值變動列為股
東權益調整項目，累積之利益或損失於金融資產除列時，列入當期損
益。依慣例交易購買或出售金融資產時，採用交易日會計處理。
　　公平價值之基礎：上市（櫃）證券係資產負債表日之收盤價，開
放型基金受益憑證係資產負債表日之淨資產價值，債券係財團法人中
華民國證券櫃檯買賣中心資產負債表日之參考價；無活絡市場之金融
商品，以評價方法估計公平價值。
　　現金股利於股東會決議日認列收益，但依據投資前淨利宣告之部
分，係自投資成本減除。股票股利不列為投資收益，僅註記股數增加，
並按增加後之總股數重新計算每股成本。債務商品原始認列金額與到
期金額間之差額，採用利息法攤銷之利息，認列為當期損益。
　　若有減損之客觀證據，則認列減損損失。若後續期間減損金額減
少，備供出售權益商品之減損減少金額認列為股東權益調整項目；備
供出售債務商品之減損減少金額若明顯與認列減損後發生之事件有
關，則予以迴轉並認列為當期損益。
以成本衡量之金融資產
　　無法可靠衡量公平價值之權益商品投資，包括未上市（櫃）股票
及興櫃股票等，以原始認列之成本衡量。股利之會計處理，與備供出
售金融資產相似。若有減損之客觀證據，則認列減損損失，此減損金
額不予迴轉。
採權益法之長期股權投資
　　本公司對被投資公司持有表決權股份達百分之二十以上或具有重
大影響力者，採用權益法評價。長期股權投資採權益法者，以投資成
本加（或減）按持股比例認列被投資公司之純益（或純損）及增加之
資本公積計算，被投資公司發生純益（或純損）時，認列投資利益（或
損失）；發放現金股利時則作為投資成本減項。因認列被投資公司之虧
損而致對該被投資公司之長期股權投資帳面餘額為負數時，則按持股
比例繼續認列投資損失，因而產生之長期股權投資帳面貸方餘額，列
於其他負債項下。惟自九十四年度起，本公司對於已達控制能力之被
投資公司，若因認列被投資公司之虧損致對該被投資公司之長期股權
投資及墊款帳面餘額為負數時，除該被投資公司之其他股東有義務並
能夠提出額外資金承擔其損失外，本公司全額吸收超過該被投資公司
股東原有權益之損失金額，若該被投資公司日後獲利，則利益先歸屬
之本公司，直到原多承擔之損失完全回復為止。
　　取得股權或首次採用權益法時，先將投資成本予以分析處理，投
資成本超過可辨認淨資產公平價值部分列為商譽。商譽不予攤銷，但
每年定期進行減損測試，且發生特定事項或環境改變顯示商譽可能發
生減損時，亦進行減損測試。若可辨認淨資產公平價值超過投資成本，
則其差額就各非流動資產（非採權益法評價之金融資產、待處分資產、
遞延所得稅資產及預付退休金或其他退休給付除外）公平價值等比例
減少之，仍有差額時列為非常損益。
　　被投資公司發行新股時，若未按持股比例認購，致使投資比例發
生變動，並因而使投資之股權淨值發生增減時，其增減數調整資本公
積及長期股權投資；前項調整如應借記資本公積，惟長期股權投資所
產生之資本公積餘額不足時，其差額借記未分配盈餘。與被投資公司
間相互持股，係採用庫藏股票法認列損益。出售長期股權投資時，如
有因長期股權投資產生之資本公積餘額時，應按出售比例轉列當期損
益。子公司持有母公司股票視同庫藏股票，本公司發放予子公司之股
利於帳上係沖銷投資收益，並調整資本公積—庫藏股票交易。
　　本公司與採權益法計價之被投資公司間順流交易產生之未實現利
益，若具有控制能力，則全數予以遞延；若不具有控制能力，則按持
股比例予以遞延；逆流交易所產生之未實現利益，則按約當持股比例
予以遞延；側流交易所產生之未實現利益，則按對產生損益被投資公
司之約當持股比例予以遞延。遞延盈益帳列其他負債遞延貸項或沖減
長期股權投資，俟實現時，始予認列收入。
　　被投資公司發放股票股利時不列為投資收益，僅註記股數增加。
並按收到股票股利後之總股數，重新計算每股成本或帳面價值。
　　股票出售成本係按加權平均成本法計算。
固定資產
　　固定資產係按成本（或成本加重估增值）減累計折舊及累計減損
計價。重大更新及改良，作為資本支出；修理及維護支出，則作為當
期費用。
　　資本租賃係以各期租金給付額之現值總額或租賃開始日租賃資產
公平價值較低者作為成本入帳，並同時認列應付租賃款負債。每期所
支付租賃款中之隱含利息列為當期之利息費用。
　　折舊係按直線法依照下列耐用年數計提：建築物，五至六十年；
機器設備，二至十年；模具設備，二至十年；運輸設備，三至十年；
辦公設備，二至十年；租賃資產，三年至五年；其他設備，二至十年。
固定資產耐用年限屆滿仍繼續使用者，依原折舊方法按估計可繼續使
用年數計提。
　　固定資產辦理重估者，除增加重估資產之增值金額及將土地增值
稅準備列入長期負債外，差額則貸記資本公積。
　　固定資產出售或報廢時，其相關成本及累計折舊均自帳上減除。
處分固定資產之利益或損失，依其性質列為當期之營業外收入及利益
或費用及損失。
無形資產
　　無形資產以取得成本為入帳基礎，採用直線法依其耐用年限分期
攤銷。專利權及客戶關係（帳列其他無形資產）分別按六年及四年，
以直線法攤銷。
　　本公司因併購所產生之商譽，係採直線法分五年平均攤銷。惟自
九十五年一月一日起，依新修訂財務會計準則公報之規定，不再攤銷。
　　另本公司自九十六年一月一日起，適用新發布財務會計準則公報
第三十七號「無形資產之會計處理準則」之規定。研究階段之支出於
發生時認列為費用；發展階段之支出於符合規定條件時，認列為無形
資產，採用直線法依其耐用年限攤銷，不符合規定條件則列為當期費
用。
閒置資產
　　閒置資產之固定資產按淨公平價值或帳面價值較低者轉列其他資
產，並於九十五年一月一日起按直線法繼續攤提折舊。
遞延費用
　　係購置電腦軟體成本、技術權利金支出及辦公室裝潢支出等，依
其性質分別按二至五年平均攤銷。
資產減損
　　倘資產（主要係固定資產、專利權、商譽、其他無形資產、閒置
資產、遞延費用與採權益法之長期股權投資）以其相關可回收金額衡
量帳面價值有重大減損時，就其減損部分認列損失。嗣後若資產可回
收金額增加時，將減損損失之迴轉認列為利益，惟資產於減損損失迴
轉後之帳面價值，不得超過該項資產在未認列減損損失之情況下，減
除應提列折舊及攤銷後之帳面價值。但商譽減損損失不得迴轉。
　　對僅具重大影響力而未具控制能力之長期股權投資，則以個別長
期股權投資帳面價值（含商譽）為基礎，比較個別投資之可回收金額
與帳面價值以計算該投資之減損損失。
應計產品保證負債
　　係按以往年度各該產品退回維修情形及其保固期間所估列之產品
保證負債。
退休金
　　屬確定給付退休辦法之退休金係按精算結果認列；屬確定提撥退
休辦法之退休金，係於員工提供服務之期間，將應提撥之退休金數額
認列為當期費用。
　　確定給付退休辦法發生縮減或清償時，將縮減或清償損益列入當
期之淨退休金成本。
庫藏股票
　　本公司買回已發行股票作為庫藏股票時，將所支付之成本借記「庫
藏股票」科目，列為股東權益之減項。
　　處分時，處分價格若高於帳面價值，其差額作為資本公積－庫藏
股票交易；若低於帳面價值，其差額沖抵同種類庫藏股票之交易所產
生之資本公積，如有不足則沖抵未分配盈餘。
　　庫藏股票註銷時，按股權比例沖轉資本公積－股票發行溢價與股
本。庫藏股票之帳面價值如高於面值與股票溢價之合計數時，其差額
沖銷同種類庫藏股票所產生之資本公積，如有不足再沖銷未分配盈
餘；如低於面值與股票溢價之合計數時，其差額貸記同種類庫藏股票
交易所產生之資本公積。
　　九十一年度起，因適用新公布之財務會計準則，將子公司及孫公
司持有母公司之股票自長期股權投資重分類為庫藏股票，並以九十一
年初子公司及孫公司帳列轉投資母公司之帳面價值為入帳基礎。
員工認股權
　　發行酬勞性員工認股權憑證，其授予日或修正日於九十三年一月
一日（含）以後者，開始適用財團法人中華民國會計研究發展基金會
相關解釋函規定，本公司係選擇採用內含價值法處理，酬勞成本於認
股權計畫所規定之員工服務年限內逐期認列。
所得稅
　　所得稅係作跨期間所得稅分攤，即將可減除暫時性差異及未使用
投資抵減之所得稅影響數認列為遞延所得稅資產，並評估其可實現
性，認列備抵評價金額；應課稅暫時性差異之所得稅影響數認列為遞
延所得稅負債。遞延所得稅資產或負債依其相關資產或負債之分類劃
分為流動或非流動項目，無相關之資產或負債者，依預期迴轉期間之
長短劃分為流動或非流動項目。
　　購置機器設備或技術、研究發展及人才培訓等所產生之所得稅抵
減，採用當期認列法處理。
　　以前年度應付所得稅之調整，包含於當期所得稅。
　　未分配之盈餘加徵百分之十之所得稅，列為股東會決議年度所得
稅費用。
以外幣為準之交易事項
　　非衍生性商品之外幣交易所產生之各項外幣資產、負債、收入或
費用，按交易日之即期匯率折算新台幣金額入帳。外幣資產及負債實
際收付結清時所產生之兌換差額，作為當期損益。
　　資產負債表日之外幣貨幣性資產或負債，按該日即期匯率予以調
整，兌換差額列為當期損益。
　　資產負債表日之外幣非貨幣性資產或負債（例如權益商品），依公
平價值衡量者，按該日即期匯率調整，所產生之兌換差額，屬公平價
值變動認列為股東權益調整項目者，列為股東權益調整項目；屬公平
價值變動認列為當期損益者，列為當期損益。以成本衡量者，則按交
易日之歷史匯率衡量。
　　外幣長期投資採權益法計價者，以被投資公司之外幣財務報表換
算後所得之股東權益做為依據，兌換差額列入累積換算調整數，作為
股東權益之調整項目。
避險之衍生性金融商品
　　係以公平價值評價，且其價值變動依所規避之風險列為當期損益
或股東權益調整項目。
避險會計
　　符合適用避險會計之所有條件時，以互抵方式認列避險工具及被
避險項目之公平價值變動所產生之損益影響數，其會計處理方式如下：
　(一)公平價值避險：衍生性避險工具之損益，或非衍生性金融商品帳面
價值因匯率變動所產生之損益，立即認列為當期損益；被避險項目
因所規避之風險而產生之損益，係調整被避險項目之帳面價值並立
即認列為當期損益。
　(二)現金流量避險：避險工具之利益或損失屬有效避險部分，認列為股
東權益調整項目，並於被避險之預期交易影響淨損益時，轉列為當
期損益；若被避險之預期交易將認列資產或負債，係於所認列資產
或負債影響損益之期間內，轉列為當期損益。但認列為股東權益調
整項目之淨損失預期無法回收之金額，立即轉列當期損失。
　(三)國外營運機構淨投資避險：避險工具之利益或損失屬有效避險部
分，認列為股東權益調整項目，於處分國外營運機構時，再轉列為
當期損益。
　　本公司從事之避險活動著重於維持淨利息收入與支出，以及控制
市場價值風險。現金流量避險用以規避利率風險，公平價值避險用以
規避淨現值風險。
重分類
　　九十九年第一季之財務報表若干項目經重分類，俾配合一○○年
第一季財務報表之表達。
　
]]></tw-gaap-notes:SummaryOfSignificantAccountingPolicies>
<tw-gaap-notes:ChangesInAccountingPrinciples contextRef="From20110101To20110331"><![CDATA[金融商品之會計處理
本公司自一○○年一月一日起採用新修訂之財務會計準則公報第三十
四號「金融商品之會計處理準則」。主要之修訂包括(一)將應收租賃款
之減損納入公報適用範圍；(二)修訂保險相關合約之會計準則適用規
範；(三)將原始產生之放款及應收款納入公報適用範圍；(四)增訂以攤
銷後成本衡量之金融資產於債務困難修改條款時之減損規範；及(五)
債務條款修改時債務人之會計處理。此項會計變動對本公司未有重大
影響。
營運部門資訊之揭露
本公司自一○○年一月一日起，採用新發布之財務會計準則公報第四
十一號「營運部門資訊之揭露」。該公報之規定係以管理階層制定營
運事項決策時所使用之企業組成部分相關資訊為基礎，營運部門之辨
識則以主要營運決策者定期複核用以分配資源予部門與評量績效之內
部報告為基礎。該公報係取代財務會計準則公報第二十號「部門別財
務資訊之揭露」，採用該公報僅對本公司部門別資訊之報導方式產生
改變，本公司亦配合重編九十九年第一季之部門資訊，並已於合併財
務報表揭露營運部門資訊。
]]></tw-gaap-notes:ChangesInAccountingPrinciples>
</xbrl>
