<?xml version="1.0" encoding="UTF-8"?>
<xbrl xmlns="http://www.xbrl.org/2003/instance" xmlns:iso4217="http://www.xbrl.org/2003/iso4217" xmlns:link="http://www.xbrl.org/2003/linkbase" xmlns:tw-gaap-ar="http://www.xbrl.org/tw/fr/gaap/ar/2010-12-31" xmlns:tw-gaap-ci="http://www.xbrl.org/tw/fr/gaap/tw-gaap-ci-2010-12-31" xmlns:tw-gaap-notes="http://www.xbrl.org/tw/fr/gaap/notes/2010-12-31" xmlns:xbrldi="http://xbrl.org/2006/xbrldi" xmlns:xbrldt="http://xbrl.org/2005/xbrldt" xmlns:xbrli="http://www.xbrl.org/2003/instance" xmlns:xlink="http://www.w3.org/1999/xlink">
	<link:schemaRef xlink:arcrole="http://www.w3.org/1999/xlink/properties/linkbase" xlink:href="tw-gaap-ci-2010-12-31.xsd" xlink:type="simple"/>	<context id="AsOf20110415">
		<entity>
			<identifier scheme="http://www.twse.com.tw">2397</identifier>
		</entity>
		<period>
			<instant>2011-04-15</instant>
		</period>
	</context>
	<context id="AsOf20100101">
		<entity>
			<identifier scheme="http://www.twse.com.tw">2397</identifier>
		</entity>
		<period>
			<instant>2010-01-01</instant>
		</period>
	</context>
	<context id="AsOf20110101">
		<entity>
			<identifier scheme="http://www.twse.com.tw">2397</identifier>
		</entity>
		<period>
			<instant>2011-01-01</instant>
		</period>
	</context>
	<context id="From20100101To20100331">
		<entity>
			<identifier scheme="http://www.twse.com.tw">2397</identifier>
		</entity>
		<period>
			<startDate>2010-01-01</startDate>
			<endDate>2010-03-31</endDate>
		</period>
	</context>
	<context id="AsOf20100331">
		<entity>
			<identifier scheme="http://www.twse.com.tw">2397</identifier>
		</entity>
		<period>
			<instant>2010-03-31</instant>
		</period>
	</context>
	<context id="From20110101To20110331">
		<entity>
			<identifier scheme="http://www.twse.com.tw">2397</identifier>
		</entity>
		<period>
			<startDate>2011-01-01</startDate>
			<endDate>2011-03-31</endDate>
		</period>
	</context>
	<context id="AsOf20110331">
		<entity>
			<identifier scheme="http://www.twse.com.tw">2397</identifier>
		</entity>
		<period>
			<instant>2011-03-31</instant>
		</period>
	</context>
	<unit id="TWD">
		<measure>iso4217:TWD</measure>
	</unit>
	<unit id="Shares">
		<measure>xbrli:shares</measure>
	</unit>
	<unit id="EarningsPerShare">
		<divide>
			<unitNumerator>
				<measure>iso4217:TWD</measure>
			</unitNumerator>
			<unitDenominator>
				<measure>xbrli:shares</measure>
			</unitDenominator>
		</divide>
	</unit>
	<tw-gaap-ci:CashCashEquivalents contextRef="AsOf20110331" decimals="-3" unitRef="TWD">510294000</tw-gaap-ci:CashCashEquivalents>
	<tw-gaap-ci:CashCashEquivalents contextRef="AsOf20100331" decimals="-3" unitRef="TWD">646739000</tw-gaap-ci:CashCashEquivalents>
	<tw-gaap-ci:FinancialAssetsMeasuredFairValueProfitLossCurrent contextRef="AsOf20110331" decimals="-3" unitRef="TWD">1110979000</tw-gaap-ci:FinancialAssetsMeasuredFairValueProfitLossCurrent>
	<tw-gaap-ci:FinancialAssetsMeasuredFairValueProfitLossCurrent contextRef="AsOf20100331" decimals="-3" unitRef="TWD">1184087000</tw-gaap-ci:FinancialAssetsMeasuredFairValueProfitLossCurrent>
	<tw-gaap-ci:AvailableSaleFinancialAssetsCurrent contextRef="AsOf20110331" decimals="-3" unitRef="TWD">71964000</tw-gaap-ci:AvailableSaleFinancialAssetsCurrent>
	<tw-gaap-ci:AvailableSaleFinancialAssetsCurrent contextRef="AsOf20100331" decimals="-3" unitRef="TWD">90382000</tw-gaap-ci:AvailableSaleFinancialAssetsCurrent>
	<tw-gaap-ci:NetNotesReceivable contextRef="AsOf20110331" decimals="-3" unitRef="TWD">433000</tw-gaap-ci:NetNotesReceivable>
	<tw-gaap-ci:NetNotesReceivable contextRef="AsOf20100331" decimals="-3" unitRef="TWD">155000</tw-gaap-ci:NetNotesReceivable>
	<tw-gaap-ci:NetAccountsReceivable contextRef="AsOf20110331" decimals="-3" unitRef="TWD">106527000</tw-gaap-ci:NetAccountsReceivable>
	<tw-gaap-ci:NetAccountsReceivable contextRef="AsOf20100331" decimals="-3" unitRef="TWD">42429000</tw-gaap-ci:NetAccountsReceivable>
	<tw-gaap-ci:NetAccountsReceivableRelatedParties contextRef="AsOf20110331" decimals="-3" unitRef="TWD">105447000</tw-gaap-ci:NetAccountsReceivableRelatedParties>
	<tw-gaap-ci:NetAccountsReceivableRelatedParties contextRef="AsOf20100331" decimals="-3" unitRef="TWD">131659000</tw-gaap-ci:NetAccountsReceivableRelatedParties>
	<tw-gaap-ci:OtherReceivables contextRef="AsOf20110331" decimals="-3" unitRef="TWD">19615000</tw-gaap-ci:OtherReceivables>
	<tw-gaap-ci:OtherReceivables contextRef="AsOf20100331" decimals="-3" unitRef="TWD">18473000</tw-gaap-ci:OtherReceivables>
	<tw-gaap-ci:OtherReceivablesRelatedParties contextRef="AsOf20110331" decimals="-3" unitRef="TWD">412000</tw-gaap-ci:OtherReceivablesRelatedParties>
	<tw-gaap-ci:OtherReceivablesRelatedParties contextRef="AsOf20100331" decimals="-3" unitRef="TWD">208000</tw-gaap-ci:OtherReceivablesRelatedParties>
	<tw-gaap-ci:InventoriesManufacturing contextRef="AsOf20110331" decimals="-3" unitRef="TWD">229199000</tw-gaap-ci:InventoriesManufacturing>
	<tw-gaap-ci:InventoriesManufacturing contextRef="AsOf20100331" decimals="-3" unitRef="TWD">276807000</tw-gaap-ci:InventoriesManufacturing>
	<tw-gaap-ci:Inventories contextRef="AsOf20110331" decimals="-3" unitRef="TWD">229199000</tw-gaap-ci:Inventories>
	<tw-gaap-ci:Inventories contextRef="AsOf20100331" decimals="-3" unitRef="TWD">276807000</tw-gaap-ci:Inventories>
	<tw-gaap-ci:DeferredIncomeTaxAssetsCurrent contextRef="AsOf20110331" decimals="-3" unitRef="TWD">18305000</tw-gaap-ci:DeferredIncomeTaxAssetsCurrent>
	<tw-gaap-ci:DeferredIncomeTaxAssetsCurrent contextRef="AsOf20100331" decimals="-3" unitRef="TWD">21589000</tw-gaap-ci:DeferredIncomeTaxAssetsCurrent>
	<tw-gaap-ci:RestrictedCurrentAssets contextRef="AsOf20110331" decimals="-3" unitRef="TWD">5000000</tw-gaap-ci:RestrictedCurrentAssets>
	<tw-gaap-ci:RestrictedCurrentAssets contextRef="AsOf20100331" decimals="-3" unitRef="TWD">10000000</tw-gaap-ci:RestrictedCurrentAssets>
	<tw-gaap-ci:OthercurrentAssetsOther contextRef="AsOf20110331" decimals="-3" unitRef="TWD">9064000</tw-gaap-ci:OthercurrentAssetsOther>
	<tw-gaap-ci:OthercurrentAssetsOther contextRef="AsOf20100331" decimals="-3" unitRef="TWD">16903000</tw-gaap-ci:OthercurrentAssetsOther>
	<tw-gaap-ci:OtherCurrentAssets contextRef="AsOf20110331" decimals="-3" unitRef="TWD">32369000</tw-gaap-ci:OtherCurrentAssets>
	<tw-gaap-ci:OtherCurrentAssets contextRef="AsOf20100331" decimals="-3" unitRef="TWD">48492000</tw-gaap-ci:OtherCurrentAssets>
	<tw-gaap-ci:CurrentAssets contextRef="AsOf20110331" decimals="-3" unitRef="TWD">2187239000</tw-gaap-ci:CurrentAssets>
	<tw-gaap-ci:CurrentAssets contextRef="AsOf20100331" decimals="-3" unitRef="TWD">2439431000</tw-gaap-ci:CurrentAssets>
	<tw-gaap-ci:AvailablesaleFinancialAssetsNonCurrent contextRef="AsOf20110331" decimals="-3" unitRef="TWD">14396000</tw-gaap-ci:AvailablesaleFinancialAssetsNonCurrent>
	<tw-gaap-ci:AvailablesaleFinancialAssetsNonCurrent contextRef="AsOf20100331" decimals="-3" unitRef="TWD">26987000</tw-gaap-ci:AvailablesaleFinancialAssetsNonCurrent>
	<tw-gaap-ci:NetHeldMaturityFinancialAssetsNonCurrent contextRef="AsOf20110331" decimals="-3" unitRef="TWD">200000000</tw-gaap-ci:NetHeldMaturityFinancialAssetsNonCurrent>
	<tw-gaap-ci:NetHeldMaturityFinancialAssetsNonCurrent contextRef="AsOf20100331" decimals="-3" unitRef="TWD">200000000</tw-gaap-ci:NetHeldMaturityFinancialAssetsNonCurrent>
	<tw-gaap-ci:NetFinancialAssetsCarriedCostNonCurrent contextRef="AsOf20110331" decimals="-3" unitRef="TWD">13454000</tw-gaap-ci:NetFinancialAssetsCarriedCostNonCurrent>
	<tw-gaap-ci:NetFinancialAssetsCarriedCostNonCurrent contextRef="AsOf20100331" decimals="-3" unitRef="TWD">16974000</tw-gaap-ci:NetFinancialAssetsCarriedCostNonCurrent>
	<tw-gaap-ci:LongtermInvestmentsEquity contextRef="AsOf20110331" decimals="-3" unitRef="TWD">616782000</tw-gaap-ci:LongtermInvestmentsEquity>
	<tw-gaap-ci:LongtermInvestmentsEquity contextRef="AsOf20100331" decimals="-3" unitRef="TWD">606113000</tw-gaap-ci:LongtermInvestmentsEquity>
	<tw-gaap-ci:LongtermInvestments contextRef="AsOf20110331" decimals="-3" unitRef="TWD">616782000</tw-gaap-ci:LongtermInvestments>
	<tw-gaap-ci:LongtermInvestments contextRef="AsOf20100331" decimals="-3" unitRef="TWD">606113000</tw-gaap-ci:LongtermInvestments>
	<tw-gaap-ci:FundsInvestments contextRef="AsOf20110331" decimals="-3" unitRef="TWD">844632000</tw-gaap-ci:FundsInvestments>
	<tw-gaap-ci:FundsInvestments contextRef="AsOf20100331" decimals="-3" unitRef="TWD">850074000</tw-gaap-ci:FundsInvestments>
	<tw-gaap-ci:Land contextRef="AsOf20110331" decimals="-3" unitRef="TWD">25019000</tw-gaap-ci:Land>
	<tw-gaap-ci:Land contextRef="AsOf20100331" decimals="-3" unitRef="TWD">25019000</tw-gaap-ci:Land>
	<tw-gaap-ci:BuildingsStructures contextRef="AsOf20110331" decimals="-3" unitRef="TWD">117965000</tw-gaap-ci:BuildingsStructures>
	<tw-gaap-ci:BuildingsStructures contextRef="AsOf20100331" decimals="-3" unitRef="TWD">117823000</tw-gaap-ci:BuildingsStructures>
	<tw-gaap-ci:MachineryEquipment contextRef="AsOf20110331" decimals="-3" unitRef="TWD">437649000</tw-gaap-ci:MachineryEquipment>
	<tw-gaap-ci:MachineryEquipment contextRef="AsOf20100331" decimals="-3" unitRef="TWD">387590000</tw-gaap-ci:MachineryEquipment>
	<tw-gaap-ci:OfficeEquipment contextRef="AsOf20110331" decimals="-3" unitRef="TWD">14052000</tw-gaap-ci:OfficeEquipment>
	<tw-gaap-ci:OfficeEquipment contextRef="AsOf20100331" decimals="-3" unitRef="TWD">11925000</tw-gaap-ci:OfficeEquipment>
	<tw-gaap-ci:OtherFacilities contextRef="AsOf20110331" decimals="-3" unitRef="TWD">5861000</tw-gaap-ci:OtherFacilities>
	<tw-gaap-ci:OtherFacilities contextRef="AsOf20100331" decimals="-3" unitRef="TWD">8489000</tw-gaap-ci:OtherFacilities>
	<tw-gaap-ci:FixedAssetsOriginalCosts contextRef="AsOf20110331" decimals="-3" unitRef="TWD">600546000</tw-gaap-ci:FixedAssetsOriginalCosts>
	<tw-gaap-ci:FixedAssetsOriginalCosts contextRef="AsOf20100331" decimals="-3" unitRef="TWD">550846000</tw-gaap-ci:FixedAssetsOriginalCosts>
	<tw-gaap-ci:RevaluationIncrement contextRef="AsOf20110331" decimals="-3" unitRef="TWD">0</tw-gaap-ci:RevaluationIncrement>
	<tw-gaap-ci:RevaluationIncrement contextRef="AsOf20100331" decimals="-3" unitRef="TWD">0</tw-gaap-ci:RevaluationIncrement>
	<tw-gaap-ci:CostsRevaluationIncrement contextRef="AsOf20110331" decimals="-3" unitRef="TWD">600546000</tw-gaap-ci:CostsRevaluationIncrement>
	<tw-gaap-ci:CostsRevaluationIncrement contextRef="AsOf20100331" decimals="-3" unitRef="TWD">550846000</tw-gaap-ci:CostsRevaluationIncrement>
	<tw-gaap-ci:AccumulatedDepreciation contextRef="AsOf20110331" decimals="-3" unitRef="TWD">453568000</tw-gaap-ci:AccumulatedDepreciation>
	<tw-gaap-ci:AccumulatedDepreciation contextRef="AsOf20100331" decimals="-3" unitRef="TWD">443390000</tw-gaap-ci:AccumulatedDepreciation>
	<tw-gaap-ci:FixedAssets contextRef="AsOf20110331" decimals="-3" unitRef="TWD">146978000</tw-gaap-ci:FixedAssets>
	<tw-gaap-ci:FixedAssets contextRef="AsOf20100331" decimals="-3" unitRef="TWD">107456000</tw-gaap-ci:FixedAssets>
	<tw-gaap-ci:ComputerSoftwareCost contextRef="AsOf20110331" decimals="-3" unitRef="TWD">285000</tw-gaap-ci:ComputerSoftwareCost>
	<tw-gaap-ci:ComputerSoftwareCost contextRef="AsOf20100331" decimals="-3" unitRef="TWD">763000</tw-gaap-ci:ComputerSoftwareCost>
	<tw-gaap-ci:IntangibleAssets contextRef="AsOf20110331" decimals="-3" unitRef="TWD">285000</tw-gaap-ci:IntangibleAssets>
	<tw-gaap-ci:IntangibleAssets contextRef="AsOf20100331" decimals="-3" unitRef="TWD">763000</tw-gaap-ci:IntangibleAssets>
	<tw-gaap-ci:GuaranteeDepositsPaid contextRef="AsOf20110331" decimals="-3" unitRef="TWD">358000</tw-gaap-ci:GuaranteeDepositsPaid>
	<tw-gaap-ci:GuaranteeDepositsPaid contextRef="AsOf20100331" decimals="-3" unitRef="TWD">1275000</tw-gaap-ci:GuaranteeDepositsPaid>
	<tw-gaap-ci:DeferredCharges contextRef="AsOf20110331" decimals="-3" unitRef="TWD">13536000</tw-gaap-ci:DeferredCharges>
	<tw-gaap-ci:DeferredCharges contextRef="AsOf20100331" decimals="-3" unitRef="TWD">7585000</tw-gaap-ci:DeferredCharges>
	<tw-gaap-ci:DeferredIncomeTaxAssetsNonCurrent contextRef="AsOf20110331" decimals="-3" unitRef="TWD">0</tw-gaap-ci:DeferredIncomeTaxAssetsNonCurrent>
	<tw-gaap-ci:DeferredIncomeTaxAssetsNonCurrent contextRef="AsOf20100331" decimals="-3" unitRef="TWD">1751000</tw-gaap-ci:DeferredIncomeTaxAssetsNonCurrent>
	<tw-gaap-ci:RestrictedNoncurrentAssets contextRef="AsOf20110331" decimals="-3" unitRef="TWD">2965000</tw-gaap-ci:RestrictedNoncurrentAssets>
	<tw-gaap-ci:RestrictedNoncurrentAssets contextRef="AsOf20100331" decimals="-3" unitRef="TWD">0</tw-gaap-ci:RestrictedNoncurrentAssets>
	<tw-gaap-ci:OtherAssetsOther contextRef="AsOf20110331" decimals="-3" unitRef="TWD">2965000</tw-gaap-ci:OtherAssetsOther>
	<tw-gaap-ci:OtherAssetsOther contextRef="AsOf20100331" decimals="-3" unitRef="TWD">0</tw-gaap-ci:OtherAssetsOther>
	<tw-gaap-ci:OtherAssets contextRef="AsOf20110331" decimals="-3" unitRef="TWD">16859000</tw-gaap-ci:OtherAssets>
	<tw-gaap-ci:OtherAssets contextRef="AsOf20100331" decimals="-3" unitRef="TWD">10611000</tw-gaap-ci:OtherAssets>
	<tw-gaap-ci:Assets contextRef="AsOf20110331" decimals="-3" unitRef="TWD">3195993000</tw-gaap-ci:Assets>
	<tw-gaap-ci:Assets contextRef="AsOf20100331" decimals="-3" unitRef="TWD">3408335000</tw-gaap-ci:Assets>
	<tw-gaap-ci:NotesPayable contextRef="AsOf20110331" decimals="-3" unitRef="TWD">33030000</tw-gaap-ci:NotesPayable>
	<tw-gaap-ci:NotesPayable contextRef="AsOf20100331" decimals="-3" unitRef="TWD">49833000</tw-gaap-ci:NotesPayable>
	<tw-gaap-ci:AccountsPayable contextRef="AsOf20110331" decimals="-3" unitRef="TWD">87935000</tw-gaap-ci:AccountsPayable>
	<tw-gaap-ci:AccountsPayable contextRef="AsOf20100331" decimals="-3" unitRef="TWD">110292000</tw-gaap-ci:AccountsPayable>
	<tw-gaap-ci:AccountsPayableRelatedParties contextRef="AsOf20110331" decimals="-3" unitRef="TWD">0</tw-gaap-ci:AccountsPayableRelatedParties>
	<tw-gaap-ci:AccountsPayableRelatedParties contextRef="AsOf20100331" decimals="-3" unitRef="TWD">5423000</tw-gaap-ci:AccountsPayableRelatedParties>
	<tw-gaap-ci:IncomeTaxPayable contextRef="AsOf20110331" decimals="-3" unitRef="TWD">5626000</tw-gaap-ci:IncomeTaxPayable>
	<tw-gaap-ci:IncomeTaxPayable contextRef="AsOf20100331" decimals="-3" unitRef="TWD">6400000</tw-gaap-ci:IncomeTaxPayable>
	<tw-gaap-ci:AccruedExpenses contextRef="AsOf20110331" decimals="-3" unitRef="TWD">79182000</tw-gaap-ci:AccruedExpenses>
	<tw-gaap-ci:AccruedExpenses contextRef="AsOf20100331" decimals="-3" unitRef="TWD">85865000</tw-gaap-ci:AccruedExpenses>
	<tw-gaap-ci:OtherPayablesRelatedParties contextRef="AsOf20110331" decimals="-3" unitRef="TWD">9196000</tw-gaap-ci:OtherPayablesRelatedParties>
	<tw-gaap-ci:OtherPayablesRelatedParties contextRef="AsOf20100331" decimals="-3" unitRef="TWD">12858000</tw-gaap-ci:OtherPayablesRelatedParties>
	<tw-gaap-ci:OtherCurrentLiabilities contextRef="AsOf20110331" decimals="-3" unitRef="TWD">42597000</tw-gaap-ci:OtherCurrentLiabilities>
	<tw-gaap-ci:OtherCurrentLiabilities contextRef="AsOf20100331" decimals="-3" unitRef="TWD">49842000</tw-gaap-ci:OtherCurrentLiabilities>
	<tw-gaap-ci:CurrentLiabilities contextRef="AsOf20110331" decimals="-3" unitRef="TWD">257566000</tw-gaap-ci:CurrentLiabilities>
	<tw-gaap-ci:CurrentLiabilities contextRef="AsOf20100331" decimals="-3" unitRef="TWD">320513000</tw-gaap-ci:CurrentLiabilities>
	<tw-gaap-ci:PensionReserve contextRef="AsOf20110331" decimals="-3" unitRef="TWD">56129000</tw-gaap-ci:PensionReserve>
	<tw-gaap-ci:PensionReserve contextRef="AsOf20100331" decimals="-3" unitRef="TWD">55479000</tw-gaap-ci:PensionReserve>
	<tw-gaap-ci:DeferredIncomeTaxLiabilityNoncurrent contextRef="AsOf20110331" decimals="-3" unitRef="TWD">2902000</tw-gaap-ci:DeferredIncomeTaxLiabilityNoncurrent>
	<tw-gaap-ci:DeferredIncomeTaxLiabilityNoncurrent contextRef="AsOf20100331" decimals="-3" unitRef="TWD">0</tw-gaap-ci:DeferredIncomeTaxLiabilityNoncurrent>
	<tw-gaap-ci:DeferredIncomeTax contextRef="AsOf20110331" decimals="-3" unitRef="TWD">2902000</tw-gaap-ci:DeferredIncomeTax>
	<tw-gaap-ci:DeferredIncomeTax contextRef="AsOf20100331" decimals="-3" unitRef="TWD">0</tw-gaap-ci:DeferredIncomeTax>
	<tw-gaap-ci:OtherLiabilities contextRef="AsOf20110331" decimals="-3" unitRef="TWD">59031000</tw-gaap-ci:OtherLiabilities>
	<tw-gaap-ci:OtherLiabilities contextRef="AsOf20100331" decimals="-3" unitRef="TWD">55479000</tw-gaap-ci:OtherLiabilities>
	<tw-gaap-ci:Liabilities contextRef="AsOf20110331" decimals="-3" unitRef="TWD">316597000</tw-gaap-ci:Liabilities>
	<tw-gaap-ci:Liabilities contextRef="AsOf20100331" decimals="-3" unitRef="TWD">375992000</tw-gaap-ci:Liabilities>
	<tw-gaap-ci:CommonStock contextRef="AsOf20110331" decimals="-3" unitRef="TWD">1202759000</tw-gaap-ci:CommonStock>
	<tw-gaap-ci:CommonStock contextRef="AsOf20100331" decimals="-3" unitRef="TWD">1210949000</tw-gaap-ci:CommonStock>
	<tw-gaap-ci:Capital contextRef="AsOf20110331" decimals="-3" unitRef="TWD">1202759000</tw-gaap-ci:Capital>
	<tw-gaap-ci:Capital contextRef="AsOf20100331" decimals="-3" unitRef="TWD">1210949000</tw-gaap-ci:Capital>
	<tw-gaap-ci:CapitalSurplusAdditionalPaidCapital contextRef="AsOf20110331" decimals="-3" unitRef="TWD">801114000</tw-gaap-ci:CapitalSurplusAdditionalPaidCapital>
	<tw-gaap-ci:CapitalSurplusAdditionalPaidCapital contextRef="AsOf20100331" decimals="-3" unitRef="TWD">806569000</tw-gaap-ci:CapitalSurplusAdditionalPaidCapital>
	<tw-gaap-ci:CapitalSurplusTreasuryStockTransactions contextRef="AsOf20110331" decimals="-3" unitRef="TWD">0</tw-gaap-ci:CapitalSurplusTreasuryStockTransactions>
	<tw-gaap-ci:CapitalSurplusTreasuryStockTransactions contextRef="AsOf20100331" decimals="-3" unitRef="TWD">25950000</tw-gaap-ci:CapitalSurplusTreasuryStockTransactions>
	<tw-gaap-ci:CapitalSurplusGainDisposalFixedAssets contextRef="AsOf20110331" decimals="-3" unitRef="TWD">808000</tw-gaap-ci:CapitalSurplusGainDisposalFixedAssets>
	<tw-gaap-ci:CapitalSurplusGainDisposalFixedAssets contextRef="AsOf20100331" decimals="-3" unitRef="TWD">808000</tw-gaap-ci:CapitalSurplusGainDisposalFixedAssets>
	<tw-gaap-ci:CapitalSurplusLongTermEquityInvestments contextRef="AsOf20110331" decimals="-3" unitRef="TWD">653000</tw-gaap-ci:CapitalSurplusLongTermEquityInvestments>
	<tw-gaap-ci:CapitalSurplusLongTermEquityInvestments contextRef="AsOf20100331" decimals="-3" unitRef="TWD">653000</tw-gaap-ci:CapitalSurplusLongTermEquityInvestments>
	<tw-gaap-ci:CapitalSurplusOther contextRef="AsOf20110331" decimals="-3" unitRef="TWD">23603000</tw-gaap-ci:CapitalSurplusOther>
	<tw-gaap-ci:CapitalSurplusOther contextRef="AsOf20100331" decimals="-3" unitRef="TWD">23603000</tw-gaap-ci:CapitalSurplusOther>
	<tw-gaap-ci:CapitalSurplus contextRef="AsOf20110331" decimals="-3" unitRef="TWD">826178000</tw-gaap-ci:CapitalSurplus>
	<tw-gaap-ci:CapitalSurplus contextRef="AsOf20100331" decimals="-3" unitRef="TWD">857583000</tw-gaap-ci:CapitalSurplus>
	<tw-gaap-ci:LegalReserve contextRef="AsOf20110331" decimals="-3" unitRef="TWD">417921000</tw-gaap-ci:LegalReserve>
	<tw-gaap-ci:LegalReserve contextRef="AsOf20100331" decimals="-3" unitRef="TWD">386026000</tw-gaap-ci:LegalReserve>
	<tw-gaap-ci:SpecialReserve contextRef="AsOf20110331" decimals="-3" unitRef="TWD">0</tw-gaap-ci:SpecialReserve>
	<tw-gaap-ci:SpecialReserve contextRef="AsOf20100331" decimals="-3" unitRef="TWD">10181000</tw-gaap-ci:SpecialReserve>
	<tw-gaap-ci:UnappropriatedRetainedEarnings contextRef="AsOf20110331" decimals="-3" unitRef="TWD">447435000</tw-gaap-ci:UnappropriatedRetainedEarnings>
	<tw-gaap-ci:UnappropriatedRetainedEarnings contextRef="AsOf20100331" decimals="-3" unitRef="TWD">623984000</tw-gaap-ci:UnappropriatedRetainedEarnings>
	<tw-gaap-ci:RetainedEarnings contextRef="AsOf20110331" decimals="-3" unitRef="TWD">865356000</tw-gaap-ci:RetainedEarnings>
	<tw-gaap-ci:RetainedEarnings contextRef="AsOf20100331" decimals="-3" unitRef="TWD">1020191000</tw-gaap-ci:RetainedEarnings>
	<tw-gaap-ci:CumulativeTranslationAdjustments contextRef="AsOf20110331" decimals="-3" unitRef="TWD">708000</tw-gaap-ci:CumulativeTranslationAdjustments>
	<tw-gaap-ci:CumulativeTranslationAdjustments contextRef="AsOf20100331" decimals="-3" unitRef="TWD">17910000</tw-gaap-ci:CumulativeTranslationAdjustments>
	<tw-gaap-ci:UnrealizedGainsLossesFinancialInstruments contextRef="AsOf20110331" decimals="-3" unitRef="TWD">-5146000</tw-gaap-ci:UnrealizedGainsLossesFinancialInstruments>
	<tw-gaap-ci:UnrealizedGainsLossesFinancialInstruments contextRef="AsOf20100331" decimals="-3" unitRef="TWD">-12219000</tw-gaap-ci:UnrealizedGainsLossesFinancialInstruments>
	<tw-gaap-ci:TreasuryStock contextRef="AsOf20110331" decimals="-3" unitRef="TWD">10459000</tw-gaap-ci:TreasuryStock>
	<tw-gaap-ci:TreasuryStock contextRef="AsOf20100331" decimals="-3" unitRef="TWD">62071000</tw-gaap-ci:TreasuryStock>
	<tw-gaap-ci:StockholdersEquitiesAdjustments contextRef="AsOf20110331" decimals="-3" unitRef="TWD">-14897000</tw-gaap-ci:StockholdersEquitiesAdjustments>
	<tw-gaap-ci:StockholdersEquitiesAdjustments contextRef="AsOf20100331" decimals="-3" unitRef="TWD">-56380000</tw-gaap-ci:StockholdersEquitiesAdjustments>
	<tw-gaap-ci:StockholdersEquities contextRef="AsOf20110331" decimals="-3" unitRef="TWD">2879396000</tw-gaap-ci:StockholdersEquities>
	<tw-gaap-ci:StockholdersEquities contextRef="AsOf20100331" decimals="-3" unitRef="TWD">3032343000</tw-gaap-ci:StockholdersEquities>
	<tw-gaap-ci:EquivalentSharesOutstandingAdvanceReceiptsCommonStock contextRef="AsOf20110331" decimals="0" unitRef="Shares">0</tw-gaap-ci:EquivalentSharesOutstandingAdvanceReceiptsCommonStock>
	<tw-gaap-ci:EquivalentSharesOutstandingAdvanceReceiptsCommonStock contextRef="AsOf20100331" decimals="0" unitRef="Shares">0</tw-gaap-ci:EquivalentSharesOutstandingAdvanceReceiptsCommonStock>
	<tw-gaap-ci:NumberTreasuryStockAcquiredCompanySubsidiaries contextRef="AsOf20110331" decimals="0" unitRef="Shares">377000</tw-gaap-ci:NumberTreasuryStockAcquiredCompanySubsidiaries>
	<tw-gaap-ci:NumberTreasuryStockAcquiredCompanySubsidiaries contextRef="AsOf20100331" decimals="0" unitRef="Shares">819000</tw-gaap-ci:NumberTreasuryStockAcquiredCompanySubsidiaries>
	<tw-gaap-ci:Sales contextRef="From20110101To20110331" decimals="-3" unitRef="TWD">396576000</tw-gaap-ci:Sales>
	<tw-gaap-ci:Sales contextRef="From20100101To20100331" decimals="-3" unitRef="TWD">372051000</tw-gaap-ci:Sales>
	<tw-gaap-ci:SalesReturns contextRef="From20110101To20110331" decimals="-3" unitRef="TWD">791000</tw-gaap-ci:SalesReturns>
	<tw-gaap-ci:SalesReturns contextRef="From20100101To20100331" decimals="-3" unitRef="TWD">8521000</tw-gaap-ci:SalesReturns>
	<tw-gaap-ci:SalesDiscountsAllowances contextRef="From20110101To20110331" decimals="-3" unitRef="TWD">17000</tw-gaap-ci:SalesDiscountsAllowances>
	<tw-gaap-ci:SalesDiscountsAllowances contextRef="From20100101To20100331" decimals="-3" unitRef="TWD">421000</tw-gaap-ci:SalesDiscountsAllowances>
	<tw-gaap-ci:NetSales contextRef="From20110101To20110331" decimals="-3" unitRef="TWD">395768000</tw-gaap-ci:NetSales>
	<tw-gaap-ci:NetSales contextRef="From20100101To20100331" decimals="-3" unitRef="TWD">363109000</tw-gaap-ci:NetSales>
	<tw-gaap-ci:OperatingRevenue contextRef="From20110101To20110331" decimals="-3" unitRef="TWD">395768000</tw-gaap-ci:OperatingRevenue>
	<tw-gaap-ci:OperatingRevenue contextRef="From20100101To20100331" decimals="-3" unitRef="TWD">363109000</tw-gaap-ci:OperatingRevenue>
	<tw-gaap-ci:CostSales contextRef="From20110101To20110331" decimals="-3" unitRef="TWD">277814000</tw-gaap-ci:CostSales>
	<tw-gaap-ci:CostSales contextRef="From20100101To20100331" decimals="-3" unitRef="TWD">243998000</tw-gaap-ci:CostSales>
	<tw-gaap-ci:OperatingCosts contextRef="From20110101To20110331" decimals="-3" unitRef="TWD">277814000</tw-gaap-ci:OperatingCosts>
	<tw-gaap-ci:OperatingCosts contextRef="From20100101To20100331" decimals="-3" unitRef="TWD">243998000</tw-gaap-ci:OperatingCosts>
	<tw-gaap-ci:GrossProfitLossOperations contextRef="From20110101To20110331" decimals="-3" unitRef="TWD">117954000</tw-gaap-ci:GrossProfitLossOperations>
	<tw-gaap-ci:GrossProfitLossOperations contextRef="From20100101To20100331" decimals="-3" unitRef="TWD">119111000</tw-gaap-ci:GrossProfitLossOperations>
	<tw-gaap-ci:UnrealizedGainInterAffiliateAccounts contextRef="From20110101To20110331" decimals="-3" unitRef="TWD">4840000</tw-gaap-ci:UnrealizedGainInterAffiliateAccounts>
	<tw-gaap-ci:UnrealizedGainInterAffiliateAccounts contextRef="From20100101To20100331" decimals="-3" unitRef="TWD">3942000</tw-gaap-ci:UnrealizedGainInterAffiliateAccounts>
	<tw-gaap-ci:Sellingexpense contextRef="From20110101To20110331" decimals="-3" unitRef="TWD">20772000</tw-gaap-ci:Sellingexpense>
	<tw-gaap-ci:Sellingexpense contextRef="From20100101To20100331" decimals="-3" unitRef="TWD">18736000</tw-gaap-ci:Sellingexpense>
	<tw-gaap-ci:GeneralAdministrativeExpenses contextRef="From20110101To20110331" decimals="-3" unitRef="TWD">13199000</tw-gaap-ci:GeneralAdministrativeExpenses>
	<tw-gaap-ci:GeneralAdministrativeExpenses contextRef="From20100101To20100331" decimals="-3" unitRef="TWD">12475000</tw-gaap-ci:GeneralAdministrativeExpenses>
	<tw-gaap-ci:ResearchDevelopmentExpenses contextRef="From20110101To20110331" decimals="-3" unitRef="TWD">24784000</tw-gaap-ci:ResearchDevelopmentExpenses>
	<tw-gaap-ci:ResearchDevelopmentExpenses contextRef="From20100101To20100331" decimals="-3" unitRef="TWD">28801000</tw-gaap-ci:ResearchDevelopmentExpenses>
	<tw-gaap-ci:OperatingExpenses contextRef="From20110101To20110331" decimals="-3" unitRef="TWD">58755000</tw-gaap-ci:OperatingExpenses>
	<tw-gaap-ci:OperatingExpenses contextRef="From20100101To20100331" decimals="-3" unitRef="TWD">60012000</tw-gaap-ci:OperatingExpenses>
	<tw-gaap-ci:OperatingIncomeLoss contextRef="From20110101To20110331" decimals="-3" unitRef="TWD">54359000</tw-gaap-ci:OperatingIncomeLoss>
	<tw-gaap-ci:OperatingIncomeLoss contextRef="From20100101To20100331" decimals="-3" unitRef="TWD">55157000</tw-gaap-ci:OperatingIncomeLoss>
	<tw-gaap-ci:InterestIncome contextRef="From20110101To20110331" decimals="-3" unitRef="TWD">1186000</tw-gaap-ci:InterestIncome>
	<tw-gaap-ci:InterestIncome contextRef="From20100101To20100331" decimals="-3" unitRef="TWD">1713000</tw-gaap-ci:InterestIncome>
	<tw-gaap-ci:InvestmentGainsRecognizedEquityMethod contextRef="From20110101To20110331" decimals="-3" unitRef="TWD">12473000</tw-gaap-ci:InvestmentGainsRecognizedEquityMethod>
	<tw-gaap-ci:InvestmentGainsRecognizedEquityMethod contextRef="From20100101To20100331" decimals="-3" unitRef="TWD">4849000</tw-gaap-ci:InvestmentGainsRecognizedEquityMethod>
	<tw-gaap-ci:InvestmentGains contextRef="From20110101To20110331" decimals="-3" unitRef="TWD">12473000</tw-gaap-ci:InvestmentGains>
	<tw-gaap-ci:InvestmentGains contextRef="From20100101To20100331" decimals="-3" unitRef="TWD">4849000</tw-gaap-ci:InvestmentGains>
	<tw-gaap-ci:GainsDisposalFixedAssets contextRef="From20110101To20110331" decimals="-3" unitRef="TWD">427000</tw-gaap-ci:GainsDisposalFixedAssets>
	<tw-gaap-ci:GainsDisposalFixedAssets contextRef="From20100101To20100331" decimals="-3" unitRef="TWD">0</tw-gaap-ci:GainsDisposalFixedAssets>
	<tw-gaap-ci:ForeignExchangeGains contextRef="From20110101To20110331" decimals="-3" unitRef="TWD">7192000</tw-gaap-ci:ForeignExchangeGains>
	<tw-gaap-ci:ForeignExchangeGains contextRef="From20100101To20100331" decimals="-3" unitRef="TWD">0</tw-gaap-ci:ForeignExchangeGains>
	<tw-gaap-ci:RevaluationGainFinancialAssets contextRef="From20110101To20110331" decimals="-3" unitRef="TWD">2455000</tw-gaap-ci:RevaluationGainFinancialAssets>
	<tw-gaap-ci:RevaluationGainFinancialAssets contextRef="From20100101To20100331" decimals="-3" unitRef="TWD">1465000</tw-gaap-ci:RevaluationGainFinancialAssets>
	<tw-gaap-ci:MiscellaneousIncome contextRef="From20110101To20110331" decimals="-3" unitRef="TWD">5499000</tw-gaap-ci:MiscellaneousIncome>
	<tw-gaap-ci:MiscellaneousIncome contextRef="From20100101To20100331" decimals="-3" unitRef="TWD">5238000</tw-gaap-ci:MiscellaneousIncome>
	<tw-gaap-ci:NonOperatingIncomeGains contextRef="From20110101To20110331" decimals="-3" unitRef="TWD">29232000</tw-gaap-ci:NonOperatingIncomeGains>
	<tw-gaap-ci:NonOperatingIncomeGains contextRef="From20100101To20100331" decimals="-3" unitRef="TWD">13265000</tw-gaap-ci:NonOperatingIncomeGains>
	<tw-gaap-ci:InterestExpense contextRef="From20110101To20110331" decimals="-3" unitRef="TWD">0</tw-gaap-ci:InterestExpense>
	<tw-gaap-ci:InterestExpense contextRef="From20100101To20100331" decimals="-3" unitRef="TWD">0</tw-gaap-ci:InterestExpense>
	<tw-gaap-ci:NonOperatingExpensesInvestmentLossRecognizedEquityMethod contextRef="From20110101To20110331" decimals="-3" unitRef="TWD">0</tw-gaap-ci:NonOperatingExpensesInvestmentLossRecognizedEquityMethod>
	<tw-gaap-ci:NonOperatingExpensesInvestmentLossRecognizedEquityMethod contextRef="From20100101To20100331" decimals="-3" unitRef="TWD">0</tw-gaap-ci:NonOperatingExpensesInvestmentLossRecognizedEquityMethod>
	<tw-gaap-ci:NonOperatingExpensesInvestmentLoss contextRef="From20110101To20110331" decimals="-3" unitRef="TWD">0</tw-gaap-ci:NonOperatingExpensesInvestmentLoss>
	<tw-gaap-ci:NonOperatingExpensesInvestmentLoss contextRef="From20100101To20100331" decimals="-3" unitRef="TWD">0</tw-gaap-ci:NonOperatingExpensesInvestmentLoss>
	<tw-gaap-ci:LossSaleInvestments contextRef="From20110101To20110331" decimals="-3" unitRef="TWD">0</tw-gaap-ci:LossSaleInvestments>
	<tw-gaap-ci:LossSaleInvestments contextRef="From20100101To20100331" decimals="-3" unitRef="TWD">2919000</tw-gaap-ci:LossSaleInvestments>
	<tw-gaap-ci:ForeignExchangeLosses contextRef="From20110101To20110331" decimals="-3" unitRef="TWD">0</tw-gaap-ci:ForeignExchangeLosses>
	<tw-gaap-ci:ForeignExchangeLosses contextRef="From20100101To20100331" decimals="-3" unitRef="TWD">13138000</tw-gaap-ci:ForeignExchangeLosses>
	<tw-gaap-ci:MiscellaneousDisbursements contextRef="From20110101To20110331" decimals="-3" unitRef="TWD">0</tw-gaap-ci:MiscellaneousDisbursements>
	<tw-gaap-ci:MiscellaneousDisbursements contextRef="From20100101To20100331" decimals="-3" unitRef="TWD">0</tw-gaap-ci:MiscellaneousDisbursements>
	<tw-gaap-ci:NonOperatingExpenses contextRef="From20110101To20110331" decimals="-3" unitRef="TWD">0</tw-gaap-ci:NonOperatingExpenses>
	<tw-gaap-ci:NonOperatingExpenses contextRef="From20100101To20100331" decimals="-3" unitRef="TWD">16057000</tw-gaap-ci:NonOperatingExpenses>
	<tw-gaap-ci:IncomeContinuingOperationsBeforeIncomeTax contextRef="From20110101To20110331" decimals="-3" unitRef="TWD">83591000</tw-gaap-ci:IncomeContinuingOperationsBeforeIncomeTax>
	<tw-gaap-ci:IncomeContinuingOperationsBeforeIncomeTax contextRef="From20100101To20100331" decimals="-3" unitRef="TWD">52365000</tw-gaap-ci:IncomeContinuingOperationsBeforeIncomeTax>
	<tw-gaap-ci:IncomeTaxExpenseBenefit contextRef="From20110101To20110331" decimals="-3" unitRef="TWD">12987000</tw-gaap-ci:IncomeTaxExpenseBenefit>
	<tw-gaap-ci:IncomeTaxExpenseBenefit contextRef="From20100101To20100331" decimals="-3" unitRef="TWD">10074000</tw-gaap-ci:IncomeTaxExpenseBenefit>
	<tw-gaap-ci:IncomeContinuingOperations contextRef="From20110101To20110331" decimals="-3" unitRef="TWD">70604000</tw-gaap-ci:IncomeContinuingOperations>
	<tw-gaap-ci:IncomeContinuingOperations contextRef="From20100101To20100331" decimals="-3" unitRef="TWD">42291000</tw-gaap-ci:IncomeContinuingOperations>
	<tw-gaap-ci:NetIncomeLoss contextRef="From20110101To20110331" decimals="-3" unitRef="TWD">70604000</tw-gaap-ci:NetIncomeLoss>
	<tw-gaap-ci:NetIncomeLoss contextRef="From20100101To20100331" decimals="-3" unitRef="TWD">42291000</tw-gaap-ci:NetIncomeLoss>
	<tw-gaap-ci:PrimaryEarningsPerShare contextRef="From20110101To20110331" decimals="2" unitRef="TWD">0.59</tw-gaap-ci:PrimaryEarningsPerShare>
	<tw-gaap-ci:PrimaryEarningsPerShare contextRef="From20100101To20100331" decimals="2" unitRef="TWD">0.35</tw-gaap-ci:PrimaryEarningsPerShare>
	<tw-gaap-ci:DilutedEarningsPerShare contextRef="From20110101To20110331" decimals="2" unitRef="TWD">0.58</tw-gaap-ci:DilutedEarningsPerShare>
	<tw-gaap-ci:DilutedEarningsPerShare contextRef="From20100101To20100331" decimals="2" unitRef="TWD">0.35</tw-gaap-ci:DilutedEarningsPerShare>
	<tw-gaap-ci:NetIncomeLoss_StatementCashFlows contextRef="From20110101To20110331" decimals="-3" unitRef="TWD">70604000</tw-gaap-ci:NetIncomeLoss_StatementCashFlows>
	<tw-gaap-ci:NetIncomeLoss_StatementCashFlows contextRef="From20100101To20100331" decimals="-3" unitRef="TWD">42291000</tw-gaap-ci:NetIncomeLoss_StatementCashFlows>
	<tw-gaap-ci:DepreciationExpense-Operating contextRef="From20110101To20110331" decimals="-3" unitRef="TWD">4864000</tw-gaap-ci:DepreciationExpense-Operating>
	<tw-gaap-ci:DepreciationExpense-Operating contextRef="From20100101To20100331" decimals="-3" unitRef="TWD">4554000</tw-gaap-ci:DepreciationExpense-Operating>
	<tw-gaap-ci:AmortizationExpense-Operating contextRef="From20110101To20110331" decimals="-3" unitRef="TWD">2463000</tw-gaap-ci:AmortizationExpense-Operating>
	<tw-gaap-ci:AmortizationExpense-Operating contextRef="From20100101To20100331" decimals="-3" unitRef="TWD">2586000</tw-gaap-ci:AmortizationExpense-Operating>
	<tw-gaap-ci:ProvisionTransferRevenueBadDebtsLosses contextRef="From20110101To20110331" decimals="-3" unitRef="TWD">0</tw-gaap-ci:ProvisionTransferRevenueBadDebtsLosses>
	<tw-gaap-ci:ProvisionTransferRevenueBadDebtsLosses contextRef="From20100101To20100331" decimals="-3" unitRef="TWD">-172000</tw-gaap-ci:ProvisionTransferRevenueBadDebtsLosses>
	<tw-gaap-ci:GainLossInventoryValuationObsolescenceRecoverie contextRef="From20110101To20110331" decimals="-3" unitRef="TWD">-18727000</tw-gaap-ci:GainLossInventoryValuationObsolescenceRecoverie>
	<tw-gaap-ci:GainLossInventoryValuationObsolescenceRecoverie contextRef="From20100101To20100331" decimals="-3" unitRef="TWD">-17323000</tw-gaap-ci:GainLossInventoryValuationObsolescenceRecoverie>
	<tw-gaap-ci:InvestmentLossIncomeRecognizedEquityMethod contextRef="From20110101To20110331" decimals="-3" unitRef="TWD">-12473000</tw-gaap-ci:InvestmentLossIncomeRecognizedEquityMethod>
	<tw-gaap-ci:InvestmentLossIncomeRecognizedEquityMethod contextRef="From20100101To20100331" decimals="-3" unitRef="TWD">-4849000</tw-gaap-ci:InvestmentLossIncomeRecognizedEquityMethod>
	<tw-gaap-ci:GainLossDisposalScrappingFixedAssets contextRef="From20110101To20110331" decimals="-3" unitRef="TWD">-427000</tw-gaap-ci:GainLossDisposalScrappingFixedAssets>
	<tw-gaap-ci:GainLossDisposalScrappingFixedAssets contextRef="From20100101To20100331" decimals="-3" unitRef="TWD">0</tw-gaap-ci:GainLossDisposalScrappingFixedAssets>
	<tw-gaap-ci:GainsLossesSaleInvestments contextRef="From20110101To20110331" decimals="-3" unitRef="TWD">0</tw-gaap-ci:GainsLossesSaleInvestments>
	<tw-gaap-ci:GainsLossesSaleInvestments contextRef="From20100101To20100331" decimals="-3" unitRef="TWD">2919000</tw-gaap-ci:GainsLossesSaleInvestments>
	<tw-gaap-ci:UnrealizedRevaluationGainFinancialAssetsLiabilities contextRef="From20110101To20110331" decimals="-3" unitRef="TWD">-1616000</tw-gaap-ci:UnrealizedRevaluationGainFinancialAssetsLiabilities>
	<tw-gaap-ci:UnrealizedRevaluationGainFinancialAssetsLiabilities contextRef="From20100101To20100331" decimals="-3" unitRef="TWD">-748000</tw-gaap-ci:UnrealizedRevaluationGainFinancialAssetsLiabilities>
	<tw-gaap-ci:UnrealizedGainInteraffiliateAccounts_StatementCashFlows contextRef="From20110101To20110331" decimals="-3" unitRef="TWD">4840000</tw-gaap-ci:UnrealizedGainInteraffiliateAccounts_StatementCashFlows>
	<tw-gaap-ci:UnrealizedGainInteraffiliateAccounts_StatementCashFlows contextRef="From20100101To20100331" decimals="-3" unitRef="TWD">3942000</tw-gaap-ci:UnrealizedGainInteraffiliateAccounts_StatementCashFlows>
	<tw-gaap-ci:OtherAdjustmentsReconcileNetIncomeNetCashProvidedUsedOperatingActivities contextRef="From20110101To20110331" decimals="-3" unitRef="TWD">-584000</tw-gaap-ci:OtherAdjustmentsReconcileNetIncomeNetCashProvidedUsedOperatingActivities>
	<tw-gaap-ci:OtherAdjustmentsReconcileNetIncomeNetCashProvidedUsedOperatingActivities contextRef="From20100101To20100331" decimals="-3" unitRef="TWD">9299000</tw-gaap-ci:OtherAdjustmentsReconcileNetIncomeNetCashProvidedUsedOperatingActivities>
	<tw-gaap-ci:AdjustmentsReconcileNetIncomeNetCashProvidedUsedOperatingActivities contextRef="From20110101To20110331" decimals="-3" unitRef="TWD">-21660000</tw-gaap-ci:AdjustmentsReconcileNetIncomeNetCashProvidedUsedOperatingActivities>
	<tw-gaap-ci:AdjustmentsReconcileNetIncomeNetCashProvidedUsedOperatingActivities contextRef="From20100101To20100331" decimals="-3" unitRef="TWD">208000</tw-gaap-ci:AdjustmentsReconcileNetIncomeNetCashProvidedUsedOperatingActivities>
	<tw-gaap-ci:ChangesFinancialAssetsHeldTrading contextRef="From20110101To20110331" decimals="-3" unitRef="TWD">-130000000</tw-gaap-ci:ChangesFinancialAssetsHeldTrading>
	<tw-gaap-ci:ChangesFinancialAssetsHeldTrading contextRef="From20100101To20100331" decimals="-3" unitRef="TWD">-91000000</tw-gaap-ci:ChangesFinancialAssetsHeldTrading>
	<tw-gaap-ci:ChangesNotesReceivable contextRef="From20110101To20110331" decimals="-3" unitRef="TWD">-433000</tw-gaap-ci:ChangesNotesReceivable>
	<tw-gaap-ci:ChangesNotesReceivable contextRef="From20100101To20100331" decimals="-3" unitRef="TWD">-101000</tw-gaap-ci:ChangesNotesReceivable>
	<tw-gaap-ci:ChangesAccountsReceivable contextRef="From20110101To20110331" decimals="-3" unitRef="TWD">-56328000</tw-gaap-ci:ChangesAccountsReceivable>
	<tw-gaap-ci:ChangesAccountsReceivable contextRef="From20100101To20100331" decimals="-3" unitRef="TWD">132790000</tw-gaap-ci:ChangesAccountsReceivable>
	<tw-gaap-ci:ChangesAccountsReceivableRelatedParties contextRef="From20110101To20110331" decimals="-3" unitRef="TWD">-5750000</tw-gaap-ci:ChangesAccountsReceivableRelatedParties>
	<tw-gaap-ci:ChangesAccountsReceivableRelatedParties contextRef="From20100101To20100331" decimals="-3" unitRef="TWD">-9579000</tw-gaap-ci:ChangesAccountsReceivableRelatedParties>
	<tw-gaap-ci:ChangesOtherReceivables contextRef="From20110101To20110331" decimals="-3" unitRef="TWD">-2360000</tw-gaap-ci:ChangesOtherReceivables>
	<tw-gaap-ci:ChangesOtherReceivables contextRef="From20100101To20100331" decimals="-3" unitRef="TWD">-2905000</tw-gaap-ci:ChangesOtherReceivables>
	<tw-gaap-ci:ChangesOtherReceivableRelatedParties contextRef="From20110101To20110331" decimals="-3" unitRef="TWD">-356000</tw-gaap-ci:ChangesOtherReceivableRelatedParties>
	<tw-gaap-ci:ChangesOtherReceivableRelatedParties contextRef="From20100101To20100331" decimals="-3" unitRef="TWD">-33000</tw-gaap-ci:ChangesOtherReceivableRelatedParties>
	<tw-gaap-ci:ChangesInventories contextRef="From20110101To20110331" decimals="-3" unitRef="TWD">66130000</tw-gaap-ci:ChangesInventories>
	<tw-gaap-ci:ChangesInventories contextRef="From20100101To20100331" decimals="-3" unitRef="TWD">-11010000</tw-gaap-ci:ChangesInventories>
	<tw-gaap-ci:ChangesOtherCurrentAssets_CI contextRef="From20110101To20110331" decimals="-3" unitRef="TWD">3973000</tw-gaap-ci:ChangesOtherCurrentAssets_CI>
	<tw-gaap-ci:ChangesOtherCurrentAssets_CI contextRef="From20100101To20100331" decimals="-3" unitRef="TWD">-8003000</tw-gaap-ci:ChangesOtherCurrentAssets_CI>
	<tw-gaap-ci:ChangesDeferredTaxAssets contextRef="From20110101To20110331" decimals="-3" unitRef="TWD">4699000</tw-gaap-ci:ChangesDeferredTaxAssets>
	<tw-gaap-ci:ChangesDeferredTaxAssets contextRef="From20100101To20100331" decimals="-3" unitRef="TWD">2766000</tw-gaap-ci:ChangesDeferredTaxAssets>
	<tw-gaap-ci:ChangesOperatingAssets contextRef="From20110101To20110331" decimals="-3" unitRef="TWD">-120425000</tw-gaap-ci:ChangesOperatingAssets>
	<tw-gaap-ci:ChangesOperatingAssets contextRef="From20100101To20100331" decimals="-3" unitRef="TWD">12925000</tw-gaap-ci:ChangesOperatingAssets>
	<tw-gaap-ci:ChangesNotesPayable contextRef="From20110101To20110331" decimals="-3" unitRef="TWD">-8292000</tw-gaap-ci:ChangesNotesPayable>
	<tw-gaap-ci:ChangesNotesPayable contextRef="From20100101To20100331" decimals="-3" unitRef="TWD">-3340000</tw-gaap-ci:ChangesNotesPayable>
	<tw-gaap-ci:ChangesAccountsPayable contextRef="From20110101To20110331" decimals="-3" unitRef="TWD">18106000</tw-gaap-ci:ChangesAccountsPayable>
	<tw-gaap-ci:ChangesAccountsPayable contextRef="From20100101To20100331" decimals="-3" unitRef="TWD">11536000</tw-gaap-ci:ChangesAccountsPayable>
	<tw-gaap-ci:ChangesAccountsPayableRelatedParties contextRef="From20110101To20110331" decimals="-3" unitRef="TWD">0</tw-gaap-ci:ChangesAccountsPayableRelatedParties>
	<tw-gaap-ci:ChangesAccountsPayableRelatedParties contextRef="From20100101To20100331" decimals="-3" unitRef="TWD">5349000</tw-gaap-ci:ChangesAccountsPayableRelatedParties>
	<tw-gaap-ci:ChangesIncomeTaxPayable contextRef="From20110101To20110331" decimals="-3" unitRef="TWD">750000</tw-gaap-ci:ChangesIncomeTaxPayable>
	<tw-gaap-ci:ChangesIncomeTaxPayable contextRef="From20100101To20100331" decimals="-3" unitRef="TWD">6400000</tw-gaap-ci:ChangesIncomeTaxPayable>
	<tw-gaap-ci:ChangesAccruedExpenses contextRef="From20110101To20110331" decimals="-3" unitRef="TWD">-19368000</tw-gaap-ci:ChangesAccruedExpenses>
	<tw-gaap-ci:ChangesAccruedExpenses contextRef="From20100101To20100331" decimals="-3" unitRef="TWD">-14274000</tw-gaap-ci:ChangesAccruedExpenses>
	<tw-gaap-ci:ChangeOtherPayableRelatedParties contextRef="From20110101To20110331" decimals="-3" unitRef="TWD">-13115000</tw-gaap-ci:ChangeOtherPayableRelatedParties>
	<tw-gaap-ci:ChangeOtherPayableRelatedParties contextRef="From20100101To20100331" decimals="-3" unitRef="TWD">-537000</tw-gaap-ci:ChangeOtherPayableRelatedParties>
	<tw-gaap-ci:ChangesDeferredTaxLiabilities contextRef="From20110101To20110331" decimals="-3" unitRef="TWD">2078000</tw-gaap-ci:ChangesDeferredTaxLiabilities>
	<tw-gaap-ci:ChangesDeferredTaxLiabilities contextRef="From20100101To20100331" decimals="-3" unitRef="TWD">856000</tw-gaap-ci:ChangesDeferredTaxLiabilities>
	<tw-gaap-ci:ChangesAccruedPensionLiabilities contextRef="From20110101To20110331" decimals="-3" unitRef="TWD">519000</tw-gaap-ci:ChangesAccruedPensionLiabilities>
	<tw-gaap-ci:ChangesAccruedPensionLiabilities contextRef="From20100101To20100331" decimals="-3" unitRef="TWD">500000</tw-gaap-ci:ChangesAccruedPensionLiabilities>
	<tw-gaap-ci:ChangesOtherOperatingLiabilities contextRef="From20110101To20110331" decimals="-3" unitRef="TWD">-1453000</tw-gaap-ci:ChangesOtherOperatingLiabilities>
	<tw-gaap-ci:ChangesOtherOperatingLiabilities contextRef="From20100101To20100331" decimals="-3" unitRef="TWD">12503000</tw-gaap-ci:ChangesOtherOperatingLiabilities>
	<tw-gaap-ci:ChangesOperatingLiabilities contextRef="From20110101To20110331" decimals="-3" unitRef="TWD">-20775000</tw-gaap-ci:ChangesOperatingLiabilities>
	<tw-gaap-ci:ChangesOperatingLiabilities contextRef="From20100101To20100331" decimals="-3" unitRef="TWD">18993000</tw-gaap-ci:ChangesOperatingLiabilities>
	<tw-gaap-ci:ChangesOperatingAssetsLiabilities contextRef="From20110101To20110331" decimals="-3" unitRef="TWD">-141200000</tw-gaap-ci:ChangesOperatingAssetsLiabilities>
	<tw-gaap-ci:ChangesOperatingAssetsLiabilities contextRef="From20100101To20100331" decimals="-3" unitRef="TWD">31918000</tw-gaap-ci:ChangesOperatingAssetsLiabilities>
	<tw-gaap-ci:NetCashProvidedUsedOperatingActivities contextRef="From20110101To20110331" decimals="-3" unitRef="TWD">-92256000</tw-gaap-ci:NetCashProvidedUsedOperatingActivities>
	<tw-gaap-ci:NetCashProvidedUsedOperatingActivities contextRef="From20100101To20100331" decimals="-3" unitRef="TWD">74417000</tw-gaap-ci:NetCashProvidedUsedOperatingActivities>
	<tw-gaap-ci:ProceedsDisposalAvailableSaleFinancialAssets contextRef="From20110101To20110331" decimals="-3" unitRef="TWD">0</tw-gaap-ci:ProceedsDisposalAvailableSaleFinancialAssets>
	<tw-gaap-ci:ProceedsDisposalAvailableSaleFinancialAssets contextRef="From20100101To20100331" decimals="-3" unitRef="TWD">5336000</tw-gaap-ci:ProceedsDisposalAvailableSaleFinancialAssets>
	<tw-gaap-ci:FinancialAssetsCarriedCostCashDividends contextRef="From20110101To20110331" decimals="-3" unitRef="TWD">0</tw-gaap-ci:FinancialAssetsCarriedCostCashDividends>
	<tw-gaap-ci:FinancialAssetsCarriedCostCashDividends contextRef="From20100101To20100331" decimals="-3" unitRef="TWD">3670000</tw-gaap-ci:FinancialAssetsCarriedCostCashDividends>
	<tw-gaap-ci:AcquisitionPropertyPlantEquipment contextRef="From20110101To20110331" decimals="-3" unitRef="TWD">0</tw-gaap-ci:AcquisitionPropertyPlantEquipment>
	<tw-gaap-ci:AcquisitionPropertyPlantEquipment contextRef="From20100101To20100331" decimals="-3" unitRef="TWD">-1418000</tw-gaap-ci:AcquisitionPropertyPlantEquipment>
	<tw-gaap-ci:ProceedsDisposalPropertyPlantEquipment contextRef="From20110101To20110331" decimals="-3" unitRef="TWD">1000000</tw-gaap-ci:ProceedsDisposalPropertyPlantEquipment>
	<tw-gaap-ci:ProceedsDisposalPropertyPlantEquipment contextRef="From20100101To20100331" decimals="-3" unitRef="TWD">0</tw-gaap-ci:ProceedsDisposalPropertyPlantEquipment>
	<tw-gaap-ci:IncreaseDeferredCharges contextRef="From20110101To20110331" decimals="-3" unitRef="TWD">-3100000</tw-gaap-ci:IncreaseDeferredCharges>
	<tw-gaap-ci:IncreaseDeferredCharges contextRef="From20100101To20100331" decimals="-3" unitRef="TWD">-4596000</tw-gaap-ci:IncreaseDeferredCharges>
	<tw-gaap-ci:ChangesRestrictedAssets contextRef="From20110101To20110331" decimals="-3" unitRef="TWD">9900000</tw-gaap-ci:ChangesRestrictedAssets>
	<tw-gaap-ci:ChangesRestrictedAssets contextRef="From20100101To20100331" decimals="-3" unitRef="TWD">0</tw-gaap-ci:ChangesRestrictedAssets>
	<tw-gaap-ci:NetCashProvidedUsedInvestingActivities contextRef="From20110101To20110331" decimals="-3" unitRef="TWD">7800000</tw-gaap-ci:NetCashProvidedUsedInvestingActivities>
	<tw-gaap-ci:NetCashProvidedUsedInvestingActivities contextRef="From20100101To20100331" decimals="-3" unitRef="TWD">2992000</tw-gaap-ci:NetCashProvidedUsedInvestingActivities>
	<tw-gaap-ci:CashPaidAcquisitionTreasuryStock contextRef="From20110101To20110331" decimals="-3" unitRef="TWD">-10459000</tw-gaap-ci:CashPaidAcquisitionTreasuryStock>
	<tw-gaap-ci:CashPaidAcquisitionTreasuryStock contextRef="From20100101To20100331" decimals="-3" unitRef="TWD">0</tw-gaap-ci:CashPaidAcquisitionTreasuryStock>
	<tw-gaap-ci:NetCashProvidedUsedFinancingActivities contextRef="From20110101To20110331" decimals="-3" unitRef="TWD">-10459000</tw-gaap-ci:NetCashProvidedUsedFinancingActivities>
	<tw-gaap-ci:NetCashProvidedUsedFinancingActivities contextRef="From20100101To20100331" decimals="-3" unitRef="TWD">0</tw-gaap-ci:NetCashProvidedUsedFinancingActivities>
	<tw-gaap-ci:NetChangesCashCashEquivalents contextRef="From20110101To20110331" decimals="-3" unitRef="TWD">-94915000</tw-gaap-ci:NetChangesCashCashEquivalents>
	<tw-gaap-ci:NetChangesCashCashEquivalents contextRef="From20100101To20100331" decimals="-3" unitRef="TWD">77409000</tw-gaap-ci:NetChangesCashCashEquivalents>
	<tw-gaap-ci:CashCashEquivalents contextRef="AsOf20110101" decimals="-3" unitRef="TWD">605209000</tw-gaap-ci:CashCashEquivalents>
	<tw-gaap-ci:CashCashEquivalents contextRef="AsOf20100101" decimals="-3" unitRef="TWD">569330000</tw-gaap-ci:CashCashEquivalents>
	<tw-gaap-ci:InterestPaid contextRef="From20110101To20110331" decimals="-3" unitRef="TWD">0</tw-gaap-ci:InterestPaid>
	<tw-gaap-ci:InterestPaid contextRef="From20100101To20100331" decimals="-3" unitRef="TWD">0</tw-gaap-ci:InterestPaid>
	<tw-gaap-ci:CapitalizedInterest contextRef="From20110101To20110331" decimals="-3" unitRef="TWD">0</tw-gaap-ci:CapitalizedInterest>
	<tw-gaap-ci:CapitalizedInterest contextRef="From20100101To20100331" decimals="-3" unitRef="TWD">0</tw-gaap-ci:CapitalizedInterest>
	<tw-gaap-ci:InterestPaidExcludingCapitalizedInterest contextRef="From20110101To20110331" decimals="-3" unitRef="TWD">0</tw-gaap-ci:InterestPaidExcludingCapitalizedInterest>
	<tw-gaap-ci:InterestPaidExcludingCapitalizedInterest contextRef="From20100101To20100331" decimals="-3" unitRef="TWD">0</tw-gaap-ci:InterestPaidExcludingCapitalizedInterest>
	<tw-gaap-ci:IncomeTaxPaid contextRef="From20110101To20110331" decimals="-3" unitRef="TWD">5016000</tw-gaap-ci:IncomeTaxPaid>
	<tw-gaap-ci:IncomeTaxPaid contextRef="From20100101To20100331" decimals="-3" unitRef="TWD">6401000</tw-gaap-ci:IncomeTaxPaid>
	<tw-gaap-ci:IncreasePropertyPlantEquipment contextRef="From20110101To20110331" decimals="-3" unitRef="TWD">781000</tw-gaap-ci:IncreasePropertyPlantEquipment>
	<tw-gaap-ci:IncreasePropertyPlantEquipment contextRef="From20100101To20100331" decimals="-3" unitRef="TWD">953000</tw-gaap-ci:IncreasePropertyPlantEquipment>
	<tw-gaap-ci:ChangesPayableEquipmentPurchased contextRef="From20110101To20110331" decimals="-3" unitRef="TWD">-781000</tw-gaap-ci:ChangesPayableEquipmentPurchased>
	<tw-gaap-ci:ChangesPayableEquipmentPurchased contextRef="From20100101To20100331" decimals="-3" unitRef="TWD">465000</tw-gaap-ci:ChangesPayableEquipmentPurchased>
	<tw-gaap-ci:CashPaidAcquisitionPropertyPlantEquipment contextRef="From20110101To20110331" decimals="-3" unitRef="TWD">0</tw-gaap-ci:CashPaidAcquisitionPropertyPlantEquipment>
	<tw-gaap-ci:CashPaidAcquisitionPropertyPlantEquipment contextRef="From20100101To20100331" decimals="-3" unitRef="TWD">1418000</tw-gaap-ci:CashPaidAcquisitionPropertyPlantEquipment>
	<tw-gaap-ar:AccountantName contextRef="AsOf20110415">勤業眾信聯合會計師事務所</tw-gaap-ar:AccountantName>
	<tw-gaap-ar:AssuranceAccountantName1 contextRef="AsOf20110415">葉淑娟</tw-gaap-ar:AssuranceAccountantName1>
	<tw-gaap-ar:AssuranceAccountantName2 contextRef="AsOf20110415">施景彬</tw-gaap-ar:AssuranceAccountantName2>
	<tw-gaap-ar:ReviewAuditDate contextRef="AsOf20110415">2011-04-15</tw-gaap-ar:ReviewAuditDate>
	<tw-gaap-ar:ReviewReport contextRef="AsOf20110415">Y</tw-gaap-ar:ReviewReport>
	<tw-gaap-ar:QualifiedOpinionAbstract contextRef="AsOf20110415">Y</tw-gaap-ar:QualifiedOpinionAbstract>
	<tw-gaap-ar:ByInvestmentCompaniesWithoutAccountantAuditReportRecognizedGainLoss contextRef="AsOf20110415">Y</tw-gaap-ar:ByInvestmentCompaniesWithoutAccountantAuditReportRecognizedGainLoss>
	<tw-gaap-ar:DescriptionEmphasizeItemBody contextRef="AsOf20110415"><![CDATA[]]></tw-gaap-ar:DescriptionEmphasizeItemBody>
	<tw-gaap-ar:DescriptionOtherItemBody contextRef="AsOf20110415"><![CDATA[]]></tw-gaap-ar:DescriptionOtherItemBody>
	<tw-gaap-ar:AccountantsReportBody contextRef="AsOf20110415"><![CDATA[友通資訊股份有限公司　公鑒：

　　友通資訊股份有限公司民國一○○年及九十九年三月三十一日之資產負債表，
暨民國一○○年及九十九年一月一日至三月三十一日之損益表及現金流量表，業經
本會計師核閱竣事。上開財務報表之編製係管理階層之責任，本會計師之責任則為
根據核閱結果出具報告。

　　除下段所述者外，本會計師係依照審計準則公報第三十六號「財務報表之核閱」
規劃並執行核閱工作。由於本會計師僅實施分析、比較與查詢，並未依照一般公認
審計準則查核，因是無法對上開財務報表之整體表示查核意見。

　　如財務報表附註十所述，友通資訊股份有限公司民國一○○年及九十九年三月
三十一日採權益法認列之長期股權投資餘額分別計新台幣616,782仟元及606,113仟元，
及其相關之民國一○○及九十九年第一季認列之投資淨益分別計新台幣12,473仟元
及4,849仟元，暨財務報表附註二十三附註揭露事項所述轉投資事業之相關資訊，
係依據被投資公司同期間未經會計師核閱之財務報表認列與揭露。

　　依本會計師核閱結果，除上段所述採權益法認列之長期股權投資及其相關
投資損益暨轉投資事業之相關資訊，係依據被投資公司同期間未經會計師核閱
之財務報表認列與揭露，倘該等財務報表經會計師核閱而有所調整時，對於
友通資訊股份有限公司民國一○○及九十九年第一季財務報表之可能影響外，
並未發現第一段所述財務報表在所有重大方面有違反證券發行人財務報告編製
準則、商業會計法及商業會計處理準則中與財務會計準則相關之規定暨一般公
認會計原則而須作修正之情事。

　　如財務報表附註三所述，友通資訊股份有限公司自民國一○○年一月一日
起採用新修訂之財務會計準則公報第三十四號「金融商品之會計處理準則」，
及新發布之財務會計準則公報第四十一號「營運部門資訊之揭露」。



勤業眾信聯合會計師事務所
會 計 師葉淑娟		
會 計 師施景彬


行政院金融監督管理委員會核准文號
　金管證審字第0990031652號		
財政部證券暨期貨管理委員會核准文號
　台財證六字第0920123784號



]]></tw-gaap-ar:AccountantsReportBody>
	<tw-gaap-notes:FinancialReportNotes contextRef="From20110101To20110331"><![CDATA[http://doc.twse.com.tw/server-java/t57sb01?step=1&colorchg=1&co_id=2397&year=100&seamon=1&mtype=A&]]></tw-gaap-notes:FinancialReportNotes>
	<tw-gaap-notes:OrganizationAndOperations contextRef="From20110101To20110331"><![CDATA[
    本公司於七十年七月設立，自八十九年一月十五日起股票在臺灣證券交易所上市買賣。
主要從事於一般PC用之主機板、工業電腦用板卡及電腦零組件之製造加工及買賣業務。

　　本公司於一○○及九十九年三月底，員工人數分別約為397人及399人。

]]></tw-gaap-notes:OrganizationAndOperations>
	<tw-gaap-notes:SummaryOfSignificantAccountingPolicies contextRef="From20110101To20110331"><![CDATA[
本財務報表係依照證券發行人財務報告編製準則、商業會計法、商業會計處理準則及一般公認會計原則編製。
依照前述準則、法令及原則編製財務報表時，本公司對於備抵呆帳、存貨跌價損失、固定資產折舊、所得稅、
退休金、員工分紅及董監酬勞費用等之提列，必須使用合理之估計金額，因估計涉及判斷，實際結果可能有
所差異。重要會計政策彙總說明如下：

資產與負債區分流動與非流動之標準

　　流動資產包括現金、主要為交易目的而持有之資產，以及預期於資產負債表日後十二個月內變現或耗用
之資產；固定資產、無形資產及其他不屬於流動資產之資產為非流動資產。流動負債包括主要為交易目的而
發生之負債，以及須於資產負債表日後十二個月內清償之負債，負債不屬於流動負債者為非流動負債。

公平價值變動列入損益之金融商品

　　公平價值變動列入損益之金融商品包括交易目的之金融資產或金融負債。本公司成為金融商品合約之一方
時，認列金融資產或金融負債；對於合約權利喪失控制時，除列金融資產；於合約規定之義務解除、取消或到
期而使金融負債消滅時，除列金融負債。

　　原始認列時，係以公平價值衡量，交易成本列為當期費用，續後評價時，以公平價值衡量且公平價值變動
認列為當期損益。投資後所收到之現金股利（含投資年度收到者）列為當期收益。金融商品除列時，出售所得
價款或支付金額與帳面價值之差額，計入當期損益。依慣例交易購買或出售金融資產時，採用交易日會計處理。

　　衍生性商品未能符合避險會計者，係分類為交易目的之金融資產或金融負債。公平價值為正值時，列為金
融資產；公平價值為負值時，列為金融負債。

　　公平價值之基礎：上市（櫃）證券係資產負債表日之收盤價；開放型基金受益憑證係依資產負債表日之淨
資產價值；遠期外匯係以評價方法估計公平價值；封閉型基金受益憑證係依台灣證券交易所資產負債表日收盤價。

備供出售金融資產
　　備供出售金融資產於原始認列時，以公平價值衡量，並加計取得之交易成本；後續評價以公平價值衡量，
且其價值變動列為股東權益調整項目，累積之利益或損失於金融資產除列時，列入當期損益。依慣例交易購買
或出售金融資產時，採用交易日會計處理。

　　備供出售金融資產之認列或除列時點，以及公平價值之基礎，均與公平價值變動列入損益之金融商品相同。

　　公平價值之基礎：上市（櫃）證券係資產負債表日之收盤價；債券係按資產負債表日之買方報價；私募基金
受益憑證係依資產負債表日之淨資產價值。

　　現金股利於除息日認列收益，但依據投資前淨利宣告之部分，係自投資成本減除。股票股利不列為投資收益，
僅註記股數增加，並按增加後之總股數重新計算每股成本。

　　若有減損之客觀證據，則認列減損損失。若後續期間減損金額減少，備供出售權益商品之減損減少金額認列
為股東權益調整項目；備供出售債務商品之減損減少金額若明顯與認列減損後發生之事件有關，則予以迴轉並認
列為當期損益。
 
收入認列及應收帳款、備抵呆帳
　　本公司係於貨物之所有權及顯著風險移轉予客戶時認列銷貨收入，因其獲利過程大部分已完成，且已實現或
可實現。去料加工時，加工產品之所有權及顯著風險並未移轉，是以去料時不作銷貨處理。

　　銷貨收入係考量商業折扣及數量折扣後之公平價值衡量；惟銷貨收入之對價為一年期以內之應收款時，其公
平價值與到期值差異不大且交易量頻繁，則不按設算利率計算公平價值。

　　備抵呆帳係按應收款項之收回可能性評估提列。本公司係依據對客戶之應收帳款帳齡分析、信用評等及經濟
環境等因素，定期評估應收帳款之收回可能性。

　　如附註三所述，本公司自一○○年一月一日起採用新修訂之財務會計準則公報第三十四號「金融商品之會計處理準則」，
修訂條文將原始產生之應收款納入適用範圍，故本公司對於應收帳款係於每一資產負債表日評估其減損跡象，當有客觀證
據顯示，因應收帳款原始認列後發生之單一或多項事件，致使應收帳款之估計未來現金流量受影響者，該應收帳款則視為
已減損。客觀之減損證據可能包含：

 1.	債務人發生顯著財務困難；或
 2.	應收帳款發生逾期之情形；或
 3.	債務人很有可能倒閉或進行其他財務重整。
　　針對某些應收款項經個別評估未有減損後，另再以組合基礎來評估減損。應收帳款組合之客觀減損證據可能包含本公
司過去收款經驗、該組合之延遲付款增加情況，以及與應收帳款違約有關之可觀察全國性或區域性經濟情勢變化。

　　認列之減損損失金額係為該資產之帳面金額與預期未來現金流量（已反映擔保品或保證之影響）以該應收帳款原始
有效利率折現值之間的差額。應收款帳之帳面金額係藉由備抵評價科目調降。當應收款項視為無法回收時，係沖銷備抵
評價科目。原先已沖銷而後續回收之款項係貸記備抵評價科目。備抵評價科目帳面金額之變動認列為呆帳損失。
 
存　　貨
　　存貨包括原料、製成品、在製品及委外加工品。存貨係以成本與淨變現價值孰低評價，比較成本與淨變現價值時除
同類別存貨外係以個別項目為基礎。淨變現價值係指在正常情況下之估計售價減除至完工尚須投入之成本及銷售費用後
之餘額。存貨成本之計算採用加權平均法。存貨平時按標準成本計價，結帳日再予調整使其接近按加權平均法計算之成本。

持有至到期日金融資產
　　持有至到期日金融資產係以利息法（差異不大時，以直線法）之攤銷後成本衡量。原始認列時，以公平價值衡量並
加計取得之交易成本，於除列、價值減損或攤銷時認列損益。依交易慣例購買或出售金融資產時，採用交易日會計處理。

　　若有減損之客觀證據，則認列減損損失。若續後期間減損金額減少，且明顯與認列減損後發生之事件有關，則予以
迴轉並認列為當期損益，該迴轉不使帳面金額大於未認列減損情況下之攤銷後成本。

以成本衡量之金融資產
　　無法可靠衡量公平價值之基金投資，以原始認列之成本衡量。若有減損之客觀證據，則認列減損損失，此減損金額
不予迴轉。

採權益法之長期股權投資
　　本公司對被投資公司持有表決權股份達百分之二十以上或具有重大影響力者，採用權益法評價。
　　取得股權時，先將投資成本予以分析處理，投資成本超過可辨認淨資產公平價值部分列為商譽。
商譽不予攤銷，但每年定期進行減損測試，且發生特定事項或環境改變顯示商譽可能發生減損時，
亦進行減損測試。

　　長期股權投資採權益法計價者，係以投資成本加（或減）按股權比例認列被投資公司之純益
（或純損）計算。被投資公司發生純益（或純損）時，認列投資利益（或損失）；發放現金股利
時則作為投資減項；取得股票股利時僅註記增加股數。

　　於資產負債表日評估是否有減損跡象，若有客觀證據顯示業已減損，就其減損部分認列損失；
對僅具重大影響力而未具控制能力之長期股權投資，係以其個別投資帳面價值為基礎，予以評估。

固定資產
　　固定資產係按成本減累計折舊計價。重大更新及改良，作為資本支出；修理及維護支出，
則作為當期費用。

　　倘固定資產以其相關可回收金額衡量帳面價值有重大減損時，就其減損部分認列損失。
嗣後若固定資產可回收金額增加時，將減損損失之迴轉認列為利益，惟固定資產於減損損失
迴轉後之帳面價值，不得超過該項資產在未認列減損損失之情況下，減除應提列折舊後之帳
面價值。

　　固定資產之折舊，係按直線法依照下列耐用年數計提：房屋建築，三至六十年；機器設備，
二至十五年；生財器具，二至八年；其他設備，二至八年。固定資產耐用年限屆滿仍繼續使用者，
依原折舊方法按估計可繼續使用年限計提。

　　固定資產報廢或出售時，其成本及相關之累計折舊均自帳上予以減除，因而產生之損益依其
性質列為當期之營業外收入或支出。八十九年度以前產生之處分資產利益扣除有關所得稅後之淨額，
係於當年底轉列資本公積。

無形資產
　　無形資產以取得成本為入帳基礎，採用直線法依其耐用年限分期攤銷。電腦軟體成本按三至五年，
以直線法攤銷。

遞延費用
　　遞延費用主要係工程及模具支出，按三至五年平均攤銷。

遞延盈益
　　本公司與按權益法計價之被投資公司間順流交易所產生之未實現銷貨利益，若本公司持股比例
超過百分之五十者，則全數予以遞延，未達百分之五十者，則按持股比例予以遞延；俟實現時，
始予認列為利益。
 
退休金
　　屬確定給付退休辦法之退休金係按精算結果認列；屬確定提撥退休辦法之退休金，係於員工
提供服務之期間，將應提撥之退休基金數額認列為當期費用。

庫藏股票
　　本公司買回已發行股票作為庫藏股票時，將所支付之成本借記庫藏股票，列為股東權益之減項。
　　本公司於註銷庫藏股票時，沖減庫藏股票成本，並按股權比例沖減資本公積－股本溢價與股本。
    庫藏股票之帳面價值如低於面額與股票發行溢價之合計數時，其差額應貸記資本公積－庫藏股
    交易科目；若庫藏股票之帳面價值高於面額與股票發行溢價之合計數時，其差額則沖銷同種類
    庫藏股票交易所產生之資本公積，如有不足再借記保留盈餘。

所得稅
　　所得稅會計處理係作跨期間及同期間之所得稅分攤，即將可減除暫時性差異、虧損扣抵及未使用
    投資抵減之所得稅影響數認列為遞延所得稅資產，並評估其可實現性，認列相關備抵評價金額；
    而應課稅暫時性差異之所得稅影響數則認列為遞延所得稅負債。遞延所得稅資產或負債依其相關
    資產或負債之分類劃分為流動或非流動項目，無相關之資產或負債者，依預期回轉期間之長短劃
    分為流動或非流動項目。
　　以前年度應付所得稅之調整，列入當期所得稅。
　　依所得稅法規定計算之未分配盈餘加徵百分之十所得稅列為股東會決議年度之所得稅費用。

以外幣為準之交易事項
　　非衍生性商品之外幣交易所產生之各項外幣資產、負債、收入或費用，按交易日之即期匯率折算
    新台幣金額入帳。外幣資產及負債實際收付結清時所產生之兌換差額，作為當期損益。
　　資產負債表日之外幣貨幣性資產或負債，按該日即期匯率予以調整，兌換差額列為當期損益。
　　資產負債表日之外幣非貨幣性資產或負債，依公平價值衡量者，按該日即期匯率調整，所產生之
    兌換差額，屬公平價值變動認列為股東權益調整項目者，列為股東權益調整項目；屬公平價值變動
    認列為當期損益者，列為當期損益。以成本衡量者，則按交易日之歷史匯率衡量。
　　外幣長期投資按權益法計價者，以被投資公司之外幣財務報表換算後所得之股東權益做為依據，
    兌換差額列入累積換算調整數，作為股東權益之調整項目。

科目重分類
　　九十九年第一季財務報表若干科目經予重分類，俾配合一○○年第一季財務報表之表達方式。

]]></tw-gaap-notes:SummaryOfSignificantAccountingPolicies>
	<tw-gaap-notes:ChangesInAccountingPrinciples contextRef="From20110101To20110331"><![CDATA[金融商品之會計處理
　　本公司自一○○年一月一日起採用新修訂之財務會計準則公報第三十四號「金融商品之會計處理準則」。
主要之修訂包括(一)將應收租賃款之減損納入公報適用範圍；(二)修訂保險相關合約之會計準則適用規範；
(三)將原始產生之放款及應收款納入公報適用範圍；(四)增訂以攤銷後成本衡量之金融資產於債務困難修改
條款時之減損規範；及(五)債務條款修改時債務人之會計處理。此項會計變動，對本公司一○○年第一季
純益並無影響。

營運部門資訊之揭露
　　本公司自一○○年一月一日起，採用新發布之財務會計準則公報第四十一號「營運部門資訊之揭露」。
該公報之規定係以管理階層制定營運事項決策時所使用之企業組成部分相關資訊為基礎，營運部門之辨識則
以主要營運決策者定期複核用以分配資源予部門與評量績效之內部報告為基礎。該公報係取代財務會計準則
公報第二十號「部門別財務資訊之揭露」，採用該公報僅對本公司部門別資訊之報導方式產生改變，本公司
亦配合編製九十九年第一季之部門資訊。
　

]]></tw-gaap-notes:ChangesInAccountingPrinciples>
</xbrl>

<!--This instance document is created by SIIAP V1.4.5-->
