<?xml version="1.0" encoding="UTF-8"?>
<xbrl xmlns="http://www.xbrl.org/2003/instance" xmlns:iso4217="http://www.xbrl.org/2003/iso4217" xmlns:link="http://www.xbrl.org/2003/linkbase" xmlns:tw-gaap-ar="http://www.xbrl.org/tw/fr/gaap/ar/2010-12-31" xmlns:tw-gaap-ci="http://www.xbrl.org/tw/fr/gaap/tw-gaap-ci-2010-12-31" xmlns:tw-gaap-notes="http://www.xbrl.org/tw/fr/gaap/notes/2010-12-31" xmlns:xbrldi="http://xbrl.org/2006/xbrldi" xmlns:xbrldt="http://xbrl.org/2005/xbrldt" xmlns:xbrli="http://www.xbrl.org/2003/instance" xmlns:xlink="http://www.w3.org/1999/xlink">
	<link:schemaRef xlink:arcrole="http://www.w3.org/1999/xlink/properties/linkbase" xlink:href="tw-gaap-ci-2010-12-31.xsd" xlink:type="simple"/>	<context id="AsOf20110420">
		<entity>
			<identifier scheme="http://www.twse.com.tw">2353</identifier>
		</entity>
		<period>
			<instant>2011-04-20</instant>
		</period>
	</context>
	<context id="AsOf20100101">
		<entity>
			<identifier scheme="http://www.twse.com.tw">2353</identifier>
		</entity>
		<period>
			<instant>2010-01-01</instant>
		</period>
	</context>
	<context id="AsOf20110101">
		<entity>
			<identifier scheme="http://www.twse.com.tw">2353</identifier>
		</entity>
		<period>
			<instant>2011-01-01</instant>
		</period>
	</context>
	<context id="From20100101To20100331">
		<entity>
			<identifier scheme="http://www.twse.com.tw">2353</identifier>
		</entity>
		<period>
			<startDate>2010-01-01</startDate>
			<endDate>2010-03-31</endDate>
		</period>
	</context>
	<context id="AsOf20100331">
		<entity>
			<identifier scheme="http://www.twse.com.tw">2353</identifier>
		</entity>
		<period>
			<instant>2010-03-31</instant>
		</period>
	</context>
	<context id="From20110101To20110331">
		<entity>
			<identifier scheme="http://www.twse.com.tw">2353</identifier>
		</entity>
		<period>
			<startDate>2011-01-01</startDate>
			<endDate>2011-03-31</endDate>
		</period>
	</context>
	<context id="AsOf20110331">
		<entity>
			<identifier scheme="http://www.twse.com.tw">2353</identifier>
		</entity>
		<period>
			<instant>2011-03-31</instant>
		</period>
	</context>
	<unit id="TWD">
		<measure>iso4217:TWD</measure>
	</unit>
	<unit id="Shares">
		<measure>xbrli:shares</measure>
	</unit>
	<unit id="EarningsPerShare">
		<divide>
			<unitNumerator>
				<measure>iso4217:TWD</measure>
			</unitNumerator>
			<unitDenominator>
				<measure>xbrli:shares</measure>
			</unitDenominator>
		</divide>
	</unit>
	<tw-gaap-ci:CashCashEquivalents contextRef="AsOf20110331" decimals="-3" unitRef="TWD">20371534000</tw-gaap-ci:CashCashEquivalents>
	<tw-gaap-ci:CashCashEquivalents contextRef="AsOf20100331" decimals="-3" unitRef="TWD">9253476000</tw-gaap-ci:CashCashEquivalents>
	<tw-gaap-ci:FinancialAssetsMeasuredFairValueProfitLossCurrent contextRef="AsOf20110331" decimals="-3" unitRef="TWD">594000</tw-gaap-ci:FinancialAssetsMeasuredFairValueProfitLossCurrent>
	<tw-gaap-ci:FinancialAssetsMeasuredFairValueProfitLossCurrent contextRef="AsOf20100331" decimals="-3" unitRef="TWD">1029000</tw-gaap-ci:FinancialAssetsMeasuredFairValueProfitLossCurrent>
	<tw-gaap-ci:AvailableSaleFinancialAssetsCurrent contextRef="AsOf20110331" decimals="-3" unitRef="TWD">75052000</tw-gaap-ci:AvailableSaleFinancialAssetsCurrent>
	<tw-gaap-ci:AvailableSaleFinancialAssetsCurrent contextRef="AsOf20100331" decimals="-3" unitRef="TWD">106781000</tw-gaap-ci:AvailableSaleFinancialAssetsCurrent>
	<tw-gaap-ci:HedgingDerivativeAssetsCurrent contextRef="AsOf20110331" decimals="-3" unitRef="TWD">1327000</tw-gaap-ci:HedgingDerivativeAssetsCurrent>
	<tw-gaap-ci:HedgingDerivativeAssetsCurrent contextRef="AsOf20100331" decimals="-3" unitRef="TWD">324277000</tw-gaap-ci:HedgingDerivativeAssetsCurrent>
	<tw-gaap-ci:NetAccountsReceivable contextRef="AsOf20110331" decimals="-3" unitRef="TWD">8058223000</tw-gaap-ci:NetAccountsReceivable>
	<tw-gaap-ci:NetAccountsReceivable contextRef="AsOf20100331" decimals="-3" unitRef="TWD">11315412000</tw-gaap-ci:NetAccountsReceivable>
	<tw-gaap-ci:NetAccountsReceivableRelatedParties contextRef="AsOf20110331" decimals="-3" unitRef="TWD">57960774000</tw-gaap-ci:NetAccountsReceivableRelatedParties>
	<tw-gaap-ci:NetAccountsReceivableRelatedParties contextRef="AsOf20100331" decimals="-3" unitRef="TWD">74174365000</tw-gaap-ci:NetAccountsReceivableRelatedParties>
	<tw-gaap-ci:OtherReceivables contextRef="AsOf20110331" decimals="-3" unitRef="TWD">1918636000</tw-gaap-ci:OtherReceivables>
	<tw-gaap-ci:OtherReceivables contextRef="AsOf20100331" decimals="-3" unitRef="TWD">2409105000</tw-gaap-ci:OtherReceivables>
	<tw-gaap-ci:OtherReceivablesRelatedParties contextRef="AsOf20110331" decimals="-3" unitRef="TWD">21722000</tw-gaap-ci:OtherReceivablesRelatedParties>
	<tw-gaap-ci:OtherReceivablesRelatedParties contextRef="AsOf20100331" decimals="-3" unitRef="TWD">57420000</tw-gaap-ci:OtherReceivablesRelatedParties>
	<tw-gaap-ci:InventoriesMerchandising contextRef="AsOf20110331" decimals="-3" unitRef="TWD">18037288000</tw-gaap-ci:InventoriesMerchandising>
	<tw-gaap-ci:InventoriesMerchandising contextRef="AsOf20100331" decimals="-3" unitRef="TWD">17910035000</tw-gaap-ci:InventoriesMerchandising>
	<tw-gaap-ci:Inventories contextRef="AsOf20110331" decimals="-3" unitRef="TWD">18037288000</tw-gaap-ci:Inventories>
	<tw-gaap-ci:Inventories contextRef="AsOf20100331" decimals="-3" unitRef="TWD">17910035000</tw-gaap-ci:Inventories>
	<tw-gaap-ci:DeferredIncomeTaxAssetsCurrent contextRef="AsOf20110331" decimals="-3" unitRef="TWD">570135000</tw-gaap-ci:DeferredIncomeTaxAssetsCurrent>
	<tw-gaap-ci:DeferredIncomeTaxAssetsCurrent contextRef="AsOf20100331" decimals="-3" unitRef="TWD">1284315000</tw-gaap-ci:DeferredIncomeTaxAssetsCurrent>
	<tw-gaap-ci:OthercurrentAssetsOther contextRef="AsOf20110331" decimals="-3" unitRef="TWD">560150000</tw-gaap-ci:OthercurrentAssetsOther>
	<tw-gaap-ci:OthercurrentAssetsOther contextRef="AsOf20100331" decimals="-3" unitRef="TWD">892638000</tw-gaap-ci:OthercurrentAssetsOther>
	<tw-gaap-ci:OtherCurrentAssets contextRef="AsOf20110331" decimals="-3" unitRef="TWD">1130285000</tw-gaap-ci:OtherCurrentAssets>
	<tw-gaap-ci:OtherCurrentAssets contextRef="AsOf20100331" decimals="-3" unitRef="TWD">2176953000</tw-gaap-ci:OtherCurrentAssets>
	<tw-gaap-ci:CurrentAssets contextRef="AsOf20110331" decimals="-3" unitRef="TWD">107575435000</tw-gaap-ci:CurrentAssets>
	<tw-gaap-ci:CurrentAssets contextRef="AsOf20100331" decimals="-3" unitRef="TWD">117728853000</tw-gaap-ci:CurrentAssets>
	<tw-gaap-ci:AvailablesaleFinancialAssetsNonCurrent contextRef="AsOf20110331" decimals="-3" unitRef="TWD">1783144000</tw-gaap-ci:AvailablesaleFinancialAssetsNonCurrent>
	<tw-gaap-ci:AvailablesaleFinancialAssetsNonCurrent contextRef="AsOf20100331" decimals="-3" unitRef="TWD">2490213000</tw-gaap-ci:AvailablesaleFinancialAssetsNonCurrent>
	<tw-gaap-ci:NetFinancialAssetsCarriedCostNonCurrent contextRef="AsOf20110331" decimals="-3" unitRef="TWD">699321000</tw-gaap-ci:NetFinancialAssetsCarriedCostNonCurrent>
	<tw-gaap-ci:NetFinancialAssetsCarriedCostNonCurrent contextRef="AsOf20100331" decimals="-3" unitRef="TWD">796169000</tw-gaap-ci:NetFinancialAssetsCarriedCostNonCurrent>
	<tw-gaap-ci:LongtermInvestmentsEquity contextRef="AsOf20110331" decimals="-3" unitRef="TWD">83348601000</tw-gaap-ci:LongtermInvestmentsEquity>
	<tw-gaap-ci:LongtermInvestmentsEquity contextRef="AsOf20100331" decimals="-3" unitRef="TWD">77426258000</tw-gaap-ci:LongtermInvestmentsEquity>
	<tw-gaap-ci:LongtermInvestments contextRef="AsOf20110331" decimals="-3" unitRef="TWD">83348601000</tw-gaap-ci:LongtermInvestments>
	<tw-gaap-ci:LongtermInvestments contextRef="AsOf20100331" decimals="-3" unitRef="TWD">77426258000</tw-gaap-ci:LongtermInvestments>
	<tw-gaap-ci:FundsInvestments contextRef="AsOf20110331" decimals="-3" unitRef="TWD">85831066000</tw-gaap-ci:FundsInvestments>
	<tw-gaap-ci:FundsInvestments contextRef="AsOf20100331" decimals="-3" unitRef="TWD">80712640000</tw-gaap-ci:FundsInvestments>
	<tw-gaap-ci:Land contextRef="AsOf20110331" decimals="-3" unitRef="TWD">734207000</tw-gaap-ci:Land>
	<tw-gaap-ci:Land contextRef="AsOf20100331" decimals="-3" unitRef="TWD">379379000</tw-gaap-ci:Land>
	<tw-gaap-ci:BuildingsStructures contextRef="AsOf20110331" decimals="-3" unitRef="TWD">973858000</tw-gaap-ci:BuildingsStructures>
	<tw-gaap-ci:BuildingsStructures contextRef="AsOf20100331" decimals="-3" unitRef="TWD">581047000</tw-gaap-ci:BuildingsStructures>
	<tw-gaap-ci:ComputerTelecommunicationEquipment contextRef="AsOf20110331" decimals="-3" unitRef="TWD">604782000</tw-gaap-ci:ComputerTelecommunicationEquipment>
	<tw-gaap-ci:ComputerTelecommunicationEquipment contextRef="AsOf20100331" decimals="-3" unitRef="TWD">584478000</tw-gaap-ci:ComputerTelecommunicationEquipment>
	<tw-gaap-ci:OtherFacilities contextRef="AsOf20110331" decimals="-3" unitRef="TWD">774951000</tw-gaap-ci:OtherFacilities>
	<tw-gaap-ci:OtherFacilities contextRef="AsOf20100331" decimals="-3" unitRef="TWD">767293000</tw-gaap-ci:OtherFacilities>
	<tw-gaap-ci:FixedAssetsOriginalCosts contextRef="AsOf20110331" decimals="-3" unitRef="TWD">3087798000</tw-gaap-ci:FixedAssetsOriginalCosts>
	<tw-gaap-ci:FixedAssetsOriginalCosts contextRef="AsOf20100331" decimals="-3" unitRef="TWD">2312197000</tw-gaap-ci:FixedAssetsOriginalCosts>
	<tw-gaap-ci:CostsRevaluationIncrement contextRef="AsOf20110331" decimals="-3" unitRef="TWD">3087798000</tw-gaap-ci:CostsRevaluationIncrement>
	<tw-gaap-ci:CostsRevaluationIncrement contextRef="AsOf20100331" decimals="-3" unitRef="TWD">2312197000</tw-gaap-ci:CostsRevaluationIncrement>
	<tw-gaap-ci:AccumulatedDepreciation contextRef="AsOf20110331" decimals="-3" unitRef="TWD">889117000</tw-gaap-ci:AccumulatedDepreciation>
	<tw-gaap-ci:AccumulatedDepreciation contextRef="AsOf20100331" decimals="-3" unitRef="TWD">748508000</tw-gaap-ci:AccumulatedDepreciation>
	<tw-gaap-ci:AccumulatedImpairmentFixedAssets contextRef="AsOf20110331" decimals="-3" unitRef="TWD">236380000</tw-gaap-ci:AccumulatedImpairmentFixedAssets>
	<tw-gaap-ci:AccumulatedImpairmentFixedAssets contextRef="AsOf20100331" decimals="-3" unitRef="TWD">0</tw-gaap-ci:AccumulatedImpairmentFixedAssets>
	<tw-gaap-ci:ConstructionProcessPrepaymentEquipments contextRef="AsOf20110331" decimals="-3" unitRef="TWD">9072000</tw-gaap-ci:ConstructionProcessPrepaymentEquipments>
	<tw-gaap-ci:ConstructionProcessPrepaymentEquipments contextRef="AsOf20100331" decimals="-3" unitRef="TWD">94036000</tw-gaap-ci:ConstructionProcessPrepaymentEquipments>
	<tw-gaap-ci:FixedAssets contextRef="AsOf20110331" decimals="-3" unitRef="TWD">1971373000</tw-gaap-ci:FixedAssets>
	<tw-gaap-ci:FixedAssets contextRef="AsOf20100331" decimals="-3" unitRef="TWD">1657725000</tw-gaap-ci:FixedAssets>
	<tw-gaap-ci:Trademarks contextRef="AsOf20110331" decimals="-3" unitRef="TWD">7423839000</tw-gaap-ci:Trademarks>
	<tw-gaap-ci:Trademarks contextRef="AsOf20100331" decimals="-3" unitRef="TWD">7452932000</tw-gaap-ci:Trademarks>
	<tw-gaap-ci:OtherIntangibleAssets_OtherIntangibleAssets contextRef="AsOf20110331" decimals="-3" unitRef="TWD">1077051000</tw-gaap-ci:OtherIntangibleAssets_OtherIntangibleAssets>
	<tw-gaap-ci:OtherIntangibleAssets_OtherIntangibleAssets contextRef="AsOf20100331" decimals="-3" unitRef="TWD">833601000</tw-gaap-ci:OtherIntangibleAssets_OtherIntangibleAssets>
	<tw-gaap-ci:OtherIntangibleAssets contextRef="AsOf20110331" decimals="-3" unitRef="TWD">1077051000</tw-gaap-ci:OtherIntangibleAssets>
	<tw-gaap-ci:OtherIntangibleAssets contextRef="AsOf20100331" decimals="-3" unitRef="TWD">833601000</tw-gaap-ci:OtherIntangibleAssets>
	<tw-gaap-ci:IntangibleAssets contextRef="AsOf20110331" decimals="-3" unitRef="TWD">8500890000</tw-gaap-ci:IntangibleAssets>
	<tw-gaap-ci:IntangibleAssets contextRef="AsOf20100331" decimals="-3" unitRef="TWD">8286533000</tw-gaap-ci:IntangibleAssets>
	<tw-gaap-ci:NetIdledAssets contextRef="AsOf20110331" decimals="-3" unitRef="TWD">3457807000</tw-gaap-ci:NetIdledAssets>
	<tw-gaap-ci:NetIdledAssets contextRef="AsOf20100331" decimals="-3" unitRef="TWD">4170858000</tw-gaap-ci:NetIdledAssets>
	<tw-gaap-ci:GuaranteeDepositsPaid contextRef="AsOf20110331" decimals="-3" unitRef="TWD">214551000</tw-gaap-ci:GuaranteeDepositsPaid>
	<tw-gaap-ci:GuaranteeDepositsPaid contextRef="AsOf20100331" decimals="-3" unitRef="TWD">230096000</tw-gaap-ci:GuaranteeDepositsPaid>
	<tw-gaap-ci:LongtermNotesAccountsReceivable contextRef="AsOf20110331" decimals="-3" unitRef="TWD">74578000</tw-gaap-ci:LongtermNotesAccountsReceivable>
	<tw-gaap-ci:LongtermNotesAccountsReceivable contextRef="AsOf20100331" decimals="-3" unitRef="TWD">118723000</tw-gaap-ci:LongtermNotesAccountsReceivable>
	<tw-gaap-ci:OtherAssetsOther contextRef="AsOf20110331" decimals="-3" unitRef="TWD">1295033000</tw-gaap-ci:OtherAssetsOther>
	<tw-gaap-ci:OtherAssetsOther contextRef="AsOf20100331" decimals="-3" unitRef="TWD">1290542000</tw-gaap-ci:OtherAssetsOther>
	<tw-gaap-ci:OtherAssets contextRef="AsOf20110331" decimals="-3" unitRef="TWD">5041969000</tw-gaap-ci:OtherAssets>
	<tw-gaap-ci:OtherAssets contextRef="AsOf20100331" decimals="-3" unitRef="TWD">5810219000</tw-gaap-ci:OtherAssets>
	<tw-gaap-ci:Assets contextRef="AsOf20110331" decimals="-3" unitRef="TWD">208920733000</tw-gaap-ci:Assets>
	<tw-gaap-ci:Assets contextRef="AsOf20100331" decimals="-3" unitRef="TWD">214195970000</tw-gaap-ci:Assets>
	<tw-gaap-ci:FinancialLiabilitiesMeasuredFairValueProfitLossCurrent contextRef="AsOf20110331" decimals="-3" unitRef="TWD">219017000</tw-gaap-ci:FinancialLiabilitiesMeasuredFairValueProfitLossCurrent>
	<tw-gaap-ci:FinancialLiabilitiesMeasuredFairValueProfitLossCurrent contextRef="AsOf20100331" decimals="-3" unitRef="TWD">507000</tw-gaap-ci:FinancialLiabilitiesMeasuredFairValueProfitLossCurrent>
	<tw-gaap-ci:HedgingDerivativeLiabilitiesCurrent contextRef="AsOf20110331" decimals="-3" unitRef="TWD">98259000</tw-gaap-ci:HedgingDerivativeLiabilitiesCurrent>
	<tw-gaap-ci:HedgingDerivativeLiabilitiesCurrent contextRef="AsOf20100331" decimals="-3" unitRef="TWD">32404000</tw-gaap-ci:HedgingDerivativeLiabilitiesCurrent>
	<tw-gaap-ci:AccountsPayable contextRef="AsOf20110331" decimals="-3" unitRef="TWD">53504385000</tw-gaap-ci:AccountsPayable>
	<tw-gaap-ci:AccountsPayable contextRef="AsOf20100331" decimals="-3" unitRef="TWD">58218465000</tw-gaap-ci:AccountsPayable>
	<tw-gaap-ci:AccountsPayableRelatedParties contextRef="AsOf20110331" decimals="-3" unitRef="TWD">3646891000</tw-gaap-ci:AccountsPayableRelatedParties>
	<tw-gaap-ci:AccountsPayableRelatedParties contextRef="AsOf20100331" decimals="-3" unitRef="TWD">8994617000</tw-gaap-ci:AccountsPayableRelatedParties>
	<tw-gaap-ci:OtherPayablesRelatedParties contextRef="AsOf20110331" decimals="-3" unitRef="TWD">209729000</tw-gaap-ci:OtherPayablesRelatedParties>
	<tw-gaap-ci:OtherPayablesRelatedParties contextRef="AsOf20100331" decimals="-3" unitRef="TWD">6924487000</tw-gaap-ci:OtherPayablesRelatedParties>
	<tw-gaap-ci:OtherPayablesOther contextRef="AsOf20110331" decimals="-3" unitRef="TWD">7976213000</tw-gaap-ci:OtherPayablesOther>
	<tw-gaap-ci:OtherPayablesOther contextRef="AsOf20100331" decimals="-3" unitRef="TWD">10943001000</tw-gaap-ci:OtherPayablesOther>
	<tw-gaap-ci:OtherPayables contextRef="AsOf20110331" decimals="-3" unitRef="TWD">7976213000</tw-gaap-ci:OtherPayables>
	<tw-gaap-ci:OtherPayables contextRef="AsOf20100331" decimals="-3" unitRef="TWD">10943001000</tw-gaap-ci:OtherPayables>
	<tw-gaap-ci:LongtermBorrowingsCurrentPortion contextRef="AsOf20110331" decimals="-3" unitRef="TWD">6100000000</tw-gaap-ci:LongtermBorrowingsCurrentPortion>
	<tw-gaap-ci:LongtermBorrowingsCurrentPortion contextRef="AsOf20100331" decimals="-3" unitRef="TWD">0</tw-gaap-ci:LongtermBorrowingsCurrentPortion>
	<tw-gaap-ci:LongtermLiabilitiesCurrentPortion contextRef="AsOf20110331" decimals="-3" unitRef="TWD">6100000000</tw-gaap-ci:LongtermLiabilitiesCurrentPortion>
	<tw-gaap-ci:LongtermLiabilitiesCurrentPortion contextRef="AsOf20100331" decimals="-3" unitRef="TWD">0</tw-gaap-ci:LongtermLiabilitiesCurrentPortion>
	<tw-gaap-ci:OtherCurrentLiabilitiesOther contextRef="AsOf20110331" decimals="-3" unitRef="TWD">16628097000</tw-gaap-ci:OtherCurrentLiabilitiesOther>
	<tw-gaap-ci:OtherCurrentLiabilitiesOther contextRef="AsOf20100331" decimals="-3" unitRef="TWD">19026016000</tw-gaap-ci:OtherCurrentLiabilitiesOther>
	<tw-gaap-ci:OtherCurrentLiabilities contextRef="AsOf20110331" decimals="-3" unitRef="TWD">16628097000</tw-gaap-ci:OtherCurrentLiabilities>
	<tw-gaap-ci:OtherCurrentLiabilities contextRef="AsOf20100331" decimals="-3" unitRef="TWD">19026016000</tw-gaap-ci:OtherCurrentLiabilities>
	<tw-gaap-ci:CurrentLiabilities contextRef="AsOf20110331" decimals="-3" unitRef="TWD">88382591000</tw-gaap-ci:CurrentLiabilities>
	<tw-gaap-ci:CurrentLiabilities contextRef="AsOf20100331" decimals="-3" unitRef="TWD">104139497000</tw-gaap-ci:CurrentLiabilities>
	<tw-gaap-ci:FinancialLiabilitiesMeasuredFairValueProfitLossNonCurrent contextRef="AsOf20110331" decimals="-3" unitRef="TWD">1500703000</tw-gaap-ci:FinancialLiabilitiesMeasuredFairValueProfitLossNonCurrent>
	<tw-gaap-ci:FinancialLiabilitiesMeasuredFairValueProfitLossNonCurrent contextRef="AsOf20100331" decimals="-3" unitRef="TWD">0</tw-gaap-ci:FinancialLiabilitiesMeasuredFairValueProfitLossNonCurrent>
	<tw-gaap-ci:BondPayable contextRef="AsOf20110331" decimals="-3" unitRef="TWD">13339219000</tw-gaap-ci:BondPayable>
	<tw-gaap-ci:BondPayable contextRef="AsOf20100331" decimals="-3" unitRef="TWD">0</tw-gaap-ci:BondPayable>
	<tw-gaap-ci:LongtermBorrowings contextRef="AsOf20110331" decimals="-3" unitRef="TWD">6100000000</tw-gaap-ci:LongtermBorrowings>
	<tw-gaap-ci:LongtermBorrowings contextRef="AsOf20100331" decimals="-3" unitRef="TWD">12200000000</tw-gaap-ci:LongtermBorrowings>
	<tw-gaap-ci:LongTermLiabilities contextRef="AsOf20110331" decimals="-3" unitRef="TWD">20939922000</tw-gaap-ci:LongTermLiabilities>
	<tw-gaap-ci:LongTermLiabilities contextRef="AsOf20100331" decimals="-3" unitRef="TWD">12200000000</tw-gaap-ci:LongTermLiabilities>
	<tw-gaap-ci:DeferredIncomeTax contextRef="AsOf20110331" decimals="-3" unitRef="TWD">3120676000</tw-gaap-ci:DeferredIncomeTax>
	<tw-gaap-ci:DeferredIncomeTax contextRef="AsOf20100331" decimals="-3" unitRef="TWD">3430505000</tw-gaap-ci:DeferredIncomeTax>
	<tw-gaap-ci:OtherLiabilities-Other contextRef="AsOf20110331" decimals="-3" unitRef="TWD">30082000</tw-gaap-ci:OtherLiabilities-Other>
	<tw-gaap-ci:OtherLiabilities-Other contextRef="AsOf20100331" decimals="-3" unitRef="TWD">28787000</tw-gaap-ci:OtherLiabilities-Other>
	<tw-gaap-ci:OtherLiabilitiesOther contextRef="AsOf20110331" decimals="-3" unitRef="TWD">30082000</tw-gaap-ci:OtherLiabilitiesOther>
	<tw-gaap-ci:OtherLiabilitiesOther contextRef="AsOf20100331" decimals="-3" unitRef="TWD">28787000</tw-gaap-ci:OtherLiabilitiesOther>
	<tw-gaap-ci:OtherLiabilities contextRef="AsOf20110331" decimals="-3" unitRef="TWD">3150758000</tw-gaap-ci:OtherLiabilities>
	<tw-gaap-ci:OtherLiabilities contextRef="AsOf20100331" decimals="-3" unitRef="TWD">3459292000</tw-gaap-ci:OtherLiabilities>
	<tw-gaap-ci:Liabilities contextRef="AsOf20110331" decimals="-3" unitRef="TWD">112473271000</tw-gaap-ci:Liabilities>
	<tw-gaap-ci:Liabilities contextRef="AsOf20100331" decimals="-3" unitRef="TWD">119798789000</tw-gaap-ci:Liabilities>
	<tw-gaap-ci:CommonStock contextRef="AsOf20110331" decimals="-3" unitRef="TWD">27001793000</tw-gaap-ci:CommonStock>
	<tw-gaap-ci:CommonStock contextRef="AsOf20100331" decimals="-3" unitRef="TWD">26882283000</tw-gaap-ci:CommonStock>
	<tw-gaap-ci:AdvanceReceiptsCommonStock contextRef="AsOf20110331" decimals="-3" unitRef="TWD">83886000</tw-gaap-ci:AdvanceReceiptsCommonStock>
	<tw-gaap-ci:AdvanceReceiptsCommonStock contextRef="AsOf20100331" decimals="-3" unitRef="TWD">0</tw-gaap-ci:AdvanceReceiptsCommonStock>
	<tw-gaap-ci:Capital contextRef="AsOf20110331" decimals="-3" unitRef="TWD">27085679000</tw-gaap-ci:Capital>
	<tw-gaap-ci:Capital contextRef="AsOf20100331" decimals="-3" unitRef="TWD">26882283000</tw-gaap-ci:Capital>
	<tw-gaap-ci:CapitalSurplusAdditionalPaidCapitalCommonStock contextRef="AsOf20110331" decimals="-3" unitRef="TWD">2326549000</tw-gaap-ci:CapitalSurplusAdditionalPaidCapitalCommonStock>
	<tw-gaap-ci:CapitalSurplusAdditionalPaidCapitalCommonStock contextRef="AsOf20100331" decimals="-3" unitRef="TWD">1804408000</tw-gaap-ci:CapitalSurplusAdditionalPaidCapitalCommonStock>
	<tw-gaap-ci:CapitalSurplusAdditionalPaidCapitalBondConversion contextRef="AsOf20110331" decimals="-3" unitRef="TWD">4552585000</tw-gaap-ci:CapitalSurplusAdditionalPaidCapitalBondConversion>
	<tw-gaap-ci:CapitalSurplusAdditionalPaidCapitalBondConversion contextRef="AsOf20100331" decimals="-3" unitRef="TWD">4552585000</tw-gaap-ci:CapitalSurplusAdditionalPaidCapitalBondConversion>
	<tw-gaap-ci:CapitalSurplusAdditionalPaidCapital contextRef="AsOf20110331" decimals="-3" unitRef="TWD">6879134000</tw-gaap-ci:CapitalSurplusAdditionalPaidCapital>
	<tw-gaap-ci:CapitalSurplusAdditionalPaidCapital contextRef="AsOf20100331" decimals="-3" unitRef="TWD">6356993000</tw-gaap-ci:CapitalSurplusAdditionalPaidCapital>
	<tw-gaap-ci:CapitalSurplusTreasuryStockTransactions contextRef="AsOf20110331" decimals="-3" unitRef="TWD">620089000</tw-gaap-ci:CapitalSurplusTreasuryStockTransactions>
	<tw-gaap-ci:CapitalSurplusTreasuryStockTransactions contextRef="AsOf20100331" decimals="-3" unitRef="TWD">501671000</tw-gaap-ci:CapitalSurplusTreasuryStockTransactions>
	<tw-gaap-ci:CapitalSurplusLongTermEquityInvestments contextRef="AsOf20110331" decimals="-3" unitRef="TWD">408083000</tw-gaap-ci:CapitalSurplusLongTermEquityInvestments>
	<tw-gaap-ci:CapitalSurplusLongTermEquityInvestments contextRef="AsOf20100331" decimals="-3" unitRef="TWD">491806000</tw-gaap-ci:CapitalSurplusLongTermEquityInvestments>
	<tw-gaap-ci:CapitalSurplusPremiumMerger contextRef="AsOf20110331" decimals="-3" unitRef="TWD">29800881000</tw-gaap-ci:CapitalSurplusPremiumMerger>
	<tw-gaap-ci:CapitalSurplusPremiumMerger contextRef="AsOf20100331" decimals="-3" unitRef="TWD">29800881000</tw-gaap-ci:CapitalSurplusPremiumMerger>
	<tw-gaap-ci:CapitalSurplusEmployeeStockOption contextRef="AsOf20110331" decimals="-3" unitRef="TWD">663413000</tw-gaap-ci:CapitalSurplusEmployeeStockOption>
	<tw-gaap-ci:CapitalSurplusEmployeeStockOption contextRef="AsOf20100331" decimals="-3" unitRef="TWD">458961000</tw-gaap-ci:CapitalSurplusEmployeeStockOption>
	<tw-gaap-ci:CapitalSurplusStockOption contextRef="AsOf20110331" decimals="-3" unitRef="TWD">295494000</tw-gaap-ci:CapitalSurplusStockOption>
	<tw-gaap-ci:CapitalSurplusStockOption contextRef="AsOf20100331" decimals="-3" unitRef="TWD">0</tw-gaap-ci:CapitalSurplusStockOption>
	<tw-gaap-ci:CapitalSurplusInterestPayableRefundBondConversion contextRef="AsOf20110331" decimals="-3" unitRef="TWD">1006210000</tw-gaap-ci:CapitalSurplusInterestPayableRefundBondConversion>
	<tw-gaap-ci:CapitalSurplusInterestPayableRefundBondConversion contextRef="AsOf20100331" decimals="-3" unitRef="TWD">1006210000</tw-gaap-ci:CapitalSurplusInterestPayableRefundBondConversion>
	<tw-gaap-ci:CapitalSurplusOther contextRef="AsOf20110331" decimals="-3" unitRef="TWD">1006210000</tw-gaap-ci:CapitalSurplusOther>
	<tw-gaap-ci:CapitalSurplusOther contextRef="AsOf20100331" decimals="-3" unitRef="TWD">1006210000</tw-gaap-ci:CapitalSurplusOther>
	<tw-gaap-ci:CapitalSurplus contextRef="AsOf20110331" decimals="-3" unitRef="TWD">39673304000</tw-gaap-ci:CapitalSurplus>
	<tw-gaap-ci:CapitalSurplus contextRef="AsOf20100331" decimals="-3" unitRef="TWD">38616522000</tw-gaap-ci:CapitalSurplus>
	<tw-gaap-ci:LegalReserve contextRef="AsOf20110331" decimals="-3" unitRef="TWD">11096134000</tw-gaap-ci:LegalReserve>
	<tw-gaap-ci:LegalReserve contextRef="AsOf20100331" decimals="-3" unitRef="TWD">9960796000</tw-gaap-ci:LegalReserve>
	<tw-gaap-ci:SpecialReserve contextRef="AsOf20110331" decimals="-3" unitRef="TWD">0</tw-gaap-ci:SpecialReserve>
	<tw-gaap-ci:SpecialReserve contextRef="AsOf20100331" decimals="-3" unitRef="TWD">1991615000</tw-gaap-ci:SpecialReserve>
	<tw-gaap-ci:UnappropriatedRetainedEarnings contextRef="AsOf20110331" decimals="-3" unitRef="TWD">25418036000</tw-gaap-ci:UnappropriatedRetainedEarnings>
	<tw-gaap-ci:UnappropriatedRetainedEarnings contextRef="AsOf20100331" decimals="-3" unitRef="TWD">19917077000</tw-gaap-ci:UnappropriatedRetainedEarnings>
	<tw-gaap-ci:RetainedEarnings contextRef="AsOf20110331" decimals="-3" unitRef="TWD">36514170000</tw-gaap-ci:RetainedEarnings>
	<tw-gaap-ci:RetainedEarnings contextRef="AsOf20100331" decimals="-3" unitRef="TWD">31869488000</tw-gaap-ci:RetainedEarnings>
	<tw-gaap-ci:CumulativeTranslationAdjustments contextRef="AsOf20110331" decimals="-3" unitRef="TWD">-3380767000</tw-gaap-ci:CumulativeTranslationAdjustments>
	<tw-gaap-ci:CumulativeTranslationAdjustments contextRef="AsOf20100331" decimals="-3" unitRef="TWD">-305102000</tw-gaap-ci:CumulativeTranslationAdjustments>
	<tw-gaap-ci:NetLossNotRecognizedPensionCost contextRef="AsOf20110331" decimals="-3" unitRef="TWD">17926000</tw-gaap-ci:NetLossNotRecognizedPensionCost>
	<tw-gaap-ci:NetLossNotRecognizedPensionCost contextRef="AsOf20100331" decimals="-3" unitRef="TWD">4367000</tw-gaap-ci:NetLossNotRecognizedPensionCost>
	<tw-gaap-ci:UnrealizedGainsLossesFinancialInstruments contextRef="AsOf20110331" decimals="-3" unitRef="TWD">95600000</tw-gaap-ci:UnrealizedGainsLossesFinancialInstruments>
	<tw-gaap-ci:UnrealizedGainsLossesFinancialInstruments contextRef="AsOf20100331" decimals="-3" unitRef="TWD">860955000</tw-gaap-ci:UnrealizedGainsLossesFinancialInstruments>
	<tw-gaap-ci:TreasuryStock contextRef="AsOf20110331" decimals="-3" unitRef="TWD">3522598000</tw-gaap-ci:TreasuryStock>
	<tw-gaap-ci:TreasuryStock contextRef="AsOf20100331" decimals="-3" unitRef="TWD">3522598000</tw-gaap-ci:TreasuryStock>
	<tw-gaap-ci:StockholdersEquitiesAdjustments contextRef="AsOf20110331" decimals="-3" unitRef="TWD">-6825691000</tw-gaap-ci:StockholdersEquitiesAdjustments>
	<tw-gaap-ci:StockholdersEquitiesAdjustments contextRef="AsOf20100331" decimals="-3" unitRef="TWD">-2971112000</tw-gaap-ci:StockholdersEquitiesAdjustments>
	<tw-gaap-ci:StockholdersEquities contextRef="AsOf20110331" decimals="-3" unitRef="TWD">96447462000</tw-gaap-ci:StockholdersEquities>
	<tw-gaap-ci:StockholdersEquities contextRef="AsOf20100331" decimals="-3" unitRef="TWD">94397181000</tw-gaap-ci:StockholdersEquities>
	<tw-gaap-ci:EquivalentSharesOutstandingAdvanceReceiptsCommonStock contextRef="AsOf20110331" decimals="0" unitRef="Shares">3426239</tw-gaap-ci:EquivalentSharesOutstandingAdvanceReceiptsCommonStock>
	<tw-gaap-ci:EquivalentSharesOutstandingAdvanceReceiptsCommonStock contextRef="AsOf20100331" decimals="0" unitRef="Shares">0</tw-gaap-ci:EquivalentSharesOutstandingAdvanceReceiptsCommonStock>
	<tw-gaap-ci:NumberTreasuryStockAcquiredCompanySubsidiaries contextRef="AsOf20110331" decimals="0" unitRef="Shares">46746290</tw-gaap-ci:NumberTreasuryStockAcquiredCompanySubsidiaries>
	<tw-gaap-ci:NumberTreasuryStockAcquiredCompanySubsidiaries contextRef="AsOf20100331" decimals="0" unitRef="Shares">46699594</tw-gaap-ci:NumberTreasuryStockAcquiredCompanySubsidiaries>
	<tw-gaap-ci:OperatingRevenue contextRef="From20110101To20110331" decimals="-3" unitRef="TWD">102169711000</tw-gaap-ci:OperatingRevenue>
	<tw-gaap-ci:OperatingRevenue contextRef="From20100101To20100331" decimals="-3" unitRef="TWD">139847115000</tw-gaap-ci:OperatingRevenue>
	<tw-gaap-ci:OperatingCosts contextRef="From20110101To20110331" decimals="-3" unitRef="TWD">97974563000</tw-gaap-ci:OperatingCosts>
	<tw-gaap-ci:OperatingCosts contextRef="From20100101To20100331" decimals="-3" unitRef="TWD">135192556000</tw-gaap-ci:OperatingCosts>
	<tw-gaap-ci:GrossProfitLossOperations contextRef="From20110101To20110331" decimals="-3" unitRef="TWD">4195148000</tw-gaap-ci:GrossProfitLossOperations>
	<tw-gaap-ci:GrossProfitLossOperations contextRef="From20100101To20100331" decimals="-3" unitRef="TWD">4654559000</tw-gaap-ci:GrossProfitLossOperations>
	<tw-gaap-ci:UnrealizedGainInterAffiliateAccounts contextRef="From20110101To20110331" decimals="-3" unitRef="TWD">9068000</tw-gaap-ci:UnrealizedGainInterAffiliateAccounts>
	<tw-gaap-ci:UnrealizedGainInterAffiliateAccounts contextRef="From20100101To20100331" decimals="-3" unitRef="TWD">7764000</tw-gaap-ci:UnrealizedGainInterAffiliateAccounts>
	<tw-gaap-ci:Sellingexpense contextRef="From20110101To20110331" decimals="-3" unitRef="TWD">1368687000</tw-gaap-ci:Sellingexpense>
	<tw-gaap-ci:Sellingexpense contextRef="From20100101To20100331" decimals="-3" unitRef="TWD">1258490000</tw-gaap-ci:Sellingexpense>
	<tw-gaap-ci:GeneralAdministrativeExpenses contextRef="From20110101To20110331" decimals="-3" unitRef="TWD">178585000</tw-gaap-ci:GeneralAdministrativeExpenses>
	<tw-gaap-ci:GeneralAdministrativeExpenses contextRef="From20100101To20100331" decimals="-3" unitRef="TWD">211261000</tw-gaap-ci:GeneralAdministrativeExpenses>
	<tw-gaap-ci:ResearchDevelopmentExpenses contextRef="From20110101To20110331" decimals="-3" unitRef="TWD">308372000</tw-gaap-ci:ResearchDevelopmentExpenses>
	<tw-gaap-ci:ResearchDevelopmentExpenses contextRef="From20100101To20100331" decimals="-3" unitRef="TWD">235769000</tw-gaap-ci:ResearchDevelopmentExpenses>
	<tw-gaap-ci:OperatingExpenses contextRef="From20110101To20110331" decimals="-3" unitRef="TWD">1855644000</tw-gaap-ci:OperatingExpenses>
	<tw-gaap-ci:OperatingExpenses contextRef="From20100101To20100331" decimals="-3" unitRef="TWD">1705520000</tw-gaap-ci:OperatingExpenses>
	<tw-gaap-ci:OperatingIncomeLoss contextRef="From20110101To20110331" decimals="-3" unitRef="TWD">2330436000</tw-gaap-ci:OperatingIncomeLoss>
	<tw-gaap-ci:OperatingIncomeLoss contextRef="From20100101To20100331" decimals="-3" unitRef="TWD">2941275000</tw-gaap-ci:OperatingIncomeLoss>
	<tw-gaap-ci:InterestIncome contextRef="From20110101To20110331" decimals="-3" unitRef="TWD">17420000</tw-gaap-ci:InterestIncome>
	<tw-gaap-ci:InterestIncome contextRef="From20100101To20100331" decimals="-3" unitRef="TWD">2483000</tw-gaap-ci:InterestIncome>
	<tw-gaap-ci:InvestmentGainsRecognizedEquityMethod contextRef="From20110101To20110331" decimals="-3" unitRef="TWD">0</tw-gaap-ci:InvestmentGainsRecognizedEquityMethod>
	<tw-gaap-ci:InvestmentGainsRecognizedEquityMethod contextRef="From20100101To20100331" decimals="-3" unitRef="TWD">1394708000</tw-gaap-ci:InvestmentGainsRecognizedEquityMethod>
	<tw-gaap-ci:InvestmentGains contextRef="From20110101To20110331" decimals="-3" unitRef="TWD">0</tw-gaap-ci:InvestmentGains>
	<tw-gaap-ci:InvestmentGains contextRef="From20100101To20100331" decimals="-3" unitRef="TWD">1394708000</tw-gaap-ci:InvestmentGains>
	<tw-gaap-ci:GainsSaleInvestments contextRef="From20110101To20110331" decimals="-3" unitRef="TWD">12543000</tw-gaap-ci:GainsSaleInvestments>
	<tw-gaap-ci:GainsSaleInvestments contextRef="From20100101To20100331" decimals="-3" unitRef="TWD">20124000</tw-gaap-ci:GainsSaleInvestments>
	<tw-gaap-ci:MiscellaneousIncome contextRef="From20110101To20110331" decimals="-3" unitRef="TWD">15148000</tw-gaap-ci:MiscellaneousIncome>
	<tw-gaap-ci:MiscellaneousIncome contextRef="From20100101To20100331" decimals="-3" unitRef="TWD">9997000</tw-gaap-ci:MiscellaneousIncome>
	<tw-gaap-ci:NonOperatingIncomeGains contextRef="From20110101To20110331" decimals="-3" unitRef="TWD">45111000</tw-gaap-ci:NonOperatingIncomeGains>
	<tw-gaap-ci:NonOperatingIncomeGains contextRef="From20100101To20100331" decimals="-3" unitRef="TWD">1427312000</tw-gaap-ci:NonOperatingIncomeGains>
	<tw-gaap-ci:InterestExpense contextRef="From20110101To20110331" decimals="-3" unitRef="TWD">158894000</tw-gaap-ci:InterestExpense>
	<tw-gaap-ci:InterestExpense contextRef="From20100101To20100331" decimals="-3" unitRef="TWD">60855000</tw-gaap-ci:InterestExpense>
	<tw-gaap-ci:NonOperatingExpensesInvestmentLossRecognizedEquityMethod contextRef="From20110101To20110331" decimals="-3" unitRef="TWD">376218000</tw-gaap-ci:NonOperatingExpensesInvestmentLossRecognizedEquityMethod>
	<tw-gaap-ci:NonOperatingExpensesInvestmentLossRecognizedEquityMethod contextRef="From20100101To20100331" decimals="-3" unitRef="TWD">0</tw-gaap-ci:NonOperatingExpensesInvestmentLossRecognizedEquityMethod>
	<tw-gaap-ci:NonOperatingExpensesInvestmentLoss contextRef="From20110101To20110331" decimals="-3" unitRef="TWD">376218000</tw-gaap-ci:NonOperatingExpensesInvestmentLoss>
	<tw-gaap-ci:NonOperatingExpensesInvestmentLoss contextRef="From20100101To20100331" decimals="-3" unitRef="TWD">0</tw-gaap-ci:NonOperatingExpensesInvestmentLoss>
	<tw-gaap-ci:ForeignExchangeLosses contextRef="From20110101To20110331" decimals="-3" unitRef="TWD">471815000</tw-gaap-ci:ForeignExchangeLosses>
	<tw-gaap-ci:ForeignExchangeLosses contextRef="From20100101To20100331" decimals="-3" unitRef="TWD">378362000</tw-gaap-ci:ForeignExchangeLosses>
	<tw-gaap-ci:NonOperatingExpenses contextRef="From20110101To20110331" decimals="-3" unitRef="TWD">1006927000</tw-gaap-ci:NonOperatingExpenses>
	<tw-gaap-ci:NonOperatingExpenses contextRef="From20100101To20100331" decimals="-3" unitRef="TWD">439217000</tw-gaap-ci:NonOperatingExpenses>
	<tw-gaap-ci:IncomeContinuingOperationsBeforeIncomeTax contextRef="From20110101To20110331" decimals="-3" unitRef="TWD">1368620000</tw-gaap-ci:IncomeContinuingOperationsBeforeIncomeTax>
	<tw-gaap-ci:IncomeContinuingOperationsBeforeIncomeTax contextRef="From20100101To20100331" decimals="-3" unitRef="TWD">3929370000</tw-gaap-ci:IncomeContinuingOperationsBeforeIncomeTax>
	<tw-gaap-ci:IncomeTaxExpenseBenefit contextRef="From20110101To20110331" decimals="-3" unitRef="TWD">183730000</tw-gaap-ci:IncomeTaxExpenseBenefit>
	<tw-gaap-ci:IncomeTaxExpenseBenefit contextRef="From20100101To20100331" decimals="-3" unitRef="TWD">634893000</tw-gaap-ci:IncomeTaxExpenseBenefit>
	<tw-gaap-ci:IncomeContinuingOperations contextRef="From20110101To20110331" decimals="-3" unitRef="TWD">1184890000</tw-gaap-ci:IncomeContinuingOperations>
	<tw-gaap-ci:IncomeContinuingOperations contextRef="From20100101To20100331" decimals="-3" unitRef="TWD">3294477000</tw-gaap-ci:IncomeContinuingOperations>
	<tw-gaap-ci:NetIncomeLoss contextRef="From20110101To20110331" decimals="-3" unitRef="TWD">1184890000</tw-gaap-ci:NetIncomeLoss>
	<tw-gaap-ci:NetIncomeLoss contextRef="From20100101To20100331" decimals="-3" unitRef="TWD">3294477000</tw-gaap-ci:NetIncomeLoss>
	<tw-gaap-ci:PrimaryEarningsPerShare contextRef="From20110101To20110331" decimals="2" unitRef="TWD">0.45</tw-gaap-ci:PrimaryEarningsPerShare>
	<tw-gaap-ci:PrimaryEarningsPerShare contextRef="From20100101To20100331" decimals="2" unitRef="TWD">1.25</tw-gaap-ci:PrimaryEarningsPerShare>
	<tw-gaap-ci:DilutedEarningsPerShare contextRef="From20110101To20110331" decimals="2" unitRef="TWD">0.44</tw-gaap-ci:DilutedEarningsPerShare>
	<tw-gaap-ci:DilutedEarningsPerShare contextRef="From20100101To20100331" decimals="2" unitRef="TWD">1.23</tw-gaap-ci:DilutedEarningsPerShare>
	<tw-gaap-ci:NetIncomeLoss_StatementCashFlows contextRef="From20110101To20110331" decimals="-3" unitRef="TWD">1184890000</tw-gaap-ci:NetIncomeLoss_StatementCashFlows>
	<tw-gaap-ci:NetIncomeLoss_StatementCashFlows contextRef="From20100101To20100331" decimals="-3" unitRef="TWD">3294477000</tw-gaap-ci:NetIncomeLoss_StatementCashFlows>
	<tw-gaap-ci:DepreciationExpense-Operating contextRef="From20110101To20110331" decimals="-3" unitRef="TWD">51505000</tw-gaap-ci:DepreciationExpense-Operating>
	<tw-gaap-ci:DepreciationExpense-Operating contextRef="From20100101To20100331" decimals="-3" unitRef="TWD">46940000</tw-gaap-ci:DepreciationExpense-Operating>
	<tw-gaap-ci:AmortizationExpense-Operating contextRef="From20110101To20110331" decimals="-3" unitRef="TWD">132375000</tw-gaap-ci:AmortizationExpense-Operating>
	<tw-gaap-ci:AmortizationExpense-Operating contextRef="From20100101To20100331" decimals="-3" unitRef="TWD">115057000</tw-gaap-ci:AmortizationExpense-Operating>
	<tw-gaap-ci:Stock-basedPaymentCompensationCost contextRef="From20110101To20110331" decimals="-3" unitRef="TWD">94156000</tw-gaap-ci:Stock-basedPaymentCompensationCost>
	<tw-gaap-ci:Stock-basedPaymentCompensationCost contextRef="From20100101To20100331" decimals="-3" unitRef="TWD">116872000</tw-gaap-ci:Stock-basedPaymentCompensationCost>
	<tw-gaap-ci:AmortizationDiscountsPremiumsBondsPayable contextRef="From20110101To20110331" decimals="-3" unitRef="TWD">104994000</tw-gaap-ci:AmortizationDiscountsPremiumsBondsPayable>
	<tw-gaap-ci:AmortizationDiscountsPremiumsBondsPayable contextRef="From20100101To20100331" decimals="-3" unitRef="TWD">0</tw-gaap-ci:AmortizationDiscountsPremiumsBondsPayable>
	<tw-gaap-ci:EffectsExchangeRateChangesBondsPayble contextRef="From20110101To20110331" decimals="-3" unitRef="TWD">130338000</tw-gaap-ci:EffectsExchangeRateChangesBondsPayble>
	<tw-gaap-ci:EffectsExchangeRateChangesBondsPayble contextRef="From20100101To20100331" decimals="-3" unitRef="TWD">0</tw-gaap-ci:EffectsExchangeRateChangesBondsPayble>
	<tw-gaap-ci:InvestmentLossIncomeRecognizedEquityMethod contextRef="From20110101To20110331" decimals="-3" unitRef="TWD">94059000</tw-gaap-ci:InvestmentLossIncomeRecognizedEquityMethod>
	<tw-gaap-ci:InvestmentLossIncomeRecognizedEquityMethod contextRef="From20100101To20100331" decimals="-3" unitRef="TWD">-1560297000</tw-gaap-ci:InvestmentLossIncomeRecognizedEquityMethod>
	<tw-gaap-ci:GainLossDisposalScrappingFixedAssets contextRef="From20110101To20110331" decimals="-3" unitRef="TWD">-4000</tw-gaap-ci:GainLossDisposalScrappingFixedAssets>
	<tw-gaap-ci:GainLossDisposalScrappingFixedAssets contextRef="From20100101To20100331" decimals="-3" unitRef="TWD">0</tw-gaap-ci:GainLossDisposalScrappingFixedAssets>
	<tw-gaap-ci:GainsLossesSaleInvestments contextRef="From20110101To20110331" decimals="-3" unitRef="TWD">-12543000</tw-gaap-ci:GainsLossesSaleInvestments>
	<tw-gaap-ci:GainsLossesSaleInvestments contextRef="From20100101To20100331" decimals="-3" unitRef="TWD">-20124000</tw-gaap-ci:GainsLossesSaleInvestments>
	<tw-gaap-ci:UnrealizedRevaluationGainFinancialAssetsLiabilities contextRef="From20110101To20110331" decimals="-3" unitRef="TWD">-16893000</tw-gaap-ci:UnrealizedRevaluationGainFinancialAssetsLiabilities>
	<tw-gaap-ci:UnrealizedRevaluationGainFinancialAssetsLiabilities contextRef="From20100101To20100331" decimals="-3" unitRef="TWD">796128000</tw-gaap-ci:UnrealizedRevaluationGainFinancialAssetsLiabilities>
	<tw-gaap-ci:UnrealizedExchangeGainLoss contextRef="From20110101To20110331" decimals="-3" unitRef="TWD">0</tw-gaap-ci:UnrealizedExchangeGainLoss>
	<tw-gaap-ci:UnrealizedExchangeGainLoss contextRef="From20100101To20100331" decimals="-3" unitRef="TWD">-80712000</tw-gaap-ci:UnrealizedExchangeGainLoss>
	<tw-gaap-ci:LossGainDeferredIncomeTax contextRef="From20110101To20110331" decimals="-3" unitRef="TWD">-141171000</tw-gaap-ci:LossGainDeferredIncomeTax>
	<tw-gaap-ci:LossGainDeferredIncomeTax contextRef="From20100101To20100331" decimals="-3" unitRef="TWD">198951000</tw-gaap-ci:LossGainDeferredIncomeTax>
	<tw-gaap-ci:AdjustmentsReconcileNetIncomeNetCashProvidedUsedOperatingActivities contextRef="From20110101To20110331" decimals="-3" unitRef="TWD">436816000</tw-gaap-ci:AdjustmentsReconcileNetIncomeNetCashProvidedUsedOperatingActivities>
	<tw-gaap-ci:AdjustmentsReconcileNetIncomeNetCashProvidedUsedOperatingActivities contextRef="From20100101To20100331" decimals="-3" unitRef="TWD">-387185000</tw-gaap-ci:AdjustmentsReconcileNetIncomeNetCashProvidedUsedOperatingActivities>
	<tw-gaap-ci:ChangesAccountsReceivable contextRef="From20110101To20110331" decimals="-3" unitRef="TWD">806314000</tw-gaap-ci:ChangesAccountsReceivable>
	<tw-gaap-ci:ChangesAccountsReceivable contextRef="From20100101To20100331" decimals="-3" unitRef="TWD">1640937000</tw-gaap-ci:ChangesAccountsReceivable>
	<tw-gaap-ci:ChangesAccountsReceivableRelatedParties contextRef="From20110101To20110331" decimals="-3" unitRef="TWD">-9428059000</tw-gaap-ci:ChangesAccountsReceivableRelatedParties>
	<tw-gaap-ci:ChangesAccountsReceivableRelatedParties contextRef="From20100101To20100331" decimals="-3" unitRef="TWD">13541273000</tw-gaap-ci:ChangesAccountsReceivableRelatedParties>
	<tw-gaap-ci:ChangesInventories contextRef="From20110101To20110331" decimals="-3" unitRef="TWD">373628000</tw-gaap-ci:ChangesInventories>
	<tw-gaap-ci:ChangesInventories contextRef="From20100101To20100331" decimals="-3" unitRef="TWD">1084225000</tw-gaap-ci:ChangesInventories>
	<tw-gaap-ci:ChangesOtherFinancialAssets_CI contextRef="From20110101To20110331" decimals="-3" unitRef="TWD">99098000</tw-gaap-ci:ChangesOtherFinancialAssets_CI>
	<tw-gaap-ci:ChangesOtherFinancialAssets_CI contextRef="From20100101To20100331" decimals="-3" unitRef="TWD">-998495000</tw-gaap-ci:ChangesOtherFinancialAssets_CI>
	<tw-gaap-ci:ChangesOperatingAssets contextRef="From20110101To20110331" decimals="-3" unitRef="TWD">-8149019000</tw-gaap-ci:ChangesOperatingAssets>
	<tw-gaap-ci:ChangesOperatingAssets contextRef="From20100101To20100331" decimals="-3" unitRef="TWD">15267940000</tw-gaap-ci:ChangesOperatingAssets>
	<tw-gaap-ci:ChangesAccountsPayable contextRef="From20110101To20110331" decimals="-3" unitRef="TWD">-9363793000</tw-gaap-ci:ChangesAccountsPayable>
	<tw-gaap-ci:ChangesAccountsPayable contextRef="From20100101To20100331" decimals="-3" unitRef="TWD">-13488161000</tw-gaap-ci:ChangesAccountsPayable>
	<tw-gaap-ci:ChangesAccountsPayableRelatedParties contextRef="From20110101To20110331" decimals="-3" unitRef="TWD">-3610663000</tw-gaap-ci:ChangesAccountsPayableRelatedParties>
	<tw-gaap-ci:ChangesAccountsPayableRelatedParties contextRef="From20100101To20100331" decimals="-3" unitRef="TWD">893644000</tw-gaap-ci:ChangesAccountsPayableRelatedParties>
	<tw-gaap-ci:ChangesOtherFinancialLiabilities_CI contextRef="From20110101To20110331" decimals="-3" unitRef="TWD">649175000</tw-gaap-ci:ChangesOtherFinancialLiabilities_CI>
	<tw-gaap-ci:ChangesOtherFinancialLiabilities_CI contextRef="From20100101To20100331" decimals="-3" unitRef="TWD">-1138563000</tw-gaap-ci:ChangesOtherFinancialLiabilities_CI>
	<tw-gaap-ci:ChangesOtherCurrentLiabilities_CI contextRef="From20110101To20110331" decimals="-3" unitRef="TWD">11179000</tw-gaap-ci:ChangesOtherCurrentLiabilities_CI>
	<tw-gaap-ci:ChangesOtherCurrentLiabilities_CI contextRef="From20100101To20100331" decimals="-3" unitRef="TWD">7692000</tw-gaap-ci:ChangesOtherCurrentLiabilities_CI>
	<tw-gaap-ci:ChangesOperatingLiabilities contextRef="From20110101To20110331" decimals="-3" unitRef="TWD">-12314102000</tw-gaap-ci:ChangesOperatingLiabilities>
	<tw-gaap-ci:ChangesOperatingLiabilities contextRef="From20100101To20100331" decimals="-3" unitRef="TWD">-13725388000</tw-gaap-ci:ChangesOperatingLiabilities>
	<tw-gaap-ci:ChangesOperatingAssetsLiabilities contextRef="From20110101To20110331" decimals="-3" unitRef="TWD">-20463121000</tw-gaap-ci:ChangesOperatingAssetsLiabilities>
	<tw-gaap-ci:ChangesOperatingAssetsLiabilities contextRef="From20100101To20100331" decimals="-3" unitRef="TWD">1542552000</tw-gaap-ci:ChangesOperatingAssetsLiabilities>
	<tw-gaap-ci:NetCashProvidedUsedOperatingActivities contextRef="From20110101To20110331" decimals="-3" unitRef="TWD">-18841415000</tw-gaap-ci:NetCashProvidedUsedOperatingActivities>
	<tw-gaap-ci:NetCashProvidedUsedOperatingActivities contextRef="From20100101To20100331" decimals="-3" unitRef="TWD">4449844000</tw-gaap-ci:NetCashProvidedUsedOperatingActivities>
	<tw-gaap-ci:ProceedsDisposalAvailableSaleFinancialAssets contextRef="From20110101To20110331" decimals="-3" unitRef="TWD">0</tw-gaap-ci:ProceedsDisposalAvailableSaleFinancialAssets>
	<tw-gaap-ci:ProceedsDisposalAvailableSaleFinancialAssets contextRef="From20100101To20100331" decimals="-3" unitRef="TWD">38798000</tw-gaap-ci:ProceedsDisposalAvailableSaleFinancialAssets>
	<tw-gaap-ci:ProceedsDisposalInvestmentsAccountedEquityMethod contextRef="From20110101To20110331" decimals="-3" unitRef="TWD">15379000</tw-gaap-ci:ProceedsDisposalInvestmentsAccountedEquityMethod>
	<tw-gaap-ci:ProceedsDisposalInvestmentsAccountedEquityMethod contextRef="From20100101To20100331" decimals="-3" unitRef="TWD">14684000</tw-gaap-ci:ProceedsDisposalInvestmentsAccountedEquityMethod>
	<tw-gaap-ci:ReductionReturnStockValueInvestments contextRef="From20110101To20110331" decimals="-3" unitRef="TWD">0</tw-gaap-ci:ReductionReturnStockValueInvestments>
	<tw-gaap-ci:ReductionReturnStockValueInvestments contextRef="From20100101To20100331" decimals="-3" unitRef="TWD">41837000</tw-gaap-ci:ReductionReturnStockValueInvestments>
	<tw-gaap-ci:AcquisitionPropertyPlantEquipment contextRef="From20110101To20110331" decimals="-3" unitRef="TWD">-15578000</tw-gaap-ci:AcquisitionPropertyPlantEquipment>
	<tw-gaap-ci:AcquisitionPropertyPlantEquipment contextRef="From20100101To20100331" decimals="-3" unitRef="TWD">-47979000</tw-gaap-ci:AcquisitionPropertyPlantEquipment>
	<tw-gaap-ci:ProceedsDisposalPropertyPlantEquipment contextRef="From20110101To20110331" decimals="-3" unitRef="TWD">1429000</tw-gaap-ci:ProceedsDisposalPropertyPlantEquipment>
	<tw-gaap-ci:ProceedsDisposalPropertyPlantEquipment contextRef="From20100101To20100331" decimals="-3" unitRef="TWD">26853000</tw-gaap-ci:ProceedsDisposalPropertyPlantEquipment>
	<tw-gaap-ci:ChangesOtherReceivablesRelatedParties contextRef="From20110101To20110331" decimals="-3" unitRef="TWD">1914263000</tw-gaap-ci:ChangesOtherReceivablesRelatedParties>
	<tw-gaap-ci:ChangesOtherReceivablesRelatedParties contextRef="From20100101To20100331" decimals="-3" unitRef="TWD">58193000</tw-gaap-ci:ChangesOtherReceivablesRelatedParties>
	<tw-gaap-ci:PurchaseIntangibleAssets contextRef="From20110101To20110331" decimals="-3" unitRef="TWD">-30691000</tw-gaap-ci:PurchaseIntangibleAssets>
	<tw-gaap-ci:PurchaseIntangibleAssets contextRef="From20100101To20100331" decimals="-3" unitRef="TWD">-2252000</tw-gaap-ci:PurchaseIntangibleAssets>
	<tw-gaap-ci:ChamgesOtherAssets contextRef="From20110101To20110331" decimals="-3" unitRef="TWD">-136994000</tw-gaap-ci:ChamgesOtherAssets>
	<tw-gaap-ci:ChamgesOtherAssets contextRef="From20100101To20100331" decimals="-3" unitRef="TWD">20271000</tw-gaap-ci:ChamgesOtherAssets>
	<tw-gaap-ci:NetCashProvidedUsedInvestingActivities contextRef="From20110101To20110331" decimals="-3" unitRef="TWD">1747808000</tw-gaap-ci:NetCashProvidedUsedInvestingActivities>
	<tw-gaap-ci:NetCashProvidedUsedInvestingActivities contextRef="From20100101To20100331" decimals="-3" unitRef="TWD">150405000</tw-gaap-ci:NetCashProvidedUsedInvestingActivities>
	<tw-gaap-ci:EmployeeStockOptionsExercised contextRef="From20110101To20110331" decimals="-3" unitRef="TWD">62230000</tw-gaap-ci:EmployeeStockOptionsExercised>
	<tw-gaap-ci:EmployeeStockOptionsExercised contextRef="From20100101To20100331" decimals="-3" unitRef="TWD">0</tw-gaap-ci:EmployeeStockOptionsExercised>
	<tw-gaap-ci:NetCashProvidedUsedFinancingActivities contextRef="From20110101To20110331" decimals="-3" unitRef="TWD">62230000</tw-gaap-ci:NetCashProvidedUsedFinancingActivities>
	<tw-gaap-ci:NetCashProvidedUsedFinancingActivities contextRef="From20100101To20100331" decimals="-3" unitRef="TWD">0</tw-gaap-ci:NetCashProvidedUsedFinancingActivities>
	<tw-gaap-ci:NetChangesCashCashEquivalents contextRef="From20110101To20110331" decimals="-3" unitRef="TWD">-17031377000</tw-gaap-ci:NetChangesCashCashEquivalents>
	<tw-gaap-ci:NetChangesCashCashEquivalents contextRef="From20100101To20100331" decimals="-3" unitRef="TWD">4600249000</tw-gaap-ci:NetChangesCashCashEquivalents>
	<tw-gaap-ci:CashCashEquivalents contextRef="AsOf20110101" decimals="-3" unitRef="TWD">37402911000</tw-gaap-ci:CashCashEquivalents>
	<tw-gaap-ci:CashCashEquivalents contextRef="AsOf20100101" decimals="-3" unitRef="TWD">4653227000</tw-gaap-ci:CashCashEquivalents>
	<tw-gaap-ci:InterestPaid contextRef="From20110101To20110331" decimals="-3" unitRef="TWD">52932000</tw-gaap-ci:InterestPaid>
	<tw-gaap-ci:InterestPaid contextRef="From20100101To20100331" decimals="-3" unitRef="TWD">43218000</tw-gaap-ci:InterestPaid>
	<tw-gaap-ci:InterestPaidExcludingCapitalizedInterest contextRef="From20110101To20110331" decimals="-3" unitRef="TWD">52932000</tw-gaap-ci:InterestPaidExcludingCapitalizedInterest>
	<tw-gaap-ci:InterestPaidExcludingCapitalizedInterest contextRef="From20100101To20100331" decimals="-3" unitRef="TWD">43218000</tw-gaap-ci:InterestPaidExcludingCapitalizedInterest>
	<tw-gaap-ci:IncomeTaxPaid contextRef="From20110101To20110331" decimals="-3" unitRef="TWD">27816000</tw-gaap-ci:IncomeTaxPaid>
	<tw-gaap-ci:IncomeTaxPaid contextRef="From20100101To20100331" decimals="-3" unitRef="TWD">0</tw-gaap-ci:IncomeTaxPaid>
	<tw-gaap-ci:CurrentPortionLong-termLiability contextRef="From20110101To20110331" decimals="-3" unitRef="TWD">6100000000</tw-gaap-ci:CurrentPortionLong-termLiability>
	<tw-gaap-ci:CurrentPortionLong-termLiability contextRef="From20100101To20100331" decimals="-3" unitRef="TWD">0</tw-gaap-ci:CurrentPortionLong-termLiability>
	<tw-gaap-ci:UnrealizedValuationGainsLossesFinancialInstruments contextRef="From20110101To20110331" decimals="-3" unitRef="TWD">365000000</tw-gaap-ci:UnrealizedValuationGainsLossesFinancialInstruments>
	<tw-gaap-ci:UnrealizedValuationGainsLossesFinancialInstruments contextRef="From20100101To20100331" decimals="-3" unitRef="TWD">153362000</tw-gaap-ci:UnrealizedValuationGainsLossesFinancialInstruments>
	<tw-gaap-ci:CumulativeTranslationAdjustments_CFS contextRef="From20110101To20110331" decimals="-3" unitRef="TWD">1715152000</tw-gaap-ci:CumulativeTranslationAdjustments_CFS>
	<tw-gaap-ci:CumulativeTranslationAdjustments_CFS contextRef="From20100101To20100331" decimals="-3" unitRef="TWD">-1264723000</tw-gaap-ci:CumulativeTranslationAdjustments_CFS>
	<tw-gaap-ci:OtherSupplementalInformation>
		<tw-gaap-ci:ChineseAccount contextRef="From20110101To20110331">購買無形資產總價款                                                                                                                                                                                      </tw-gaap-ci:ChineseAccount>
		<tw-gaap-ci:EnglishAccount contextRef="From20110101To20110331">Purchase price of intangible assets acquired                                                                                                                                                            </tw-gaap-ci:EnglishAccount>
		<tw-gaap-ci:Amount contextRef="From20110101To20110331" decimals="-3" unitRef="TWD">0</tw-gaap-ci:Amount>
	</tw-gaap-ci:OtherSupplementalInformation>

	<tw-gaap-ci:OtherSupplementalInformation>
		<tw-gaap-ci:ChineseAccount contextRef="From20100101To20100331">購買無形資產總價款                                                                                                                                                                                      </tw-gaap-ci:ChineseAccount>
		<tw-gaap-ci:EnglishAccount contextRef="From20100101To20100331">Purchase price of intangible assets acquired                                                                                                                                                            </tw-gaap-ci:EnglishAccount>
		<tw-gaap-ci:Amount contextRef="From20100101To20100331" decimals="-3" unitRef="TWD">4919452000</tw-gaap-ci:Amount>
	</tw-gaap-ci:OtherSupplementalInformation>

	<tw-gaap-ci:OtherSupplementalInformation>
		<tw-gaap-ci:ChineseAccount contextRef="From20110101To20110331">減：期末應付關係人款項                                                                                                                                                                                  </tw-gaap-ci:ChineseAccount>
		<tw-gaap-ci:EnglishAccount contextRef="From20110101To20110331">Less:Payables to related parties                                                                                                                                                                        </tw-gaap-ci:EnglishAccount>
		<tw-gaap-ci:Amount contextRef="From20110101To20110331" decimals="-3" unitRef="TWD">0</tw-gaap-ci:Amount>
	</tw-gaap-ci:OtherSupplementalInformation>

	<tw-gaap-ci:OtherSupplementalInformation>
		<tw-gaap-ci:ChineseAccount contextRef="From20100101To20100331">減：期末應付關係人款項                                                                                                                                                                                  </tw-gaap-ci:ChineseAccount>
		<tw-gaap-ci:EnglishAccount contextRef="From20100101To20100331">Less:Payables to related parties                                                                                                                                                                        </tw-gaap-ci:EnglishAccount>
		<tw-gaap-ci:Amount contextRef="From20100101To20100331" decimals="-3" unitRef="TWD">-4836488000</tw-gaap-ci:Amount>
	</tw-gaap-ci:OtherSupplementalInformation>

	<tw-gaap-ci:OtherSupplementalInformation>
		<tw-gaap-ci:ChineseAccount contextRef="From20110101To20110331">未實現兌換利益                                                                                                                                                                                          </tw-gaap-ci:ChineseAccount>
		<tw-gaap-ci:EnglishAccount contextRef="From20110101To20110331">Unrealized foreign exchange gain                                                                                                                                                                        </tw-gaap-ci:EnglishAccount>
		<tw-gaap-ci:Amount contextRef="From20110101To20110331" decimals="-3" unitRef="TWD">0</tw-gaap-ci:Amount>
	</tw-gaap-ci:OtherSupplementalInformation>

	<tw-gaap-ci:OtherSupplementalInformation>
		<tw-gaap-ci:ChineseAccount contextRef="From20100101To20100331">未實現兌換利益                                                                                                                                                                                          </tw-gaap-ci:ChineseAccount>
		<tw-gaap-ci:EnglishAccount contextRef="From20100101To20100331">Unrealized foreign exchange gain                                                                                                                                                                        </tw-gaap-ci:EnglishAccount>
		<tw-gaap-ci:Amount contextRef="From20100101To20100331" decimals="-3" unitRef="TWD">-80712000</tw-gaap-ci:Amount>
	</tw-gaap-ci:OtherSupplementalInformation>

	<tw-gaap-ci:OtherSupplementalInformation>
		<tw-gaap-ci:ChineseAccount contextRef="From20110101To20110331">現金支付數                                                                                                                                                                                              </tw-gaap-ci:ChineseAccount>
		<tw-gaap-ci:EnglishAccount contextRef="From20110101To20110331">Cash paid                                                                                                                                                                                               </tw-gaap-ci:EnglishAccount>
		<tw-gaap-ci:Amount contextRef="From20110101To20110331" decimals="-3" unitRef="TWD">0</tw-gaap-ci:Amount>
	</tw-gaap-ci:OtherSupplementalInformation>

	<tw-gaap-ci:OtherSupplementalInformation>
		<tw-gaap-ci:ChineseAccount contextRef="From20100101To20100331">現金支付數                                                                                                                                                                                              </tw-gaap-ci:ChineseAccount>
		<tw-gaap-ci:EnglishAccount contextRef="From20100101To20100331">Cash paid                                                                                                                                                                                               </tw-gaap-ci:EnglishAccount>
		<tw-gaap-ci:Amount contextRef="From20100101To20100331" decimals="-3" unitRef="TWD">2252000</tw-gaap-ci:Amount>
	</tw-gaap-ci:OtherSupplementalInformation>

	<tw-gaap-ar:AccountantName contextRef="AsOf20110420">安侯建業聯合會計師事務所</tw-gaap-ar:AccountantName>
	<tw-gaap-ar:AssuranceAccountantName1 contextRef="AsOf20110420">張 惠 貞</tw-gaap-ar:AssuranceAccountantName1>
	<tw-gaap-ar:AssuranceAccountantName2 contextRef="AsOf20110420">施 威 銘</tw-gaap-ar:AssuranceAccountantName2>
	<tw-gaap-ar:ReviewAuditDate contextRef="AsOf20110420">2011-04-20</tw-gaap-ar:ReviewAuditDate>
	<tw-gaap-ar:ReviewReport contextRef="AsOf20110420">Y</tw-gaap-ar:ReviewReport>
	<tw-gaap-ar:QualifiedOpinionAbstract contextRef="AsOf20110420">Y</tw-gaap-ar:QualifiedOpinionAbstract>
	<tw-gaap-ar:ByInvestmentCompaniesWithoutAccountantAuditReportRecognizedGainLoss contextRef="AsOf20110420">Y</tw-gaap-ar:ByInvestmentCompaniesWithoutAccountantAuditReportRecognizedGainLoss>
	<tw-gaap-ar:DescriptionEmphasizeItemBody contextRef="AsOf20110420"><![CDATA[]]></tw-gaap-ar:DescriptionEmphasizeItemBody>
	<tw-gaap-ar:DescriptionOtherItemBody contextRef="AsOf20110420"><![CDATA[]]></tw-gaap-ar:DescriptionOtherItemBody>
	<tw-gaap-ar:AccountantsReportBody contextRef="AsOf20110420"><![CDATA[會　計　師　核　閱　報　告


宏碁股份有限公司董事會　公鑒： 

    宏碁股份有限公司民國一○○年及九十九年三月三十一日之資產負債表，暨截至各
該日止之民國一○○年第一季及九十九年第一季之損益表、股東權益變動表及現金流量
表，業經本會計師核閱竣事。上開財務季報表之編製係管理階層之責任，本會計師之責
任則為根據核閱結果出具報告。
    除下段所述者外，本會計師係依照審計準則公報第三十六號「財務報表之核閱」規
劃並執行核閱工作。由於本會計師僅實施分析、比較與查詢，並未依照一般公認審計準
則查核，故無法對上開財務季報表整體表示查核意見。
    宏碁股份有限公司民國一○○年三月三十一日採權益法評價之長期股權投資計新台
幣(以下同)83,027,526千元、聯屬公司間利益之遞延貸項計107,815千元、累積換算調
整數計(3,380,767)千元，及因此而認列之民國一○○年第一季扣除分攤總管理處費用
前之投資損失淨額計111,199千元、聯屬公司間銷貨之未實現銷貨毛利計9,068千元，係
依據被投資公司自行編製未經會計師核閱之財務季報表，以權益法評價認列。另財務季
報表附註十一之(二)及(三)有關轉投資事業及大陸投資相關資訊，係由被投資公司所提
供，本會計師未依第二段所述之核閱程序執行核閱工作。
    依本會計師核閱結果，除第三段所述該等被投資公司財務季報表及其相關資訊倘經
會計師核閱，對民國一○○年第一季長期股權投資之評價、相關累積換算調整數、聯屬
公司間利益之遞延貸項、相關損益之認列及轉投資事業相關資訊與大陸投資資訊之揭露
可能有所調整之影響外，並未發現第一段所述財務季報表在所有重大方面有違反證券發
行人財務報告編製準則、商業會計法及商業會計處理準則中與財務會計準則相關之規定
及我國一般公認會計原則而須作修正之情事。


                             安  侯  建  業  聯  合  會  計  師  事  務  所
			
		                                   張　惠　貞
                             會　計　師：		
		                       	           施　威　銘
			
                             證券主管機關  (88)台財證(六)第18311號
                             核准簽證文號：金管證六字第0950103298號
                             民 國 一 ○ ○ 年 四 月 二 十  日
]]></tw-gaap-ar:AccountantsReportBody>
	<tw-gaap-notes:FinancialReportNotes contextRef="From20110101To20110331"><![CDATA[http://doc.twse.com.tw/server-java/t57sb01?step=1&colorchg=1&co_id=2353&year=100&seamon=1&mtype=A&]]></tw-gaap-notes:FinancialReportNotes>
	<tw-gaap-notes:OrganizationAndOperations contextRef="From20110101To20110331"><![CDATA[宏碁股份有限公司(以下簡稱本公司)設立於民國六十五年八月，於民國九十一年三月二十七日與宏碁電腦股份有限公司(以下簡稱
宏電公司)以吸收合併之方式進行合併。合併後主要業務為從事acer品牌資訊產品於國內外之銷售；並推動電子化服務事業，協助客戶
進行企業e化。
    本公司透過間接持股之子公司於民國九十六年十月十五日收購美國個人電腦品牌廠商Gateway, Inc. (含eMachines品牌)，於民國
九十七年三月十四日收購歐洲地區個人品牌廠商Packard Bell B.V.，合併後本公司擬定明確的多品牌營運策略；另本公司於民國九十
七年九月一日收購倚天資訊股份有限公司，跨足智慧型手機市場。此外，本公司透過間接持股之子公司於民國九十九年十月取得方正
科技(股)公司及其所屬子公司之中國PC業務、經營團隊及通路，以擴展大陸市場。
    民國一○○年及九十九年三月三十一日，本公司之員工人數分別為2,052人及2,046人。
]]></tw-gaap-notes:OrganizationAndOperations>
	<tw-gaap-notes:SummaryOfSignificantAccountingPolicies contextRef="From20110101To20110331"><![CDATA[本公司財務報表係依照證券發行人財務報告編製準則、商業會計法、商業會計處理準則及我國一般公認會計原則編製。重要會計政策及
衡量基礎彙總說明如下：
(一)會計估計  
        本公司於編製財務報表時，業已依規定對財務報表所列資產、負債、收益、費損及或有事項，採用必要之假設及估計加以衡量、評
    估與揭露，惟該等估計與實際結果可能存有差異。
(二)外幣交易及外幣財務報表之換算  
        本公司以新台幣記帳。非衍生性商品之外幣交易依交易日之即期匯率入帳；資產負債表日之外幣貨幣性資產或負債，依當日之即期
    匯率換算，產生之兌換差額列為當期損益。外幣非貨幣性資產或負債按交易日之歷史匯率衡量；但以公平價值衡量之外幣非貨幣性資產
    或負債，則按資產負債表日即期匯率換算，如屬公平價值變動認列為當期損益者，兌換差額亦認列為當期損益；如屬公平價值變動認列
    為股東權益調整項目者，兌換差額亦認列為股東權益調整項目。
        本公司採權益法評價之國外長期股權投資非以當地貨幣為功能性貨幣者，則先將該外幣財務報表以功能性貨幣再衡量，因再衡量所
    產生之換算差額，列入當期之兌換損益；另因外幣財務報表換算為本國貨幣財務報表所產生之換算差額，及對國外營運機構具有長期投
    資性質之外幣墊款所產生之兌換差額，列入股東權益項下之外幣換算調整數。
(三)資產與負債區分流動與非流動之標準  
        現金或約當現金、為交易目的而持有或預期於資產負債表日後十二個月內將變現之資產，列為流動資產；非屬流動資產者列為非流
    動資產。
        負債因交易目的而發生或預期於資產負債表日後十二個月內清償者列為流動負債；非屬流動負債者列為非流動負債。
(四)現金及約當現金  
        本公司所稱現金及約當現金係指庫存現金、銀行存款及零星支出之週轉金，暨隨時可轉換成定額現金且即將到期而其利率變動對價
    值影響甚少之短期且具高度流動性之投資。
(五)金融商品  
        本公司對金融商品交易係採交易日會計處理。於原始認列時，將金融商品以公平價值衡量，除以公平價值衡量且公平價值變動認列
    為損益之金融商品外，其他金融商品之原始認列金額則加計取得或發行之交易成本。在原始認列後，依本公司持有或發行之目的分類及
    衡量如下：
    1.公平價值變動認列為損益之金融資產及負債：取得或發生之主要目的為短期內出售或再買回之交易目的金融商品，本公司所持有之衍
      生性金融商品，除被指定且為有效之避險工具外，餘均歸類為此類金融資產及負債。係以公平價值評價且公平價值變動認列為當期損
      益。
    2.避險之衍生性金融資產及負債：係用以規避因營運活動所暴露之匯率風險之被指定且為有效避險工具之衍生性金融資產及負債。
    3.備供出售金融資產：係以公平價值評價，除減損損失及貨幣性金融資產外幣兌換損益外，於金融資產除列前，其價值變動列為股東權
      益調整項目。於除列時，將累積之利益或損失列入當期損益。若有減損之客觀證據，則認列減損損失。若後續期間減損金額減少，備
      供出售權益商品之減損減少金額，認列為股東權益調整項目；備供出售債務商品之減損減少金額若明顯與認列減損後發生之事件有關
      ，則予以迴轉並認列為當期損益。
    4.以成本衡量之金融資產：無法可靠衡量公平價值之權益商品投資，以原始認列之成本衡量。若有減損之客觀證據，則認列減損損失，
      此減損金額不予迴轉。
    5.以攤銷後成本衡量之金融負債：除公平價值變動列為損益之金融負債及避險之衍生性金融負債外，其他金融負債之續後評價係以攤銷
      後成本衡量。
(六)避險會計  
        當公平價值避險及現金流量避險之避險關係符合適用避險會計之所有條件時，以互抵方式認列避險工具及被避險項目之公平價值變
    動所產生之損益影響數。其會計處理方式如下：
    1.公平價值避險：避險工具以公平價值評價且其價值變動認列為當期損益；被避險項目因所規避之風險而產生之利益或損失，係調整被
      避險項目之帳面價值並立即認列為當期損益。
    2.現金流量避險：避險工具以公平價值評價且其價值變動認列為股東權益調整項目。並於被避險之預期交易影響淨損益時，將前述直接
      認列為股東權益調整項目之損益轉列為當期損益。
(七)應收關係人款項  
        凡因出售予關係人各項原材料、成品、固定資產及勞務而產生之應收而未收之帳款及票據，以及對關係人貸予資金以供融通，而造
    成之應收而未收之融資款及相關之利息，以及為關係人墊付各項費用而造成之應收而未收之墊付款，均列入應收關係人款項。並依其收
    款期限是否一年以內而劃分為短期性應收關係人款項及長期性應收關係人款項。
(八)應收款之減損  
        本公司自民國一○○年一月一日起，依財務會計準則公報第三十四號「金融商品之會計處理準則」第三次修訂條文，對於應收款之
    減損證據係同時考量特定資產及組合層級減損之證據。所有個別重大之應收款皆執行特定之減損評估。所有個別重大之應收款未發現有
    特定減損者，再進行組合評估是否有已發生但未經辨識之減損。非屬個別重大的應收款項，依相似之風險特徵彙總應收款進行組合減損
    評估。減損損失認列為當期損益並反映於應收款之備抵帳戶。當一期後事項造成減損損失金額減少，該減損損失減少之迴轉金額認列為
    當期損益。
(九)存    貨  
        存貨之原始成本為使存貨達到可供銷售之狀態及地點所發生之必要支出。續後，依逐項存貨以成本與淨變現價值孰低衡量，成本採
    加權平均法計算；淨變現價值則以資產負債表日正常營業下之估計售價減除為使存貨達到可供銷售狀態尚需投入之成本及銷售費用為計
    算基礎。
(十)採權益法之長期股權投資  
        本公司與子公司共同持有被投資公司有表決權股份比例達百分之二十以上，或未達百分之二十但具有重大影響力者，採用權益法評
    價。其投資成本與按持股比例計算之被投資公司淨值之差額，因無法分析原因者原以平均法分五年攤銷，列為投資損益。自民國九十五
    年一月一日起，本公司投資時投資成本與股權淨值間之差額依「採權益法之長期股權投資會計處理準則」修訂條文處理。如係折舊或攤
    銷性資產所產生者，自取得年度起，依其估計剩餘經濟年限分年攤銷；如係因資產之帳面價值高於或低於公平價值所發生者，則於高估
    或低估情形消失時，將其相關之未攤銷差額一次沖銷；如屬投資成本超過所取得可辨認淨資產公平價值，則超過部份認列為商譽；如屬
    所取得可辨認淨資產公平價值超過投資成本，則差額先就非流動資產等比例減少，若減少至零仍有差額時，則該差額列為非常損益。以
    前年度投資成本與股權淨值間之差額因無法分析原因選擇採五年攤銷之餘額，自民國九十五年一月一日起不再攤銷且不追溯調整。
        出售時以售價與處分日本公司與子公司對該投資均採權益法評價計算之帳面價值之差額，作為長期股權投資處分損益，帳上如有因
    長期股權投資產生之資本公積及其他股東權益調整項餘額時，則按出售比例轉列當期損益。
        本公司非按持股比例認購被投資公司增發之新股，致持股比例發生變動，而使投資之股權淨值發生增減時，其增減數調整資本公積
    。但由長期投資所產生之資本公積餘額不足時，其差額則沖銷保留盈餘。
        本公司與採權益法評價之被投資公司間交易及各子公司間交易所產生之損益尚未實現者，予以遞延。交易損益如屬折舊或攤銷性之
    資產所產生者，依其效益年限逐年承認；其他類資產所產生者，於實現年度承認。
        本公司具重大影響力但無控制力之被投資公司如股權淨值發生負數時，若本公司擔保被投資公司債務，或對其有財務上之承諾，或
    被投資公司之虧損係屬短期性質者，則繼續按持股比例認列長期股權投資之投資損失；本公司具控制力之被投資公司如股權淨值發生負
    數時，若被投資公司之其他股東無義務或無法提出額外資金承擔其損失者，其損失由本公司全額認列。若原長期股權投資不足抵減投資
    損失時，則抵減應收關係人款項，如尚有不足，乃以長期股權投資貸項列示於其他負債項下。
        本公司對具有控制力之被投資公司，除依權益法評價外，並按季編製合併財務報表。
(十一)資本租賃  
          資本租賃於租賃交易成交時，以租約期限內各期租金總額加上優惠承購價格或估計殘值，列為應收租賃款；另以隱含利率折算每
      期收取之租賃款總額之現值認列為銷貨收入。應收租賃款總額高於銷貨部份則為未實現利息收入予以遞延，按利息法逐期認列利息收
      入。
(十二)固定資產、出租資產及未供營業用資產  
          固定資產係以取得成本為入帳基礎。購建固定資產之支出已發生，並正在進行使該資產在其達到可使用狀態前所負擔之利息支出
      予以資本化，列為有關資產之成本。重大增添、改良及重置支出予以資本化；維護及修理費用列為發生當期費用。處分固定資產之損
      益列為營業外收支。
          本公司自民國九十七年十一月二十日起，依中華民國會計研究發展基金會解釋函令97.11.20基秘字第340號，將新增固定資產於
      非用以生產存貨之期間所估計之拆除或復原義務列為固定資產成本。而一項固定資產之任一組成部分，相對於總成本而言係屬重大時
      ，則該部分係個別提列折舊。
          固定資產之折舊以成本為基礎，於估計使用年限內按直線法計算提列。主要資產之耐用年數如下：房屋及建築，40～50年；電腦
      通訊設備，3～5年；其他設備，3～10年。
          供出租及未供營業使用之固定資產，按其帳面價值轉列其他資產並繼續依上段耐用年數攤提折舊，且依規定進行減損測試。
          本公司每年定期於會計年度終了時，評估固定資產剩餘耐用年限、折舊方法及殘值。剩餘耐用年限、折舊方法及殘值之變動，均
      視為會計估計變動。
(十三)無形資產  
          本公司因併購所產生之商譽，依財務會計準則公報第二十五號「企業合併－購買法之會計處理」之規定，商譽不攤銷且每年定期
      進行減損測試。
          其他無形資產包括專利權、商標權及外購電腦軟體成本等支出，原始認列時以成本衡量，續後，屬有限耐用年限之無形資產於達
      到可供使用狀態時，依直線法按下列預計未來經濟效益年限攤銷：專利權，4～16年；外購軟體成本，1～3年；商標權，20年。
          部份商標權係屬非確定耐用年限之無形資產不得攤銷，每年定期進行減損測試，並於資產負債表日評估是否有新事件及情況繼續
      證明非確定耐用年限無形資產之耐用年限仍屬非確定。耐用年限由非確定改為有限時，視為會計估計變動。
(十四)非金融資產減損  
          本公司於資產負債表日就有減損跡象之資產(商譽以外之個別資產或現金產生單位)，估計其可回收金額，並就可回收金額低於帳
      面價值之資產，認列減損損失。商譽以外之資產，於以前年度所認列之累積減損損失，嗣後若已不存在或減少，即予迴轉，增加資產
      帳面價值至可回收金額，惟不超過資產在未認列減損損失下，減除應提列折舊或攤銷後之數。
          商譽、非確定耐用年限無形資產及尚未可供使用之無形資產，每年定期進行減損測試，並就可回收金額低於帳面價值之部份，認
      列減損損失，此項減損損失嗣後不得迴轉。
(十五)遞延費用  
          主要係支付辦公大樓之各項增添改良成本及其他遞延成本，以取得成本入帳，並按其估計經濟效益年限平均攤銷。
(十六)可轉換公司債  
          本公司發行之可轉換公司債係同時產生金融負債及給予持有人轉換為權益商品之選擇權，且持有人有權以固定債券轉換本公司固
      定數量股份，於原始認列時，以公平價值衡量，可轉換公司債負債組成要素之公平價值係參考與權益組成要素無關之類似負債計算，
      再將可轉換公司債總金額減除負債組成要素公平價值後之金額認列為權益組成要素。發行時之交易成本按原始認列金額比例分攤至可
      轉換公司債負債及權益組成要素。可轉換公司債之利息係採有效利率法計算，並依合約期限分攤認列為當期損益。轉換權以外之嵌入
      式衍生性商品列為公平價值變動列入損益之金融負債，並以公平價值評價。可轉換公司債權益組成要素認列為資本公積－認股權，其
      公平價值之變動不予認列。
(十七)庫藏股票  
          本公司收回已發行之股票，依買回時所支付之成本認列為庫藏股票。處分庫藏股票之處分價格高於帳面價值之差額，列為資本公
      積－庫藏股票交易；處分價格低於帳面價值，其差額則沖抵同種類庫藏股票之交易所產生之資本公積，如有不足，則借記保留盈餘。
      庫藏股票之帳面價值採加權平均並依收回原因分別計算。
          庫藏股票註銷時，按股權比例借記資本公積－股票發行溢價與股本，其帳面價值如高於股票面值與發行溢價之合計數時，其差額
      則沖抵同種類庫藏股票所產生之資本公積，如有不足，則沖抵保留盈餘；其帳面價值低於股票面值與發行溢價之合計數者，則貸記同
      種類庫藏股票交易所產生之資本公積。
          子公司持有本公司之股票視同本公司之庫藏股票處理，子公司取得本公司發放之現金股利，列為資本公積－庫藏股票交易。
(十八)收入認列  
          銷售商品收入於商品交付且顯著風險及報酬移轉予客戶時認列；勞務收入以資產負債表日勞務提供之完成程度認列收入。
(十九)員工紅利及董監酬勞  
          本公司民國九十七年一月一日(含)以後之員工紅利及董監酬勞係依會計研究發展基金會(96)基秘字第052號解釋函之規定，估計員
      工紅利及董監酬勞金額，並依員工紅利及董監酬勞之性質列為營業費用。嗣後股東會決議與財務報表估列數如有差異，視為估計變動，
      列為當期損益。
(二十)股份基礎給付交易  
          本公司股份基礎給付協議之給與日在民國九十七年一月一日（含）以後者，依據財務會計準則公報第三十九號之規定處理。其原則
      如下：
      1.權益交割之股份基礎給付交易係以給與日之公平價值衡量。給與日所決定之公平價值於該股份基礎給付協議之既得期間認列為費用，
        並相對認列權益之增加。既得期間係依據該協議最終將既得之條件估計。既得條件包括服務條件及績效條件(包含市價條件)。於評價
        該等交易時，不考量市價條件以外之既得條件。
      2.現金交割之股份基礎給付，係於資產負債表日及交割日依相關負債之公平價值，認列所取得之商品或勞務，並將公平價值變動數認列
        為當期損益。
      3.給與日之公平價值係以Black   Scholes選擇權模式或二項式評價模式估計，依據管理當局對履約價格、預期存續期間、標的股票價格
        、預期波動率、預期股利率及無風險利率等參數之最佳估計為基礎衡量之。
(廿一)總管理處營業費用  
          本公司有關總管理處及資訊產品全球運籌中心均從事本公司自有品牌產品推廣之銷售及管理工作，除為本公司之國內營業單位，提
      供直接必要之服務外，並為增加本公司外銷營業額而積極推廣海外地區自有品牌產品。
          本公司為使損益表能明確表現出國內營業單位之營業淨損益，乃將全部總管理處及資訊產品全球運籌中心之營運費用，分為兩部分
      ，一為歸國內營業單位應負擔之銷管費用，一為本公司為外銷目的，而推廣海外地區自有品牌產品所發生之銷管費用；前者列於本公司
      損益表上之營業費用，後者考量多品牌效益後列為本公司損益表上之投資損益之調整項目。
(廿二)退 休 金  
       1.確定給付退休辦法
             本公司訂有職工退休辦法，涵蓋所有正式任用員工。依該辦法規定，員工退休金之支付，係根據服務年資所獲得之基數及其退
         休前六個月之平均薪資計算。本公司依勞動基準法之規定，按月提撥勞工退休準備金，專戶儲存於台灣銀行及其他退休基金專戶。
             本公司以每年十二月三十一日為衡量日完成員工退休金負債之精算，其累積給付義務超過退休基金資產公平價值部份，於資產
         負債表認列最低退休金負債。並依精算結果認列淨退休金成本。
             本公司於編製期中財務報表時依財務會計準則公報第二十三號「期中財務報表之表達及揭露」之規定，對於財務會計準則公報
         第十八號「退休金會計處理準則」所規定之有關員工退休金負債精算結果之資訊，不予揭露。
       2.確定提撥退休辦法
             自民國九十四年七月一日起配合勞工退休金條例（以下簡稱「新制」）之實施，原適用確定給付退休辦法之員工如經選擇適用
         新制後之服務年資或新制施行後到職之員工其服務年資改採確定提撥制，其退休金之給付由本公司按月以每月工資百分之六提撥退
         休金，儲存於勞工退休金個人專戶，並將每期應提撥數認列為當期費用。
(廿三)所 得 稅  
         本公司所得稅之會計處理採用跨期間所得稅分攤，資產及負債之帳面價值與課稅基礎之差異，依預計迴轉年度之適用稅率計算其所
      得稅影響數認列為遞延所得稅；並將應課稅暫時性差異所產生之所得稅影響數認列為遞延所得稅負債；可減除暫時性差異、虧損扣抵
      及所得稅抵減所產生之所得稅影響數認列為遞延所得稅資產，再評估遞延所得稅資產之可實現性，認列其備抵評價金額。當稅法修正
      時致稅率改變時，於公布日之年度按新規定將遞延所得稅負債或資產按新適用之稅率重新計算，因而產生之遞延所得稅負債或資產之
      變動影響數，列入當期繼續營業部門之所得稅費用(利益)。
          遞延所得稅資產或負債依其相關資產或負債之分類，劃分為流動或非流動項目，非與資產或負債相關者，則依預期實現期間之長
      短，劃分為流動或非流動項目。
          企業合併採購買法者，被合併公司帳列之遞延所得稅資產，若於合併日已認列備抵評價金額，則合併日後因該備抵評價金額沖減
      而產生所得稅利益時，先沖減因合併所產生之商譽，尚有餘額時，再沖減當期所得稅費用。
          本公司未分配盈餘加徵百分之十營利事業所得稅部份，於股東會決議盈餘分配與否之年度，列為當期所得稅費用。
(廿四)普通股每股盈餘  
          每股盈餘係以本期淨利除以按加權平均法計算流通在外期間之已發行普通股股數。本公司所發行之海外可轉換公司債、員工認股
      權憑證及尚未經股東會決議且得採股票發放之員工分紅屬潛在普通股，潛在普通股如未具稀釋作用，僅揭露基本每股盈餘，反之，則
      除揭露基本每股盈餘外，並揭露稀釋每股盈餘。稀釋每股盈餘，則假設所有具稀釋作用之潛在普通股均於當期流通在外，故本期淨利
      及流通在外普通股股數均須調整所有具稀釋作用潛在普通股之影響。
          因盈餘或資本公積轉增資而新增股份時，採追溯調整計算。若無償配股之基準日在資產負債表日至財務報表提出日之間者，亦應
      追溯調整。
(廿五)併購  
          企業併購係依照財務會計準則公報第二十五號「企業合併－購買法之會計處理」，以收購價款並加計相關收購之直接成本，減除
      取得之可辨認淨資產公平價值之差額，認列為商譽。
(廿六)營運部財務資訊  
          本公司自民國一○○年一月一日起，首次適用財務會計準則公報第四十一號「營運部門資訊之揭露」。營運部門係本公司之組成
      單位，從事可能獲得收入並發生費用(包括與本公司內其他組成單位間交易所產生之收入與費用)之經營活動。營運部門之營運結果定
      期由本公司之營運決策者複核，以制定分配予該部門資源之決策，並評估該部門之績效，同時具個別分離之財務資訊。
]]></tw-gaap-notes:SummaryOfSignificantAccountingPolicies>
	<tw-gaap-notes:ChangesInAccountingPrinciples contextRef="From20110101To20110331"><![CDATA[本公司自民國一○○年一月一日起，首次適用財務會計準則公報第三十四號「金融商品之會計處理準則」第三次修訂條文，針對應收款同
時考量於特定資產與整體層級減損之評估，減損損失認列為當期損益並反映於應收款之備抵帳戶。此項變動對民國一○○年第一季財務報表無
重大影響。
    本公司自民國一○○年一月一日起，首次適用財務會計準則公報第四十一號「營運部門資訊之揭露」。依該號公報規定，企業應揭露有助
於財務報表使用者評估企業所從事經營活動與所處經濟環境之性質及財務影響之資訊。本公司以內部提供予營運決策者之資訊為基礎，以決定
與表達營運部門。該號公報亦取代財務會計準則公報第二十號「部門別財務資訊之揭露」。前述會計原則變動對本公司民國一○○年第一季財
務季報表不產生損益之影響。另依該公報規定本公司已於合併財務季報表揭露部門資訊，因此個別財務季報表不揭露部門資訊。
]]></tw-gaap-notes:ChangesInAccountingPrinciples>
</xbrl>

<!--This instance document is created by SIIAP V1.4.5-->
