<?xml version="1.0" encoding="UTF-8"?>
<xbrl xmlns="http://www.xbrl.org/2003/instance" xmlns:iso4217="http://www.xbrl.org/2003/iso4217" xmlns:link="http://www.xbrl.org/2003/linkbase" xmlns:tw-gaap-ar="http://www.xbrl.org/tw/fr/gaap/ar/2010-12-31" xmlns:tw-gaap-ci="http://www.xbrl.org/tw/fr/gaap/tw-gaap-ci-2010-12-31" xmlns:tw-gaap-notes="http://www.xbrl.org/tw/fr/gaap/notes/2010-12-31" xmlns:xbrldi="http://xbrl.org/2006/xbrldi" xmlns:xbrldt="http://xbrl.org/2005/xbrldt" xmlns:xbrli="http://www.xbrl.org/2003/instance" xmlns:xlink="http://www.w3.org/1999/xlink">
	<link:schemaRef xlink:arcrole="http://www.w3.org/1999/xlink/properties/linkbase" xlink:href="tw-gaap-ci-2010-12-31.xsd" xlink:type="simple"/>	<context id="AsOf20110420">
		<entity>
			<identifier scheme="http://www.twse.com.tw">2331</identifier>
		</entity>
		<period>
			<instant>2011-04-20</instant>
		</period>
	</context>
	<context id="AsOf20100101">
		<entity>
			<identifier scheme="http://www.twse.com.tw">2331</identifier>
		</entity>
		<period>
			<instant>2010-01-01</instant>
		</period>
	</context>
	<context id="AsOf20110101">
		<entity>
			<identifier scheme="http://www.twse.com.tw">2331</identifier>
		</entity>
		<period>
			<instant>2011-01-01</instant>
		</period>
	</context>
	<context id="From20100101To20100331">
		<entity>
			<identifier scheme="http://www.twse.com.tw">2331</identifier>
		</entity>
		<period>
			<startDate>2010-01-01</startDate>
			<endDate>2010-03-31</endDate>
		</period>
	</context>
	<context id="AsOf20100331">
		<entity>
			<identifier scheme="http://www.twse.com.tw">2331</identifier>
		</entity>
		<period>
			<instant>2010-03-31</instant>
		</period>
	</context>
	<context id="From20110101To20110331">
		<entity>
			<identifier scheme="http://www.twse.com.tw">2331</identifier>
		</entity>
		<period>
			<startDate>2011-01-01</startDate>
			<endDate>2011-03-31</endDate>
		</period>
	</context>
	<context id="AsOf20110331">
		<entity>
			<identifier scheme="http://www.twse.com.tw">2331</identifier>
		</entity>
		<period>
			<instant>2011-03-31</instant>
		</period>
	</context>
	<unit id="TWD">
		<measure>iso4217:TWD</measure>
	</unit>
	<unit id="Shares">
		<measure>xbrli:shares</measure>
	</unit>
	<unit id="EarningsPerShare">
		<divide>
			<unitNumerator>
				<measure>iso4217:TWD</measure>
			</unitNumerator>
			<unitDenominator>
				<measure>xbrli:shares</measure>
			</unitDenominator>
		</divide>
	</unit>
	<tw-gaap-ci:CashCashEquivalents contextRef="AsOf20110331" decimals="-3" unitRef="TWD">4576578000</tw-gaap-ci:CashCashEquivalents>
	<tw-gaap-ci:CashCashEquivalents contextRef="AsOf20100331" decimals="-3" unitRef="TWD">4718970000</tw-gaap-ci:CashCashEquivalents>
	<tw-gaap-ci:FinancialAssetsMeasuredFairValueProfitLossCurrent contextRef="AsOf20110331" decimals="-3" unitRef="TWD">419236000</tw-gaap-ci:FinancialAssetsMeasuredFairValueProfitLossCurrent>
	<tw-gaap-ci:FinancialAssetsMeasuredFairValueProfitLossCurrent contextRef="AsOf20100331" decimals="-3" unitRef="TWD">1397048000</tw-gaap-ci:FinancialAssetsMeasuredFairValueProfitLossCurrent>
	<tw-gaap-ci:NetNotesReceivable contextRef="AsOf20110331" decimals="-3" unitRef="TWD">213000</tw-gaap-ci:NetNotesReceivable>
	<tw-gaap-ci:NetNotesReceivable contextRef="AsOf20100331" decimals="-3" unitRef="TWD">226000</tw-gaap-ci:NetNotesReceivable>
	<tw-gaap-ci:NetAccountsReceivable contextRef="AsOf20110331" decimals="-3" unitRef="TWD">6471035000</tw-gaap-ci:NetAccountsReceivable>
	<tw-gaap-ci:NetAccountsReceivable contextRef="AsOf20100331" decimals="-3" unitRef="TWD">3698821000</tw-gaap-ci:NetAccountsReceivable>
	<tw-gaap-ci:NetAccountsReceivableRelatedParties contextRef="AsOf20110331" decimals="-3" unitRef="TWD">1108322000</tw-gaap-ci:NetAccountsReceivableRelatedParties>
	<tw-gaap-ci:NetAccountsReceivableRelatedParties contextRef="AsOf20100331" decimals="-3" unitRef="TWD">1931765000</tw-gaap-ci:NetAccountsReceivableRelatedParties>
	<tw-gaap-ci:OtherReceivables contextRef="AsOf20110331" decimals="-3" unitRef="TWD">104813000</tw-gaap-ci:OtherReceivables>
	<tw-gaap-ci:OtherReceivables contextRef="AsOf20100331" decimals="-3" unitRef="TWD">683255000</tw-gaap-ci:OtherReceivables>
	<tw-gaap-ci:OtherReceivablesRelatedParties contextRef="AsOf20110331" decimals="-3" unitRef="TWD">94107000</tw-gaap-ci:OtherReceivablesRelatedParties>
	<tw-gaap-ci:OtherReceivablesRelatedParties contextRef="AsOf20100331" decimals="-3" unitRef="TWD">3802000</tw-gaap-ci:OtherReceivablesRelatedParties>
	<tw-gaap-ci:FinishedGoods contextRef="AsOf20110331" decimals="-3" unitRef="TWD">1592407000</tw-gaap-ci:FinishedGoods>
	<tw-gaap-ci:FinishedGoods contextRef="AsOf20100331" decimals="-3" unitRef="TWD">1426869000</tw-gaap-ci:FinishedGoods>
	<tw-gaap-ci:WorkProcess contextRef="AsOf20110331" decimals="-3" unitRef="TWD">554000</tw-gaap-ci:WorkProcess>
	<tw-gaap-ci:WorkProcess contextRef="AsOf20100331" decimals="-3" unitRef="TWD">64000</tw-gaap-ci:WorkProcess>
	<tw-gaap-ci:RawMaterials contextRef="AsOf20110331" decimals="-3" unitRef="TWD">847498000</tw-gaap-ci:RawMaterials>
	<tw-gaap-ci:RawMaterials contextRef="AsOf20100331" decimals="-3" unitRef="TWD">734686000</tw-gaap-ci:RawMaterials>
	<tw-gaap-ci:InventoriesManufacturing contextRef="AsOf20110331" decimals="-3" unitRef="TWD">2440459000</tw-gaap-ci:InventoriesManufacturing>
	<tw-gaap-ci:InventoriesManufacturing contextRef="AsOf20100331" decimals="-3" unitRef="TWD">2161619000</tw-gaap-ci:InventoriesManufacturing>
	<tw-gaap-ci:Inventories contextRef="AsOf20110331" decimals="-3" unitRef="TWD">2440459000</tw-gaap-ci:Inventories>
	<tw-gaap-ci:Inventories contextRef="AsOf20100331" decimals="-3" unitRef="TWD">2161619000</tw-gaap-ci:Inventories>
	<tw-gaap-ci:PrepaidExpenses contextRef="AsOf20110331" decimals="-3" unitRef="TWD">39487000</tw-gaap-ci:PrepaidExpenses>
	<tw-gaap-ci:PrepaidExpenses contextRef="AsOf20100331" decimals="-3" unitRef="TWD">48781000</tw-gaap-ci:PrepaidExpenses>
	<tw-gaap-ci:PrepaymentPurchases contextRef="AsOf20110331" decimals="-3" unitRef="TWD">8000</tw-gaap-ci:PrepaymentPurchases>
	<tw-gaap-ci:PrepaymentPurchases contextRef="AsOf20100331" decimals="-3" unitRef="TWD">1006000</tw-gaap-ci:PrepaymentPurchases>
	<tw-gaap-ci:OverpaidBusinessTax contextRef="AsOf20110331" decimals="-3" unitRef="TWD">123476000</tw-gaap-ci:OverpaidBusinessTax>
	<tw-gaap-ci:OverpaidBusinessTax contextRef="AsOf20100331" decimals="-3" unitRef="TWD">115083000</tw-gaap-ci:OverpaidBusinessTax>
	<tw-gaap-ci:OtherPrepayments contextRef="AsOf20110331" decimals="-3" unitRef="TWD">123484000</tw-gaap-ci:OtherPrepayments>
	<tw-gaap-ci:OtherPrepayments contextRef="AsOf20100331" decimals="-3" unitRef="TWD">116089000</tw-gaap-ci:OtherPrepayments>
	<tw-gaap-ci:DeferredIncomeTaxAssetsCurrent contextRef="AsOf20110331" decimals="-3" unitRef="TWD">146080000</tw-gaap-ci:DeferredIncomeTaxAssetsCurrent>
	<tw-gaap-ci:DeferredIncomeTaxAssetsCurrent contextRef="AsOf20100331" decimals="-3" unitRef="TWD">236467000</tw-gaap-ci:DeferredIncomeTaxAssetsCurrent>
	<tw-gaap-ci:RestrictedCurrentAssets contextRef="AsOf20110331" decimals="-3" unitRef="TWD">3718000</tw-gaap-ci:RestrictedCurrentAssets>
	<tw-gaap-ci:RestrictedCurrentAssets contextRef="AsOf20100331" decimals="-3" unitRef="TWD">2208000</tw-gaap-ci:RestrictedCurrentAssets>
	<tw-gaap-ci:OthercurrentAssetsOther contextRef="AsOf20110331" decimals="-3" unitRef="TWD">22746000</tw-gaap-ci:OthercurrentAssetsOther>
	<tw-gaap-ci:OthercurrentAssetsOther contextRef="AsOf20100331" decimals="-3" unitRef="TWD">13339000</tw-gaap-ci:OthercurrentAssetsOther>
	<tw-gaap-ci:OtherCurrentAssets contextRef="AsOf20110331" decimals="-3" unitRef="TWD">172544000</tw-gaap-ci:OtherCurrentAssets>
	<tw-gaap-ci:OtherCurrentAssets contextRef="AsOf20100331" decimals="-3" unitRef="TWD">252014000</tw-gaap-ci:OtherCurrentAssets>
	<tw-gaap-ci:CurrentAssets contextRef="AsOf20110331" decimals="-3" unitRef="TWD">15550278000</tw-gaap-ci:CurrentAssets>
	<tw-gaap-ci:CurrentAssets contextRef="AsOf20100331" decimals="-3" unitRef="TWD">15012390000</tw-gaap-ci:CurrentAssets>
	<tw-gaap-ci:FinancialAssetsCarriedCostNoncurrent contextRef="AsOf20110331" decimals="-3" unitRef="TWD">77475000</tw-gaap-ci:FinancialAssetsCarriedCostNoncurrent>
	<tw-gaap-ci:FinancialAssetsCarriedCostNoncurrent contextRef="AsOf20100331" decimals="-3" unitRef="TWD">77313000</tw-gaap-ci:FinancialAssetsCarriedCostNoncurrent>
	<tw-gaap-ci:NetFinancialAssetsCarriedCostNonCurrent contextRef="AsOf20110331" decimals="-3" unitRef="TWD">77475000</tw-gaap-ci:NetFinancialAssetsCarriedCostNonCurrent>
	<tw-gaap-ci:NetFinancialAssetsCarriedCostNonCurrent contextRef="AsOf20100331" decimals="-3" unitRef="TWD">77313000</tw-gaap-ci:NetFinancialAssetsCarriedCostNonCurrent>
	<tw-gaap-ci:LongtermInvestmentsEquity contextRef="AsOf20110331" decimals="-3" unitRef="TWD">9543997000</tw-gaap-ci:LongtermInvestmentsEquity>
	<tw-gaap-ci:LongtermInvestmentsEquity contextRef="AsOf20100331" decimals="-3" unitRef="TWD">10661273000</tw-gaap-ci:LongtermInvestmentsEquity>
	<tw-gaap-ci:LongtermInvestments contextRef="AsOf20110331" decimals="-3" unitRef="TWD">9543997000</tw-gaap-ci:LongtermInvestments>
	<tw-gaap-ci:LongtermInvestments contextRef="AsOf20100331" decimals="-3" unitRef="TWD">10661273000</tw-gaap-ci:LongtermInvestments>
	<tw-gaap-ci:FundsInvestments contextRef="AsOf20110331" decimals="-3" unitRef="TWD">9621472000</tw-gaap-ci:FundsInvestments>
	<tw-gaap-ci:FundsInvestments contextRef="AsOf20100331" decimals="-3" unitRef="TWD">10738586000</tw-gaap-ci:FundsInvestments>
	<tw-gaap-ci:Land contextRef="AsOf20110331" decimals="-3" unitRef="TWD">1336205000</tw-gaap-ci:Land>
	<tw-gaap-ci:Land contextRef="AsOf20100331" decimals="-3" unitRef="TWD">1336205000</tw-gaap-ci:Land>
	<tw-gaap-ci:BuildingsStructures contextRef="AsOf20110331" decimals="-3" unitRef="TWD">1959141000</tw-gaap-ci:BuildingsStructures>
	<tw-gaap-ci:BuildingsStructures contextRef="AsOf20100331" decimals="-3" unitRef="TWD">1959141000</tw-gaap-ci:BuildingsStructures>
	<tw-gaap-ci:MachineryEquipment contextRef="AsOf20110331" decimals="-3" unitRef="TWD">66385000</tw-gaap-ci:MachineryEquipment>
	<tw-gaap-ci:MachineryEquipment contextRef="AsOf20100331" decimals="-3" unitRef="TWD">62662000</tw-gaap-ci:MachineryEquipment>
	<tw-gaap-ci:TransportationEquipment contextRef="AsOf20110331" decimals="-3" unitRef="TWD">719000</tw-gaap-ci:TransportationEquipment>
	<tw-gaap-ci:TransportationEquipment contextRef="AsOf20100331" decimals="-3" unitRef="TWD">719000</tw-gaap-ci:TransportationEquipment>
	<tw-gaap-ci:OtherFacilities contextRef="AsOf20110331" decimals="-3" unitRef="TWD">242173000</tw-gaap-ci:OtherFacilities>
	<tw-gaap-ci:OtherFacilities contextRef="AsOf20100331" decimals="-3" unitRef="TWD">272949000</tw-gaap-ci:OtherFacilities>
	<tw-gaap-ci:FixedAssetsOriginalCosts contextRef="AsOf20110331" decimals="-3" unitRef="TWD">3604623000</tw-gaap-ci:FixedAssetsOriginalCosts>
	<tw-gaap-ci:FixedAssetsOriginalCosts contextRef="AsOf20100331" decimals="-3" unitRef="TWD">3631676000</tw-gaap-ci:FixedAssetsOriginalCosts>
	<tw-gaap-ci:RevaluationIncrement contextRef="AsOf20110331" decimals="-3" unitRef="TWD">0</tw-gaap-ci:RevaluationIncrement>
	<tw-gaap-ci:RevaluationIncrement contextRef="AsOf20100331" decimals="-3" unitRef="TWD">0</tw-gaap-ci:RevaluationIncrement>
	<tw-gaap-ci:CostsRevaluationIncrement contextRef="AsOf20110331" decimals="-3" unitRef="TWD">3604623000</tw-gaap-ci:CostsRevaluationIncrement>
	<tw-gaap-ci:CostsRevaluationIncrement contextRef="AsOf20100331" decimals="-3" unitRef="TWD">3631676000</tw-gaap-ci:CostsRevaluationIncrement>
	<tw-gaap-ci:AccumulatedDepreciation contextRef="AsOf20110331" decimals="-3" unitRef="TWD">349173000</tw-gaap-ci:AccumulatedDepreciation>
	<tw-gaap-ci:AccumulatedDepreciation contextRef="AsOf20100331" decimals="-3" unitRef="TWD">314898000</tw-gaap-ci:AccumulatedDepreciation>
	<tw-gaap-ci:PrepaymentsBusinessFacilities contextRef="AsOf20110331" decimals="-3" unitRef="TWD">841000</tw-gaap-ci:PrepaymentsBusinessFacilities>
	<tw-gaap-ci:PrepaymentsBusinessFacilities contextRef="AsOf20100331" decimals="-3" unitRef="TWD">4188000</tw-gaap-ci:PrepaymentsBusinessFacilities>
	<tw-gaap-ci:ConstructionProcessPrepaymentEquipments contextRef="AsOf20110331" decimals="-3" unitRef="TWD">841000</tw-gaap-ci:ConstructionProcessPrepaymentEquipments>
	<tw-gaap-ci:ConstructionProcessPrepaymentEquipments contextRef="AsOf20100331" decimals="-3" unitRef="TWD">4188000</tw-gaap-ci:ConstructionProcessPrepaymentEquipments>
	<tw-gaap-ci:FixedAssets contextRef="AsOf20110331" decimals="-3" unitRef="TWD">3256291000</tw-gaap-ci:FixedAssets>
	<tw-gaap-ci:FixedAssets contextRef="AsOf20100331" decimals="-3" unitRef="TWD">3320966000</tw-gaap-ci:FixedAssets>
	<tw-gaap-ci:Trademarks contextRef="AsOf20110331" decimals="-3" unitRef="TWD">322000</tw-gaap-ci:Trademarks>
	<tw-gaap-ci:Trademarks contextRef="AsOf20100331" decimals="-3" unitRef="TWD">376000</tw-gaap-ci:Trademarks>
	<tw-gaap-ci:Patents contextRef="AsOf20110331" decimals="-3" unitRef="TWD">61478000</tw-gaap-ci:Patents>
	<tw-gaap-ci:Patents contextRef="AsOf20100331" decimals="-3" unitRef="TWD">143449000</tw-gaap-ci:Patents>
	<tw-gaap-ci:Goodwill contextRef="AsOf20110331" decimals="-3" unitRef="TWD">386205000</tw-gaap-ci:Goodwill>
	<tw-gaap-ci:Goodwill contextRef="AsOf20100331" decimals="-3" unitRef="TWD">386205000</tw-gaap-ci:Goodwill>
	<tw-gaap-ci:IntangibleAssets contextRef="AsOf20110331" decimals="-3" unitRef="TWD">448005000</tw-gaap-ci:IntangibleAssets>
	<tw-gaap-ci:IntangibleAssets contextRef="AsOf20100331" decimals="-3" unitRef="TWD">530030000</tw-gaap-ci:IntangibleAssets>
	<tw-gaap-ci:NetRentalAssets contextRef="AsOf20110331" decimals="-3" unitRef="TWD">474156000</tw-gaap-ci:NetRentalAssets>
	<tw-gaap-ci:NetRentalAssets contextRef="AsOf20100331" decimals="-3" unitRef="TWD">479963000</tw-gaap-ci:NetRentalAssets>
	<tw-gaap-ci:NetIdledAssets contextRef="AsOf20110331" decimals="-3" unitRef="TWD">2210000</tw-gaap-ci:NetIdledAssets>
	<tw-gaap-ci:NetIdledAssets contextRef="AsOf20100331" decimals="-3" unitRef="TWD">1904000</tw-gaap-ci:NetIdledAssets>
	<tw-gaap-ci:GuaranteeDepositsPaid contextRef="AsOf20110331" decimals="-3" unitRef="TWD">5124000</tw-gaap-ci:GuaranteeDepositsPaid>
	<tw-gaap-ci:GuaranteeDepositsPaid contextRef="AsOf20100331" decimals="-3" unitRef="TWD">5366000</tw-gaap-ci:GuaranteeDepositsPaid>
	<tw-gaap-ci:DeferredCharges contextRef="AsOf20110331" decimals="-3" unitRef="TWD">83741000</tw-gaap-ci:DeferredCharges>
	<tw-gaap-ci:DeferredCharges contextRef="AsOf20100331" decimals="-3" unitRef="TWD">60205000</tw-gaap-ci:DeferredCharges>
	<tw-gaap-ci:DeferredIncomeTaxAssetsNonCurrent contextRef="AsOf20110331" decimals="-3" unitRef="TWD">621727000</tw-gaap-ci:DeferredIncomeTaxAssetsNonCurrent>
	<tw-gaap-ci:DeferredIncomeTaxAssetsNonCurrent contextRef="AsOf20100331" decimals="-3" unitRef="TWD">514430000</tw-gaap-ci:DeferredIncomeTaxAssetsNonCurrent>
	<tw-gaap-ci:OtherAssets contextRef="AsOf20110331" decimals="-3" unitRef="TWD">1186958000</tw-gaap-ci:OtherAssets>
	<tw-gaap-ci:OtherAssets contextRef="AsOf20100331" decimals="-3" unitRef="TWD">1061868000</tw-gaap-ci:OtherAssets>
	<tw-gaap-ci:Assets contextRef="AsOf20110331" decimals="-3" unitRef="TWD">30063004000</tw-gaap-ci:Assets>
	<tw-gaap-ci:Assets contextRef="AsOf20100331" decimals="-3" unitRef="TWD">30663840000</tw-gaap-ci:Assets>
	<tw-gaap-ci:ShortTermBorrowings contextRef="AsOf20110331" decimals="-3" unitRef="TWD">1675800000</tw-gaap-ci:ShortTermBorrowings>
	<tw-gaap-ci:ShortTermBorrowings contextRef="AsOf20100331" decimals="-3" unitRef="TWD">1104154000</tw-gaap-ci:ShortTermBorrowings>
	<tw-gaap-ci:FinancialLiabilitiesMeasuredFairValueProfitLossCurrent contextRef="AsOf20110331" decimals="-3" unitRef="TWD">8205000</tw-gaap-ci:FinancialLiabilitiesMeasuredFairValueProfitLossCurrent>
	<tw-gaap-ci:FinancialLiabilitiesMeasuredFairValueProfitLossCurrent contextRef="AsOf20100331" decimals="-3" unitRef="TWD">243000</tw-gaap-ci:FinancialLiabilitiesMeasuredFairValueProfitLossCurrent>
	<tw-gaap-ci:AccountsPayable contextRef="AsOf20110331" decimals="-3" unitRef="TWD">1659721000</tw-gaap-ci:AccountsPayable>
	<tw-gaap-ci:AccountsPayable contextRef="AsOf20100331" decimals="-3" unitRef="TWD">1305454000</tw-gaap-ci:AccountsPayable>
	<tw-gaap-ci:AccountsPayableRelatedParties contextRef="AsOf20110331" decimals="-3" unitRef="TWD">2972398000</tw-gaap-ci:AccountsPayableRelatedParties>
	<tw-gaap-ci:AccountsPayableRelatedParties contextRef="AsOf20100331" decimals="-3" unitRef="TWD">3005284000</tw-gaap-ci:AccountsPayableRelatedParties>
	<tw-gaap-ci:IncomeTaxPayable contextRef="AsOf20110331" decimals="-3" unitRef="TWD">0</tw-gaap-ci:IncomeTaxPayable>
	<tw-gaap-ci:IncomeTaxPayable contextRef="AsOf20100331" decimals="-3" unitRef="TWD">34813000</tw-gaap-ci:IncomeTaxPayable>
	<tw-gaap-ci:AccruedExpenses contextRef="AsOf20110331" decimals="-3" unitRef="TWD">944922000</tw-gaap-ci:AccruedExpenses>
	<tw-gaap-ci:AccruedExpenses contextRef="AsOf20100331" decimals="-3" unitRef="TWD">859265000</tw-gaap-ci:AccruedExpenses>
	<tw-gaap-ci:LongtermBorrowingsCurrentPortion contextRef="AsOf20110331" decimals="-3" unitRef="TWD">0</tw-gaap-ci:LongtermBorrowingsCurrentPortion>
	<tw-gaap-ci:LongtermBorrowingsCurrentPortion contextRef="AsOf20100331" decimals="-3" unitRef="TWD">1591000000</tw-gaap-ci:LongtermBorrowingsCurrentPortion>
	<tw-gaap-ci:LongtermLiabilitiesCurrentPortion contextRef="AsOf20110331" decimals="-3" unitRef="TWD">0</tw-gaap-ci:LongtermLiabilitiesCurrentPortion>
	<tw-gaap-ci:LongtermLiabilitiesCurrentPortion contextRef="AsOf20100331" decimals="-3" unitRef="TWD">1591000000</tw-gaap-ci:LongtermLiabilitiesCurrentPortion>
	<tw-gaap-ci:OtherCurrentLiabilitiesOther contextRef="AsOf20110331" decimals="-3" unitRef="TWD">232828000</tw-gaap-ci:OtherCurrentLiabilitiesOther>
	<tw-gaap-ci:OtherCurrentLiabilitiesOther contextRef="AsOf20100331" decimals="-3" unitRef="TWD">278842000</tw-gaap-ci:OtherCurrentLiabilitiesOther>
	<tw-gaap-ci:OtherCurrentLiabilities contextRef="AsOf20110331" decimals="-3" unitRef="TWD">232828000</tw-gaap-ci:OtherCurrentLiabilities>
	<tw-gaap-ci:OtherCurrentLiabilities contextRef="AsOf20100331" decimals="-3" unitRef="TWD">278842000</tw-gaap-ci:OtherCurrentLiabilities>
	<tw-gaap-ci:CurrentLiabilities contextRef="AsOf20110331" decimals="-3" unitRef="TWD">7493874000</tw-gaap-ci:CurrentLiabilities>
	<tw-gaap-ci:CurrentLiabilities contextRef="AsOf20100331" decimals="-3" unitRef="TWD">8179055000</tw-gaap-ci:CurrentLiabilities>
	<tw-gaap-ci:LongtermBorrowings contextRef="AsOf20110331" decimals="-3" unitRef="TWD">1470000000</tw-gaap-ci:LongtermBorrowings>
	<tw-gaap-ci:LongtermBorrowings contextRef="AsOf20100331" decimals="-3" unitRef="TWD">0</tw-gaap-ci:LongtermBorrowings>
	<tw-gaap-ci:LongTermLiabilities contextRef="AsOf20110331" decimals="-3" unitRef="TWD">1470000000</tw-gaap-ci:LongTermLiabilities>
	<tw-gaap-ci:LongTermLiabilities contextRef="AsOf20100331" decimals="-3" unitRef="TWD">0</tw-gaap-ci:LongTermLiabilities>
	<tw-gaap-ci:PensionReserve contextRef="AsOf20110331" decimals="-3" unitRef="TWD">6876000</tw-gaap-ci:PensionReserve>
	<tw-gaap-ci:PensionReserve contextRef="AsOf20100331" decimals="-3" unitRef="TWD">10192000</tw-gaap-ci:PensionReserve>
	<tw-gaap-ci:GuaranteeDepositsReceived contextRef="AsOf20110331" decimals="-3" unitRef="TWD">30998000</tw-gaap-ci:GuaranteeDepositsReceived>
	<tw-gaap-ci:GuaranteeDepositsReceived contextRef="AsOf20100331" decimals="-3" unitRef="TWD">34498000</tw-gaap-ci:GuaranteeDepositsReceived>
	<tw-gaap-ci:DeferredCreditsGainsonInterAffiliateAccounts contextRef="AsOf20110331" decimals="-3" unitRef="TWD">20257000</tw-gaap-ci:DeferredCreditsGainsonInterAffiliateAccounts>
	<tw-gaap-ci:DeferredCreditsGainsonInterAffiliateAccounts contextRef="AsOf20100331" decimals="-3" unitRef="TWD">51767000</tw-gaap-ci:DeferredCreditsGainsonInterAffiliateAccounts>
	<tw-gaap-ci:OtherLiabilities-Other contextRef="AsOf20110331" decimals="-3" unitRef="TWD">172114000</tw-gaap-ci:OtherLiabilities-Other>
	<tw-gaap-ci:OtherLiabilities-Other contextRef="AsOf20100331" decimals="-3" unitRef="TWD">179810000</tw-gaap-ci:OtherLiabilities-Other>
	<tw-gaap-ci:OtherLiabilitiesOther contextRef="AsOf20110331" decimals="-3" unitRef="TWD">192371000</tw-gaap-ci:OtherLiabilitiesOther>
	<tw-gaap-ci:OtherLiabilitiesOther contextRef="AsOf20100331" decimals="-3" unitRef="TWD">231577000</tw-gaap-ci:OtherLiabilitiesOther>
	<tw-gaap-ci:OtherLiabilities contextRef="AsOf20110331" decimals="-3" unitRef="TWD">230245000</tw-gaap-ci:OtherLiabilities>
	<tw-gaap-ci:OtherLiabilities contextRef="AsOf20100331" decimals="-3" unitRef="TWD">276267000</tw-gaap-ci:OtherLiabilities>
	<tw-gaap-ci:Liabilities contextRef="AsOf20110331" decimals="-3" unitRef="TWD">9194119000</tw-gaap-ci:Liabilities>
	<tw-gaap-ci:Liabilities contextRef="AsOf20100331" decimals="-3" unitRef="TWD">8455322000</tw-gaap-ci:Liabilities>
	<tw-gaap-ci:CommonStock contextRef="AsOf20110331" decimals="-3" unitRef="TWD">12331937000</tw-gaap-ci:CommonStock>
	<tw-gaap-ci:CommonStock contextRef="AsOf20100331" decimals="-3" unitRef="TWD">12331937000</tw-gaap-ci:CommonStock>
	<tw-gaap-ci:Capital contextRef="AsOf20110331" decimals="-3" unitRef="TWD">12331937000</tw-gaap-ci:Capital>
	<tw-gaap-ci:Capital contextRef="AsOf20100331" decimals="-3" unitRef="TWD">12331937000</tw-gaap-ci:Capital>
	<tw-gaap-ci:CapitalSurplusAdditionalPaidCapital contextRef="AsOf20110331" decimals="-3" unitRef="TWD">9620914000</tw-gaap-ci:CapitalSurplusAdditionalPaidCapital>
	<tw-gaap-ci:CapitalSurplusAdditionalPaidCapital contextRef="AsOf20100331" decimals="-3" unitRef="TWD">9620914000</tw-gaap-ci:CapitalSurplusAdditionalPaidCapital>
	<tw-gaap-ci:CapitalSurplusTreasuryStockTransactions contextRef="AsOf20110331" decimals="-3" unitRef="TWD">104226000</tw-gaap-ci:CapitalSurplusTreasuryStockTransactions>
	<tw-gaap-ci:CapitalSurplusTreasuryStockTransactions contextRef="AsOf20100331" decimals="-3" unitRef="TWD">104226000</tw-gaap-ci:CapitalSurplusTreasuryStockTransactions>
	<tw-gaap-ci:CapitalSurplusLongTermEquityInvestments contextRef="AsOf20110331" decimals="-3" unitRef="TWD">17575000</tw-gaap-ci:CapitalSurplusLongTermEquityInvestments>
	<tw-gaap-ci:CapitalSurplusLongTermEquityInvestments contextRef="AsOf20100331" decimals="-3" unitRef="TWD">17575000</tw-gaap-ci:CapitalSurplusLongTermEquityInvestments>
	<tw-gaap-ci:CapitalSurplusEmployeeStockOption contextRef="AsOf20110331" decimals="-3" unitRef="TWD">73120000</tw-gaap-ci:CapitalSurplusEmployeeStockOption>
	<tw-gaap-ci:CapitalSurplusEmployeeStockOption contextRef="AsOf20100331" decimals="-3" unitRef="TWD">73120000</tw-gaap-ci:CapitalSurplusEmployeeStockOption>
	<tw-gaap-ci:CapitalSurplus contextRef="AsOf20110331" decimals="-3" unitRef="TWD">9815835000</tw-gaap-ci:CapitalSurplus>
	<tw-gaap-ci:CapitalSurplus contextRef="AsOf20100331" decimals="-3" unitRef="TWD">9815835000</tw-gaap-ci:CapitalSurplus>
	<tw-gaap-ci:LegalReserve contextRef="AsOf20110331" decimals="-3" unitRef="TWD">199784000</tw-gaap-ci:LegalReserve>
	<tw-gaap-ci:LegalReserve contextRef="AsOf20100331" decimals="-3" unitRef="TWD">117926000</tw-gaap-ci:LegalReserve>
	<tw-gaap-ci:SpecialReserve contextRef="AsOf20110331" decimals="-3" unitRef="TWD">130829000</tw-gaap-ci:SpecialReserve>
	<tw-gaap-ci:SpecialReserve contextRef="AsOf20100331" decimals="-3" unitRef="TWD">0</tw-gaap-ci:SpecialReserve>
	<tw-gaap-ci:PriorPeriodsAdjustments contextRef="AsOf20110331" decimals="-3" unitRef="TWD">165903000</tw-gaap-ci:PriorPeriodsAdjustments>
	<tw-gaap-ci:PriorPeriodsAdjustments contextRef="AsOf20100331" decimals="-3" unitRef="TWD">822434000</tw-gaap-ci:PriorPeriodsAdjustments>
	<tw-gaap-ci:CurrentProfitLoss contextRef="AsOf20110331" decimals="-3" unitRef="TWD">-72082000</tw-gaap-ci:CurrentProfitLoss>
	<tw-gaap-ci:CurrentProfitLoss contextRef="AsOf20100331" decimals="-3" unitRef="TWD">83148000</tw-gaap-ci:CurrentProfitLoss>
	<tw-gaap-ci:UnappropriatedRetainedEarnings contextRef="AsOf20110331" decimals="-3" unitRef="TWD">93821000</tw-gaap-ci:UnappropriatedRetainedEarnings>
	<tw-gaap-ci:UnappropriatedRetainedEarnings contextRef="AsOf20100331" decimals="-3" unitRef="TWD">905582000</tw-gaap-ci:UnappropriatedRetainedEarnings>
	<tw-gaap-ci:RetainedEarnings contextRef="AsOf20110331" decimals="-3" unitRef="TWD">424434000</tw-gaap-ci:RetainedEarnings>
	<tw-gaap-ci:RetainedEarnings contextRef="AsOf20100331" decimals="-3" unitRef="TWD">1023508000</tw-gaap-ci:RetainedEarnings>
	<tw-gaap-ci:CumulativeTranslationAdjustments contextRef="AsOf20110331" decimals="-3" unitRef="TWD">-926399000</tw-gaap-ci:CumulativeTranslationAdjustments>
	<tw-gaap-ci:CumulativeTranslationAdjustments contextRef="AsOf20100331" decimals="-3" unitRef="TWD">-185829000</tw-gaap-ci:CumulativeTranslationAdjustments>
	<tw-gaap-ci:UnrealizedGainsLossesFinancialInstruments contextRef="AsOf20110331" decimals="-3" unitRef="TWD">722000</tw-gaap-ci:UnrealizedGainsLossesFinancialInstruments>
	<tw-gaap-ci:UnrealizedGainsLossesFinancialInstruments contextRef="AsOf20100331" decimals="-3" unitRef="TWD">711000</tw-gaap-ci:UnrealizedGainsLossesFinancialInstruments>
	<tw-gaap-ci:TreasuryStock contextRef="AsOf20110331" decimals="-3" unitRef="TWD">777644000</tw-gaap-ci:TreasuryStock>
	<tw-gaap-ci:TreasuryStock contextRef="AsOf20100331" decimals="-3" unitRef="TWD">777644000</tw-gaap-ci:TreasuryStock>
	<tw-gaap-ci:StockholdersEquitiesAdjustments contextRef="AsOf20110331" decimals="-3" unitRef="TWD">-1703321000</tw-gaap-ci:StockholdersEquitiesAdjustments>
	<tw-gaap-ci:StockholdersEquitiesAdjustments contextRef="AsOf20100331" decimals="-3" unitRef="TWD">-962762000</tw-gaap-ci:StockholdersEquitiesAdjustments>
	<tw-gaap-ci:StockholdersEquities contextRef="AsOf20110331" decimals="-3" unitRef="TWD">20868885000</tw-gaap-ci:StockholdersEquities>
	<tw-gaap-ci:StockholdersEquities contextRef="AsOf20100331" decimals="-3" unitRef="TWD">22208518000</tw-gaap-ci:StockholdersEquities>
	<tw-gaap-ci:EquivalentSharesOutstandingAdvanceReceiptsCommonStock contextRef="AsOf20110331" decimals="0" unitRef="Shares">0</tw-gaap-ci:EquivalentSharesOutstandingAdvanceReceiptsCommonStock>
	<tw-gaap-ci:EquivalentSharesOutstandingAdvanceReceiptsCommonStock contextRef="AsOf20100331" decimals="0" unitRef="Shares">0</tw-gaap-ci:EquivalentSharesOutstandingAdvanceReceiptsCommonStock>
	<tw-gaap-ci:NumberTreasuryStockAcquiredCompanySubsidiaries contextRef="AsOf20110331" decimals="0" unitRef="Shares">50000000</tw-gaap-ci:NumberTreasuryStockAcquiredCompanySubsidiaries>
	<tw-gaap-ci:NumberTreasuryStockAcquiredCompanySubsidiaries contextRef="AsOf20100331" decimals="0" unitRef="Shares">50000000</tw-gaap-ci:NumberTreasuryStockAcquiredCompanySubsidiaries>
	<tw-gaap-ci:Sales contextRef="From20110101To20110331" decimals="-3" unitRef="TWD">14252101000</tw-gaap-ci:Sales>
	<tw-gaap-ci:Sales contextRef="From20100101To20100331" decimals="-3" unitRef="TWD">11140034000</tw-gaap-ci:Sales>
	<tw-gaap-ci:SalesReturns contextRef="From20110101To20110331" decimals="-3" unitRef="TWD">16795000</tw-gaap-ci:SalesReturns>
	<tw-gaap-ci:SalesReturns contextRef="From20100101To20100331" decimals="-3" unitRef="TWD">5073000</tw-gaap-ci:SalesReturns>
	<tw-gaap-ci:SalesDiscountsAllowances contextRef="From20110101To20110331" decimals="-3" unitRef="TWD">16362000</tw-gaap-ci:SalesDiscountsAllowances>
	<tw-gaap-ci:SalesDiscountsAllowances contextRef="From20100101To20100331" decimals="-3" unitRef="TWD">4246000</tw-gaap-ci:SalesDiscountsAllowances>
	<tw-gaap-ci:NetSales contextRef="From20110101To20110331" decimals="-3" unitRef="TWD">14218944000</tw-gaap-ci:NetSales>
	<tw-gaap-ci:NetSales contextRef="From20100101To20100331" decimals="-3" unitRef="TWD">11130715000</tw-gaap-ci:NetSales>
	<tw-gaap-ci:OperatingRevenue contextRef="From20110101To20110331" decimals="-3" unitRef="TWD">14218944000</tw-gaap-ci:OperatingRevenue>
	<tw-gaap-ci:OperatingRevenue contextRef="From20100101To20100331" decimals="-3" unitRef="TWD">11130715000</tw-gaap-ci:OperatingRevenue>
	<tw-gaap-ci:CostSales contextRef="From20110101To20110331" decimals="-3" unitRef="TWD">13628446000</tw-gaap-ci:CostSales>
	<tw-gaap-ci:CostSales contextRef="From20100101To20100331" decimals="-3" unitRef="TWD">10431636000</tw-gaap-ci:CostSales>
	<tw-gaap-ci:OperatingCosts contextRef="From20110101To20110331" decimals="-3" unitRef="TWD">13628446000</tw-gaap-ci:OperatingCosts>
	<tw-gaap-ci:OperatingCosts contextRef="From20100101To20100331" decimals="-3" unitRef="TWD">10431636000</tw-gaap-ci:OperatingCosts>
	<tw-gaap-ci:GrossProfitLossOperations contextRef="From20110101To20110331" decimals="-3" unitRef="TWD">590498000</tw-gaap-ci:GrossProfitLossOperations>
	<tw-gaap-ci:GrossProfitLossOperations contextRef="From20100101To20100331" decimals="-3" unitRef="TWD">699079000</tw-gaap-ci:GrossProfitLossOperations>
	<tw-gaap-ci:UnrealizedGainInterAffiliateAccounts contextRef="From20110101To20110331" decimals="-3" unitRef="TWD">7158000</tw-gaap-ci:UnrealizedGainInterAffiliateAccounts>
	<tw-gaap-ci:UnrealizedGainInterAffiliateAccounts contextRef="From20100101To20100331" decimals="-3" unitRef="TWD">0</tw-gaap-ci:UnrealizedGainInterAffiliateAccounts>
	<tw-gaap-ci:RealizedGainInterAffiliateAccounts contextRef="From20110101To20110331" decimals="-3" unitRef="TWD">0</tw-gaap-ci:RealizedGainInterAffiliateAccounts>
	<tw-gaap-ci:RealizedGainInterAffiliateAccounts contextRef="From20100101To20100331" decimals="-3" unitRef="TWD">69000</tw-gaap-ci:RealizedGainInterAffiliateAccounts>
	<tw-gaap-ci:Sellingexpense contextRef="From20110101To20110331" decimals="-3" unitRef="TWD">275190000</tw-gaap-ci:Sellingexpense>
	<tw-gaap-ci:Sellingexpense contextRef="From20100101To20100331" decimals="-3" unitRef="TWD">258545000</tw-gaap-ci:Sellingexpense>
	<tw-gaap-ci:GeneralAdministrativeExpenses contextRef="From20110101To20110331" decimals="-3" unitRef="TWD">160559000</tw-gaap-ci:GeneralAdministrativeExpenses>
	<tw-gaap-ci:GeneralAdministrativeExpenses contextRef="From20100101To20100331" decimals="-3" unitRef="TWD">143402000</tw-gaap-ci:GeneralAdministrativeExpenses>
	<tw-gaap-ci:ResearchDevelopmentExpenses contextRef="From20110101To20110331" decimals="-3" unitRef="TWD">238977000</tw-gaap-ci:ResearchDevelopmentExpenses>
	<tw-gaap-ci:ResearchDevelopmentExpenses contextRef="From20100101To20100331" decimals="-3" unitRef="TWD">228905000</tw-gaap-ci:ResearchDevelopmentExpenses>
	<tw-gaap-ci:OperatingExpenses contextRef="From20110101To20110331" decimals="-3" unitRef="TWD">674726000</tw-gaap-ci:OperatingExpenses>
	<tw-gaap-ci:OperatingExpenses contextRef="From20100101To20100331" decimals="-3" unitRef="TWD">630852000</tw-gaap-ci:OperatingExpenses>
	<tw-gaap-ci:OperatingIncomeLoss contextRef="From20110101To20110331" decimals="-3" unitRef="TWD">-91386000</tw-gaap-ci:OperatingIncomeLoss>
	<tw-gaap-ci:OperatingIncomeLoss contextRef="From20100101To20100331" decimals="-3" unitRef="TWD">68296000</tw-gaap-ci:OperatingIncomeLoss>
	<tw-gaap-ci:InterestIncome contextRef="From20110101To20110331" decimals="-3" unitRef="TWD">8429000</tw-gaap-ci:InterestIncome>
	<tw-gaap-ci:InterestIncome contextRef="From20100101To20100331" decimals="-3" unitRef="TWD">6322000</tw-gaap-ci:InterestIncome>
	<tw-gaap-ci:InvestmentGainsRecognizedEquityMethod contextRef="From20110101To20110331" decimals="-3" unitRef="TWD">0</tw-gaap-ci:InvestmentGainsRecognizedEquityMethod>
	<tw-gaap-ci:InvestmentGainsRecognizedEquityMethod contextRef="From20100101To20100331" decimals="-3" unitRef="TWD">1384000</tw-gaap-ci:InvestmentGainsRecognizedEquityMethod>
	<tw-gaap-ci:InvestmentGains contextRef="From20110101To20110331" decimals="-3" unitRef="TWD">0</tw-gaap-ci:InvestmentGains>
	<tw-gaap-ci:InvestmentGains contextRef="From20100101To20100331" decimals="-3" unitRef="TWD">1384000</tw-gaap-ci:InvestmentGains>
	<tw-gaap-ci:GainsDisposalFixedAssets contextRef="From20110101To20110331" decimals="-3" unitRef="TWD">80000</tw-gaap-ci:GainsDisposalFixedAssets>
	<tw-gaap-ci:GainsDisposalFixedAssets contextRef="From20100101To20100331" decimals="-3" unitRef="TWD">347000</tw-gaap-ci:GainsDisposalFixedAssets>
	<tw-gaap-ci:ForeignExchangeGains contextRef="From20110101To20110331" decimals="-3" unitRef="TWD">2220000</tw-gaap-ci:ForeignExchangeGains>
	<tw-gaap-ci:ForeignExchangeGains contextRef="From20100101To20100331" decimals="-3" unitRef="TWD">9591000</tw-gaap-ci:ForeignExchangeGains>
	<tw-gaap-ci:RentIncome contextRef="From20110101To20110331" decimals="-3" unitRef="TWD">5789000</tw-gaap-ci:RentIncome>
	<tw-gaap-ci:RentIncome contextRef="From20100101To20100331" decimals="-3" unitRef="TWD">5942000</tw-gaap-ci:RentIncome>
	<tw-gaap-ci:ReversalImpairmentLossAssets contextRef="From20110101To20110331" decimals="-3" unitRef="TWD">3104000</tw-gaap-ci:ReversalImpairmentLossAssets>
	<tw-gaap-ci:ReversalImpairmentLossAssets contextRef="From20100101To20100331" decimals="-3" unitRef="TWD">0</tw-gaap-ci:ReversalImpairmentLossAssets>
	<tw-gaap-ci:RevaluationGainFinancialAssets contextRef="From20110101To20110331" decimals="-3" unitRef="TWD">47118000</tw-gaap-ci:RevaluationGainFinancialAssets>
	<tw-gaap-ci:RevaluationGainFinancialAssets contextRef="From20100101To20100331" decimals="-3" unitRef="TWD">11877000</tw-gaap-ci:RevaluationGainFinancialAssets>
	<tw-gaap-ci:MiscellaneousIncome contextRef="From20110101To20110331" decimals="-3" unitRef="TWD">24837000</tw-gaap-ci:MiscellaneousIncome>
	<tw-gaap-ci:MiscellaneousIncome contextRef="From20100101To20100331" decimals="-3" unitRef="TWD">19348000</tw-gaap-ci:MiscellaneousIncome>
	<tw-gaap-ci:NonOperatingIncomeGains contextRef="From20110101To20110331" decimals="-3" unitRef="TWD">91577000</tw-gaap-ci:NonOperatingIncomeGains>
	<tw-gaap-ci:NonOperatingIncomeGains contextRef="From20100101To20100331" decimals="-3" unitRef="TWD">54811000</tw-gaap-ci:NonOperatingIncomeGains>
	<tw-gaap-ci:InterestExpense contextRef="From20110101To20110331" decimals="-3" unitRef="TWD">4551000</tw-gaap-ci:InterestExpense>
	<tw-gaap-ci:InterestExpense contextRef="From20100101To20100331" decimals="-3" unitRef="TWD">4456000</tw-gaap-ci:InterestExpense>
	<tw-gaap-ci:NonOperatingExpensesInvestmentLossRecognizedEquityMethod contextRef="From20110101To20110331" decimals="-3" unitRef="TWD">36681000</tw-gaap-ci:NonOperatingExpensesInvestmentLossRecognizedEquityMethod>
	<tw-gaap-ci:NonOperatingExpensesInvestmentLossRecognizedEquityMethod contextRef="From20100101To20100331" decimals="-3" unitRef="TWD">0</tw-gaap-ci:NonOperatingExpensesInvestmentLossRecognizedEquityMethod>
	<tw-gaap-ci:NonOperatingExpensesInvestmentLoss contextRef="From20110101To20110331" decimals="-3" unitRef="TWD">36681000</tw-gaap-ci:NonOperatingExpensesInvestmentLoss>
	<tw-gaap-ci:NonOperatingExpensesInvestmentLoss contextRef="From20100101To20100331" decimals="-3" unitRef="TWD">0</tw-gaap-ci:NonOperatingExpensesInvestmentLoss>
	<tw-gaap-ci:LossDisposalFixedAssets contextRef="From20110101To20110331" decimals="-3" unitRef="TWD">501000</tw-gaap-ci:LossDisposalFixedAssets>
	<tw-gaap-ci:LossDisposalFixedAssets contextRef="From20100101To20100331" decimals="-3" unitRef="TWD">10000</tw-gaap-ci:LossDisposalFixedAssets>
	<tw-gaap-ci:LossSaleInvestments contextRef="From20110101To20110331" decimals="-3" unitRef="TWD">1085000</tw-gaap-ci:LossSaleInvestments>
	<tw-gaap-ci:LossSaleInvestments contextRef="From20100101To20100331" decimals="-3" unitRef="TWD">0</tw-gaap-ci:LossSaleInvestments>
	<tw-gaap-ci:FinancialExpense contextRef="From20110101To20110331" decimals="-3" unitRef="TWD">0</tw-gaap-ci:FinancialExpense>
	<tw-gaap-ci:FinancialExpense contextRef="From20100101To20100331" decimals="-3" unitRef="TWD">766000</tw-gaap-ci:FinancialExpense>
	<tw-gaap-ci:RevaluationLossFinancialLiabilities contextRef="From20110101To20110331" decimals="-3" unitRef="TWD">25814000</tw-gaap-ci:RevaluationLossFinancialLiabilities>
	<tw-gaap-ci:RevaluationLossFinancialLiabilities contextRef="From20100101To20100331" decimals="-3" unitRef="TWD">0</tw-gaap-ci:RevaluationLossFinancialLiabilities>
	<tw-gaap-ci:MiscellaneousDisbursements contextRef="From20110101To20110331" decimals="-3" unitRef="TWD">5785000</tw-gaap-ci:MiscellaneousDisbursements>
	<tw-gaap-ci:MiscellaneousDisbursements contextRef="From20100101To20100331" decimals="-3" unitRef="TWD">1492000</tw-gaap-ci:MiscellaneousDisbursements>
	<tw-gaap-ci:NonOperatingExpenses contextRef="From20110101To20110331" decimals="-3" unitRef="TWD">74417000</tw-gaap-ci:NonOperatingExpenses>
	<tw-gaap-ci:NonOperatingExpenses contextRef="From20100101To20100331" decimals="-3" unitRef="TWD">6724000</tw-gaap-ci:NonOperatingExpenses>
	<tw-gaap-ci:IncomeContinuingOperationsBeforeIncomeTax contextRef="From20110101To20110331" decimals="-3" unitRef="TWD">-74226000</tw-gaap-ci:IncomeContinuingOperationsBeforeIncomeTax>
	<tw-gaap-ci:IncomeContinuingOperationsBeforeIncomeTax contextRef="From20100101To20100331" decimals="-3" unitRef="TWD">116383000</tw-gaap-ci:IncomeContinuingOperationsBeforeIncomeTax>
	<tw-gaap-ci:IncomeTaxExpenseBenefit contextRef="From20110101To20110331" decimals="-3" unitRef="TWD">-2144000</tw-gaap-ci:IncomeTaxExpenseBenefit>
	<tw-gaap-ci:IncomeTaxExpenseBenefit contextRef="From20100101To20100331" decimals="-3" unitRef="TWD">33235000</tw-gaap-ci:IncomeTaxExpenseBenefit>
	<tw-gaap-ci:IncomeContinuingOperations contextRef="From20110101To20110331" decimals="-3" unitRef="TWD">-72082000</tw-gaap-ci:IncomeContinuingOperations>
	<tw-gaap-ci:IncomeContinuingOperations contextRef="From20100101To20100331" decimals="-3" unitRef="TWD">83148000</tw-gaap-ci:IncomeContinuingOperations>
	<tw-gaap-ci:NetIncomeLoss contextRef="From20110101To20110331" decimals="-3" unitRef="TWD">-72082000</tw-gaap-ci:NetIncomeLoss>
	<tw-gaap-ci:NetIncomeLoss contextRef="From20100101To20100331" decimals="-3" unitRef="TWD">83148000</tw-gaap-ci:NetIncomeLoss>
	<tw-gaap-ci:PrimaryEarningsPerShare contextRef="From20110101To20110331" decimals="2" unitRef="TWD">-0.06</tw-gaap-ci:PrimaryEarningsPerShare>
	<tw-gaap-ci:PrimaryEarningsPerShare contextRef="From20100101To20100331" decimals="2" unitRef="TWD">0.07</tw-gaap-ci:PrimaryEarningsPerShare>
	<tw-gaap-ci:DilutedEarningsPerShare contextRef="From20110101To20110331" decimals="2" unitRef="TWD">-0.06</tw-gaap-ci:DilutedEarningsPerShare>
	<tw-gaap-ci:DilutedEarningsPerShare contextRef="From20100101To20100331" decimals="2" unitRef="TWD">0.07</tw-gaap-ci:DilutedEarningsPerShare>
	<tw-gaap-ci:NetIncomeLoss_StatementCashFlows contextRef="From20110101To20110331" decimals="-3" unitRef="TWD">-72082000</tw-gaap-ci:NetIncomeLoss_StatementCashFlows>
	<tw-gaap-ci:NetIncomeLoss_StatementCashFlows contextRef="From20100101To20100331" decimals="-3" unitRef="TWD">83148000</tw-gaap-ci:NetIncomeLoss_StatementCashFlows>
	<tw-gaap-ci:DepreciationExpense-Operating contextRef="From20110101To20110331" decimals="-3" unitRef="TWD">29260000</tw-gaap-ci:DepreciationExpense-Operating>
	<tw-gaap-ci:DepreciationExpense-Operating contextRef="From20100101To20100331" decimals="-3" unitRef="TWD">25963000</tw-gaap-ci:DepreciationExpense-Operating>
	<tw-gaap-ci:AmortizationExpense-Operating contextRef="From20110101To20110331" decimals="-3" unitRef="TWD">26771000</tw-gaap-ci:AmortizationExpense-Operating>
	<tw-gaap-ci:AmortizationExpense-Operating contextRef="From20100101To20100331" decimals="-3" unitRef="TWD">28350000</tw-gaap-ci:AmortizationExpense-Operating>
	<tw-gaap-ci:ProvisionTransferRevenueBadDebtsLosses contextRef="From20110101To20110331" decimals="-3" unitRef="TWD">1565000</tw-gaap-ci:ProvisionTransferRevenueBadDebtsLosses>
	<tw-gaap-ci:ProvisionTransferRevenueBadDebtsLosses contextRef="From20100101To20100331" decimals="-3" unitRef="TWD">-19161000</tw-gaap-ci:ProvisionTransferRevenueBadDebtsLosses>
	<tw-gaap-ci:ProvisionAllowanceSalesReturnsDiscountsAllowances contextRef="From20110101To20110331" decimals="-3" unitRef="TWD">5158000</tw-gaap-ci:ProvisionAllowanceSalesReturnsDiscountsAllowances>
	<tw-gaap-ci:ProvisionAllowanceSalesReturnsDiscountsAllowances contextRef="From20100101To20100331" decimals="-3" unitRef="TWD">-362000</tw-gaap-ci:ProvisionAllowanceSalesReturnsDiscountsAllowances>
	<tw-gaap-ci:GainLossInventoryValuationObsolescenceRecoverie contextRef="From20110101To20110331" decimals="-3" unitRef="TWD">-34461000</tw-gaap-ci:GainLossInventoryValuationObsolescenceRecoverie>
	<tw-gaap-ci:GainLossInventoryValuationObsolescenceRecoverie contextRef="From20100101To20100331" decimals="-3" unitRef="TWD">-3530000</tw-gaap-ci:GainLossInventoryValuationObsolescenceRecoverie>
	<tw-gaap-ci:InvestmentLossIncomeRecognizedEquityMethod contextRef="From20110101To20110331" decimals="-3" unitRef="TWD">36681000</tw-gaap-ci:InvestmentLossIncomeRecognizedEquityMethod>
	<tw-gaap-ci:InvestmentLossIncomeRecognizedEquityMethod contextRef="From20100101To20100331" decimals="-3" unitRef="TWD">-1384000</tw-gaap-ci:InvestmentLossIncomeRecognizedEquityMethod>
	<tw-gaap-ci:GainLossDisposalScrappingFixedAssets contextRef="From20110101To20110331" decimals="-3" unitRef="TWD">421000</tw-gaap-ci:GainLossDisposalScrappingFixedAssets>
	<tw-gaap-ci:GainLossDisposalScrappingFixedAssets contextRef="From20100101To20100331" decimals="-3" unitRef="TWD">-337000</tw-gaap-ci:GainLossDisposalScrappingFixedAssets>
	<tw-gaap-ci:GainsLossesSaleInvestments contextRef="From20110101To20110331" decimals="-3" unitRef="TWD">1085000</tw-gaap-ci:GainsLossesSaleInvestments>
	<tw-gaap-ci:GainsLossesSaleInvestments contextRef="From20100101To20100331" decimals="-3" unitRef="TWD">0</tw-gaap-ci:GainsLossesSaleInvestments>
	<tw-gaap-ci:UnrealizedRevaluationGainFinancialAssetsLiabilities contextRef="From20110101To20110331" decimals="-3" unitRef="TWD">-10766000</tw-gaap-ci:UnrealizedRevaluationGainFinancialAssetsLiabilities>
	<tw-gaap-ci:UnrealizedRevaluationGainFinancialAssetsLiabilities contextRef="From20100101To20100331" decimals="-3" unitRef="TWD">-5465000</tw-gaap-ci:UnrealizedRevaluationGainFinancialAssetsLiabilities>
	<tw-gaap-ci:ReversalImpairmentLossNonFinancialAssets contextRef="From20110101To20110331" decimals="-3" unitRef="TWD">-3104000</tw-gaap-ci:ReversalImpairmentLossNonFinancialAssets>
	<tw-gaap-ci:ReversalImpairmentLossNonFinancialAssets contextRef="From20100101To20100331" decimals="-3" unitRef="TWD">0</tw-gaap-ci:ReversalImpairmentLossNonFinancialAssets>
	<tw-gaap-ci:UnrealizedGainInteraffiliateAccounts_StatementCashFlows contextRef="From20110101To20110331" decimals="-3" unitRef="TWD">7158000</tw-gaap-ci:UnrealizedGainInteraffiliateAccounts_StatementCashFlows>
	<tw-gaap-ci:UnrealizedGainInteraffiliateAccounts_StatementCashFlows contextRef="From20100101To20100331" decimals="-3" unitRef="TWD">0</tw-gaap-ci:UnrealizedGainInteraffiliateAccounts_StatementCashFlows>
	<tw-gaap-ci:RealizedGainInteraffiliateAccounts_StatementCashFlows contextRef="From20110101To20110331" decimals="-3" unitRef="TWD">0</tw-gaap-ci:RealizedGainInteraffiliateAccounts_StatementCashFlows>
	<tw-gaap-ci:RealizedGainInteraffiliateAccounts_StatementCashFlows contextRef="From20100101To20100331" decimals="-3" unitRef="TWD">-69000</tw-gaap-ci:RealizedGainInteraffiliateAccounts_StatementCashFlows>
	<tw-gaap-ci:LossGainDeferredIncomeTax contextRef="From20110101To20110331" decimals="-3" unitRef="TWD">-2144000</tw-gaap-ci:LossGainDeferredIncomeTax>
	<tw-gaap-ci:LossGainDeferredIncomeTax contextRef="From20100101To20100331" decimals="-3" unitRef="TWD">32564000</tw-gaap-ci:LossGainDeferredIncomeTax>
	<tw-gaap-ci:AdjustmentsReconcileNetIncomeNetCashProvidedUsedOperatingActivities contextRef="From20110101To20110331" decimals="-3" unitRef="TWD">57624000</tw-gaap-ci:AdjustmentsReconcileNetIncomeNetCashProvidedUsedOperatingActivities>
	<tw-gaap-ci:AdjustmentsReconcileNetIncomeNetCashProvidedUsedOperatingActivities contextRef="From20100101To20100331" decimals="-3" unitRef="TWD">56569000</tw-gaap-ci:AdjustmentsReconcileNetIncomeNetCashProvidedUsedOperatingActivities>
	<tw-gaap-ci:ChangesNotesReceivable contextRef="From20110101To20110331" decimals="-3" unitRef="TWD">-206000</tw-gaap-ci:ChangesNotesReceivable>
	<tw-gaap-ci:ChangesNotesReceivable contextRef="From20100101To20100331" decimals="-3" unitRef="TWD">0</tw-gaap-ci:ChangesNotesReceivable>
	<tw-gaap-ci:ChangesAccountsReceivable contextRef="From20110101To20110331" decimals="-3" unitRef="TWD">-556086000</tw-gaap-ci:ChangesAccountsReceivable>
	<tw-gaap-ci:ChangesAccountsReceivable contextRef="From20100101To20100331" decimals="-3" unitRef="TWD">1900124000</tw-gaap-ci:ChangesAccountsReceivable>
	<tw-gaap-ci:ChangesOtherReceivables contextRef="From20110101To20110331" decimals="-3" unitRef="TWD">-122917000</tw-gaap-ci:ChangesOtherReceivables>
	<tw-gaap-ci:ChangesOtherReceivables contextRef="From20100101To20100331" decimals="-3" unitRef="TWD">16755000</tw-gaap-ci:ChangesOtherReceivables>
	<tw-gaap-ci:ChangesInventories contextRef="From20110101To20110331" decimals="-3" unitRef="TWD">-401962000</tw-gaap-ci:ChangesInventories>
	<tw-gaap-ci:ChangesInventories contextRef="From20100101To20100331" decimals="-3" unitRef="TWD">-114215000</tw-gaap-ci:ChangesInventories>
	<tw-gaap-ci:ChangesOtherPrepayments contextRef="From20110101To20110331" decimals="-3" unitRef="TWD">-9712000</tw-gaap-ci:ChangesOtherPrepayments>
	<tw-gaap-ci:ChangesOtherPrepayments contextRef="From20100101To20100331" decimals="-3" unitRef="TWD">-25743000</tw-gaap-ci:ChangesOtherPrepayments>
	<tw-gaap-ci:ChangesOtherCurrentAssets_CI contextRef="From20110101To20110331" decimals="-3" unitRef="TWD">-1199000</tw-gaap-ci:ChangesOtherCurrentAssets_CI>
	<tw-gaap-ci:ChangesOtherCurrentAssets_CI contextRef="From20100101To20100331" decimals="-3" unitRef="TWD">5193000</tw-gaap-ci:ChangesOtherCurrentAssets_CI>
	<tw-gaap-ci:ChangesOtherOperatingAssets contextRef="From20110101To20110331" decimals="-3" unitRef="TWD">0</tw-gaap-ci:ChangesOtherOperatingAssets>
	<tw-gaap-ci:ChangesOtherOperatingAssets contextRef="From20100101To20100331" decimals="-3" unitRef="TWD">53000</tw-gaap-ci:ChangesOtherOperatingAssets>
	<tw-gaap-ci:ChangesOperatingAssets contextRef="From20110101To20110331" decimals="-3" unitRef="TWD">-1092082000</tw-gaap-ci:ChangesOperatingAssets>
	<tw-gaap-ci:ChangesOperatingAssets contextRef="From20100101To20100331" decimals="-3" unitRef="TWD">1782167000</tw-gaap-ci:ChangesOperatingAssets>
	<tw-gaap-ci:ChangesAccountsPayable contextRef="From20110101To20110331" decimals="-3" unitRef="TWD">97324000</tw-gaap-ci:ChangesAccountsPayable>
	<tw-gaap-ci:ChangesAccountsPayable contextRef="From20100101To20100331" decimals="-3" unitRef="TWD">-1287833000</tw-gaap-ci:ChangesAccountsPayable>
	<tw-gaap-ci:ChangesIncomeTaxPayable contextRef="From20110101To20110331" decimals="-3" unitRef="TWD">0</tw-gaap-ci:ChangesIncomeTaxPayable>
	<tw-gaap-ci:ChangesIncomeTaxPayable contextRef="From20100101To20100331" decimals="-3" unitRef="TWD">91000</tw-gaap-ci:ChangesIncomeTaxPayable>
	<tw-gaap-ci:ChangesAccruedExpenses contextRef="From20110101To20110331" decimals="-3" unitRef="TWD">-157448000</tw-gaap-ci:ChangesAccruedExpenses>
	<tw-gaap-ci:ChangesAccruedExpenses contextRef="From20100101To20100331" decimals="-3" unitRef="TWD">-193347000</tw-gaap-ci:ChangesAccruedExpenses>
	<tw-gaap-ci:ChangesOtherCurrentLiabilities_CI contextRef="From20110101To20110331" decimals="-3" unitRef="TWD">103921000</tw-gaap-ci:ChangesOtherCurrentLiabilities_CI>
	<tw-gaap-ci:ChangesOtherCurrentLiabilities_CI contextRef="From20100101To20100331" decimals="-3" unitRef="TWD">-171134000</tw-gaap-ci:ChangesOtherCurrentLiabilities_CI>
	<tw-gaap-ci:ChangesAccruedPensionLiabilities contextRef="From20110101To20110331" decimals="-3" unitRef="TWD">-960000</tw-gaap-ci:ChangesAccruedPensionLiabilities>
	<tw-gaap-ci:ChangesAccruedPensionLiabilities contextRef="From20100101To20100331" decimals="-3" unitRef="TWD">-881000</tw-gaap-ci:ChangesAccruedPensionLiabilities>
	<tw-gaap-ci:ChangesOtherOperatingLiabilities contextRef="From20110101To20110331" decimals="-3" unitRef="TWD">0</tw-gaap-ci:ChangesOtherOperatingLiabilities>
	<tw-gaap-ci:ChangesOtherOperatingLiabilities contextRef="From20100101To20100331" decimals="-3" unitRef="TWD">-9498000</tw-gaap-ci:ChangesOtherOperatingLiabilities>
	<tw-gaap-ci:ChangesOperatingLiabilities contextRef="From20110101To20110331" decimals="-3" unitRef="TWD">42837000</tw-gaap-ci:ChangesOperatingLiabilities>
	<tw-gaap-ci:ChangesOperatingLiabilities contextRef="From20100101To20100331" decimals="-3" unitRef="TWD">-1662602000</tw-gaap-ci:ChangesOperatingLiabilities>
	<tw-gaap-ci:ChangesOperatingAssetsLiabilities contextRef="From20110101To20110331" decimals="-3" unitRef="TWD">-1049245000</tw-gaap-ci:ChangesOperatingAssetsLiabilities>
	<tw-gaap-ci:ChangesOperatingAssetsLiabilities contextRef="From20100101To20100331" decimals="-3" unitRef="TWD">119565000</tw-gaap-ci:ChangesOperatingAssetsLiabilities>
	<tw-gaap-ci:NetCashProvidedUsedOperatingActivities contextRef="From20110101To20110331" decimals="-3" unitRef="TWD">-1063703000</tw-gaap-ci:NetCashProvidedUsedOperatingActivities>
	<tw-gaap-ci:NetCashProvidedUsedOperatingActivities contextRef="From20100101To20100331" decimals="-3" unitRef="TWD">259282000</tw-gaap-ci:NetCashProvidedUsedOperatingActivities>
	<tw-gaap-ci:AcquisitionFinancialAssetsFairValueProfitLoss contextRef="From20110101To20110331" decimals="-3" unitRef="TWD">-255000000</tw-gaap-ci:AcquisitionFinancialAssetsFairValueProfitLoss>
	<tw-gaap-ci:AcquisitionFinancialAssetsFairValueProfitLoss contextRef="From20100101To20100331" decimals="-3" unitRef="TWD">-2670000000</tw-gaap-ci:AcquisitionFinancialAssetsFairValueProfitLoss>
	<tw-gaap-ci:ProceedsDisposalFinancialAssetsDesignatedFairValueProfitLoss contextRef="From20110101To20110331" decimals="-3" unitRef="TWD">240314000</tw-gaap-ci:ProceedsDisposalFinancialAssetsDesignatedFairValueProfitLoss>
	<tw-gaap-ci:ProceedsDisposalFinancialAssetsDesignatedFairValueProfitLoss contextRef="From20100101To20100331" decimals="-3" unitRef="TWD">2369577000</tw-gaap-ci:ProceedsDisposalFinancialAssetsDesignatedFairValueProfitLoss>
	<tw-gaap-ci:AcquisitionInvestmentsAccountedEquityMethod contextRef="From20110101To20110331" decimals="-3" unitRef="TWD">-58920000</tw-gaap-ci:AcquisitionInvestmentsAccountedEquityMethod>
	<tw-gaap-ci:AcquisitionInvestmentsAccountedEquityMethod contextRef="From20100101To20100331" decimals="-3" unitRef="TWD">-381780000</tw-gaap-ci:AcquisitionInvestmentsAccountedEquityMethod>
	<tw-gaap-ci:ProceedsDisposalInvestmentsAccountedEquityMethod contextRef="From20110101To20110331" decimals="-3" unitRef="TWD">5270000</tw-gaap-ci:ProceedsDisposalInvestmentsAccountedEquityMethod>
	<tw-gaap-ci:ProceedsDisposalInvestmentsAccountedEquityMethod contextRef="From20100101To20100331" decimals="-3" unitRef="TWD">0</tw-gaap-ci:ProceedsDisposalInvestmentsAccountedEquityMethod>
	<tw-gaap-ci:AcquisitionPropertyPlantEquipment contextRef="From20110101To20110331" decimals="-3" unitRef="TWD">-488000</tw-gaap-ci:AcquisitionPropertyPlantEquipment>
	<tw-gaap-ci:AcquisitionPropertyPlantEquipment contextRef="From20100101To20100331" decimals="-3" unitRef="TWD">-4583000</tw-gaap-ci:AcquisitionPropertyPlantEquipment>
	<tw-gaap-ci:ProceedsDisposalPropertyPlantEquipment contextRef="From20110101To20110331" decimals="-3" unitRef="TWD">396000</tw-gaap-ci:ProceedsDisposalPropertyPlantEquipment>
	<tw-gaap-ci:ProceedsDisposalPropertyPlantEquipment contextRef="From20100101To20100331" decimals="-3" unitRef="TWD">3281000</tw-gaap-ci:ProceedsDisposalPropertyPlantEquipment>
	<tw-gaap-ci:ChangesRefundableDeposits contextRef="From20110101To20110331" decimals="-3" unitRef="TWD">253000</tw-gaap-ci:ChangesRefundableDeposits>
	<tw-gaap-ci:ChangesRefundableDeposits contextRef="From20100101To20100331" decimals="-3" unitRef="TWD">9000</tw-gaap-ci:ChangesRefundableDeposits>
	<tw-gaap-ci:IncreaseDeferredCharges contextRef="From20110101To20110331" decimals="-3" unitRef="TWD">-5770000</tw-gaap-ci:IncreaseDeferredCharges>
	<tw-gaap-ci:IncreaseDeferredCharges contextRef="From20100101To20100331" decimals="-3" unitRef="TWD">-6085000</tw-gaap-ci:IncreaseDeferredCharges>
	<tw-gaap-ci:ChangesRestrictedAssets contextRef="From20110101To20110331" decimals="-3" unitRef="TWD">-10000</tw-gaap-ci:ChangesRestrictedAssets>
	<tw-gaap-ci:ChangesRestrictedAssets contextRef="From20100101To20100331" decimals="-3" unitRef="TWD">-8000</tw-gaap-ci:ChangesRestrictedAssets>
	<tw-gaap-ci:NetCashProvidedUsedInvestingActivities contextRef="From20110101To20110331" decimals="-3" unitRef="TWD">-73955000</tw-gaap-ci:NetCashProvidedUsedInvestingActivities>
	<tw-gaap-ci:NetCashProvidedUsedInvestingActivities contextRef="From20100101To20100331" decimals="-3" unitRef="TWD">-689589000</tw-gaap-ci:NetCashProvidedUsedInvestingActivities>
	<tw-gaap-ci:ChangesShortTermLoans contextRef="From20110101To20110331" decimals="-3" unitRef="TWD">-508950000</tw-gaap-ci:ChangesShortTermLoans>
	<tw-gaap-ci:ChangesShortTermLoans contextRef="From20100101To20100331" decimals="-3" unitRef="TWD">-257121000</tw-gaap-ci:ChangesShortTermLoans>
	<tw-gaap-ci:ProceedsLongTermDebt contextRef="From20110101To20110331" decimals="-3" unitRef="TWD">1470000000</tw-gaap-ci:ProceedsLongTermDebt>
	<tw-gaap-ci:ProceedsLongTermDebt contextRef="From20100101To20100331" decimals="-3" unitRef="TWD">0</tw-gaap-ci:ProceedsLongTermDebt>
	<tw-gaap-ci:RepaymentLongTermDebt contextRef="From20110101To20110331" decimals="-3" unitRef="TWD">0</tw-gaap-ci:RepaymentLongTermDebt>
	<tw-gaap-ci:RepaymentLongTermDebt contextRef="From20100101To20100331" decimals="-3" unitRef="TWD">-138620000</tw-gaap-ci:RepaymentLongTermDebt>
	<tw-gaap-ci:ChangesGuaranteeDepositsReceived contextRef="From20110101To20110331" decimals="-3" unitRef="TWD">-1295000</tw-gaap-ci:ChangesGuaranteeDepositsReceived>
	<tw-gaap-ci:ChangesGuaranteeDepositsReceived contextRef="From20100101To20100331" decimals="-3" unitRef="TWD">-136000</tw-gaap-ci:ChangesGuaranteeDepositsReceived>
	<tw-gaap-ci:NetCashProvidedUsedFinancingActivities contextRef="From20110101To20110331" decimals="-3" unitRef="TWD">959755000</tw-gaap-ci:NetCashProvidedUsedFinancingActivities>
	<tw-gaap-ci:NetCashProvidedUsedFinancingActivities contextRef="From20100101To20100331" decimals="-3" unitRef="TWD">-395877000</tw-gaap-ci:NetCashProvidedUsedFinancingActivities>
	<tw-gaap-ci:NetChangesCashCashEquivalents contextRef="From20110101To20110331" decimals="-3" unitRef="TWD">-177903000</tw-gaap-ci:NetChangesCashCashEquivalents>
	<tw-gaap-ci:NetChangesCashCashEquivalents contextRef="From20100101To20100331" decimals="-3" unitRef="TWD">-826184000</tw-gaap-ci:NetChangesCashCashEquivalents>
	<tw-gaap-ci:CashCashEquivalents contextRef="AsOf20110101" decimals="-3" unitRef="TWD">4754481000</tw-gaap-ci:CashCashEquivalents>
	<tw-gaap-ci:CashCashEquivalents contextRef="AsOf20100101" decimals="-3" unitRef="TWD">5545154000</tw-gaap-ci:CashCashEquivalents>
	<tw-gaap-ci:InterestPaid contextRef="From20110101To20110331" decimals="-3" unitRef="TWD">4329000</tw-gaap-ci:InterestPaid>
	<tw-gaap-ci:InterestPaid contextRef="From20100101To20100331" decimals="-3" unitRef="TWD">4476000</tw-gaap-ci:InterestPaid>
	<tw-gaap-ci:InterestPaidExcludingCapitalizedInterest contextRef="From20110101To20110331" decimals="-3" unitRef="TWD">4329000</tw-gaap-ci:InterestPaidExcludingCapitalizedInterest>
	<tw-gaap-ci:InterestPaidExcludingCapitalizedInterest contextRef="From20100101To20100331" decimals="-3" unitRef="TWD">4476000</tw-gaap-ci:InterestPaidExcludingCapitalizedInterest>
	<tw-gaap-ci:IncomeTaxPaid contextRef="From20110101To20110331" decimals="-3" unitRef="TWD">872000</tw-gaap-ci:IncomeTaxPaid>
	<tw-gaap-ci:IncomeTaxPaid contextRef="From20100101To20100331" decimals="-3" unitRef="TWD">580000</tw-gaap-ci:IncomeTaxPaid>
	<tw-gaap-ar:AccountantName contextRef="AsOf20110420">勤業眾信聯合會計師事務所</tw-gaap-ar:AccountantName>
	<tw-gaap-ar:AssuranceAccountantName1 contextRef="AsOf20110420">韋亮發</tw-gaap-ar:AssuranceAccountantName1>
	<tw-gaap-ar:AssuranceAccountantName2 contextRef="AsOf20110420">郭政弘</tw-gaap-ar:AssuranceAccountantName2>
	<tw-gaap-ar:ReviewAuditDate contextRef="AsOf20110420">2011-04-20</tw-gaap-ar:ReviewAuditDate>
	<tw-gaap-ar:ReviewReport contextRef="AsOf20110420">Y</tw-gaap-ar:ReviewReport>
	<tw-gaap-ar:QualifiedOpinionAbstract contextRef="AsOf20110420">Y</tw-gaap-ar:QualifiedOpinionAbstract>
	<tw-gaap-ar:ByInvestmentCompaniesWithoutAccountantAuditReportRecognizedGainLoss contextRef="AsOf20110420">Y</tw-gaap-ar:ByInvestmentCompaniesWithoutAccountantAuditReportRecognizedGainLoss>
	<tw-gaap-ar:DescriptionEmphasizeItemBody contextRef="AsOf20110420"><![CDATA[]]></tw-gaap-ar:DescriptionEmphasizeItemBody>
	<tw-gaap-ar:DescriptionOtherItemBody contextRef="AsOf20110420"><![CDATA[]]></tw-gaap-ar:DescriptionOtherItemBody>
	<tw-gaap-ar:AccountantsReportBody contextRef="AsOf20110420"><![CDATA[會計師核閱報告 

精英電腦股份有限公司　公鑒：

　　精英電腦股份有限公司民國一○○年及九十九年三月三十一日之資產負
債表，暨民國一○○年及九十九年一月一日至三月三十一日之損益表及現金
流量表，業經本會計師核閱竣事。上開財務報表之編製係管理階層之責任，
本會計師之責任則為根據核閱結果出具報告。
　　除下段所述者外，本會計師係依照審計準則公報第三十六號「財務報表
之核閱」規劃並執行核閱工作。由於本會計師僅實施分析、比較與查詢，並
未依照一般公認審計準則查核，因是無法對上開財務報表之整體表示查核意
見。
　　如財務報表附註九所述，精英電腦股份有限公司民國一○○年及九十九
年三月三十一日採權益法評價之長期股權投資餘額分別計新台幣（以下同）
9,543,997仟元及10,661,273仟元、長期股權投資貸餘轉列應收關係人款或其
他應收關係人款減項分別計70,737仟元及68,570仟元、長期股權投資貸餘分
別計172,114仟元及176,891仟元，及其第一季之投資損益淨額分別計損失
36,681仟元及利益1,384仟元，暨財務報表附註二九附註揭露事項所述轉投資
事業之相關資訊，係依據被投資公司同期間未經會計師核閱之財務報表計算
或揭露。
　　依本會計師核閱結果，除上段所述按權益法計價之長期股權投資及其有
關投資損益暨轉投資事業之相關資訊，係依據未經會計師核閱之財務報表認
列與揭露，倘該等財務報表經會計師核閱而有所調整時，對於民國一○○及
九十九年第一季財務報表之可能影響外，並未發現第一段所述財務報表在所
有重大方面有違反證券發行人財務報告編製準則、商業會計法及商業會計處
理準則中與財務會計準則相關之規定暨一般公認會計原則而須修正之情事。
　　





勤業眾信聯合會計師事務所
會 計 師韋亮發　　　　　　　　　　　　　　會 計 師郭政弘



財政部證券暨期貨管理委員會核准文號　　　　財政部證券暨期貨管理委員會核准文號
　台財證六字第0920123784號　　　　　　　　　台財證六字第0920123784號




中　　華　　民　　國　一ＯＯ　年　　四　　月　　二十　　日


]]></tw-gaap-ar:AccountantsReportBody>
	<tw-gaap-notes:FinancialReportNotes contextRef="From20110101To20110331"><![CDATA[http://doc.twse.com.tw/server-java/t57sb01?step=1&colorchg=1&co_id=2331&year=100&seamon=1&mtype=A&]]></tw-gaap-notes:FinancialReportNotes>
	<tw-gaap-notes:OrganizationAndOperations contextRef="From20110101To20110331"><![CDATA[本公司於七十六年五月成立、同年六月開始營業。主要業
務為個人電腦主機板、桌上型電腦、筆記型電腦、系統及控制
介面卡等產品之產銷。本公司於九十年度以吸收合併方式合併
致勝科技股份有限公司，並於九十五年度受讓大同股份有限公
司桌上型電腦事業部門及發行新股合併志合電腦股份有限公
司。本公司負責產品之研發與銷售，轉投資公司之工廠負責製
造生產。
    本公司股票於台灣證券交易所上市買賣。
　　本公司於一○○年及九十九年三月三十一日，員工人數分
別為1,148人及1,239人。
]]></tw-gaap-notes:OrganizationAndOperations>
	<tw-gaap-notes:SummaryOfSignificantAccountingPolicies contextRef="From20110101To20110331"><![CDATA[本財務報表係依照證券發行人財務報告編製準則、商業會
計法、商業會計處理準則及一般公認會計原則編製。依照前述
準則、法令及原則編製財務報表時，本公司對於備抵呆帳、備
抵銷貨退回及折讓、存貨跌價損失、固定資產折舊、出租資產
折舊、閒置資產折舊、所得稅、資產減損、遞延所得稅資產備
抵評價金額、遞延費用攤銷、退休金、產品保固責任、未決訟
案損失以及員工分紅及董監酬勞費用等之提列，必須使用合理
之估計金額，因估計涉及判斷，實際結果可能有所差異。
　　重要會計政策彙總說明如下：
資產與負債區分流動與非流動之標準
　　流動資產包括現金以及主要為交易目的而持有之資產或
預期於資產負債表日後一年內變現之資產；固定資產、無形資
產及其他不屬於流動資產之資產為非流動資產。流動負債包括
主要為交易目的而發生之負債，以及須於資產負債表日後一年
內清償之負債，負債不屬於流動負債者為非流動負債。
公平價值變動列入損益之金融商品
　　公平價值變動列入損益之金融商品包括交易目的之金融
資產或金融負債，以及於原始認列時，指定以公平價值衡量且
公平價值變動認列為損益之金融資產或金融負債。本公司成為
金融商品合約之一方時，認列金融資產或金融負債；於合約權
利喪失控制時，除列金融資產；於合約規定之義務解除、取消
或到期而使金融負債消滅時，除列金融負債。
　　原始認列時，係以公平價值加計交易成本衡量，續後評價
時，係以公平價值衡量且公平價值變動認列為當期損益。投資
後所收到之現金股利（含投資年度收到者）列為當期收益。金
融商品除列時，出售所得價款或支付金額與帳面價值之差額，
計入當期損益。依交易慣例購買或出售金融資產時，採用交易
日會計處理。
　　衍生性商品未能符合避險會計者，係分類為交易目的之金
融資產或金融負債。公平價值為正值時，列為金融資產；公平
價值為負值時，列為金融負債。
　　公平價值之基礎：上市（櫃）證券係資產負債表日之收盤
價，開放型基金受益憑證係資產負債表日之淨資產價值，債券
係財團法人中華民國證券櫃檯買賣中心資產負債表日之參考
價；無活絡市場之金融商品，以評價方法估計公平價值。
收入認列及應收帳款、備抵呆帳
　　本公司係於貨物之所有權及顯著風險移轉予客戶時認列
銷貨收入，因其獲利過程大部分已完成，且已實現或可實現；
去料加工時，加工產品之所有權及顯著風險並未移轉，是以去
料時不作銷貨處理。備抵銷貨折讓係按估計可能發生之折讓提
列。備抵銷貨退回係依據以往經驗及其他攸關因素合理估計未
來之退貨金額提列。 
　　銷貨收入係按本公司與買方所協議交易對價（考量商業折
扣及數量折扣後）之公平價值衡量；惟銷貨收入之對價為一年
期以內之應收款時，其公平價值與到期值差異不大且交易量頻
繁，則不按設算利率計算公平價值。
　　備抵呆帳係按應收款項之收回可能性評估提列。本公司係
依據對客戶之應收帳款帳齡分析及抵押品價值等因素，定期評
估應收帳款之收回可能性。
存　　貨
　　存貨包括原料、物料、製成品及在製品。存貨係以成本與
淨變現價值孰低計價，比較成本與淨變現價值時除同類別存貨
外係以個別項目為基礎。淨變現價值係指在正常情況下之估計
售價減除至完工尚需投入之成本及銷售費用後之餘額。存貨成
本之計算採用加權平均法。
以成本衡量之金融資產
　　無法可靠衡量公平價值之權益商品投資，包括未上市（櫃）
股票及興櫃股票等，以原始認列之成本衡量。現金股利於除息
日認列收益，但依據投資前淨利宣告之部分，係自投資成本減
除。股票股利不列為投資收益，僅註記股數增加，並按增加後
之總股數重新計算每股成本。若有減損之客觀證據，則認列減
損損失，此減損金額不予迴轉。
採權益法之長期股權投資
　　本公司對被投資公司持有表決權股份達百分之二十以上
或具有重大影響力者，採用權益法評價。
　　取得股權或首次採用權益法時，先將投資成本予以分析處
理，投資成本超過可辨認淨資產公平價值部分列為商譽，商譽
不予攤銷。
　　本公司與採權益法被投資公司順流交易所產生之利益，按
持股比例予以消除；惟如本公司對該被投資公司有控制能力，
則予全部消除。本公司與採權益法之被投資公司逆流交易所產
生之利益，按持股比例予以消除。
　　被投資公司發行新股時，若未按持股比例認購，致使持股
比例發生變動，並因而使投資之股權淨值發生增減時，其增減
數調整資本公積及長期投資；前項調整如應借記資本公積，而
長期投資所產生之資本公積餘額不足時，其差額借記保留盈
餘。
　　本公司對具有重大影響力之被投資公司，因認列其虧損致
使對該被投資公司之長期股權投資及墊款帳面餘額為負數
時，除本公司意圖繼續支持，或該被投資公司之虧損係屬短期
性質，有充分證據顯示將於未來短期內回復獲利之營運外，其
投資損失之認列以使對該公司投資及墊款之帳面餘額降至零
為限。
　　本公司對於已達控制能力之被投資公司（子公司），若因
認列其虧損致使對該被投資公司（子公司）之長期投資帳面餘
額為負數時，除被投資公司（子公司）之其他股東有義務並能
夠提出額外資金承擔其損失者外，本公司全額吸收超過該被投
資公司（子公司）股東原有權益之損失金額，若該被投資公司
（子公司）日後獲利，則該利益先歸屬至本公司，直至原多承
擔之損失完全回復為止。
固定資產
　　固定資產以成本減累計折舊及累計減損計價。固定資產購
建期間為該項資產所支出款項而負擔之利息，予以資本化列為
固定資產之成本。重大之更新及改良作為資本支出；修理及維
護支出則作為當期費用。
　　折舊採用直線法按下列耐用年限計提：建築及改良物，八
至五十年；機器設備，三至十五年；運輸設備，五年；其他設
備，三至十五年。耐用年限屆滿仍繼續使用之固定資產，則就
其殘值按重新估計可使用年數繼續提列折舊。
　　固定資產出售或報廢時，其相關成本、累計折舊及累計減
損均自帳上減除。處分固定資產之利益或損失，列為當期之營
業外利益或損失。
無形資產
　　無形資產以取得成本為入帳基礎，採用直線法依其耐用年
限分期攤銷。專利權按五年、商標權按十年，以直線法攤銷。
本公司因併購所產生之商譽每年定期進行減損測試。
出租資產及閒置資產
　　出租資產及閒置資產以成本減累計折舊及累計減損為帳
面價值，其折舊係以直線法按八至五十年計提。
遞延費用
　　遞延費用以取得成本為入帳基礎，採用直線法以其耐用年
限按二至五年攤銷。
資產減損
　　倘資產（主要為採權益法之長期股權投資、固定資產、無
形資產、出租資產、閒置資產與遞延費用）以其相關可回收金
額衡量帳面價值有重大減損時，就其減損部分認列損失。嗣後
若資產可回收金額增加時，將減損損失之迴轉認列為利益，惟
資產於減損損失迴轉後之帳面價值，不得超過該項資產在未認
列減損損失之情況下，減除應提列攤銷後之帳面價值。
　　進行減損測試時，商譽係分攤到本公司預計能享受合併綜
效之各相關現金產生單位。商譽所屬現金產生單位除有跡象顯
示可能減損外，每年應藉由各單位帳面價值（包含商譽）與其
可回收金額之比較，進行各單位之減損測試。各單位之可回收
金額若低於其帳面價值，減損損失先就已分攤至該現金產生單
位之商譽，減少其帳面價值。次就其餘減損損失再依現金產生
單位中各資產帳面價值等比例分攤至各資產。已認列之商譽減
損損失不得迴轉。
　　對僅具重大影響力而未具控制能力之長期股權投資，則以
個別長期股權投資帳面價值（含商譽）為基礎，比較個別投資
之可回收金額與帳面價值以計算該投資之減損損失；對具控制
能力之長期股權投資，係以合併財務報表整體考量現金產生單
位，予以評估。
員工認股權
　　發行酬勞性員工認股權，其給與日於九十七年一月一日
（含）以後者，係依照財務會計準則公報第三十九號「股份基
礎給付之會計處理準則」處理。按預期既得認股權之最佳估計
數量及給與日公平價值計算之認股權價值，於既得期間以直線
法認列為當期費用，並同時調整資本公積—員工認股權。後續
資訊顯示預期既得之認股權數量與估計不同時，則修正原估計
數。
　　發行酬勞性員工認股權憑證，其給與日於九十三年一月一
日至九十六年十二月三十一日間者，係適用財團法人中華民國
會計研究發展基金會解釋函相關規定，本公司選擇採用內含價
值法處理，酬勞成本於符合認股權計畫所規定之員工服務年限
內逐期認列為費用。
退休金
　　屬確定給付退休辦法之退休金係按精算結果認列；屬確定
提撥退休辦法之退休金，係於員工提供服務之期間，將應提撥
之退休金數額認列為當期費用。
　　確定給付退休辦法發生縮減或清償時，將縮減或清償損益
列入當期之淨退休金成本。
庫藏股票
　　本公司買回已發行股票作為庫藏股股票時，將所支付之成
本借記庫藏股票，列為股東權益之減項。
所得稅
　　所得稅作跨期間之分攤，亦即將可減除暫時性差異、虧損
扣抵及未使用投資抵減之所得稅影響數認列為遞延所得稅資
產，並評估其可實現性，認列備抵評價金額；應課稅暫時性差
異之所得稅影響數則認列為遞延所得稅負債。遞延所得稅資產
或負債依其相關資產或負債之分類劃分為流動或非流動項
目，無相關之資產或負債者，依預期迴轉期間劃分為流動或非
流動項目。
　　投資國外子公司之長期股權投資帳面價值與課稅基礎之
暫時性差異，如本公司可控制暫時性差異回轉之時間，且於可
預見之未來不會回轉，其實質上係長久存在者，則不予以認列
相關遞延所得稅負債或資產。
    以前年度應付所得稅之調整，列入當期所得稅。
　　依所得稅法規定計算之未分配盈餘加徵百分之十所得稅
列為股東會決議年度之所得稅費用。

外幣交易
　　非衍生性商品之外幣交易所產生之各項外幣資產、負債、
收入或費用，按交易日之即期匯率折算新台幣金額入帳。外幣
資產及負債實際收付結清時所產生之兌換差額，作為當期損
益。
　　資產負債表日之外幣貨幣性資產或負債，按該日即期匯率
予以調整，兌換差額列為當期損益。
　　資產負債表日之外幣非貨幣性資產或負債（例如權益商
品），依公平價值衡量者，按該日即期匯率調整，所產生之兌
換差額，列為當期損益。以成本衡量者，則按交易日之歷史匯
率衡量。
　　外幣長期股權投資按權益法計價者，以被投資公司之外幣
財務報表換算後所得之股東權益做為依據，兌換差額列入累積
換算調整數，作為股東權益之調整項目。
]]></tw-gaap-notes:SummaryOfSignificantAccountingPolicies>
	<tw-gaap-notes:ChangesInAccountingPrinciples contextRef="From20110101To20110331"><![CDATA[（一）金融商品之會計處理
      本公司自一○○年一月一日起採用新修訂之財務會計準
則公報第三十四號「金融商品之會計處理準則」。主要之修訂
包括(一)將應收租賃款之減損納入公報適用範圍；(二)修訂保
險相關合約之會計準則適用規範；(三)將原始產生之放款及應
收款納入公報適用範圍；(四)增訂以攤銷後成本衡量之金融資
產於債務困難修改條款時之減損規範；及(五)債務條款修改時
債務人之會計處理。此項會計變動對本公司一○○年第一季財
務報表並無重大影響。
（二）營運部門資訊之揭露
　　本公司自一○○年一月一日起，採用新發布之財務會計準
則公報第四十一號「營運部門資訊之揭露」。該公報之規定係
以管理階層制定營運事項決策時所使用之企業組成部分相關
資訊為基礎，營運部門之辨識則以主要營運決策者定期複核用
以分配資源予部門與評量績效之內部報告為基礎。該公報係取
代財務會計準則公報第二十號「部門別財務資訊之揭露」，採
用該公報僅對本公司部門別資訊之報導方式產生改變，本公司
亦配合重編九十九年第一季之部門資訊。
]]></tw-gaap-notes:ChangesInAccountingPrinciples>
</xbrl>

<!--This instance document is created by SIIAP V1.4.5-->
