<?xml version="1.0" encoding="UTF-8"?><xbrli:xbrl xmlns="http://www.xbrl.org/2003/instance" xmlns:iso4217="http://www.xbrl.org/2003/iso4217" xmlns:link="http://www.xbrl.org/2003/linkbase" xmlns:tw-gaap-ar="http://www.xbrl.org/tw/fr/gaap/ar/2010-12-31" xmlns:tw-gaap-ci="http://www.xbrl.org/tw/fr/gaap/tw-gaap-ci-2010-12-31" xmlns:tw-gaap-notes="http://www.xbrl.org/tw/fr/gaap/notes/2010-12-31" xmlns:xbrldi="http://xbrl.org/2006/xbrldi" xmlns:xbrldt="http://xbrl.org/2005/xbrldt" xmlns:xbrli="http://www.xbrl.org/2003/instance" xmlns:xlink="http://www.w3.org/1999/xlink">
  <link:schemaRef xlink:arcrole="http://www.w3.org/1999/xlink/properties/linkbase" xlink:href="tw-gaap-ci-2010-12-31.xsd" xlink:type="simple" xmlns:xlink="http://www.w3.org/1999/xlink" xmlns:link="http://www.xbrl.org/2003/linkbase" />
  <xbrli:context id="AsOf20110101">
    <xbrli:entity>
      <xbrli:identifier scheme="http://www.twse.com.tw">2380</xbrli:identifier>
    </xbrli:entity>
    <xbrli:period>
      <xbrli:instant>2011-01-01</xbrli:instant>
    </xbrli:period>
  </xbrli:context>
  <xbrli:context id="AsOf20110331">
    <xbrli:entity>
      <xbrli:identifier scheme="http://www.twse.com.tw">2380</xbrli:identifier>
    </xbrli:entity>
    <xbrli:period>
      <xbrli:instant>2011-03-31</xbrli:instant>
    </xbrli:period>
  </xbrli:context>
  <xbrli:context id="From20110101To20110331">
    <xbrli:entity>
      <xbrli:identifier scheme="http://www.twse.com.tw">2380</xbrli:identifier>
    </xbrli:entity>
    <xbrli:period>
      <xbrli:startDate>2011-01-01</xbrli:startDate>
      <xbrli:endDate>2011-03-31</xbrli:endDate>
    </xbrli:period>
  </xbrli:context>
  <xbrli:context id="AsOf20100101">
    <xbrli:entity>
      <xbrli:identifier scheme="http://www.twse.com.tw">2380</xbrli:identifier>
    </xbrli:entity>
    <xbrli:period>
      <xbrli:instant>2010-01-01</xbrli:instant>
    </xbrli:period>
  </xbrli:context>
  <xbrli:context id="AsOf20100331">
    <xbrli:entity>
      <xbrli:identifier scheme="http://www.twse.com.tw">2380</xbrli:identifier>
    </xbrli:entity>
    <xbrli:period>
      <xbrli:instant>2010-03-31</xbrli:instant>
    </xbrli:period>
  </xbrli:context>
  <xbrli:context id="From20100101To20100331">
    <xbrli:entity>
      <xbrli:identifier scheme="http://www.twse.com.tw">2380</xbrli:identifier>
    </xbrli:entity>
    <xbrli:period>
      <xbrli:startDate>2010-01-01</xbrli:startDate>
      <xbrli:endDate>2010-03-31</xbrli:endDate>
    </xbrli:period>
  </xbrli:context>
  <xbrli:context id="AsOf20110428">
    <xbrli:entity>
      <xbrli:identifier scheme="http://www.twse.com.tw">2380</xbrli:identifier>
    </xbrli:entity>
    <xbrli:period>
      <xbrli:instant>2011-04-28</xbrli:instant>
    </xbrli:period>
  </xbrli:context>
  <xbrli:unit id="TWD">
    <xbrli:measure>iso4217:TWD</xbrli:measure>
  </xbrli:unit>
  <xbrli:unit id="Shares">
    <xbrli:measure>xbrli:shares</xbrli:measure>
  </xbrli:unit>
  <xbrli:unit id="EarningsPerShare">
    <xbrli:divide>
      <xbrli:unitNumerator>
        <xbrli:measure>iso4217:TWD</xbrli:measure>
      </xbrli:unitNumerator>
      <xbrli:unitDenominator>
        <xbrli:measure>xbrli:shares</xbrli:measure>
      </xbrli:unitDenominator>
    </xbrli:divide>
  </xbrli:unit>
  <tw-gaap-ci:CashCashEquivalents contextRef="AsOf20100331" decimals="-3" unitRef="TWD">748877000</tw-gaap-ci:CashCashEquivalents>
  <tw-gaap-ci:CashCashEquivalents contextRef="AsOf20110331" decimals="-3" unitRef="TWD">796910000</tw-gaap-ci:CashCashEquivalents>
  <tw-gaap-ci:FinancialAssetsMeasuredFairValueProfitLossCurrent contextRef="AsOf20100331" decimals="-3" unitRef="TWD">145990000</tw-gaap-ci:FinancialAssetsMeasuredFairValueProfitLossCurrent>
  <tw-gaap-ci:FinancialAssetsMeasuredFairValueProfitLossCurrent contextRef="AsOf20110331" decimals="-3" unitRef="TWD">0</tw-gaap-ci:FinancialAssetsMeasuredFairValueProfitLossCurrent>
  <tw-gaap-ci:NetNotesReceivable contextRef="AsOf20100331" decimals="-3" unitRef="TWD">1010000</tw-gaap-ci:NetNotesReceivable>
  <tw-gaap-ci:NetNotesReceivable contextRef="AsOf20110331" decimals="-3" unitRef="TWD">2000</tw-gaap-ci:NetNotesReceivable>
  <tw-gaap-ci:NetAccountsReceivable contextRef="AsOf20100331" decimals="-3" unitRef="TWD">452251000</tw-gaap-ci:NetAccountsReceivable>
  <tw-gaap-ci:NetAccountsReceivable contextRef="AsOf20110331" decimals="-3" unitRef="TWD">581351000</tw-gaap-ci:NetAccountsReceivable>
  <tw-gaap-ci:NetAccountsReceivableRelatedParties contextRef="AsOf20100331" decimals="-3" unitRef="TWD">236514000</tw-gaap-ci:NetAccountsReceivableRelatedParties>
  <tw-gaap-ci:NetAccountsReceivableRelatedParties contextRef="AsOf20110331" decimals="-3" unitRef="TWD">238724000</tw-gaap-ci:NetAccountsReceivableRelatedParties>
  <tw-gaap-ci:OtherReceivablesOther contextRef="AsOf20100331" decimals="-3" unitRef="TWD">39990000</tw-gaap-ci:OtherReceivablesOther>
  <tw-gaap-ci:OtherReceivablesOther contextRef="AsOf20110331" decimals="-3" unitRef="TWD">18205000</tw-gaap-ci:OtherReceivablesOther>
  <tw-gaap-ci:OtherReceivablesRelatedParties contextRef="AsOf20100331" decimals="-3" unitRef="TWD">29322000</tw-gaap-ci:OtherReceivablesRelatedParties>
  <tw-gaap-ci:OtherReceivablesRelatedParties contextRef="AsOf20110331" decimals="-3" unitRef="TWD">34785000</tw-gaap-ci:OtherReceivablesRelatedParties>
  <tw-gaap-ci:OtherFinancialAssetsCurrent contextRef="AsOf20100331" decimals="-3" unitRef="TWD">1273000</tw-gaap-ci:OtherFinancialAssetsCurrent>
  <tw-gaap-ci:OtherFinancialAssetsCurrent contextRef="AsOf20110331" decimals="-3" unitRef="TWD">8176000</tw-gaap-ci:OtherFinancialAssetsCurrent>
  <tw-gaap-ci:Inventories contextRef="AsOf20100331" decimals="-3" unitRef="TWD">459413000</tw-gaap-ci:Inventories>
  <tw-gaap-ci:Inventories contextRef="AsOf20110331" decimals="-3" unitRef="TWD">606571000</tw-gaap-ci:Inventories>
  <tw-gaap-ci:PrepaidExpenses contextRef="AsOf20100331" decimals="-3" unitRef="TWD">10726000</tw-gaap-ci:PrepaidExpenses>
  <tw-gaap-ci:PrepaidExpenses contextRef="AsOf20110331" decimals="-3" unitRef="TWD">11660000</tw-gaap-ci:PrepaidExpenses>
  <tw-gaap-ci:OtherPrepayments contextRef="AsOf20100331" decimals="-3" unitRef="TWD">13608000</tw-gaap-ci:OtherPrepayments>
  <tw-gaap-ci:OtherPrepayments contextRef="AsOf20110331" decimals="-3" unitRef="TWD">19759000</tw-gaap-ci:OtherPrepayments>
  <tw-gaap-ci:DeferredIncomeTaxAssetsCurrent contextRef="AsOf20100331" decimals="-3" unitRef="TWD">51589000</tw-gaap-ci:DeferredIncomeTaxAssetsCurrent>
  <tw-gaap-ci:DeferredIncomeTaxAssetsCurrent contextRef="AsOf20110331" decimals="-3" unitRef="TWD">57168000</tw-gaap-ci:DeferredIncomeTaxAssetsCurrent>
  <tw-gaap-ci:NetFinancialAssetsCarriedCostNonCurrent contextRef="AsOf20100331" decimals="-3" unitRef="TWD">18067000</tw-gaap-ci:NetFinancialAssetsCarriedCostNonCurrent>
  <tw-gaap-ci:NetFinancialAssetsCarriedCostNonCurrent contextRef="AsOf20110331" decimals="-3" unitRef="TWD">34196000</tw-gaap-ci:NetFinancialAssetsCarriedCostNonCurrent>
  <tw-gaap-ci:LongtermInvestmentsEquity contextRef="AsOf20100331" decimals="-3" unitRef="TWD">1974925000</tw-gaap-ci:LongtermInvestmentsEquity>
  <tw-gaap-ci:LongtermInvestmentsEquity contextRef="AsOf20110331" decimals="-3" unitRef="TWD">1904629000</tw-gaap-ci:LongtermInvestmentsEquity>
  <tw-gaap-ci:BuildingsStructures contextRef="AsOf20100331" decimals="-3" unitRef="TWD">445734000</tw-gaap-ci:BuildingsStructures>
  <tw-gaap-ci:BuildingsStructures contextRef="AsOf20110331" decimals="-3" unitRef="TWD">446018000</tw-gaap-ci:BuildingsStructures>
  <tw-gaap-ci:MachineryEquipment contextRef="AsOf20100331" decimals="-3" unitRef="TWD">193278000</tw-gaap-ci:MachineryEquipment>
  <tw-gaap-ci:MachineryEquipment contextRef="AsOf20110331" decimals="-3" unitRef="TWD">232895000</tw-gaap-ci:MachineryEquipment>
  <tw-gaap-ci:TransportationEquipment contextRef="AsOf20100331" decimals="-3" unitRef="TWD">4388000</tw-gaap-ci:TransportationEquipment>
  <tw-gaap-ci:TransportationEquipment contextRef="AsOf20110331" decimals="-3" unitRef="TWD">4388000</tw-gaap-ci:TransportationEquipment>
  <tw-gaap-ci:OfficeEquipment contextRef="AsOf20100331" decimals="-3" unitRef="TWD">14349000</tw-gaap-ci:OfficeEquipment>
  <tw-gaap-ci:OfficeEquipment contextRef="AsOf20110331" decimals="-3" unitRef="TWD">17009000</tw-gaap-ci:OfficeEquipment>
  <tw-gaap-ci:OtherFacilities contextRef="AsOf20100331" decimals="-3" unitRef="TWD">26991000</tw-gaap-ci:OtherFacilities>
  <tw-gaap-ci:OtherFacilities contextRef="AsOf20110331" decimals="-3" unitRef="TWD">27903000</tw-gaap-ci:OtherFacilities>
  <tw-gaap-ci:AccumulatedDepreciation contextRef="AsOf20100331" decimals="-3" unitRef="TWD">301237000</tw-gaap-ci:AccumulatedDepreciation>
  <tw-gaap-ci:AccumulatedDepreciation contextRef="AsOf20110331" decimals="-3" unitRef="TWD">353016000</tw-gaap-ci:AccumulatedDepreciation>
  <tw-gaap-ci:ConstructionProcessPrepaymentEquipments contextRef="AsOf20100331" decimals="-3" unitRef="TWD">9979000</tw-gaap-ci:ConstructionProcessPrepaymentEquipments>
  <tw-gaap-ci:ConstructionProcessPrepaymentEquipments contextRef="AsOf20110331" decimals="-3" unitRef="TWD">2093000</tw-gaap-ci:ConstructionProcessPrepaymentEquipments>
  <tw-gaap-ci:GuaranteeDepositsPaid contextRef="AsOf20100331" decimals="-3" unitRef="TWD">982000</tw-gaap-ci:GuaranteeDepositsPaid>
  <tw-gaap-ci:GuaranteeDepositsPaid contextRef="AsOf20110331" decimals="-3" unitRef="TWD">911000</tw-gaap-ci:GuaranteeDepositsPaid>
  <tw-gaap-ci:DeferredCharges contextRef="AsOf20100331" decimals="-3" unitRef="TWD">9026000</tw-gaap-ci:DeferredCharges>
  <tw-gaap-ci:DeferredCharges contextRef="AsOf20110331" decimals="-3" unitRef="TWD">8642000</tw-gaap-ci:DeferredCharges>
  <tw-gaap-ci:DeferredIncomeTaxAssetsNonCurrent contextRef="AsOf20100331" decimals="-3" unitRef="TWD">209257000</tw-gaap-ci:DeferredIncomeTaxAssetsNonCurrent>
  <tw-gaap-ci:DeferredIncomeTaxAssetsNonCurrent contextRef="AsOf20110331" decimals="-3" unitRef="TWD">137311000</tw-gaap-ci:DeferredIncomeTaxAssetsNonCurrent>
  <tw-gaap-ci:NotesPayable contextRef="AsOf20100331" decimals="-3" unitRef="TWD">3015000</tw-gaap-ci:NotesPayable>
  <tw-gaap-ci:NotesPayable contextRef="AsOf20110331" decimals="-3" unitRef="TWD">0</tw-gaap-ci:NotesPayable>
  <tw-gaap-ci:AccountsPayable contextRef="AsOf20100331" decimals="-3" unitRef="TWD">172068000</tw-gaap-ci:AccountsPayable>
  <tw-gaap-ci:AccountsPayable contextRef="AsOf20110331" decimals="-3" unitRef="TWD">226542000</tw-gaap-ci:AccountsPayable>
  <tw-gaap-ci:AccountsPayableRelatedParties contextRef="AsOf20100331" decimals="-3" unitRef="TWD">155495000</tw-gaap-ci:AccountsPayableRelatedParties>
  <tw-gaap-ci:AccountsPayableRelatedParties contextRef="AsOf20110331" decimals="-3" unitRef="TWD">108532000</tw-gaap-ci:AccountsPayableRelatedParties>
  <tw-gaap-ci:IncomeTaxPayable contextRef="AsOf20100331" decimals="-3" unitRef="TWD">24841000</tw-gaap-ci:IncomeTaxPayable>
  <tw-gaap-ci:IncomeTaxPayable contextRef="AsOf20110331" decimals="-3" unitRef="TWD">8608000</tw-gaap-ci:IncomeTaxPayable>
  <tw-gaap-ci:AccruedExpenses contextRef="AsOf20100331" decimals="-3" unitRef="TWD">71542000</tw-gaap-ci:AccruedExpenses>
  <tw-gaap-ci:AccruedExpenses contextRef="AsOf20110331" decimals="-3" unitRef="TWD">98351000</tw-gaap-ci:AccruedExpenses>
  <tw-gaap-ci:OtherPayables contextRef="AsOf20100331" decimals="-3" unitRef="TWD">8887000</tw-gaap-ci:OtherPayables>
  <tw-gaap-ci:OtherPayables contextRef="AsOf20110331" decimals="-3" unitRef="TWD">6208000</tw-gaap-ci:OtherPayables>
  <tw-gaap-ci:AdvanceReceipts contextRef="AsOf20100331" decimals="-3" unitRef="TWD">3699000</tw-gaap-ci:AdvanceReceipts>
  <tw-gaap-ci:AdvanceReceipts contextRef="AsOf20110331" decimals="-3" unitRef="TWD">8908000</tw-gaap-ci:AdvanceReceipts>
  <tw-gaap-ci:OtherCurrentLiabilities contextRef="AsOf20100331" decimals="-3" unitRef="TWD">2147000</tw-gaap-ci:OtherCurrentLiabilities>
  <tw-gaap-ci:OtherCurrentLiabilities contextRef="AsOf20110331" decimals="-3" unitRef="TWD">1507000</tw-gaap-ci:OtherCurrentLiabilities>
  <tw-gaap-ci:PensionReserve contextRef="AsOf20100331" decimals="-3" unitRef="TWD">127276000</tw-gaap-ci:PensionReserve>
  <tw-gaap-ci:PensionReserve contextRef="AsOf20110331" decimals="-3" unitRef="TWD">132033000</tw-gaap-ci:PensionReserve>
  <tw-gaap-ci:GuaranteeDepositsReceived contextRef="AsOf20100331" decimals="-3" unitRef="TWD">1081000</tw-gaap-ci:GuaranteeDepositsReceived>
  <tw-gaap-ci:GuaranteeDepositsReceived contextRef="AsOf20110331" decimals="-3" unitRef="TWD">1198000</tw-gaap-ci:GuaranteeDepositsReceived>
  <tw-gaap-ci:OtherLiabilitiesOther contextRef="AsOf20100331" decimals="-3" unitRef="TWD">19859000</tw-gaap-ci:OtherLiabilitiesOther>
  <tw-gaap-ci:OtherLiabilitiesOther contextRef="AsOf20110331" decimals="-3" unitRef="TWD">41329000</tw-gaap-ci:OtherLiabilitiesOther>
  <tw-gaap-ci:CommonStock contextRef="AsOf20100331" decimals="-3" unitRef="TWD">2242306000</tw-gaap-ci:CommonStock>
  <tw-gaap-ci:CommonStock contextRef="AsOf20110331" decimals="-3" unitRef="TWD">2242306000</tw-gaap-ci:CommonStock>
  <tw-gaap-ci:CapitalSurplusAdditionalPaidCapitalCommonStock contextRef="AsOf20100331" decimals="-3" unitRef="TWD">695769000</tw-gaap-ci:CapitalSurplusAdditionalPaidCapitalCommonStock>
  <tw-gaap-ci:CapitalSurplusAdditionalPaidCapitalCommonStock contextRef="AsOf20110331" decimals="-3" unitRef="TWD">695769000</tw-gaap-ci:CapitalSurplusAdditionalPaidCapitalCommonStock>
  <tw-gaap-ci:CapitalSurplusTreasuryStockTransactions contextRef="AsOf20100331" decimals="-3" unitRef="TWD">13831000</tw-gaap-ci:CapitalSurplusTreasuryStockTransactions>
  <tw-gaap-ci:CapitalSurplusTreasuryStockTransactions contextRef="AsOf20110331" decimals="-3" unitRef="TWD">13831000</tw-gaap-ci:CapitalSurplusTreasuryStockTransactions>
  <tw-gaap-ci:CapitalSurplusLongTermEquityInvestments contextRef="AsOf20100331" decimals="-3" unitRef="TWD">5459000</tw-gaap-ci:CapitalSurplusLongTermEquityInvestments>
  <tw-gaap-ci:CapitalSurplusLongTermEquityInvestments contextRef="AsOf20110331" decimals="-3" unitRef="TWD">5509000</tw-gaap-ci:CapitalSurplusLongTermEquityInvestments>
  <tw-gaap-ci:LegalReserve contextRef="AsOf20100331" decimals="-3" unitRef="TWD">569930000</tw-gaap-ci:LegalReserve>
  <tw-gaap-ci:LegalReserve contextRef="AsOf20110331" decimals="-3" unitRef="TWD">571835000</tw-gaap-ci:LegalReserve>
  <tw-gaap-ci:SpecialReserve contextRef="AsOf20100331" decimals="-3" unitRef="TWD">6717000</tw-gaap-ci:SpecialReserve>
  <tw-gaap-ci:SpecialReserve contextRef="AsOf20110331" decimals="-3" unitRef="TWD">4530000</tw-gaap-ci:SpecialReserve>
  <tw-gaap-ci:UnappropriatedRetainedEarnings contextRef="AsOf20100331" decimals="-3" unitRef="TWD">543420000</tw-gaap-ci:UnappropriatedRetainedEarnings>
  <tw-gaap-ci:UnappropriatedRetainedEarnings contextRef="AsOf20110331" decimals="-3" unitRef="TWD">623258000</tw-gaap-ci:UnappropriatedRetainedEarnings>
  <tw-gaap-ci:CumulativeTranslationAdjustments contextRef="AsOf20100331" decimals="-3" unitRef="TWD">128050000</tw-gaap-ci:CumulativeTranslationAdjustments>
  <tw-gaap-ci:CumulativeTranslationAdjustments contextRef="AsOf20110331" decimals="-3" unitRef="TWD">66067000</tw-gaap-ci:CumulativeTranslationAdjustments>
  <tw-gaap-ci:UnrealizedGainsLossesFinancialInstruments contextRef="AsOf20100331" decimals="-3" unitRef="TWD">9458000</tw-gaap-ci:UnrealizedGainsLossesFinancialInstruments>
  <tw-gaap-ci:UnrealizedGainsLossesFinancialInstruments contextRef="AsOf20110331" decimals="-3" unitRef="TWD">-11483000</tw-gaap-ci:UnrealizedGainsLossesFinancialInstruments>
  <tw-gaap-ci:TreasuryStock contextRef="AsOf20100331" decimals="-3" unitRef="TWD">8548000</tw-gaap-ci:TreasuryStock>
  <tw-gaap-ci:TreasuryStock contextRef="AsOf20110331" decimals="-3" unitRef="TWD">8548000</tw-gaap-ci:TreasuryStock>
  <tw-gaap-ci:EquivalentSharesOutstandingAdvanceReceiptsCommonStock contextRef="AsOf20100331" decimals="0" unitRef="Shares">0</tw-gaap-ci:EquivalentSharesOutstandingAdvanceReceiptsCommonStock>
  <tw-gaap-ci:EquivalentSharesOutstandingAdvanceReceiptsCommonStock contextRef="AsOf20110331" decimals="0" unitRef="Shares">0</tw-gaap-ci:EquivalentSharesOutstandingAdvanceReceiptsCommonStock>
  <tw-gaap-ci:NumberTreasuryStockAcquiredCompanySubsidiaries contextRef="AsOf20100331" decimals="0" unitRef="Shares">251078</tw-gaap-ci:NumberTreasuryStockAcquiredCompanySubsidiaries>
  <tw-gaap-ci:NumberTreasuryStockAcquiredCompanySubsidiaries contextRef="AsOf20110331" decimals="0" unitRef="Shares">251078</tw-gaap-ci:NumberTreasuryStockAcquiredCompanySubsidiaries>
  <tw-gaap-ci:Assets contextRef="AsOf20100331" decimals="-3" unitRef="TWD">4796302000</tw-gaap-ci:Assets>
  <tw-gaap-ci:Assets contextRef="AsOf20110331" decimals="-3" unitRef="TWD">4836290000</tw-gaap-ci:Assets>
  <tw-gaap-ci:OtherAssets contextRef="AsOf20100331" decimals="-3" unitRef="TWD">219265000</tw-gaap-ci:OtherAssets>
  <tw-gaap-ci:OtherAssets contextRef="AsOf20110331" decimals="-3" unitRef="TWD">146864000</tw-gaap-ci:OtherAssets>
  <tw-gaap-ci:CurrentAssets contextRef="AsOf20100331" decimals="-3" unitRef="TWD">2190563000</tw-gaap-ci:CurrentAssets>
  <tw-gaap-ci:CurrentAssets contextRef="AsOf20110331" decimals="-3" unitRef="TWD">2373311000</tw-gaap-ci:CurrentAssets>
  <tw-gaap-ci:OtherReceivables contextRef="AsOf20100331" decimals="-3" unitRef="TWD">39990000</tw-gaap-ci:OtherReceivables>
  <tw-gaap-ci:OtherReceivables contextRef="AsOf20110331" decimals="-3" unitRef="TWD">18205000</tw-gaap-ci:OtherReceivables>
  <tw-gaap-ci:OtherCurrentAssets contextRef="AsOf20100331" decimals="-3" unitRef="TWD">51589000</tw-gaap-ci:OtherCurrentAssets>
  <tw-gaap-ci:OtherCurrentAssets contextRef="AsOf20110331" decimals="-3" unitRef="TWD">57168000</tw-gaap-ci:OtherCurrentAssets>
  <tw-gaap-ci:FundsInvestments contextRef="AsOf20100331" decimals="-3" unitRef="TWD">1992992000</tw-gaap-ci:FundsInvestments>
  <tw-gaap-ci:FundsInvestments contextRef="AsOf20110331" decimals="-3" unitRef="TWD">1938825000</tw-gaap-ci:FundsInvestments>
  <tw-gaap-ci:LongtermInvestments contextRef="AsOf20100331" decimals="-3" unitRef="TWD">1974925000</tw-gaap-ci:LongtermInvestments>
  <tw-gaap-ci:LongtermInvestments contextRef="AsOf20110331" decimals="-3" unitRef="TWD">1904629000</tw-gaap-ci:LongtermInvestments>
  <tw-gaap-ci:FixedAssets contextRef="AsOf20100331" decimals="-3" unitRef="TWD">393482000</tw-gaap-ci:FixedAssets>
  <tw-gaap-ci:FixedAssets contextRef="AsOf20110331" decimals="-3" unitRef="TWD">377290000</tw-gaap-ci:FixedAssets>
  <tw-gaap-ci:CostsRevaluationIncrement contextRef="AsOf20100331" decimals="-3" unitRef="TWD">684740000</tw-gaap-ci:CostsRevaluationIncrement>
  <tw-gaap-ci:CostsRevaluationIncrement contextRef="AsOf20110331" decimals="-3" unitRef="TWD">728213000</tw-gaap-ci:CostsRevaluationIncrement>
  <tw-gaap-ci:FixedAssetsOriginalCosts contextRef="AsOf20100331" decimals="-3" unitRef="TWD">684740000</tw-gaap-ci:FixedAssetsOriginalCosts>
  <tw-gaap-ci:FixedAssetsOriginalCosts contextRef="AsOf20110331" decimals="-3" unitRef="TWD">728213000</tw-gaap-ci:FixedAssetsOriginalCosts>
  <tw-gaap-ci:Liabilities contextRef="AsOf20100331" decimals="-3" unitRef="TWD">589910000</tw-gaap-ci:Liabilities>
  <tw-gaap-ci:Liabilities contextRef="AsOf20110331" decimals="-3" unitRef="TWD">633216000</tw-gaap-ci:Liabilities>
  <tw-gaap-ci:CurrentLiabilities contextRef="AsOf20100331" decimals="-3" unitRef="TWD">441694000</tw-gaap-ci:CurrentLiabilities>
  <tw-gaap-ci:CurrentLiabilities contextRef="AsOf20110331" decimals="-3" unitRef="TWD">458656000</tw-gaap-ci:CurrentLiabilities>
  <tw-gaap-ci:OtherLiabilities contextRef="AsOf20100331" decimals="-3" unitRef="TWD">148216000</tw-gaap-ci:OtherLiabilities>
  <tw-gaap-ci:OtherLiabilities contextRef="AsOf20110331" decimals="-3" unitRef="TWD">174560000</tw-gaap-ci:OtherLiabilities>
  <tw-gaap-ci:StockholdersEquities contextRef="AsOf20100331" decimals="-3" unitRef="TWD">4206392000</tw-gaap-ci:StockholdersEquities>
  <tw-gaap-ci:StockholdersEquities contextRef="AsOf20110331" decimals="-3" unitRef="TWD">4203074000</tw-gaap-ci:StockholdersEquities>
  <tw-gaap-ci:CapitalSurplus contextRef="AsOf20100331" decimals="-3" unitRef="TWD">715059000</tw-gaap-ci:CapitalSurplus>
  <tw-gaap-ci:CapitalSurplus contextRef="AsOf20110331" decimals="-3" unitRef="TWD">715109000</tw-gaap-ci:CapitalSurplus>
  <tw-gaap-ci:CapitalSurplusAdditionalPaidCapital contextRef="AsOf20100331" decimals="-3" unitRef="TWD">695769000</tw-gaap-ci:CapitalSurplusAdditionalPaidCapital>
  <tw-gaap-ci:CapitalSurplusAdditionalPaidCapital contextRef="AsOf20110331" decimals="-3" unitRef="TWD">695769000</tw-gaap-ci:CapitalSurplusAdditionalPaidCapital>
  <tw-gaap-ci:RetainedEarnings contextRef="AsOf20100331" decimals="-3" unitRef="TWD">1120067000</tw-gaap-ci:RetainedEarnings>
  <tw-gaap-ci:RetainedEarnings contextRef="AsOf20110331" decimals="-3" unitRef="TWD">1199623000</tw-gaap-ci:RetainedEarnings>
  <tw-gaap-ci:StockholdersEquitiesAdjustments contextRef="AsOf20100331" decimals="-3" unitRef="TWD">128960000</tw-gaap-ci:StockholdersEquitiesAdjustments>
  <tw-gaap-ci:StockholdersEquitiesAdjustments contextRef="AsOf20110331" decimals="-3" unitRef="TWD">46036000</tw-gaap-ci:StockholdersEquitiesAdjustments>
  <tw-gaap-ci:Capital contextRef="AsOf20100331" decimals="-3" unitRef="TWD">2242306000</tw-gaap-ci:Capital>
  <tw-gaap-ci:Capital contextRef="AsOf20110331" decimals="-3" unitRef="TWD">2242306000</tw-gaap-ci:Capital>
  <tw-gaap-ci:Sales contextRef="From20100101To20100331" decimals="-3" unitRef="TWD">620092000</tw-gaap-ci:Sales>
  <tw-gaap-ci:Sales contextRef="From20110101To20110331" decimals="-3" unitRef="TWD">777580000</tw-gaap-ci:Sales>
  <tw-gaap-ci:SalesReturns contextRef="From20100101To20100331" decimals="-3" unitRef="TWD">1660000</tw-gaap-ci:SalesReturns>
  <tw-gaap-ci:SalesReturns contextRef="From20110101To20110331" decimals="-3" unitRef="TWD">2534000</tw-gaap-ci:SalesReturns>
  <tw-gaap-ci:SalesDiscountsAllowances contextRef="From20100101To20100331" decimals="-3" unitRef="TWD">813000</tw-gaap-ci:SalesDiscountsAllowances>
  <tw-gaap-ci:SalesDiscountsAllowances contextRef="From20110101To20110331" decimals="-3" unitRef="TWD">404000</tw-gaap-ci:SalesDiscountsAllowances>
  <tw-gaap-ci:OtherOperatingRevenue contextRef="From20100101To20100331" decimals="-3" unitRef="TWD">50700000</tw-gaap-ci:OtherOperatingRevenue>
  <tw-gaap-ci:OtherOperatingRevenue contextRef="From20110101To20110331" decimals="-3" unitRef="TWD">13249000</tw-gaap-ci:OtherOperatingRevenue>
  <tw-gaap-ci:CostSales contextRef="From20100101To20100331" decimals="-3" unitRef="TWD">460334000</tw-gaap-ci:CostSales>
  <tw-gaap-ci:CostSales contextRef="From20110101To20110331" decimals="-3" unitRef="TWD">591141000</tw-gaap-ci:CostSales>
  <tw-gaap-ci:UnrealizedGainInterAffiliateAccounts contextRef="From20100101To20100331" decimals="-3" unitRef="TWD">11675000</tw-gaap-ci:UnrealizedGainInterAffiliateAccounts>
  <tw-gaap-ci:UnrealizedGainInterAffiliateAccounts contextRef="From20110101To20110331" decimals="-3" unitRef="TWD">19739000</tw-gaap-ci:UnrealizedGainInterAffiliateAccounts>
  <tw-gaap-ci:RealizedGainInterAffiliateAccounts contextRef="From20100101To20100331" decimals="-3" unitRef="TWD">12030000</tw-gaap-ci:RealizedGainInterAffiliateAccounts>
  <tw-gaap-ci:RealizedGainInterAffiliateAccounts contextRef="From20110101To20110331" decimals="-3" unitRef="TWD">19176000</tw-gaap-ci:RealizedGainInterAffiliateAccounts>
  <tw-gaap-ci:Sellingexpense contextRef="From20100101To20100331" decimals="-3" unitRef="TWD">37000000</tw-gaap-ci:Sellingexpense>
  <tw-gaap-ci:Sellingexpense contextRef="From20110101To20110331" decimals="-3" unitRef="TWD">35482000</tw-gaap-ci:Sellingexpense>
  <tw-gaap-ci:GeneralAdministrativeExpenses contextRef="From20100101To20100331" decimals="-3" unitRef="TWD">21242000</tw-gaap-ci:GeneralAdministrativeExpenses>
  <tw-gaap-ci:GeneralAdministrativeExpenses contextRef="From20110101To20110331" decimals="-3" unitRef="TWD">24481000</tw-gaap-ci:GeneralAdministrativeExpenses>
  <tw-gaap-ci:ResearchDevelopmentExpenses contextRef="From20100101To20100331" decimals="-3" unitRef="TWD">90066000</tw-gaap-ci:ResearchDevelopmentExpenses>
  <tw-gaap-ci:ResearchDevelopmentExpenses contextRef="From20110101To20110331" decimals="-3" unitRef="TWD">95953000</tw-gaap-ci:ResearchDevelopmentExpenses>
  <tw-gaap-ci:InterestIncome contextRef="From20100101To20100331" decimals="-3" unitRef="TWD">772000</tw-gaap-ci:InterestIncome>
  <tw-gaap-ci:InterestIncome contextRef="From20110101To20110331" decimals="-3" unitRef="TWD">967000</tw-gaap-ci:InterestIncome>
  <tw-gaap-ci:GainsDisposalFixedAssets contextRef="From20100101To20100331" decimals="-3" unitRef="TWD">0</tw-gaap-ci:GainsDisposalFixedAssets>
  <tw-gaap-ci:GainsDisposalFixedAssets contextRef="From20110101To20110331" decimals="-3" unitRef="TWD">37000</tw-gaap-ci:GainsDisposalFixedAssets>
  <tw-gaap-ci:GainsSaleInvestments contextRef="From20100101To20100331" decimals="-3" unitRef="TWD">36000</tw-gaap-ci:GainsSaleInvestments>
  <tw-gaap-ci:GainsSaleInvestments contextRef="From20110101To20110331" decimals="-3" unitRef="TWD">400000</tw-gaap-ci:GainsSaleInvestments>
  <tw-gaap-ci:ForeignExchangeGains contextRef="From20100101To20100331" decimals="-3" unitRef="TWD">0</tw-gaap-ci:ForeignExchangeGains>
  <tw-gaap-ci:ForeignExchangeGains contextRef="From20110101To20110331" decimals="-3" unitRef="TWD">17365000</tw-gaap-ci:ForeignExchangeGains>
  <tw-gaap-ci:RevaluationGainFinancialAssets contextRef="From20100101To20100331" decimals="-3" unitRef="TWD">962000</tw-gaap-ci:RevaluationGainFinancialAssets>
  <tw-gaap-ci:RevaluationGainFinancialAssets contextRef="From20110101To20110331" decimals="-3" unitRef="TWD">0</tw-gaap-ci:RevaluationGainFinancialAssets>
  <tw-gaap-ci:MiscellaneousIncome contextRef="From20100101To20100331" decimals="-3" unitRef="TWD">1912000</tw-gaap-ci:MiscellaneousIncome>
  <tw-gaap-ci:MiscellaneousIncome contextRef="From20110101To20110331" decimals="-3" unitRef="TWD">219000</tw-gaap-ci:MiscellaneousIncome>
  <tw-gaap-ci:NonOperatingExpensesInvestmentLossRecognizedEquityMethod contextRef="From20100101To20100331" decimals="-3" unitRef="TWD">32035000</tw-gaap-ci:NonOperatingExpensesInvestmentLossRecognizedEquityMethod>
  <tw-gaap-ci:NonOperatingExpensesInvestmentLossRecognizedEquityMethod contextRef="From20110101To20110331" decimals="-3" unitRef="TWD">6912000</tw-gaap-ci:NonOperatingExpensesInvestmentLossRecognizedEquityMethod>
  <tw-gaap-ci:ForeignExchangeLosses contextRef="From20100101To20100331" decimals="-3" unitRef="TWD">8955000</tw-gaap-ci:ForeignExchangeLosses>
  <tw-gaap-ci:ForeignExchangeLosses contextRef="From20110101To20110331" decimals="-3" unitRef="TWD">0</tw-gaap-ci:ForeignExchangeLosses>
  <tw-gaap-ci:MiscellaneousDisbursements contextRef="From20100101To20100331" decimals="-3" unitRef="TWD">270000</tw-gaap-ci:MiscellaneousDisbursements>
  <tw-gaap-ci:MiscellaneousDisbursements contextRef="From20110101To20110331" decimals="-3" unitRef="TWD">199000</tw-gaap-ci:MiscellaneousDisbursements>
  <tw-gaap-ci:IncomeTaxExpenseBenefit contextRef="From20100101To20100331" decimals="-3" unitRef="TWD">4745000</tw-gaap-ci:IncomeTaxExpenseBenefit>
  <tw-gaap-ci:IncomeTaxExpenseBenefit contextRef="From20110101To20110331" decimals="-3" unitRef="TWD">8945000</tw-gaap-ci:IncomeTaxExpenseBenefit>
  <tw-gaap-ci:PrimaryEarningsPerShareIncomeLossContinuingOperations contextRef="From20100101To20100331" decimals="2" unitRef="TWD">0.08</tw-gaap-ci:PrimaryEarningsPerShareIncomeLossContinuingOperations>
  <tw-gaap-ci:PrimaryEarningsPerShareIncomeLossContinuingOperations contextRef="From20110101To20110331" decimals="2" unitRef="TWD">0.19</tw-gaap-ci:PrimaryEarningsPerShareIncomeLossContinuingOperations>
  <tw-gaap-ci:DilutedEarningsPerShareIncomeLossContinuingOperations contextRef="From20100101To20100331" decimals="2" unitRef="TWD">0.08</tw-gaap-ci:DilutedEarningsPerShareIncomeLossContinuingOperations>
  <tw-gaap-ci:DilutedEarningsPerShareIncomeLossContinuingOperations contextRef="From20110101To20110331" decimals="2" unitRef="TWD">0.19</tw-gaap-ci:DilutedEarningsPerShareIncomeLossContinuingOperations>
  <tw-gaap-ci:DilutedEarningsPerShare contextRef="From20100101To20100331" decimals="2" unitRef="TWD">0.08</tw-gaap-ci:DilutedEarningsPerShare>
  <tw-gaap-ci:DilutedEarningsPerShare contextRef="From20110101To20110331" decimals="2" unitRef="TWD">0.19</tw-gaap-ci:DilutedEarningsPerShare>
  <tw-gaap-ci:PrimaryEarningsPerShare contextRef="From20100101To20100331" decimals="2" unitRef="TWD">0.08</tw-gaap-ci:PrimaryEarningsPerShare>
  <tw-gaap-ci:PrimaryEarningsPerShare contextRef="From20110101To20110331" decimals="2" unitRef="TWD">0.19</tw-gaap-ci:PrimaryEarningsPerShare>
  <tw-gaap-ci:NetIncomeLoss contextRef="From20100101To20100331" decimals="-3" unitRef="TWD">17709000</tw-gaap-ci:NetIncomeLoss>
  <tw-gaap-ci:NetIncomeLoss contextRef="From20110101To20110331" decimals="-3" unitRef="TWD">43203000</tw-gaap-ci:NetIncomeLoss>
  <tw-gaap-ci:IncomeContinuingOperations contextRef="From20100101To20100331" decimals="-3" unitRef="TWD">17709000</tw-gaap-ci:IncomeContinuingOperations>
  <tw-gaap-ci:IncomeContinuingOperations contextRef="From20110101To20110331" decimals="-3" unitRef="TWD">43203000</tw-gaap-ci:IncomeContinuingOperations>
  <tw-gaap-ci:IncomeContinuingOperationsBeforeIncomeTax contextRef="From20100101To20100331" decimals="-3" unitRef="TWD">22454000</tw-gaap-ci:IncomeContinuingOperationsBeforeIncomeTax>
  <tw-gaap-ci:IncomeContinuingOperationsBeforeIncomeTax contextRef="From20110101To20110331" decimals="-3" unitRef="TWD">52148000</tw-gaap-ci:IncomeContinuingOperationsBeforeIncomeTax>
  <tw-gaap-ci:OperatingIncomeLoss contextRef="From20100101To20100331" decimals="-3" unitRef="TWD">60032000</tw-gaap-ci:OperatingIncomeLoss>
  <tw-gaap-ci:OperatingIncomeLoss contextRef="From20110101To20110331" decimals="-3" unitRef="TWD">40271000</tw-gaap-ci:OperatingIncomeLoss>
  <tw-gaap-ci:GrossProfitLossOperations contextRef="From20100101To20100331" decimals="-3" unitRef="TWD">207985000</tw-gaap-ci:GrossProfitLossOperations>
  <tw-gaap-ci:GrossProfitLossOperations contextRef="From20110101To20110331" decimals="-3" unitRef="TWD">196750000</tw-gaap-ci:GrossProfitLossOperations>
  <tw-gaap-ci:OperatingCosts contextRef="From20100101To20100331" decimals="-3" unitRef="TWD">460334000</tw-gaap-ci:OperatingCosts>
  <tw-gaap-ci:OperatingCosts contextRef="From20110101To20110331" decimals="-3" unitRef="TWD">591141000</tw-gaap-ci:OperatingCosts>
  <tw-gaap-ci:OperatingRevenue contextRef="From20100101To20100331" decimals="-3" unitRef="TWD">668319000</tw-gaap-ci:OperatingRevenue>
  <tw-gaap-ci:OperatingRevenue contextRef="From20110101To20110331" decimals="-3" unitRef="TWD">787891000</tw-gaap-ci:OperatingRevenue>
  <tw-gaap-ci:NetSales contextRef="From20100101To20100331" decimals="-3" unitRef="TWD">617619000</tw-gaap-ci:NetSales>
  <tw-gaap-ci:NetSales contextRef="From20110101To20110331" decimals="-3" unitRef="TWD">774642000</tw-gaap-ci:NetSales>
  <tw-gaap-ci:OperatingExpenses contextRef="From20100101To20100331" decimals="-3" unitRef="TWD">148308000</tw-gaap-ci:OperatingExpenses>
  <tw-gaap-ci:OperatingExpenses contextRef="From20110101To20110331" decimals="-3" unitRef="TWD">155916000</tw-gaap-ci:OperatingExpenses>
  <tw-gaap-ci:NonOperatingIncomeGains contextRef="From20100101To20100331" decimals="-3" unitRef="TWD">3682000</tw-gaap-ci:NonOperatingIncomeGains>
  <tw-gaap-ci:NonOperatingIncomeGains contextRef="From20110101To20110331" decimals="-3" unitRef="TWD">18988000</tw-gaap-ci:NonOperatingIncomeGains>
  <tw-gaap-ci:NonOperatingExpenses contextRef="From20100101To20100331" decimals="-3" unitRef="TWD">41260000</tw-gaap-ci:NonOperatingExpenses>
  <tw-gaap-ci:NonOperatingExpenses contextRef="From20110101To20110331" decimals="-3" unitRef="TWD">7111000</tw-gaap-ci:NonOperatingExpenses>
  <tw-gaap-ci:NonOperatingExpensesInvestmentLoss contextRef="From20100101To20100331" decimals="-3" unitRef="TWD">32035000</tw-gaap-ci:NonOperatingExpensesInvestmentLoss>
  <tw-gaap-ci:NonOperatingExpensesInvestmentLoss contextRef="From20110101To20110331" decimals="-3" unitRef="TWD">6912000</tw-gaap-ci:NonOperatingExpensesInvestmentLoss>
  <tw-gaap-ci:AcquisitionInvestmentsAccountedEquityMethod contextRef="From20100101To20100331" decimals="-3" unitRef="TWD">-96880000</tw-gaap-ci:AcquisitionInvestmentsAccountedEquityMethod>
  <tw-gaap-ci:AcquisitionInvestmentsAccountedEquityMethod contextRef="From20110101To20110331" decimals="-3" unitRef="TWD">0</tw-gaap-ci:AcquisitionInvestmentsAccountedEquityMethod>
  <tw-gaap-ci:AcquisitionPropertyPlantEquipment contextRef="From20100101To20100331" decimals="-3" unitRef="TWD">-12432000</tw-gaap-ci:AcquisitionPropertyPlantEquipment>
  <tw-gaap-ci:AcquisitionPropertyPlantEquipment contextRef="From20110101To20110331" decimals="-3" unitRef="TWD">-7892000</tw-gaap-ci:AcquisitionPropertyPlantEquipment>
  <tw-gaap-ci:AmortizationExpense-Operating contextRef="From20100101To20100331" decimals="-3" unitRef="TWD">5781000</tw-gaap-ci:AmortizationExpense-Operating>
  <tw-gaap-ci:AmortizationExpense-Operating contextRef="From20110101To20110331" decimals="-3" unitRef="TWD">10726000</tw-gaap-ci:AmortizationExpense-Operating>
  <tw-gaap-ci:CashCashEquivalents contextRef="AsOf20100101" decimals="-3" unitRef="TWD">713234000</tw-gaap-ci:CashCashEquivalents>
  <tw-gaap-ci:CashCashEquivalents contextRef="AsOf20110101" decimals="-3" unitRef="TWD">720992000</tw-gaap-ci:CashCashEquivalents>
  <tw-gaap-ci:ChangesAccountsPayable contextRef="From20100101To20100331" decimals="-3" unitRef="TWD">67150000</tw-gaap-ci:ChangesAccountsPayable>
  <tw-gaap-ci:ChangesAccountsPayable contextRef="From20110101To20110331" decimals="-3" unitRef="TWD">23356000</tw-gaap-ci:ChangesAccountsPayable>
  <tw-gaap-ci:ChangesAccountsPayableRelatedParties contextRef="From20100101To20100331" decimals="-3" unitRef="TWD">-62471000</tw-gaap-ci:ChangesAccountsPayableRelatedParties>
  <tw-gaap-ci:ChangesAccountsPayableRelatedParties contextRef="From20110101To20110331" decimals="-3" unitRef="TWD">-83961000</tw-gaap-ci:ChangesAccountsPayableRelatedParties>
  <tw-gaap-ci:ChangesAccountsReceivable contextRef="From20100101To20100331" decimals="-3" unitRef="TWD">111525000</tw-gaap-ci:ChangesAccountsReceivable>
  <tw-gaap-ci:ChangesAccountsReceivable contextRef="From20110101To20110331" decimals="-3" unitRef="TWD">-81140000</tw-gaap-ci:ChangesAccountsReceivable>
  <tw-gaap-ci:ChangesAccountsReceivableRelatedParties contextRef="From20100101To20100331" decimals="-3" unitRef="TWD">8404000</tw-gaap-ci:ChangesAccountsReceivableRelatedParties>
  <tw-gaap-ci:ChangesAccountsReceivableRelatedParties contextRef="From20110101To20110331" decimals="-3" unitRef="TWD">57302000</tw-gaap-ci:ChangesAccountsReceivableRelatedParties>
  <tw-gaap-ci:ChangesAccruedExpenses contextRef="From20100101To20100331" decimals="-3" unitRef="TWD">15202000</tw-gaap-ci:ChangesAccruedExpenses>
  <tw-gaap-ci:ChangesAccruedExpenses contextRef="From20110101To20110331" decimals="-3" unitRef="TWD">-5421000</tw-gaap-ci:ChangesAccruedExpenses>
  <tw-gaap-ci:ChangesAccruedPensionLiabilities contextRef="From20100101To20100331" decimals="-3" unitRef="TWD">1257000</tw-gaap-ci:ChangesAccruedPensionLiabilities>
  <tw-gaap-ci:ChangesAccruedPensionLiabilities contextRef="From20110101To20110331" decimals="-3" unitRef="TWD">930000</tw-gaap-ci:ChangesAccruedPensionLiabilities>
  <tw-gaap-ci:ChangesDeferredTaxAssets contextRef="From20100101To20100331" decimals="-3" unitRef="TWD">-1903000</tw-gaap-ci:ChangesDeferredTaxAssets>
  <tw-gaap-ci:ChangesDeferredTaxAssets contextRef="From20110101To20110331" decimals="-3" unitRef="TWD">9020000</tw-gaap-ci:ChangesDeferredTaxAssets>
  <tw-gaap-ci:ChangesFinancialAssetsHeldTrading contextRef="From20100101To20100331" decimals="-3" unitRef="TWD">52701000</tw-gaap-ci:ChangesFinancialAssetsHeldTrading>
  <tw-gaap-ci:ChangesFinancialAssetsHeldTrading contextRef="From20110101To20110331" decimals="-3" unitRef="TWD">136544000</tw-gaap-ci:ChangesFinancialAssetsHeldTrading>
  <tw-gaap-ci:ChangesGuaranteeDepositsReceived contextRef="From20100101To20100331" decimals="-3" unitRef="TWD">-144000</tw-gaap-ci:ChangesGuaranteeDepositsReceived>
  <tw-gaap-ci:ChangesGuaranteeDepositsReceived contextRef="From20110101To20110331" decimals="-3" unitRef="TWD">20000</tw-gaap-ci:ChangesGuaranteeDepositsReceived>
  <tw-gaap-ci:ChangesIncomeTaxPayable contextRef="From20100101To20100331" decimals="-3" unitRef="TWD">3637000</tw-gaap-ci:ChangesIncomeTaxPayable>
  <tw-gaap-ci:ChangesIncomeTaxPayable contextRef="From20110101To20110331" decimals="-3" unitRef="TWD">-5843000</tw-gaap-ci:ChangesIncomeTaxPayable>
  <tw-gaap-ci:ChangesInventories contextRef="From20100101To20100331" decimals="-3" unitRef="TWD">-69311000</tw-gaap-ci:ChangesInventories>
  <tw-gaap-ci:ChangesInventories contextRef="From20110101To20110331" decimals="-3" unitRef="TWD">-33157000</tw-gaap-ci:ChangesInventories>
  <tw-gaap-ci:ChangesNotesPayable contextRef="From20100101To20100331" decimals="-3" unitRef="TWD">-1800000</tw-gaap-ci:ChangesNotesPayable>
  <tw-gaap-ci:ChangesNotesPayable contextRef="From20110101To20110331" decimals="-3" unitRef="TWD">-100000</tw-gaap-ci:ChangesNotesPayable>
  <tw-gaap-ci:ChangesNotesReceivable contextRef="From20100101To20100331" decimals="-3" unitRef="TWD">-861000</tw-gaap-ci:ChangesNotesReceivable>
  <tw-gaap-ci:ChangesNotesReceivable contextRef="From20110101To20110331" decimals="-3" unitRef="TWD">-2000</tw-gaap-ci:ChangesNotesReceivable>
  <tw-gaap-ci:ChangesOtherCurrentLiabilities_CI contextRef="From20100101To20100331" decimals="-3" unitRef="TWD">-345000</tw-gaap-ci:ChangesOtherCurrentLiabilities_CI>
  <tw-gaap-ci:ChangesOtherCurrentLiabilities_CI contextRef="From20110101To20110331" decimals="-3" unitRef="TWD">-166000</tw-gaap-ci:ChangesOtherCurrentLiabilities_CI>
  <tw-gaap-ci:ChangesOtherPayables contextRef="From20100101To20100331" decimals="-3" unitRef="TWD">-83000</tw-gaap-ci:ChangesOtherPayables>
  <tw-gaap-ci:ChangesOtherPayables contextRef="From20110101To20110331" decimals="-3" unitRef="TWD">20000</tw-gaap-ci:ChangesOtherPayables>
  <tw-gaap-ci:ChangesOtherPrepayments contextRef="From20100101To20100331" decimals="-3" unitRef="TWD">-3016000</tw-gaap-ci:ChangesOtherPrepayments>
  <tw-gaap-ci:ChangesOtherPrepayments contextRef="From20110101To20110331" decimals="-3" unitRef="TWD">-980000</tw-gaap-ci:ChangesOtherPrepayments>
  <tw-gaap-ci:ChangesOtherReceivableRelatedParties contextRef="From20100101To20100331" decimals="-3" unitRef="TWD">-1092000</tw-gaap-ci:ChangesOtherReceivableRelatedParties>
  <tw-gaap-ci:ChangesOtherReceivableRelatedParties contextRef="From20110101To20110331" decimals="-3" unitRef="TWD">-203000</tw-gaap-ci:ChangesOtherReceivableRelatedParties>
  <tw-gaap-ci:ChangesOtherReceivables contextRef="From20100101To20100331" decimals="-3" unitRef="TWD">-7403000</tw-gaap-ci:ChangesOtherReceivables>
  <tw-gaap-ci:ChangesOtherReceivables contextRef="From20110101To20110331" decimals="-3" unitRef="TWD">7448000</tw-gaap-ci:ChangesOtherReceivables>
  <tw-gaap-ci:ChangesPrepaidExpenses contextRef="From20100101To20100331" decimals="-3" unitRef="TWD">-4399000</tw-gaap-ci:ChangesPrepaidExpenses>
  <tw-gaap-ci:ChangesPrepaidExpenses contextRef="From20110101To20110331" decimals="-3" unitRef="TWD">-2079000</tw-gaap-ci:ChangesPrepaidExpenses>
  <tw-gaap-ci:ChangesPrepaymentsLongTermInvestments contextRef="From20100101To20100331" decimals="-3" unitRef="TWD">-10071000</tw-gaap-ci:ChangesPrepaymentsLongTermInvestments>
  <tw-gaap-ci:ChangesPrepaymentsLongTermInvestments contextRef="From20110101To20110331" decimals="-3" unitRef="TWD">-3000000</tw-gaap-ci:ChangesPrepaymentsLongTermInvestments>
  <tw-gaap-ci:ChangesReceiptsAdvance contextRef="From20100101To20100331" decimals="-3" unitRef="TWD">-18717000</tw-gaap-ci:ChangesReceiptsAdvance>
  <tw-gaap-ci:ChangesReceiptsAdvance contextRef="From20110101To20110331" decimals="-3" unitRef="TWD">-7012000</tw-gaap-ci:ChangesReceiptsAdvance>
  <tw-gaap-ci:ChangesRefundableDeposits contextRef="From20100101To20100331" decimals="-3" unitRef="TWD">0</tw-gaap-ci:ChangesRefundableDeposits>
  <tw-gaap-ci:ChangesRefundableDeposits contextRef="From20110101To20110331" decimals="-3" unitRef="TWD">66000</tw-gaap-ci:ChangesRefundableDeposits>
  <tw-gaap-ci:DepreciationExpense-Operating contextRef="From20100101To20100331" decimals="-3" unitRef="TWD">12528000</tw-gaap-ci:DepreciationExpense-Operating>
  <tw-gaap-ci:DepreciationExpense-Operating contextRef="From20110101To20110331" decimals="-3" unitRef="TWD">14897000</tw-gaap-ci:DepreciationExpense-Operating>
  <tw-gaap-ci:EffectExchangeRateChanges contextRef="From20100101To20100331" decimals="-3" unitRef="TWD">8000</tw-gaap-ci:EffectExchangeRateChanges>
  <tw-gaap-ci:EffectExchangeRateChanges contextRef="From20110101To20110331" decimals="-3" unitRef="TWD">-11000</tw-gaap-ci:EffectExchangeRateChanges>
  <tw-gaap-ci:GainLossDisposalScrappingFixedAssets contextRef="From20100101To20100331" decimals="-3" unitRef="TWD">0</tw-gaap-ci:GainLossDisposalScrappingFixedAssets>
  <tw-gaap-ci:GainLossDisposalScrappingFixedAssets contextRef="From20110101To20110331" decimals="-3" unitRef="TWD">-37000</tw-gaap-ci:GainLossDisposalScrappingFixedAssets>
  <tw-gaap-ci:GainLossInventoryValuationObsolescenceRecoverie contextRef="From20100101To20100331" decimals="-3" unitRef="TWD">2951000</tw-gaap-ci:GainLossInventoryValuationObsolescenceRecoverie>
  <tw-gaap-ci:GainLossInventoryValuationObsolescenceRecoverie contextRef="From20110101To20110331" decimals="-3" unitRef="TWD">-1766000</tw-gaap-ci:GainLossInventoryValuationObsolescenceRecoverie>
  <tw-gaap-ci:IncomeTaxPaid contextRef="From20100101To20100331" decimals="-3" unitRef="TWD">3011000</tw-gaap-ci:IncomeTaxPaid>
  <tw-gaap-ci:IncomeTaxPaid contextRef="From20110101To20110331" decimals="-3" unitRef="TWD">5767000</tw-gaap-ci:IncomeTaxPaid>
  <tw-gaap-ci:IncreaseDeferredCharges contextRef="From20100101To20100331" decimals="-3" unitRef="TWD">-3823000</tw-gaap-ci:IncreaseDeferredCharges>
  <tw-gaap-ci:IncreaseDeferredCharges contextRef="From20110101To20110331" decimals="-3" unitRef="TWD">-8722000</tw-gaap-ci:IncreaseDeferredCharges>
  <tw-gaap-ci:InvestmentLossIncomeRecognizedEquityMethod contextRef="From20100101To20100331" decimals="-3" unitRef="TWD">32035000</tw-gaap-ci:InvestmentLossIncomeRecognizedEquityMethod>
  <tw-gaap-ci:InvestmentLossIncomeRecognizedEquityMethod contextRef="From20110101To20110331" decimals="-3" unitRef="TWD">6912000</tw-gaap-ci:InvestmentLossIncomeRecognizedEquityMethod>
  <tw-gaap-ci:NetChangesCashCashEquivalents contextRef="From20100101To20100331" decimals="-3" unitRef="TWD">35643000</tw-gaap-ci:NetChangesCashCashEquivalents>
  <tw-gaap-ci:NetChangesCashCashEquivalents contextRef="From20110101To20110331" decimals="-3" unitRef="TWD">75918000</tw-gaap-ci:NetChangesCashCashEquivalents>
  <tw-gaap-ci:NetIncomeLoss_StatementCashFlows contextRef="From20100101To20100331" decimals="-3" unitRef="TWD">17709000</tw-gaap-ci:NetIncomeLoss_StatementCashFlows>
  <tw-gaap-ci:NetIncomeLoss_StatementCashFlows contextRef="From20110101To20110331" decimals="-3" unitRef="TWD">43203000</tw-gaap-ci:NetIncomeLoss_StatementCashFlows>
  <tw-gaap-ci:ProceedsDisposalPropertyPlantEquipment contextRef="From20100101To20100331" decimals="-3" unitRef="TWD">0</tw-gaap-ci:ProceedsDisposalPropertyPlantEquipment>
  <tw-gaap-ci:ProceedsDisposalPropertyPlantEquipment contextRef="From20110101To20110331" decimals="-3" unitRef="TWD">37000</tw-gaap-ci:ProceedsDisposalPropertyPlantEquipment>
  <tw-gaap-ci:ProvisionTransferRevenueBadDebtsLosses contextRef="From20100101To20100331" decimals="-3" unitRef="TWD">823000</tw-gaap-ci:ProvisionTransferRevenueBadDebtsLosses>
  <tw-gaap-ci:ProvisionTransferRevenueBadDebtsLosses contextRef="From20110101To20110331" decimals="-3" unitRef="TWD">6366000</tw-gaap-ci:ProvisionTransferRevenueBadDebtsLosses>
  <tw-gaap-ci:RealizedGainInteraffiliateAccounts_StatementCashFlows contextRef="From20100101To20100331" decimals="-3" unitRef="TWD">-12030000</tw-gaap-ci:RealizedGainInteraffiliateAccounts_StatementCashFlows>
  <tw-gaap-ci:RealizedGainInteraffiliateAccounts_StatementCashFlows contextRef="From20110101To20110331" decimals="-3" unitRef="TWD">-19176000</tw-gaap-ci:RealizedGainInteraffiliateAccounts_StatementCashFlows>
  <tw-gaap-ci:UnrealizedGainInteraffiliateAccounts_StatementCashFlows contextRef="From20100101To20100331" decimals="-3" unitRef="TWD">11675000</tw-gaap-ci:UnrealizedGainInteraffiliateAccounts_StatementCashFlows>
  <tw-gaap-ci:UnrealizedGainInteraffiliateAccounts_StatementCashFlows contextRef="From20110101To20110331" decimals="-3" unitRef="TWD">19739000</tw-gaap-ci:UnrealizedGainInteraffiliateAccounts_StatementCashFlows>
  <tw-gaap-ci:UnrealizedRevaluationGainFinancialAssetsLiabilities contextRef="From20100101To20100331" decimals="-3" unitRef="TWD">-962000</tw-gaap-ci:UnrealizedRevaluationGainFinancialAssetsLiabilities>
  <tw-gaap-ci:UnrealizedRevaluationGainFinancialAssetsLiabilities contextRef="From20110101To20110331" decimals="-3" unitRef="TWD">0</tw-gaap-ci:UnrealizedRevaluationGainFinancialAssetsLiabilities>
  <tw-gaap-ci:NetCashProvidedUsedOperatingActivities contextRef="From20100101To20100331" decimals="-3" unitRef="TWD">158985000</tw-gaap-ci:NetCashProvidedUsedOperatingActivities>
  <tw-gaap-ci:NetCashProvidedUsedOperatingActivities contextRef="From20110101To20110331" decimals="-3" unitRef="TWD">95420000</tw-gaap-ci:NetCashProvidedUsedOperatingActivities>
  <tw-gaap-ci:AdjustmentsReconcileNetIncomeNetCashProvidedUsedOperatingActivities contextRef="From20100101To20100331" decimals="-3" unitRef="TWD">52801000</tw-gaap-ci:AdjustmentsReconcileNetIncomeNetCashProvidedUsedOperatingActivities>
  <tw-gaap-ci:AdjustmentsReconcileNetIncomeNetCashProvidedUsedOperatingActivities contextRef="From20110101To20110331" decimals="-3" unitRef="TWD">37661000</tw-gaap-ci:AdjustmentsReconcileNetIncomeNetCashProvidedUsedOperatingActivities>
  <tw-gaap-ci:ChangesOperatingAssetsLiabilities contextRef="From20100101To20100331" decimals="-3" unitRef="TWD">88475000</tw-gaap-ci:ChangesOperatingAssetsLiabilities>
  <tw-gaap-ci:ChangesOperatingAssetsLiabilities contextRef="From20110101To20110331" decimals="-3" unitRef="TWD">14556000</tw-gaap-ci:ChangesOperatingAssetsLiabilities>
  <tw-gaap-ci:ChangesOperatingAssets contextRef="From20100101To20100331" decimals="-3" unitRef="TWD">84645000</tw-gaap-ci:ChangesOperatingAssets>
  <tw-gaap-ci:ChangesOperatingAssets contextRef="From20110101To20110331" decimals="-3" unitRef="TWD">92753000</tw-gaap-ci:ChangesOperatingAssets>
  <tw-gaap-ci:ChangesOperatingLiabilities contextRef="From20100101To20100331" decimals="-3" unitRef="TWD">3830000</tw-gaap-ci:ChangesOperatingLiabilities>
  <tw-gaap-ci:ChangesOperatingLiabilities contextRef="From20110101To20110331" decimals="-3" unitRef="TWD">-78197000</tw-gaap-ci:ChangesOperatingLiabilities>
  <tw-gaap-ci:NetCashProvidedUsedInvestingActivities contextRef="From20100101To20100331" decimals="-3" unitRef="TWD">-123206000</tw-gaap-ci:NetCashProvidedUsedInvestingActivities>
  <tw-gaap-ci:NetCashProvidedUsedInvestingActivities contextRef="From20110101To20110331" decimals="-3" unitRef="TWD">-19511000</tw-gaap-ci:NetCashProvidedUsedInvestingActivities>
  <tw-gaap-ci:NetCashProvidedUsedFinancingActivities contextRef="From20100101To20100331" decimals="-3" unitRef="TWD">-144000</tw-gaap-ci:NetCashProvidedUsedFinancingActivities>
  <tw-gaap-ci:NetCashProvidedUsedFinancingActivities contextRef="From20110101To20110331" decimals="-3" unitRef="TWD">20000</tw-gaap-ci:NetCashProvidedUsedFinancingActivities>
  <tw-gaap-ar:AccountantName contextRef="AsOf20110428">資誠聯合會計師事務所</tw-gaap-ar:AccountantName>
  <tw-gaap-ar:AssuranceAccountantName1 contextRef="AsOf20110428">溫芳郁</tw-gaap-ar:AssuranceAccountantName1>
  <tw-gaap-ar:AssuranceAccountantName2 contextRef="AsOf20110428">林玉寬</tw-gaap-ar:AssuranceAccountantName2>
  <tw-gaap-ar:ReviewAuditDate contextRef="AsOf20110428">2011-04-28</tw-gaap-ar:ReviewAuditDate>
  <tw-gaap-ar:ReviewReport contextRef="AsOf20110428">Y</tw-gaap-ar:ReviewReport>
  <tw-gaap-ar:QualifiedOpinionAbstract contextRef="AsOf20110428">Y</tw-gaap-ar:QualifiedOpinionAbstract>
  <tw-gaap-ar:ByInvestmentCompaniesWithoutAccountantAuditReportRecognizedGainLoss contextRef="AsOf20110428">Y</tw-gaap-ar:ByInvestmentCompaniesWithoutAccountantAuditReportRecognizedGainLoss>
  <tw-gaap-ar:DescriptionEmphasizeItemBody contextRef="AsOf20110428"><![CDATA[]]></tw-gaap-ar:DescriptionEmphasizeItemBody>
  <tw-gaap-ar:DescriptionOtherItemBody contextRef="AsOf20110428"><![CDATA[]]></tw-gaap-ar:DescriptionOtherItemBody>
  <tw-gaap-ar:AccountantsReportBody contextRef="AsOf20110428"><![CDATA[
虹光精密工業股份有限公司 公鑒：
    虹光精密工業股份有限公司民國100年3月31日及民國99年3月31日之資產負債表，暨
民國100年1月1日至3月31日及民國99年1月1日至3月31日之損益表及現金流量表，業經本
會計師核閱竣事。上開財務報表之編製係管理階層之責任，本會計師之責任則為根據核
閱結果出具報告。
    除下段所述者外，本會計師係依照中華民國審計準則公報第三十六號「財務報表之
核閱」規劃並執行核閱工作。由於本會計師僅實施分析、比較與查詢，並未依照一般公
認審計準則查核，故無法對上開財務報表之整體表示查核意見。
    如財務報表附註四(六)所述，虹光精密工業股份有限公司民國100年及99年3月31日
採權益法評價之長期股權投資，係依各被投資公司同期未經會計師核閱之財務報表評價
而得，所認列之投資損失分別為6,912仟元及32,035仟元，其相關之長期股權投資餘額為
1,904,629仟元、長期投資貸項餘額21,490仟元及長期股權投資餘額1,974,925仟元、長
期投資貸項餘額8,084仟元。另如財務報表附註十一所述，虹光精密工業股份有限公司民
國100年度第一季揭露有關被投資公司之資訊，係以各被投資公司提供未經會計師核閱之
財務資料編製而得。
    依本會計師核閱結果，除上段所述該等被投資公司財務報表倘經會計師核閱，對財
務報表可能有所調整之影響外，並未發現第一段所述財務報表有違反「證券發行人財務
報告編製準則」、「商業會計法」、「商業會計處理準則」及中華民國一般公認會計原
則而需作修正之情事。
    虹光精密工業股份有限公司已編製民國100年及99年度第一季合併財務報表，並均經
本會計師出具保留式核閱報告在案，備供參考。]]></tw-gaap-ar:AccountantsReportBody>
  <tw-gaap-notes:FinancialReportNotes contextRef="From20110101To20110331"><![CDATA[http://doc.twse.com.tw/server-java/t57sb01?step=1&colorchg=1&co_id=2380&year=100&seamon=1&mtype=A&]]></tw-gaap-notes:FinancialReportNotes>
  <tw-gaap-notes:OrganizationAndOperations contextRef="From20110101To20110331"><![CDATA[　　虹光精密工業股份有限公司設立於民國80年4月24日，同年7月27日開始營業，主要業務為
　　數位化辦公設備(多功能事務機及影像掃描器)之開發及製造等。本公司股票自民國87年1
　　2月起在台灣證券交易所買賣。截至民國100年3月31日止，本公司員工人數為481人。
]]></tw-gaap-notes:OrganizationAndOperations>
  <tw-gaap-notes:SummaryOfSignificantAccountingPolicies contextRef="From20110101To20110331"><![CDATA[　　本財務報表係依照「證券發行人財務報告編製準則」、「商業會計法」、「商業會計處理
　　準則」及中華民國一般公認會計原則編製重要政策彙總說明如下：
　　(一)外幣交易
　　　　1.外幣交易按交易當日之即期匯率做為入帳基礎，其與實際收付時之兌換差異，列為當
　　　　　年度損益。
　　　　2.期末就外幣貨幣性資產或負債餘額，按資產負債表日之即期匯率評價調整，因調整而
　　　　　產生之兌換差額列為當年度損益；惟與國外營運機構間具有長期投資性質之外幣墊款
　　　　　所產生之兌換差額則列為股東權益調整項目。
　　　　3.期末就外幣非貨幣性資產或負債餘額，屬依公平價值衡量且變動列入損益者，按資產
　　　　　負債表日之即期匯率評價調整，因調整而產生之兌換差額列為當年度損益；屬依公平
　　　　　價值衡量且變動列入股東權益調整項目者，按資產負債表日之即期匯率評價調整，因
　　　　　調整而產生之兌換差額，列為股東權益調整項目；屬非依公平價值衡量者，則按交易
　　　　　日之歷史匯率衡量。
　　(二)資產負債區分流動及非流動之分類標準
　　　　1.資產符合下列條件之一者，列為流動資產；資產不屬於流動資產者為非流動資產：
　　　　　(1)因營業所產生之資產，預期將於正常營業週期中變現、消耗或意圖出售者。
　　　　　(2)主要為交易目的而持有者。
　　　　　(3)預期於資產負債表日後十二個月內將變現者。
　　　　　(4)現金或約當現金，但於資產負債表日後逾十二個月用以交換、清償負債或受有其他
　　　　　　　限制者除外。
　　　　2.負債符合下列條件之一者，列為流動負債；負債不屬於流動負債者為非流動負債：
　　　　　(1)因營業而發生之債務，預期將於正常營業週期中清償者。
　　　　　(2)主要為交易目的而發生者。
　　　　　(3)須於資產負債表日後十二個月內清償者。
　　　　　(4)不能無條件延期至資產負債表日後逾十二個月清償之負債。
　　(三)公平價值變動列入損益之金融資產與負債
　　　　1.係採交易日會計，於原始認列時，將金融商品以公平價值衡量。
　　　　2.公平價值變動列入損益之金融資產與負債係以公平價值評價且其價值變動列為當期損
　　　　　益。上市/上櫃股票、封閉型基金及存託憑證係以資產負債表日公開市場之收盤價為公
　　　　　平價值。開放型基金係以資產負債表日該基金淨資產價值為公平價值。
　　　　3.未符合避險會計之衍生性商品，屬選擇權交易者，於交易日以當日之公平價值認列；
　　　　　非屬選擇權交易者，於交易日認列之公平價值為零。
　　(四)以成本衡量之金融資產
　　　　1.係採交易日會計，於原始認列時，將金融商品以公平價值衡量，並加計取得或發行之
　　　　　交易成本。
　　　　2.以成本衡量之金融資產若有減損之客觀證據，則認列減損損失，此減損金額不予迴轉
　　　　　。
　　(五)應收票據及帳款、其他應收款
　　　　1.應收票據及帳款係因出售商品或勞務而發生之債權，其他應收款係不屬於應收票據及
　　　　　帳款之其他應收款項。應收票據及帳款、其他應收款原始認列時以公平價值衡量，續
　　　　　後以有效利率法之攤銷後成本減除減損後之金額衡量。
　　　　2.本公司於資產負債表日評估是否存在客觀證據，顯示重大個別金融資產發生減損，以
　　　　　及非屬重大之個別金融資產單獨或共同發生減損。若有減損之客觀證據，則認列減損
　　　　　損失。減損金額為金融資產之帳面價值與其估計未來現金流量採原始有效利率折現之
　　　　　現值間之差額。若後續期間減損金額減少，而該減少明顯與認列減損後發生之事件有
　　　　　關，則迴轉先前認列之金融資產減損金額，該迴轉不應使金融資產帳面金額大於未認
　　　　　列減損情況下之攤銷後成本，迴轉之金額認列為當期損益。
　　(六)存貨
　　　　採永續盤存制，成本結轉按標準成本計算，期末將當期產生之各項差異，依比例分攤至
　　　　銷貨成本及期末存貨中，俾反映實際成本。期末存貨採成本與淨變現價值孰低法衡量；
　　　　比較成本與淨變現價值孰低時，採逐項比較法。淨變現價值係指在正常情況下之估計售
　　　　價減除至完工尚需投入之成本及推銷費用後之餘額。
　　(七)採權益法之長期股權投資
　　　　1.持有被投資公司有表決權股份比例達20%以上或具有重大影響力者，採權益法評價。
　　　　2.自民國94年1月1日起對於採權益法評價之被投資公司，若具有重大影響力但未達控制
　　　　　能力者，其投資損失之認列以使對該被投資公司投資及墊款之帳面餘額降低至零為限
　　　　　，除非本公司對該被投資公司有背書保證或意圖繼續支持該被投資公司，則按持股比
　　　　　例繼續認列投資損失，若對投資公司已具控制能力者，除被投資公司之其他股東有義
　　　　　務並能夠提出額外資金承擔其損失者外，以全額吸收超過被投資公司股東原有權益之
　　　　　損失金額，若該被投資公司日後獲利，則該利益宜先歸屬本公司，直至原多承擔之損
　　　　　失完全回復為止。
　　　　3.海外投資按權益法評價時，被投資公司財務報表轉換所產生之「累積換算調整數」作
　　　　　為本公司股東權益之調整項目。
　　(八)固定資產
　　　　1.固定資產以取得成本為入帳基礎，並將購建期間有關之利息資本化。
　　　　2.折舊按行政院頒佈之固定資產耐用年限加計一年殘值，採平均法提列。各項資產之耐
　　　　　用年限，除房屋及建築物為50～55年外，其餘固定資產為2～15年。
　　　　3.凡支出效益及於以後各期之重大改良或大修支出列為資本支出，經常性維護或修理支
　　　　　出則列為當期費用。
　　(九)遞延費用
　　　　係電腦軟體及技術權利金，以取得成本為入帳基礎，按估計效益年數採平均法攤提。
　　(十)非金融資產減損
　　　　本公司於資產負債表日針對有減損跡象之資產，估計其可回收金額，當可回收金額低於
　　　　其帳面價值時，則認列減損損失。可回收金額係指一項資產之淨公平價值或其使用價值
　　　　，兩者較高者。當以前年度認列資產減損之情況不再存在時，則在以前年度提列損失金
　　　　額之範圍內予以迴轉。
　　(十一)退休金
　　　　　退休金辦法屬確定給付退休辦法者，係依據精算結果認列淨退休金成本，淨退休金成
　　　　　本包括當期服務成本、利息成本、基金資產之預期報酬及未認列過渡性淨給付義務與
　　　　　退休金損益之攤銷數。未認列過渡性淨給付義務按十五年攤提。退休金辦法屬確定提
　　　　　撥辦法者，則依權責發生基礎將應提撥之退休基金數額認列為當期之退休金成本。
　　(十二)所得稅
　　　　　1.所得稅之會計處理採跨期間與同期間之所得稅分攤，以前年度溢低估之所得稅，列
　　　　　　為當期所得稅費用之調整項目。當稅法修正時，於公布日之年度按新規定將遞延所得
　　　　　　稅負債或資產重新計算，因而產生之遞延所得負債或資產之變動影響數，列入當期繼
　　　　　　續營業部門之所得稅費用(利益)。
　　　　　2.因購置設備或技術、研究發展支出、人才培訓支出及股權投資等所產生之所得稅抵
　　　　　　減採當期認列法處理。
　　　　　3.未分配盈餘依所得稅法加徵10%之營利事業所得稅，於股東會決議分配盈餘後列為當
　　　　　　期費用。
　　(十三)庫藏股
　　　　　1.本公司收回已發行股票時，其屬買回者，將所支付之成本列為股東權益之減項。
　　　　　2.庫藏股票轉讓給員工之給與日在民國97 年1 月1 日(含)以後者， 依財務會計準則
　　　　　　公報第三十九號「股份基礎給付之會計處理準則」處理。
　　　　　3.註銷庫藏股票時，貸記「庫藏股票」，並按股權比例借記「資本公積-股票發行溢價
　　　　　　」與「股本」。庫藏股票之帳面價值如高於面值與股票發行溢價之合計數時，其差額
　　　　　　沖銷同種類庫藏股票所產生之資本公積，如有不足再借記保留盈餘；反之，其差額貸
　　　　　　記同種類庫藏股票交易所產生之資本公積。
　　(十四)股份基礎給付-員工獎酬
　　　　　1.員工認股權證之給與日於民國93年1月1日(含)至民國96年12月31日(含)者，依92年
　　　　　　3月17日財團法人中華民國會計研究發展基金會(92)基秘字第070、071、072號函「員
　　　　　　工認股權證之會計處理」之規定採用內含價值法認列費用，並揭露依財務會計準則公
　　　　　　報第三十九號「股份基礎給付之會計處理準則」規定衡量之擬制本期淨利及每股盈餘
　　　　　　資訊。
　　　　　2.股份基礎給付協議之給與日於民國97年1月1日(含)以後者，以所給與權益商品之公
　　　　　　平價值衡量所取得之員工勞務，並於既得期間認列為薪資費用。
　　(十五)員工分紅及董監酬勞
　　　　　自民國97年1月1日起，本公司員工分紅及董監酬勞成本，依民國96年3月16日財團法人
　　　　　中華民國會計研究發展基金會(96)基秘字第052號函「員工分紅及董監酬勞會計處理」
　　　　　之規定，於具法律義務或推定義務且金額可合理估計時，認列為費用及負債。嗣後股
　　　　　東會決議實際配發金額與估列金額有重大差異時，則列為次年度之損益。另依民國97
　　　　　年3月31日財團法人中華民國會計研究發展基金會(97)基祕號第127號函「上市上櫃公
　　　　　司員工分紅股數計算基準」，本公司以財務報告年度之次年度股東會決議日前一日之
　　　　　每股公平價值(收盤價)，並考慮除權除息影響後之金額，計算股票紅利之股數。
　　(十六)收入與成本
　　　　　收入於獲利過程大部份已完成，且已實現或可實現時認列。相關成本配合收入於發生
　　　　　時承認。費用則依權責發生制於發生時認列為當期費用。
　　(十七)會計估計
　　　　　本公司於編製財務報表時，業已依照一般公認會計原則之規定，對財務報表所列金額
　　　　　及或有事項，作必要之衡量、評估與揭露，其中包括若干假設及估計之採用，惟該等
　　　　　假設與實際結果可能存在差異。
　　(十八)營運部門
　　　　　本公司營運部門資訊與提供給營運決策者之內部管理報告採一致之方式報導。營運決
　　　　　策者負責分配資源予營運部門並評估其績效。
　　　　　本公司依財務會計準則公報第四十一號「營運部門資訊之揭露」規定於合併財務報表
　　　　　揭露部門資訊，而不於個別財務報表揭露部門資訊。
]]></tw-gaap-notes:SummaryOfSignificantAccountingPolicies>
  <tw-gaap-notes:ChangesInAccountingPrinciples contextRef="From20110101To20110331"><![CDATA[　　(一)應收票據及帳款、其他應收款
　　　　本公司自民國100年1月1日起,採用新修訂之財務會計準則公報第三十四號「金融商品之
　　　　會計處理準則」，就應收票據及帳款、其他應收款等各項債權，於有減損之客觀證據時
　　　　認列減損(呆帳)損失，此項會計原則變動並不影響民國100年度第一季之淨利及每股盈
　　　　餘。
　　(二)營運部門
　　　　本公司自民國100年1月1日起，採用新發布之財務會計準則公報第四十一號「營運部門
　　　　資訊之揭露」，以取代原財務會計準則公報第二十號「部門別財務資訊之揭露」。本公
　　　　司依據該公報所辨識之營運部門，與原第二十號公報之部門辨認結果並無差異，此項會
　　　　計原則變動對本公司並無影響。
]]></tw-gaap-notes:ChangesInAccountingPrinciples>
</xbrli:xbrl>