<?xml version="1.0" encoding="UTF-8"?>
<xbrl xmlns="http://www.xbrl.org/2003/instance" xmlns:iso4217="http://www.xbrl.org/2003/iso4217" xmlns:link="http://www.xbrl.org/2003/linkbase" xmlns:tw-gaap-ar="http://www.xbrl.org/tw/fr/gaap/ar/2010-12-31" xmlns:tw-gaap-ci="http://www.xbrl.org/tw/fr/gaap/tw-gaap-ci-2010-12-31" xmlns:tw-gaap-notes="http://www.xbrl.org/tw/fr/gaap/notes/2010-12-31" xmlns:xbrldi="http://xbrl.org/2006/xbrldi" xmlns:xbrldt="http://xbrl.org/2005/xbrldt" xmlns:xbrli="http://www.xbrl.org/2003/instance" xmlns:xlink="http://www.w3.org/1999/xlink">
	<link:schemaRef xlink:arcrole="http://www.w3.org/1999/xlink/properties/linkbase" xlink:href="tw-gaap-ci-2010-12-31.xsd" xlink:type="simple"/>	<context id="AsOf20110425">
		<entity>
			<identifier scheme="http://www.twse.com.tw">3060</identifier>
		</entity>
		<period>
			<instant>2011-04-25</instant>
		</period>
	</context>
	<context id="AsOf20100101">
		<entity>
			<identifier scheme="http://www.twse.com.tw">3060</identifier>
		</entity>
		<period>
			<instant>2010-01-01</instant>
		</period>
	</context>
	<context id="AsOf20110101">
		<entity>
			<identifier scheme="http://www.twse.com.tw">3060</identifier>
		</entity>
		<period>
			<instant>2011-01-01</instant>
		</period>
	</context>
	<context id="From20100101To20100331">
		<entity>
			<identifier scheme="http://www.twse.com.tw">3060</identifier>
		</entity>
		<period>
			<startDate>2010-01-01</startDate>
			<endDate>2010-03-31</endDate>
		</period>
	</context>
	<context id="AsOf20100331">
		<entity>
			<identifier scheme="http://www.twse.com.tw">3060</identifier>
		</entity>
		<period>
			<instant>2010-03-31</instant>
		</period>
	</context>
	<context id="From20110101To20110331">
		<entity>
			<identifier scheme="http://www.twse.com.tw">3060</identifier>
		</entity>
		<period>
			<startDate>2011-01-01</startDate>
			<endDate>2011-03-31</endDate>
		</period>
	</context>
	<context id="AsOf20110331">
		<entity>
			<identifier scheme="http://www.twse.com.tw">3060</identifier>
		</entity>
		<period>
			<instant>2011-03-31</instant>
		</period>
	</context>
	<unit id="TWD">
		<measure>iso4217:TWD</measure>
	</unit>
	<unit id="Shares">
		<measure>xbrli:shares</measure>
	</unit>
	<unit id="EarningsPerShare">
		<divide>
			<unitNumerator>
				<measure>iso4217:TWD</measure>
			</unitNumerator>
			<unitDenominator>
				<measure>xbrli:shares</measure>
			</unitDenominator>
		</divide>
	</unit>
	<tw-gaap-ci:CashCashEquivalents contextRef="AsOf20110331" decimals="-3" unitRef="TWD">1555791000</tw-gaap-ci:CashCashEquivalents>
	<tw-gaap-ci:CashCashEquivalents contextRef="AsOf20100331" decimals="-3" unitRef="TWD">1039535000</tw-gaap-ci:CashCashEquivalents>
	<tw-gaap-ci:FinancialAssetsMeasuredFairValueProfitLossCurrent contextRef="AsOf20110331" decimals="-3" unitRef="TWD">92570000</tw-gaap-ci:FinancialAssetsMeasuredFairValueProfitLossCurrent>
	<tw-gaap-ci:FinancialAssetsMeasuredFairValueProfitLossCurrent contextRef="AsOf20100331" decimals="-3" unitRef="TWD">0</tw-gaap-ci:FinancialAssetsMeasuredFairValueProfitLossCurrent>
	<tw-gaap-ci:NetAccountsReceivable contextRef="AsOf20110331" decimals="-3" unitRef="TWD">1123668000</tw-gaap-ci:NetAccountsReceivable>
	<tw-gaap-ci:NetAccountsReceivable contextRef="AsOf20100331" decimals="-3" unitRef="TWD">1247596000</tw-gaap-ci:NetAccountsReceivable>
	<tw-gaap-ci:AccountsReceivableRelatedParties contextRef="AsOf20110331" decimals="-3" unitRef="TWD">14681000</tw-gaap-ci:AccountsReceivableRelatedParties>
	<tw-gaap-ci:AccountsReceivableRelatedParties contextRef="AsOf20100331" decimals="-3" unitRef="TWD">16604000</tw-gaap-ci:AccountsReceivableRelatedParties>
	<tw-gaap-ci:NetAccountsReceivableRelatedParties contextRef="AsOf20110331" decimals="-3" unitRef="TWD">14681000</tw-gaap-ci:NetAccountsReceivableRelatedParties>
	<tw-gaap-ci:NetAccountsReceivableRelatedParties contextRef="AsOf20100331" decimals="-3" unitRef="TWD">16604000</tw-gaap-ci:NetAccountsReceivableRelatedParties>
	<tw-gaap-ci:OtherReceivablesRelatedParties contextRef="AsOf20110331" decimals="-3" unitRef="TWD">6677000</tw-gaap-ci:OtherReceivablesRelatedParties>
	<tw-gaap-ci:OtherReceivablesRelatedParties contextRef="AsOf20100331" decimals="-3" unitRef="TWD">45014000</tw-gaap-ci:OtherReceivablesRelatedParties>
	<tw-gaap-ci:OtherFinancialAssetsCurrent contextRef="AsOf20110331" decimals="-3" unitRef="TWD">6878000</tw-gaap-ci:OtherFinancialAssetsCurrent>
	<tw-gaap-ci:OtherFinancialAssetsCurrent contextRef="AsOf20100331" decimals="-3" unitRef="TWD">11283000</tw-gaap-ci:OtherFinancialAssetsCurrent>
	<tw-gaap-ci:InventoriesManufacturing contextRef="AsOf20110331" decimals="-3" unitRef="TWD">196925000</tw-gaap-ci:InventoriesManufacturing>
	<tw-gaap-ci:InventoriesManufacturing contextRef="AsOf20100331" decimals="-3" unitRef="TWD">222427000</tw-gaap-ci:InventoriesManufacturing>
	<tw-gaap-ci:Inventories contextRef="AsOf20110331" decimals="-3" unitRef="TWD">196925000</tw-gaap-ci:Inventories>
	<tw-gaap-ci:Inventories contextRef="AsOf20100331" decimals="-3" unitRef="TWD">222427000</tw-gaap-ci:Inventories>
	<tw-gaap-ci:OtherPrepayments contextRef="AsOf20110331" decimals="-3" unitRef="TWD">8507000</tw-gaap-ci:OtherPrepayments>
	<tw-gaap-ci:OtherPrepayments contextRef="AsOf20100331" decimals="-3" unitRef="TWD">11449000</tw-gaap-ci:OtherPrepayments>
	<tw-gaap-ci:RestrictedCurrentAssets contextRef="AsOf20110331" decimals="-3" unitRef="TWD">106050000</tw-gaap-ci:RestrictedCurrentAssets>
	<tw-gaap-ci:RestrictedCurrentAssets contextRef="AsOf20100331" decimals="-3" unitRef="TWD">114050000</tw-gaap-ci:RestrictedCurrentAssets>
	<tw-gaap-ci:OtherCurrentAssets contextRef="AsOf20110331" decimals="-3" unitRef="TWD">106050000</tw-gaap-ci:OtherCurrentAssets>
	<tw-gaap-ci:OtherCurrentAssets contextRef="AsOf20100331" decimals="-3" unitRef="TWD">114050000</tw-gaap-ci:OtherCurrentAssets>
	<tw-gaap-ci:CurrentAssets contextRef="AsOf20110331" decimals="-3" unitRef="TWD">3111747000</tw-gaap-ci:CurrentAssets>
	<tw-gaap-ci:CurrentAssets contextRef="AsOf20100331" decimals="-3" unitRef="TWD">2707958000</tw-gaap-ci:CurrentAssets>
	<tw-gaap-ci:FinancialAssetsDesignatedFairValueProfitLossNonCurrent contextRef="AsOf20110331" decimals="-3" unitRef="TWD">0</tw-gaap-ci:FinancialAssetsDesignatedFairValueProfitLossNonCurrent>
	<tw-gaap-ci:FinancialAssetsDesignatedFairValueProfitLossNonCurrent contextRef="AsOf20100331" decimals="-3" unitRef="TWD">34563000</tw-gaap-ci:FinancialAssetsDesignatedFairValueProfitLossNonCurrent>
	<tw-gaap-ci:FinancialAssetsMeasuredFairValueProfitLossNonCurrent contextRef="AsOf20110331" decimals="-3" unitRef="TWD">0</tw-gaap-ci:FinancialAssetsMeasuredFairValueProfitLossNonCurrent>
	<tw-gaap-ci:FinancialAssetsMeasuredFairValueProfitLossNonCurrent contextRef="AsOf20100331" decimals="-3" unitRef="TWD">34563000</tw-gaap-ci:FinancialAssetsMeasuredFairValueProfitLossNonCurrent>
	<tw-gaap-ci:FinancialAssetsCarriedCostNoncurrent contextRef="AsOf20110331" decimals="-3" unitRef="TWD">309523000</tw-gaap-ci:FinancialAssetsCarriedCostNoncurrent>
	<tw-gaap-ci:FinancialAssetsCarriedCostNoncurrent contextRef="AsOf20100331" decimals="-3" unitRef="TWD">70882000</tw-gaap-ci:FinancialAssetsCarriedCostNoncurrent>
	<tw-gaap-ci:NetFinancialAssetsCarriedCostNonCurrent contextRef="AsOf20110331" decimals="-3" unitRef="TWD">309523000</tw-gaap-ci:NetFinancialAssetsCarriedCostNonCurrent>
	<tw-gaap-ci:NetFinancialAssetsCarriedCostNonCurrent contextRef="AsOf20100331" decimals="-3" unitRef="TWD">70882000</tw-gaap-ci:NetFinancialAssetsCarriedCostNonCurrent>
	<tw-gaap-ci:LongtermInvestmentsEquity contextRef="AsOf20110331" decimals="-3" unitRef="TWD">3523116000</tw-gaap-ci:LongtermInvestmentsEquity>
	<tw-gaap-ci:LongtermInvestmentsEquity contextRef="AsOf20100331" decimals="-3" unitRef="TWD">3341750000</tw-gaap-ci:LongtermInvestmentsEquity>
	<tw-gaap-ci:PrepaymentsLongtermInvestments contextRef="AsOf20110331" decimals="-3" unitRef="TWD">120291000</tw-gaap-ci:PrepaymentsLongtermInvestments>
	<tw-gaap-ci:PrepaymentsLongtermInvestments contextRef="AsOf20100331" decimals="-3" unitRef="TWD">0</tw-gaap-ci:PrepaymentsLongtermInvestments>
	<tw-gaap-ci:LongtermInvestments contextRef="AsOf20110331" decimals="-3" unitRef="TWD">3643407000</tw-gaap-ci:LongtermInvestments>
	<tw-gaap-ci:LongtermInvestments contextRef="AsOf20100331" decimals="-3" unitRef="TWD">3341750000</tw-gaap-ci:LongtermInvestments>
	<tw-gaap-ci:FundsInvestments contextRef="AsOf20110331" decimals="-3" unitRef="TWD">3952930000</tw-gaap-ci:FundsInvestments>
	<tw-gaap-ci:FundsInvestments contextRef="AsOf20100331" decimals="-3" unitRef="TWD">3447195000</tw-gaap-ci:FundsInvestments>
	<tw-gaap-ci:MachineryEquipment contextRef="AsOf20110331" decimals="-3" unitRef="TWD">182394000</tw-gaap-ci:MachineryEquipment>
	<tw-gaap-ci:MachineryEquipment contextRef="AsOf20100331" decimals="-3" unitRef="TWD">152170000</tw-gaap-ci:MachineryEquipment>
	<tw-gaap-ci:TransportationEquipment contextRef="AsOf20110331" decimals="-3" unitRef="TWD">0</tw-gaap-ci:TransportationEquipment>
	<tw-gaap-ci:TransportationEquipment contextRef="AsOf20100331" decimals="-3" unitRef="TWD">3990000</tw-gaap-ci:TransportationEquipment>
	<tw-gaap-ci:OfficeEquipment contextRef="AsOf20110331" decimals="-3" unitRef="TWD">56886000</tw-gaap-ci:OfficeEquipment>
	<tw-gaap-ci:OfficeEquipment contextRef="AsOf20100331" decimals="-3" unitRef="TWD">65773000</tw-gaap-ci:OfficeEquipment>
	<tw-gaap-ci:LeaseholdImprovements contextRef="AsOf20110331" decimals="-3" unitRef="TWD">57592000</tw-gaap-ci:LeaseholdImprovements>
	<tw-gaap-ci:LeaseholdImprovements contextRef="AsOf20100331" decimals="-3" unitRef="TWD">55383000</tw-gaap-ci:LeaseholdImprovements>
	<tw-gaap-ci:FixedAssetsOriginalCosts contextRef="AsOf20110331" decimals="-3" unitRef="TWD">296872000</tw-gaap-ci:FixedAssetsOriginalCosts>
	<tw-gaap-ci:FixedAssetsOriginalCosts contextRef="AsOf20100331" decimals="-3" unitRef="TWD">277316000</tw-gaap-ci:FixedAssetsOriginalCosts>
	<tw-gaap-ci:CostsRevaluationIncrement contextRef="AsOf20110331" decimals="-3" unitRef="TWD">296872000</tw-gaap-ci:CostsRevaluationIncrement>
	<tw-gaap-ci:CostsRevaluationIncrement contextRef="AsOf20100331" decimals="-3" unitRef="TWD">277316000</tw-gaap-ci:CostsRevaluationIncrement>
	<tw-gaap-ci:AccumulatedDepreciation contextRef="AsOf20110331" decimals="-3" unitRef="TWD">216872000</tw-gaap-ci:AccumulatedDepreciation>
	<tw-gaap-ci:AccumulatedDepreciation contextRef="AsOf20100331" decimals="-3" unitRef="TWD">201505000</tw-gaap-ci:AccumulatedDepreciation>
	<tw-gaap-ci:PrepaymentsBusinessFacilities contextRef="AsOf20110331" decimals="-3" unitRef="TWD">8941000</tw-gaap-ci:PrepaymentsBusinessFacilities>
	<tw-gaap-ci:PrepaymentsBusinessFacilities contextRef="AsOf20100331" decimals="-3" unitRef="TWD">6309000</tw-gaap-ci:PrepaymentsBusinessFacilities>
	<tw-gaap-ci:ConstructionProcessPrepaymentEquipments contextRef="AsOf20110331" decimals="-3" unitRef="TWD">8941000</tw-gaap-ci:ConstructionProcessPrepaymentEquipments>
	<tw-gaap-ci:ConstructionProcessPrepaymentEquipments contextRef="AsOf20100331" decimals="-3" unitRef="TWD">6309000</tw-gaap-ci:ConstructionProcessPrepaymentEquipments>
	<tw-gaap-ci:FixedAssets contextRef="AsOf20110331" decimals="-3" unitRef="TWD">88941000</tw-gaap-ci:FixedAssets>
	<tw-gaap-ci:FixedAssets contextRef="AsOf20100331" decimals="-3" unitRef="TWD">82120000</tw-gaap-ci:FixedAssets>
	<tw-gaap-ci:OtherAssetsOther contextRef="AsOf20110331" decimals="-3" unitRef="TWD">17775000</tw-gaap-ci:OtherAssetsOther>
	<tw-gaap-ci:OtherAssetsOther contextRef="AsOf20100331" decimals="-3" unitRef="TWD">15004000</tw-gaap-ci:OtherAssetsOther>
	<tw-gaap-ci:OtherAssets contextRef="AsOf20110331" decimals="-3" unitRef="TWD">17775000</tw-gaap-ci:OtherAssets>
	<tw-gaap-ci:OtherAssets contextRef="AsOf20100331" decimals="-3" unitRef="TWD">15004000</tw-gaap-ci:OtherAssets>
	<tw-gaap-ci:Assets contextRef="AsOf20110331" decimals="-3" unitRef="TWD">7171393000</tw-gaap-ci:Assets>
	<tw-gaap-ci:Assets contextRef="AsOf20100331" decimals="-3" unitRef="TWD">6252277000</tw-gaap-ci:Assets>
	<tw-gaap-ci:ShortTermBorrowings contextRef="AsOf20110331" decimals="-3" unitRef="TWD">500000000</tw-gaap-ci:ShortTermBorrowings>
	<tw-gaap-ci:ShortTermBorrowings contextRef="AsOf20100331" decimals="-3" unitRef="TWD">36828000</tw-gaap-ci:ShortTermBorrowings>
	<tw-gaap-ci:AccountsPayable contextRef="AsOf20110331" decimals="-3" unitRef="TWD">183425000</tw-gaap-ci:AccountsPayable>
	<tw-gaap-ci:AccountsPayable contextRef="AsOf20100331" decimals="-3" unitRef="TWD">156839000</tw-gaap-ci:AccountsPayable>
	<tw-gaap-ci:AccountsPayableRelatedParties contextRef="AsOf20110331" decimals="-3" unitRef="TWD">1430816000</tw-gaap-ci:AccountsPayableRelatedParties>
	<tw-gaap-ci:AccountsPayableRelatedParties contextRef="AsOf20100331" decimals="-3" unitRef="TWD">1679411000</tw-gaap-ci:AccountsPayableRelatedParties>
	<tw-gaap-ci:OtherPayablesOther contextRef="AsOf20110331" decimals="-3" unitRef="TWD">85116000</tw-gaap-ci:OtherPayablesOther>
	<tw-gaap-ci:OtherPayablesOther contextRef="AsOf20100331" decimals="-3" unitRef="TWD">198837000</tw-gaap-ci:OtherPayablesOther>
	<tw-gaap-ci:OtherPayables contextRef="AsOf20110331" decimals="-3" unitRef="TWD">85116000</tw-gaap-ci:OtherPayables>
	<tw-gaap-ci:OtherPayables contextRef="AsOf20100331" decimals="-3" unitRef="TWD">198837000</tw-gaap-ci:OtherPayables>
	<tw-gaap-ci:OtherFinancialLiabilitiesCurrent contextRef="AsOf20110331" decimals="-3" unitRef="TWD">297675000</tw-gaap-ci:OtherFinancialLiabilitiesCurrent>
	<tw-gaap-ci:OtherFinancialLiabilitiesCurrent contextRef="AsOf20100331" decimals="-3" unitRef="TWD">181928000</tw-gaap-ci:OtherFinancialLiabilitiesCurrent>
	<tw-gaap-ci:AdvanceReceipts contextRef="AsOf20110331" decimals="-3" unitRef="TWD">14888000</tw-gaap-ci:AdvanceReceipts>
	<tw-gaap-ci:AdvanceReceipts contextRef="AsOf20100331" decimals="-3" unitRef="TWD">16312000</tw-gaap-ci:AdvanceReceipts>
	<tw-gaap-ci:OtherCurrentLiabilitiesOther contextRef="AsOf20110331" decimals="-3" unitRef="TWD">30476000</tw-gaap-ci:OtherCurrentLiabilitiesOther>
	<tw-gaap-ci:OtherCurrentLiabilitiesOther contextRef="AsOf20100331" decimals="-3" unitRef="TWD">10473000</tw-gaap-ci:OtherCurrentLiabilitiesOther>
	<tw-gaap-ci:OtherCurrentLiabilities contextRef="AsOf20110331" decimals="-3" unitRef="TWD">30476000</tw-gaap-ci:OtherCurrentLiabilities>
	<tw-gaap-ci:OtherCurrentLiabilities contextRef="AsOf20100331" decimals="-3" unitRef="TWD">10473000</tw-gaap-ci:OtherCurrentLiabilities>
	<tw-gaap-ci:CurrentLiabilities contextRef="AsOf20110331" decimals="-3" unitRef="TWD">2542396000</tw-gaap-ci:CurrentLiabilities>
	<tw-gaap-ci:CurrentLiabilities contextRef="AsOf20100331" decimals="-3" unitRef="TWD">2280628000</tw-gaap-ci:CurrentLiabilities>
	<tw-gaap-ci:FinancialLiabilitiesDesignatedFairValueProfitLossNonCurrent contextRef="AsOf20110331" decimals="-3" unitRef="TWD">0</tw-gaap-ci:FinancialLiabilitiesDesignatedFairValueProfitLossNonCurrent>
	<tw-gaap-ci:FinancialLiabilitiesDesignatedFairValueProfitLossNonCurrent contextRef="AsOf20100331" decimals="-3" unitRef="TWD">2185000</tw-gaap-ci:FinancialLiabilitiesDesignatedFairValueProfitLossNonCurrent>
	<tw-gaap-ci:FinancialLiabilitiesMeasuredFairValueProfitLossNonCurrent contextRef="AsOf20110331" decimals="-3" unitRef="TWD">0</tw-gaap-ci:FinancialLiabilitiesMeasuredFairValueProfitLossNonCurrent>
	<tw-gaap-ci:FinancialLiabilitiesMeasuredFairValueProfitLossNonCurrent contextRef="AsOf20100331" decimals="-3" unitRef="TWD">2185000</tw-gaap-ci:FinancialLiabilitiesMeasuredFairValueProfitLossNonCurrent>
	<tw-gaap-ci:BondPayableNonCurrent_BondPayable contextRef="AsOf20110331" decimals="-3" unitRef="TWD">0</tw-gaap-ci:BondPayableNonCurrent_BondPayable>
	<tw-gaap-ci:BondPayableNonCurrent_BondPayable contextRef="AsOf20100331" decimals="-3" unitRef="TWD">590736000</tw-gaap-ci:BondPayableNonCurrent_BondPayable>
	<tw-gaap-ci:BondPayable contextRef="AsOf20110331" decimals="-3" unitRef="TWD">0</tw-gaap-ci:BondPayable>
	<tw-gaap-ci:BondPayable contextRef="AsOf20100331" decimals="-3" unitRef="TWD">590736000</tw-gaap-ci:BondPayable>
	<tw-gaap-ci:LongTermLiabilities contextRef="AsOf20110331" decimals="-3" unitRef="TWD">0</tw-gaap-ci:LongTermLiabilities>
	<tw-gaap-ci:LongTermLiabilities contextRef="AsOf20100331" decimals="-3" unitRef="TWD">592921000</tw-gaap-ci:LongTermLiabilities>
	<tw-gaap-ci:DeferredIncomeTax contextRef="AsOf20110331" decimals="-3" unitRef="TWD">133426000</tw-gaap-ci:DeferredIncomeTax>
	<tw-gaap-ci:DeferredIncomeTax contextRef="AsOf20100331" decimals="-3" unitRef="TWD">140917000</tw-gaap-ci:DeferredIncomeTax>
	<tw-gaap-ci:DeferredCreditsGainsonInterAffiliateAccounts contextRef="AsOf20110331" decimals="-3" unitRef="TWD">9730000</tw-gaap-ci:DeferredCreditsGainsonInterAffiliateAccounts>
	<tw-gaap-ci:DeferredCreditsGainsonInterAffiliateAccounts contextRef="AsOf20100331" decimals="-3" unitRef="TWD">20020000</tw-gaap-ci:DeferredCreditsGainsonInterAffiliateAccounts>
	<tw-gaap-ci:OtherLiabilitiesOther contextRef="AsOf20110331" decimals="-3" unitRef="TWD">9730000</tw-gaap-ci:OtherLiabilitiesOther>
	<tw-gaap-ci:OtherLiabilitiesOther contextRef="AsOf20100331" decimals="-3" unitRef="TWD">20020000</tw-gaap-ci:OtherLiabilitiesOther>
	<tw-gaap-ci:OtherLiabilities contextRef="AsOf20110331" decimals="-3" unitRef="TWD">143156000</tw-gaap-ci:OtherLiabilities>
	<tw-gaap-ci:OtherLiabilities contextRef="AsOf20100331" decimals="-3" unitRef="TWD">160937000</tw-gaap-ci:OtherLiabilities>
	<tw-gaap-ci:Liabilities contextRef="AsOf20110331" decimals="-3" unitRef="TWD">2685552000</tw-gaap-ci:Liabilities>
	<tw-gaap-ci:Liabilities contextRef="AsOf20100331" decimals="-3" unitRef="TWD">3034486000</tw-gaap-ci:Liabilities>
	<tw-gaap-ci:CommonStock contextRef="AsOf20110331" decimals="-3" unitRef="TWD">1642984000</tw-gaap-ci:CommonStock>
	<tw-gaap-ci:CommonStock contextRef="AsOf20100331" decimals="-3" unitRef="TWD">1483626000</tw-gaap-ci:CommonStock>
	<tw-gaap-ci:Capital contextRef="AsOf20110331" decimals="-3" unitRef="TWD">1642984000</tw-gaap-ci:Capital>
	<tw-gaap-ci:Capital contextRef="AsOf20100331" decimals="-3" unitRef="TWD">1483626000</tw-gaap-ci:Capital>
	<tw-gaap-ci:CapitalSurplusAdditionalPaidCapital contextRef="AsOf20110331" decimals="-3" unitRef="TWD">1066097000</tw-gaap-ci:CapitalSurplusAdditionalPaidCapital>
	<tw-gaap-ci:CapitalSurplusAdditionalPaidCapital contextRef="AsOf20100331" decimals="-3" unitRef="TWD">535362000</tw-gaap-ci:CapitalSurplusAdditionalPaidCapital>
	<tw-gaap-ci:CapitalSurplusTreasuryStockTransactions contextRef="AsOf20110331" decimals="-3" unitRef="TWD">80675000</tw-gaap-ci:CapitalSurplusTreasuryStockTransactions>
	<tw-gaap-ci:CapitalSurplusTreasuryStockTransactions contextRef="AsOf20100331" decimals="-3" unitRef="TWD">0</tw-gaap-ci:CapitalSurplusTreasuryStockTransactions>
	<tw-gaap-ci:CapitalSurplusGainDisposalFixedAssets contextRef="AsOf20110331" decimals="-3" unitRef="TWD">7000</tw-gaap-ci:CapitalSurplusGainDisposalFixedAssets>
	<tw-gaap-ci:CapitalSurplusGainDisposalFixedAssets contextRef="AsOf20100331" decimals="-3" unitRef="TWD">7000</tw-gaap-ci:CapitalSurplusGainDisposalFixedAssets>
	<tw-gaap-ci:CapitalSurplusLongTermEquityInvestments contextRef="AsOf20110331" decimals="-3" unitRef="TWD">118790000</tw-gaap-ci:CapitalSurplusLongTermEquityInvestments>
	<tw-gaap-ci:CapitalSurplusLongTermEquityInvestments contextRef="AsOf20100331" decimals="-3" unitRef="TWD">118786000</tw-gaap-ci:CapitalSurplusLongTermEquityInvestments>
	<tw-gaap-ci:CapitalSurplusStockOption contextRef="AsOf20110331" decimals="-3" unitRef="TWD">0</tw-gaap-ci:CapitalSurplusStockOption>
	<tw-gaap-ci:CapitalSurplusStockOption contextRef="AsOf20100331" decimals="-3" unitRef="TWD">107270000</tw-gaap-ci:CapitalSurplusStockOption>
	<tw-gaap-ci:CapitalSurplus contextRef="AsOf20110331" decimals="-3" unitRef="TWD">1265569000</tw-gaap-ci:CapitalSurplus>
	<tw-gaap-ci:CapitalSurplus contextRef="AsOf20100331" decimals="-3" unitRef="TWD">761425000</tw-gaap-ci:CapitalSurplus>
	<tw-gaap-ci:LegalReserve contextRef="AsOf20110331" decimals="-3" unitRef="TWD">376133000</tw-gaap-ci:LegalReserve>
	<tw-gaap-ci:LegalReserve contextRef="AsOf20100331" decimals="-3" unitRef="TWD">337083000</tw-gaap-ci:LegalReserve>
	<tw-gaap-ci:UnappropriatedRetainedEarnings contextRef="AsOf20110331" decimals="-3" unitRef="TWD">1181127000</tw-gaap-ci:UnappropriatedRetainedEarnings>
	<tw-gaap-ci:UnappropriatedRetainedEarnings contextRef="AsOf20100331" decimals="-3" unitRef="TWD">774119000</tw-gaap-ci:UnappropriatedRetainedEarnings>
	<tw-gaap-ci:RetainedEarnings contextRef="AsOf20110331" decimals="-3" unitRef="TWD">1557260000</tw-gaap-ci:RetainedEarnings>
	<tw-gaap-ci:RetainedEarnings contextRef="AsOf20100331" decimals="-3" unitRef="TWD">1111202000</tw-gaap-ci:RetainedEarnings>
	<tw-gaap-ci:CumulativeTranslationAdjustments contextRef="AsOf20110331" decimals="-3" unitRef="TWD">20028000</tw-gaap-ci:CumulativeTranslationAdjustments>
	<tw-gaap-ci:CumulativeTranslationAdjustments contextRef="AsOf20100331" decimals="-3" unitRef="TWD">69363000</tw-gaap-ci:CumulativeTranslationAdjustments>
	<tw-gaap-ci:UnrealizedGainLossesAvailableSaleFinancialAssetsMember contextRef="From20110101To20110331" decimals="-3" unitRef="TWD">0</tw-gaap-ci:UnrealizedGainLossesAvailableSaleFinancialAssetsMember>
	<tw-gaap-ci:UnrealizedGainLossesAvailableSaleFinancialAssetsMember contextRef="From20100101To20100331" decimals="-3" unitRef="TWD">0</tw-gaap-ci:UnrealizedGainLossesAvailableSaleFinancialAssetsMember>
	<tw-gaap-ci:UnrealizedGainsLossesFinancialInstruments contextRef="AsOf20110331" decimals="-3" unitRef="TWD">0</tw-gaap-ci:UnrealizedGainsLossesFinancialInstruments>
	<tw-gaap-ci:UnrealizedGainsLossesFinancialInstruments contextRef="AsOf20100331" decimals="-3" unitRef="TWD">0</tw-gaap-ci:UnrealizedGainsLossesFinancialInstruments>
	<tw-gaap-ci:TreasuryStock contextRef="AsOf20110331" decimals="-3" unitRef="TWD">0</tw-gaap-ci:TreasuryStock>
	<tw-gaap-ci:TreasuryStock contextRef="AsOf20100331" decimals="-3" unitRef="TWD">207825000</tw-gaap-ci:TreasuryStock>
	<tw-gaap-ci:StockholdersEquitiesAdjustments contextRef="AsOf20110331" decimals="-3" unitRef="TWD">20028000</tw-gaap-ci:StockholdersEquitiesAdjustments>
	<tw-gaap-ci:StockholdersEquitiesAdjustments contextRef="AsOf20100331" decimals="-3" unitRef="TWD">-138462000</tw-gaap-ci:StockholdersEquitiesAdjustments>
	<tw-gaap-ci:StockholdersEquities contextRef="AsOf20110331" decimals="-3" unitRef="TWD">4485841000</tw-gaap-ci:StockholdersEquities>
	<tw-gaap-ci:StockholdersEquities contextRef="AsOf20100331" decimals="-3" unitRef="TWD">3217791000</tw-gaap-ci:StockholdersEquities>
	<tw-gaap-ci:EquivalentSharesOutstandingAdvanceReceiptsCommonStock contextRef="AsOf20110331" decimals="0" unitRef="Shares">0</tw-gaap-ci:EquivalentSharesOutstandingAdvanceReceiptsCommonStock>
	<tw-gaap-ci:EquivalentSharesOutstandingAdvanceReceiptsCommonStock contextRef="AsOf20100331" decimals="0" unitRef="Shares">0</tw-gaap-ci:EquivalentSharesOutstandingAdvanceReceiptsCommonStock>
	<tw-gaap-ci:NumberTreasuryStockAcquiredCompanySubsidiaries contextRef="AsOf20110331" decimals="0" unitRef="Shares">0</tw-gaap-ci:NumberTreasuryStockAcquiredCompanySubsidiaries>
	<tw-gaap-ci:NumberTreasuryStockAcquiredCompanySubsidiaries contextRef="AsOf20100331" decimals="0" unitRef="Shares">5000000</tw-gaap-ci:NumberTreasuryStockAcquiredCompanySubsidiaries>
	<tw-gaap-ci:Sales contextRef="From20110101To20110331" decimals="-3" unitRef="TWD">1307950000</tw-gaap-ci:Sales>
	<tw-gaap-ci:Sales contextRef="From20100101To20100331" decimals="-3" unitRef="TWD">1691027000</tw-gaap-ci:Sales>
	<tw-gaap-ci:SalesReturns contextRef="From20110101To20110331" decimals="-3" unitRef="TWD">7901000</tw-gaap-ci:SalesReturns>
	<tw-gaap-ci:SalesReturns contextRef="From20100101To20100331" decimals="-3" unitRef="TWD">2031000</tw-gaap-ci:SalesReturns>
	<tw-gaap-ci:NetSales contextRef="From20110101To20110331" decimals="-3" unitRef="TWD">1300049000</tw-gaap-ci:NetSales>
	<tw-gaap-ci:NetSales contextRef="From20100101To20100331" decimals="-3" unitRef="TWD">1688996000</tw-gaap-ci:NetSales>
	<tw-gaap-ci:OperatingRevenue contextRef="From20110101To20110331" decimals="-3" unitRef="TWD">1300049000</tw-gaap-ci:OperatingRevenue>
	<tw-gaap-ci:OperatingRevenue contextRef="From20100101To20100331" decimals="-3" unitRef="TWD">1688996000</tw-gaap-ci:OperatingRevenue>
	<tw-gaap-ci:CostSales contextRef="From20110101To20110331" decimals="-3" unitRef="TWD">1126601000</tw-gaap-ci:CostSales>
	<tw-gaap-ci:CostSales contextRef="From20100101To20100331" decimals="-3" unitRef="TWD">1449458000</tw-gaap-ci:CostSales>
	<tw-gaap-ci:OperatingCosts contextRef="From20110101To20110331" decimals="-3" unitRef="TWD">1126601000</tw-gaap-ci:OperatingCosts>
	<tw-gaap-ci:OperatingCosts contextRef="From20100101To20100331" decimals="-3" unitRef="TWD">1449458000</tw-gaap-ci:OperatingCosts>
	<tw-gaap-ci:GrossProfitLossOperations contextRef="From20110101To20110331" decimals="-3" unitRef="TWD">173448000</tw-gaap-ci:GrossProfitLossOperations>
	<tw-gaap-ci:GrossProfitLossOperations contextRef="From20100101To20100331" decimals="-3" unitRef="TWD">239538000</tw-gaap-ci:GrossProfitLossOperations>
	<tw-gaap-ci:Sellingexpense contextRef="From20110101To20110331" decimals="-3" unitRef="TWD">30655000</tw-gaap-ci:Sellingexpense>
	<tw-gaap-ci:Sellingexpense contextRef="From20100101To20100331" decimals="-3" unitRef="TWD">25405000</tw-gaap-ci:Sellingexpense>
	<tw-gaap-ci:GeneralAdministrativeExpenses contextRef="From20110101To20110331" decimals="-3" unitRef="TWD">32807000</tw-gaap-ci:GeneralAdministrativeExpenses>
	<tw-gaap-ci:GeneralAdministrativeExpenses contextRef="From20100101To20100331" decimals="-3" unitRef="TWD">38497000</tw-gaap-ci:GeneralAdministrativeExpenses>
	<tw-gaap-ci:ResearchDevelopmentExpenses contextRef="From20110101To20110331" decimals="-3" unitRef="TWD">23673000</tw-gaap-ci:ResearchDevelopmentExpenses>
	<tw-gaap-ci:ResearchDevelopmentExpenses contextRef="From20100101To20100331" decimals="-3" unitRef="TWD">18830000</tw-gaap-ci:ResearchDevelopmentExpenses>
	<tw-gaap-ci:OperatingExpenses contextRef="From20110101To20110331" decimals="-3" unitRef="TWD">87135000</tw-gaap-ci:OperatingExpenses>
	<tw-gaap-ci:OperatingExpenses contextRef="From20100101To20100331" decimals="-3" unitRef="TWD">82732000</tw-gaap-ci:OperatingExpenses>
	<tw-gaap-ci:OperatingIncomeLoss contextRef="From20110101To20110331" decimals="-3" unitRef="TWD">86313000</tw-gaap-ci:OperatingIncomeLoss>
	<tw-gaap-ci:OperatingIncomeLoss contextRef="From20100101To20100331" decimals="-3" unitRef="TWD">156806000</tw-gaap-ci:OperatingIncomeLoss>
	<tw-gaap-ci:InvestmentGainsRecognizedEquityMethod contextRef="From20110101To20110331" decimals="-3" unitRef="TWD">51907000</tw-gaap-ci:InvestmentGainsRecognizedEquityMethod>
	<tw-gaap-ci:InvestmentGainsRecognizedEquityMethod contextRef="From20100101To20100331" decimals="-3" unitRef="TWD">168292000</tw-gaap-ci:InvestmentGainsRecognizedEquityMethod>
	<tw-gaap-ci:InvestmentGains contextRef="From20110101To20110331" decimals="-3" unitRef="TWD">51907000</tw-gaap-ci:InvestmentGains>
	<tw-gaap-ci:InvestmentGains contextRef="From20100101To20100331" decimals="-3" unitRef="TWD">168292000</tw-gaap-ci:InvestmentGains>
	<tw-gaap-ci:GainsDisposalFixedAssets contextRef="From20110101To20110331" decimals="-3" unitRef="TWD">3209000</tw-gaap-ci:GainsDisposalFixedAssets>
	<tw-gaap-ci:GainsDisposalFixedAssets contextRef="From20100101To20100331" decimals="-3" unitRef="TWD">2346000</tw-gaap-ci:GainsDisposalFixedAssets>
	<tw-gaap-ci:ForeignExchangeGains contextRef="From20110101To20110331" decimals="-3" unitRef="TWD">14947000</tw-gaap-ci:ForeignExchangeGains>
	<tw-gaap-ci:ForeignExchangeGains contextRef="From20100101To20100331" decimals="-3" unitRef="TWD">0</tw-gaap-ci:ForeignExchangeGains>
	<tw-gaap-ci:RevaluationGainFinancialAssets contextRef="From20110101To20110331" decimals="-3" unitRef="TWD">1183000</tw-gaap-ci:RevaluationGainFinancialAssets>
	<tw-gaap-ci:RevaluationGainFinancialAssets contextRef="From20100101To20100331" decimals="-3" unitRef="TWD">7560000</tw-gaap-ci:RevaluationGainFinancialAssets>
	<tw-gaap-ci:RevaluationGainFinancialLiabilities contextRef="From20110101To20110331" decimals="-3" unitRef="TWD">0</tw-gaap-ci:RevaluationGainFinancialLiabilities>
	<tw-gaap-ci:RevaluationGainFinancialLiabilities contextRef="From20100101To20100331" decimals="-3" unitRef="TWD">4598000</tw-gaap-ci:RevaluationGainFinancialLiabilities>
	<tw-gaap-ci:MiscellaneousIncome contextRef="From20110101To20110331" decimals="-3" unitRef="TWD">13520000</tw-gaap-ci:MiscellaneousIncome>
	<tw-gaap-ci:MiscellaneousIncome contextRef="From20100101To20100331" decimals="-3" unitRef="TWD">4201000</tw-gaap-ci:MiscellaneousIncome>
	<tw-gaap-ci:NonOperatingIncomeGains contextRef="From20110101To20110331" decimals="-3" unitRef="TWD">84766000</tw-gaap-ci:NonOperatingIncomeGains>
	<tw-gaap-ci:NonOperatingIncomeGains contextRef="From20100101To20100331" decimals="-3" unitRef="TWD">186997000</tw-gaap-ci:NonOperatingIncomeGains>
	<tw-gaap-ci:InterestExpense contextRef="From20110101To20110331" decimals="-3" unitRef="TWD">1189000</tw-gaap-ci:InterestExpense>
	<tw-gaap-ci:InterestExpense contextRef="From20100101To20100331" decimals="-3" unitRef="TWD">4636000</tw-gaap-ci:InterestExpense>
	<tw-gaap-ci:ForeignExchangeLosses contextRef="From20110101To20110331" decimals="-3" unitRef="TWD">0</tw-gaap-ci:ForeignExchangeLosses>
	<tw-gaap-ci:ForeignExchangeLosses contextRef="From20100101To20100331" decimals="-3" unitRef="TWD">5639000</tw-gaap-ci:ForeignExchangeLosses>
	<tw-gaap-ci:MiscellaneousDisbursements contextRef="From20110101To20110331" decimals="-3" unitRef="TWD">107000</tw-gaap-ci:MiscellaneousDisbursements>
	<tw-gaap-ci:MiscellaneousDisbursements contextRef="From20100101To20100331" decimals="-3" unitRef="TWD">58000</tw-gaap-ci:MiscellaneousDisbursements>
	<tw-gaap-ci:NonOperatingExpenses contextRef="From20110101To20110331" decimals="-3" unitRef="TWD">1296000</tw-gaap-ci:NonOperatingExpenses>
	<tw-gaap-ci:NonOperatingExpenses contextRef="From20100101To20100331" decimals="-3" unitRef="TWD">10333000</tw-gaap-ci:NonOperatingExpenses>
	<tw-gaap-ci:IncomeContinuingOperationsBeforeIncomeTax contextRef="From20110101To20110331" decimals="-3" unitRef="TWD">169783000</tw-gaap-ci:IncomeContinuingOperationsBeforeIncomeTax>
	<tw-gaap-ci:IncomeContinuingOperationsBeforeIncomeTax contextRef="From20100101To20100331" decimals="-3" unitRef="TWD">333470000</tw-gaap-ci:IncomeContinuingOperationsBeforeIncomeTax>
	<tw-gaap-ci:IncomeTaxExpenseBenefit contextRef="From20110101To20110331" decimals="-3" unitRef="TWD">29985000</tw-gaap-ci:IncomeTaxExpenseBenefit>
	<tw-gaap-ci:IncomeTaxExpenseBenefit contextRef="From20100101To20100331" decimals="-3" unitRef="TWD">66268000</tw-gaap-ci:IncomeTaxExpenseBenefit>
	<tw-gaap-ci:IncomeContinuingOperations contextRef="From20110101To20110331" decimals="-3" unitRef="TWD">139798000</tw-gaap-ci:IncomeContinuingOperations>
	<tw-gaap-ci:IncomeContinuingOperations contextRef="From20100101To20100331" decimals="-3" unitRef="TWD">267202000</tw-gaap-ci:IncomeContinuingOperations>
	<tw-gaap-ci:NetIncomeLoss contextRef="From20110101To20110331" decimals="-3" unitRef="TWD">139798000</tw-gaap-ci:NetIncomeLoss>
	<tw-gaap-ci:NetIncomeLoss contextRef="From20100101To20100331" decimals="-3" unitRef="TWD">267202000</tw-gaap-ci:NetIncomeLoss>
	<tw-gaap-ci:PrimaryEarningsPerShare contextRef="From20110101To20110331" decimals="2" unitRef="TWD">0.85</tw-gaap-ci:PrimaryEarningsPerShare>
	<tw-gaap-ci:PrimaryEarningsPerShare contextRef="From20100101To20100331" decimals="2" unitRef="TWD">1.89</tw-gaap-ci:PrimaryEarningsPerShare>
	<tw-gaap-ci:NetIncomeLoss_StatementCashFlows contextRef="From20110101To20110331" decimals="-3" unitRef="TWD">139798000</tw-gaap-ci:NetIncomeLoss_StatementCashFlows>
	<tw-gaap-ci:NetIncomeLoss_StatementCashFlows contextRef="From20100101To20100331" decimals="-3" unitRef="TWD">267202000</tw-gaap-ci:NetIncomeLoss_StatementCashFlows>
	<tw-gaap-ci:DepreciationExpense-Operating contextRef="From20110101To20110331" decimals="-3" unitRef="TWD">9020000</tw-gaap-ci:DepreciationExpense-Operating>
	<tw-gaap-ci:DepreciationExpense-Operating contextRef="From20100101To20100331" decimals="-3" unitRef="TWD">8652000</tw-gaap-ci:DepreciationExpense-Operating>
	<tw-gaap-ci:ProvisionAllowanceSalesReturnsDiscountsAllowances contextRef="From20110101To20110331" decimals="-3" unitRef="TWD">-11268000</tw-gaap-ci:ProvisionAllowanceSalesReturnsDiscountsAllowances>
	<tw-gaap-ci:ProvisionAllowanceSalesReturnsDiscountsAllowances contextRef="From20100101To20100331" decimals="-3" unitRef="TWD">0</tw-gaap-ci:ProvisionAllowanceSalesReturnsDiscountsAllowances>
	<tw-gaap-ci:ProvisionProvisionContingentServiceCost contextRef="From20110101To20110331" decimals="-3" unitRef="TWD">-14000</tw-gaap-ci:ProvisionProvisionContingentServiceCost>
	<tw-gaap-ci:ProvisionProvisionContingentServiceCost contextRef="From20100101To20100331" decimals="-3" unitRef="TWD">0</tw-gaap-ci:ProvisionProvisionContingentServiceCost>
	<tw-gaap-ci:AmortizationDiscountsPremiumsBondsPayable contextRef="From20110101To20110331" decimals="-3" unitRef="TWD">50000</tw-gaap-ci:AmortizationDiscountsPremiumsBondsPayable>
	<tw-gaap-ci:AmortizationDiscountsPremiumsBondsPayable contextRef="From20100101To20100331" decimals="-3" unitRef="TWD">4636000</tw-gaap-ci:AmortizationDiscountsPremiumsBondsPayable>
	<tw-gaap-ci:GainLossInventoryValuationObsolescenceRecoverie contextRef="From20110101To20110331" decimals="-3" unitRef="TWD">1342000</tw-gaap-ci:GainLossInventoryValuationObsolescenceRecoverie>
	<tw-gaap-ci:GainLossInventoryValuationObsolescenceRecoverie contextRef="From20100101To20100331" decimals="-3" unitRef="TWD">1626000</tw-gaap-ci:GainLossInventoryValuationObsolescenceRecoverie>
	<tw-gaap-ci:InvestmentLossIncomeRecognizedEquityMethod contextRef="From20110101To20110331" decimals="-3" unitRef="TWD">-51907000</tw-gaap-ci:InvestmentLossIncomeRecognizedEquityMethod>
	<tw-gaap-ci:InvestmentLossIncomeRecognizedEquityMethod contextRef="From20100101To20100331" decimals="-3" unitRef="TWD">-168292000</tw-gaap-ci:InvestmentLossIncomeRecognizedEquityMethod>
	<tw-gaap-ci:GainLossDisposalScrappingFixedAssets contextRef="From20110101To20110331" decimals="-3" unitRef="TWD">-810000</tw-gaap-ci:GainLossDisposalScrappingFixedAssets>
	<tw-gaap-ci:GainLossDisposalScrappingFixedAssets contextRef="From20100101To20100331" decimals="-3" unitRef="TWD">0</tw-gaap-ci:GainLossDisposalScrappingFixedAssets>
	<tw-gaap-ci:UnrealizedRevaluationGainFinancialAssetsLiabilities contextRef="From20110101To20110331" decimals="-3" unitRef="TWD">-1183000</tw-gaap-ci:UnrealizedRevaluationGainFinancialAssetsLiabilities>
	<tw-gaap-ci:UnrealizedRevaluationGainFinancialAssetsLiabilities contextRef="From20100101To20100331" decimals="-3" unitRef="TWD">-12158000</tw-gaap-ci:UnrealizedRevaluationGainFinancialAssetsLiabilities>
	<tw-gaap-ci:LossGainDeferredIncomeTax contextRef="From20110101To20110331" decimals="-3" unitRef="TWD">16873000</tw-gaap-ci:LossGainDeferredIncomeTax>
	<tw-gaap-ci:LossGainDeferredIncomeTax contextRef="From20100101To20100331" decimals="-3" unitRef="TWD">34998000</tw-gaap-ci:LossGainDeferredIncomeTax>
	<tw-gaap-ci:OtherAdjustmentsReconcileNetIncomeNetCashProvidedUsedOperatingActivities contextRef="From20110101To20110331" decimals="-3" unitRef="TWD">157000</tw-gaap-ci:OtherAdjustmentsReconcileNetIncomeNetCashProvidedUsedOperatingActivities>
	<tw-gaap-ci:OtherAdjustmentsReconcileNetIncomeNetCashProvidedUsedOperatingActivities contextRef="From20100101To20100331" decimals="-3" unitRef="TWD">-158000</tw-gaap-ci:OtherAdjustmentsReconcileNetIncomeNetCashProvidedUsedOperatingActivities>
	<tw-gaap-ci:AdjustmentsReconcileNetIncomeNetCashProvidedUsedOperatingActivities contextRef="From20110101To20110331" decimals="-3" unitRef="TWD">-37740000</tw-gaap-ci:AdjustmentsReconcileNetIncomeNetCashProvidedUsedOperatingActivities>
	<tw-gaap-ci:AdjustmentsReconcileNetIncomeNetCashProvidedUsedOperatingActivities contextRef="From20100101To20100331" decimals="-3" unitRef="TWD">-130696000</tw-gaap-ci:AdjustmentsReconcileNetIncomeNetCashProvidedUsedOperatingActivities>
	<tw-gaap-ci:ChangesFinancialAssetsHeldTrading contextRef="From20110101To20110331" decimals="-3" unitRef="TWD">-73915000</tw-gaap-ci:ChangesFinancialAssetsHeldTrading>
	<tw-gaap-ci:ChangesFinancialAssetsHeldTrading contextRef="From20100101To20100331" decimals="-3" unitRef="TWD">0</tw-gaap-ci:ChangesFinancialAssetsHeldTrading>
	<tw-gaap-ci:ChangesAccountsReceivable contextRef="From20110101To20110331" decimals="-3" unitRef="TWD">-68855000</tw-gaap-ci:ChangesAccountsReceivable>
	<tw-gaap-ci:ChangesAccountsReceivable contextRef="From20100101To20100331" decimals="-3" unitRef="TWD">178503000</tw-gaap-ci:ChangesAccountsReceivable>
	<tw-gaap-ci:ChangesInventories contextRef="From20110101To20110331" decimals="-3" unitRef="TWD">1441000</tw-gaap-ci:ChangesInventories>
	<tw-gaap-ci:ChangesInventories contextRef="From20100101To20100331" decimals="-3" unitRef="TWD">-5186000</tw-gaap-ci:ChangesInventories>
	<tw-gaap-ci:ChangesPrepaidExpenses contextRef="From20110101To20110331" decimals="-3" unitRef="TWD">4453000</tw-gaap-ci:ChangesPrepaidExpenses>
	<tw-gaap-ci:ChangesPrepaidExpenses contextRef="From20100101To20100331" decimals="-3" unitRef="TWD">0</tw-gaap-ci:ChangesPrepaidExpenses>
	<tw-gaap-ci:ChangesOtherCurrentAssets_CI contextRef="From20110101To20110331" decimals="-3" unitRef="TWD">0</tw-gaap-ci:ChangesOtherCurrentAssets_CI>
	<tw-gaap-ci:ChangesOtherCurrentAssets_CI contextRef="From20100101To20100331" decimals="-3" unitRef="TWD">-3048000</tw-gaap-ci:ChangesOtherCurrentAssets_CI>
	<tw-gaap-ci:ChangesOtherFinancialAssets_CI contextRef="From20110101To20110331" decimals="-3" unitRef="TWD">20526000</tw-gaap-ci:ChangesOtherFinancialAssets_CI>
	<tw-gaap-ci:ChangesOtherFinancialAssets_CI contextRef="From20100101To20100331" decimals="-3" unitRef="TWD">502000</tw-gaap-ci:ChangesOtherFinancialAssets_CI>
	<tw-gaap-ci:ChangesOperatingAssets contextRef="From20110101To20110331" decimals="-3" unitRef="TWD">-116350000</tw-gaap-ci:ChangesOperatingAssets>
	<tw-gaap-ci:ChangesOperatingAssets contextRef="From20100101To20100331" decimals="-3" unitRef="TWD">170771000</tw-gaap-ci:ChangesOperatingAssets>
	<tw-gaap-ci:ChangesAccountsPayable contextRef="From20110101To20110331" decimals="-3" unitRef="TWD">290831000</tw-gaap-ci:ChangesAccountsPayable>
	<tw-gaap-ci:ChangesAccountsPayable contextRef="From20100101To20100331" decimals="-3" unitRef="TWD">36119000</tw-gaap-ci:ChangesAccountsPayable>
	<tw-gaap-ci:ChangesReceiptsAdvance contextRef="From20110101To20110331" decimals="-3" unitRef="TWD">5259000</tw-gaap-ci:ChangesReceiptsAdvance>
	<tw-gaap-ci:ChangesReceiptsAdvance contextRef="From20100101To20100331" decimals="-3" unitRef="TWD">0</tw-gaap-ci:ChangesReceiptsAdvance>
	<tw-gaap-ci:ChangesOtherFinancialLiabilities_CI contextRef="From20110101To20110331" decimals="-3" unitRef="TWD">-33515000</tw-gaap-ci:ChangesOtherFinancialLiabilities_CI>
	<tw-gaap-ci:ChangesOtherFinancialLiabilities_CI contextRef="From20100101To20100331" decimals="-3" unitRef="TWD">13556000</tw-gaap-ci:ChangesOtherFinancialLiabilities_CI>
	<tw-gaap-ci:ChangesOtherCurrentLiabilities_CI contextRef="From20110101To20110331" decimals="-3" unitRef="TWD">0</tw-gaap-ci:ChangesOtherCurrentLiabilities_CI>
	<tw-gaap-ci:ChangesOtherCurrentLiabilities_CI contextRef="From20100101To20100331" decimals="-3" unitRef="TWD">-2750000</tw-gaap-ci:ChangesOtherCurrentLiabilities_CI>
	<tw-gaap-ci:ChangesAccruedPensionLiabilities contextRef="From20110101To20110331" decimals="-3" unitRef="TWD">201000</tw-gaap-ci:ChangesAccruedPensionLiabilities>
	<tw-gaap-ci:ChangesAccruedPensionLiabilities contextRef="From20100101To20100331" decimals="-3" unitRef="TWD">0</tw-gaap-ci:ChangesAccruedPensionLiabilities>
	<tw-gaap-ci:ChangesDeferredCredits contextRef="From20110101To20110331" decimals="-3" unitRef="TWD">-2880000</tw-gaap-ci:ChangesDeferredCredits>
	<tw-gaap-ci:ChangesDeferredCredits contextRef="From20100101To20100331" decimals="-3" unitRef="TWD">0</tw-gaap-ci:ChangesDeferredCredits>
	<tw-gaap-ci:ChangesOperatingLiabilities contextRef="From20110101To20110331" decimals="-3" unitRef="TWD">259896000</tw-gaap-ci:ChangesOperatingLiabilities>
	<tw-gaap-ci:ChangesOperatingLiabilities contextRef="From20100101To20100331" decimals="-3" unitRef="TWD">46925000</tw-gaap-ci:ChangesOperatingLiabilities>
	<tw-gaap-ci:ChangesOperatingAssetsLiabilities contextRef="From20110101To20110331" decimals="-3" unitRef="TWD">143546000</tw-gaap-ci:ChangesOperatingAssetsLiabilities>
	<tw-gaap-ci:ChangesOperatingAssetsLiabilities contextRef="From20100101To20100331" decimals="-3" unitRef="TWD">217696000</tw-gaap-ci:ChangesOperatingAssetsLiabilities>
	<tw-gaap-ci:NetCashProvidedUsedOperatingActivities contextRef="From20110101To20110331" decimals="-3" unitRef="TWD">245604000</tw-gaap-ci:NetCashProvidedUsedOperatingActivities>
	<tw-gaap-ci:NetCashProvidedUsedOperatingActivities contextRef="From20100101To20100331" decimals="-3" unitRef="TWD">354202000</tw-gaap-ci:NetCashProvidedUsedOperatingActivities>
	<tw-gaap-ci:AcquisitionAvailableSaleFinancialAssets contextRef="From20110101To20110331" decimals="-3" unitRef="TWD">-120291000</tw-gaap-ci:AcquisitionAvailableSaleFinancialAssets>
	<tw-gaap-ci:AcquisitionAvailableSaleFinancialAssets contextRef="From20100101To20100331" decimals="-3" unitRef="TWD">0</tw-gaap-ci:AcquisitionAvailableSaleFinancialAssets>
	<tw-gaap-ci:AcquisitionFinancialAssetsCarriedCost contextRef="From20110101To20110331" decimals="-3" unitRef="TWD">-182739000</tw-gaap-ci:AcquisitionFinancialAssetsCarriedCost>
	<tw-gaap-ci:AcquisitionFinancialAssetsCarriedCost contextRef="From20100101To20100331" decimals="-3" unitRef="TWD">0</tw-gaap-ci:AcquisitionFinancialAssetsCarriedCost>
	<tw-gaap-ci:ProceedsDisposalFinancialAssetsCarriedCost contextRef="From20110101To20110331" decimals="-3" unitRef="TWD">278067000</tw-gaap-ci:ProceedsDisposalFinancialAssetsCarriedCost>
	<tw-gaap-ci:ProceedsDisposalFinancialAssetsCarriedCost contextRef="From20100101To20100331" decimals="-3" unitRef="TWD">0</tw-gaap-ci:ProceedsDisposalFinancialAssetsCarriedCost>
	<tw-gaap-ci:AcquisitionInvestmentsAccountedEquityMethod contextRef="From20110101To20110331" decimals="-3" unitRef="TWD">0</tw-gaap-ci:AcquisitionInvestmentsAccountedEquityMethod>
	<tw-gaap-ci:AcquisitionInvestmentsAccountedEquityMethod contextRef="From20100101To20100331" decimals="-3" unitRef="TWD">-23955000</tw-gaap-ci:AcquisitionInvestmentsAccountedEquityMethod>
	<tw-gaap-ci:AcquisitionPropertyPlantEquipment contextRef="From20110101To20110331" decimals="-3" unitRef="TWD">-7984000</tw-gaap-ci:AcquisitionPropertyPlantEquipment>
	<tw-gaap-ci:AcquisitionPropertyPlantEquipment contextRef="From20100101To20100331" decimals="-3" unitRef="TWD">-7571000</tw-gaap-ci:AcquisitionPropertyPlantEquipment>
	<tw-gaap-ci:ProceedsDisposalPropertyPlantEquipment contextRef="From20110101To20110331" decimals="-3" unitRef="TWD">911000</tw-gaap-ci:ProceedsDisposalPropertyPlantEquipment>
	<tw-gaap-ci:ProceedsDisposalPropertyPlantEquipment contextRef="From20100101To20100331" decimals="-3" unitRef="TWD">473000</tw-gaap-ci:ProceedsDisposalPropertyPlantEquipment>
	<tw-gaap-ci:ChangesRefundableDeposits contextRef="From20110101To20110331" decimals="-3" unitRef="TWD">441000</tw-gaap-ci:ChangesRefundableDeposits>
	<tw-gaap-ci:ChangesRefundableDeposits contextRef="From20100101To20100331" decimals="-3" unitRef="TWD">0</tw-gaap-ci:ChangesRefundableDeposits>
	<tw-gaap-ci:ChangesOtherReceivablesRelatedParties contextRef="From20110101To20110331" decimals="-3" unitRef="TWD">3797000</tw-gaap-ci:ChangesOtherReceivablesRelatedParties>
	<tw-gaap-ci:ChangesOtherReceivablesRelatedParties contextRef="From20100101To20100331" decimals="-3" unitRef="TWD">-14082000</tw-gaap-ci:ChangesOtherReceivablesRelatedParties>
	<tw-gaap-ci:ChangesRestrictedAssets contextRef="From20110101To20110331" decimals="-3" unitRef="TWD">0</tw-gaap-ci:ChangesRestrictedAssets>
	<tw-gaap-ci:ChangesRestrictedAssets contextRef="From20100101To20100331" decimals="-3" unitRef="TWD">0</tw-gaap-ci:ChangesRestrictedAssets>
	<tw-gaap-ci:ChamgesOtherAssets contextRef="From20110101To20110331" decimals="-3" unitRef="TWD">0</tw-gaap-ci:ChamgesOtherAssets>
	<tw-gaap-ci:ChamgesOtherAssets contextRef="From20100101To20100331" decimals="-3" unitRef="TWD">0</tw-gaap-ci:ChamgesOtherAssets>
	<tw-gaap-ci:OtherInvestingActivities contextRef="From20110101To20110331" decimals="-3" unitRef="TWD">-18219000</tw-gaap-ci:OtherInvestingActivities>
	<tw-gaap-ci:OtherInvestingActivities contextRef="From20100101To20100331" decimals="-3" unitRef="TWD">-45278000</tw-gaap-ci:OtherInvestingActivities>
	<tw-gaap-ci:NetCashProvidedUsedInvestingActivities contextRef="From20110101To20110331" decimals="-3" unitRef="TWD">-46017000</tw-gaap-ci:NetCashProvidedUsedInvestingActivities>
	<tw-gaap-ci:NetCashProvidedUsedInvestingActivities contextRef="From20100101To20100331" decimals="-3" unitRef="TWD">-90413000</tw-gaap-ci:NetCashProvidedUsedInvestingActivities>
	<tw-gaap-ci:ChangesShortTermLoans contextRef="From20110101To20110331" decimals="-3" unitRef="TWD">250000000</tw-gaap-ci:ChangesShortTermLoans>
	<tw-gaap-ci:ChangesShortTermLoans contextRef="From20100101To20100331" decimals="-3" unitRef="TWD">10043000</tw-gaap-ci:ChangesShortTermLoans>
	<tw-gaap-ci:RedemptionBonds contextRef="From20110101To20110331" decimals="-3" unitRef="TWD">0</tw-gaap-ci:RedemptionBonds>
	<tw-gaap-ci:RedemptionBonds contextRef="From20100101To20100331" decimals="-3" unitRef="TWD">0</tw-gaap-ci:RedemptionBonds>
	<tw-gaap-ci:RedemptionRepurchaeConvertibleSecuritiesConversion contextRef="From20110101To20110331" decimals="-3" unitRef="TWD">0</tw-gaap-ci:RedemptionRepurchaeConvertibleSecuritiesConversion>
	<tw-gaap-ci:RedemptionRepurchaeConvertibleSecuritiesConversion contextRef="From20100101To20100331" decimals="-3" unitRef="TWD">0</tw-gaap-ci:RedemptionRepurchaeConvertibleSecuritiesConversion>
	<tw-gaap-ci:NetCashProvidedUsedFinancingActivities contextRef="From20110101To20110331" decimals="-3" unitRef="TWD">250000000</tw-gaap-ci:NetCashProvidedUsedFinancingActivities>
	<tw-gaap-ci:NetCashProvidedUsedFinancingActivities contextRef="From20100101To20100331" decimals="-3" unitRef="TWD">10043000</tw-gaap-ci:NetCashProvidedUsedFinancingActivities>
	<tw-gaap-ci:EffectExchangeRateChanges contextRef="From20110101To20110331" decimals="-3" unitRef="TWD">0</tw-gaap-ci:EffectExchangeRateChanges>
	<tw-gaap-ci:EffectExchangeRateChanges contextRef="From20100101To20100331" decimals="-3" unitRef="TWD">0</tw-gaap-ci:EffectExchangeRateChanges>
	<tw-gaap-ci:NetChangesCashCashEquivalents contextRef="From20110101To20110331" decimals="-3" unitRef="TWD">449587000</tw-gaap-ci:NetChangesCashCashEquivalents>
	<tw-gaap-ci:NetChangesCashCashEquivalents contextRef="From20100101To20100331" decimals="-3" unitRef="TWD">273832000</tw-gaap-ci:NetChangesCashCashEquivalents>
	<tw-gaap-ci:CashCashEquivalents contextRef="AsOf20110101" decimals="-3" unitRef="TWD">1106204000</tw-gaap-ci:CashCashEquivalents>
	<tw-gaap-ci:CashCashEquivalents contextRef="AsOf20100101" decimals="-3" unitRef="TWD">765703000</tw-gaap-ci:CashCashEquivalents>
	<tw-gaap-ci:InterestPaid contextRef="From20110101To20110331" decimals="-3" unitRef="TWD">997000</tw-gaap-ci:InterestPaid>
	<tw-gaap-ci:InterestPaid contextRef="From20100101To20100331" decimals="-3" unitRef="TWD">0</tw-gaap-ci:InterestPaid>
	<tw-gaap-ci:InterestPaidExcludingCapitalizedInterest contextRef="From20110101To20110331" decimals="-3" unitRef="TWD">997000</tw-gaap-ci:InterestPaidExcludingCapitalizedInterest>
	<tw-gaap-ci:InterestPaidExcludingCapitalizedInterest contextRef="From20100101To20100331" decimals="-3" unitRef="TWD">0</tw-gaap-ci:InterestPaidExcludingCapitalizedInterest>
	<tw-gaap-ci:IncomeTaxPaid contextRef="From20110101To20110331" decimals="-3" unitRef="TWD">418000</tw-gaap-ci:IncomeTaxPaid>
	<tw-gaap-ci:IncomeTaxPaid contextRef="From20100101To20100331" decimals="-3" unitRef="TWD">425000</tw-gaap-ci:IncomeTaxPaid>
	<tw-gaap-ci:IncreasePropertyPlantEquipment contextRef="From20110101To20110331" decimals="-3" unitRef="TWD">11145000</tw-gaap-ci:IncreasePropertyPlantEquipment>
	<tw-gaap-ci:IncreasePropertyPlantEquipment contextRef="From20100101To20100331" decimals="-3" unitRef="TWD">10088000</tw-gaap-ci:IncreasePropertyPlantEquipment>
	<tw-gaap-ci:ChangesPayableEquipmentPurchased contextRef="From20110101To20110331" decimals="-3" unitRef="TWD">-3161000</tw-gaap-ci:ChangesPayableEquipmentPurchased>
	<tw-gaap-ci:ChangesPayableEquipmentPurchased contextRef="From20100101To20100331" decimals="-3" unitRef="TWD">-2517000</tw-gaap-ci:ChangesPayableEquipmentPurchased>
	<tw-gaap-ci:CashPaidAcquisitionPropertyPlantEquipment contextRef="From20110101To20110331" decimals="-3" unitRef="TWD">7984000</tw-gaap-ci:CashPaidAcquisitionPropertyPlantEquipment>
	<tw-gaap-ci:CashPaidAcquisitionPropertyPlantEquipment contextRef="From20100101To20100331" decimals="-3" unitRef="TWD">7571000</tw-gaap-ci:CashPaidAcquisitionPropertyPlantEquipment>
	<tw-gaap-ci:OtherSupplementalInformation>
		<tw-gaap-ci:ChineseAccount contextRef="From20110101To20110331">可轉換公司債轉換股本及認列資本公積數                                                                                                                                                                    </tw-gaap-ci:ChineseAccount>
		<tw-gaap-ci:EnglishAccount contextRef="From20110101To20110331">Convertible bonds payable convert into capital stock and capital surplus                                                                                                                                </tw-gaap-ci:EnglishAccount>
		<tw-gaap-ci:Amount contextRef="From20110101To20110331" decimals="-3" unitRef="TWD">11973000</tw-gaap-ci:Amount>
	</tw-gaap-ci:OtherSupplementalInformation>

	<tw-gaap-ci:OtherSupplementalInformation>
		<tw-gaap-ci:ChineseAccount contextRef="From20100101To20100331">可轉換公司債轉換股本及認列資本公積數                                                                                                                                                                    </tw-gaap-ci:ChineseAccount>
		<tw-gaap-ci:EnglishAccount contextRef="From20100101To20100331">Convertible bonds payable convert into capital stock and capital surplus                                                                                                                                </tw-gaap-ci:EnglishAccount>
		<tw-gaap-ci:Amount contextRef="From20100101To20100331" decimals="-3" unitRef="TWD">62806000</tw-gaap-ci:Amount>
	</tw-gaap-ci:OtherSupplementalInformation>

	<tw-gaap-ar:AccountantName contextRef="AsOf20110425">安侯建業聯合會計師事所</tw-gaap-ar:AccountantName>
	<tw-gaap-ar:AssuranceAccountantName1 contextRef="AsOf20110425">陳振乾</tw-gaap-ar:AssuranceAccountantName1>
	<tw-gaap-ar:AssuranceAccountantName2 contextRef="AsOf20110425">吳美萍</tw-gaap-ar:AssuranceAccountantName2>
	<tw-gaap-ar:ReviewAuditDate contextRef="AsOf20110425">2011-04-25</tw-gaap-ar:ReviewAuditDate>
	<tw-gaap-ar:ReviewReport contextRef="AsOf20110425">Y</tw-gaap-ar:ReviewReport>
	<tw-gaap-ar:QualifiedOpinionAbstract contextRef="AsOf20110425">Y</tw-gaap-ar:QualifiedOpinionAbstract>
	<tw-gaap-ar:ByInvestmentCompaniesWithoutAccountantAuditReportRecognizedGainLoss contextRef="AsOf20110425">Y</tw-gaap-ar:ByInvestmentCompaniesWithoutAccountantAuditReportRecognizedGainLoss>
	<tw-gaap-ar:DescriptionEmphasizeItemBody contextRef="AsOf20110425"><![CDATA[]]></tw-gaap-ar:DescriptionEmphasizeItemBody>
	<tw-gaap-ar:DescriptionOtherItemBody contextRef="AsOf20110425"><![CDATA[]]></tw-gaap-ar:DescriptionOtherItemBody>
	<tw-gaap-ar:AccountantsReportBody contextRef="AsOf20110425"><![CDATA[銘異科技股份有限公司董事會　公鑒： 

    銘異科技股份有限公司民國一○○年及九十九年三月三十一日之資產負債表，暨截至各該
日止之民國一○○年及九十九年第一季之損益表及現金流量表，業經本會計師核閱竣事。上開財
務季報表之編製係管理階層之責任，本會計師之責任則為根據核閱結果出具報告。
    除下段所述者外，本會計師係依照審計準則公報第三十六號「財務報表之核閱」規劃並執行
核閱工作。由於本會計師僅實施分析、比較與查詢，並未依照一般公認審計準則查核，故無法
對上開財務季報表整體表示查核意見。
    如財務季報表附註四(五)所述，銘異科技股份有限公司民國一○○年及九十九年三月三十一
日採權益法評價之長期股權投資分別計1,453,275千元及1,324,812千元，暨民國一○○年及九十九
年第一季分別認列之投資收益淨額19,964千元及59,249千元，係依據被投資公司未經會計師核
閱之財務季報表，以權益法評價計列。另，附註十一(二)所述之部份「轉投資事業相關資訊」係由
被投資公司所提供，本會計師未依第二段所述之核閱程序執行核閱工作。
    依本會計師核閱結果，除上段所述被投資公司財務季報表及轉投資事業相關資訊倘經會計
師核閱，對第一段所述財務季報表可能有所調整之影響外，並未發現第一段所述財務季報表在所
有重大方面有違反證券發行人財務報告編製準則、商業會計法及商業會計處理準則中與財務會計
準則相關之規定及一般公認會計原則而須作修正之情事。
    銘異科技股份有限公司已編製民國一○○年及九十九年第一季之合併財務季報表，並經本
會計師出具部分子公司及長期股權投資未經核閱之保留式核閱報告在案，備供參考。

]]></tw-gaap-ar:AccountantsReportBody>
	<tw-gaap-notes:FinancialReportNotes contextRef="From20110101To20110331"><![CDATA[http://doc.twse.com.tw/server-java/t57sb01?step=1&colorchg=1&co_id=3060&year=100&seamon=1&mtype=A&]]></tw-gaap-notes:FinancialReportNotes>
	<tw-gaap-notes:OrganizationAndOperations contextRef="From20110101To20110331"><![CDATA[銘異科技股份有限公司(以下稱本公司)於民國六十八年十月三日設立，民國九十一年
十一月十八日獲准股票上市，並於民國九十二年四月二十一日正式掛牌交易。本公司主要
業務為硬碟機零組件、精密電子零件組配、光碟機零組件、光學零件及精密塑膠模具之研
發、製造及買賣。
    本公司於民國一○○年及九十九年三月三十一日員工人數分別為444人及428人。
]]></tw-gaap-notes:OrganizationAndOperations>
	<tw-gaap-notes:SummaryOfSignificantAccountingPolicies contextRef="From20110101To20110331"><![CDATA[本公司財務報表係依照證券發行人財務報告編製準則、商業會計法、商業會計處理準
則及我國一般公認會計原則編製。重要會計政策及衡量基礎彙總說明如下：
(一)會計估計  
        本公司於編製財務報表時，業已依規定對財務報表所列資產、負債、收益、費損
    及或有事項，採用必要之假設及估計加以衡量、評估與揭露，惟該等估計與實際結果
    可能存有差異。
(二)外幣交易事項  
        本公司以新台幣記帳。非衍生性商品之外幣交易依交易日之即期匯率入帳；資產
    負債表日之外幣貨幣性資產或負債，依當日之即期匯率換算，產生之兌換差額列為當期
    損益。非貨幣性外幣資產或負債按交易日之歷史匯率衡量；但以公平價值衡量之外幣非
    貨幣性資產或負債，則按資產負債表日即期匯率換算，如屬公平價值變動認列為當期損
    益者，兌換差額亦認列為當期損益；如屬公平價值變動認列為股東權益調整項目者，兌
    換差額亦認列為股東權益調整項目。
        本公司採權益法評價之國外長期股權投資非以當地貨幣為功能性貨幣者，則先將
    其外幣財務報表以功能性貨幣再衡量，因再衡量所產生之換算差額，列入當期之兌換損
    益；另因外幣財務報表換算為本國貨幣財務報表所產生之換算差額，以稅後淨額列入股
    東權益項下之累積換算調整數。
(三)資產與負債區分流動與非流動之分類標準  
        用途未受限制之現金或約當現金及為交易目的而持有或短期間持有且預期將於資
    產負債表日後十二個月內變現之資產，列為流動資產；非屬流動資產者列為非流動資
    產。
        負債因交易目的而發生或預期於資產負債表日後十二個月內清償者列為流動負
    債；非屬流動負債者列為非流動負債。
(四)資產減損  
        本公司於資產負債表日就有減損跡象之非金融資產(商譽以外之個別資產或現金
    產生單位)，估計其可回收金額，就可回收金額低於帳面價值之資產，認列減損損失。
    商譽以外之資產，於以前年度所認列之累積減損損失，嗣後若已不存在或減少，即予
    迴轉，增加資產帳面價值至可回收金額，惟不超過資產在未認列減損損失下，減除應
    提列折舊或攤銷後之數。
(五)金融資產及負債  
        本公司對金融商品交易係採交易日會計，於原始認列時，將金融商品以公平價值
    衡量，除以交易為目的之金融商品外，其他商品之原始認列金額則加計取得或發行之
    交易成本。
        本公司所持有之金融商品，在原始認列後，依本公司持有目的，分為下列各類：
    1.以公平價值衡量且公平價值變動認列為損益之金融資產及金融負債：取得或發生之
      主要目的為短期內出售或再買回之交易目的金融商品，本公司所持有之衍生性商
      品，除被指定且為有效之避險工具外，餘應歸類為此類金融資產及金融負債。
    2.以成本衡量之金融資產：無法可靠衡量公平價值之權益商品投資，以原始認列之成
      本衡量。若有減損之客觀證據，則認列減損損失，此減損金額不予迴轉。
    3.應收票據及帳款、其他應收款等以攤銷後成本衡量之金融資產：係以有效利率計算
      攤銷後成本及其利息收入。本公司首先評估該等金融資產是否存在客觀證據，顯示
      重大個別金融資產發生減損及非屬重大之個別金融資產單獨或共同發生減損。本公
      司若評估個別金融資產無減損之客觀證據，須再將其納入一組類似信用風險特徵之
      金融資產，並評估該組資產是否發生減損。減損金額為金融資產之帳面價值與其估
      計未來現金流量採原始有效利率折現之現值間之差額，並藉由備抵帳戶調降該等金
      融資產之帳面價值，且減損金額認列為當期損益。
          若後續期間減損金額減少，而該減少明顯與認列減損後發生之事件有關，則先
      前認列之金融資產減損金額應藉由調整備抵帳戶迴轉，但該迴轉不應使金融資產帳
      面金額大於未認列減損情況下之攤銷後成本。迴轉之金額認列為當期損益。
          另，本公司針對上述以攤銷後成本衡量之金融資產，於編製民國九十九年第一季
      財務季報表時，係依據過去收款經驗、客戶信用評等及帳齡分析並考量內部授信政策
      後，依各應收款項之可收現性評估提列備抵呆帳。
(六)存　　貨  
          存貨之原始成本為使存貨達可供銷售或可供生產之狀態及地點所發生之必要支出，
      其中固定製造費用係按生產設備之正常產能分攤至製成品及在製品，變動製造費
      用則以實際產量為分攤基礎；續後，以成本與淨變現價值孰低衡量，採個別比較，成
      本之計算採加權平均法，淨變現價值以資產負債表日正常營業下之估計售價減除至完
      工尚須投入之成本及銷售費用為計算基礎。
(七)採權益法之長期股權投資  
        本公司與本公司具有控制力之被投資子公司合併持有被投資公司有表決權股份比
    例達百分之二十以上，或未達百分之二十但具有重大影響力者，採權益法評價。
        本公司非按持股比率認購採權益法評價被投資公司發行之新股，致投資比例發生
    變動，而使投資之股權淨值發生增減時，調整由長期投資產生之資本公積，若有不足，
    則調整保留盈餘。
        採權益法之長期股權投資出售時，以售價與處分日該投資帳面價值之差額，作為
    長期股權投資處分損益，帳上如有因長期股權投資產生之資本公積餘額時，則按出售
    比例轉列當期損益。成本計算採加權平均法。
        本公司與採權益法評價之被投資公司間交易及各子公司間交易所產生之損益尚未
    實現者，予以遞延。交易損益如屬折舊性或攤銷性之資產所產生者，依其效益年限逐
    年承認；其他類資產所產生者，於實現年度承認。
        本公司對具有控制力之被投資公司，除依權益法評價外，並按季編製合併財務報
    表。
(八)固定資產及閒置資產  
        固定資產以取得成本為評價基礎。為購建設備並正在進行使該資產達到可使用狀
    態前所發生之利息予以資本化，列入相關資產成本。維護及修理費用列為發生當期費
    用；重大增添、改良及重置支出予以資本化。固定資產已無使用價值或發生閒置者，
    則將該資產之成本、累計折舊及累計減損一併轉列閒置資產。處分固定資產之損益列
    為營業外收支。
        折舊係按直線法以成本依估計耐用年限計提；租賃改良依租約年限或估計使用年
    限較短者按平均法攤銷。折舊性資產耐用年限屆滿仍繼續使用者，就其殘值自該屆滿
    日起估計尚可使用年限繼續提列折舊。
        主要固定資產之耐用年數如下：
    1.機器設備：5～6年
    2.辦公及其他設備：3～11年
(九)應付可轉換公司債  
        本公司因發行國內可轉換公司債，同時產生金融負債及給予持有人轉換為權益商
    品之選擇權，依財務會計準則公報第三十六號「金融商品之表達與揭露」規定認列為
    複合金融商品。發行時之交易成本按原始認列金額比例分攤至可轉換公司債負債及權
    益組成要素。可轉換公司債之負債組成要素之計算係參考與權益組成要素無關之類似
    負債之公平價值後，再將可轉換公司債總金額及負債組成要素公平價值間之差異認列
    為權益組成要素。可轉換公司債之利息係採有效利率法計算，並依合約期限分攤認列
    為當期損益。本公司將轉換公司債具重設條款之轉換權認列為權益。依財團法人中華
    民國會計研究發展基金會(97)基秘字第331號解釋函規定，於根據市價重設轉換價格
    時，將重設後必須增加發行之普通股公平價值，認列為當期損失。
(十)退休金  
        本公司訂有確定給付職工退休辦法，涵蓋民國九十四年六月三十日以前所有正式
    任用員工。依該辦法規定，員工退休金之支付，係根據服務年資所獲得之基數及其退
    休前六個月之平均薪資計算，一次給付退休金。每位員工前十五年之服務，每服務滿
    一年可獲得二個基數，自第十六年起，每服務滿一年可獲得一個基數，最高以四十五
    個基數為限。本公司按月依薪資總額百分之二提撥勞工退休準備金，業已專戶儲存。
    實際支付退休金時，先自準備金專戶支付，如有不足，再由本公司支付。
        上述採確定給付退休金部份，本公司以年度結束日為衡量日完成精算，累積給付
    義務超過退休基金資產公平價值部份，於資產負債表認列最低退休金負債，並依精算
    結果認列淨退休金成本。
        自民國九十四年七月一日起，本公司配合勞工退休金條例（以下簡稱「新制」）
    之實施，適用原退休辦法之員工如經選擇適用新制後之服務年資或新制施行後到職之
   員工其服務年資改採確定提撥制。此項採確定提撥退休金部份，本公司依勞工退休金
   條例之規定，依勞工每月工資百分之六之提繳率，提撥至勞工保險局之勞工退休金個
   人專戶，提撥數列為當期費用。
        本公司於編製期中財務報表時依財務會計準則公報第二十三號「期中財務報表之
   表達及揭露」之規定，不需揭露財務會計準則公報第十八號「退休金會計處理準則」
   所規定之有關員工退休金負債精算之資訊。
(十一)庫藏股票  
        本公司收回已發行之股票且尚未處分或註銷者，以買回時所支付之成本認列為庫
    藏股票。處分庫藏股票之處分價格高於帳面價值者，差額列為資本公積－庫藏股票交
    易；處分價格低於帳面價值者，差額則沖抵同種類庫藏股票之交易所產生之資本公積，
    如有不足，再沖抵保留盈餘。庫藏股票之帳面價值採加權平均並依收回原因分別計算。
        庫藏股票註銷時，按股權比例借記資本公積－股票發行溢價與股本，其帳面價值
    如高於面值與股票發行溢價之合計數時，其差額則沖抵同種類庫藏股票交易所產生之
    資本公積，如有不足，則沖抵保留盈餘；其帳面價值低於面值與股票發行溢價之合計
    數者，則貸記同種類庫藏股票交易所產生之資本公積。
        本公司依上市上櫃公司買回本公司股份辦法，將庫藏股票轉讓與員工以獎酬員工
    者，無論是否以低於買回成本轉讓，其勞務成本之計算，應於給與日依選擇權評價模
    式估計，並列為勞務成本或費用。若企業規定員工需服務滿一定年限方屬既得時，則
    應將其勞務成本依該年限攤銷。
(十二)收入認列  
          銷貨收入係於商品交付且風險及報酬移轉予客戶時認列。
(十三)研究發展支出  
          本公司研究階段之支出除於企業合併認列為商譽或無形資產者外，於發生時即認
      列為費用。發展階段之支出於同時符合一定條件時，認列為無形資產；未同時符合者，
      於發生時即認列為費用。
(十四)員工紅利及董監酬勞  
          本公司對於依公司法及本公司章程規定應分配之員工紅利及董監酬勞，係依會計
      研究發展基金會(96)基秘字第052號函規定，於編製期中及年度財務報表時先行估計，
      並依員工紅利及董監酬勞之性質列為營業成本或營業費用項下之適當會計科目。嗣後
      股東會決議分配金額與財務報表估列數如有差異，視為估計變動，列為分配當期損益。
(十五)所得稅  
          所得稅之估計係以會計所得為基礎。資產及負債之帳面價值與課稅基礎之差異，
      依預計迴轉年度之適用稅率計算認列為遞延所得稅。應課稅暫時性差異所產生之所得
      稅影響數認列為遞延所得稅負債；可減除暫時性差異、虧損扣除及所得稅抵減所產生
      之所得稅影響數認列為遞延所得稅資產，再評估遞延所得稅資產之可實現性，認列備
      抵評價金額。
          本公司於所得稅率修正公佈日之年度，按新規定重新計算遞延所得稅資產或負
      債，其重新計算之金額與原來金額之差異列為當期所得稅費用。
          遞延所得稅資產及負債依其相關資產或負債之分類，劃分為流動或非流動項目，
      非與資產或負債相關者，則依預期迴轉期間之長短劃分。
          本公司因購置機器設備、研究發展及人才培訓等所產生之所得稅抵減採當期認列
      法處理。
          本公司未分配盈餘加徵百分之十營利事業所得稅部分，於次年度經股東會決議
      分配盈餘之後列為當期費用。
(十六)普通股每股盈餘  
          普通股每股盈餘係以本期淨利除以普通股流通在外加權平均股數計算之，因盈餘
      及資本公積轉增資而新增之股份，則採追溯調整計算。若前開情況之基準日在資產負
      債表日至財務報表提出日之間者，亦應追溯調整之。
          本公司所發行之員工認股權憑證、可轉換公司債及尚未經股東會決議且得採股票
      發放之員工分紅屬潛在普通股，潛在普通股如均未具稀釋作用，僅揭露基本每股盈餘，
      反之，則除揭露基本每股盈餘外，並揭露稀釋每股盈餘。稀釋每股盈餘則假設所有具
      稀釋作用之潛在普通股均於當期流通在外，故本期淨利及流通在外普通股股數均須
      調整所有具稀釋作用潛在普通股之影響。民國九十七年度以後股東會決議分配之員工
      紅利轉增資增發之新股係以股東會前一日之收盤價為基礎計算增發之股數；惟於編製
      財務報表時，則以資產負債表日之收盤價為基礎估算。
(十七)營業部門  
          本公司已於合併財務季報表揭露部門資訊，因此個別財務季報表不揭露部門資訊。
]]></tw-gaap-notes:SummaryOfSignificantAccountingPolicies>
	<tw-gaap-notes:ChangesInAccountingPrinciples contextRef="From20110101To20110331"><![CDATA[(一)本公司自民國一○○年一月一日起，首次適用財務會計準則公報第四十一號「營運部
    門資訊之揭露」。依該號公報規定，企業應揭露有助於財務報表使用者評估企業所從
    事經營活動與所處經濟環境之性質及財務影響之資訊。本公司以內部提供予營運決策
    者之資訊為基礎，以決定與表達營運部門。另依該公報規定本公司已於合併財務季報
    表揭露部門資訊，因此個別財務季報表不揭露部門資訊。該號公報亦取代財務會計準
    則公報第二十號「部門別財務資訊之揭露」。前述會計原則變動對本公司民國一○○
    年第一季財務季報表不產生損益之影響。
(二)本公司自民國一○○年一月一日起，首次適用財務會計準則公報第三十四號「金融商
    品之會計處理準則」第三次修訂條文。依該號公報規定，帳列原始產生之應收款應適
    用該公報放款及應收款之認列、續後評價及減損等規定。相關會計原則變動對本公司
    民國一○○年第一季稅後淨利及每股盈餘分別增加9,411千元(含認列子公司之影響
    金額)及0.06元。
]]></tw-gaap-notes:ChangesInAccountingPrinciples>
</xbrl>

<!--This instance document is created by SIIAP V1.4.5-->
