<?xml version="1.0" encoding="UTF-8"?>
<xbrl xmlns="http://www.xbrl.org/2003/instance" xmlns:iso4217="http://www.xbrl.org/2003/iso4217" xmlns:link="http://www.xbrl.org/2003/linkbase" xmlns:tw-gaap-ar="http://www.xbrl.org/tw/fr/gaap/ar/2010-12-31" xmlns:tw-gaap-ci="http://www.xbrl.org/tw/fr/gaap/tw-gaap-ci-2010-12-31" xmlns:tw-gaap-notes="http://www.xbrl.org/tw/fr/gaap/notes/2010-12-31" xmlns:xbrldi="http://xbrl.org/2006/xbrldi" xmlns:xbrldt="http://xbrl.org/2005/xbrldt" xmlns:xbrli="http://www.xbrl.org/2003/instance" xmlns:xlink="http://www.w3.org/1999/xlink">
	<link:schemaRef xlink:arcrole="http://www.w3.org/1999/xlink/properties/linkbase" xlink:href="tw-gaap-ci-2010-12-31.xsd" xlink:type="simple"/>	<context id="AsOf20110427">
		<entity>
			<identifier scheme="http://www.twse.com.tw">6206</identifier>
		</entity>
		<period>
			<instant>2011-04-27</instant>
		</period>
	</context>
	<context id="AsOf20100101">
		<entity>
			<identifier scheme="http://www.twse.com.tw">6206</identifier>
		</entity>
		<period>
			<instant>2010-01-01</instant>
		</period>
	</context>
	<context id="AsOf20110101">
		<entity>
			<identifier scheme="http://www.twse.com.tw">6206</identifier>
		</entity>
		<period>
			<instant>2011-01-01</instant>
		</period>
	</context>
	<context id="From20100101To20100331">
		<entity>
			<identifier scheme="http://www.twse.com.tw">6206</identifier>
		</entity>
		<period>
			<startDate>2010-01-01</startDate>
			<endDate>2010-03-31</endDate>
		</period>
	</context>
	<context id="AsOf20100331">
		<entity>
			<identifier scheme="http://www.twse.com.tw">6206</identifier>
		</entity>
		<period>
			<instant>2010-03-31</instant>
		</period>
	</context>
	<context id="From20110101To20110331">
		<entity>
			<identifier scheme="http://www.twse.com.tw">6206</identifier>
		</entity>
		<period>
			<startDate>2011-01-01</startDate>
			<endDate>2011-03-31</endDate>
		</period>
	</context>
	<context id="AsOf20110331">
		<entity>
			<identifier scheme="http://www.twse.com.tw">6206</identifier>
		</entity>
		<period>
			<instant>2011-03-31</instant>
		</period>
	</context>
	<unit id="TWD">
		<measure>iso4217:TWD</measure>
	</unit>
	<unit id="Shares">
		<measure>xbrli:shares</measure>
	</unit>
	<unit id="EarningsPerShare">
		<divide>
			<unitNumerator>
				<measure>iso4217:TWD</measure>
			</unitNumerator>
			<unitDenominator>
				<measure>xbrli:shares</measure>
			</unitDenominator>
		</divide>
	</unit>
	<tw-gaap-ci:CashHand contextRef="AsOf20110331" decimals="-3" unitRef="TWD">754000</tw-gaap-ci:CashHand>
	<tw-gaap-ci:CashHand contextRef="AsOf20100331" decimals="-3" unitRef="TWD">270000</tw-gaap-ci:CashHand>
	<tw-gaap-ci:CashBanks contextRef="AsOf20110331" decimals="-3" unitRef="TWD">1791051000</tw-gaap-ci:CashBanks>
	<tw-gaap-ci:CashBanks contextRef="AsOf20100331" decimals="-3" unitRef="TWD">970970000</tw-gaap-ci:CashBanks>
	<tw-gaap-ci:CashCashEquivalents contextRef="AsOf20110331" decimals="-3" unitRef="TWD">1791805000</tw-gaap-ci:CashCashEquivalents>
	<tw-gaap-ci:CashCashEquivalents contextRef="AsOf20100331" decimals="-3" unitRef="TWD">971240000</tw-gaap-ci:CashCashEquivalents>
	<tw-gaap-ci:FinancialAssetsHeldTradingCurrent contextRef="AsOf20110331" decimals="-3" unitRef="TWD">143000</tw-gaap-ci:FinancialAssetsHeldTradingCurrent>
	<tw-gaap-ci:FinancialAssetsHeldTradingCurrent contextRef="AsOf20100331" decimals="-3" unitRef="TWD">495000</tw-gaap-ci:FinancialAssetsHeldTradingCurrent>
	<tw-gaap-ci:FinancialAssetsMeasuredFairValueProfitLossCurrent contextRef="AsOf20110331" decimals="-3" unitRef="TWD">143000</tw-gaap-ci:FinancialAssetsMeasuredFairValueProfitLossCurrent>
	<tw-gaap-ci:FinancialAssetsMeasuredFairValueProfitLossCurrent contextRef="AsOf20100331" decimals="-3" unitRef="TWD">495000</tw-gaap-ci:FinancialAssetsMeasuredFairValueProfitLossCurrent>
	<tw-gaap-ci:NotesReceivable contextRef="AsOf20110331" decimals="-3" unitRef="TWD">19406000</tw-gaap-ci:NotesReceivable>
	<tw-gaap-ci:NotesReceivable contextRef="AsOf20100331" decimals="-3" unitRef="TWD">22517000</tw-gaap-ci:NotesReceivable>
	<tw-gaap-ci:AllowanceDoubtfulAccountsNotesReceivable contextRef="AsOf20110331" decimals="-3" unitRef="TWD">247000</tw-gaap-ci:AllowanceDoubtfulAccountsNotesReceivable>
	<tw-gaap-ci:AllowanceDoubtfulAccountsNotesReceivable contextRef="AsOf20100331" decimals="-3" unitRef="TWD">225000</tw-gaap-ci:AllowanceDoubtfulAccountsNotesReceivable>
	<tw-gaap-ci:NetNotesReceivable contextRef="AsOf20110331" decimals="-3" unitRef="TWD">19159000</tw-gaap-ci:NetNotesReceivable>
	<tw-gaap-ci:NetNotesReceivable contextRef="AsOf20100331" decimals="-3" unitRef="TWD">22292000</tw-gaap-ci:NetNotesReceivable>
	<tw-gaap-ci:AccountsReceivable contextRef="AsOf20110331" decimals="-3" unitRef="TWD">471098000</tw-gaap-ci:AccountsReceivable>
	<tw-gaap-ci:AccountsReceivable contextRef="AsOf20100331" decimals="-3" unitRef="TWD">350459000</tw-gaap-ci:AccountsReceivable>
	<tw-gaap-ci:AllowanceDoubtfulAccountsAccountsReceivableInstallmentAccountsLeases contextRef="AsOf20110331" decimals="-3" unitRef="TWD">4979000</tw-gaap-ci:AllowanceDoubtfulAccountsAccountsReceivableInstallmentAccountsLeases>
	<tw-gaap-ci:AllowanceDoubtfulAccountsAccountsReceivableInstallmentAccountsLeases contextRef="AsOf20100331" decimals="-3" unitRef="TWD">3832000</tw-gaap-ci:AllowanceDoubtfulAccountsAccountsReceivableInstallmentAccountsLeases>
	<tw-gaap-ci:NetAccountsReceivable contextRef="AsOf20110331" decimals="-3" unitRef="TWD">466119000</tw-gaap-ci:NetAccountsReceivable>
	<tw-gaap-ci:NetAccountsReceivable contextRef="AsOf20100331" decimals="-3" unitRef="TWD">346627000</tw-gaap-ci:NetAccountsReceivable>
	<tw-gaap-ci:AccountsReceivableRelatedParties contextRef="AsOf20110331" decimals="-3" unitRef="TWD">30756000</tw-gaap-ci:AccountsReceivableRelatedParties>
	<tw-gaap-ci:AccountsReceivableRelatedParties contextRef="AsOf20100331" decimals="-3" unitRef="TWD">32712000</tw-gaap-ci:AccountsReceivableRelatedParties>
	<tw-gaap-ci:NetAccountsReceivableRelatedParties contextRef="AsOf20110331" decimals="-3" unitRef="TWD">30756000</tw-gaap-ci:NetAccountsReceivableRelatedParties>
	<tw-gaap-ci:NetAccountsReceivableRelatedParties contextRef="AsOf20100331" decimals="-3" unitRef="TWD">32712000</tw-gaap-ci:NetAccountsReceivableRelatedParties>
	<tw-gaap-ci:OtherReceivablesOther contextRef="AsOf20110331" decimals="-3" unitRef="TWD">21871000</tw-gaap-ci:OtherReceivablesOther>
	<tw-gaap-ci:OtherReceivablesOther contextRef="AsOf20100331" decimals="-3" unitRef="TWD">12616000</tw-gaap-ci:OtherReceivablesOther>
	<tw-gaap-ci:OtherReceivables contextRef="AsOf20110331" decimals="-3" unitRef="TWD">21871000</tw-gaap-ci:OtherReceivables>
	<tw-gaap-ci:OtherReceivables contextRef="AsOf20100331" decimals="-3" unitRef="TWD">12616000</tw-gaap-ci:OtherReceivables>
	<tw-gaap-ci:InventoriesManufacturing contextRef="AsOf20110331" decimals="-3" unitRef="TWD">451714000</tw-gaap-ci:InventoriesManufacturing>
	<tw-gaap-ci:InventoriesManufacturing contextRef="AsOf20100331" decimals="-3" unitRef="TWD">372916000</tw-gaap-ci:InventoriesManufacturing>
	<tw-gaap-ci:Inventories contextRef="AsOf20110331" decimals="-3" unitRef="TWD">451714000</tw-gaap-ci:Inventories>
	<tw-gaap-ci:Inventories contextRef="AsOf20100331" decimals="-3" unitRef="TWD">372916000</tw-gaap-ci:Inventories>
	<tw-gaap-ci:DeferredIncomeTaxAssetsCurrent contextRef="AsOf20110331" decimals="-3" unitRef="TWD">6324000</tw-gaap-ci:DeferredIncomeTaxAssetsCurrent>
	<tw-gaap-ci:DeferredIncomeTaxAssetsCurrent contextRef="AsOf20100331" decimals="-3" unitRef="TWD">7591000</tw-gaap-ci:DeferredIncomeTaxAssetsCurrent>
	<tw-gaap-ci:RestrictedCurrentAssets contextRef="AsOf20110331" decimals="-3" unitRef="TWD">107000</tw-gaap-ci:RestrictedCurrentAssets>
	<tw-gaap-ci:RestrictedCurrentAssets contextRef="AsOf20100331" decimals="-3" unitRef="TWD">107000</tw-gaap-ci:RestrictedCurrentAssets>
	<tw-gaap-ci:OthercurrentAssetsOther contextRef="AsOf20110331" decimals="-3" unitRef="TWD">8345000</tw-gaap-ci:OthercurrentAssetsOther>
	<tw-gaap-ci:OthercurrentAssetsOther contextRef="AsOf20100331" decimals="-3" unitRef="TWD">5857000</tw-gaap-ci:OthercurrentAssetsOther>
	<tw-gaap-ci:OtherCurrentAssets contextRef="AsOf20110331" decimals="-3" unitRef="TWD">14776000</tw-gaap-ci:OtherCurrentAssets>
	<tw-gaap-ci:OtherCurrentAssets contextRef="AsOf20100331" decimals="-3" unitRef="TWD">13555000</tw-gaap-ci:OtherCurrentAssets>
	<tw-gaap-ci:CurrentAssets contextRef="AsOf20110331" decimals="-3" unitRef="TWD">2796343000</tw-gaap-ci:CurrentAssets>
	<tw-gaap-ci:CurrentAssets contextRef="AsOf20100331" decimals="-3" unitRef="TWD">1772453000</tw-gaap-ci:CurrentAssets>
	<tw-gaap-ci:FinancialAssetsCarriedCostNoncurrent contextRef="AsOf20110331" decimals="-3" unitRef="TWD">18580000</tw-gaap-ci:FinancialAssetsCarriedCostNoncurrent>
	<tw-gaap-ci:FinancialAssetsCarriedCostNoncurrent contextRef="AsOf20100331" decimals="-3" unitRef="TWD">19186000</tw-gaap-ci:FinancialAssetsCarriedCostNoncurrent>
	<tw-gaap-ci:NetFinancialAssetsCarriedCostNonCurrent contextRef="AsOf20110331" decimals="-3" unitRef="TWD">18580000</tw-gaap-ci:NetFinancialAssetsCarriedCostNonCurrent>
	<tw-gaap-ci:NetFinancialAssetsCarriedCostNonCurrent contextRef="AsOf20100331" decimals="-3" unitRef="TWD">19186000</tw-gaap-ci:NetFinancialAssetsCarriedCostNonCurrent>
	<tw-gaap-ci:LongtermInvestmentsEquity contextRef="AsOf20110331" decimals="-3" unitRef="TWD">237971000</tw-gaap-ci:LongtermInvestmentsEquity>
	<tw-gaap-ci:LongtermInvestmentsEquity contextRef="AsOf20100331" decimals="-3" unitRef="TWD">183977000</tw-gaap-ci:LongtermInvestmentsEquity>
	<tw-gaap-ci:LongtermInvestments contextRef="AsOf20110331" decimals="-3" unitRef="TWD">237971000</tw-gaap-ci:LongtermInvestments>
	<tw-gaap-ci:LongtermInvestments contextRef="AsOf20100331" decimals="-3" unitRef="TWD">183977000</tw-gaap-ci:LongtermInvestments>
	<tw-gaap-ci:FundsInvestments contextRef="AsOf20110331" decimals="-3" unitRef="TWD">256551000</tw-gaap-ci:FundsInvestments>
	<tw-gaap-ci:FundsInvestments contextRef="AsOf20100331" decimals="-3" unitRef="TWD">203163000</tw-gaap-ci:FundsInvestments>
	<tw-gaap-ci:Land contextRef="AsOf20110331" decimals="-3" unitRef="TWD">319238000</tw-gaap-ci:Land>
	<tw-gaap-ci:Land contextRef="AsOf20100331" decimals="-3" unitRef="TWD">319238000</tw-gaap-ci:Land>
	<tw-gaap-ci:BuildingsStructures contextRef="AsOf20110331" decimals="-3" unitRef="TWD">178150000</tw-gaap-ci:BuildingsStructures>
	<tw-gaap-ci:BuildingsStructures contextRef="AsOf20100331" decimals="-3" unitRef="TWD">178150000</tw-gaap-ci:BuildingsStructures>
	<tw-gaap-ci:MachineryEquipment contextRef="AsOf20110331" decimals="-3" unitRef="TWD">123629000</tw-gaap-ci:MachineryEquipment>
	<tw-gaap-ci:MachineryEquipment contextRef="AsOf20100331" decimals="-3" unitRef="TWD">86628000</tw-gaap-ci:MachineryEquipment>
	<tw-gaap-ci:TransportationEquipment contextRef="AsOf20110331" decimals="-3" unitRef="TWD">9669000</tw-gaap-ci:TransportationEquipment>
	<tw-gaap-ci:TransportationEquipment contextRef="AsOf20100331" decimals="-3" unitRef="TWD">9669000</tw-gaap-ci:TransportationEquipment>
	<tw-gaap-ci:OfficeEquipment contextRef="AsOf20110331" decimals="-3" unitRef="TWD">18713000</tw-gaap-ci:OfficeEquipment>
	<tw-gaap-ci:OfficeEquipment contextRef="AsOf20100331" decimals="-3" unitRef="TWD">17504000</tw-gaap-ci:OfficeEquipment>
	<tw-gaap-ci:LeaseholdImprovements contextRef="AsOf20110331" decimals="-3" unitRef="TWD">14124000</tw-gaap-ci:LeaseholdImprovements>
	<tw-gaap-ci:LeaseholdImprovements contextRef="AsOf20100331" decimals="-3" unitRef="TWD">14124000</tw-gaap-ci:LeaseholdImprovements>
	<tw-gaap-ci:OtherFacilities contextRef="AsOf20110331" decimals="-3" unitRef="TWD">108703000</tw-gaap-ci:OtherFacilities>
	<tw-gaap-ci:OtherFacilities contextRef="AsOf20100331" decimals="-3" unitRef="TWD">124551000</tw-gaap-ci:OtherFacilities>
	<tw-gaap-ci:FixedAssetsOriginalCosts contextRef="AsOf20110331" decimals="-3" unitRef="TWD">772226000</tw-gaap-ci:FixedAssetsOriginalCosts>
	<tw-gaap-ci:FixedAssetsOriginalCosts contextRef="AsOf20100331" decimals="-3" unitRef="TWD">749864000</tw-gaap-ci:FixedAssetsOriginalCosts>
	<tw-gaap-ci:CostsRevaluationIncrement contextRef="AsOf20110331" decimals="-3" unitRef="TWD">772226000</tw-gaap-ci:CostsRevaluationIncrement>
	<tw-gaap-ci:CostsRevaluationIncrement contextRef="AsOf20100331" decimals="-3" unitRef="TWD">749864000</tw-gaap-ci:CostsRevaluationIncrement>
	<tw-gaap-ci:AccumulatedDepreciation contextRef="AsOf20110331" decimals="-3" unitRef="TWD">166519000</tw-gaap-ci:AccumulatedDepreciation>
	<tw-gaap-ci:AccumulatedDepreciation contextRef="AsOf20100331" decimals="-3" unitRef="TWD">164951000</tw-gaap-ci:AccumulatedDepreciation>
	<tw-gaap-ci:UnfinishedConstruction contextRef="AsOf20110331" decimals="-3" unitRef="TWD">134880000</tw-gaap-ci:UnfinishedConstruction>
	<tw-gaap-ci:UnfinishedConstruction contextRef="AsOf20100331" decimals="-3" unitRef="TWD">3726000</tw-gaap-ci:UnfinishedConstruction>
	<tw-gaap-ci:ConstructionProcessPrepaymentEquipments contextRef="AsOf20110331" decimals="-3" unitRef="TWD">134880000</tw-gaap-ci:ConstructionProcessPrepaymentEquipments>
	<tw-gaap-ci:ConstructionProcessPrepaymentEquipments contextRef="AsOf20100331" decimals="-3" unitRef="TWD">3726000</tw-gaap-ci:ConstructionProcessPrepaymentEquipments>
	<tw-gaap-ci:FixedAssets contextRef="AsOf20110331" decimals="-3" unitRef="TWD">740587000</tw-gaap-ci:FixedAssets>
	<tw-gaap-ci:FixedAssets contextRef="AsOf20100331" decimals="-3" unitRef="TWD">588639000</tw-gaap-ci:FixedAssets>
	<tw-gaap-ci:DeferredPensionCost contextRef="AsOf20110331" decimals="-3" unitRef="TWD">845000</tw-gaap-ci:DeferredPensionCost>
	<tw-gaap-ci:DeferredPensionCost contextRef="AsOf20100331" decimals="-3" unitRef="TWD">966000</tw-gaap-ci:DeferredPensionCost>
	<tw-gaap-ci:IntangibleAssets contextRef="AsOf20110331" decimals="-3" unitRef="TWD">845000</tw-gaap-ci:IntangibleAssets>
	<tw-gaap-ci:IntangibleAssets contextRef="AsOf20100331" decimals="-3" unitRef="TWD">966000</tw-gaap-ci:IntangibleAssets>
	<tw-gaap-ci:OtherAssetsOther_OtherAssetsOther contextRef="AsOf20110331" decimals="-3" unitRef="TWD">7723000</tw-gaap-ci:OtherAssetsOther_OtherAssetsOther>
	<tw-gaap-ci:OtherAssetsOther_OtherAssetsOther contextRef="AsOf20100331" decimals="-3" unitRef="TWD">6204000</tw-gaap-ci:OtherAssetsOther_OtherAssetsOther>
	<tw-gaap-ci:OtherAssetsOther contextRef="AsOf20110331" decimals="-3" unitRef="TWD">7723000</tw-gaap-ci:OtherAssetsOther>
	<tw-gaap-ci:OtherAssetsOther contextRef="AsOf20100331" decimals="-3" unitRef="TWD">6204000</tw-gaap-ci:OtherAssetsOther>
	<tw-gaap-ci:OtherAssets contextRef="AsOf20110331" decimals="-3" unitRef="TWD">7723000</tw-gaap-ci:OtherAssets>
	<tw-gaap-ci:OtherAssets contextRef="AsOf20100331" decimals="-3" unitRef="TWD">6204000</tw-gaap-ci:OtherAssets>
	<tw-gaap-ci:Assets contextRef="AsOf20110331" decimals="-3" unitRef="TWD">3802049000</tw-gaap-ci:Assets>
	<tw-gaap-ci:Assets contextRef="AsOf20100331" decimals="-3" unitRef="TWD">2571425000</tw-gaap-ci:Assets>
	<tw-gaap-ci:BankLoan contextRef="AsOf20110331" decimals="-3" unitRef="TWD">25566000</tw-gaap-ci:BankLoan>
	<tw-gaap-ci:BankLoan contextRef="AsOf20100331" decimals="-3" unitRef="TWD">0</tw-gaap-ci:BankLoan>
	<tw-gaap-ci:ShortTermBorrowings contextRef="AsOf20110331" decimals="-3" unitRef="TWD">25566000</tw-gaap-ci:ShortTermBorrowings>
	<tw-gaap-ci:ShortTermBorrowings contextRef="AsOf20100331" decimals="-3" unitRef="TWD">0</tw-gaap-ci:ShortTermBorrowings>
	<tw-gaap-ci:FinancialLiabilitiesHeldTradingCurrent contextRef="AsOf20110331" decimals="-3" unitRef="TWD">3519000</tw-gaap-ci:FinancialLiabilitiesHeldTradingCurrent>
	<tw-gaap-ci:FinancialLiabilitiesHeldTradingCurrent contextRef="AsOf20100331" decimals="-3" unitRef="TWD">0</tw-gaap-ci:FinancialLiabilitiesHeldTradingCurrent>
	<tw-gaap-ci:FinancialLiabilitiesMeasuredFairValueProfitLossCurrent contextRef="AsOf20110331" decimals="-3" unitRef="TWD">3519000</tw-gaap-ci:FinancialLiabilitiesMeasuredFairValueProfitLossCurrent>
	<tw-gaap-ci:FinancialLiabilitiesMeasuredFairValueProfitLossCurrent contextRef="AsOf20100331" decimals="-3" unitRef="TWD">0</tw-gaap-ci:FinancialLiabilitiesMeasuredFairValueProfitLossCurrent>
	<tw-gaap-ci:AccountsPayable_AccountsPayable contextRef="AsOf20110331" decimals="-3" unitRef="TWD">317595000</tw-gaap-ci:AccountsPayable_AccountsPayable>
	<tw-gaap-ci:AccountsPayable_AccountsPayable contextRef="AsOf20100331" decimals="-3" unitRef="TWD">237273000</tw-gaap-ci:AccountsPayable_AccountsPayable>
	<tw-gaap-ci:AccountsPayable contextRef="AsOf20110331" decimals="-3" unitRef="TWD">317595000</tw-gaap-ci:AccountsPayable>
	<tw-gaap-ci:AccountsPayable contextRef="AsOf20100331" decimals="-3" unitRef="TWD">237273000</tw-gaap-ci:AccountsPayable>
	<tw-gaap-ci:AccountsPayableRelatedParties_AccountsPayableRelatedParties contextRef="AsOf20110331" decimals="-3" unitRef="TWD">6145000</tw-gaap-ci:AccountsPayableRelatedParties_AccountsPayableRelatedParties>
	<tw-gaap-ci:AccountsPayableRelatedParties_AccountsPayableRelatedParties contextRef="AsOf20100331" decimals="-3" unitRef="TWD">725000</tw-gaap-ci:AccountsPayableRelatedParties_AccountsPayableRelatedParties>
	<tw-gaap-ci:AccountsPayableRelatedParties contextRef="AsOf20110331" decimals="-3" unitRef="TWD">6145000</tw-gaap-ci:AccountsPayableRelatedParties>
	<tw-gaap-ci:AccountsPayableRelatedParties contextRef="AsOf20100331" decimals="-3" unitRef="TWD">725000</tw-gaap-ci:AccountsPayableRelatedParties>
	<tw-gaap-ci:IncomeTaxPayable contextRef="AsOf20110331" decimals="-3" unitRef="TWD">61233000</tw-gaap-ci:IncomeTaxPayable>
	<tw-gaap-ci:IncomeTaxPayable contextRef="AsOf20100331" decimals="-3" unitRef="TWD">58540000</tw-gaap-ci:IncomeTaxPayable>
	<tw-gaap-ci:OtherCurrentLiabilitiesOther contextRef="AsOf20110331" decimals="-3" unitRef="TWD">198126000</tw-gaap-ci:OtherCurrentLiabilitiesOther>
	<tw-gaap-ci:OtherCurrentLiabilitiesOther contextRef="AsOf20100331" decimals="-3" unitRef="TWD">165563000</tw-gaap-ci:OtherCurrentLiabilitiesOther>
	<tw-gaap-ci:OtherCurrentLiabilities contextRef="AsOf20110331" decimals="-3" unitRef="TWD">198126000</tw-gaap-ci:OtherCurrentLiabilities>
	<tw-gaap-ci:OtherCurrentLiabilities contextRef="AsOf20100331" decimals="-3" unitRef="TWD">165563000</tw-gaap-ci:OtherCurrentLiabilities>
	<tw-gaap-ci:CurrentLiabilities contextRef="AsOf20110331" decimals="-3" unitRef="TWD">612184000</tw-gaap-ci:CurrentLiabilities>
	<tw-gaap-ci:CurrentLiabilities contextRef="AsOf20100331" decimals="-3" unitRef="TWD">462101000</tw-gaap-ci:CurrentLiabilities>
	<tw-gaap-ci:FinancialLiabilitiesDesignatedFairValueProfitLossNonCurrent contextRef="AsOf20110331" decimals="-3" unitRef="TWD">5840000</tw-gaap-ci:FinancialLiabilitiesDesignatedFairValueProfitLossNonCurrent>
	<tw-gaap-ci:FinancialLiabilitiesDesignatedFairValueProfitLossNonCurrent contextRef="AsOf20100331" decimals="-3" unitRef="TWD">0</tw-gaap-ci:FinancialLiabilitiesDesignatedFairValueProfitLossNonCurrent>
	<tw-gaap-ci:FinancialLiabilitiesMeasuredFairValueProfitLossNonCurrent contextRef="AsOf20110331" decimals="-3" unitRef="TWD">5840000</tw-gaap-ci:FinancialLiabilitiesMeasuredFairValueProfitLossNonCurrent>
	<tw-gaap-ci:FinancialLiabilitiesMeasuredFairValueProfitLossNonCurrent contextRef="AsOf20100331" decimals="-3" unitRef="TWD">0</tw-gaap-ci:FinancialLiabilitiesMeasuredFairValueProfitLossNonCurrent>
	<tw-gaap-ci:BondPayable contextRef="AsOf20110331" decimals="-3" unitRef="TWD">731507000</tw-gaap-ci:BondPayable>
	<tw-gaap-ci:BondPayable contextRef="AsOf20100331" decimals="-3" unitRef="TWD">0</tw-gaap-ci:BondPayable>
	<tw-gaap-ci:LongTermLiabilities contextRef="AsOf20110331" decimals="-3" unitRef="TWD">737347000</tw-gaap-ci:LongTermLiabilities>
	<tw-gaap-ci:LongTermLiabilities contextRef="AsOf20100331" decimals="-3" unitRef="TWD">0</tw-gaap-ci:LongTermLiabilities>
	<tw-gaap-ci:PensionReserve contextRef="AsOf20110331" decimals="-3" unitRef="TWD">15804000</tw-gaap-ci:PensionReserve>
	<tw-gaap-ci:PensionReserve contextRef="AsOf20100331" decimals="-3" unitRef="TWD">15297000</tw-gaap-ci:PensionReserve>
	<tw-gaap-ci:DeferredIncomeTax contextRef="AsOf20110331" decimals="-3" unitRef="TWD">10091000</tw-gaap-ci:DeferredIncomeTax>
	<tw-gaap-ci:DeferredIncomeTax contextRef="AsOf20100331" decimals="-3" unitRef="TWD">8025000</tw-gaap-ci:DeferredIncomeTax>
	<tw-gaap-ci:OtherLiabilities contextRef="AsOf20110331" decimals="-3" unitRef="TWD">25895000</tw-gaap-ci:OtherLiabilities>
	<tw-gaap-ci:OtherLiabilities contextRef="AsOf20100331" decimals="-3" unitRef="TWD">23322000</tw-gaap-ci:OtherLiabilities>
	<tw-gaap-ci:Liabilities contextRef="AsOf20110331" decimals="-3" unitRef="TWD">1375426000</tw-gaap-ci:Liabilities>
	<tw-gaap-ci:Liabilities contextRef="AsOf20100331" decimals="-3" unitRef="TWD">485423000</tw-gaap-ci:Liabilities>
	<tw-gaap-ci:CommonStock contextRef="AsOf20110331" decimals="-3" unitRef="TWD">826757000</tw-gaap-ci:CommonStock>
	<tw-gaap-ci:CommonStock contextRef="AsOf20100331" decimals="-3" unitRef="TWD">786940000</tw-gaap-ci:CommonStock>
	<tw-gaap-ci:Capital contextRef="AsOf20110331" decimals="-3" unitRef="TWD">826757000</tw-gaap-ci:Capital>
	<tw-gaap-ci:Capital contextRef="AsOf20100331" decimals="-3" unitRef="TWD">786940000</tw-gaap-ci:Capital>
	<tw-gaap-ci:CapitalSurplusAdditionalPaidCapitalCommonStock contextRef="AsOf20110331" decimals="-3" unitRef="TWD">73492000</tw-gaap-ci:CapitalSurplusAdditionalPaidCapitalCommonStock>
	<tw-gaap-ci:CapitalSurplusAdditionalPaidCapitalCommonStock contextRef="AsOf20100331" decimals="-3" unitRef="TWD">70644000</tw-gaap-ci:CapitalSurplusAdditionalPaidCapitalCommonStock>
	<tw-gaap-ci:CapitalSurplusAdditionalPaidCapitalBondConversion contextRef="AsOf20110331" decimals="-3" unitRef="TWD">148380000</tw-gaap-ci:CapitalSurplusAdditionalPaidCapitalBondConversion>
	<tw-gaap-ci:CapitalSurplusAdditionalPaidCapitalBondConversion contextRef="AsOf20100331" decimals="-3" unitRef="TWD">148380000</tw-gaap-ci:CapitalSurplusAdditionalPaidCapitalBondConversion>
	<tw-gaap-ci:CapitalSurplusAdditionalPaidCapital contextRef="AsOf20110331" decimals="-3" unitRef="TWD">221872000</tw-gaap-ci:CapitalSurplusAdditionalPaidCapital>
	<tw-gaap-ci:CapitalSurplusAdditionalPaidCapital contextRef="AsOf20100331" decimals="-3" unitRef="TWD">219024000</tw-gaap-ci:CapitalSurplusAdditionalPaidCapital>
	<tw-gaap-ci:CapitalSurplusGainDisposalFixedAssets contextRef="AsOf20110331" decimals="-3" unitRef="TWD">15000</tw-gaap-ci:CapitalSurplusGainDisposalFixedAssets>
	<tw-gaap-ci:CapitalSurplusGainDisposalFixedAssets contextRef="AsOf20100331" decimals="-3" unitRef="TWD">15000</tw-gaap-ci:CapitalSurplusGainDisposalFixedAssets>
	<tw-gaap-ci:CapitalSurplusStockOption contextRef="AsOf20110331" decimals="-3" unitRef="TWD">67566000</tw-gaap-ci:CapitalSurplusStockOption>
	<tw-gaap-ci:CapitalSurplusStockOption contextRef="AsOf20100331" decimals="-3" unitRef="TWD">0</tw-gaap-ci:CapitalSurplusStockOption>
	<tw-gaap-ci:CapitalSurplus contextRef="AsOf20110331" decimals="-3" unitRef="TWD">289453000</tw-gaap-ci:CapitalSurplus>
	<tw-gaap-ci:CapitalSurplus contextRef="AsOf20100331" decimals="-3" unitRef="TWD">219039000</tw-gaap-ci:CapitalSurplus>
	<tw-gaap-ci:LegalReserve contextRef="AsOf20110331" decimals="-3" unitRef="TWD">297158000</tw-gaap-ci:LegalReserve>
	<tw-gaap-ci:LegalReserve contextRef="AsOf20100331" decimals="-3" unitRef="TWD">242658000</tw-gaap-ci:LegalReserve>
	<tw-gaap-ci:UnappropriatedRetainedEarnings contextRef="AsOf20110331" decimals="-3" unitRef="TWD">1023617000</tw-gaap-ci:UnappropriatedRetainedEarnings>
	<tw-gaap-ci:UnappropriatedRetainedEarnings contextRef="AsOf20100331" decimals="-3" unitRef="TWD">837587000</tw-gaap-ci:UnappropriatedRetainedEarnings>
	<tw-gaap-ci:RetainedEarnings contextRef="AsOf20110331" decimals="-3" unitRef="TWD">1320775000</tw-gaap-ci:RetainedEarnings>
	<tw-gaap-ci:RetainedEarnings contextRef="AsOf20100331" decimals="-3" unitRef="TWD">1080245000</tw-gaap-ci:RetainedEarnings>
	<tw-gaap-ci:CumulativeTranslationAdjustments contextRef="AsOf20110331" decimals="-3" unitRef="TWD">-8972000</tw-gaap-ci:CumulativeTranslationAdjustments>
	<tw-gaap-ci:CumulativeTranslationAdjustments contextRef="AsOf20100331" decimals="-3" unitRef="TWD">1978000</tw-gaap-ci:CumulativeTranslationAdjustments>
	<tw-gaap-ci:NetLossNotRecognizedPensionCost contextRef="AsOf20110331" decimals="-3" unitRef="TWD">1390000</tw-gaap-ci:NetLossNotRecognizedPensionCost>
	<tw-gaap-ci:NetLossNotRecognizedPensionCost contextRef="AsOf20100331" decimals="-3" unitRef="TWD">2200000</tw-gaap-ci:NetLossNotRecognizedPensionCost>
	<tw-gaap-ci:StockholdersEquitiesAdjustments contextRef="AsOf20110331" decimals="-3" unitRef="TWD">-10362000</tw-gaap-ci:StockholdersEquitiesAdjustments>
	<tw-gaap-ci:StockholdersEquitiesAdjustments contextRef="AsOf20100331" decimals="-3" unitRef="TWD">-222000</tw-gaap-ci:StockholdersEquitiesAdjustments>
	<tw-gaap-ci:StockholdersEquities contextRef="AsOf20110331" decimals="-3" unitRef="TWD">2426623000</tw-gaap-ci:StockholdersEquities>
	<tw-gaap-ci:StockholdersEquities contextRef="AsOf20100331" decimals="-3" unitRef="TWD">2086002000</tw-gaap-ci:StockholdersEquities>
	<tw-gaap-ci:EquivalentSharesOutstandingAdvanceReceiptsCommonStock contextRef="AsOf20110331" decimals="0" unitRef="Shares">0</tw-gaap-ci:EquivalentSharesOutstandingAdvanceReceiptsCommonStock>
	<tw-gaap-ci:EquivalentSharesOutstandingAdvanceReceiptsCommonStock contextRef="AsOf20100331" decimals="0" unitRef="Shares">0</tw-gaap-ci:EquivalentSharesOutstandingAdvanceReceiptsCommonStock>
	<tw-gaap-ci:NumberTreasuryStockAcquiredCompanySubsidiaries contextRef="AsOf20110331" decimals="0" unitRef="Shares">0</tw-gaap-ci:NumberTreasuryStockAcquiredCompanySubsidiaries>
	<tw-gaap-ci:NumberTreasuryStockAcquiredCompanySubsidiaries contextRef="AsOf20100331" decimals="0" unitRef="Shares">0</tw-gaap-ci:NumberTreasuryStockAcquiredCompanySubsidiaries>
	<tw-gaap-ci:SalesRevenue contextRef="From20110101To20110331" decimals="-3" unitRef="TWD">659246000</tw-gaap-ci:SalesRevenue>
	<tw-gaap-ci:SalesRevenue contextRef="From20100101To20100331" decimals="-3" unitRef="TWD">574807000</tw-gaap-ci:SalesRevenue>
	<tw-gaap-ci:Sales contextRef="From20110101To20110331" decimals="-3" unitRef="TWD">659246000</tw-gaap-ci:Sales>
	<tw-gaap-ci:Sales contextRef="From20100101To20100331" decimals="-3" unitRef="TWD">574807000</tw-gaap-ci:Sales>
	<tw-gaap-ci:SalesReturns contextRef="From20110101To20110331" decimals="-3" unitRef="TWD">397000</tw-gaap-ci:SalesReturns>
	<tw-gaap-ci:SalesReturns contextRef="From20100101To20100331" decimals="-3" unitRef="TWD">1354000</tw-gaap-ci:SalesReturns>
	<tw-gaap-ci:SalesDiscountsAllowances contextRef="From20110101To20110331" decimals="-3" unitRef="TWD">1046000</tw-gaap-ci:SalesDiscountsAllowances>
	<tw-gaap-ci:SalesDiscountsAllowances contextRef="From20100101To20100331" decimals="-3" unitRef="TWD">2802000</tw-gaap-ci:SalesDiscountsAllowances>
	<tw-gaap-ci:NetSales contextRef="From20110101To20110331" decimals="-3" unitRef="TWD">657803000</tw-gaap-ci:NetSales>
	<tw-gaap-ci:NetSales contextRef="From20100101To20100331" decimals="-3" unitRef="TWD">570651000</tw-gaap-ci:NetSales>
	<tw-gaap-ci:OperatingRevenue contextRef="From20110101To20110331" decimals="-3" unitRef="TWD">657803000</tw-gaap-ci:OperatingRevenue>
	<tw-gaap-ci:OperatingRevenue contextRef="From20100101To20100331" decimals="-3" unitRef="TWD">570651000</tw-gaap-ci:OperatingRevenue>
	<tw-gaap-ci:CostSalesCostSales contextRef="From20110101To20110331" decimals="-3" unitRef="TWD">455614000</tw-gaap-ci:CostSalesCostSales>
	<tw-gaap-ci:CostSalesCostSales contextRef="From20100101To20100331" decimals="-3" unitRef="TWD">388213000</tw-gaap-ci:CostSalesCostSales>
	<tw-gaap-ci:CostSales contextRef="From20110101To20110331" decimals="-3" unitRef="TWD">455614000</tw-gaap-ci:CostSales>
	<tw-gaap-ci:CostSales contextRef="From20100101To20100331" decimals="-3" unitRef="TWD">388213000</tw-gaap-ci:CostSales>
	<tw-gaap-ci:OperatingCosts contextRef="From20110101To20110331" decimals="-3" unitRef="TWD">455614000</tw-gaap-ci:OperatingCosts>
	<tw-gaap-ci:OperatingCosts contextRef="From20100101To20100331" decimals="-3" unitRef="TWD">388213000</tw-gaap-ci:OperatingCosts>
	<tw-gaap-ci:GrossProfitLossOperations contextRef="From20110101To20110331" decimals="-3" unitRef="TWD">202189000</tw-gaap-ci:GrossProfitLossOperations>
	<tw-gaap-ci:GrossProfitLossOperations contextRef="From20100101To20100331" decimals="-3" unitRef="TWD">182438000</tw-gaap-ci:GrossProfitLossOperations>
	<tw-gaap-ci:UnrealizedGainInterAffiliateAccounts contextRef="From20110101To20110331" decimals="-3" unitRef="TWD">1133000</tw-gaap-ci:UnrealizedGainInterAffiliateAccounts>
	<tw-gaap-ci:UnrealizedGainInterAffiliateAccounts contextRef="From20100101To20100331" decimals="-3" unitRef="TWD">283000</tw-gaap-ci:UnrealizedGainInterAffiliateAccounts>
	<tw-gaap-ci:Sellingexpense contextRef="From20110101To20110331" decimals="-3" unitRef="TWD">30110000</tw-gaap-ci:Sellingexpense>
	<tw-gaap-ci:Sellingexpense contextRef="From20100101To20100331" decimals="-3" unitRef="TWD">24120000</tw-gaap-ci:Sellingexpense>
	<tw-gaap-ci:GeneralAdministrativeExpenses contextRef="From20110101To20110331" decimals="-3" unitRef="TWD">23879000</tw-gaap-ci:GeneralAdministrativeExpenses>
	<tw-gaap-ci:GeneralAdministrativeExpenses contextRef="From20100101To20100331" decimals="-3" unitRef="TWD">15513000</tw-gaap-ci:GeneralAdministrativeExpenses>
	<tw-gaap-ci:ResearchDevelopmentExpenses contextRef="From20110101To20110331" decimals="-3" unitRef="TWD">26392000</tw-gaap-ci:ResearchDevelopmentExpenses>
	<tw-gaap-ci:ResearchDevelopmentExpenses contextRef="From20100101To20100331" decimals="-3" unitRef="TWD">23411000</tw-gaap-ci:ResearchDevelopmentExpenses>
	<tw-gaap-ci:OperatingExpenses contextRef="From20110101To20110331" decimals="-3" unitRef="TWD">80381000</tw-gaap-ci:OperatingExpenses>
	<tw-gaap-ci:OperatingExpenses contextRef="From20100101To20100331" decimals="-3" unitRef="TWD">63044000</tw-gaap-ci:OperatingExpenses>
	<tw-gaap-ci:OperatingIncomeLoss contextRef="From20110101To20110331" decimals="-3" unitRef="TWD">120675000</tw-gaap-ci:OperatingIncomeLoss>
	<tw-gaap-ci:OperatingIncomeLoss contextRef="From20100101To20100331" decimals="-3" unitRef="TWD">119111000</tw-gaap-ci:OperatingIncomeLoss>
	<tw-gaap-ci:InterestIncome contextRef="From20110101To20110331" decimals="-3" unitRef="TWD">1173000</tw-gaap-ci:InterestIncome>
	<tw-gaap-ci:InterestIncome contextRef="From20100101To20100331" decimals="-3" unitRef="TWD">372000</tw-gaap-ci:InterestIncome>
	<tw-gaap-ci:InvestmentGainsRecognizedEquityMethod contextRef="From20110101To20110331" decimals="-3" unitRef="TWD">3596000</tw-gaap-ci:InvestmentGainsRecognizedEquityMethod>
	<tw-gaap-ci:InvestmentGainsRecognizedEquityMethod contextRef="From20100101To20100331" decimals="-3" unitRef="TWD">1648000</tw-gaap-ci:InvestmentGainsRecognizedEquityMethod>
	<tw-gaap-ci:InvestmentGains contextRef="From20110101To20110331" decimals="-3" unitRef="TWD">3596000</tw-gaap-ci:InvestmentGains>
	<tw-gaap-ci:InvestmentGains contextRef="From20100101To20100331" decimals="-3" unitRef="TWD">1648000</tw-gaap-ci:InvestmentGains>
	<tw-gaap-ci:GainsSaleInvestments contextRef="From20110101To20110331" decimals="-3" unitRef="TWD">728000</tw-gaap-ci:GainsSaleInvestments>
	<tw-gaap-ci:GainsSaleInvestments contextRef="From20100101To20100331" decimals="-3" unitRef="TWD">0</tw-gaap-ci:GainsSaleInvestments>
	<tw-gaap-ci:ForeignExchangeGains contextRef="From20110101To20110331" decimals="-3" unitRef="TWD">8980000</tw-gaap-ci:ForeignExchangeGains>
	<tw-gaap-ci:ForeignExchangeGains contextRef="From20100101To20100331" decimals="-3" unitRef="TWD">0</tw-gaap-ci:ForeignExchangeGains>
	<tw-gaap-ci:RevaluationGainFinancialAssets contextRef="From20110101To20110331" decimals="-3" unitRef="TWD">0</tw-gaap-ci:RevaluationGainFinancialAssets>
	<tw-gaap-ci:RevaluationGainFinancialAssets contextRef="From20100101To20100331" decimals="-3" unitRef="TWD">499000</tw-gaap-ci:RevaluationGainFinancialAssets>
	<tw-gaap-ci:MiscellaneousIncome contextRef="From20110101To20110331" decimals="-3" unitRef="TWD">2792000</tw-gaap-ci:MiscellaneousIncome>
	<tw-gaap-ci:MiscellaneousIncome contextRef="From20100101To20100331" decimals="-3" unitRef="TWD">1983000</tw-gaap-ci:MiscellaneousIncome>
	<tw-gaap-ci:NonOperatingIncomeGains contextRef="From20110101To20110331" decimals="-3" unitRef="TWD">17269000</tw-gaap-ci:NonOperatingIncomeGains>
	<tw-gaap-ci:NonOperatingIncomeGains contextRef="From20100101To20100331" decimals="-3" unitRef="TWD">4502000</tw-gaap-ci:NonOperatingIncomeGains>
	<tw-gaap-ci:InterestExpense contextRef="From20110101To20110331" decimals="-3" unitRef="TWD">3931000</tw-gaap-ci:InterestExpense>
	<tw-gaap-ci:InterestExpense contextRef="From20100101To20100331" decimals="-3" unitRef="TWD">0</tw-gaap-ci:InterestExpense>
	<tw-gaap-ci:LossDisposalFixedAssets contextRef="From20110101To20110331" decimals="-3" unitRef="TWD">63000</tw-gaap-ci:LossDisposalFixedAssets>
	<tw-gaap-ci:LossDisposalFixedAssets contextRef="From20100101To20100331" decimals="-3" unitRef="TWD">98000</tw-gaap-ci:LossDisposalFixedAssets>
	<tw-gaap-ci:ForeignExchangeLosses contextRef="From20110101To20110331" decimals="-3" unitRef="TWD">0</tw-gaap-ci:ForeignExchangeLosses>
	<tw-gaap-ci:ForeignExchangeLosses contextRef="From20100101To20100331" decimals="-3" unitRef="TWD">2219000</tw-gaap-ci:ForeignExchangeLosses>
	<tw-gaap-ci:RevaluationLossFinancialLiabilities contextRef="From20110101To20110331" decimals="-3" unitRef="TWD">5369000</tw-gaap-ci:RevaluationLossFinancialLiabilities>
	<tw-gaap-ci:RevaluationLossFinancialLiabilities contextRef="From20100101To20100331" decimals="-3" unitRef="TWD">0</tw-gaap-ci:RevaluationLossFinancialLiabilities>
	<tw-gaap-ci:NonOperatingExpenses contextRef="From20110101To20110331" decimals="-3" unitRef="TWD">9363000</tw-gaap-ci:NonOperatingExpenses>
	<tw-gaap-ci:NonOperatingExpenses contextRef="From20100101To20100331" decimals="-3" unitRef="TWD">2317000</tw-gaap-ci:NonOperatingExpenses>
	<tw-gaap-ci:IncomeContinuingOperationsBeforeIncomeTax contextRef="From20110101To20110331" decimals="-3" unitRef="TWD">128581000</tw-gaap-ci:IncomeContinuingOperationsBeforeIncomeTax>
	<tw-gaap-ci:IncomeContinuingOperationsBeforeIncomeTax contextRef="From20100101To20100331" decimals="-3" unitRef="TWD">121296000</tw-gaap-ci:IncomeContinuingOperationsBeforeIncomeTax>
	<tw-gaap-ci:IncomeTaxExpenseBenefitIncomeTaxExpenseBenefit contextRef="From20110101To20110331" decimals="-3" unitRef="TWD">12445000</tw-gaap-ci:IncomeTaxExpenseBenefitIncomeTaxExpenseBenefit>
	<tw-gaap-ci:IncomeTaxExpenseBenefitIncomeTaxExpenseBenefit contextRef="From20100101To20100331" decimals="-3" unitRef="TWD">18002000</tw-gaap-ci:IncomeTaxExpenseBenefitIncomeTaxExpenseBenefit>
	<tw-gaap-ci:IncomeTaxExpenseBenefit contextRef="From20110101To20110331" decimals="-3" unitRef="TWD">12445000</tw-gaap-ci:IncomeTaxExpenseBenefit>
	<tw-gaap-ci:IncomeTaxExpenseBenefit contextRef="From20100101To20100331" decimals="-3" unitRef="TWD">18002000</tw-gaap-ci:IncomeTaxExpenseBenefit>
	<tw-gaap-ci:IncomeContinuingOperations contextRef="From20110101To20110331" decimals="-3" unitRef="TWD">116136000</tw-gaap-ci:IncomeContinuingOperations>
	<tw-gaap-ci:IncomeContinuingOperations contextRef="From20100101To20100331" decimals="-3" unitRef="TWD">103294000</tw-gaap-ci:IncomeContinuingOperations>
	<tw-gaap-ci:NetIncomeLoss contextRef="From20110101To20110331" decimals="-3" unitRef="TWD">116136000</tw-gaap-ci:NetIncomeLoss>
	<tw-gaap-ci:NetIncomeLoss contextRef="From20100101To20100331" decimals="-3" unitRef="TWD">103294000</tw-gaap-ci:NetIncomeLoss>
	<tw-gaap-ci:PrimaryEarningsPerShareIncomeLossContinuingOperations contextRef="From20110101To20110331" decimals="2" unitRef="TWD">1.41</tw-gaap-ci:PrimaryEarningsPerShareIncomeLossContinuingOperations>
	<tw-gaap-ci:PrimaryEarningsPerShareIncomeLossContinuingOperations contextRef="From20100101To20100331" decimals="2" unitRef="TWD">1.25</tw-gaap-ci:PrimaryEarningsPerShareIncomeLossContinuingOperations>
	<tw-gaap-ci:PrimaryEarningsPerShare contextRef="From20110101To20110331" decimals="2" unitRef="TWD">1.41</tw-gaap-ci:PrimaryEarningsPerShare>
	<tw-gaap-ci:PrimaryEarningsPerShare contextRef="From20100101To20100331" decimals="2" unitRef="TWD">1.25</tw-gaap-ci:PrimaryEarningsPerShare>
	<tw-gaap-ci:DilutedEarningsPerShare contextRef="From20110101To20110331" decimals="2" unitRef="TWD">1.28</tw-gaap-ci:DilutedEarningsPerShare>
	<tw-gaap-ci:DilutedEarningsPerShare contextRef="From20100101To20100331" decimals="2" unitRef="TWD">1.23</tw-gaap-ci:DilutedEarningsPerShare>
	<tw-gaap-ci:NetIncomeLoss_StatementCashFlows contextRef="From20110101To20110331" decimals="-3" unitRef="TWD">116136000</tw-gaap-ci:NetIncomeLoss_StatementCashFlows>
	<tw-gaap-ci:NetIncomeLoss_StatementCashFlows contextRef="From20100101To20100331" decimals="-3" unitRef="TWD">103294000</tw-gaap-ci:NetIncomeLoss_StatementCashFlows>
	<tw-gaap-ci:DepreciationExpense-Operating contextRef="From20110101To20110331" decimals="-3" unitRef="TWD">9918000</tw-gaap-ci:DepreciationExpense-Operating>
	<tw-gaap-ci:DepreciationExpense-Operating contextRef="From20100101To20100331" decimals="-3" unitRef="TWD">8796000</tw-gaap-ci:DepreciationExpense-Operating>
	<tw-gaap-ci:AmortizationExpense-Operating contextRef="From20110101To20110331" decimals="-3" unitRef="TWD">311000</tw-gaap-ci:AmortizationExpense-Operating>
	<tw-gaap-ci:AmortizationExpense-Operating contextRef="From20100101To20100331" decimals="-3" unitRef="TWD">232000</tw-gaap-ci:AmortizationExpense-Operating>
	<tw-gaap-ci:AmortizationDiscountsPremiumsBondsPayable contextRef="From20110101To20110331" decimals="-3" unitRef="TWD">3931000</tw-gaap-ci:AmortizationDiscountsPremiumsBondsPayable>
	<tw-gaap-ci:AmortizationDiscountsPremiumsBondsPayable contextRef="From20100101To20100331" decimals="-3" unitRef="TWD">0</tw-gaap-ci:AmortizationDiscountsPremiumsBondsPayable>
	<tw-gaap-ci:InvestmentLossIncomeRecognizedEquityMethod contextRef="From20110101To20110331" decimals="-3" unitRef="TWD">-3596000</tw-gaap-ci:InvestmentLossIncomeRecognizedEquityMethod>
	<tw-gaap-ci:InvestmentLossIncomeRecognizedEquityMethod contextRef="From20100101To20100331" decimals="-3" unitRef="TWD">-1648000</tw-gaap-ci:InvestmentLossIncomeRecognizedEquityMethod>
	<tw-gaap-ci:GainsLossesSaleInvestments contextRef="From20110101To20110331" decimals="-3" unitRef="TWD">-728000</tw-gaap-ci:GainsLossesSaleInvestments>
	<tw-gaap-ci:GainsLossesSaleInvestments contextRef="From20100101To20100331" decimals="-3" unitRef="TWD">0</tw-gaap-ci:GainsLossesSaleInvestments>
	<tw-gaap-ci:LossesGainsDisposalEquityInvestmentsEquityMethod contextRef="From20110101To20110331" decimals="-3" unitRef="TWD">5369000</tw-gaap-ci:LossesGainsDisposalEquityInvestmentsEquityMethod>
	<tw-gaap-ci:LossesGainsDisposalEquityInvestmentsEquityMethod contextRef="From20100101To20100331" decimals="-3" unitRef="TWD">-499000</tw-gaap-ci:LossesGainsDisposalEquityInvestmentsEquityMethod>
	<tw-gaap-ci:UnrealizedRevaluationGainFinancialAssetsLiabilities contextRef="From20110101To20110331" decimals="-3" unitRef="TWD">63000</tw-gaap-ci:UnrealizedRevaluationGainFinancialAssetsLiabilities>
	<tw-gaap-ci:UnrealizedRevaluationGainFinancialAssetsLiabilities contextRef="From20100101To20100331" decimals="-3" unitRef="TWD">98000</tw-gaap-ci:UnrealizedRevaluationGainFinancialAssetsLiabilities>
	<tw-gaap-ci:LossGainDeferredIncomeTax contextRef="From20110101To20110331" decimals="-3" unitRef="TWD">2289000</tw-gaap-ci:LossGainDeferredIncomeTax>
	<tw-gaap-ci:LossGainDeferredIncomeTax contextRef="From20100101To20100331" decimals="-3" unitRef="TWD">1104000</tw-gaap-ci:LossGainDeferredIncomeTax>
	<tw-gaap-ci:AdjustmentsReconcileNetIncomeNetCashProvidedUsedOperatingActivities contextRef="From20110101To20110331" decimals="-3" unitRef="TWD">17557000</tw-gaap-ci:AdjustmentsReconcileNetIncomeNetCashProvidedUsedOperatingActivities>
	<tw-gaap-ci:AdjustmentsReconcileNetIncomeNetCashProvidedUsedOperatingActivities contextRef="From20100101To20100331" decimals="-3" unitRef="TWD">8083000</tw-gaap-ci:AdjustmentsReconcileNetIncomeNetCashProvidedUsedOperatingActivities>
	<tw-gaap-ci:ChangesAccountsReceivable contextRef="From20110101To20110331" decimals="-3" unitRef="TWD">-56489000</tw-gaap-ci:ChangesAccountsReceivable>
	<tw-gaap-ci:ChangesAccountsReceivable contextRef="From20100101To20100331" decimals="-3" unitRef="TWD">-8501000</tw-gaap-ci:ChangesAccountsReceivable>
	<tw-gaap-ci:ChangesAccountsReceivableRelatedParties contextRef="From20110101To20110331" decimals="-3" unitRef="TWD">-19982000</tw-gaap-ci:ChangesAccountsReceivableRelatedParties>
	<tw-gaap-ci:ChangesAccountsReceivableRelatedParties contextRef="From20100101To20100331" decimals="-3" unitRef="TWD">-15932000</tw-gaap-ci:ChangesAccountsReceivableRelatedParties>
	<tw-gaap-ci:ChangesOtherReceivables contextRef="From20110101To20110331" decimals="-3" unitRef="TWD">-9716000</tw-gaap-ci:ChangesOtherReceivables>
	<tw-gaap-ci:ChangesOtherReceivables contextRef="From20100101To20100331" decimals="-3" unitRef="TWD">-779000</tw-gaap-ci:ChangesOtherReceivables>
	<tw-gaap-ci:ChangesInventories contextRef="From20110101To20110331" decimals="-3" unitRef="TWD">-155922000</tw-gaap-ci:ChangesInventories>
	<tw-gaap-ci:ChangesInventories contextRef="From20100101To20100331" decimals="-3" unitRef="TWD">-31233000</tw-gaap-ci:ChangesInventories>
	<tw-gaap-ci:ChangesOtherPrepayments contextRef="From20110101To20110331" decimals="-3" unitRef="TWD">-2098000</tw-gaap-ci:ChangesOtherPrepayments>
	<tw-gaap-ci:ChangesOtherPrepayments contextRef="From20100101To20100331" decimals="-3" unitRef="TWD">-328000</tw-gaap-ci:ChangesOtherPrepayments>
	<tw-gaap-ci:ChangesOperatingAssets contextRef="From20110101To20110331" decimals="-3" unitRef="TWD">-244207000</tw-gaap-ci:ChangesOperatingAssets>
	<tw-gaap-ci:ChangesOperatingAssets contextRef="From20100101To20100331" decimals="-3" unitRef="TWD">-56773000</tw-gaap-ci:ChangesOperatingAssets>
	<tw-gaap-ci:ChangesAccountsPayable contextRef="From20110101To20110331" decimals="-3" unitRef="TWD">113743000</tw-gaap-ci:ChangesAccountsPayable>
	<tw-gaap-ci:ChangesAccountsPayable contextRef="From20100101To20100331" decimals="-3" unitRef="TWD">67665000</tw-gaap-ci:ChangesAccountsPayable>
	<tw-gaap-ci:ChangesAccountsPayableRelatedParties contextRef="From20110101To20110331" decimals="-3" unitRef="TWD">3661000</tw-gaap-ci:ChangesAccountsPayableRelatedParties>
	<tw-gaap-ci:ChangesAccountsPayableRelatedParties contextRef="From20100101To20100331" decimals="-3" unitRef="TWD">704000</tw-gaap-ci:ChangesAccountsPayableRelatedParties>
	<tw-gaap-ci:ChangesIncomeTaxPayable contextRef="From20110101To20110331" decimals="-3" unitRef="TWD">10065000</tw-gaap-ci:ChangesIncomeTaxPayable>
	<tw-gaap-ci:ChangesIncomeTaxPayable contextRef="From20100101To20100331" decimals="-3" unitRef="TWD">9009000</tw-gaap-ci:ChangesIncomeTaxPayable>
	<tw-gaap-ci:ChangesAccruedExpenses contextRef="From20110101To20110331" decimals="-3" unitRef="TWD">-16215000</tw-gaap-ci:ChangesAccruedExpenses>
	<tw-gaap-ci:ChangesAccruedExpenses contextRef="From20100101To20100331" decimals="-3" unitRef="TWD">-1774000</tw-gaap-ci:ChangesAccruedExpenses>
	<tw-gaap-ci:ChangesAccruedPensionLiabilities contextRef="From20110101To20110331" decimals="-3" unitRef="TWD">334000</tw-gaap-ci:ChangesAccruedPensionLiabilities>
	<tw-gaap-ci:ChangesAccruedPensionLiabilities contextRef="From20100101To20100331" decimals="-3" unitRef="TWD">370000</tw-gaap-ci:ChangesAccruedPensionLiabilities>
	<tw-gaap-ci:ChangesOperatingLiabilities contextRef="From20110101To20110331" decimals="-3" unitRef="TWD">111588000</tw-gaap-ci:ChangesOperatingLiabilities>
	<tw-gaap-ci:ChangesOperatingLiabilities contextRef="From20100101To20100331" decimals="-3" unitRef="TWD">75974000</tw-gaap-ci:ChangesOperatingLiabilities>
	<tw-gaap-ci:ChangesOperatingAssetsLiabilities contextRef="From20110101To20110331" decimals="-3" unitRef="TWD">-132619000</tw-gaap-ci:ChangesOperatingAssetsLiabilities>
	<tw-gaap-ci:ChangesOperatingAssetsLiabilities contextRef="From20100101To20100331" decimals="-3" unitRef="TWD">19201000</tw-gaap-ci:ChangesOperatingAssetsLiabilities>
	<tw-gaap-ci:NetCashProvidedUsedOperatingActivities contextRef="From20110101To20110331" decimals="-3" unitRef="TWD">1074000</tw-gaap-ci:NetCashProvidedUsedOperatingActivities>
	<tw-gaap-ci:NetCashProvidedUsedOperatingActivities contextRef="From20100101To20100331" decimals="-3" unitRef="TWD">130578000</tw-gaap-ci:NetCashProvidedUsedOperatingActivities>
	<tw-gaap-ci:AcquisitionFinancialAssetsFairValueProfitLoss contextRef="From20110101To20110331" decimals="-3" unitRef="TWD">-2930000</tw-gaap-ci:AcquisitionFinancialAssetsFairValueProfitLoss>
	<tw-gaap-ci:AcquisitionFinancialAssetsFairValueProfitLoss contextRef="From20100101To20100331" decimals="-3" unitRef="TWD">0</tw-gaap-ci:AcquisitionFinancialAssetsFairValueProfitLoss>
	<tw-gaap-ci:ProceedsDisposalFinancialAssetsDesignatedFairValueProfitLoss contextRef="From20110101To20110331" decimals="-3" unitRef="TWD">3658000</tw-gaap-ci:ProceedsDisposalFinancialAssetsDesignatedFairValueProfitLoss>
	<tw-gaap-ci:ProceedsDisposalFinancialAssetsDesignatedFairValueProfitLoss contextRef="From20100101To20100331" decimals="-3" unitRef="TWD">50007000</tw-gaap-ci:ProceedsDisposalFinancialAssetsDesignatedFairValueProfitLoss>
	<tw-gaap-ci:AcquisitionPropertyPlantEquipment contextRef="From20110101To20110331" decimals="-3" unitRef="TWD">-77315000</tw-gaap-ci:AcquisitionPropertyPlantEquipment>
	<tw-gaap-ci:AcquisitionPropertyPlantEquipment contextRef="From20100101To20100331" decimals="-3" unitRef="TWD">-160962000</tw-gaap-ci:AcquisitionPropertyPlantEquipment>
	<tw-gaap-ci:ProceedsDisposalPropertyPlantEquipment contextRef="From20110101To20110331" decimals="-3" unitRef="TWD">0</tw-gaap-ci:ProceedsDisposalPropertyPlantEquipment>
	<tw-gaap-ci:ProceedsDisposalPropertyPlantEquipment contextRef="From20100101To20100331" decimals="-3" unitRef="TWD">14000</tw-gaap-ci:ProceedsDisposalPropertyPlantEquipment>
	<tw-gaap-ci:ChangesRefundableDeposits contextRef="From20110101To20110331" decimals="-3" unitRef="TWD">-300000</tw-gaap-ci:ChangesRefundableDeposits>
	<tw-gaap-ci:ChangesRefundableDeposits contextRef="From20100101To20100331" decimals="-3" unitRef="TWD">-765000</tw-gaap-ci:ChangesRefundableDeposits>
	<tw-gaap-ci:NetCashProvidedUsedInvestingActivities contextRef="From20110101To20110331" decimals="-3" unitRef="TWD">-76887000</tw-gaap-ci:NetCashProvidedUsedInvestingActivities>
	<tw-gaap-ci:NetCashProvidedUsedInvestingActivities contextRef="From20100101To20100331" decimals="-3" unitRef="TWD">-111706000</tw-gaap-ci:NetCashProvidedUsedInvestingActivities>
	<tw-gaap-ci:ChangesShortTermLoans contextRef="From20110101To20110331" decimals="-3" unitRef="TWD">25566000</tw-gaap-ci:ChangesShortTermLoans>
	<tw-gaap-ci:ChangesShortTermLoans contextRef="From20100101To20100331" decimals="-3" unitRef="TWD">0</tw-gaap-ci:ChangesShortTermLoans>
	<tw-gaap-ci:EmployeeStockOptionsExercised contextRef="From20110101To20110331" decimals="-3" unitRef="TWD">2965000</tw-gaap-ci:EmployeeStockOptionsExercised>
	<tw-gaap-ci:EmployeeStockOptionsExercised contextRef="From20100101To20100331" decimals="-3" unitRef="TWD">0</tw-gaap-ci:EmployeeStockOptionsExercised>
	<tw-gaap-ci:NetCashProvidedUsedFinancingActivities contextRef="From20110101To20110331" decimals="-3" unitRef="TWD">28531000</tw-gaap-ci:NetCashProvidedUsedFinancingActivities>
	<tw-gaap-ci:NetCashProvidedUsedFinancingActivities contextRef="From20100101To20100331" decimals="-3" unitRef="TWD">0</tw-gaap-ci:NetCashProvidedUsedFinancingActivities>
	<tw-gaap-ci:NetChangesCashCashEquivalents contextRef="From20110101To20110331" decimals="-3" unitRef="TWD">-47282000</tw-gaap-ci:NetChangesCashCashEquivalents>
	<tw-gaap-ci:NetChangesCashCashEquivalents contextRef="From20100101To20100331" decimals="-3" unitRef="TWD">18872000</tw-gaap-ci:NetChangesCashCashEquivalents>
	<tw-gaap-ci:CashCashEquivalents contextRef="AsOf20110101" decimals="-3" unitRef="TWD">1839087000</tw-gaap-ci:CashCashEquivalents>
	<tw-gaap-ci:CashCashEquivalents contextRef="AsOf20100101" decimals="-3" unitRef="TWD">952368000</tw-gaap-ci:CashCashEquivalents>
	<tw-gaap-ci:IncomeTaxPaid contextRef="From20110101To20110331" decimals="-3" unitRef="TWD">91000</tw-gaap-ci:IncomeTaxPaid>
	<tw-gaap-ci:IncomeTaxPaid contextRef="From20100101To20100331" decimals="-3" unitRef="TWD">7889000</tw-gaap-ci:IncomeTaxPaid>
	<tw-gaap-ci:CumulativeTranslationAdjustments_CFS contextRef="From20110101To20110331" decimals="-3" unitRef="TWD">2103000</tw-gaap-ci:CumulativeTranslationAdjustments_CFS>
	<tw-gaap-ci:CumulativeTranslationAdjustments_CFS contextRef="From20100101To20100331" decimals="-3" unitRef="TWD">-1769000</tw-gaap-ci:CumulativeTranslationAdjustments_CFS>
	<tw-gaap-ci:OtherSupplementalInformation>
		<tw-gaap-ci:ChineseAccount contextRef="From20110101To20110331">購置固定資產價款</tw-gaap-ci:ChineseAccount>
		<tw-gaap-ci:EnglishAccount contextRef="From20110101To20110331">Additions to property and equipment</tw-gaap-ci:EnglishAccount>
		<tw-gaap-ci:Amount contextRef="From20110101To20110331" decimals="-3" unitRef="TWD">92216000</tw-gaap-ci:Amount>
	</tw-gaap-ci:OtherSupplementalInformation>

	<tw-gaap-ci:OtherSupplementalInformation>
		<tw-gaap-ci:ChineseAccount contextRef="From20100101To20100331">購置固定資產價款</tw-gaap-ci:ChineseAccount>
		<tw-gaap-ci:EnglishAccount contextRef="From20100101To20100331">Additions to property and equipment</tw-gaap-ci:EnglishAccount>
		<tw-gaap-ci:Amount contextRef="From20100101To20100331" decimals="-3" unitRef="TWD">153916000</tw-gaap-ci:Amount>
	</tw-gaap-ci:OtherSupplementalInformation>

	<tw-gaap-ci:OtherSupplementalInformation>
		<tw-gaap-ci:ChineseAccount contextRef="From20110101To20110331">加：期初應付設備及工程款</tw-gaap-ci:ChineseAccount>
		<tw-gaap-ci:EnglishAccount contextRef="From20110101To20110331">Payables at beginning of year</tw-gaap-ci:EnglishAccount>
		<tw-gaap-ci:Amount contextRef="From20110101To20110331" decimals="-3" unitRef="TWD">23010000</tw-gaap-ci:Amount>
	</tw-gaap-ci:OtherSupplementalInformation>

	<tw-gaap-ci:OtherSupplementalInformation>
		<tw-gaap-ci:ChineseAccount contextRef="From20100101To20100331">加：期初應付設備及工程款</tw-gaap-ci:ChineseAccount>
		<tw-gaap-ci:EnglishAccount contextRef="From20100101To20100331">Payables at beginning of year</tw-gaap-ci:EnglishAccount>
		<tw-gaap-ci:Amount contextRef="From20100101To20100331" decimals="-3" unitRef="TWD">12400000</tw-gaap-ci:Amount>
	</tw-gaap-ci:OtherSupplementalInformation>

	<tw-gaap-ci:OtherSupplementalInformation>
		<tw-gaap-ci:ChineseAccount contextRef="From20110101To20110331">減：期末應付設備及工程款</tw-gaap-ci:ChineseAccount>
		<tw-gaap-ci:EnglishAccount contextRef="From20110101To20110331">Payables at end of year</tw-gaap-ci:EnglishAccount>
		<tw-gaap-ci:Amount contextRef="From20110101To20110331" decimals="-3" unitRef="TWD">-37911000</tw-gaap-ci:Amount>
	</tw-gaap-ci:OtherSupplementalInformation>

	<tw-gaap-ci:OtherSupplementalInformation>
		<tw-gaap-ci:ChineseAccount contextRef="From20100101To20100331">減：期末應付設備及工程款</tw-gaap-ci:ChineseAccount>
		<tw-gaap-ci:EnglishAccount contextRef="From20100101To20100331">Payables at end of year</tw-gaap-ci:EnglishAccount>
		<tw-gaap-ci:Amount contextRef="From20100101To20100331" decimals="-3" unitRef="TWD">-5354000</tw-gaap-ci:Amount>
	</tw-gaap-ci:OtherSupplementalInformation>

	<tw-gaap-ci:OtherSupplementalInformation>
		<tw-gaap-ci:ChineseAccount contextRef="From20110101To20110331">支付淨額</tw-gaap-ci:ChineseAccount>
		<tw-gaap-ci:EnglishAccount contextRef="From20110101To20110331">Net payment</tw-gaap-ci:EnglishAccount>
		<tw-gaap-ci:Amount contextRef="From20110101To20110331" decimals="-3" unitRef="TWD">77315000</tw-gaap-ci:Amount>
	</tw-gaap-ci:OtherSupplementalInformation>

	<tw-gaap-ci:OtherSupplementalInformation>
		<tw-gaap-ci:ChineseAccount contextRef="From20100101To20100331">支付淨額</tw-gaap-ci:ChineseAccount>
		<tw-gaap-ci:EnglishAccount contextRef="From20100101To20100331">Net payment</tw-gaap-ci:EnglishAccount>
		<tw-gaap-ci:Amount contextRef="From20100101To20100331" decimals="-3" unitRef="TWD">160962000</tw-gaap-ci:Amount>
	</tw-gaap-ci:OtherSupplementalInformation>

	<tw-gaap-ar:AccountantName contextRef="AsOf20110427">安侯建業聯合會計師事務所</tw-gaap-ar:AccountantName>
	<tw-gaap-ar:AssuranceAccountantName1 contextRef="AsOf20110427">張惠貞</tw-gaap-ar:AssuranceAccountantName1>
	<tw-gaap-ar:AssuranceAccountantName2 contextRef="AsOf20110427">唐慈杰</tw-gaap-ar:AssuranceAccountantName2>
	<tw-gaap-ar:ReviewAuditDate contextRef="AsOf20110427">2011-04-27</tw-gaap-ar:ReviewAuditDate>
	<tw-gaap-ar:ReviewReport contextRef="AsOf20110427">Y</tw-gaap-ar:ReviewReport>
	<tw-gaap-ar:UnqualifiedOpinionAbstract contextRef="AsOf20110427">Y</tw-gaap-ar:UnqualifiedOpinionAbstract>
	<tw-gaap-ar:DescriptionEmphasizeItemBody contextRef="AsOf20110427"><![CDATA[]]></tw-gaap-ar:DescriptionEmphasizeItemBody>
	<tw-gaap-ar:DescriptionOtherItemBody contextRef="AsOf20110427"><![CDATA[]]></tw-gaap-ar:DescriptionOtherItemBody>
	<tw-gaap-ar:AccountantsReportBody contextRef="AsOf20110427"><![CDATA[會　計　師　核　閱　報　告

飛捷科技股份有限公司董事會　公鑒：
    飛捷科技股份有限公司民國一○○年及九十九年三月三十一日之資產負債表，暨截至
各該日止之民國一○○年第一季及九十九年第一季之損益表及現金流量表，業經本會計師
核閱竣事。上開財務季報表之編製係公司管理階層之責任，本會計師之責任則為根據核閱
結果出具報告。
    本會計師係依照審計準則公報第三十六號「財務報表之核閱」規劃並執行核閱工作。
由於本會計師僅實施分析、比較與查詢，並未依照一般公認審計準則查核，故無法對上開
財務季報表整體表示查核意見。
    依本會計師核閱結果，並未發現第一段所述財務季報表在所有重大方面有違反證券發
行人財務報告編製準則、商業會計法及商業會計處理準則中與財務會計準則相關之規定及
我國一般公認會計原則而須作修正之情事。

                              安 侯 建 業 聯 合 會 計 師 事 務 所

                              會　計　師：張惠貞
                                          唐慈杰

                            證券主管機關核准簽證文號： (88)台財證(六)第18311號
                                                      金管證六字第0940100754號
                                         民 國 一 ○ ○ 年  四  月 二 十 七 日
]]></tw-gaap-ar:AccountantsReportBody>
	<tw-gaap-notes:FinancialReportNotes contextRef="From20110101To20110331"><![CDATA[http://doc.twse.com.tw/server-java/t57sb01?step=1&colorchg=1&co_id=6206&year=100&seamon=1&mtype=A&]]></tw-gaap-notes:FinancialReportNotes>
	<tw-gaap-notes:OrganizationAndOperations contextRef="From20110101To20110331"><![CDATA[飛捷科技股份有限公司（以下簡稱本公司）於民國七十三年八月十三日依中華民國公
司法組織並核准設立登記。本公司於民國九十三年八月三日於台灣證券交易所正式掛牌交
易，主要營業項目包括各種工商電腦軟體、硬體及計算機之設計、經銷、買賣、修護、製
造及加工，自動化電腦設備之設計、加工、製造、裝配及買賣業務等。
於民國一○○年及九十九年三月三十一日，本公司員工人數分別為350人及308人。
]]></tw-gaap-notes:OrganizationAndOperations>
	<tw-gaap-notes:SummaryOfSignificantAccountingPolicies contextRef="From20110101To20110331"><![CDATA[本公司財務報表係依照證券發行人財務報告編製準則、商業會計法及商業會計處理準
則暨我國一般公認會計原則編製。重要會計政策及衡量基礎彙總說明如下：
(一)會計估計
本公司於編製財務報表時，業已依規定對財務報表所列資產、負債、收益、費損
及或有事項，採用必要之假設及估計加以衡量、評估與揭露，惟該等估計與實際結果
可能存有差異。
(二)外幣交易及外幣財務報表換算
本公司以新台幣記帳。非衍生性商品之外幣交易依交易日之即期匯率入帳；資產
負債表日之外幣貨幣性資產或負債，依當日之即期匯率換算，產生之兌換差額列為當
期損益。外幣非貨幣性資產或負債按交易日之歷史匯率衡量；但以公平價值衡量之外
幣非貨幣性資產或負債，則按資產負債表日即期匯率換算，如屬公平價值變動認列為
當期損益者，兌換差額亦認列為當期損益；如屬公平價值變動認列為股東權益調整項
目者，兌換差額亦認列為股東權益調整項目。
本公司採權益法評價之國外長期股權投資非以當地貨幣為功能性貨幣者，則先將
外幣財務報表以功能性貨幣再衡量，再衡量所產生之換算差額，列入當期之兌換損益；
另因外幣財務報表換算為本國貨幣財務報表所產生之換算差額，及對國外營運機構具
有長期投資性質之外幣墊款所產生之兌換差額，列入股東權益項下之累積換算調整數。
(三)資產與負債區分流動與非流動之分類標準
現金或約當現金、為交易目的而持有或預期於資產負債表日後十二個月內將變現
之資產，列為流動資產；非屬流動資產者列為非流動資產。
負債係為交易目的而發生或預期於資產負債表日後十二個月內清償者列為流動負
債；非屬流動負債者列為非流動負債。
(四)現金及約當現金
本公司所稱現金係指庫存現金、銀行存款、可隨時解約之定期存款及可轉讓定存
單。約當現金係指隨時可轉換成定額現金且即將到期而其利率變動對其價值影響甚少
之短期且具高度流動性之投資。
(五)公平價值變動列入損益之金融資產及負債
公平價值變動列入損益之金融商品，其取得或發生之主要目的為短期內出售或再
買回之交易目的金融商品，及被指定為有效避險工具以外之衍生性金融商品。本公司
依交易慣例購買或出售金融商品時採交易日會計處理，於原始認列時以公平價值衡
量，交易成本列為當期費用。公平價值變動列入損益之金融資產續後以公平價值評價
且公平價值變動列為當期損益。
(六)應收款之減損
本公司自民國一○○年一月一日起，依財務會計準則公報第三十四號「金融商品
之會計處理準則」第三次修訂條文，對於應收款之減損證據係同時考量特定資產及組
合層級減損之證據。所有個別重大之應收款皆執行特定之減損評估。所有個別重大之
應收款未發現有特定減損者，再進行組合評估是否有已發生但未經辨識之減損。非屬
個別重大的應收款項，依相似之風險特徵彙總應收款進行組合減損評估。減損損失認
列為當期損益並反映於應收款之備抵帳戶。當一期後事項造成減損損失金額減少，該
減損損失減少之迴轉金額認列為當期損益。
(七)存    貨
存貨之原始成本為使存貨達到可供銷售或可供生產之狀態及地點所發生之必要支
出，其中固定製造費用係按生產設備之正常產能或實際產能孰高者分攤至製成品及在
製品，變動製造費用則以實際產量為分攤基礎。續後，以成本與淨變現價值孰低評價，
成本係採加權平均法計算，淨變現價值則以資產負債表日正常營業下之估計售價減除
至完工尚需投入之成本及銷售費用為計算基礎。
(八)投　　資
1.採權益法之長期股權投資
本公司持有被投資公司有表決權股份比例達百分之二十以上，或未達百分之二
十但對其具有重大影響力者，採用權益法評價。本公司投資時投資成本與股權淨值
間之差額依「採權益法之長期股權投資會計處理準則」修訂條文處理。如係折舊或
攤銷性資產所產生者，自取得年度起，依其估計剩餘經濟年限分年攤銷；如係因資
產之帳面價值高於或低於公平價值所發生者，則於高估或低估情形消失時，將其相
關之未攤銷差額一次沖銷；若投資成本超過所取得可辨認淨資產公平價值的部分，
認列為商譽，不予攤銷而適用資產減損之會計處理；若所取得可辨認淨資產公平價
值超過投資成本之差額，則先就非流動資產分別將其公平價值等比例減少之，若減
少至零仍有差額時，則將該差額列為非常利益。
出售採權益法評價之長期股權投資時，係以售價與處分該投資之帳面價值之差
額，作為長期股權投資處分損益，帳上如有因長期股權投資產生之資本公積餘額時，
則按出售比例轉列當期損益。
本公司與採權益法評價之被投資公司間交易及各被投資公司間交易所產生之損
益尚未實現者，予以遞延。交易損益如屬折舊或攤銷性之資產所產生者，依其效益
年限逐年承認；其他類資產所產生者，於實現年度承認。
2.以成本衡量之金融資產
以成本衡量之金融資產係本公司對非上市、櫃公司之投資且對其不具有控制能
力或重大影響力者，因相關權益商品投資無法可靠衡量其公平價值，係以原始認列
之成本衡量。若有減損之客觀證據，則認列減損損失，此減損金額不予迴轉。
(九)固定資產及其折舊
固定資產以取得成本為入帳基礎。為購(置)建固定資產並在進行使其達到可使用
狀態前所發生之利息予以資本化，列入有關資產之成本。重大增添、改良及重置支出
予以資本化；維護及修理費用列為發生當期費用。處分固定資產之損益列為營業外收
支。
固定資產之折舊係以成本為入帳基礎，依估計耐用年數按直線法計提。租賃改良
依租約年限或估計使用年限較短者按平均法攤銷。
本公司自民國九十七年十一月二十日起，依會計研究發展基金會解釋函(97)基秘
字第340號，將新增固定資產於非用以生產存貨之期間所估計之拆除或復原義務列為固
定資產成本。而一項固定資產之任一組成部分，相對於總成本而言係屬重大時，則該
部分係個別提列折舊。
主要固定資產之耐用年數如下：房屋及建築，50年；機器設備，3～12年；運輸設
備，5年；租賃改良，4～15年；辦公及其他設備，2～10年。
本公司每年定期於會計年度終了時，評估固定資產剩餘耐用年限、折舊方法及殘
值。剩餘耐用年限、折舊方法及殘值之變動，均視為會計估計變動。
(十)非金融資產減損
本公司於資產負債表日就有減損跡象之資產，估計其可回收金額，就可回收金額
低於帳面價值之資產，認列減損損失。於以前年度所認列之累積減損損失，嗣後若已
不存在或減少，即予迴轉，增加資產帳面價值至可回收金額，惟不超過資產在未認列
減損損失下，減除應提列折舊或攤銷後之數。
(十一)可轉換公司債
本公司發行之可轉換公司債同時產生金融負債及給予持有人轉換為權益商品之選
擇權。可轉換公司債之負債組成要素之計算係參考與權益組成要素無關之類似負債之
公平價值後，再將可轉換公司債總金額及負債組成要素公平價值間之差異認列為權益
組成要素。
應付公司債原始認列係按公平價值入帳，續後衡量係按有效利率法計算之攤銷後
成本評價，相關之溢價與折價列為應付公司債之加項或減項，於債券流通期間採利息
法攤銷，作為利息費用之調整項目。
嵌入本公司發行應付公司債之賣回權與買回權其原始認列及續後衡量均係按公平
價值以淨額帳列「公平價值變動列入損益之金融負債」項下，公平價值之變動列為當
期評價損益。
嵌入本公司發行應付公司債之轉換權，符合權益定義者，帳列「資本公積－認股
權」項下。當持有人要求轉換時，先就帳列負債組成要素(包括公司債及分別認列之嵌
入式衍生性商品)於轉換當時依當日應有之公平價值予以調整並認列為當期損益，再以
前述負債組成要素調整後之帳面價值加計認股權之帳面價值之總額作為發行普通股之
入帳基礎，不認列轉換利益。
(十二)收入認列
銷貨收入於商品交付且顯著風險及報酬移轉予客戶時認列；勞務收入則於勞務提
供完成時認列。
(十三)員工認股權
本公司之酬勞性員工認股選擇權之給與日為民國九十七年一月一日以前之員工認
股權計畫，依會計研究發展基金會(92)基祕字第070、071、072號解釋函之規定處理，
並採用內含價值法認列及衡量，亦即按衡量日本公司股票市價與行使價格間之差額估
計為酬勞成本，並於員工認股選擇權計畫所規定之員工服務年限內認列為本公司之費
用，同時增加本公司之股東權益。
(十四)員工紅利及董監酬勞
本公司民國九十七年一月一日（含）以後之員工紅利及董監酬勞係依會計研究發
展基金會(96)基秘字第052號解釋函之規定，估計員工紅利及董監酬勞金額，並依員工
紅利及董監酬勞之性質列為營業成本或營業費用項下。嗣後股東會決議與財務報表估
列數如有差異，視為估計變動，列為當期損益。
(十五)退 休 金
1.確定給付退休辦法
本公司於民國七十五年訂立職工退休辦法，涵蓋所有正式任用員工。依該辦法
規定，員工退休金之支付，係根據服務年資所獲得之基數及其退休前六個月之平均
薪資計算。本公司依勞動基準法之規定，按月依薪資總額百分之五提撥退休準備金，
專戶儲存於台灣銀行。
本公司以每年十二月三十一日為衡量日完成員工退休金負債之精算，其累積給
付義務超過退休基金資產公平價值部份，於該日之資產負債表認列最低退休金負
債，該應計退休金負債因未超過前期服務成本及過渡性淨給付義務而發生者，於未
超過其未攤銷餘額時列入遞延退休金成本，超過部分列入未認列為退休金成本之淨
損失，作為股東權益之減項，並依精算結果認列淨退休金成本。
本公司於編製期中財務報表時，係依財務會計準則公報第二十三號「期中財務
報表之表達及揭露」之規定，對於財務會計準則第十八號「退休金會計處理準則」
所規定之有關員工退休金負債精算結果之資訊，不予揭露。
2.確定提撥退休辦法
自民國九十四年七月一日起配合勞工退休金條例（以下簡稱「新制」）之實施，
原適用確定給付退休辦法之員工如經選擇適用新制後之服務年資或新制施行後到職
之員工其服務年資改採確定提撥制，其退休金之給付由本公司按月以每月工資百分
之六提撥退休金，儲存於勞工退休金個人專戶，並將每期應提撥數認列為當期費用。
(十六)所 得 稅
本公司所得稅之會計處理採用跨期間所得稅分攤，資產及負債之帳面價值與課稅
基礎之差異，依預計迴轉年度之適用稅率計算認列為遞延所得稅，並將應課稅暫時性
差異所產生之所得稅影響數認列為遞延所得稅負債，將可減除暫時性差異、虧損扣抵
及所得稅抵減所產生之所得稅影響數認列為遞延所得稅資產，再評估遞延所得稅資產
之可實現性，認列其備抵評價金額。當稅法修正致稅率改變時，於公布日之年度按新
規定之適用稅率將遞延所得稅負債或資產重新計算，因而產生之遞延所得稅負債或資
產之變動影響數，列入當期繼續營業部門之所得稅費用(利益)。
遞延所得稅資產或負債依其相關資產或負債之分類，劃分為流動或非流動項目，
非與資產或負債相關者，則依預期迴轉期間之長短，劃分為流動或非流動項目。
本公司未分配盈餘加徵百分之十營利事業所得稅部份，於股東會決議盈餘分配之
年度，列為當期所得稅費用。
(十七)普通股每股盈餘
普通股每股盈餘係以本期淨利，除以普通股流通在外加權平均股數計算之。因盈
餘及資本公積轉增資而新增之股份，若增資基準日在財務報表提出日之前者，採追溯
調整計算流通在外股數。本公司所發行之可轉換公司債及員工認股權憑證屬潛在普通
股，潛在普通股如具稀釋作用，除揭露基本每股盈餘外，並揭露稀釋每股盈餘。稀釋
每股盈餘，則假設所有具稀釋作用之潛在普通股均於當期流通在外，故本期淨利及流
通在外普通股股數均須調整所有具稀釋作用潛在普通股之影響。
另因員工分紅可選擇採用發放股票方式，本公司假設全數發行股票紅利給予員
工，以資產負債表日之股價計算可發行之股數，計算稀釋每股盈餘。
(十八)營運部門資訊之揭露
營運部門係本公司之組成單位，從事可能獲得收入並發生費用(包括與本公司內其
他組成單位間交易所產生之收入與費用)之經營活動。營運部門之營運結果定期由本公
司之營運決策者複核，以制定分配予該部門資源之決策，並評估該部門之績效，同時
具個別分離之財務資訊。
本公司已於合併財務季報表揭露部門資訊，因此個別財務季報表不揭露部門資訊。
]]></tw-gaap-notes:SummaryOfSignificantAccountingPolicies>
	<tw-gaap-notes:ChangesInAccountingPrinciples contextRef="From20110101To20110331"><![CDATA[(一)應收款之減損
本公司自民國一○○年一月一日起，首次適用財務會計準則公報第三十四號「金
融商品之會計處理準則」第三次修訂條文，針對應收款同時考量於特定資產與整體層
級減損之評估，減損損失認列為當期損益並反映於應收款之備抵帳戶。此項變動對民
國一○○年第一季財務季報表無重大影響。
(二)營運部門資訊之揭露
本公司自民國一○○年一月一日起，首次適用財務會計準則公報第四十一號「營
運部門資訊之揭露」。依該號公報規定，企業應揭露有助於財務報表使用者評估企業
所從事經營活動與所處經濟環境之性質及財務影響之資訊。本公司以內部提供予營運
決策者之資訊為基礎，以決定與表達營運部門。另依該公報規定，本公司已於合併財
務季報表揭露部門資訊，因此個別財務季報表不揭露部門資訊。該號公報亦取代財務
會計準則公報第二十號「部門別財務資訊之揭露」。前述會計原則變動對本公司民國
一○○年第一季財務季報表不產生損益之影響。
]]></tw-gaap-notes:ChangesInAccountingPrinciples>
</xbrl>

<!--This instance document is created by SIIAP V1.4.5-->
