<?xml version="1.0" encoding="UTF-8"?><xbrli:xbrl xmlns="http://www.xbrl.org/2003/instance" xmlns:iso4217="http://www.xbrl.org/2003/iso4217" xmlns:link="http://www.xbrl.org/2003/linkbase" xmlns:tw-gaap-ar="http://www.xbrl.org/tw/fr/gaap/ar/2010-12-31" xmlns:tw-gaap-ci="http://www.xbrl.org/tw/fr/gaap/tw-gaap-ci-2010-12-31" xmlns:tw-gaap-notes="http://www.xbrl.org/tw/fr/gaap/notes/2010-12-31" xmlns:xbrldi="http://xbrl.org/2006/xbrldi" xmlns:xbrldt="http://xbrl.org/2005/xbrldt" xmlns:xbrli="http://www.xbrl.org/2003/instance" xmlns:xlink="http://www.w3.org/1999/xlink">
  <link:schemaRef xlink:arcrole="http://www.w3.org/1999/xlink/properties/linkbase" xlink:href="tw-gaap-ci-2010-12-31.xsd" xlink:type="simple" xmlns:xlink="http://www.w3.org/1999/xlink" xmlns:link="http://www.xbrl.org/2003/linkbase" />
  <xbrli:context id="AsOf20110101">
    <xbrli:entity>
      <xbrli:identifier scheme="http://www.twse.com.tw">2362</xbrli:identifier>
    </xbrli:entity>
    <xbrli:period>
      <xbrli:instant>2011-01-01</xbrli:instant>
    </xbrli:period>
  </xbrli:context>
  <xbrli:context id="AsOf20110331">
    <xbrli:entity>
      <xbrli:identifier scheme="http://www.twse.com.tw">2362</xbrli:identifier>
    </xbrli:entity>
    <xbrli:period>
      <xbrli:instant>2011-03-31</xbrli:instant>
    </xbrli:period>
  </xbrli:context>
  <xbrli:context id="From20110101To20110331">
    <xbrli:entity>
      <xbrli:identifier scheme="http://www.twse.com.tw">2362</xbrli:identifier>
    </xbrli:entity>
    <xbrli:period>
      <xbrli:startDate>2011-01-01</xbrli:startDate>
      <xbrli:endDate>2011-03-31</xbrli:endDate>
    </xbrli:period>
  </xbrli:context>
  <xbrli:context id="AsOf20100101">
    <xbrli:entity>
      <xbrli:identifier scheme="http://www.twse.com.tw">2362</xbrli:identifier>
    </xbrli:entity>
    <xbrli:period>
      <xbrli:instant>2010-01-01</xbrli:instant>
    </xbrli:period>
  </xbrli:context>
  <xbrli:context id="AsOf20100331">
    <xbrli:entity>
      <xbrli:identifier scheme="http://www.twse.com.tw">2362</xbrli:identifier>
    </xbrli:entity>
    <xbrli:period>
      <xbrli:instant>2010-03-31</xbrli:instant>
    </xbrli:period>
  </xbrli:context>
  <xbrli:context id="From20100101To20100331">
    <xbrli:entity>
      <xbrli:identifier scheme="http://www.twse.com.tw">2362</xbrli:identifier>
    </xbrli:entity>
    <xbrli:period>
      <xbrli:startDate>2010-01-01</xbrli:startDate>
      <xbrli:endDate>2010-03-31</xbrli:endDate>
    </xbrli:period>
  </xbrli:context>
  <xbrli:context id="AsOf20110427">
    <xbrli:entity>
      <xbrli:identifier scheme="http://www.twse.com.tw">2362</xbrli:identifier>
    </xbrli:entity>
    <xbrli:period>
      <xbrli:instant>2011-04-27</xbrli:instant>
    </xbrli:period>
  </xbrli:context>
  <xbrli:unit id="TWD">
    <xbrli:measure>iso4217:TWD</xbrli:measure>
  </xbrli:unit>
  <xbrli:unit id="Shares">
    <xbrli:measure>xbrli:shares</xbrli:measure>
  </xbrli:unit>
  <xbrli:unit id="EarningsPerShare">
    <xbrli:divide>
      <xbrli:unitNumerator>
        <xbrli:measure>iso4217:TWD</xbrli:measure>
      </xbrli:unitNumerator>
      <xbrli:unitDenominator>
        <xbrli:measure>xbrli:shares</xbrli:measure>
      </xbrli:unitDenominator>
    </xbrli:divide>
  </xbrli:unit>
  <tw-gaap-ci:CashCashEquivalents contextRef="AsOf20100331" decimals="-3" unitRef="TWD">1360207000</tw-gaap-ci:CashCashEquivalents>
  <tw-gaap-ci:CashCashEquivalents contextRef="AsOf20110331" decimals="-3" unitRef="TWD">822105000</tw-gaap-ci:CashCashEquivalents>
  <tw-gaap-ci:FinancialAssetsMeasuredFairValueProfitLossCurrent contextRef="AsOf20100331" decimals="-3" unitRef="TWD">0</tw-gaap-ci:FinancialAssetsMeasuredFairValueProfitLossCurrent>
  <tw-gaap-ci:FinancialAssetsMeasuredFairValueProfitLossCurrent contextRef="AsOf20110331" decimals="-3" unitRef="TWD">150454000</tw-gaap-ci:FinancialAssetsMeasuredFairValueProfitLossCurrent>
  <tw-gaap-ci:AvailableSaleFinancialAssetsCurrent contextRef="AsOf20100331" decimals="-3" unitRef="TWD">2207094000</tw-gaap-ci:AvailableSaleFinancialAssetsCurrent>
  <tw-gaap-ci:AvailableSaleFinancialAssetsCurrent contextRef="AsOf20110331" decimals="-3" unitRef="TWD">1432576000</tw-gaap-ci:AvailableSaleFinancialAssetsCurrent>
  <tw-gaap-ci:NetNotesReceivable contextRef="AsOf20100331" decimals="-3" unitRef="TWD">712000</tw-gaap-ci:NetNotesReceivable>
  <tw-gaap-ci:NetNotesReceivable contextRef="AsOf20110331" decimals="-3" unitRef="TWD">580000</tw-gaap-ci:NetNotesReceivable>
  <tw-gaap-ci:NetAccountsReceivable contextRef="AsOf20100331" decimals="-3" unitRef="TWD">1001270000</tw-gaap-ci:NetAccountsReceivable>
  <tw-gaap-ci:NetAccountsReceivable contextRef="AsOf20110331" decimals="-3" unitRef="TWD">1712660000</tw-gaap-ci:NetAccountsReceivable>
  <tw-gaap-ci:NetAccountsReceivableRelatedParties contextRef="AsOf20100331" decimals="-3" unitRef="TWD">419052000</tw-gaap-ci:NetAccountsReceivableRelatedParties>
  <tw-gaap-ci:NetAccountsReceivableRelatedParties contextRef="AsOf20110331" decimals="-3" unitRef="TWD">385688000</tw-gaap-ci:NetAccountsReceivableRelatedParties>
  <tw-gaap-ci:OtherFinancialAssetsCurrent contextRef="AsOf20100331" decimals="-3" unitRef="TWD">91883000</tw-gaap-ci:OtherFinancialAssetsCurrent>
  <tw-gaap-ci:OtherFinancialAssetsCurrent contextRef="AsOf20110331" decimals="-3" unitRef="TWD">104053000</tw-gaap-ci:OtherFinancialAssetsCurrent>
  <tw-gaap-ci:Inventories contextRef="AsOf20100331" decimals="-3" unitRef="TWD">38194000</tw-gaap-ci:Inventories>
  <tw-gaap-ci:Inventories contextRef="AsOf20110331" decimals="-3" unitRef="TWD">12218000</tw-gaap-ci:Inventories>
  <tw-gaap-ci:OtherPrepayments contextRef="AsOf20100331" decimals="-3" unitRef="TWD">260175000</tw-gaap-ci:OtherPrepayments>
  <tw-gaap-ci:OtherPrepayments contextRef="AsOf20110331" decimals="-3" unitRef="TWD">2114068000</tw-gaap-ci:OtherPrepayments>
  <tw-gaap-ci:DeferredIncomeTaxAssetsCurrent contextRef="AsOf20100331" decimals="-3" unitRef="TWD">86351000</tw-gaap-ci:DeferredIncomeTaxAssetsCurrent>
  <tw-gaap-ci:DeferredIncomeTaxAssetsCurrent contextRef="AsOf20110331" decimals="-3" unitRef="TWD">91765000</tw-gaap-ci:DeferredIncomeTaxAssetsCurrent>
  <tw-gaap-ci:OthercurrentAssetsOther contextRef="AsOf20100331" decimals="-3" unitRef="TWD">166067000</tw-gaap-ci:OthercurrentAssetsOther>
  <tw-gaap-ci:OthercurrentAssetsOther contextRef="AsOf20110331" decimals="-3" unitRef="TWD">229636000</tw-gaap-ci:OthercurrentAssetsOther>
  <tw-gaap-ci:NetFinancialAssetsCarriedCostNonCurrent contextRef="AsOf20100331" decimals="-3" unitRef="TWD">21250000</tw-gaap-ci:NetFinancialAssetsCarriedCostNonCurrent>
  <tw-gaap-ci:NetFinancialAssetsCarriedCostNonCurrent contextRef="AsOf20110331" decimals="-3" unitRef="TWD">21250000</tw-gaap-ci:NetFinancialAssetsCarriedCostNonCurrent>
  <tw-gaap-ci:LongtermInvestmentsEquity contextRef="AsOf20100331" decimals="-3" unitRef="TWD">4437301000</tw-gaap-ci:LongtermInvestmentsEquity>
  <tw-gaap-ci:LongtermInvestmentsEquity contextRef="AsOf20110331" decimals="-3" unitRef="TWD">6648839000</tw-gaap-ci:LongtermInvestmentsEquity>
  <tw-gaap-ci:PrepaymentsLongtermInvestments contextRef="AsOf20100331" decimals="-3" unitRef="TWD">564513000</tw-gaap-ci:PrepaymentsLongtermInvestments>
  <tw-gaap-ci:PrepaymentsLongtermInvestments contextRef="AsOf20110331" decimals="-3" unitRef="TWD">588409000</tw-gaap-ci:PrepaymentsLongtermInvestments>
  <tw-gaap-ci:Land contextRef="AsOf20100331" decimals="-3" unitRef="TWD">117876000</tw-gaap-ci:Land>
  <tw-gaap-ci:Land contextRef="AsOf20110331" decimals="-3" unitRef="TWD">117876000</tw-gaap-ci:Land>
  <tw-gaap-ci:BuildingsStructures contextRef="AsOf20100331" decimals="-3" unitRef="TWD">185151000</tw-gaap-ci:BuildingsStructures>
  <tw-gaap-ci:BuildingsStructures contextRef="AsOf20110331" decimals="-3" unitRef="TWD">153080000</tw-gaap-ci:BuildingsStructures>
  <tw-gaap-ci:MachineryEquipment contextRef="AsOf20100331" decimals="-3" unitRef="TWD">97163000</tw-gaap-ci:MachineryEquipment>
  <tw-gaap-ci:MachineryEquipment contextRef="AsOf20110331" decimals="-3" unitRef="TWD">19861000</tw-gaap-ci:MachineryEquipment>
  <tw-gaap-ci:MoldingEquipment contextRef="AsOf20100331" decimals="-3" unitRef="TWD">1580000</tw-gaap-ci:MoldingEquipment>
  <tw-gaap-ci:MoldingEquipment contextRef="AsOf20110331" decimals="-3" unitRef="TWD">0</tw-gaap-ci:MoldingEquipment>
  <tw-gaap-ci:ComputerTelecommunicationEquipment contextRef="AsOf20100331" decimals="-3" unitRef="TWD">9806000</tw-gaap-ci:ComputerTelecommunicationEquipment>
  <tw-gaap-ci:ComputerTelecommunicationEquipment contextRef="AsOf20110331" decimals="-3" unitRef="TWD">11839000</tw-gaap-ci:ComputerTelecommunicationEquipment>
  <tw-gaap-ci:TransportationEquipment contextRef="AsOf20100331" decimals="-3" unitRef="TWD">9426000</tw-gaap-ci:TransportationEquipment>
  <tw-gaap-ci:TransportationEquipment contextRef="AsOf20110331" decimals="-3" unitRef="TWD">11094000</tw-gaap-ci:TransportationEquipment>
  <tw-gaap-ci:OfficeEquipment contextRef="AsOf20100331" decimals="-3" unitRef="TWD">10198000</tw-gaap-ci:OfficeEquipment>
  <tw-gaap-ci:OfficeEquipment contextRef="AsOf20110331" decimals="-3" unitRef="TWD">9916000</tw-gaap-ci:OfficeEquipment>
  <tw-gaap-ci:OtherFacilities contextRef="AsOf20100331" decimals="-3" unitRef="TWD">2500000</tw-gaap-ci:OtherFacilities>
  <tw-gaap-ci:OtherFacilities contextRef="AsOf20110331" decimals="-3" unitRef="TWD">2045000</tw-gaap-ci:OtherFacilities>
  <tw-gaap-ci:AccumulatedDepreciation contextRef="AsOf20100331" decimals="-3" unitRef="TWD">175288000</tw-gaap-ci:AccumulatedDepreciation>
  <tw-gaap-ci:AccumulatedDepreciation contextRef="AsOf20110331" decimals="-3" unitRef="TWD">76881000</tw-gaap-ci:AccumulatedDepreciation>
  <tw-gaap-ci:NetRentalAssets contextRef="AsOf20100331" decimals="-3" unitRef="TWD">1490604000</tw-gaap-ci:NetRentalAssets>
  <tw-gaap-ci:NetRentalAssets contextRef="AsOf20110331" decimals="-3" unitRef="TWD">1463406000</tw-gaap-ci:NetRentalAssets>
  <tw-gaap-ci:GuaranteeDepositsPaid contextRef="AsOf20100331" decimals="-3" unitRef="TWD">17381000</tw-gaap-ci:GuaranteeDepositsPaid>
  <tw-gaap-ci:GuaranteeDepositsPaid contextRef="AsOf20110331" decimals="-3" unitRef="TWD">4974000</tw-gaap-ci:GuaranteeDepositsPaid>
  <tw-gaap-ci:DeferredCharges contextRef="AsOf20100331" decimals="-3" unitRef="TWD">5334000</tw-gaap-ci:DeferredCharges>
  <tw-gaap-ci:DeferredCharges contextRef="AsOf20110331" decimals="-3" unitRef="TWD">4027000</tw-gaap-ci:DeferredCharges>
  <tw-gaap-ci:DeferredIncomeTaxAssetsNonCurrent contextRef="AsOf20100331" decimals="-3" unitRef="TWD">7451000</tw-gaap-ci:DeferredIncomeTaxAssetsNonCurrent>
  <tw-gaap-ci:DeferredIncomeTaxAssetsNonCurrent contextRef="AsOf20110331" decimals="-3" unitRef="TWD">0</tw-gaap-ci:DeferredIncomeTaxAssetsNonCurrent>
  <tw-gaap-ci:ShortTermBorrowings contextRef="AsOf20100331" decimals="-3" unitRef="TWD">1598050000</tw-gaap-ci:ShortTermBorrowings>
  <tw-gaap-ci:ShortTermBorrowings contextRef="AsOf20110331" decimals="-3" unitRef="TWD">4353223000</tw-gaap-ci:ShortTermBorrowings>
  <tw-gaap-ci:NotesPayable contextRef="AsOf20100331" decimals="-3" unitRef="TWD">2669000</tw-gaap-ci:NotesPayable>
  <tw-gaap-ci:NotesPayable contextRef="AsOf20110331" decimals="-3" unitRef="TWD">3485000</tw-gaap-ci:NotesPayable>
  <tw-gaap-ci:AccountsPayable contextRef="AsOf20100331" decimals="-3" unitRef="TWD">305225000</tw-gaap-ci:AccountsPayable>
  <tw-gaap-ci:AccountsPayable contextRef="AsOf20110331" decimals="-3" unitRef="TWD">170768000</tw-gaap-ci:AccountsPayable>
  <tw-gaap-ci:IncomeTaxPayable contextRef="AsOf20100331" decimals="-3" unitRef="TWD">120765000</tw-gaap-ci:IncomeTaxPayable>
  <tw-gaap-ci:IncomeTaxPayable contextRef="AsOf20110331" decimals="-3" unitRef="TWD">35067000</tw-gaap-ci:IncomeTaxPayable>
  <tw-gaap-ci:AccruedExpenses contextRef="AsOf20100331" decimals="-3" unitRef="TWD">287897000</tw-gaap-ci:AccruedExpenses>
  <tw-gaap-ci:AccruedExpenses contextRef="AsOf20110331" decimals="-3" unitRef="TWD">352974000</tw-gaap-ci:AccruedExpenses>
  <tw-gaap-ci:LongtermLiabilitiesCurrentPortion contextRef="AsOf20100331" decimals="-3" unitRef="TWD">418020000</tw-gaap-ci:LongtermLiabilitiesCurrentPortion>
  <tw-gaap-ci:LongtermLiabilitiesCurrentPortion contextRef="AsOf20110331" decimals="-3" unitRef="TWD">47910000</tw-gaap-ci:LongtermLiabilitiesCurrentPortion>
  <tw-gaap-ci:OtherCurrentLiabilitiesOther contextRef="AsOf20100331" decimals="-3" unitRef="TWD">75560000</tw-gaap-ci:OtherCurrentLiabilitiesOther>
  <tw-gaap-ci:OtherCurrentLiabilitiesOther contextRef="AsOf20110331" decimals="-3" unitRef="TWD">77213000</tw-gaap-ci:OtherCurrentLiabilitiesOther>
  <tw-gaap-ci:LongtermBorrowings contextRef="AsOf20100331" decimals="-3" unitRef="TWD">552000000</tw-gaap-ci:LongtermBorrowings>
  <tw-gaap-ci:LongtermBorrowings contextRef="AsOf20110331" decimals="-3" unitRef="TWD">3354180000</tw-gaap-ci:LongtermBorrowings>
  <tw-gaap-ci:OtherFinancialLiabilitiesNonCurrent contextRef="AsOf20100331" decimals="-3" unitRef="TWD">159010000</tw-gaap-ci:OtherFinancialLiabilitiesNonCurrent>
  <tw-gaap-ci:OtherFinancialLiabilitiesNonCurrent contextRef="AsOf20110331" decimals="-3" unitRef="TWD">0</tw-gaap-ci:OtherFinancialLiabilitiesNonCurrent>
  <tw-gaap-ci:GuaranteeDepositsReceived contextRef="AsOf20100331" decimals="-3" unitRef="TWD">31387000</tw-gaap-ci:GuaranteeDepositsReceived>
  <tw-gaap-ci:GuaranteeDepositsReceived contextRef="AsOf20110331" decimals="-3" unitRef="TWD">37860000</tw-gaap-ci:GuaranteeDepositsReceived>
  <tw-gaap-ci:DeferredIncomeTax contextRef="AsOf20100331" decimals="-3" unitRef="TWD">0</tw-gaap-ci:DeferredIncomeTax>
  <tw-gaap-ci:DeferredIncomeTax contextRef="AsOf20110331" decimals="-3" unitRef="TWD">45346000</tw-gaap-ci:DeferredIncomeTax>
  <tw-gaap-ci:DeferredCreditsGainsonInterAffiliateAccounts contextRef="AsOf20100331" decimals="-3" unitRef="TWD">794000</tw-gaap-ci:DeferredCreditsGainsonInterAffiliateAccounts>
  <tw-gaap-ci:DeferredCreditsGainsonInterAffiliateAccounts contextRef="AsOf20110331" decimals="-3" unitRef="TWD">977000</tw-gaap-ci:DeferredCreditsGainsonInterAffiliateAccounts>
  <tw-gaap-ci:CommonStock contextRef="AsOf20100331" decimals="-3" unitRef="TWD">6556000000</tw-gaap-ci:CommonStock>
  <tw-gaap-ci:CommonStock contextRef="AsOf20110331" decimals="-3" unitRef="TWD">6384670000</tw-gaap-ci:CommonStock>
  <tw-gaap-ci:CapitalSurplusAdditionalPaidCapitalCommonStock contextRef="AsOf20100331" decimals="-3" unitRef="TWD">2053000</tw-gaap-ci:CapitalSurplusAdditionalPaidCapitalCommonStock>
  <tw-gaap-ci:CapitalSurplusAdditionalPaidCapitalCommonStock contextRef="AsOf20110331" decimals="-3" unitRef="TWD">2000000</tw-gaap-ci:CapitalSurplusAdditionalPaidCapitalCommonStock>
  <tw-gaap-ci:CapitalSurplusTreasuryStockTransactions contextRef="AsOf20100331" decimals="-3" unitRef="TWD">78125000</tw-gaap-ci:CapitalSurplusTreasuryStockTransactions>
  <tw-gaap-ci:CapitalSurplusTreasuryStockTransactions contextRef="AsOf20110331" decimals="-3" unitRef="TWD">23521000</tw-gaap-ci:CapitalSurplusTreasuryStockTransactions>
  <tw-gaap-ci:CapitalSurplusLongTermEquityInvestments contextRef="AsOf20100331" decimals="-3" unitRef="TWD">25058000</tw-gaap-ci:CapitalSurplusLongTermEquityInvestments>
  <tw-gaap-ci:CapitalSurplusLongTermEquityInvestments contextRef="AsOf20110331" decimals="-3" unitRef="TWD">37619000</tw-gaap-ci:CapitalSurplusLongTermEquityInvestments>
  <tw-gaap-ci:LegalReserve contextRef="AsOf20100331" decimals="-3" unitRef="TWD">395038000</tw-gaap-ci:LegalReserve>
  <tw-gaap-ci:LegalReserve contextRef="AsOf20110331" decimals="-3" unitRef="TWD">483884000</tw-gaap-ci:LegalReserve>
  <tw-gaap-ci:SpecialReserve contextRef="AsOf20100331" decimals="-3" unitRef="TWD">536666000</tw-gaap-ci:SpecialReserve>
  <tw-gaap-ci:SpecialReserve contextRef="AsOf20110331" decimals="-3" unitRef="TWD">0</tw-gaap-ci:SpecialReserve>
  <tw-gaap-ci:UnappropriatedRetainedEarnings contextRef="AsOf20100331" decimals="-3" unitRef="TWD">1460257000</tw-gaap-ci:UnappropriatedRetainedEarnings>
  <tw-gaap-ci:UnappropriatedRetainedEarnings contextRef="AsOf20110331" decimals="-3" unitRef="TWD">1263584000</tw-gaap-ci:UnappropriatedRetainedEarnings>
  <tw-gaap-ci:CumulativeTranslationAdjustments contextRef="AsOf20100331" decimals="-3" unitRef="TWD">311006000</tw-gaap-ci:CumulativeTranslationAdjustments>
  <tw-gaap-ci:CumulativeTranslationAdjustments contextRef="AsOf20110331" decimals="-3" unitRef="TWD">91957000</tw-gaap-ci:CumulativeTranslationAdjustments>
  <tw-gaap-ci:UnrealizedGainsLossesFinancialInstruments contextRef="AsOf20100331" decimals="-3" unitRef="TWD">935068000</tw-gaap-ci:UnrealizedGainsLossesFinancialInstruments>
  <tw-gaap-ci:UnrealizedGainsLossesFinancialInstruments contextRef="AsOf20110331" decimals="-3" unitRef="TWD">160408000</tw-gaap-ci:UnrealizedGainsLossesFinancialInstruments>
  <tw-gaap-ci:TreasuryStock contextRef="AsOf20100331" decimals="-3" unitRef="TWD">1417397000</tw-gaap-ci:TreasuryStock>
  <tw-gaap-ci:TreasuryStock contextRef="AsOf20110331" decimals="-3" unitRef="TWD">891108000</tw-gaap-ci:TreasuryStock>
  <tw-gaap-ci:EquivalentSharesOutstandingAdvanceReceiptsCommonStock contextRef="AsOf20100331" decimals="0" unitRef="Shares">0</tw-gaap-ci:EquivalentSharesOutstandingAdvanceReceiptsCommonStock>
  <tw-gaap-ci:EquivalentSharesOutstandingAdvanceReceiptsCommonStock contextRef="AsOf20110331" decimals="0" unitRef="Shares">0</tw-gaap-ci:EquivalentSharesOutstandingAdvanceReceiptsCommonStock>
  <tw-gaap-ci:NumberTreasuryStockAcquiredCompanySubsidiaries contextRef="AsOf20100331" decimals="0" unitRef="Shares">54180265</tw-gaap-ci:NumberTreasuryStockAcquiredCompanySubsidiaries>
  <tw-gaap-ci:NumberTreasuryStockAcquiredCompanySubsidiaries contextRef="AsOf20110331" decimals="0" unitRef="Shares">38851265</tw-gaap-ci:NumberTreasuryStockAcquiredCompanySubsidiaries>
  <tw-gaap-ci:Assets contextRef="AsOf20100331" decimals="-3" unitRef="TWD">12433251000</tw-gaap-ci:Assets>
  <tw-gaap-ci:Assets contextRef="AsOf20110331" decimals="-3" unitRef="TWD">16035538000</tw-gaap-ci:Assets>
  <tw-gaap-ci:OtherAssets contextRef="AsOf20100331" decimals="-3" unitRef="TWD">1520770000</tw-gaap-ci:OtherAssets>
  <tw-gaap-ci:OtherAssets contextRef="AsOf20110331" decimals="-3" unitRef="TWD">1472407000</tw-gaap-ci:OtherAssets>
  <tw-gaap-ci:CurrentAssets contextRef="AsOf20100331" decimals="-3" unitRef="TWD">5631005000</tw-gaap-ci:CurrentAssets>
  <tw-gaap-ci:CurrentAssets contextRef="AsOf20110331" decimals="-3" unitRef="TWD">7055803000</tw-gaap-ci:CurrentAssets>
  <tw-gaap-ci:OtherCurrentAssets contextRef="AsOf20100331" decimals="-3" unitRef="TWD">252418000</tw-gaap-ci:OtherCurrentAssets>
  <tw-gaap-ci:OtherCurrentAssets contextRef="AsOf20110331" decimals="-3" unitRef="TWD">321401000</tw-gaap-ci:OtherCurrentAssets>
  <tw-gaap-ci:FundsInvestments contextRef="AsOf20100331" decimals="-3" unitRef="TWD">5023064000</tw-gaap-ci:FundsInvestments>
  <tw-gaap-ci:FundsInvestments contextRef="AsOf20110331" decimals="-3" unitRef="TWD">7258498000</tw-gaap-ci:FundsInvestments>
  <tw-gaap-ci:LongtermInvestments contextRef="AsOf20100331" decimals="-3" unitRef="TWD">5001814000</tw-gaap-ci:LongtermInvestments>
  <tw-gaap-ci:LongtermInvestments contextRef="AsOf20110331" decimals="-3" unitRef="TWD">7237248000</tw-gaap-ci:LongtermInvestments>
  <tw-gaap-ci:FixedAssets contextRef="AsOf20100331" decimals="-3" unitRef="TWD">258412000</tw-gaap-ci:FixedAssets>
  <tw-gaap-ci:FixedAssets contextRef="AsOf20110331" decimals="-3" unitRef="TWD">248830000</tw-gaap-ci:FixedAssets>
  <tw-gaap-ci:CostsRevaluationIncrement contextRef="AsOf20100331" decimals="-3" unitRef="TWD">433700000</tw-gaap-ci:CostsRevaluationIncrement>
  <tw-gaap-ci:CostsRevaluationIncrement contextRef="AsOf20110331" decimals="-3" unitRef="TWD">325711000</tw-gaap-ci:CostsRevaluationIncrement>
  <tw-gaap-ci:FixedAssetsOriginalCosts contextRef="AsOf20100331" decimals="-3" unitRef="TWD">433700000</tw-gaap-ci:FixedAssetsOriginalCosts>
  <tw-gaap-ci:FixedAssetsOriginalCosts contextRef="AsOf20110331" decimals="-3" unitRef="TWD">325711000</tw-gaap-ci:FixedAssetsOriginalCosts>
  <tw-gaap-ci:Liabilities contextRef="AsOf20100331" decimals="-3" unitRef="TWD">3551377000</tw-gaap-ci:Liabilities>
  <tw-gaap-ci:Liabilities contextRef="AsOf20110331" decimals="-3" unitRef="TWD">8479003000</tw-gaap-ci:Liabilities>
  <tw-gaap-ci:CurrentLiabilities contextRef="AsOf20100331" decimals="-3" unitRef="TWD">2808186000</tw-gaap-ci:CurrentLiabilities>
  <tw-gaap-ci:CurrentLiabilities contextRef="AsOf20110331" decimals="-3" unitRef="TWD">5040640000</tw-gaap-ci:CurrentLiabilities>
  <tw-gaap-ci:OtherCurrentLiabilities contextRef="AsOf20100331" decimals="-3" unitRef="TWD">75560000</tw-gaap-ci:OtherCurrentLiabilities>
  <tw-gaap-ci:OtherCurrentLiabilities contextRef="AsOf20110331" decimals="-3" unitRef="TWD">77213000</tw-gaap-ci:OtherCurrentLiabilities>
  <tw-gaap-ci:LongTermLiabilities contextRef="AsOf20100331" decimals="-3" unitRef="TWD">711010000</tw-gaap-ci:LongTermLiabilities>
  <tw-gaap-ci:LongTermLiabilities contextRef="AsOf20110331" decimals="-3" unitRef="TWD">3354180000</tw-gaap-ci:LongTermLiabilities>
  <tw-gaap-ci:OtherLiabilities contextRef="AsOf20100331" decimals="-3" unitRef="TWD">32181000</tw-gaap-ci:OtherLiabilities>
  <tw-gaap-ci:OtherLiabilities contextRef="AsOf20110331" decimals="-3" unitRef="TWD">84183000</tw-gaap-ci:OtherLiabilities>
  <tw-gaap-ci:OtherLiabilitiesOther contextRef="AsOf20100331" decimals="-3" unitRef="TWD">794000</tw-gaap-ci:OtherLiabilitiesOther>
  <tw-gaap-ci:OtherLiabilitiesOther contextRef="AsOf20110331" decimals="-3" unitRef="TWD">977000</tw-gaap-ci:OtherLiabilitiesOther>
  <tw-gaap-ci:StockholdersEquities contextRef="AsOf20100331" decimals="-3" unitRef="TWD">8881874000</tw-gaap-ci:StockholdersEquities>
  <tw-gaap-ci:StockholdersEquities contextRef="AsOf20110331" decimals="-3" unitRef="TWD">7556535000</tw-gaap-ci:StockholdersEquities>
  <tw-gaap-ci:CapitalSurplus contextRef="AsOf20100331" decimals="-3" unitRef="TWD">105236000</tw-gaap-ci:CapitalSurplus>
  <tw-gaap-ci:CapitalSurplus contextRef="AsOf20110331" decimals="-3" unitRef="TWD">63140000</tw-gaap-ci:CapitalSurplus>
  <tw-gaap-ci:CapitalSurplusAdditionalPaidCapital contextRef="AsOf20100331" decimals="-3" unitRef="TWD">2053000</tw-gaap-ci:CapitalSurplusAdditionalPaidCapital>
  <tw-gaap-ci:CapitalSurplusAdditionalPaidCapital contextRef="AsOf20110331" decimals="-3" unitRef="TWD">2000000</tw-gaap-ci:CapitalSurplusAdditionalPaidCapital>
  <tw-gaap-ci:RetainedEarnings contextRef="AsOf20100331" decimals="-3" unitRef="TWD">2391961000</tw-gaap-ci:RetainedEarnings>
  <tw-gaap-ci:RetainedEarnings contextRef="AsOf20110331" decimals="-3" unitRef="TWD">1747468000</tw-gaap-ci:RetainedEarnings>
  <tw-gaap-ci:StockholdersEquitiesAdjustments contextRef="AsOf20100331" decimals="-3" unitRef="TWD">-171323000</tw-gaap-ci:StockholdersEquitiesAdjustments>
  <tw-gaap-ci:StockholdersEquitiesAdjustments contextRef="AsOf20110331" decimals="-3" unitRef="TWD">-638743000</tw-gaap-ci:StockholdersEquitiesAdjustments>
  <tw-gaap-ci:Capital contextRef="AsOf20100331" decimals="-3" unitRef="TWD">6556000000</tw-gaap-ci:Capital>
  <tw-gaap-ci:Capital contextRef="AsOf20110331" decimals="-3" unitRef="TWD">6384670000</tw-gaap-ci:Capital>
  <tw-gaap-ci:Sales contextRef="From20100101To20100331" decimals="-3" unitRef="TWD">2739106000</tw-gaap-ci:Sales>
  <tw-gaap-ci:Sales contextRef="From20110101To20110331" decimals="-3" unitRef="TWD">2670721000</tw-gaap-ci:Sales>
  <tw-gaap-ci:SalesReturns contextRef="From20100101To20100331" decimals="-3" unitRef="TWD">583000</tw-gaap-ci:SalesReturns>
  <tw-gaap-ci:SalesReturns contextRef="From20110101To20110331" decimals="-3" unitRef="TWD">36066000</tw-gaap-ci:SalesReturns>
  <tw-gaap-ci:SalesDiscountsAllowances contextRef="From20100101To20100331" decimals="-3" unitRef="TWD">8956000</tw-gaap-ci:SalesDiscountsAllowances>
  <tw-gaap-ci:SalesDiscountsAllowances contextRef="From20110101To20110331" decimals="-3" unitRef="TWD">1003000</tw-gaap-ci:SalesDiscountsAllowances>
  <tw-gaap-ci:CostSales contextRef="From20100101To20100331" decimals="-3" unitRef="TWD">2479432000</tw-gaap-ci:CostSales>
  <tw-gaap-ci:CostSales contextRef="From20110101To20110331" decimals="-3" unitRef="TWD">2477839000</tw-gaap-ci:CostSales>
  <tw-gaap-ci:UnrealizedGainInterAffiliateAccounts contextRef="From20100101To20100331" decimals="-3" unitRef="TWD">707000</tw-gaap-ci:UnrealizedGainInterAffiliateAccounts>
  <tw-gaap-ci:UnrealizedGainInterAffiliateAccounts contextRef="From20110101To20110331" decimals="-3" unitRef="TWD">977000</tw-gaap-ci:UnrealizedGainInterAffiliateAccounts>
  <tw-gaap-ci:RealizedGainInterAffiliateAccounts contextRef="From20100101To20100331" decimals="-3" unitRef="TWD">-285000</tw-gaap-ci:RealizedGainInterAffiliateAccounts>
  <tw-gaap-ci:RealizedGainInterAffiliateAccounts contextRef="From20110101To20110331" decimals="-3" unitRef="TWD">480000</tw-gaap-ci:RealizedGainInterAffiliateAccounts>
  <tw-gaap-ci:Sellingexpense contextRef="From20100101To20100331" decimals="-3" unitRef="TWD">76928000</tw-gaap-ci:Sellingexpense>
  <tw-gaap-ci:Sellingexpense contextRef="From20110101To20110331" decimals="-3" unitRef="TWD">78833000</tw-gaap-ci:Sellingexpense>
  <tw-gaap-ci:GeneralAdministrativeExpenses contextRef="From20100101To20100331" decimals="-3" unitRef="TWD">110485000</tw-gaap-ci:GeneralAdministrativeExpenses>
  <tw-gaap-ci:GeneralAdministrativeExpenses contextRef="From20110101To20110331" decimals="-3" unitRef="TWD">150906000</tw-gaap-ci:GeneralAdministrativeExpenses>
  <tw-gaap-ci:ResearchDevelopmentExpenses contextRef="From20100101To20100331" decimals="-3" unitRef="TWD">111967000</tw-gaap-ci:ResearchDevelopmentExpenses>
  <tw-gaap-ci:ResearchDevelopmentExpenses contextRef="From20110101To20110331" decimals="-3" unitRef="TWD">126038000</tw-gaap-ci:ResearchDevelopmentExpenses>
  <tw-gaap-ci:InterestIncome contextRef="From20100101To20100331" decimals="-3" unitRef="TWD">385000</tw-gaap-ci:InterestIncome>
  <tw-gaap-ci:InterestIncome contextRef="From20110101To20110331" decimals="-3" unitRef="TWD">1511000</tw-gaap-ci:InterestIncome>
  <tw-gaap-ci:InvestmentGainsRecognizedEquityMethod contextRef="From20100101To20100331" decimals="-3" unitRef="TWD">110038000</tw-gaap-ci:InvestmentGainsRecognizedEquityMethod>
  <tw-gaap-ci:InvestmentGainsRecognizedEquityMethod contextRef="From20110101To20110331" decimals="-3" unitRef="TWD">356193000</tw-gaap-ci:InvestmentGainsRecognizedEquityMethod>
  <tw-gaap-ci:GainsDisposalFixedAssets contextRef="From20100101To20100331" decimals="-3" unitRef="TWD">130000</tw-gaap-ci:GainsDisposalFixedAssets>
  <tw-gaap-ci:GainsDisposalFixedAssets contextRef="From20110101To20110331" decimals="-3" unitRef="TWD">0</tw-gaap-ci:GainsDisposalFixedAssets>
  <tw-gaap-ci:GainsSaleInvestments contextRef="From20100101To20100331" decimals="-3" unitRef="TWD">74204000</tw-gaap-ci:GainsSaleInvestments>
  <tw-gaap-ci:GainsSaleInvestments contextRef="From20110101To20110331" decimals="-3" unitRef="TWD">1020000</tw-gaap-ci:GainsSaleInvestments>
  <tw-gaap-ci:ForeignExchangeGains contextRef="From20100101To20100331" decimals="-3" unitRef="TWD">2496000</tw-gaap-ci:ForeignExchangeGains>
  <tw-gaap-ci:ForeignExchangeGains contextRef="From20110101To20110331" decimals="-3" unitRef="TWD">6251000</tw-gaap-ci:ForeignExchangeGains>
  <tw-gaap-ci:RentIncome contextRef="From20100101To20100331" decimals="-3" unitRef="TWD">33060000</tw-gaap-ci:RentIncome>
  <tw-gaap-ci:RentIncome contextRef="From20110101To20110331" decimals="-3" unitRef="TWD">38789000</tw-gaap-ci:RentIncome>
  <tw-gaap-ci:ReversalAllowanceDoubtfulReceivable contextRef="From20100101To20100331" decimals="-3" unitRef="TWD">688000</tw-gaap-ci:ReversalAllowanceDoubtfulReceivable>
  <tw-gaap-ci:ReversalAllowanceDoubtfulReceivable contextRef="From20110101To20110331" decimals="-3" unitRef="TWD">39503000</tw-gaap-ci:ReversalAllowanceDoubtfulReceivable>
  <tw-gaap-ci:RevaluationGainFinancialAssets contextRef="From20100101To20100331" decimals="-3" unitRef="TWD">60000</tw-gaap-ci:RevaluationGainFinancialAssets>
  <tw-gaap-ci:RevaluationGainFinancialAssets contextRef="From20110101To20110331" decimals="-3" unitRef="TWD">0</tw-gaap-ci:RevaluationGainFinancialAssets>
  <tw-gaap-ci:MiscellaneousIncome contextRef="From20100101To20100331" decimals="-3" unitRef="TWD">53666000</tw-gaap-ci:MiscellaneousIncome>
  <tw-gaap-ci:MiscellaneousIncome contextRef="From20110101To20110331" decimals="-3" unitRef="TWD">24046000</tw-gaap-ci:MiscellaneousIncome>
  <tw-gaap-ci:InterestExpense contextRef="From20100101To20100331" decimals="-3" unitRef="TWD">6273000</tw-gaap-ci:InterestExpense>
  <tw-gaap-ci:InterestExpense contextRef="From20110101To20110331" decimals="-3" unitRef="TWD">20108000</tw-gaap-ci:InterestExpense>
  <tw-gaap-ci:RevaluationLossFinancialAssets contextRef="From20100101To20100331" decimals="-3" unitRef="TWD">0</tw-gaap-ci:RevaluationLossFinancialAssets>
  <tw-gaap-ci:RevaluationLossFinancialAssets contextRef="From20110101To20110331" decimals="-3" unitRef="TWD">1080000</tw-gaap-ci:RevaluationLossFinancialAssets>
  <tw-gaap-ci:MiscellaneousDisbursements contextRef="From20100101To20100331" decimals="-3" unitRef="TWD">13708000</tw-gaap-ci:MiscellaneousDisbursements>
  <tw-gaap-ci:MiscellaneousDisbursements contextRef="From20110101To20110331" decimals="-3" unitRef="TWD">11809000</tw-gaap-ci:MiscellaneousDisbursements>
  <tw-gaap-ci:IncomeTaxExpenseBenefit contextRef="From20100101To20100331" decimals="-3" unitRef="TWD">28500000</tw-gaap-ci:IncomeTaxExpenseBenefit>
  <tw-gaap-ci:IncomeTaxExpenseBenefit contextRef="From20110101To20110331" decimals="-3" unitRef="TWD">27000000</tw-gaap-ci:IncomeTaxExpenseBenefit>
  <tw-gaap-ci:PrimaryEarningsPerShareIncomeLossContinuingOperations contextRef="From20100101To20100331" decimals="2" unitRef="TWD">0.29</tw-gaap-ci:PrimaryEarningsPerShareIncomeLossContinuingOperations>
  <tw-gaap-ci:PrimaryEarningsPerShareIncomeLossContinuingOperations contextRef="From20110101To20110331" decimals="2" unitRef="TWD">0.35</tw-gaap-ci:PrimaryEarningsPerShareIncomeLossContinuingOperations>
  <tw-gaap-ci:DilutedEarningsPerShareIncomeLossContinuingOperations contextRef="From20100101To20100331" decimals="2" unitRef="TWD">0.29</tw-gaap-ci:DilutedEarningsPerShareIncomeLossContinuingOperations>
  <tw-gaap-ci:DilutedEarningsPerShareIncomeLossContinuingOperations contextRef="From20110101To20110331" decimals="2" unitRef="TWD">0.35</tw-gaap-ci:DilutedEarningsPerShareIncomeLossContinuingOperations>
  <tw-gaap-ci:DilutedEarningsPerShare contextRef="From20100101To20100331" decimals="2" unitRef="TWD">0.29</tw-gaap-ci:DilutedEarningsPerShare>
  <tw-gaap-ci:DilutedEarningsPerShare contextRef="From20110101To20110331" decimals="2" unitRef="TWD">0.35</tw-gaap-ci:DilutedEarningsPerShare>
  <tw-gaap-ci:PrimaryEarningsPerShare contextRef="From20100101To20100331" decimals="2" unitRef="TWD">0.29</tw-gaap-ci:PrimaryEarningsPerShare>
  <tw-gaap-ci:PrimaryEarningsPerShare contextRef="From20110101To20110331" decimals="2" unitRef="TWD">0.35</tw-gaap-ci:PrimaryEarningsPerShare>
  <tw-gaap-ci:NetIncomeLoss contextRef="From20100101To20100331" decimals="-3" unitRef="TWD">176009000</tw-gaap-ci:NetIncomeLoss>
  <tw-gaap-ci:NetIncomeLoss contextRef="From20110101To20110331" decimals="-3" unitRef="TWD">206855000</tw-gaap-ci:NetIncomeLoss>
  <tw-gaap-ci:IncomeContinuingOperations contextRef="From20100101To20100331" decimals="-3" unitRef="TWD">176009000</tw-gaap-ci:IncomeContinuingOperations>
  <tw-gaap-ci:IncomeContinuingOperations contextRef="From20110101To20110331" decimals="-3" unitRef="TWD">206855000</tw-gaap-ci:IncomeContinuingOperations>
  <tw-gaap-ci:IncomeContinuingOperationsBeforeIncomeTax contextRef="From20100101To20100331" decimals="-3" unitRef="TWD">204509000</tw-gaap-ci:IncomeContinuingOperationsBeforeIncomeTax>
  <tw-gaap-ci:IncomeContinuingOperationsBeforeIncomeTax contextRef="From20110101To20110331" decimals="-3" unitRef="TWD">233855000</tw-gaap-ci:IncomeContinuingOperationsBeforeIncomeTax>
  <tw-gaap-ci:OperatingIncomeLoss contextRef="From20100101To20100331" decimals="-3" unitRef="TWD">-50237000</tw-gaap-ci:OperatingIncomeLoss>
  <tw-gaap-ci:OperatingIncomeLoss contextRef="From20110101To20110331" decimals="-3" unitRef="TWD">-200461000</tw-gaap-ci:OperatingIncomeLoss>
  <tw-gaap-ci:GrossProfitLossOperations contextRef="From20100101To20100331" decimals="-3" unitRef="TWD">250135000</tw-gaap-ci:GrossProfitLossOperations>
  <tw-gaap-ci:GrossProfitLossOperations contextRef="From20110101To20110331" decimals="-3" unitRef="TWD">155813000</tw-gaap-ci:GrossProfitLossOperations>
  <tw-gaap-ci:OperatingCosts contextRef="From20100101To20100331" decimals="-3" unitRef="TWD">2479432000</tw-gaap-ci:OperatingCosts>
  <tw-gaap-ci:OperatingCosts contextRef="From20110101To20110331" decimals="-3" unitRef="TWD">2477839000</tw-gaap-ci:OperatingCosts>
  <tw-gaap-ci:OperatingRevenue contextRef="From20100101To20100331" decimals="-3" unitRef="TWD">2729567000</tw-gaap-ci:OperatingRevenue>
  <tw-gaap-ci:OperatingRevenue contextRef="From20110101To20110331" decimals="-3" unitRef="TWD">2633652000</tw-gaap-ci:OperatingRevenue>
  <tw-gaap-ci:NetSales contextRef="From20100101To20100331" decimals="-3" unitRef="TWD">2729567000</tw-gaap-ci:NetSales>
  <tw-gaap-ci:NetSales contextRef="From20110101To20110331" decimals="-3" unitRef="TWD">2633652000</tw-gaap-ci:NetSales>
  <tw-gaap-ci:OperatingExpenses contextRef="From20100101To20100331" decimals="-3" unitRef="TWD">299380000</tw-gaap-ci:OperatingExpenses>
  <tw-gaap-ci:OperatingExpenses contextRef="From20110101To20110331" decimals="-3" unitRef="TWD">355777000</tw-gaap-ci:OperatingExpenses>
  <tw-gaap-ci:NonOperatingIncomeGains contextRef="From20100101To20100331" decimals="-3" unitRef="TWD">274727000</tw-gaap-ci:NonOperatingIncomeGains>
  <tw-gaap-ci:NonOperatingIncomeGains contextRef="From20110101To20110331" decimals="-3" unitRef="TWD">467313000</tw-gaap-ci:NonOperatingIncomeGains>
  <tw-gaap-ci:InvestmentGains contextRef="From20100101To20100331" decimals="-3" unitRef="TWD">110038000</tw-gaap-ci:InvestmentGains>
  <tw-gaap-ci:InvestmentGains contextRef="From20110101To20110331" decimals="-3" unitRef="TWD">356193000</tw-gaap-ci:InvestmentGains>
  <tw-gaap-ci:NonOperatingExpenses contextRef="From20100101To20100331" decimals="-3" unitRef="TWD">19981000</tw-gaap-ci:NonOperatingExpenses>
  <tw-gaap-ci:NonOperatingExpenses contextRef="From20110101To20110331" decimals="-3" unitRef="TWD">32997000</tw-gaap-ci:NonOperatingExpenses>
  <tw-gaap-ci:AcquisitionAvailableSaleFinancialAssets contextRef="From20100101To20100331" decimals="-3" unitRef="TWD">159627000</tw-gaap-ci:AcquisitionAvailableSaleFinancialAssets>
  <tw-gaap-ci:AcquisitionAvailableSaleFinancialAssets contextRef="From20110101To20110331" decimals="-3" unitRef="TWD">-4446000</tw-gaap-ci:AcquisitionAvailableSaleFinancialAssets>
  <tw-gaap-ci:AcquisitionPropertyPlantEquipment contextRef="From20100101To20100331" decimals="-3" unitRef="TWD">-1622000</tw-gaap-ci:AcquisitionPropertyPlantEquipment>
  <tw-gaap-ci:AcquisitionPropertyPlantEquipment contextRef="From20110101To20110331" decimals="-3" unitRef="TWD">-902000</tw-gaap-ci:AcquisitionPropertyPlantEquipment>
  <tw-gaap-ci:AmortizationExpense-Operating contextRef="From20100101To20100331" decimals="-3" unitRef="TWD">740000</tw-gaap-ci:AmortizationExpense-Operating>
  <tw-gaap-ci:AmortizationExpense-Operating contextRef="From20110101To20110331" decimals="-3" unitRef="TWD">653000</tw-gaap-ci:AmortizationExpense-Operating>
  <tw-gaap-ci:CashCashEquivalents contextRef="AsOf20100101" decimals="-3" unitRef="TWD">1032329000</tw-gaap-ci:CashCashEquivalents>
  <tw-gaap-ci:CashCashEquivalents contextRef="AsOf20110101" decimals="-3" unitRef="TWD">363888000</tw-gaap-ci:CashCashEquivalents>
  <tw-gaap-ci:CashPaidAcquisitionTreasuryStock contextRef="From20100101To20100331" decimals="-3" unitRef="TWD">-307489000</tw-gaap-ci:CashPaidAcquisitionTreasuryStock>
  <tw-gaap-ci:CashPaidAcquisitionTreasuryStock contextRef="From20110101To20110331" decimals="-3" unitRef="TWD">-481557000</tw-gaap-ci:CashPaidAcquisitionTreasuryStock>
  <tw-gaap-ci:ChamgesOtherAssets contextRef="From20100101To20100331" decimals="-3" unitRef="TWD">-36639000</tw-gaap-ci:ChamgesOtherAssets>
  <tw-gaap-ci:ChamgesOtherAssets contextRef="From20110101To20110331" decimals="-3" unitRef="TWD">-5160000</tw-gaap-ci:ChamgesOtherAssets>
  <tw-gaap-ci:ChangesAccountsPayable contextRef="From20100101To20100331" decimals="-3" unitRef="TWD">178978000</tw-gaap-ci:ChangesAccountsPayable>
  <tw-gaap-ci:ChangesAccountsPayable contextRef="From20110101To20110331" decimals="-3" unitRef="TWD">23259000</tw-gaap-ci:ChangesAccountsPayable>
  <tw-gaap-ci:ChangesAccountsReceivable contextRef="From20100101To20100331" decimals="-3" unitRef="TWD">-242291000</tw-gaap-ci:ChangesAccountsReceivable>
  <tw-gaap-ci:ChangesAccountsReceivable contextRef="From20110101To20110331" decimals="-3" unitRef="TWD">-87675000</tw-gaap-ci:ChangesAccountsReceivable>
  <tw-gaap-ci:ChangesAccruedExpenses contextRef="From20100101To20100331" decimals="-3" unitRef="TWD">-45443000</tw-gaap-ci:ChangesAccruedExpenses>
  <tw-gaap-ci:ChangesAccruedExpenses contextRef="From20110101To20110331" decimals="-3" unitRef="TWD">12399000</tw-gaap-ci:ChangesAccruedExpenses>
  <tw-gaap-ci:ChangesDeferredCredits contextRef="From20100101To20100331" decimals="-3" unitRef="TWD">992000</tw-gaap-ci:ChangesDeferredCredits>
  <tw-gaap-ci:ChangesDeferredCredits contextRef="From20110101To20110331" decimals="-3" unitRef="TWD">497000</tw-gaap-ci:ChangesDeferredCredits>
  <tw-gaap-ci:ChangesFinancialAssetsHeldTrading contextRef="From20100101To20100331" decimals="-3" unitRef="TWD">2579000</tw-gaap-ci:ChangesFinancialAssetsHeldTrading>
  <tw-gaap-ci:ChangesFinancialAssetsHeldTrading contextRef="From20110101To20110331" decimals="-3" unitRef="TWD">20772000</tw-gaap-ci:ChangesFinancialAssetsHeldTrading>
  <tw-gaap-ci:ChangesGuaranteeDepositsReceived contextRef="From20100101To20100331" decimals="-3" unitRef="TWD">2438000</tw-gaap-ci:ChangesGuaranteeDepositsReceived>
  <tw-gaap-ci:ChangesGuaranteeDepositsReceived contextRef="From20110101To20110331" decimals="-3" unitRef="TWD">0</tw-gaap-ci:ChangesGuaranteeDepositsReceived>
  <tw-gaap-ci:ChangesIncomeTaxPayable contextRef="From20100101To20100331" decimals="-3" unitRef="TWD">11246000</tw-gaap-ci:ChangesIncomeTaxPayable>
  <tw-gaap-ci:ChangesIncomeTaxPayable contextRef="From20110101To20110331" decimals="-3" unitRef="TWD">123000</tw-gaap-ci:ChangesIncomeTaxPayable>
  <tw-gaap-ci:ChangesInventories contextRef="From20100101To20100331" decimals="-3" unitRef="TWD">-4327000</tw-gaap-ci:ChangesInventories>
  <tw-gaap-ci:ChangesInventories contextRef="From20110101To20110331" decimals="-3" unitRef="TWD">4768000</tw-gaap-ci:ChangesInventories>
  <tw-gaap-ci:ChangesNotesPayable contextRef="From20100101To20100331" decimals="-3" unitRef="TWD">-2999000</tw-gaap-ci:ChangesNotesPayable>
  <tw-gaap-ci:ChangesNotesPayable contextRef="From20110101To20110331" decimals="-3" unitRef="TWD">-3036000</tw-gaap-ci:ChangesNotesPayable>
  <tw-gaap-ci:ChangesNotesReceivable contextRef="From20100101To20100331" decimals="-3" unitRef="TWD">168000</tw-gaap-ci:ChangesNotesReceivable>
  <tw-gaap-ci:ChangesNotesReceivable contextRef="From20110101To20110331" decimals="-3" unitRef="TWD">-580000</tw-gaap-ci:ChangesNotesReceivable>
  <tw-gaap-ci:ChangesOtherCurrentAssets_CI contextRef="From20100101To20100331" decimals="-3" unitRef="TWD">3065000</tw-gaap-ci:ChangesOtherCurrentAssets_CI>
  <tw-gaap-ci:ChangesOtherCurrentAssets_CI contextRef="From20110101To20110331" decimals="-3" unitRef="TWD">36130000</tw-gaap-ci:ChangesOtherCurrentAssets_CI>
  <tw-gaap-ci:ChangesOtherCurrentLiabilities_CI contextRef="From20100101To20100331" decimals="-3" unitRef="TWD">-211455000</tw-gaap-ci:ChangesOtherCurrentLiabilities_CI>
  <tw-gaap-ci:ChangesOtherCurrentLiabilities_CI contextRef="From20110101To20110331" decimals="-3" unitRef="TWD">-31729000</tw-gaap-ci:ChangesOtherCurrentLiabilities_CI>
  <tw-gaap-ci:ChangesOtherFinancialAssets contextRef="From20100101To20100331" decimals="-3" unitRef="TWD">93113000</tw-gaap-ci:ChangesOtherFinancialAssets>
  <tw-gaap-ci:ChangesOtherFinancialAssets contextRef="From20110101To20110331" decimals="-3" unitRef="TWD">-13241000</tw-gaap-ci:ChangesOtherFinancialAssets>
  <tw-gaap-ci:ChangesOtherFinancialLiabilities contextRef="From20100101To20100331" decimals="-3" unitRef="TWD">-1830000</tw-gaap-ci:ChangesOtherFinancialLiabilities>
  <tw-gaap-ci:ChangesOtherFinancialLiabilities contextRef="From20110101To20110331" decimals="-3" unitRef="TWD">0</tw-gaap-ci:ChangesOtherFinancialLiabilities>
  <tw-gaap-ci:ChangesOtherLiabilities contextRef="From20100101To20100331" decimals="-3" unitRef="TWD">1407000</tw-gaap-ci:ChangesOtherLiabilities>
  <tw-gaap-ci:ChangesOtherLiabilities contextRef="From20110101To20110331" decimals="-3" unitRef="TWD">6153000</tw-gaap-ci:ChangesOtherLiabilities>
  <tw-gaap-ci:ChangesOtherPrepayments contextRef="From20100101To20100331" decimals="-3" unitRef="TWD">-201244000</tw-gaap-ci:ChangesOtherPrepayments>
  <tw-gaap-ci:ChangesOtherPrepayments contextRef="From20110101To20110331" decimals="-3" unitRef="TWD">-2025483000</tw-gaap-ci:ChangesOtherPrepayments>
  <tw-gaap-ci:ChangesPrepaymentsLongTermInvestments contextRef="From20100101To20100331" decimals="-3" unitRef="TWD">0</tw-gaap-ci:ChangesPrepaymentsLongTermInvestments>
  <tw-gaap-ci:ChangesPrepaymentsLongTermInvestments contextRef="From20110101To20110331" decimals="-3" unitRef="TWD">-586509000</tw-gaap-ci:ChangesPrepaymentsLongTermInvestments>
  <tw-gaap-ci:ChangesRefundableDeposits contextRef="From20100101To20100331" decimals="-3" unitRef="TWD">-10000000</tw-gaap-ci:ChangesRefundableDeposits>
  <tw-gaap-ci:ChangesRefundableDeposits contextRef="From20110101To20110331" decimals="-3" unitRef="TWD">2407000</tw-gaap-ci:ChangesRefundableDeposits>
  <tw-gaap-ci:ChangesShortTermLoans contextRef="From20100101To20100331" decimals="-3" unitRef="TWD">591497000</tw-gaap-ci:ChangesShortTermLoans>
  <tw-gaap-ci:ChangesShortTermLoans contextRef="From20110101To20110331" decimals="-3" unitRef="TWD">2652475000</tw-gaap-ci:ChangesShortTermLoans>
  <tw-gaap-ci:CumulativeTranslationAdjustments_CFS contextRef="From20100101To20100331" decimals="-3" unitRef="TWD">113063000</tw-gaap-ci:CumulativeTranslationAdjustments_CFS>
  <tw-gaap-ci:CumulativeTranslationAdjustments_CFS contextRef="From20110101To20110331" decimals="-3" unitRef="TWD">125129000</tw-gaap-ci:CumulativeTranslationAdjustments_CFS>
  <tw-gaap-ci:CurrentPortionLong-termLiability contextRef="From20100101To20100331" decimals="-3" unitRef="TWD">418020000</tw-gaap-ci:CurrentPortionLong-termLiability>
  <tw-gaap-ci:CurrentPortionLong-termLiability contextRef="From20110101To20110331" decimals="-3" unitRef="TWD">47910000</tw-gaap-ci:CurrentPortionLong-termLiability>
  <tw-gaap-ci:DepreciationExpense-Operating contextRef="From20100101To20100331" decimals="-3" unitRef="TWD">6493000</tw-gaap-ci:DepreciationExpense-Operating>
  <tw-gaap-ci:DepreciationExpense-Operating contextRef="From20110101To20110331" decimals="-3" unitRef="TWD">4143000</tw-gaap-ci:DepreciationExpense-Operating>
  <tw-gaap-ci:EffectExchangeRateChanges contextRef="From20100101To20100331" decimals="-3" unitRef="TWD">-317000</tw-gaap-ci:EffectExchangeRateChanges>
  <tw-gaap-ci:EffectExchangeRateChanges contextRef="From20110101To20110331" decimals="-3" unitRef="TWD">1641000</tw-gaap-ci:EffectExchangeRateChanges>
  <tw-gaap-ci:EmployeePurchaseTreasuryStock contextRef="From20100101To20100331" decimals="-3" unitRef="TWD">0</tw-gaap-ci:EmployeePurchaseTreasuryStock>
  <tw-gaap-ci:EmployeePurchaseTreasuryStock contextRef="From20110101To20110331" decimals="-3" unitRef="TWD">450000000</tw-gaap-ci:EmployeePurchaseTreasuryStock>
  <tw-gaap-ci:GainLossDisposalScrappingFixedAssets contextRef="From20100101To20100331" decimals="-3" unitRef="TWD">-130000</tw-gaap-ci:GainLossDisposalScrappingFixedAssets>
  <tw-gaap-ci:GainLossDisposalScrappingFixedAssets contextRef="From20110101To20110331" decimals="-3" unitRef="TWD">0</tw-gaap-ci:GainLossDisposalScrappingFixedAssets>
  <tw-gaap-ci:GainLossInventoryValuationObsolescenceRecoverie contextRef="From20100101To20100331" decimals="-3" unitRef="TWD">4000000</tw-gaap-ci:GainLossInventoryValuationObsolescenceRecoverie>
  <tw-gaap-ci:GainLossInventoryValuationObsolescenceRecoverie contextRef="From20110101To20110331" decimals="-3" unitRef="TWD">19978000</tw-gaap-ci:GainLossInventoryValuationObsolescenceRecoverie>
  <tw-gaap-ci:GainsLossesSaleInvestments contextRef="From20100101To20100331" decimals="-3" unitRef="TWD">-74204000</tw-gaap-ci:GainsLossesSaleInvestments>
  <tw-gaap-ci:GainsLossesSaleInvestments contextRef="From20110101To20110331" decimals="-3" unitRef="TWD">-1020000</tw-gaap-ci:GainsLossesSaleInvestments>
  <tw-gaap-ci:IncomeTaxPaid contextRef="From20100101To20100331" decimals="-3" unitRef="TWD">6000</tw-gaap-ci:IncomeTaxPaid>
  <tw-gaap-ci:IncomeTaxPaid contextRef="From20110101To20110331" decimals="-3" unitRef="TWD">520000</tw-gaap-ci:IncomeTaxPaid>
  <tw-gaap-ci:InterestPaid contextRef="From20100101To20100331" decimals="-3" unitRef="TWD">5480000</tw-gaap-ci:InterestPaid>
  <tw-gaap-ci:InterestPaid contextRef="From20110101To20110331" decimals="-3" unitRef="TWD">17187000</tw-gaap-ci:InterestPaid>
  <tw-gaap-ci:InvestmentLossIncomeRecognizedEquityMethod contextRef="From20100101To20100331" decimals="-3" unitRef="TWD">-110038000</tw-gaap-ci:InvestmentLossIncomeRecognizedEquityMethod>
  <tw-gaap-ci:InvestmentLossIncomeRecognizedEquityMethod contextRef="From20110101To20110331" decimals="-3" unitRef="TWD">-356193000</tw-gaap-ci:InvestmentLossIncomeRecognizedEquityMethod>
  <tw-gaap-ci:LossGainDeferredIncomeTax contextRef="From20100101To20100331" decimals="-3" unitRef="TWD">17549000</tw-gaap-ci:LossGainDeferredIncomeTax>
  <tw-gaap-ci:LossGainDeferredIncomeTax contextRef="From20110101To20110331" decimals="-3" unitRef="TWD">26357000</tw-gaap-ci:LossGainDeferredIncomeTax>
  <tw-gaap-ci:NetChangesCashCashEquivalents contextRef="From20100101To20100331" decimals="-3" unitRef="TWD">327878000</tw-gaap-ci:NetChangesCashCashEquivalents>
  <tw-gaap-ci:NetChangesCashCashEquivalents contextRef="From20110101To20110331" decimals="-3" unitRef="TWD">458217000</tw-gaap-ci:NetChangesCashCashEquivalents>
  <tw-gaap-ci:NetIncomeLoss_StatementCashFlows contextRef="From20100101To20100331" decimals="-3" unitRef="TWD">176009000</tw-gaap-ci:NetIncomeLoss_StatementCashFlows>
  <tw-gaap-ci:NetIncomeLoss_StatementCashFlows contextRef="From20110101To20110331" decimals="-3" unitRef="TWD">206855000</tw-gaap-ci:NetIncomeLoss_StatementCashFlows>
  <tw-gaap-ci:OtherAdjustmentsReconcileNetIncomeNetCashProvidedUsedOperatingActivities contextRef="From20100101To20100331" decimals="-3" unitRef="TWD">8733000</tw-gaap-ci:OtherAdjustmentsReconcileNetIncomeNetCashProvidedUsedOperatingActivities>
  <tw-gaap-ci:OtherAdjustmentsReconcileNetIncomeNetCashProvidedUsedOperatingActivities contextRef="From20110101To20110331" decimals="-3" unitRef="TWD">4236000</tw-gaap-ci:OtherAdjustmentsReconcileNetIncomeNetCashProvidedUsedOperatingActivities>
  <tw-gaap-ci:ProceedsDisposalFinancialAssetsCarriedCost contextRef="From20100101To20100331" decimals="-3" unitRef="TWD">2000000</tw-gaap-ci:ProceedsDisposalFinancialAssetsCarriedCost>
  <tw-gaap-ci:ProceedsDisposalFinancialAssetsCarriedCost contextRef="From20110101To20110331" decimals="-3" unitRef="TWD">0</tw-gaap-ci:ProceedsDisposalFinancialAssetsCarriedCost>
  <tw-gaap-ci:ProceedsLongTermDebt contextRef="From20100101To20100331" decimals="-3" unitRef="TWD">318020000</tw-gaap-ci:ProceedsLongTermDebt>
  <tw-gaap-ci:ProceedsLongTermDebt contextRef="From20110101To20110331" decimals="-3" unitRef="TWD">559275000</tw-gaap-ci:ProceedsLongTermDebt>
  <tw-gaap-ci:ProvisionTransferRevenueBadDebtsLosses contextRef="From20100101To20100331" decimals="-3" unitRef="TWD">-688000</tw-gaap-ci:ProvisionTransferRevenueBadDebtsLosses>
  <tw-gaap-ci:ProvisionTransferRevenueBadDebtsLosses contextRef="From20110101To20110331" decimals="-3" unitRef="TWD">-39503000</tw-gaap-ci:ProvisionTransferRevenueBadDebtsLosses>
  <tw-gaap-ci:Stock-basedPaymentCompensationCost contextRef="From20100101To20100331" decimals="-3" unitRef="TWD">0</tw-gaap-ci:Stock-basedPaymentCompensationCost>
  <tw-gaap-ci:Stock-basedPaymentCompensationCost contextRef="From20110101To20110331" decimals="-3" unitRef="TWD">62050000</tw-gaap-ci:Stock-basedPaymentCompensationCost>
  <tw-gaap-ci:UnrealizedRevaluationGainFinancialAssetsLiabilities contextRef="From20100101To20100331" decimals="-3" unitRef="TWD">-60000</tw-gaap-ci:UnrealizedRevaluationGainFinancialAssetsLiabilities>
  <tw-gaap-ci:UnrealizedRevaluationGainFinancialAssetsLiabilities contextRef="From20110101To20110331" decimals="-3" unitRef="TWD">1080000</tw-gaap-ci:UnrealizedRevaluationGainFinancialAssetsLiabilities>
  <tw-gaap-ci:UnrealizedValuationGainsLossesFinancialInstruments contextRef="From20100101To20100331" decimals="-3" unitRef="TWD">120349000</tw-gaap-ci:UnrealizedValuationGainsLossesFinancialInstruments>
  <tw-gaap-ci:UnrealizedValuationGainsLossesFinancialInstruments contextRef="From20110101To20110331" decimals="-3" unitRef="TWD">-340962000</tw-gaap-ci:UnrealizedValuationGainsLossesFinancialInstruments>
  <tw-gaap-ci:NetCashProvidedUsedOperatingActivities contextRef="From20100101To20100331" decimals="-3" unitRef="TWD">-482327000</tw-gaap-ci:NetCashProvidedUsedOperatingActivities>
  <tw-gaap-ci:NetCashProvidedUsedOperatingActivities contextRef="From20110101To20110331" decimals="-3" unitRef="TWD">-2121919000</tw-gaap-ci:NetCashProvidedUsedOperatingActivities>
  <tw-gaap-ci:AdjustmentsReconcileNetIncomeNetCashProvidedUsedOperatingActivities contextRef="From20100101To20100331" decimals="-3" unitRef="TWD">-147605000</tw-gaap-ci:AdjustmentsReconcileNetIncomeNetCashProvidedUsedOperatingActivities>
  <tw-gaap-ci:AdjustmentsReconcileNetIncomeNetCashProvidedUsedOperatingActivities contextRef="From20110101To20110331" decimals="-3" unitRef="TWD">-278219000</tw-gaap-ci:AdjustmentsReconcileNetIncomeNetCashProvidedUsedOperatingActivities>
  <tw-gaap-ci:ChangesOperatingAssetsLiabilities contextRef="From20100101To20100331" decimals="-3" unitRef="TWD">-510731000</tw-gaap-ci:ChangesOperatingAssetsLiabilities>
  <tw-gaap-ci:ChangesOperatingAssetsLiabilities contextRef="From20110101To20110331" decimals="-3" unitRef="TWD">-2050555000</tw-gaap-ci:ChangesOperatingAssetsLiabilities>
  <tw-gaap-ci:ChangesOperatingAssets contextRef="From20100101To20100331" decimals="-3" unitRef="TWD">-442050000</tw-gaap-ci:ChangesOperatingAssets>
  <tw-gaap-ci:ChangesOperatingAssets contextRef="From20110101To20110331" decimals="-3" unitRef="TWD">-2052068000</tw-gaap-ci:ChangesOperatingAssets>
  <tw-gaap-ci:ChangesOperatingLiabilities contextRef="From20100101To20100331" decimals="-3" unitRef="TWD">-68681000</tw-gaap-ci:ChangesOperatingLiabilities>
  <tw-gaap-ci:ChangesOperatingLiabilities contextRef="From20110101To20110331" decimals="-3" unitRef="TWD">1513000</tw-gaap-ci:ChangesOperatingLiabilities>
  <tw-gaap-ci:NetCashProvidedUsedInvestingActivities contextRef="From20100101To20100331" decimals="-3" unitRef="TWD">206479000</tw-gaap-ci:NetCashProvidedUsedInvestingActivities>
  <tw-gaap-ci:NetCashProvidedUsedInvestingActivities contextRef="From20110101To20110331" decimals="-3" unitRef="TWD">-607851000</tw-gaap-ci:NetCashProvidedUsedInvestingActivities>
  <tw-gaap-ci:NetCashProvidedUsedFinancingActivities contextRef="From20100101To20100331" decimals="-3" unitRef="TWD">604043000</tw-gaap-ci:NetCashProvidedUsedFinancingActivities>
  <tw-gaap-ci:NetCashProvidedUsedFinancingActivities contextRef="From20110101To20110331" decimals="-3" unitRef="TWD">3186346000</tw-gaap-ci:NetCashProvidedUsedFinancingActivities>
  <tw-gaap-ci:InterestPaidExcludingCapitalizedInterest contextRef="From20100101To20100331" decimals="-3" unitRef="TWD">5480000</tw-gaap-ci:InterestPaidExcludingCapitalizedInterest>
  <tw-gaap-ci:InterestPaidExcludingCapitalizedInterest contextRef="From20110101To20110331" decimals="-3" unitRef="TWD">17187000</tw-gaap-ci:InterestPaidExcludingCapitalizedInterest>
  <tw-gaap-ar:AccountantName contextRef="AsOf20110427">資誠聯合會計師事務所</tw-gaap-ar:AccountantName>
  <tw-gaap-ar:AssuranceAccountantName1 contextRef="AsOf20110427">洪慶山</tw-gaap-ar:AssuranceAccountantName1>
  <tw-gaap-ar:AssuranceAccountantName2 contextRef="AsOf20110427">賴宗羲</tw-gaap-ar:AssuranceAccountantName2>
  <tw-gaap-ar:ReviewAuditDate contextRef="AsOf20110427">2011-04-27</tw-gaap-ar:ReviewAuditDate>
  <tw-gaap-ar:ReviewReport contextRef="AsOf20110427">Y</tw-gaap-ar:ReviewReport>
  <tw-gaap-ar:QualifiedOpinionAdditionOtherItemExplainatoryParagraph contextRef="AsOf20110427">Y</tw-gaap-ar:QualifiedOpinionAdditionOtherItemExplainatoryParagraph>
  <tw-gaap-ar:AccountingPrincipleChange contextRef="AsOf20110427">Y</tw-gaap-ar:AccountingPrincipleChange>
  <tw-gaap-ar:ByInvestmentCompaniesWithoutAccountantAuditReportRecognizedGainLoss contextRef="AsOf20110427">Y</tw-gaap-ar:ByInvestmentCompaniesWithoutAccountantAuditReportRecognizedGainLoss>
  <tw-gaap-ar:DescriptionEmphasizeItemBody contextRef="AsOf20110427"><![CDATA[]]></tw-gaap-ar:DescriptionEmphasizeItemBody>
  <tw-gaap-ar:DescriptionOtherItemBody contextRef="AsOf20110427"><![CDATA[]]></tw-gaap-ar:DescriptionOtherItemBody>
  <tw-gaap-ar:AccountantsReportBody contextRef="AsOf20110427"><![CDATA[
藍天電腦股份有限公司  公鑒：
    
      藍天電腦股份有限公司民國100年及民國99年3月31日之資產負債表，暨民國100年
及民國99年1月1日至3月31日之損益表及現金流量表，業經本會計師核閱竣事。上開財務
報表之編製係公司管理階層之責任，本會計師之責任則為根據核閱結果出具報告。
    
      除下段所述者外，本會計師係依照中華民國一般公認審計準則公報第三十六號「
財務報表之核閱」規劃並執行核閱工作。由於本會計師僅實施分析、比較與查詢，並未
依照中華民國一般公認審計準則查核，故無法對上開財務報表之整體表示查核意見。
    
      如財務報表附註四(七)所述，藍天電腦股份有限公司民國100年及民國99年3月31
日採權益法評價之長期股權投資，其所認列之投資損益及附註十一所揭露之轉投資事業
相關資訊，係依各被投資公司同期間未經會計師核閱之財務報表評價及揭露，截至民國1
00年及民國99年3月31日止，其相關之長期股權投資餘額分別為$6,648,839仟元及$4,437
,301仟元，分別佔總資產之41%及36%；暨民國100年及民國99年1月1日至3月31日所認列
之投資利益分別為$356,193仟元及$110,038仟元，分別佔繼續營業單位稅前淨利之152%
及54%。
    
      依本會計師之核閱結果，除上段所述藍天電腦股份有限公司民國100年及民國99年
1月1日至3月31日之採權益法評價之長期股權投資，其所認列之投資損益及附註十一所揭
露之轉投資事業相關資訊，若能取得被投資公司經會計師核閱之財務報表可能有所調整
與揭露之影響外，並未發現第一段所述之財務報表在所有重大方面有違反「證券發行人
財務報告編製準則」、「商業會計法」、「商業會計處理準則」及中華民國一般公認會
計原則而須做修正之情事。
    
    
    
    
    
    
    
    
    
      如財務報表附註三所述，藍天電腦股份有限公司之自民國100年1月1日起，採用新
修訂之中華民國財務會計研究發展基金會財務會計準則公報第三十四號「金融商品之會
計處理準則」及第四十一號「營運部門資訊之揭露」之規定。]]></tw-gaap-ar:AccountantsReportBody>
  <tw-gaap-notes:FinancialReportNotes contextRef="From20110101To20110331"><![CDATA[http://doc.twse.com.tw/server-java/t57sb01?step=1&colorchg=1&co_id=2362&year=100&seamon=1&mtype=A&]]></tw-gaap-notes:FinancialReportNotes>
  <tw-gaap-notes:OrganizationAndOperations contextRef="From20110101To20110331"><![CDATA[　　(一)藍天電腦股份有限公司(以下簡稱「本公司」)設立於民國72年10月，並於民國81年7
　　　　月經證期局核准公開發行，主要營業項目為各種影像顯示器、電腦及電腦週邊裝置之設
　　　　計製造及買賣業務等。
　　(二)本公司股票自民國85年3月4日起在中華民國證券櫃檯買賣中心買賣，並於民國86年3
　　　　月8日起經臺灣證券交易所核准上市買賣。
　　(三)本公司民國100年3月31日之員工人數為641人。
]]></tw-gaap-notes:OrganizationAndOperations>
  <tw-gaap-notes:SummaryOfSignificantAccountingPolicies contextRef="From20110101To20110331"><![CDATA[　　本財務報表係依照「證券發行人財務報告編製準則」、「商業會計法」、「商業會計處理
　　準則」及中華民國一般公認會計原則編製。重要會計政策彙總說明如下：
　　(一)外幣財務報表換算及外幣交易
　　　　1.本公司國外營運機構中薩摩亞、開曼島等子公司之外幣財務報表，因功能性貨幣即為
　　　　　記帳貨幣(美元)，經依財務會計準則公報第14號之規定予以換算後，其所產生之兌換
　　　　　差額列為股東權益項下。
　　　　2.外幣交易按交易當日之即期匯率作為入帳期準，其與實際收付時之兌換差異，列為當
　　　　　年度損益。
　　　　3.期末就外幣貨幣性資產或負債餘額，按資產負債表日之即期匯率評價調整，因調整而
　　　　　產生之兌換差額列為當年度損益。
　　　　4.期末就外幣非貨幣性資產或負債餘額，屬依公平價值衡量且變動列入損益者，按資產
　　　　　負債表日之即期匯率評價調整，因調整而產生之兌換差額列為當年度損益；屬依公平
　　　　　價值衡量且變動列入股東權益調整項目者，按資產負債表日之即期匯率評價調整，因
　　　　　調整而產生之兌換差額，列為股東權益調整項目；屬非依公平價值衡量者，則按交易
　　　　　日之歷史匯率衡量。
　　(二)資產負債區分流動及非流動之分類標準
　　　　1.資產符合下列條件之一者，列為流動資產；資產不屬於流動資產者為非流動資產：
　　　　　(1)因營業所產生之資產，預期將於正常營業週期中變現、消耗或意圖出售者。
　　　　　(2)主要為交易目的而持有者。
　　　　　(3)預期於資產負債表日後12個月內將變現者。
　　　　　(4)現金或約當現金，但於資產負債表日後逾12個月用以交換、清償負債或受有其他限
　　　　　　　制者除外。
　　　　2.負債符合下列條件之一者，列為流動負債；負債不屬於流動負債者為非流動負債：
　　　　　(1)因營業而發生之債務，預期將於正常營業週期中清償者。
　　　　　(2)主要為交易目的而發生者。
　　　　　(3)須於資產負債表日後12個月內清償者。
　　　　　(4)不能無條件延期至資產負債表日後逾12個月清償之負債。
　　(三)公平價值變動列入損益之金融資產
　　　　1.係採交易日會計，於原始認列時，將金融商品以公平價值衡量。
　　　　2.公平價值變動列入損益之金融資產係以公平價值評價且其價值變動列為當期損益。上
　　　　　市/上櫃股票、封閉型基金及存託憑證係以資產負債表日公開市場之收盤價為公平價值
　　　　　。開放型基金係以資產負債表日該基金淨資產價值為公平價值。
　　　　3.未符合避險會計之衍生性商品，屬選擇權交易者於交易日以當日之公平價值認列，非
　　　　　屬選擇權交易者，於交易日認列之公平價值為零。
　　(四)備供出售金融資產
　　　　1.屬權益性質之投資係採交易日會計，於原始認列時，將金融商品以公平價值衡量，並
　　　　　加計取得之交易成本。
　　　　2.備供出售金融資產係以公平價值評價，且其價值變動列為股東權益調整項目，累積之
　　　　　利益或損失於金融資產除列時，列入當期損益。上市/上櫃股票、封閉型基金及存託憑
　　　　　證係以資產負債表日公開市場之收盤價為公平價值。開放型基金係以資產負債表日該
　　　　　基金淨資產價值為公平價值。
　　　　3.若有減損之客觀證據，則認列減損損失。若後續期間減損金額減少，屬權益商品之減
　　　　　損減少金額，認列為股東權益調整項目；屬債務商品之減損減少金額，若明顯與認列
　　　　　減損後發生之事件有關，則予以迴轉並認列為當期損益。
　　(五)以成本衡量之金融資產
　　　　1.採交易日會計，於原始認列時，將金融商品以公平價值衡量，並加計取得或發行之交
　　　　　易成本。
　　　　2.以成本衡量之金融資產若有減損之客觀證據，則認列減損損失，此減損金額不予迴轉
　　　　　。
　　(六)應收帳款
　　　　應收票據及帳款係因出售商品或勞務而發生之債權，其他應收款係不屬於應收票據及帳
　　　　　款之其他應收款項。
　　　　本公司依據過去實際發生呆帳之經驗，衡量資產負債表日應收票據及應收帳款等各項債
　　　　　權之帳齡情形及其收回可能性評估提列。
　　　　自民國100年1月1日起，應收票據及帳款、其他應收款原始認列時以公平價值衡量，續
　　　　　後以有效利率法之攤銷後成本減除減損後之金額衡量。本公司於資產負債表日評估是
　　　　　否存在客觀證據，顯示重大個別金融資產發生減損，以及非屬重大之個別金融資產單
　　　　　獨或共同發生減損。若有減損之客觀證據，則認列減損損失。減損金額為金融資產之
　　　　　帳面價值與其估計未來現金流量採原始有效利率折現之現值間之差額。若後續期間減
　　　　　損金額減少，而該減少明顯與認列減損後發生之事件有關，則迴轉先前認列之金融資
　　　　　產減損金額，該迴轉不應使金融資產帳面金額大於未認列減損情況下之攤銷後成本，
　　　　　迴轉之金額認列為當期損益。
　　　　本公司於資產負債表日評估是否存在客觀證據，顯示重大個別金融資產發生減損，以及
　　　　　非屬重大之個別金融資產單獨或共同發生減損。若有減損之客觀證據，則認列減損損
　　　　　失。減損金額為金融資產之帳面價值與其估計未來現金流量採原始有效利率折現之現
　　　　　值間之差額。若後續期間減損金額減少，而該減少明顯與認列減損後發生之事件有關
　　　　　，則迴轉先前認列之金融資產減損金額，該迴轉不應使金融資產帳面金額大於未認列
　　　　　減損情況下之攤銷後成本，迴轉之金額認列為當期損益。
　　(七)存貨
　　　　自民國98年1月1日起，本公司採用新修訂之中華民國會計研究發展基金會財務會計準則
　　　　公報第十號「存貨之會計處理準則」，存貨採永續盤存制，成本結轉按加權平均法計算
　　　　。期末存貨採成本與淨變現價值孰低法衡量，比較成本與淨變現價值孰低時，採逐項比
　　　　較法。淨變現價值係指在正常情況下之估計售價減除至完工尚需投入之成本及推銷費用
　　　　後之餘額。當原物料之價格下跌而製成品之成本超過淨變現價值時，原物料之淨變現價
　　　　值為重置成本。
　　(八)採權益法之長期股權投資
　　　　1.持有被投資公司表決權股份比例達20%以上或具有重大影響力者，採權益法評價。民
　　　　　國95年度(含)起，投資成本與股權淨值之差額，如屬投資成本超過所取得可辨認淨資
　　　　　產公平價值，將超過部份列為商譽，並於每年定期執行減損測試，以前年度攤銷者，
　　　　　不再追溯調整；若所取得可辨認淨資產超過投資成本，則差額就非流動資產分別將其
　　　　　公平價值等比例減少之，若減少至零仍有差額時，則為負商譽，就該差額列為非常利
　　　　　益，惟民國94年12月31日前產生之負商譽仍繼續攤銷。
　　　　2.按權益法評價之長期股權投資，其與被投資公司間之順流交易，有關公司間未實現損
　　　　　益之銷除比例，端視對被投資公司是否具有控制能力而定。若對被投資公司具有控制
　　　　　能力，則公司間未實現損益予以全部銷除；若對被投資公司不具控制能力，則公司間
　　　　　未實現損益按持有被投資公司之股權比例予以銷除；而與被投資公司間之逆流及側流
　　　　　交易，不論對被投資公司是否具有控制能力，公司間未實現損益均按持有被投資公司
　　　　　之股權比例予以銷除，其銷除係除順流交易採列記未實現損益科目方式處理外，逆流
　　　　　及側流交易則採沖銷投資科目方式處理。
　　　　3.自民國94年1月1日起對於採權益法評價之被投資公司，若具有重大影響力但未達控制
　　　　　能力者，其投資損失之認列以使對該被投資公司投資及墊款之帳面餘額降低至零為限
　　　　　，除非本公司對該被投資公司有背書保證或意圖繼續支持該被投資公司，則按持股比
　　　　　例繼續認列投資損失，若對投資公司已具控制能力者，除被投資公司之其他股東有義
　　　　　務並能提出額外資金承擔其損失者外，以全額吸收超過被投資公司股東原有權益之損
　　　　　失金額，若該被投資公司日後獲利，則該利益宜優先歸屬本公司，直至原多承擔之損
　　　　　失完全回覆為止。
　　　　4.對於直接或間接持有表決權之股份超過50%以上之被投資公司及其他雖直接或間接持
　　　　　有表決權股份未超過50%，但依財務會計準則公報第七號「合併財務報表」之規定，符
　　　　　合有控制能力之條件者，於每季度編製合併財務報表時，應全數納入合併個體。
　　　　5.海外投資按權益法評價時，被投資公司財務報表轉換所產生之「累積換算調整數」，
　　　　　本公司依持股比例認列之，作為本公司股東權益之調整項目。
　　　　6.子公司持有母公司股票之會計處理係依照財務會計準則第30號公報「庫藏股票會計處
　　　　　理準則」規定視同庫藏股票處理。
　　(九)固定資產
　　　　1.以取得成本為入帳基礎，並將購建期間之有關利息資本化。
　　　　2.固定資產按估計經濟耐用年限，按平均法計提折舊，到期已折足而尚在使用之固定資
　　　　　產，仍繼續提列折舊。各項資產之耐用年限，除房屋及建築為50年，其餘固定資產為
　　　　　1~20年。
　　　　3.凡支出效益及於以後各期之重大改良或大修支出列為資本支出，經常性維護或修理支
　　　　　出則列為當期費用。
　　　　4.固定資產發生閒置或已無使用價值時，按其淨評價值或帳面價值較低者，轉列其他資
　　　　　產，差額列為當期損失，當期提列之折舊費用列為營業外支出。
　　(十)無形資產
　　　　內部產生無形資產-研究發展支出：
　　　　1.除下段所述外，研究及發展支出應在發生期間認列為費用。
　　　　2.認列為無形資產之發展專案支出，係已達技術可行性並有完成意圖及能力，使該無形
　　　　　資產將可供使用或出售，並預期將很有可能產生未來經濟效益且相關支出能可靠衡量
　　　　　。
　　　　3.內部產生之無形資產，於達到可使用狀態後，按估計效益年數採直線法攤銷，攤銷年
　　　　　限為5年。
　　(十一)遞延資產
　　　　　遞延資產主係線路工程費及電腦軟體等，並按其估計效益年數3～5年，採平均法攤銷
　　　　　。
　　(十二)非金融資產減損
　　　　　本公司於資產負債表日針對有減損跡象之資產，估計其可回收金額，當可回收金額低
　　　　　於其帳面價值時，則認列減損損失。可回收金額係指一項資產之淨公平價值或其使用
　　　　　價值，兩者較高者。當以前年度認列資產減損之情況不再存在時，則在以前年度提列
　　　　　損失金額之範圍內予以迴轉。
　　(十三)退休金
　　　　　退休金辦法屬確定給付退休辦法者，係依據精算結果認列淨退休金成本，淨退休金成
　　　　　本包括當期服務成本、利息成本、基金資產之預期報酬及未認列過渡性淨給付義務與
　　　　　退休金損益之攤銷數。未認列過渡性淨給付義務按15年直線法攤提。退休金辦法屬確
　　　　　定提撥退休辦法者，則依權責發生基礎將應提撥之退休基金數額認列為當期之退休金
　　　　　成本。
　　(十四)所得稅
　　　　　1.本公司依財務會計準則公報第22號「所得稅之會計處理準則」之規定作跨期間與同
　　　　　　期間之所得稅分攤，將應課稅暫時性差異所產生之所得稅影響數認列為遞延所得稅負
　　　　　　債，與將可減除暫時性差異、虧損扣抵及所得稅抵減所產生之所得稅影響數認列為遞
　　　　　　延所得稅資產，再評估其遞延所得稅資產之可實現性，估列其備抵評價金額。當稅法
　　　　　　修正時，於公佈日之年度按新規定將遞延所得稅負債或資產重新計算，因而產生之遞
　　　　　　延所得稅負債或資產之變動影響數，列入當期繼續營業部門之所得稅費用(利益)。
　　　　　2.本公司購置設備及人才培訓、研究發展費用有關所得稅抵減之會計處理係採當期認
　　　　　　列法。
　　　　　3.配合95年1月1日開始實施之「所得基本稅額條例」，本公司依其規定計算基本稅額
　　　　　　，並與按所得稅法規定計算之應納稅額兩者相較擇其高者估列為當期所得稅。另本公
　　　　　　司於評估遞延所得稅資產可實現性時，亦將未來年度應納之最低所得稅稅額納入考量
　　　　　　。
　　　　　4.本公司未分配盈餘加徵百分之十營利事業所得稅部分，於股東會決議分配盈餘之日
　　　　　　列為當期費用。
　　(十五)庫藏股
　　　　　1.本公司收回已發行股票時，其屬買回者，將所支付之成本列為股東權益之減項。
　　　　　2.庫藏股票轉讓給員工之給與日在民國97年1月1日(含)以後者，依財務會計準則公報
　　　　　　第三十九號「股份基礎給付之會計處理準則」處理。
　　　　　3.註銷庫藏股票時，貸記「庫藏股票」，並按股權比例借記「資本公積-股票發行溢價
　　　　　　」與「股本」。庫藏股票之帳面價值如高於面值與股票發行溢價之合計數時，其差額
　　　　　　沖銷同種類庫藏股票所產生之資本公積，如有不足再借記保留盈餘；反之，其差額貸
　　　　　　記同種類庫藏股票交易所產生之資本公積。
　　　　　4.庫藏股票之帳面價值係按加權平均法計算。
　　(十六)股份給付基礎－員工獎酬
　　　　　1.員工認股權證之給與日於民國93年1月1日(含)至民國96年12月31日(含)者，依民國
　　　　　　92年3月17日財團法人中華民國會計研究發展基金會(92)基秘字第070、071、072號函
　　　　　　「員工認股權證之會計處理」之規定採用內含價值法認列費用，並揭露依財務會計準
　　　　　　則公報第三十九號「股份基礎給付之會計處理準則」規定衡量之擬制本期淨利及每股
　　　　　　盈餘資訊。
　　　　　2.股份基礎給付協議之給與日於民國97年1月1日(含)以後者，以所給與權益商品之公
　　　　　　平價值衡量所取得之員工勞務，並於既得期間認列為薪資費用。
　　(十七)員工分紅及董監酬勞
　　　　　自民國97年1月1日起，本公司員工分紅及董監酬勞成本，依民國96年3月16日財團法人
　　　　　中華民國會計研究發展基金會(96)基秘字第052號函「員工分紅及董監酬勞會計處理」
　　　　　之規定，於具法律義務或推定義務且金額可合理估計時，認列為費用及負債。嗣後股
　　　　　東會決議實際配發金額與估列金額有差異時，則列為次年度之損益。另依民國97年3月
　　　　　31日財團法人中華民國會計研究發展基金會(97)基秘字第127號函「上市上櫃公司員工
　　　　　分紅股數計算基準」，本公司以財報年度之次年度股東會決議日前一日之每股公平價
　　　　　值(收盤價)，並考慮除權除息影響後之金額，計算員工股票紅利之股數。
　　(十八)收入成本
　　　　　收入於獲利過程大部份已完成，且已實現或可實現時認列。相關成本配合收入於發生
　　　　　時承認。費用則依權責發生制於發生時認列為當期費用。
　　(十九)會計估計
　　　　　本公司於編製財務報表時，業已依照一般公認會計準則之規定，對財務報表所列金額
　　　　　及或有事項，作必要之衡量、評估與揭露，其中包括若干假設及估計之採用，惟該等
　　　　　假設及估計與實際結果可能存有差異。
　　(二十)每股盈餘
　　　　　　本公司之資本結構爲複雜資本結構，在損益表上應分別列示基本每股盈餘及稀釋每股
　　　　　　盈餘。每股盈餘之計算方式如下：
　　　　　　1.基本每股盈餘：係以本期淨利除以加權平均流通在外股數計算之。
　　　　　　2.稀釋每股盈餘：其計算方式與基本每股盈餘相同，惟係假設所有具有稀釋作用之潛
　　　　　　　在普通股均於期初即轉換為普通股，係採庫藏股法計算之。
　　(二十一)營運部門
　　　　　　1.本公司營運部門資訊與提供給營運決策者之內部管理報告採一致之方式報導。營運
　　　　　　　決策者負責分配資源予營運部門並評估其績效。
　　　　　　2.本公司依財務會計準則公報第四十一號「營運部門資訊之揭露」規定於合併財務報
　　　　　　　表揭露部門資訊，而不於個別財務報表揭露部門資訊。
]]></tw-gaap-notes:SummaryOfSignificantAccountingPolicies>
  <tw-gaap-notes:ChangesInAccountingPrinciples contextRef="From20110101To20110331"><![CDATA[　　(一)應收票據及帳款及其他應收款
　　　　　本公司自民國100年1月1日起，採用新修訂之財務會計準則公報第三十四號「金融商品
　　　　　之會計處理準則」，就應收票據及帳款、其他應收款等各項債權，於有減損之客觀證
　　　　　據時認列減損(呆帳)損失，此項會計原則變動使民國100年第1季淨利增加$26,732，每
　　　　　股盈餘增加$0.04。
　　(二)營運部門
　　　　　本公司自民國100年1月1日起，採用新發布之財務會計準則公報第四十一號「營運部門
　　　　　資訊之揭露」，以取代原財務會計準則公報第二十號「部門別財務資訊之揭露」，本
　　　　　公司於首次適用時，並依公報規定重編前一年度之部門資訊。此項會計原則變動並不
　　　　　影響民國100年及99年第1季之淨利及每股盈餘。
]]></tw-gaap-notes:ChangesInAccountingPrinciples>
</xbrli:xbrl>