<?xml version="1.0" encoding="UTF-8" ?><xbrl xmlns="http://www.xbrl.org/2003/instance" xmlns:iso4217="http://www.xbrl.org/2003/iso4217" xmlns:link="http://www.xbrl.org/2003/linkbase" xmlns:tw-gaap-ar="http://www.xbrl.org/tw/fr/gaap/ar/2010-09-30" xmlns:tw-gaap-ci="http://www.xbrl.org/tw/fr/gaap/tw-gaap-ci-2010-09-30" xmlns:tw-gaap-notes="http://www.xbrl.org/tw/fr/gaap/notes/2010-09-30" xmlns:xbrldi="http://xbrl.org/2006/xbrldi" xmlns:xbrldt="http://xbrl.org/2005/xbrldt" xmlns:xbrli="http://www.xbrl.org/2003/instance" xmlns:xlink="http://www.w3.org/1999/xlink"><link:schemaRef xlink:arcrole="http://www.w3.org/1999/xlink/properties/linkbase" xlink:href="tw-gaap-ci-2010-09-30.xsd" xlink:type="simple" />
<context id="AsOf20100101"><entity><identifier scheme="http://www.twse.com.tw">2204</identifier></entity><period><instant>2010-01-01</instant></period></context>
<context id="AsOf20090101"><entity><identifier scheme="http://www.twse.com.tw">2204</identifier></entity><period><instant>2009-01-01</instant></period></context>
<context id="From20100101To20100930"><entity><identifier scheme="http://www.twse.com.tw">2204</identifier></entity><period><startDate>2010-01-01</startDate><endDate>2010-09-30</endDate></period></context>
<context id="From20090101To20090930"><entity><identifier scheme="http://www.twse.com.tw">2204</identifier></entity><period><startDate>2009-01-01</startDate><endDate>2009-09-30</endDate></period></context>
<context id="AsOf20100930"><entity><identifier scheme="http://www.twse.com.tw">2204</identifier></entity><period><instant>2010-09-30</instant></period></context>
<context id="AsOf20090930"><entity><identifier scheme="http://www.twse.com.tw">2204</identifier></entity><period><instant>2009-09-30</instant></period></context>
<context id="AsOf20101025"><entity><identifier scheme="http://www.twse.com.tw">2204</identifier></entity><period><instant>2010-10-25</instant></period></context>
<unit id="TWD"><measure>iso4217:TWD</measure></unit>
<unit id="Shares"><measure>xbrli:shares</measure></unit>
<unit id="EarningsPerShare"><divide><unitNumerator><measure>iso4217:TWD</measure></unitNumerator><unitDenominator><measure>xbrli:shares</measure></unitDenominator></divide></unit>
<tw-gaap-ci:Assets contextRef="AsOf20100930" decimals="-3" unitRef="TWD">47649137000</tw-gaap-ci:Assets>
<tw-gaap-ci:Assets contextRef="AsOf20090930" decimals="-3" unitRef="TWD">46968890000</tw-gaap-ci:Assets>
<tw-gaap-ci:CurrentAssets contextRef="AsOf20100930" decimals="-3" unitRef="TWD">13465374000</tw-gaap-ci:CurrentAssets>
<tw-gaap-ci:CurrentAssets contextRef="AsOf20090930" decimals="-3" unitRef="TWD">11944175000</tw-gaap-ci:CurrentAssets>
<tw-gaap-ci:CashCashEquivalents contextRef="AsOf20100930" decimals="-3" unitRef="TWD">6507957000</tw-gaap-ci:CashCashEquivalents>
<tw-gaap-ci:CashCashEquivalents contextRef="AsOf20090930" decimals="-3" unitRef="TWD">2623940000</tw-gaap-ci:CashCashEquivalents>
<tw-gaap-ci:FinancialAssetsMeasuredFairValueProfitLossCurrent contextRef="AsOf20100930" decimals="-3" unitRef="TWD">165234000</tw-gaap-ci:FinancialAssetsMeasuredFairValueProfitLossCurrent>
<tw-gaap-ci:FinancialAssetsMeasuredFairValueProfitLossCurrent contextRef="AsOf20090930" decimals="-3" unitRef="TWD">811162000</tw-gaap-ci:FinancialAssetsMeasuredFairValueProfitLossCurrent>
<tw-gaap-ci:AvailableSaleFinancialAssetsCurrent contextRef="AsOf20100930" decimals="-3" unitRef="TWD">1877539000</tw-gaap-ci:AvailableSaleFinancialAssetsCurrent>
<tw-gaap-ci:AvailableSaleFinancialAssetsCurrent contextRef="AsOf20090930" decimals="-3" unitRef="TWD">3426643000</tw-gaap-ci:AvailableSaleFinancialAssetsCurrent>
<tw-gaap-ci:HeldMaturityFinancialAssetsCurrent contextRef="AsOf20090930" decimals="-3" unitRef="TWD">200000000</tw-gaap-ci:HeldMaturityFinancialAssetsCurrent>
<tw-gaap-ci:NetNotesReceivable contextRef="AsOf20100930" decimals="-3" unitRef="TWD">213881000</tw-gaap-ci:NetNotesReceivable>
<tw-gaap-ci:NetNotesReceivable contextRef="AsOf20090930" decimals="-3" unitRef="TWD">327005000</tw-gaap-ci:NetNotesReceivable>
<tw-gaap-ci:NetAccountsReceivable contextRef="AsOf20100930" decimals="-3" unitRef="TWD">528570000</tw-gaap-ci:NetAccountsReceivable>
<tw-gaap-ci:NetAccountsReceivable contextRef="AsOf20090930" decimals="-3" unitRef="TWD">380185000</tw-gaap-ci:NetAccountsReceivable>
<tw-gaap-ci:NetAccountsReceivableRelatedParties contextRef="AsOf20100930" decimals="-3" unitRef="TWD">1627093000</tw-gaap-ci:NetAccountsReceivableRelatedParties>
<tw-gaap-ci:NetAccountsReceivableRelatedParties contextRef="AsOf20090930" decimals="-3" unitRef="TWD">1609133000</tw-gaap-ci:NetAccountsReceivableRelatedParties>
<tw-gaap-ci:OtherFinancialAssetsCurrent contextRef="AsOf20100930" decimals="-3" unitRef="TWD">148506000</tw-gaap-ci:OtherFinancialAssetsCurrent>
<tw-gaap-ci:OtherFinancialAssetsCurrent contextRef="AsOf20090930" decimals="-3" unitRef="TWD">61679000</tw-gaap-ci:OtherFinancialAssetsCurrent>
<tw-gaap-ci:Inventories contextRef="AsOf20100930" decimals="-3" unitRef="TWD">2127502000</tw-gaap-ci:Inventories>
<tw-gaap-ci:Inventories contextRef="AsOf20090930" decimals="-3" unitRef="TWD">2324623000</tw-gaap-ci:Inventories>
<tw-gaap-ci:InventoriesManufacturing contextRef="AsOf20100930" decimals="-3" unitRef="TWD">2127502000</tw-gaap-ci:InventoriesManufacturing>
<tw-gaap-ci:InventoriesManufacturing contextRef="AsOf20090930" decimals="-3" unitRef="TWD">2324623000</tw-gaap-ci:InventoriesManufacturing>
<tw-gaap-ci:OtherCurrentAssets contextRef="AsOf20100930" decimals="-3" unitRef="TWD">269092000</tw-gaap-ci:OtherCurrentAssets>
<tw-gaap-ci:OtherCurrentAssets contextRef="AsOf20090930" decimals="-3" unitRef="TWD">179805000</tw-gaap-ci:OtherCurrentAssets>
<tw-gaap-ci:DeferredIncomeTaxAssetsCurrent contextRef="AsOf20100930" decimals="-3" unitRef="TWD">150190000</tw-gaap-ci:DeferredIncomeTaxAssetsCurrent>
<tw-gaap-ci:DeferredIncomeTaxAssetsCurrent contextRef="AsOf20090930" decimals="-3" unitRef="TWD">92413000</tw-gaap-ci:DeferredIncomeTaxAssetsCurrent>
<tw-gaap-ci:OthercurrentAssetsOther contextRef="AsOf20100930" decimals="-3" unitRef="TWD">118902000</tw-gaap-ci:OthercurrentAssetsOther>
<tw-gaap-ci:OthercurrentAssetsOther contextRef="AsOf20090930" decimals="-3" unitRef="TWD">87392000</tw-gaap-ci:OthercurrentAssetsOther>
<tw-gaap-ci:FundsInvestments contextRef="AsOf20100930" decimals="-3" unitRef="TWD">29393217000</tw-gaap-ci:FundsInvestments>
<tw-gaap-ci:FundsInvestments contextRef="AsOf20090930" decimals="-3" unitRef="TWD">28915258000</tw-gaap-ci:FundsInvestments>
<tw-gaap-ci:LongtermInvestments contextRef="AsOf20100930" decimals="-3" unitRef="TWD">28701860000</tw-gaap-ci:LongtermInvestments>
<tw-gaap-ci:LongtermInvestments contextRef="AsOf20090930" decimals="-3" unitRef="TWD">28259197000</tw-gaap-ci:LongtermInvestments>
<tw-gaap-ci:LongtermInvestmentsEquity contextRef="AsOf20100930" decimals="-3" unitRef="TWD">28701860000</tw-gaap-ci:LongtermInvestmentsEquity>
<tw-gaap-ci:LongtermInvestmentsEquity contextRef="AsOf20090930" decimals="-3" unitRef="TWD">28259197000</tw-gaap-ci:LongtermInvestmentsEquity>
<tw-gaap-ci:AvailablesaleFinancialAssetsNonCurrent contextRef="AsOf20090930" decimals="-3" unitRef="TWD">62057000</tw-gaap-ci:AvailablesaleFinancialAssetsNonCurrent>
<tw-gaap-ci:NetFinancialAssetsCarriedCostNonCurrent contextRef="AsOf20100930" decimals="-3" unitRef="TWD">491357000</tw-gaap-ci:NetFinancialAssetsCarriedCostNonCurrent>
<tw-gaap-ci:NetFinancialAssetsCarriedCostNonCurrent contextRef="AsOf20090930" decimals="-3" unitRef="TWD">564873000</tw-gaap-ci:NetFinancialAssetsCarriedCostNonCurrent>
<tw-gaap-ci:NetDebtInvestmentsNoActiveMarketNonCurrent contextRef="AsOf20100930" decimals="-3" unitRef="TWD">200000000</tw-gaap-ci:NetDebtInvestmentsNoActiveMarketNonCurrent>
<tw-gaap-ci:NetDebtInvestmentsNoActiveMarketNonCurrent contextRef="AsOf20090930" decimals="-3" unitRef="TWD">29131000</tw-gaap-ci:NetDebtInvestmentsNoActiveMarketNonCurrent>
<tw-gaap-ci:FixedAssets contextRef="AsOf20100930" decimals="-3" unitRef="TWD">4222811000</tw-gaap-ci:FixedAssets>
<tw-gaap-ci:FixedAssets contextRef="AsOf20090930" decimals="-3" unitRef="TWD">5101508000</tw-gaap-ci:FixedAssets>
<tw-gaap-ci:CostsRevaluationIncrement contextRef="AsOf20100930" decimals="-3" unitRef="TWD">26258476000</tw-gaap-ci:CostsRevaluationIncrement>
<tw-gaap-ci:CostsRevaluationIncrement contextRef="AsOf20090930" decimals="-3" unitRef="TWD">26269040000</tw-gaap-ci:CostsRevaluationIncrement>
<tw-gaap-ci:FixedAssetsOriginalCosts contextRef="AsOf20100930" decimals="-3" unitRef="TWD">26236310000</tw-gaap-ci:FixedAssetsOriginalCosts>
<tw-gaap-ci:FixedAssetsOriginalCosts contextRef="AsOf20090930" decimals="-3" unitRef="TWD">26246874000</tw-gaap-ci:FixedAssetsOriginalCosts>
<tw-gaap-ci:Land contextRef="AsOf20100930" decimals="-3" unitRef="TWD">1329014000</tw-gaap-ci:Land>
<tw-gaap-ci:Land contextRef="AsOf20090930" decimals="-3" unitRef="TWD">1329014000</tw-gaap-ci:Land>
<tw-gaap-ci:LandImprovements contextRef="AsOf20100930" decimals="-3" unitRef="TWD">70120000</tw-gaap-ci:LandImprovements>
<tw-gaap-ci:LandImprovements contextRef="AsOf20090930" decimals="-3" unitRef="TWD">69670000</tw-gaap-ci:LandImprovements>
<tw-gaap-ci:BuildingsStructures contextRef="AsOf20100930" decimals="-3" unitRef="TWD">3148239000</tw-gaap-ci:BuildingsStructures>
<tw-gaap-ci:BuildingsStructures contextRef="AsOf20090930" decimals="-3" unitRef="TWD">3147349000</tw-gaap-ci:BuildingsStructures>
<tw-gaap-ci:MachineryEquipment contextRef="AsOf20100930" decimals="-3" unitRef="TWD">20190076000</tw-gaap-ci:MachineryEquipment>
<tw-gaap-ci:MachineryEquipment contextRef="AsOf20090930" decimals="-3" unitRef="TWD">20195048000</tw-gaap-ci:MachineryEquipment>
<tw-gaap-ci:TransportationEquipment contextRef="AsOf20100930" decimals="-3" unitRef="TWD">1033230000</tw-gaap-ci:TransportationEquipment>
<tw-gaap-ci:TransportationEquipment contextRef="AsOf20090930" decimals="-3" unitRef="TWD">1040162000</tw-gaap-ci:TransportationEquipment>
<tw-gaap-ci:RentalAssetsBuildings contextRef="AsOf20100930" decimals="-3" unitRef="TWD">465631000</tw-gaap-ci:RentalAssetsBuildings>
<tw-gaap-ci:RentalAssetsBuildings contextRef="AsOf20090930" decimals="-3" unitRef="TWD">465631000</tw-gaap-ci:RentalAssetsBuildings>
<tw-gaap-ci:RevaluationIncrement contextRef="AsOf20100930" decimals="-3" unitRef="TWD">22166000</tw-gaap-ci:RevaluationIncrement>
<tw-gaap-ci:RevaluationIncrement contextRef="AsOf20090930" decimals="-3" unitRef="TWD">22166000</tw-gaap-ci:RevaluationIncrement>
<tw-gaap-ci:AccumulatedDepreciation contextRef="AsOf20100930" decimals="-3" unitRef="TWD">18305159000</tw-gaap-ci:AccumulatedDepreciation>
<tw-gaap-ci:AccumulatedDepreciation contextRef="AsOf20090930" decimals="-3" unitRef="TWD">17422772000</tw-gaap-ci:AccumulatedDepreciation>
<tw-gaap-ci:AccumulatedImpairmentFixedAssets contextRef="AsOf20100930" decimals="-3" unitRef="TWD">3804279000</tw-gaap-ci:AccumulatedImpairmentFixedAssets>
<tw-gaap-ci:AccumulatedImpairmentFixedAssets contextRef="AsOf20090930" decimals="-3" unitRef="TWD">3781874000</tw-gaap-ci:AccumulatedImpairmentFixedAssets>
<tw-gaap-ci:ConstructionProcessPrepaymentEquipments contextRef="AsOf20100930" decimals="-3" unitRef="TWD">73773000</tw-gaap-ci:ConstructionProcessPrepaymentEquipments>
<tw-gaap-ci:ConstructionProcessPrepaymentEquipments contextRef="AsOf20090930" decimals="-3" unitRef="TWD">37114000</tw-gaap-ci:ConstructionProcessPrepaymentEquipments>
<tw-gaap-ci:IntangibleAssets contextRef="AsOf20100930" decimals="-3" unitRef="TWD">226221000</tw-gaap-ci:IntangibleAssets>
<tw-gaap-ci:IntangibleAssets contextRef="AsOf20090930" decimals="-3" unitRef="TWD">306807000</tw-gaap-ci:IntangibleAssets>
<tw-gaap-ci:OtherAssets contextRef="AsOf20100930" decimals="-3" unitRef="TWD">341514000</tw-gaap-ci:OtherAssets>
<tw-gaap-ci:OtherAssets contextRef="AsOf20090930" decimals="-3" unitRef="TWD">701142000</tw-gaap-ci:OtherAssets>
<tw-gaap-ci:DeferredIncomeTaxAssetsNonCurrent contextRef="AsOf20100930" decimals="-3" unitRef="TWD">313569000</tw-gaap-ci:DeferredIncomeTaxAssetsNonCurrent>
<tw-gaap-ci:DeferredIncomeTaxAssetsNonCurrent contextRef="AsOf20090930" decimals="-3" unitRef="TWD">653157000</tw-gaap-ci:DeferredIncomeTaxAssetsNonCurrent>
<tw-gaap-ci:OtherAssetsOther contextRef="AsOf20100930" decimals="-3" unitRef="TWD">27945000</tw-gaap-ci:OtherAssetsOther>
<tw-gaap-ci:OtherAssetsOther contextRef="AsOf20090930" decimals="-3" unitRef="TWD">47985000</tw-gaap-ci:OtherAssetsOther>
<tw-gaap-ci:Liabilities contextRef="AsOf20100930" decimals="-3" unitRef="TWD">6530415000</tw-gaap-ci:Liabilities>
<tw-gaap-ci:Liabilities contextRef="AsOf20090930" decimals="-3" unitRef="TWD">7694000000</tw-gaap-ci:Liabilities>
<tw-gaap-ci:CurrentLiabilities contextRef="AsOf20100930" decimals="-3" unitRef="TWD">3671233000</tw-gaap-ci:CurrentLiabilities>
<tw-gaap-ci:CurrentLiabilities contextRef="AsOf20090930" decimals="-3" unitRef="TWD">4019682000</tw-gaap-ci:CurrentLiabilities>
<tw-gaap-ci:ShortTermBorrowings contextRef="AsOf20090930" decimals="-3" unitRef="TWD">971650000</tw-gaap-ci:ShortTermBorrowings>
<tw-gaap-ci:AccountsPayable contextRef="AsOf20100930" decimals="-3" unitRef="TWD">1376010000</tw-gaap-ci:AccountsPayable>
<tw-gaap-ci:AccountsPayable contextRef="AsOf20090930" decimals="-3" unitRef="TWD">1408966000</tw-gaap-ci:AccountsPayable>
<tw-gaap-ci:AccountsPayableRelatedParties contextRef="AsOf20100930" decimals="-3" unitRef="TWD">746891000</tw-gaap-ci:AccountsPayableRelatedParties>
<tw-gaap-ci:AccountsPayableRelatedParties contextRef="AsOf20090930" decimals="-3" unitRef="TWD">854619000</tw-gaap-ci:AccountsPayableRelatedParties>
<tw-gaap-ci:IncomeTaxPayable contextRef="AsOf20100930" decimals="-3" unitRef="TWD">64246000</tw-gaap-ci:IncomeTaxPayable>
<tw-gaap-ci:IncomeTaxPayable contextRef="AsOf20090930" decimals="-3" unitRef="TWD">12509000</tw-gaap-ci:IncomeTaxPayable>
<tw-gaap-ci:AccruedExpenses contextRef="AsOf20100930" decimals="-3" unitRef="TWD">1283788000</tw-gaap-ci:AccruedExpenses>
<tw-gaap-ci:AccruedExpenses contextRef="AsOf20090930" decimals="-3" unitRef="TWD">607836000</tw-gaap-ci:AccruedExpenses>
<tw-gaap-ci:FinancialLiabilitiesMeasuredFairValueProfitLossCurrent contextRef="AsOf20100930" decimals="-3" unitRef="TWD">116874000</tw-gaap-ci:FinancialLiabilitiesMeasuredFairValueProfitLossCurrent>
<tw-gaap-ci:FinancialLiabilitiesMeasuredFairValueProfitLossCurrent contextRef="AsOf20090930" decimals="-3" unitRef="TWD">104136000</tw-gaap-ci:FinancialLiabilitiesMeasuredFairValueProfitLossCurrent>
<tw-gaap-ci:LongtermLiabilitiesCurrentPortion contextRef="AsOf20100930" decimals="-3" unitRef="TWD">11218000</tw-gaap-ci:LongtermLiabilitiesCurrentPortion>
<tw-gaap-ci:LongtermLiabilitiesCurrentPortion contextRef="AsOf20090930" decimals="-3" unitRef="TWD">9712000</tw-gaap-ci:LongtermLiabilitiesCurrentPortion>
<tw-gaap-ci:OtherCurrentLiabilities contextRef="AsOf20100930" decimals="-3" unitRef="TWD">72206000</tw-gaap-ci:OtherCurrentLiabilities>
<tw-gaap-ci:OtherCurrentLiabilities contextRef="AsOf20090930" decimals="-3" unitRef="TWD">50254000</tw-gaap-ci:OtherCurrentLiabilities>
<tw-gaap-ci:OtherCurrentLiabilitiesOther contextRef="AsOf20100930" decimals="-3" unitRef="TWD">72206000</tw-gaap-ci:OtherCurrentLiabilitiesOther>
<tw-gaap-ci:OtherCurrentLiabilitiesOther contextRef="AsOf20090930" decimals="-3" unitRef="TWD">50254000</tw-gaap-ci:OtherCurrentLiabilitiesOther>
<tw-gaap-ci:LongTermLiabilities contextRef="AsOf20100930" decimals="-3" unitRef="TWD">890917000</tw-gaap-ci:LongTermLiabilities>
<tw-gaap-ci:LongTermLiabilities contextRef="AsOf20090930" decimals="-3" unitRef="TWD">1738896000</tw-gaap-ci:LongTermLiabilities>
<tw-gaap-ci:LongtermBorrowings contextRef="AsOf20100930" decimals="-3" unitRef="TWD">890917000</tw-gaap-ci:LongtermBorrowings>
<tw-gaap-ci:LongtermBorrowings contextRef="AsOf20090930" decimals="-3" unitRef="TWD">1727022000</tw-gaap-ci:LongtermBorrowings>
<tw-gaap-ci:HedgingDerivativeLiabilitiesNonCurrent contextRef="AsOf20090930" decimals="-3" unitRef="TWD">11874000</tw-gaap-ci:HedgingDerivativeLiabilitiesNonCurrent>
<tw-gaap-ci:OtherLiabilities contextRef="AsOf20100930" decimals="-3" unitRef="TWD">1968265000</tw-gaap-ci:OtherLiabilities>
<tw-gaap-ci:OtherLiabilities contextRef="AsOf20090930" decimals="-3" unitRef="TWD">1935422000</tw-gaap-ci:OtherLiabilities>
<tw-gaap-ci:PensionReserve contextRef="AsOf20100930" decimals="-3" unitRef="TWD">1619516000</tw-gaap-ci:PensionReserve>
<tw-gaap-ci:PensionReserve contextRef="AsOf20090930" decimals="-3" unitRef="TWD">1568006000</tw-gaap-ci:PensionReserve>
<tw-gaap-ci:GuaranteeDepositsReceived contextRef="AsOf20100930" decimals="-3" unitRef="TWD">5873000</tw-gaap-ci:GuaranteeDepositsReceived>
<tw-gaap-ci:GuaranteeDepositsReceived contextRef="AsOf20090930" decimals="-3" unitRef="TWD">5773000</tw-gaap-ci:GuaranteeDepositsReceived>
<tw-gaap-ci:OtherLiabilitiesOther contextRef="AsOf20100930" decimals="-3" unitRef="TWD">342876000</tw-gaap-ci:OtherLiabilitiesOther>
<tw-gaap-ci:OtherLiabilitiesOther contextRef="AsOf20090930" decimals="-3" unitRef="TWD">361643000</tw-gaap-ci:OtherLiabilitiesOther>
<tw-gaap-ci:DeferredCreditsGainsonInterAffiliateAccounts contextRef="AsOf20100930" decimals="-3" unitRef="TWD">342876000</tw-gaap-ci:DeferredCreditsGainsonInterAffiliateAccounts>
<tw-gaap-ci:DeferredCreditsGainsonInterAffiliateAccounts contextRef="AsOf20090930" decimals="-3" unitRef="TWD">361643000</tw-gaap-ci:DeferredCreditsGainsonInterAffiliateAccounts>
<tw-gaap-ci:StockholdersEquities contextRef="AsOf20100930" decimals="-3" unitRef="TWD">41118722000</tw-gaap-ci:StockholdersEquities>
<tw-gaap-ci:StockholdersEquities contextRef="AsOf20090930" decimals="-3" unitRef="TWD">39274890000</tw-gaap-ci:StockholdersEquities>
<tw-gaap-ci:Capital contextRef="AsOf20100930" decimals="-3" unitRef="TWD">13913008000</tw-gaap-ci:Capital>
<tw-gaap-ci:Capital contextRef="AsOf20090930" decimals="-3" unitRef="TWD">13913008000</tw-gaap-ci:Capital>
<tw-gaap-ci:CommonStock contextRef="AsOf20100930" decimals="-3" unitRef="TWD">13913008000</tw-gaap-ci:CommonStock>
<tw-gaap-ci:CommonStock contextRef="AsOf20090930" decimals="-3" unitRef="TWD">13913008000</tw-gaap-ci:CommonStock>
<tw-gaap-ci:CapitalSurplus contextRef="AsOf20100930" decimals="-3" unitRef="TWD">8139529000</tw-gaap-ci:CapitalSurplus>
<tw-gaap-ci:CapitalSurplus contextRef="AsOf20090930" decimals="-3" unitRef="TWD">8142233000</tw-gaap-ci:CapitalSurplus>
<tw-gaap-ci:CapitalSurplusAdditionalPaidCapital contextRef="AsOf20100930" decimals="-3" unitRef="TWD">6402205000</tw-gaap-ci:CapitalSurplusAdditionalPaidCapital>
<tw-gaap-ci:CapitalSurplusAdditionalPaidCapital contextRef="AsOf20090930" decimals="-3" unitRef="TWD">6402205000</tw-gaap-ci:CapitalSurplusAdditionalPaidCapital>
<tw-gaap-ci:CapitalSurplusLongTermEquityInvestments contextRef="AsOf20100930" decimals="-3" unitRef="TWD">1732658000</tw-gaap-ci:CapitalSurplusLongTermEquityInvestments>
<tw-gaap-ci:CapitalSurplusLongTermEquityInvestments contextRef="AsOf20090930" decimals="-3" unitRef="TWD">1735362000</tw-gaap-ci:CapitalSurplusLongTermEquityInvestments>
<tw-gaap-ci:CapitalSurplusOther contextRef="AsOf20100930" decimals="-3" unitRef="TWD">4666000</tw-gaap-ci:CapitalSurplusOther>
<tw-gaap-ci:CapitalSurplusOther contextRef="AsOf20090930" decimals="-3" unitRef="TWD">4666000</tw-gaap-ci:CapitalSurplusOther>
<tw-gaap-ci:RetainedEarnings contextRef="AsOf20100930" decimals="-3" unitRef="TWD">18329825000</tw-gaap-ci:RetainedEarnings>
<tw-gaap-ci:RetainedEarnings contextRef="AsOf20090930" decimals="-3" unitRef="TWD">16483630000</tw-gaap-ci:RetainedEarnings>
<tw-gaap-ci:LegalReserve contextRef="AsOf20100930" decimals="-3" unitRef="TWD">6534001000</tw-gaap-ci:LegalReserve>
<tw-gaap-ci:LegalReserve contextRef="AsOf20090930" decimals="-3" unitRef="TWD">6448023000</tw-gaap-ci:LegalReserve>
<tw-gaap-ci:UnappropriatedRetainedEarnings contextRef="AsOf20100930" decimals="-3" unitRef="TWD">11795824000</tw-gaap-ci:UnappropriatedRetainedEarnings>
<tw-gaap-ci:UnappropriatedRetainedEarnings contextRef="AsOf20090930" decimals="-3" unitRef="TWD">10035607000</tw-gaap-ci:UnappropriatedRetainedEarnings>
<tw-gaap-ci:StockholdersEquitiesAdjustments contextRef="AsOf20100930" decimals="-3" unitRef="TWD">736360000</tw-gaap-ci:StockholdersEquitiesAdjustments>
<tw-gaap-ci:StockholdersEquitiesAdjustments contextRef="AsOf20090930" decimals="-3" unitRef="TWD">736019000</tw-gaap-ci:StockholdersEquitiesAdjustments>
<tw-gaap-ci:CumulativeTranslationAdjustments contextRef="AsOf20100930" decimals="-3" unitRef="TWD">389520000</tw-gaap-ci:CumulativeTranslationAdjustments>
<tw-gaap-ci:CumulativeTranslationAdjustments contextRef="AsOf20090930" decimals="-3" unitRef="TWD">504883000</tw-gaap-ci:CumulativeTranslationAdjustments>
<tw-gaap-ci:NetLossNotRecognizedPensionCost contextRef="AsOf20100930" decimals="-3" unitRef="TWD">63486000</tw-gaap-ci:NetLossNotRecognizedPensionCost>
<tw-gaap-ci:NetLossNotRecognizedPensionCost contextRef="AsOf20090930" decimals="-3" unitRef="TWD">80256000</tw-gaap-ci:NetLossNotRecognizedPensionCost>
<tw-gaap-ci:UnrealizedGainsLossesFinancialInstruments contextRef="AsOf20100930" decimals="-3" unitRef="TWD">-66167000</tw-gaap-ci:UnrealizedGainsLossesFinancialInstruments>
<tw-gaap-ci:UnrealizedGainsLossesFinancialInstruments contextRef="AsOf20090930" decimals="-3" unitRef="TWD">-195818000</tw-gaap-ci:UnrealizedGainsLossesFinancialInstruments>
<tw-gaap-ci:UnrealizedRevaluationIncrement contextRef="AsOf20100930" decimals="-3" unitRef="TWD">693328000</tw-gaap-ci:UnrealizedRevaluationIncrement>
<tw-gaap-ci:UnrealizedRevaluationIncrement contextRef="AsOf20090930" decimals="-3" unitRef="TWD">724045000</tw-gaap-ci:UnrealizedRevaluationIncrement>
<tw-gaap-ci:TreasuryStock contextRef="AsOf20100930" decimals="-3" unitRef="TWD">216835000</tw-gaap-ci:TreasuryStock>
<tw-gaap-ci:TreasuryStock contextRef="AsOf20090930" decimals="-3" unitRef="TWD">216835000</tw-gaap-ci:TreasuryStock>
<tw-gaap-ci:EquivalentSharesOutstandingAdvanceReceiptsCommonStock contextRef="AsOf20100930" decimals="0" unitRef="Shares">0</tw-gaap-ci:EquivalentSharesOutstandingAdvanceReceiptsCommonStock>
<tw-gaap-ci:EquivalentSharesOutstandingAdvanceReceiptsCommonStock contextRef="AsOf20090930" decimals="0" unitRef="Shares">0</tw-gaap-ci:EquivalentSharesOutstandingAdvanceReceiptsCommonStock>
<tw-gaap-ci:NumberTreasuryStockAcquiredCompanySubsidiaries contextRef="AsOf20100930" decimals="0" unitRef="Shares">7250000</tw-gaap-ci:NumberTreasuryStockAcquiredCompanySubsidiaries>
<tw-gaap-ci:NumberTreasuryStockAcquiredCompanySubsidiaries contextRef="AsOf20090930" decimals="0" unitRef="Shares">7250000</tw-gaap-ci:NumberTreasuryStockAcquiredCompanySubsidiaries>
<tw-gaap-ci:NetIncomeLoss contextRef="From20100101To20100930" decimals="-3" unitRef="TWD">1655441000</tw-gaap-ci:NetIncomeLoss>
<tw-gaap-ci:NetIncomeLoss contextRef="From20090101To20090930" decimals="-3" unitRef="TWD">251576000</tw-gaap-ci:NetIncomeLoss>
<tw-gaap-ci:IncomeContinuingOperations contextRef="From20100101To20100930" decimals="-3" unitRef="TWD">1655441000</tw-gaap-ci:IncomeContinuingOperations>
<tw-gaap-ci:IncomeContinuingOperations contextRef="From20090101To20090930" decimals="-3" unitRef="TWD">251576000</tw-gaap-ci:IncomeContinuingOperations>
<tw-gaap-ci:IncomeContinuingOperationsBeforeIncomeTax contextRef="From20100101To20100930" decimals="-3" unitRef="TWD">1928441000</tw-gaap-ci:IncomeContinuingOperationsBeforeIncomeTax>
<tw-gaap-ci:IncomeContinuingOperationsBeforeIncomeTax contextRef="From20090101To20090930" decimals="-3" unitRef="TWD">510576000</tw-gaap-ci:IncomeContinuingOperationsBeforeIncomeTax>
<tw-gaap-ci:OperatingIncomeLoss contextRef="From20100101To20100930" decimals="-3" unitRef="TWD">1280213000</tw-gaap-ci:OperatingIncomeLoss>
<tw-gaap-ci:OperatingIncomeLoss contextRef="From20090101To20090930" decimals="-3" unitRef="TWD">177393000</tw-gaap-ci:OperatingIncomeLoss>
<tw-gaap-ci:GrossProfitLossOperations contextRef="From20100101To20100930" decimals="-3" unitRef="TWD">2568771000</tw-gaap-ci:GrossProfitLossOperations>
<tw-gaap-ci:GrossProfitLossOperations contextRef="From20090101To20090930" decimals="-3" unitRef="TWD">1245506000</tw-gaap-ci:GrossProfitLossOperations>
<tw-gaap-ci:OperatingRevenue contextRef="From20100101To20100930" decimals="-3" unitRef="TWD">23757541000</tw-gaap-ci:OperatingRevenue>
<tw-gaap-ci:OperatingRevenue contextRef="From20090101To20090930" decimals="-3" unitRef="TWD">19188322000</tw-gaap-ci:OperatingRevenue>
<tw-gaap-ci:NetSales contextRef="From20100101To20100930" decimals="-3" unitRef="TWD">23282504000</tw-gaap-ci:NetSales>
<tw-gaap-ci:NetSales contextRef="From20090101To20090930" decimals="-3" unitRef="TWD">18852427000</tw-gaap-ci:NetSales>
<tw-gaap-ci:Sales contextRef="From20100101To20100930" decimals="-3" unitRef="TWD">23359890000</tw-gaap-ci:Sales>
<tw-gaap-ci:Sales contextRef="From20090101To20090930" decimals="-3" unitRef="TWD">18929575000</tw-gaap-ci:Sales>
<tw-gaap-ci:SalesReturns contextRef="From20100101To20100930" decimals="-3" unitRef="TWD">77386000</tw-gaap-ci:SalesReturns>
<tw-gaap-ci:SalesReturns contextRef="From20090101To20090930" decimals="-3" unitRef="TWD">77148000</tw-gaap-ci:SalesReturns>
<tw-gaap-ci:OtherOperatingRevenue contextRef="From20100101To20100930" decimals="-3" unitRef="TWD">475037000</tw-gaap-ci:OtherOperatingRevenue>
<tw-gaap-ci:OtherOperatingRevenue contextRef="From20090101To20090930" decimals="-3" unitRef="TWD">335895000</tw-gaap-ci:OtherOperatingRevenue>
<tw-gaap-ci:OperatingCosts contextRef="From20100101To20100930" decimals="-3" unitRef="TWD">21188770000</tw-gaap-ci:OperatingCosts>
<tw-gaap-ci:OperatingCosts contextRef="From20090101To20090930" decimals="-3" unitRef="TWD">17942816000</tw-gaap-ci:OperatingCosts>
<tw-gaap-ci:CostSales contextRef="From20100101To20100930" decimals="-3" unitRef="TWD">21140396000</tw-gaap-ci:CostSales>
<tw-gaap-ci:CostSales contextRef="From20090101To20090930" decimals="-3" unitRef="TWD">17903428000</tw-gaap-ci:CostSales>
<tw-gaap-ci:OtherOperatingCosts contextRef="From20100101To20100930" decimals="-3" unitRef="TWD">48374000</tw-gaap-ci:OtherOperatingCosts>
<tw-gaap-ci:OtherOperatingCosts contextRef="From20090101To20090930" decimals="-3" unitRef="TWD">39388000</tw-gaap-ci:OtherOperatingCosts>
<tw-gaap-ci:UnrealizedGainInterAffiliateAccounts contextRef="From20100101To20100930" decimals="-3" unitRef="TWD">-6476000</tw-gaap-ci:UnrealizedGainInterAffiliateAccounts>
<tw-gaap-ci:UnrealizedGainInterAffiliateAccounts contextRef="From20090101To20090930" decimals="-3" unitRef="TWD">203000</tw-gaap-ci:UnrealizedGainInterAffiliateAccounts>
<tw-gaap-ci:OperatingExpenses contextRef="From20100101To20100930" decimals="-3" unitRef="TWD">1295034000</tw-gaap-ci:OperatingExpenses>
<tw-gaap-ci:OperatingExpenses contextRef="From20090101To20090930" decimals="-3" unitRef="TWD">1067910000</tw-gaap-ci:OperatingExpenses>
<tw-gaap-ci:Sellingexpense contextRef="From20100101To20100930" decimals="-3" unitRef="TWD">182839000</tw-gaap-ci:Sellingexpense>
<tw-gaap-ci:Sellingexpense contextRef="From20090101To20090930" decimals="-3" unitRef="TWD">154260000</tw-gaap-ci:Sellingexpense>
<tw-gaap-ci:GeneralAdministrativeExpenses contextRef="From20100101To20100930" decimals="-3" unitRef="TWD">343509000</tw-gaap-ci:GeneralAdministrativeExpenses>
<tw-gaap-ci:GeneralAdministrativeExpenses contextRef="From20090101To20090930" decimals="-3" unitRef="TWD">278961000</tw-gaap-ci:GeneralAdministrativeExpenses>
<tw-gaap-ci:ResearchDevelopmentExpenses contextRef="From20100101To20100930" decimals="-3" unitRef="TWD">768686000</tw-gaap-ci:ResearchDevelopmentExpenses>
<tw-gaap-ci:ResearchDevelopmentExpenses contextRef="From20090101To20090930" decimals="-3" unitRef="TWD">634689000</tw-gaap-ci:ResearchDevelopmentExpenses>
<tw-gaap-ci:NonOperatingIncomeGains contextRef="From20100101To20100930" decimals="-3" unitRef="TWD">744417000</tw-gaap-ci:NonOperatingIncomeGains>
<tw-gaap-ci:NonOperatingIncomeGains contextRef="From20090101To20090930" decimals="-3" unitRef="TWD">574263000</tw-gaap-ci:NonOperatingIncomeGains>
<tw-gaap-ci:InterestIncome contextRef="From20100101To20100930" decimals="-3" unitRef="TWD">25758000</tw-gaap-ci:InterestIncome>
<tw-gaap-ci:InterestIncome contextRef="From20090101To20090930" decimals="-3" unitRef="TWD">19695000</tw-gaap-ci:InterestIncome>
<tw-gaap-ci:InvestmentGains contextRef="From20100101To20100930" decimals="-3" unitRef="TWD">334467000</tw-gaap-ci:InvestmentGains>
<tw-gaap-ci:InvestmentGains contextRef="From20090101To20090930" decimals="-3" unitRef="TWD">16431000</tw-gaap-ci:InvestmentGains>
<tw-gaap-ci:InvestmentGainsRecognizedEquityMethod contextRef="From20100101To20100930" decimals="-3" unitRef="TWD">334467000</tw-gaap-ci:InvestmentGainsRecognizedEquityMethod>
<tw-gaap-ci:InvestmentGainsRecognizedEquityMethod contextRef="From20090101To20090930" decimals="-3" unitRef="TWD">16431000</tw-gaap-ci:InvestmentGainsRecognizedEquityMethod>
<tw-gaap-ci:GainsSaleInvestments contextRef="From20100101To20100930" decimals="-3" unitRef="TWD">219417000</tw-gaap-ci:GainsSaleInvestments>
<tw-gaap-ci:ForeignExchangeGains contextRef="From20090101To20090930" decimals="-3" unitRef="TWD">143178000</tw-gaap-ci:ForeignExchangeGains>
<tw-gaap-ci:RevaluationGainFinancialAssets contextRef="From20090101To20090930" decimals="-3" unitRef="TWD">332425000</tw-gaap-ci:RevaluationGainFinancialAssets>
<tw-gaap-ci:RevaluationGainFinancialLiabilities contextRef="From20100101To20100930" decimals="-3" unitRef="TWD">23289000</tw-gaap-ci:RevaluationGainFinancialLiabilities>
<tw-gaap-ci:MiscellaneousIncome contextRef="From20100101To20100930" decimals="-3" unitRef="TWD">141486000</tw-gaap-ci:MiscellaneousIncome>
<tw-gaap-ci:MiscellaneousIncome contextRef="From20090101To20090930" decimals="-3" unitRef="TWD">62534000</tw-gaap-ci:MiscellaneousIncome>
<tw-gaap-ci:NonOperatingExpenses contextRef="From20100101To20100930" decimals="-3" unitRef="TWD">96189000</tw-gaap-ci:NonOperatingExpenses>
<tw-gaap-ci:NonOperatingExpenses contextRef="From20090101To20090930" decimals="-3" unitRef="TWD">241080000</tw-gaap-ci:NonOperatingExpenses>
<tw-gaap-ci:InterestExpense contextRef="From20100101To20100930" decimals="-3" unitRef="TWD">29577000</tw-gaap-ci:InterestExpense>
<tw-gaap-ci:InterestExpense contextRef="From20090101To20090930" decimals="-3" unitRef="TWD">40843000</tw-gaap-ci:InterestExpense>
<tw-gaap-ci:LossSaleInvestments contextRef="From20090101To20090930" decimals="-3" unitRef="TWD">81178000</tw-gaap-ci:LossSaleInvestments>
<tw-gaap-ci:ImpairmentLossAssets contextRef="From20100101To20100930" decimals="-3" unitRef="TWD">2422000</tw-gaap-ci:ImpairmentLossAssets>
<tw-gaap-ci:RevaluationLossFinancialAssets contextRef="From20100101To20100930" decimals="-3" unitRef="TWD">39953000</tw-gaap-ci:RevaluationLossFinancialAssets>
<tw-gaap-ci:RevaluationLossFinancialLiabilities contextRef="From20090101To20090930" decimals="-3" unitRef="TWD">96078000</tw-gaap-ci:RevaluationLossFinancialLiabilities>
<tw-gaap-ci:MiscellaneousDisbursements contextRef="From20100101To20100930" decimals="-3" unitRef="TWD">24237000</tw-gaap-ci:MiscellaneousDisbursements>
<tw-gaap-ci:MiscellaneousDisbursements contextRef="From20090101To20090930" decimals="-3" unitRef="TWD">22981000</tw-gaap-ci:MiscellaneousDisbursements>
<tw-gaap-ci:IncomeTaxExpenseBenefit contextRef="From20100101To20100930" decimals="-3" unitRef="TWD">273000000</tw-gaap-ci:IncomeTaxExpenseBenefit>
<tw-gaap-ci:IncomeTaxExpenseBenefit contextRef="From20090101To20090930" decimals="-3" unitRef="TWD">259000000</tw-gaap-ci:IncomeTaxExpenseBenefit>
<tw-gaap-ci:PrimaryEarningsPerShare contextRef="From20100101To20100930" decimals="2" unitRef="TWD">1.2</tw-gaap-ci:PrimaryEarningsPerShare>
<tw-gaap-ci:PrimaryEarningsPerShare contextRef="From20090101To20090930" decimals="2" unitRef="TWD">0.18</tw-gaap-ci:PrimaryEarningsPerShare>
<tw-gaap-ci:NetChangesCashCashEquivalents contextRef="From20100101To20100930" decimals="-3" unitRef="TWD">3069696000</tw-gaap-ci:NetChangesCashCashEquivalents>
<tw-gaap-ci:NetChangesCashCashEquivalents contextRef="From20090101To20090930" decimals="-3" unitRef="TWD">2077453000</tw-gaap-ci:NetChangesCashCashEquivalents>
<tw-gaap-ci:NetCashProvidedUsedOperatingActivities contextRef="From20100101To20100930" decimals="-3" unitRef="TWD">3133149000</tw-gaap-ci:NetCashProvidedUsedOperatingActivities>
<tw-gaap-ci:NetCashProvidedUsedOperatingActivities contextRef="From20090101To20090930" decimals="-3" unitRef="TWD">3275342000</tw-gaap-ci:NetCashProvidedUsedOperatingActivities>
<tw-gaap-ci:NetIncomeLoss_StatementCashFlows contextRef="From20100101To20100930" decimals="-3" unitRef="TWD">1655441000</tw-gaap-ci:NetIncomeLoss_StatementCashFlows>
<tw-gaap-ci:NetIncomeLoss_StatementCashFlows contextRef="From20090101To20090930" decimals="-3" unitRef="TWD">251576000</tw-gaap-ci:NetIncomeLoss_StatementCashFlows>
<tw-gaap-ci:AdjustmentsReconcileNetIncomeNetCashProvidedUsedOperatingActivities contextRef="From20100101To20100930" decimals="-3" unitRef="TWD">1187589000</tw-gaap-ci:AdjustmentsReconcileNetIncomeNetCashProvidedUsedOperatingActivities>
<tw-gaap-ci:AdjustmentsReconcileNetIncomeNetCashProvidedUsedOperatingActivities contextRef="From20090101To20090930" decimals="-3" unitRef="TWD">1556456000</tw-gaap-ci:AdjustmentsReconcileNetIncomeNetCashProvidedUsedOperatingActivities>
<tw-gaap-ci:DepreciationExpense-Operating contextRef="From20100101To20100930" decimals="-3" unitRef="TWD">690314000</tw-gaap-ci:DepreciationExpense-Operating>
<tw-gaap-ci:DepreciationExpense-Operating contextRef="From20090101To20090930" decimals="-3" unitRef="TWD">663284000</tw-gaap-ci:DepreciationExpense-Operating>
<tw-gaap-ci:AmortizationExpense-Operating contextRef="From20100101To20100930" decimals="-3" unitRef="TWD">76228000</tw-gaap-ci:AmortizationExpense-Operating>
<tw-gaap-ci:AmortizationExpense-Operating contextRef="From20090101To20090930" decimals="-3" unitRef="TWD">67337000</tw-gaap-ci:AmortizationExpense-Operating>
<tw-gaap-ci:ImpairmentLossesNonFinancialAssets contextRef="From20100101To20100930" decimals="-3" unitRef="TWD">2422000</tw-gaap-ci:ImpairmentLossesNonFinancialAssets>
<tw-gaap-ci:CashDividendsReceivedEquityMethodInvestees contextRef="From20100101To20100930" decimals="-3" unitRef="TWD">552181000</tw-gaap-ci:CashDividendsReceivedEquityMethodInvestees>
<tw-gaap-ci:CashDividendsReceivedEquityMethodInvestees contextRef="From20090101To20090930" decimals="-3" unitRef="TWD">813379000</tw-gaap-ci:CashDividendsReceivedEquityMethodInvestees>
<tw-gaap-ci:InvestmentLossIncomeRecognizedEquityMethod contextRef="From20100101To20100930" decimals="-3" unitRef="TWD">-334467000</tw-gaap-ci:InvestmentLossIncomeRecognizedEquityMethod>
<tw-gaap-ci:InvestmentLossIncomeRecognizedEquityMethod contextRef="From20090101To20090930" decimals="-3" unitRef="TWD">-16431000</tw-gaap-ci:InvestmentLossIncomeRecognizedEquityMethod>
<tw-gaap-ci:LossesGainsDisposalEquityInvestmentsEquityMethod contextRef="From20100101To20100930" decimals="-3" unitRef="TWD">-21662000</tw-gaap-ci:LossesGainsDisposalEquityInvestmentsEquityMethod>
<tw-gaap-ci:LossesGainsDisposalEquityInvestmentsEquityMethod contextRef="From20090101To20090930" decimals="-3" unitRef="TWD">2000</tw-gaap-ci:LossesGainsDisposalEquityInvestmentsEquityMethod>
<tw-gaap-ci:GainLossDisposalScrappingFixedAssets contextRef="From20100101To20100930" decimals="-3" unitRef="TWD">376000</tw-gaap-ci:GainLossDisposalScrappingFixedAssets>
<tw-gaap-ci:GainLossDisposalScrappingFixedAssets contextRef="From20090101To20090930" decimals="-3" unitRef="TWD">9562000</tw-gaap-ci:GainLossDisposalScrappingFixedAssets>
<tw-gaap-ci:GainsLossesSaleInvestments contextRef="From20100101To20100930" decimals="-3" unitRef="TWD">-4298000</tw-gaap-ci:GainsLossesSaleInvestments>
<tw-gaap-ci:UnrealizedRevaluationGainFinancialAssetsLiabilities contextRef="From20100101To20100930" decimals="-3" unitRef="TWD">16664000</tw-gaap-ci:UnrealizedRevaluationGainFinancialAssetsLiabilities>
<tw-gaap-ci:UnrealizedRevaluationGainFinancialAssetsLiabilities contextRef="From20090101To20090930" decimals="-3" unitRef="TWD">-236347000</tw-gaap-ci:UnrealizedRevaluationGainFinancialAssetsLiabilities>
<tw-gaap-ci:LossGainDeferredIncomeTax contextRef="From20100101To20100930" decimals="-3" unitRef="TWD">209831000</tw-gaap-ci:LossGainDeferredIncomeTax>
<tw-gaap-ci:LossGainDeferredIncomeTax contextRef="From20090101To20090930" decimals="-3" unitRef="TWD">255670000</tw-gaap-ci:LossGainDeferredIncomeTax>
<tw-gaap-ci:ChangesOperatingAssetsLiabilities contextRef="From20100101To20100930" decimals="-3" unitRef="TWD">290119000</tw-gaap-ci:ChangesOperatingAssetsLiabilities>
<tw-gaap-ci:ChangesOperatingAssetsLiabilities contextRef="From20090101To20090930" decimals="-3" unitRef="TWD">1467310000</tw-gaap-ci:ChangesOperatingAssetsLiabilities>
<tw-gaap-ci:ChangesOperatingAssets contextRef="From20100101To20100930" decimals="-3" unitRef="TWD">1512016000</tw-gaap-ci:ChangesOperatingAssets>
<tw-gaap-ci:ChangesOperatingAssets contextRef="From20090101To20090930" decimals="-3" unitRef="TWD">1109489000</tw-gaap-ci:ChangesOperatingAssets>
<tw-gaap-ci:ChangesFinancialAssetsHeldTrading contextRef="From20090101To20090930" decimals="-3" unitRef="TWD">-6593000</tw-gaap-ci:ChangesFinancialAssetsHeldTrading>
<tw-gaap-ci:ChangesNotesReceivable contextRef="From20100101To20100930" decimals="-3" unitRef="TWD">86828000</tw-gaap-ci:ChangesNotesReceivable>
<tw-gaap-ci:ChangesNotesReceivable contextRef="From20090101To20090930" decimals="-3" unitRef="TWD">-138080000</tw-gaap-ci:ChangesNotesReceivable>
<tw-gaap-ci:ChangesAccountsReceivable contextRef="From20100101To20100930" decimals="-3" unitRef="TWD">-203049000</tw-gaap-ci:ChangesAccountsReceivable>
<tw-gaap-ci:ChangesAccountsReceivable contextRef="From20090101To20090930" decimals="-3" unitRef="TWD">-82711000</tw-gaap-ci:ChangesAccountsReceivable>
<tw-gaap-ci:ChangesAccountsReceivableRelatedParties contextRef="From20100101To20100930" decimals="-3" unitRef="TWD">836207000</tw-gaap-ci:ChangesAccountsReceivableRelatedParties>
<tw-gaap-ci:ChangesAccountsReceivableRelatedParties contextRef="From20090101To20090930" decimals="-3" unitRef="TWD">-570866000</tw-gaap-ci:ChangesAccountsReceivableRelatedParties>
<tw-gaap-ci:ChangesOtherFinancialAssets_CI contextRef="From20100101To20100930" decimals="-3" unitRef="TWD">77510000</tw-gaap-ci:ChangesOtherFinancialAssets_CI>
<tw-gaap-ci:ChangesOtherFinancialAssets_CI contextRef="From20090101To20090930" decimals="-3" unitRef="TWD">-8320000</tw-gaap-ci:ChangesOtherFinancialAssets_CI>
<tw-gaap-ci:ChangesInventories contextRef="From20100101To20100930" decimals="-3" unitRef="TWD">717489000</tw-gaap-ci:ChangesInventories>
<tw-gaap-ci:ChangesInventories contextRef="From20090101To20090930" decimals="-3" unitRef="TWD">1933215000</tw-gaap-ci:ChangesInventories>
<tw-gaap-ci:ChangesOtherPrepayments contextRef="From20100101To20100930" decimals="-3" unitRef="TWD">-21005000</tw-gaap-ci:ChangesOtherPrepayments>
<tw-gaap-ci:ChangesOtherPrepayments contextRef="From20090101To20090930" decimals="-3" unitRef="TWD">-21635000</tw-gaap-ci:ChangesOtherPrepayments>
<tw-gaap-ci:ChangesOtherCurrentAssets_CI contextRef="From20100101To20100930" decimals="-3" unitRef="TWD">18036000</tw-gaap-ci:ChangesOtherCurrentAssets_CI>
<tw-gaap-ci:ChangesOtherCurrentAssets_CI contextRef="From20090101To20090930" decimals="-3" unitRef="TWD">4479000</tw-gaap-ci:ChangesOtherCurrentAssets_CI>
<tw-gaap-ci:ChangesOperatingLiabilities contextRef="From20100101To20100930" decimals="-3" unitRef="TWD">-1221897000</tw-gaap-ci:ChangesOperatingLiabilities>
<tw-gaap-ci:ChangesOperatingLiabilities contextRef="From20090101To20090930" decimals="-3" unitRef="TWD">357821000</tw-gaap-ci:ChangesOperatingLiabilities>
<tw-gaap-ci:ChangesAccountsPayable contextRef="From20100101To20100930" decimals="-3" unitRef="TWD">-761956000</tw-gaap-ci:ChangesAccountsPayable>
<tw-gaap-ci:ChangesAccountsPayable contextRef="From20090101To20090930" decimals="-3" unitRef="TWD">475381000</tw-gaap-ci:ChangesAccountsPayable>
<tw-gaap-ci:ChangesAccountsPayableRelatedParties contextRef="From20100101To20100930" decimals="-3" unitRef="TWD">-481982000</tw-gaap-ci:ChangesAccountsPayableRelatedParties>
<tw-gaap-ci:ChangesAccountsPayableRelatedParties contextRef="From20090101To20090930" decimals="-3" unitRef="TWD">58179000</tw-gaap-ci:ChangesAccountsPayableRelatedParties>
<tw-gaap-ci:ChangesIncomeTaxPayable contextRef="From20100101To20100930" decimals="-3" unitRef="TWD">61367000</tw-gaap-ci:ChangesIncomeTaxPayable>
<tw-gaap-ci:ChangesIncomeTaxPayable contextRef="From20090101To20090930" decimals="-3" unitRef="TWD">3973000</tw-gaap-ci:ChangesIncomeTaxPayable>
<tw-gaap-ci:ChangesAccruedExpenses contextRef="From20100101To20100930" decimals="-3" unitRef="TWD">-67874000</tw-gaap-ci:ChangesAccruedExpenses>
<tw-gaap-ci:ChangesAccruedExpenses contextRef="From20090101To20090930" decimals="-3" unitRef="TWD">57097000</tw-gaap-ci:ChangesAccruedExpenses>
<tw-gaap-ci:ChangesOtherCurrentLiabilities_CI contextRef="From20100101To20100930" decimals="-3" unitRef="TWD">-1144000</tw-gaap-ci:ChangesOtherCurrentLiabilities_CI>
<tw-gaap-ci:ChangesOtherCurrentLiabilities_CI contextRef="From20090101To20090930" decimals="-3" unitRef="TWD">-19539000</tw-gaap-ci:ChangesOtherCurrentLiabilities_CI>
<tw-gaap-ci:ChangesAccruedPensionLiabilities contextRef="From20100101To20100930" decimals="-3" unitRef="TWD">36168000</tw-gaap-ci:ChangesAccruedPensionLiabilities>
<tw-gaap-ci:ChangesAccruedPensionLiabilities contextRef="From20090101To20090930" decimals="-3" unitRef="TWD">-217473000</tw-gaap-ci:ChangesAccruedPensionLiabilities>
<tw-gaap-ci:ChangesDeferredCredits contextRef="From20100101To20100930" decimals="-3" unitRef="TWD">-6476000</tw-gaap-ci:ChangesDeferredCredits>
<tw-gaap-ci:ChangesDeferredCredits contextRef="From20090101To20090930" decimals="-3" unitRef="TWD">203000</tw-gaap-ci:ChangesDeferredCredits>
<tw-gaap-ci:NetCashProvidedUsedInvestingActivities contextRef="From20100101To20100930" decimals="-3" unitRef="TWD">2150037000</tw-gaap-ci:NetCashProvidedUsedInvestingActivities>
<tw-gaap-ci:NetCashProvidedUsedInvestingActivities contextRef="From20090101To20090930" decimals="-3" unitRef="TWD">-167965000</tw-gaap-ci:NetCashProvidedUsedInvestingActivities>
<tw-gaap-ci:ProceedsDisposalFinancialAssetsDesignatedFairValueProfitLoss contextRef="From20100101To20100930" decimals="-3" unitRef="TWD">378076000</tw-gaap-ci:ProceedsDisposalFinancialAssetsDesignatedFairValueProfitLoss>
<tw-gaap-ci:ProceedsDisposalFinancialAssetsDesignatedFairValueProfitLoss contextRef="From20090101To20090930" decimals="-3" unitRef="TWD">339065000</tw-gaap-ci:ProceedsDisposalFinancialAssetsDesignatedFairValueProfitLoss>
<tw-gaap-ci:ProceedsDisposalAvailableSaleFinancialAssets contextRef="From20100101To20100930" decimals="-3" unitRef="TWD">2067798000</tw-gaap-ci:ProceedsDisposalAvailableSaleFinancialAssets>
<tw-gaap-ci:ProceedsDisposalAvailableSaleFinancialAssets contextRef="From20090101To20090930" decimals="-3" unitRef="TWD">-1096405000</tw-gaap-ci:ProceedsDisposalAvailableSaleFinancialAssets>
<tw-gaap-ci:AcquisitionInvestmentsAccountedEquityMethod contextRef="From20100101To20100930" decimals="-3" unitRef="TWD">-363126000</tw-gaap-ci:AcquisitionInvestmentsAccountedEquityMethod>
<tw-gaap-ci:AcquisitionInvestmentsAccountedEquityMethod contextRef="From20090101To20090930" decimals="-3" unitRef="TWD">-157000000</tw-gaap-ci:AcquisitionInvestmentsAccountedEquityMethod>
<tw-gaap-ci:ProceedsDisposalInvestmentsAccountedEquityMethod contextRef="From20100101To20100930" decimals="-3" unitRef="TWD">44220000</tw-gaap-ci:ProceedsDisposalInvestmentsAccountedEquityMethod>
<tw-gaap-ci:ProceedsDisposalInvestmentsAccountedEquityMethod contextRef="From20090101To20090930" decimals="-3" unitRef="TWD">23000</tw-gaap-ci:ProceedsDisposalInvestmentsAccountedEquityMethod>
<tw-gaap-ci:FinancialAssetsCarriedCostCapitalReduction contextRef="From20100101To20100930" decimals="-3" unitRef="TWD">48000000</tw-gaap-ci:FinancialAssetsCarriedCostCapitalReduction>
<tw-gaap-ci:FinancialAssetsCarriedCostCapitalReduction contextRef="From20090101To20090930" decimals="-3" unitRef="TWD">810025000</tw-gaap-ci:FinancialAssetsCarriedCostCapitalReduction>
<tw-gaap-ci:ReductionReturnStockValueInvestments contextRef="From20100101To20100930" decimals="-3" unitRef="TWD">42500000</tw-gaap-ci:ReductionReturnStockValueInvestments>
<tw-gaap-ci:AcquisitionDebtInvestmentsNoActiveMarket contextRef="From20090101To20090930" decimals="-3" unitRef="TWD">-59131000</tw-gaap-ci:AcquisitionDebtInvestmentsNoActiveMarket>
<tw-gaap-ci:ProceedsDisposalDebtInvestmentsNoActiveMarket contextRef="From20100101To20100930" decimals="-3" unitRef="TWD">29131000</tw-gaap-ci:ProceedsDisposalDebtInvestmentsNoActiveMarket>
<tw-gaap-ci:ProceedsDisposalDebtInvestmentsNoActiveMarket contextRef="From20090101To20090930" decimals="-3" unitRef="TWD">160000000</tw-gaap-ci:ProceedsDisposalDebtInvestmentsNoActiveMarket>
<tw-gaap-ci:ProceedsDisposalFinancialAssetsCarriedCost contextRef="From20100101To20100930" decimals="-3" unitRef="TWD">6711000</tw-gaap-ci:ProceedsDisposalFinancialAssetsCarriedCost>
<tw-gaap-ci:AcquisitionPropertyPlantEquipment contextRef="From20100101To20100930" decimals="-3" unitRef="TWD">-115421000</tw-gaap-ci:AcquisitionPropertyPlantEquipment>
<tw-gaap-ci:AcquisitionPropertyPlantEquipment contextRef="From20090101To20090930" decimals="-3" unitRef="TWD">-151280000</tw-gaap-ci:AcquisitionPropertyPlantEquipment>
<tw-gaap-ci:ProceedsDisposalPropertyPlantEquipment contextRef="From20100101To20100930" decimals="-3" unitRef="TWD">11167000</tw-gaap-ci:ProceedsDisposalPropertyPlantEquipment>
<tw-gaap-ci:ProceedsDisposalPropertyPlantEquipment contextRef="From20090101To20090930" decimals="-3" unitRef="TWD">25339000</tw-gaap-ci:ProceedsDisposalPropertyPlantEquipment>
<tw-gaap-ci:PurchaseIntangibleAssets contextRef="From20090101To20090930" decimals="-3" unitRef="TWD">-35210000</tw-gaap-ci:PurchaseIntangibleAssets>
<tw-gaap-ci:ChamgesOtherAssets contextRef="From20100101To20100930" decimals="-3" unitRef="TWD">981000</tw-gaap-ci:ChamgesOtherAssets>
<tw-gaap-ci:ChamgesOtherAssets contextRef="From20090101To20090930" decimals="-3" unitRef="TWD">-3391000</tw-gaap-ci:ChamgesOtherAssets>
<tw-gaap-ci:NetCashProvidedUsedFinancingActivities contextRef="From20100101To20100930" decimals="-3" unitRef="TWD">-2213490000</tw-gaap-ci:NetCashProvidedUsedFinancingActivities>
<tw-gaap-ci:NetCashProvidedUsedFinancingActivities contextRef="From20090101To20090930" decimals="-3" unitRef="TWD">-1029924000</tw-gaap-ci:NetCashProvidedUsedFinancingActivities>
<tw-gaap-ci:ChangesShortTermLoans contextRef="From20100101To20100930" decimals="-3" unitRef="TWD">-1269900000</tw-gaap-ci:ChangesShortTermLoans>
<tw-gaap-ci:ChangesShortTermLoans contextRef="From20090101To20090930" decimals="-3" unitRef="TWD">-1018350000</tw-gaap-ci:ChangesShortTermLoans>
<tw-gaap-ci:RepaymentLongTermDebt contextRef="From20100101To20100930" decimals="-3" unitRef="TWD">-528488000</tw-gaap-ci:RepaymentLongTermDebt>
<tw-gaap-ci:RepaymentLongTermDebt contextRef="From20090101To20090930" decimals="-3" unitRef="TWD">-12766000</tw-gaap-ci:RepaymentLongTermDebt>
<tw-gaap-ci:ChangesGuaranteeDepositsReceived contextRef="From20090101To20090930" decimals="-3" unitRef="TWD">1192000</tw-gaap-ci:ChangesGuaranteeDepositsReceived>
<tw-gaap-ci:CashDividends contextRef="From20100101To20100930" decimals="-3" unitRef="TWD">-415102000</tw-gaap-ci:CashDividends>
<tw-gaap-ci:CashCashEquivalents contextRef="AsOf20100101" decimals="-3" unitRef="TWD">3438261000</tw-gaap-ci:CashCashEquivalents>
<tw-gaap-ci:CashCashEquivalents contextRef="AsOf20090101" decimals="-3" unitRef="TWD">546487000</tw-gaap-ci:CashCashEquivalents>
<tw-gaap-ci:InterestPaidExcludingCapitalizedInterest contextRef="From20100101To20100930" decimals="-3" unitRef="TWD">37608000</tw-gaap-ci:InterestPaidExcludingCapitalizedInterest>
<tw-gaap-ci:InterestPaidExcludingCapitalizedInterest contextRef="From20090101To20090930" decimals="-3" unitRef="TWD">40062000</tw-gaap-ci:InterestPaidExcludingCapitalizedInterest>
<tw-gaap-ci:InterestPaid contextRef="From20100101To20100930" decimals="-3" unitRef="TWD">37608000</tw-gaap-ci:InterestPaid>
<tw-gaap-ci:InterestPaid contextRef="From20090101To20090930" decimals="-3" unitRef="TWD">40062000</tw-gaap-ci:InterestPaid>
<tw-gaap-ci:IncomeTaxPaid contextRef="From20100101To20100930" decimals="-3" unitRef="TWD">28383000</tw-gaap-ci:IncomeTaxPaid>
<tw-gaap-ci:IncomeTaxPaid contextRef="From20090101To20090930" decimals="-3" unitRef="TWD">1293000</tw-gaap-ci:IncomeTaxPaid>
<tw-gaap-ci:CurrentPortionLong-termLiability contextRef="From20100101To20100930" decimals="-3" unitRef="TWD">11218000</tw-gaap-ci:CurrentPortionLong-termLiability>
<tw-gaap-ci:CurrentPortionLong-termLiability contextRef="From20090101To20090930" decimals="-3" unitRef="TWD">9712000</tw-gaap-ci:CurrentPortionLong-termLiability>
<tw-gaap-ar:AccountantName contextRef="AsOf20101025">勤業眾信聯合會計師事務所</tw-gaap-ar:AccountantName>
<tw-gaap-ar:AssuranceAccountantName1 contextRef="AsOf20101025">邵志明</tw-gaap-ar:AssuranceAccountantName1>
<tw-gaap-ar:AssuranceAccountantName2 contextRef="AsOf20101025">林秀戀</tw-gaap-ar:AssuranceAccountantName2>
<tw-gaap-ar:ReviewAuditDate contextRef="AsOf20101025">2010-10-25</tw-gaap-ar:ReviewAuditDate>
<tw-gaap-ar:ReviewReport contextRef="AsOf20101025">Y</tw-gaap-ar:ReviewReport>
<tw-gaap-ar:QualifiedOpinionAbstract contextRef="AsOf20101025">Y</tw-gaap-ar:QualifiedOpinionAbstract>
<tw-gaap-ar:ByInvestmentCompaniesWithoutAccountantAuditReportRecognizedGainLoss contextRef="AsOf20101025">Y</tw-gaap-ar:ByInvestmentCompaniesWithoutAccountantAuditReportRecognizedGainLoss>


<tw-gaap-ar:AccountantsReportBody contextRef="AsOf20101025"><![CDATA[會計師核閱報告

中華汽車工業股份有限公司　公鑒：

　　中華汽車工業股份有限公司民國九十九年及九十八年九月三十日之資產
負債表，暨民國九十九年及九十八年一月一日至九月三十日之損益表及現金
流量表，業經本會計師核閱竣事。上開財務報表之編製係管理階層之責任，
本會計師之責任則為根據核閱結果出具報告。
　　除下段所述者外，本會計師係依照審計準則公報第三十六號「財務報表
之核閱」規劃並執行核閱工作。由於本會計師僅實施分析、比較與查詢，並
未依照一般公認審計準則查核，因是無法對上開財務報表整體表示查核意見。
　　如財務報表附註八所述，中華汽車工業股份有限公司民國九十九年及九
十八年九月三十日採權益法之部分長期股權投資分別計新台幣18,409,793仟
元及18,386,611仟元暨前三季認列之投資淨損分別計新台幣222,324仟元及
228,138仟元，係依據被投資公司同期間未經會計師核閱之財務報表計算。
　　依本會計師核閱結果，除上段所述該等被投資公司財務報表倘經會計師
核閱對財務報表可能有所調整之影響外，並未發現第一段所述財務報表在所
有重大方面有違反證券發行人財務報告編製準則、商業會計法及商業會計處
理準則中與財務會計準則相關之規定暨一般公認會計原則而須作修正之情
事。
　　如財務報表附註三所述，中華汽車工業股份有限公司自民國九十八年一
月一日起，採用新修訂之財務會計準則公報第十號「存貨之會計處理準則」。

勤業眾信聯合會計師事務所
會 計 師　　邵　　志　　明　　　　　　  會 計 師　　林　　秀　　戀　　　　


財政部證券暨期貨管理委員會核准文號　　財政部證券暨期貨管理委員會核准文號
　台財證六字第0930128050號　　　　　  　台財證六字第0930128050號　　　　


中　　　華　　　民　　　國　　九十九　　年　　十　　月　　二十五　　日]]></tw-gaap-ar:AccountantsReportBody>
<tw-gaap-notes:FinancialReportnotes contextRef="AsOf20100930"><![CDATA[http://doc.twse.com.tw/server-java/t57sb01?step=1&colorchg=1&co_id=2204&year=99&seamon=3&mtype=A&]]></tw-gaap-notes:FinancialReportnotes>
</xbrl>
