<?xml version="1.0" encoding="UTF-8" ?><xbrl xmlns="http://www.xbrl.org/2003/instance" xmlns:iso4217="http://www.xbrl.org/2003/iso4217" xmlns:link="http://www.xbrl.org/2003/linkbase" xmlns:tw-gaap-ar="http://www.xbrl.org/tw/fr/gaap/ar/2010-09-30" xmlns:tw-gaap-ci="http://www.xbrl.org/tw/fr/gaap/tw-gaap-ci-2010-09-30" xmlns:tw-gaap-notes="http://www.xbrl.org/tw/fr/gaap/notes/2010-09-30" xmlns:xbrldi="http://xbrl.org/2006/xbrldi" xmlns:xbrldt="http://xbrl.org/2005/xbrldt" xmlns:xbrli="http://www.xbrl.org/2003/instance" xmlns:xlink="http://www.w3.org/1999/xlink"><link:schemaRef xlink:arcrole="http://www.w3.org/1999/xlink/properties/linkbase" xlink:href="tw-gaap-ci-2010-09-30.xsd" xlink:type="simple" />
<context id="AsOf20100101"><entity><identifier scheme="http://www.twse.com.tw">2227</identifier></entity><period><instant>2010-01-01</instant></period></context>
<context id="AsOf20090101"><entity><identifier scheme="http://www.twse.com.tw">2227</identifier></entity><period><instant>2009-01-01</instant></period></context>
<context id="From20100101To20100930"><entity><identifier scheme="http://www.twse.com.tw">2227</identifier></entity><period><startDate>2010-01-01</startDate><endDate>2010-09-30</endDate></period></context>
<context id="From20090101To20090930"><entity><identifier scheme="http://www.twse.com.tw">2227</identifier></entity><period><startDate>2009-01-01</startDate><endDate>2009-09-30</endDate></period></context>
<context id="AsOf20100930"><entity><identifier scheme="http://www.twse.com.tw">2227</identifier></entity><period><instant>2010-09-30</instant></period></context>
<context id="AsOf20090930"><entity><identifier scheme="http://www.twse.com.tw">2227</identifier></entity><period><instant>2009-09-30</instant></period></context>
<context id="AsOf20101018"><entity><identifier scheme="http://www.twse.com.tw">2227</identifier></entity><period><instant>2010-10-18</instant></period></context>
<unit id="TWD"><measure>iso4217:TWD</measure></unit>
<unit id="Shares"><measure>xbrli:shares</measure></unit>
<unit id="EarningsPerShare"><divide><unitNumerator><measure>iso4217:TWD</measure></unitNumerator><unitDenominator><measure>xbrli:shares</measure></unitDenominator></divide></unit>
<tw-gaap-ci:Assets contextRef="AsOf20100930" decimals="-3" unitRef="TWD">21012438000</tw-gaap-ci:Assets>
<tw-gaap-ci:Assets contextRef="AsOf20090930" decimals="-3" unitRef="TWD">18179666000</tw-gaap-ci:Assets>
<tw-gaap-ci:CurrentAssets contextRef="AsOf20100930" decimals="-3" unitRef="TWD">3853143000</tw-gaap-ci:CurrentAssets>
<tw-gaap-ci:CurrentAssets contextRef="AsOf20090930" decimals="-3" unitRef="TWD">1747373000</tw-gaap-ci:CurrentAssets>
<tw-gaap-ci:CashCashEquivalents contextRef="AsOf20100930" decimals="-3" unitRef="TWD">409452000</tw-gaap-ci:CashCashEquivalents>
<tw-gaap-ci:CashCashEquivalents contextRef="AsOf20090930" decimals="-3" unitRef="TWD">449278000</tw-gaap-ci:CashCashEquivalents>
<tw-gaap-ci:FinancialAssetsMeasuredFairValueProfitLossCurrent contextRef="AsOf20100930" decimals="-3" unitRef="TWD">2670913000</tw-gaap-ci:FinancialAssetsMeasuredFairValueProfitLossCurrent>
<tw-gaap-ci:FinancialAssetsMeasuredFairValueProfitLossCurrent contextRef="AsOf20090930" decimals="-3" unitRef="TWD">492940000</tw-gaap-ci:FinancialAssetsMeasuredFairValueProfitLossCurrent>
<tw-gaap-ci:NetAccountsReceivable contextRef="AsOf20100930" decimals="-3" unitRef="TWD">38636000</tw-gaap-ci:NetAccountsReceivable>
<tw-gaap-ci:NetAccountsReceivable contextRef="AsOf20090930" decimals="-3" unitRef="TWD">39123000</tw-gaap-ci:NetAccountsReceivable>
<tw-gaap-ci:NetAccountsReceivableRelatedParties contextRef="AsOf20100930" decimals="-3" unitRef="TWD">671053000</tw-gaap-ci:NetAccountsReceivableRelatedParties>
<tw-gaap-ci:NetAccountsReceivableRelatedParties contextRef="AsOf20090930" decimals="-3" unitRef="TWD">635773000</tw-gaap-ci:NetAccountsReceivableRelatedParties>
<tw-gaap-ci:OtherFinancialAssetsCurrent contextRef="AsOf20100930" decimals="-3" unitRef="TWD">38589000</tw-gaap-ci:OtherFinancialAssetsCurrent>
<tw-gaap-ci:OtherFinancialAssetsCurrent contextRef="AsOf20090930" decimals="-3" unitRef="TWD">45745000</tw-gaap-ci:OtherFinancialAssetsCurrent>
<tw-gaap-ci:Inventories contextRef="AsOf20100930" decimals="-3" unitRef="TWD">1563000</tw-gaap-ci:Inventories>
<tw-gaap-ci:Inventories contextRef="AsOf20090930" decimals="-3" unitRef="TWD">1652000</tw-gaap-ci:Inventories>
<tw-gaap-ci:OtherPrepayments contextRef="AsOf20100930" decimals="-3" unitRef="TWD">3720000</tw-gaap-ci:OtherPrepayments>
<tw-gaap-ci:OtherPrepayments contextRef="AsOf20090930" decimals="-3" unitRef="TWD">3662000</tw-gaap-ci:OtherPrepayments>
<tw-gaap-ci:OtherCurrentAssets contextRef="AsOf20100930" decimals="-3" unitRef="TWD">19217000</tw-gaap-ci:OtherCurrentAssets>
<tw-gaap-ci:OtherCurrentAssets contextRef="AsOf20090930" decimals="-3" unitRef="TWD">79200000</tw-gaap-ci:OtherCurrentAssets>
<tw-gaap-ci:DeferredIncomeTaxAssetsCurrent contextRef="AsOf20100930" decimals="-3" unitRef="TWD">19217000</tw-gaap-ci:DeferredIncomeTaxAssetsCurrent>
<tw-gaap-ci:DeferredIncomeTaxAssetsCurrent contextRef="AsOf20090930" decimals="-3" unitRef="TWD">6754000</tw-gaap-ci:DeferredIncomeTaxAssetsCurrent>
<tw-gaap-ci:OthercurrentAssetsOther contextRef="AsOf20090930" decimals="-3" unitRef="TWD">72446000</tw-gaap-ci:OthercurrentAssetsOther>
<tw-gaap-ci:FundsInvestments contextRef="AsOf20100930" decimals="-3" unitRef="TWD">15611656000</tw-gaap-ci:FundsInvestments>
<tw-gaap-ci:FundsInvestments contextRef="AsOf20090930" decimals="-3" unitRef="TWD">13434246000</tw-gaap-ci:FundsInvestments>
<tw-gaap-ci:LongtermInvestments contextRef="AsOf20100930" decimals="-3" unitRef="TWD">15611656000</tw-gaap-ci:LongtermInvestments>
<tw-gaap-ci:LongtermInvestments contextRef="AsOf20090930" decimals="-3" unitRef="TWD">13434246000</tw-gaap-ci:LongtermInvestments>
<tw-gaap-ci:LongtermInvestmentsEquity contextRef="AsOf20100930" decimals="-3" unitRef="TWD">15611656000</tw-gaap-ci:LongtermInvestmentsEquity>
<tw-gaap-ci:LongtermInvestmentsEquity contextRef="AsOf20090930" decimals="-3" unitRef="TWD">13434246000</tw-gaap-ci:LongtermInvestmentsEquity>
<tw-gaap-ci:FixedAssets contextRef="AsOf20100930" decimals="-3" unitRef="TWD">41368000</tw-gaap-ci:FixedAssets>
<tw-gaap-ci:FixedAssets contextRef="AsOf20090930" decimals="-3" unitRef="TWD">56811000</tw-gaap-ci:FixedAssets>
<tw-gaap-ci:CostsRevaluationIncrement contextRef="AsOf20100930" decimals="-3" unitRef="TWD">194271000</tw-gaap-ci:CostsRevaluationIncrement>
<tw-gaap-ci:CostsRevaluationIncrement contextRef="AsOf20090930" decimals="-3" unitRef="TWD">223589000</tw-gaap-ci:CostsRevaluationIncrement>
<tw-gaap-ci:FixedAssetsOriginalCosts contextRef="AsOf20100930" decimals="-3" unitRef="TWD">194271000</tw-gaap-ci:FixedAssetsOriginalCosts>
<tw-gaap-ci:FixedAssetsOriginalCosts contextRef="AsOf20090930" decimals="-3" unitRef="TWD">223589000</tw-gaap-ci:FixedAssetsOriginalCosts>
<tw-gaap-ci:MachineryEquipment contextRef="AsOf20100930" decimals="-3" unitRef="TWD">21863000</tw-gaap-ci:MachineryEquipment>
<tw-gaap-ci:MachineryEquipment contextRef="AsOf20090930" decimals="-3" unitRef="TWD">28107000</tw-gaap-ci:MachineryEquipment>
<tw-gaap-ci:ComputerTelecommunicationEquipment contextRef="AsOf20100930" decimals="-3" unitRef="TWD">82835000</tw-gaap-ci:ComputerTelecommunicationEquipment>
<tw-gaap-ci:ComputerTelecommunicationEquipment contextRef="AsOf20090930" decimals="-3" unitRef="TWD">89160000</tw-gaap-ci:ComputerTelecommunicationEquipment>
<tw-gaap-ci:TransportationEquipment contextRef="AsOf20100930" decimals="-3" unitRef="TWD">4290000</tw-gaap-ci:TransportationEquipment>
<tw-gaap-ci:TransportationEquipment contextRef="AsOf20090930" decimals="-3" unitRef="TWD">6661000</tw-gaap-ci:TransportationEquipment>
<tw-gaap-ci:MaintenanceEquipmentTools contextRef="AsOf20100930" decimals="-3" unitRef="TWD">5694000</tw-gaap-ci:MaintenanceEquipmentTools>
<tw-gaap-ci:MaintenanceEquipmentTools contextRef="AsOf20090930" decimals="-3" unitRef="TWD">5566000</tw-gaap-ci:MaintenanceEquipmentTools>
<tw-gaap-ci:LeaseholdImprovements contextRef="AsOf20100930" decimals="-3" unitRef="TWD">4559000</tw-gaap-ci:LeaseholdImprovements>
<tw-gaap-ci:LeaseholdImprovements contextRef="AsOf20090930" decimals="-3" unitRef="TWD">3441000</tw-gaap-ci:LeaseholdImprovements>
<tw-gaap-ci:OtherFacilities contextRef="AsOf20100930" decimals="-3" unitRef="TWD">75030000</tw-gaap-ci:OtherFacilities>
<tw-gaap-ci:OtherFacilities contextRef="AsOf20090930" decimals="-3" unitRef="TWD">90654000</tw-gaap-ci:OtherFacilities>
<tw-gaap-ci:AccumulatedDepreciation contextRef="AsOf20100930" decimals="-3" unitRef="TWD">155593000</tw-gaap-ci:AccumulatedDepreciation>
<tw-gaap-ci:AccumulatedDepreciation contextRef="AsOf20090930" decimals="-3" unitRef="TWD">169212000</tw-gaap-ci:AccumulatedDepreciation>
<tw-gaap-ci:ConstructionProcessPrepaymentEquipments contextRef="AsOf20100930" decimals="-3" unitRef="TWD">2690000</tw-gaap-ci:ConstructionProcessPrepaymentEquipments>
<tw-gaap-ci:ConstructionProcessPrepaymentEquipments contextRef="AsOf20090930" decimals="-3" unitRef="TWD">2434000</tw-gaap-ci:ConstructionProcessPrepaymentEquipments>
<tw-gaap-ci:OtherAssets contextRef="AsOf20100930" decimals="-3" unitRef="TWD">1506271000</tw-gaap-ci:OtherAssets>
<tw-gaap-ci:OtherAssets contextRef="AsOf20090930" decimals="-3" unitRef="TWD">2941236000</tw-gaap-ci:OtherAssets>
<tw-gaap-ci:NetIdledAssets contextRef="AsOf20090930" decimals="-3" unitRef="TWD">18730000</tw-gaap-ci:NetIdledAssets>
<tw-gaap-ci:GuaranteeDepositsPaid contextRef="AsOf20100930" decimals="-3" unitRef="TWD">3981000</tw-gaap-ci:GuaranteeDepositsPaid>
<tw-gaap-ci:GuaranteeDepositsPaid contextRef="AsOf20090930" decimals="-3" unitRef="TWD">4481000</tw-gaap-ci:GuaranteeDepositsPaid>
<tw-gaap-ci:DeferredCharges contextRef="AsOf20100930" decimals="-3" unitRef="TWD">1502290000</tw-gaap-ci:DeferredCharges>
<tw-gaap-ci:DeferredCharges contextRef="AsOf20090930" decimals="-3" unitRef="TWD">2918025000</tw-gaap-ci:DeferredCharges>
<tw-gaap-ci:Liabilities contextRef="AsOf20100930" decimals="-3" unitRef="TWD">3578468000</tw-gaap-ci:Liabilities>
<tw-gaap-ci:Liabilities contextRef="AsOf20090930" decimals="-3" unitRef="TWD">2425552000</tw-gaap-ci:Liabilities>
<tw-gaap-ci:CurrentLiabilities contextRef="AsOf20100930" decimals="-3" unitRef="TWD">2021619000</tw-gaap-ci:CurrentLiabilities>
<tw-gaap-ci:CurrentLiabilities contextRef="AsOf20090930" decimals="-3" unitRef="TWD">1275575000</tw-gaap-ci:CurrentLiabilities>
<tw-gaap-ci:ShortTermBorrowings contextRef="AsOf20090930" decimals="-3" unitRef="TWD">100000000</tw-gaap-ci:ShortTermBorrowings>
<tw-gaap-ci:AccountsPayable contextRef="AsOf20100930" decimals="-3" unitRef="TWD">48090000</tw-gaap-ci:AccountsPayable>
<tw-gaap-ci:AccountsPayable contextRef="AsOf20090930" decimals="-3" unitRef="TWD">23682000</tw-gaap-ci:AccountsPayable>
<tw-gaap-ci:AccountsPayableRelatedParties contextRef="AsOf20100930" decimals="-3" unitRef="TWD">1366591000</tw-gaap-ci:AccountsPayableRelatedParties>
<tw-gaap-ci:AccountsPayableRelatedParties contextRef="AsOf20090930" decimals="-3" unitRef="TWD">822008000</tw-gaap-ci:AccountsPayableRelatedParties>
<tw-gaap-ci:IncomeTaxPayable contextRef="AsOf20100930" decimals="-3" unitRef="TWD">50985000</tw-gaap-ci:IncomeTaxPayable>
<tw-gaap-ci:IncomeTaxPayable contextRef="AsOf20090930" decimals="-3" unitRef="TWD">78037000</tw-gaap-ci:IncomeTaxPayable>
<tw-gaap-ci:AccruedExpenses contextRef="AsOf20100930" decimals="-3" unitRef="TWD">452838000</tw-gaap-ci:AccruedExpenses>
<tw-gaap-ci:AccruedExpenses contextRef="AsOf20090930" decimals="-3" unitRef="TWD">186605000</tw-gaap-ci:AccruedExpenses>
<tw-gaap-ci:OtherCurrentLiabilities contextRef="AsOf20100930" decimals="-3" unitRef="TWD">103115000</tw-gaap-ci:OtherCurrentLiabilities>
<tw-gaap-ci:OtherCurrentLiabilities contextRef="AsOf20090930" decimals="-3" unitRef="TWD">65243000</tw-gaap-ci:OtherCurrentLiabilities>
<tw-gaap-ci:OtherLiabilities contextRef="AsOf20100930" decimals="-3" unitRef="TWD">1556849000</tw-gaap-ci:OtherLiabilities>
<tw-gaap-ci:OtherLiabilities contextRef="AsOf20090930" decimals="-3" unitRef="TWD">1149977000</tw-gaap-ci:OtherLiabilities>
<tw-gaap-ci:PensionReserve contextRef="AsOf20100930" decimals="-3" unitRef="TWD">444489000</tw-gaap-ci:PensionReserve>
<tw-gaap-ci:PensionReserve contextRef="AsOf20090930" decimals="-3" unitRef="TWD">417070000</tw-gaap-ci:PensionReserve>
<tw-gaap-ci:DeferredIncomeTax contextRef="AsOf20100930" decimals="-3" unitRef="TWD">1022468000</tw-gaap-ci:DeferredIncomeTax>
<tw-gaap-ci:DeferredIncomeTax contextRef="AsOf20090930" decimals="-3" unitRef="TWD">669674000</tw-gaap-ci:DeferredIncomeTax>
<tw-gaap-ci:OtherLiabilitiesOther contextRef="AsOf20100930" decimals="-3" unitRef="TWD">89892000</tw-gaap-ci:OtherLiabilitiesOther>
<tw-gaap-ci:OtherLiabilitiesOther contextRef="AsOf20090930" decimals="-3" unitRef="TWD">63233000</tw-gaap-ci:OtherLiabilitiesOther>
<tw-gaap-ci:OtherLiabilities-Other contextRef="AsOf20100930" decimals="-3" unitRef="TWD">89892000</tw-gaap-ci:OtherLiabilities-Other>
<tw-gaap-ci:OtherLiabilities-Other contextRef="AsOf20090930" decimals="-3" unitRef="TWD">63233000</tw-gaap-ci:OtherLiabilities-Other>
<tw-gaap-ci:StockholdersEquities contextRef="AsOf20100930" decimals="-3" unitRef="TWD">17433970000</tw-gaap-ci:StockholdersEquities>
<tw-gaap-ci:StockholdersEquities contextRef="AsOf20090930" decimals="-3" unitRef="TWD">15754114000</tw-gaap-ci:StockholdersEquities>
<tw-gaap-ci:Capital contextRef="AsOf20100930" decimals="-3" unitRef="TWD">3000000000</tw-gaap-ci:Capital>
<tw-gaap-ci:Capital contextRef="AsOf20090930" decimals="-3" unitRef="TWD">3000000000</tw-gaap-ci:Capital>
<tw-gaap-ci:CommonStock contextRef="AsOf20100930" decimals="-3" unitRef="TWD">3000000000</tw-gaap-ci:CommonStock>
<tw-gaap-ci:CommonStock contextRef="AsOf20090930" decimals="-3" unitRef="TWD">3000000000</tw-gaap-ci:CommonStock>
<tw-gaap-ci:CapitalSurplus contextRef="AsOf20100930" decimals="-3" unitRef="TWD">5988968000</tw-gaap-ci:CapitalSurplus>
<tw-gaap-ci:CapitalSurplus contextRef="AsOf20090930" decimals="-3" unitRef="TWD">5988968000</tw-gaap-ci:CapitalSurplus>
<tw-gaap-ci:CapitalSurplusAdditionalPaidCapital contextRef="AsOf20100930" decimals="-3" unitRef="TWD">5986507000</tw-gaap-ci:CapitalSurplusAdditionalPaidCapital>
<tw-gaap-ci:CapitalSurplusAdditionalPaidCapital contextRef="AsOf20090930" decimals="-3" unitRef="TWD">5986507000</tw-gaap-ci:CapitalSurplusAdditionalPaidCapital>
<tw-gaap-ci:CapitalSurplusLongTermEquityInvestments contextRef="AsOf20100930" decimals="-3" unitRef="TWD">2461000</tw-gaap-ci:CapitalSurplusLongTermEquityInvestments>
<tw-gaap-ci:CapitalSurplusLongTermEquityInvestments contextRef="AsOf20090930" decimals="-3" unitRef="TWD">2461000</tw-gaap-ci:CapitalSurplusLongTermEquityInvestments>
<tw-gaap-ci:RetainedEarnings contextRef="AsOf20100930" decimals="-3" unitRef="TWD">7359868000</tw-gaap-ci:RetainedEarnings>
<tw-gaap-ci:RetainedEarnings contextRef="AsOf20090930" decimals="-3" unitRef="TWD">5385824000</tw-gaap-ci:RetainedEarnings>
<tw-gaap-ci:LegalReserve contextRef="AsOf20100930" decimals="-3" unitRef="TWD">1093293000</tw-gaap-ci:LegalReserve>
<tw-gaap-ci:LegalReserve contextRef="AsOf20090930" decimals="-3" unitRef="TWD">1028005000</tw-gaap-ci:LegalReserve>
<tw-gaap-ci:SpecialReserve contextRef="AsOf20100930" decimals="-3" unitRef="TWD">379840000</tw-gaap-ci:SpecialReserve>
<tw-gaap-ci:SpecialReserve contextRef="AsOf20090930" decimals="-3" unitRef="TWD">379840000</tw-gaap-ci:SpecialReserve>
<tw-gaap-ci:UnappropriatedRetainedEarnings contextRef="AsOf20100930" decimals="-3" unitRef="TWD">5886735000</tw-gaap-ci:UnappropriatedRetainedEarnings>
<tw-gaap-ci:UnappropriatedRetainedEarnings contextRef="AsOf20090930" decimals="-3" unitRef="TWD">3977979000</tw-gaap-ci:UnappropriatedRetainedEarnings>
<tw-gaap-ci:StockholdersEquitiesAdjustments contextRef="AsOf20100930" decimals="-3" unitRef="TWD">1085134000</tw-gaap-ci:StockholdersEquitiesAdjustments>
<tw-gaap-ci:StockholdersEquitiesAdjustments contextRef="AsOf20090930" decimals="-3" unitRef="TWD">1379322000</tw-gaap-ci:StockholdersEquitiesAdjustments>
<tw-gaap-ci:CumulativeTranslationAdjustments contextRef="AsOf20100930" decimals="-3" unitRef="TWD">1085134000</tw-gaap-ci:CumulativeTranslationAdjustments>
<tw-gaap-ci:CumulativeTranslationAdjustments contextRef="AsOf20090930" decimals="-3" unitRef="TWD">1379322000</tw-gaap-ci:CumulativeTranslationAdjustments>
<tw-gaap-ci:EquivalentSharesOutstandingAdvanceReceiptsCommonStock contextRef="AsOf20100930" decimals="0" unitRef="Shares">0</tw-gaap-ci:EquivalentSharesOutstandingAdvanceReceiptsCommonStock>
<tw-gaap-ci:EquivalentSharesOutstandingAdvanceReceiptsCommonStock contextRef="AsOf20090930" decimals="0" unitRef="Shares">0</tw-gaap-ci:EquivalentSharesOutstandingAdvanceReceiptsCommonStock>
<tw-gaap-ci:NumberTreasuryStockAcquiredCompanySubsidiaries contextRef="AsOf20100930" decimals="0" unitRef="Shares">0</tw-gaap-ci:NumberTreasuryStockAcquiredCompanySubsidiaries>
<tw-gaap-ci:NumberTreasuryStockAcquiredCompanySubsidiaries contextRef="AsOf20090930" decimals="0" unitRef="Shares">0</tw-gaap-ci:NumberTreasuryStockAcquiredCompanySubsidiaries>
<tw-gaap-ci:NetIncomeLoss contextRef="From20100101To20100930" decimals="-3" unitRef="TWD">2284969000</tw-gaap-ci:NetIncomeLoss>
<tw-gaap-ci:NetIncomeLoss contextRef="From20090101To20090930" decimals="-3" unitRef="TWD">963803000</tw-gaap-ci:NetIncomeLoss>
<tw-gaap-ci:IncomeContinuingOperations contextRef="From20100101To20100930" decimals="-3" unitRef="TWD">2284969000</tw-gaap-ci:IncomeContinuingOperations>
<tw-gaap-ci:IncomeContinuingOperations contextRef="From20090101To20090930" decimals="-3" unitRef="TWD">963803000</tw-gaap-ci:IncomeContinuingOperations>
<tw-gaap-ci:IncomeContinuingOperationsBeforeIncomeTax contextRef="From20100101To20100930" decimals="-3" unitRef="TWD">2616188000</tw-gaap-ci:IncomeContinuingOperationsBeforeIncomeTax>
<tw-gaap-ci:IncomeContinuingOperationsBeforeIncomeTax contextRef="From20090101To20090930" decimals="-3" unitRef="TWD">900166000</tw-gaap-ci:IncomeContinuingOperationsBeforeIncomeTax>
<tw-gaap-ci:OperatingIncomeLoss contextRef="From20100101To20100930" decimals="-3" unitRef="TWD">409403000</tw-gaap-ci:OperatingIncomeLoss>
<tw-gaap-ci:OperatingIncomeLoss contextRef="From20090101To20090930" decimals="-3" unitRef="TWD">-767789000</tw-gaap-ci:OperatingIncomeLoss>
<tw-gaap-ci:GrossProfitLossOperations contextRef="From20100101To20100930" decimals="-3" unitRef="TWD">2830503000</tw-gaap-ci:GrossProfitLossOperations>
<tw-gaap-ci:GrossProfitLossOperations contextRef="From20090101To20090930" decimals="-3" unitRef="TWD">1076781000</tw-gaap-ci:GrossProfitLossOperations>
<tw-gaap-ci:OperatingRevenue contextRef="From20100101To20100930" decimals="-3" unitRef="TWD">20720394000</tw-gaap-ci:OperatingRevenue>
<tw-gaap-ci:OperatingRevenue contextRef="From20090101To20090930" decimals="-3" unitRef="TWD">14717972000</tw-gaap-ci:OperatingRevenue>
<tw-gaap-ci:NetSales contextRef="From20100101To20100930" decimals="-3" unitRef="TWD">20720394000</tw-gaap-ci:NetSales>
<tw-gaap-ci:NetSales contextRef="From20090101To20090930" decimals="-3" unitRef="TWD">14717972000</tw-gaap-ci:NetSales>
<tw-gaap-ci:Sales contextRef="From20100101To20100930" decimals="-3" unitRef="TWD">20727879000</tw-gaap-ci:Sales>
<tw-gaap-ci:Sales contextRef="From20090101To20090930" decimals="-3" unitRef="TWD">14733937000</tw-gaap-ci:Sales>
<tw-gaap-ci:SalesReturns contextRef="From20100101To20100930" decimals="-3" unitRef="TWD">3523000</tw-gaap-ci:SalesReturns>
<tw-gaap-ci:SalesReturns contextRef="From20090101To20090930" decimals="-3" unitRef="TWD">4488000</tw-gaap-ci:SalesReturns>
<tw-gaap-ci:SalesDiscountsAllowances contextRef="From20100101To20100930" decimals="-3" unitRef="TWD">3962000</tw-gaap-ci:SalesDiscountsAllowances>
<tw-gaap-ci:SalesDiscountsAllowances contextRef="From20090101To20090930" decimals="-3" unitRef="TWD">11477000</tw-gaap-ci:SalesDiscountsAllowances>
<tw-gaap-ci:OperatingCosts contextRef="From20100101To20100930" decimals="-3" unitRef="TWD">17889891000</tw-gaap-ci:OperatingCosts>
<tw-gaap-ci:OperatingCosts contextRef="From20090101To20090930" decimals="-3" unitRef="TWD">13641191000</tw-gaap-ci:OperatingCosts>
<tw-gaap-ci:CostSales contextRef="From20100101To20100930" decimals="-3" unitRef="TWD">17889891000</tw-gaap-ci:CostSales>
<tw-gaap-ci:CostSales contextRef="From20090101To20090930" decimals="-3" unitRef="TWD">13641191000</tw-gaap-ci:CostSales>
<tw-gaap-ci:OperatingExpenses contextRef="From20100101To20100930" decimals="-3" unitRef="TWD">2421100000</tw-gaap-ci:OperatingExpenses>
<tw-gaap-ci:OperatingExpenses contextRef="From20090101To20090930" decimals="-3" unitRef="TWD">1844570000</tw-gaap-ci:OperatingExpenses>
<tw-gaap-ci:Sellingexpense contextRef="From20100101To20100930" decimals="-3" unitRef="TWD">1747289000</tw-gaap-ci:Sellingexpense>
<tw-gaap-ci:Sellingexpense contextRef="From20090101To20090930" decimals="-3" unitRef="TWD">1323874000</tw-gaap-ci:Sellingexpense>
<tw-gaap-ci:GeneralAdministrativeExpenses contextRef="From20100101To20100930" decimals="-3" unitRef="TWD">283665000</tw-gaap-ci:GeneralAdministrativeExpenses>
<tw-gaap-ci:GeneralAdministrativeExpenses contextRef="From20090101To20090930" decimals="-3" unitRef="TWD">159383000</tw-gaap-ci:GeneralAdministrativeExpenses>
<tw-gaap-ci:ResearchDevelopmentExpenses contextRef="From20100101To20100930" decimals="-3" unitRef="TWD">390146000</tw-gaap-ci:ResearchDevelopmentExpenses>
<tw-gaap-ci:ResearchDevelopmentExpenses contextRef="From20090101To20090930" decimals="-3" unitRef="TWD">361313000</tw-gaap-ci:ResearchDevelopmentExpenses>
<tw-gaap-ci:NonOperatingIncomeGains contextRef="From20100101To20100930" decimals="-3" unitRef="TWD">2278201000</tw-gaap-ci:NonOperatingIncomeGains>
<tw-gaap-ci:NonOperatingIncomeGains contextRef="From20090101To20090930" decimals="-3" unitRef="TWD">1767274000</tw-gaap-ci:NonOperatingIncomeGains>
<tw-gaap-ci:InterestIncome contextRef="From20100101To20100930" decimals="-3" unitRef="TWD">472000</tw-gaap-ci:InterestIncome>
<tw-gaap-ci:InterestIncome contextRef="From20090101To20090930" decimals="-3" unitRef="TWD">1976000</tw-gaap-ci:InterestIncome>
<tw-gaap-ci:InvestmentGains contextRef="From20100101To20100930" decimals="-3" unitRef="TWD">2195948000</tw-gaap-ci:InvestmentGains>
<tw-gaap-ci:InvestmentGains contextRef="From20090101To20090930" decimals="-3" unitRef="TWD">1748074000</tw-gaap-ci:InvestmentGains>
<tw-gaap-ci:InvestmentGainsRecognizedEquityMethod contextRef="From20100101To20100930" decimals="-3" unitRef="TWD">2195948000</tw-gaap-ci:InvestmentGainsRecognizedEquityMethod>
<tw-gaap-ci:InvestmentGainsRecognizedEquityMethod contextRef="From20090101To20090930" decimals="-3" unitRef="TWD">1748074000</tw-gaap-ci:InvestmentGainsRecognizedEquityMethod>
<tw-gaap-ci:GainsSaleInvestments contextRef="From20090101To20090930" decimals="-3" unitRef="TWD">3046000</tw-gaap-ci:GainsSaleInvestments>
<tw-gaap-ci:ForeignExchangeGains contextRef="From20100101To20100930" decimals="-3" unitRef="TWD">6309000</tw-gaap-ci:ForeignExchangeGains>
<tw-gaap-ci:RevaluationGainFinancialAssets contextRef="From20100101To20100930" decimals="-3" unitRef="TWD">43491000</tw-gaap-ci:RevaluationGainFinancialAssets>
<tw-gaap-ci:RevaluationGainFinancialAssets contextRef="From20090101To20090930" decimals="-3" unitRef="TWD">1739000</tw-gaap-ci:RevaluationGainFinancialAssets>
<tw-gaap-ci:MiscellaneousIncome contextRef="From20100101To20100930" decimals="-3" unitRef="TWD">31981000</tw-gaap-ci:MiscellaneousIncome>
<tw-gaap-ci:MiscellaneousIncome contextRef="From20090101To20090930" decimals="-3" unitRef="TWD">12439000</tw-gaap-ci:MiscellaneousIncome>
<tw-gaap-ci:NonOperatingExpenses contextRef="From20100101To20100930" decimals="-3" unitRef="TWD">71416000</tw-gaap-ci:NonOperatingExpenses>
<tw-gaap-ci:NonOperatingExpenses contextRef="From20090101To20090930" decimals="-3" unitRef="TWD">99319000</tw-gaap-ci:NonOperatingExpenses>
<tw-gaap-ci:InterestExpense contextRef="From20100101To20100930" decimals="-3" unitRef="TWD">930000</tw-gaap-ci:InterestExpense>
<tw-gaap-ci:InterestExpense contextRef="From20090101To20090930" decimals="-3" unitRef="TWD">2650000</tw-gaap-ci:InterestExpense>
<tw-gaap-ci:LossDisposalFixedAssets contextRef="From20090101To20090930" decimals="-3" unitRef="TWD">3869000</tw-gaap-ci:LossDisposalFixedAssets>
<tw-gaap-ci:LossSaleInvestments contextRef="From20100101To20100930" decimals="-3" unitRef="TWD">6310000</tw-gaap-ci:LossSaleInvestments>
<tw-gaap-ci:ForeignExchangeLosses contextRef="From20090101To20090930" decimals="-3" unitRef="TWD">1174000</tw-gaap-ci:ForeignExchangeLosses>
<tw-gaap-ci:FinancialExpense contextRef="From20100101To20100930" decimals="-3" unitRef="TWD">49076000</tw-gaap-ci:FinancialExpense>
<tw-gaap-ci:FinancialExpense contextRef="From20090101To20090930" decimals="-3" unitRef="TWD">38863000</tw-gaap-ci:FinancialExpense>
<tw-gaap-ci:OtherFinancialExpenses contextRef="From20100101To20100930" decimals="-3" unitRef="TWD">49076000</tw-gaap-ci:OtherFinancialExpenses>
<tw-gaap-ci:OtherFinancialExpenses contextRef="From20090101To20090930" decimals="-3" unitRef="TWD">38863000</tw-gaap-ci:OtherFinancialExpenses>
<tw-gaap-ci:ImpairmentLossAssets contextRef="From20090101To20090930" decimals="-3" unitRef="TWD">30645000</tw-gaap-ci:ImpairmentLossAssets>
<tw-gaap-ci:MiscellaneousDisbursements contextRef="From20100101To20100930" decimals="-3" unitRef="TWD">15100000</tw-gaap-ci:MiscellaneousDisbursements>
<tw-gaap-ci:MiscellaneousDisbursements contextRef="From20090101To20090930" decimals="-3" unitRef="TWD">22118000</tw-gaap-ci:MiscellaneousDisbursements>
<tw-gaap-ci:IncomeTaxExpenseBenefit contextRef="From20100101To20100930" decimals="-3" unitRef="TWD">331219000</tw-gaap-ci:IncomeTaxExpenseBenefit>
<tw-gaap-ci:IncomeTaxExpenseBenefit contextRef="From20090101To20090930" decimals="-3" unitRef="TWD">-63637000</tw-gaap-ci:IncomeTaxExpenseBenefit>
<tw-gaap-ci:PrimaryEarningsPerShare contextRef="From20100101To20100930" decimals="2" unitRef="TWD">7.62</tw-gaap-ci:PrimaryEarningsPerShare>
<tw-gaap-ci:PrimaryEarningsPerShare contextRef="From20090101To20090930" decimals="2" unitRef="TWD">3.21</tw-gaap-ci:PrimaryEarningsPerShare>
<tw-gaap-ci:DilutedEarningsPerShare contextRef="From20100101To20100930" decimals="2" unitRef="TWD">7.6</tw-gaap-ci:DilutedEarningsPerShare>
<tw-gaap-ci:DilutedEarningsPerShare contextRef="From20090101To20090930" decimals="2" unitRef="TWD">3.21</tw-gaap-ci:DilutedEarningsPerShare>
<tw-gaap-ci:NetChangesCashCashEquivalents contextRef="From20100101To20100930" decimals="-3" unitRef="TWD">-281306000</tw-gaap-ci:NetChangesCashCashEquivalents>
<tw-gaap-ci:NetChangesCashCashEquivalents contextRef="From20090101To20090930" decimals="-3" unitRef="TWD">-604584000</tw-gaap-ci:NetChangesCashCashEquivalents>
<tw-gaap-ci:NetCashProvidedUsedOperatingActivities contextRef="From20100101To20100930" decimals="-3" unitRef="TWD">-124291000</tw-gaap-ci:NetCashProvidedUsedOperatingActivities>
<tw-gaap-ci:NetCashProvidedUsedOperatingActivities contextRef="From20090101To20090930" decimals="-3" unitRef="TWD">-387966000</tw-gaap-ci:NetCashProvidedUsedOperatingActivities>
<tw-gaap-ci:NetIncomeLoss_StatementCashFlows contextRef="From20100101To20100930" decimals="-3" unitRef="TWD">2284969000</tw-gaap-ci:NetIncomeLoss_StatementCashFlows>
<tw-gaap-ci:NetIncomeLoss_StatementCashFlows contextRef="From20090101To20090930" decimals="-3" unitRef="TWD">963803000</tw-gaap-ci:NetIncomeLoss_StatementCashFlows>
<tw-gaap-ci:AdjustmentsReconcileNetIncomeNetCashProvidedUsedOperatingActivities contextRef="From20100101To20100930" decimals="-3" unitRef="TWD">-1364661000</tw-gaap-ci:AdjustmentsReconcileNetIncomeNetCashProvidedUsedOperatingActivities>
<tw-gaap-ci:AdjustmentsReconcileNetIncomeNetCashProvidedUsedOperatingActivities contextRef="From20090101To20090930" decimals="-3" unitRef="TWD">-825729000</tw-gaap-ci:AdjustmentsReconcileNetIncomeNetCashProvidedUsedOperatingActivities>
<tw-gaap-ci:DepreciationExpense-Operating contextRef="From20100101To20100930" decimals="-3" unitRef="TWD">441228000</tw-gaap-ci:DepreciationExpense-Operating>
<tw-gaap-ci:DepreciationExpense-Operating contextRef="From20090101To20090930" decimals="-3" unitRef="TWD">581510000</tw-gaap-ci:DepreciationExpense-Operating>
<tw-gaap-ci:ProvisionProvisionContingentServiceCost contextRef="From20100101To20100930" decimals="-3" unitRef="TWD">19793000</tw-gaap-ci:ProvisionProvisionContingentServiceCost>
<tw-gaap-ci:ProvisionProvisionContingentServiceCost contextRef="From20090101To20090930" decimals="-3" unitRef="TWD">-6719000</tw-gaap-ci:ProvisionProvisionContingentServiceCost>
<tw-gaap-ci:ChangesNetPensionCostUnappropriated contextRef="From20100101To20100930" decimals="-3" unitRef="TWD">20037000</tw-gaap-ci:ChangesNetPensionCostUnappropriated>
<tw-gaap-ci:ChangesNetPensionCostUnappropriated contextRef="From20090101To20090930" decimals="-3" unitRef="TWD">16743000</tw-gaap-ci:ChangesNetPensionCostUnappropriated>
<tw-gaap-ci:InvestmentLossIncomeRecognizedEquityMethod contextRef="From20100101To20100930" decimals="-3" unitRef="TWD">-2195948000</tw-gaap-ci:InvestmentLossIncomeRecognizedEquityMethod>
<tw-gaap-ci:InvestmentLossIncomeRecognizedEquityMethod contextRef="From20090101To20090930" decimals="-3" unitRef="TWD">-1748074000</tw-gaap-ci:InvestmentLossIncomeRecognizedEquityMethod>
<tw-gaap-ci:CashDividendsReceivedEquityMethodInvestees contextRef="From20090101To20090930" decimals="-3" unitRef="TWD">386016000</tw-gaap-ci:CashDividendsReceivedEquityMethodInvestees>
<tw-gaap-ci:GainLossDisposalScrappingFixedAssets contextRef="From20090101To20090930" decimals="-3" unitRef="TWD">3869000</tw-gaap-ci:GainLossDisposalScrappingFixedAssets>
<tw-gaap-ci:GainsLossesSaleInvestments contextRef="From20100101To20100930" decimals="-3" unitRef="TWD">6310000</tw-gaap-ci:GainsLossesSaleInvestments>
<tw-gaap-ci:GainsLossesSaleInvestments contextRef="From20090101To20090930" decimals="-3" unitRef="TWD">-3046000</tw-gaap-ci:GainsLossesSaleInvestments>
<tw-gaap-ci:UnrealizedRevaluationGainFinancialAssetsLiabilities contextRef="From20100101To20100930" decimals="-3" unitRef="TWD">-43491000</tw-gaap-ci:UnrealizedRevaluationGainFinancialAssetsLiabilities>
<tw-gaap-ci:UnrealizedRevaluationGainFinancialAssetsLiabilities contextRef="From20090101To20090930" decimals="-3" unitRef="TWD">-1739000</tw-gaap-ci:UnrealizedRevaluationGainFinancialAssetsLiabilities>
<tw-gaap-ci:ImpairmentLossesNonFinancialAssets contextRef="From20090101To20090930" decimals="-3" unitRef="TWD">30645000</tw-gaap-ci:ImpairmentLossesNonFinancialAssets>
<tw-gaap-ci:LossGainDeferredIncomeTax contextRef="From20100101To20100930" decimals="-3" unitRef="TWD">343850000</tw-gaap-ci:LossGainDeferredIncomeTax>
<tw-gaap-ci:LossGainDeferredIncomeTax contextRef="From20090101To20090930" decimals="-3" unitRef="TWD">-88088000</tw-gaap-ci:LossGainDeferredIncomeTax>
<tw-gaap-ci:OtherAdjustmentsReconcileNetIncomeNetCashProvidedUsedOperatingActivities contextRef="From20100101To20100930" decimals="-3" unitRef="TWD">43560000</tw-gaap-ci:OtherAdjustmentsReconcileNetIncomeNetCashProvidedUsedOperatingActivities>
<tw-gaap-ci:OtherAdjustmentsReconcileNetIncomeNetCashProvidedUsedOperatingActivities contextRef="From20090101To20090930" decimals="-3" unitRef="TWD">3154000</tw-gaap-ci:OtherAdjustmentsReconcileNetIncomeNetCashProvidedUsedOperatingActivities>
<tw-gaap-ci:ChangesOperatingAssetsLiabilities contextRef="From20100101To20100930" decimals="-3" unitRef="TWD">-1044599000</tw-gaap-ci:ChangesOperatingAssetsLiabilities>
<tw-gaap-ci:ChangesOperatingAssetsLiabilities contextRef="From20090101To20090930" decimals="-3" unitRef="TWD">-526040000</tw-gaap-ci:ChangesOperatingAssetsLiabilities>
<tw-gaap-ci:ChangesOperatingAssets contextRef="From20100101To20100930" decimals="-3" unitRef="TWD">-1736339000</tw-gaap-ci:ChangesOperatingAssets>
<tw-gaap-ci:ChangesOperatingAssets contextRef="From20090101To20090930" decimals="-3" unitRef="TWD">-511880000</tw-gaap-ci:ChangesOperatingAssets>
<tw-gaap-ci:ChangesFinancialAssetsHeldTrading contextRef="From20100101To20100930" decimals="-3" unitRef="TWD">-1504142000</tw-gaap-ci:ChangesFinancialAssetsHeldTrading>
<tw-gaap-ci:ChangesFinancialAssetsHeldTrading contextRef="From20090101To20090930" decimals="-3" unitRef="TWD">-488155000</tw-gaap-ci:ChangesFinancialAssetsHeldTrading>
<tw-gaap-ci:ChangesAccountsReceivable contextRef="From20100101To20100930" decimals="-3" unitRef="TWD">-9318000</tw-gaap-ci:ChangesAccountsReceivable>
<tw-gaap-ci:ChangesAccountsReceivable contextRef="From20090101To20090930" decimals="-3" unitRef="TWD">-10369000</tw-gaap-ci:ChangesAccountsReceivable>
<tw-gaap-ci:ChangesAccountsReceivableRelatedParties contextRef="From20100101To20100930" decimals="-3" unitRef="TWD">-273317000</tw-gaap-ci:ChangesAccountsReceivableRelatedParties>
<tw-gaap-ci:ChangesAccountsReceivableRelatedParties contextRef="From20090101To20090930" decimals="-3" unitRef="TWD">-49027000</tw-gaap-ci:ChangesAccountsReceivableRelatedParties>
<tw-gaap-ci:ChangesInventories contextRef="From20100101To20100930" decimals="-3" unitRef="TWD">-669000</tw-gaap-ci:ChangesInventories>
<tw-gaap-ci:ChangesInventories contextRef="From20090101To20090930" decimals="-3" unitRef="TWD">-1652000</tw-gaap-ci:ChangesInventories>
<tw-gaap-ci:ChangesOtherPrepayments contextRef="From20100101To20100930" decimals="-3" unitRef="TWD">-802000</tw-gaap-ci:ChangesOtherPrepayments>
<tw-gaap-ci:ChangesOtherPrepayments contextRef="From20090101To20090930" decimals="-3" unitRef="TWD">21852000</tw-gaap-ci:ChangesOtherPrepayments>
<tw-gaap-ci:ChangesOtherCurrentAssets_CI contextRef="From20100101To20100930" decimals="-3" unitRef="TWD">36632000</tw-gaap-ci:ChangesOtherCurrentAssets_CI>
<tw-gaap-ci:ChangesOtherCurrentAssets_CI contextRef="From20090101To20090930" decimals="-3" unitRef="TWD">-682000</tw-gaap-ci:ChangesOtherCurrentAssets_CI>
<tw-gaap-ci:ChangesOtherFinancialAssets_CI contextRef="From20100101To20100930" decimals="-3" unitRef="TWD">15277000</tw-gaap-ci:ChangesOtherFinancialAssets_CI>
<tw-gaap-ci:ChangesOtherFinancialAssets_CI contextRef="From20090101To20090930" decimals="-3" unitRef="TWD">16153000</tw-gaap-ci:ChangesOtherFinancialAssets_CI>
<tw-gaap-ci:ChangesOperatingLiabilities contextRef="From20100101To20100930" decimals="-3" unitRef="TWD">691740000</tw-gaap-ci:ChangesOperatingLiabilities>
<tw-gaap-ci:ChangesOperatingLiabilities contextRef="From20090101To20090930" decimals="-3" unitRef="TWD">-14160000</tw-gaap-ci:ChangesOperatingLiabilities>
<tw-gaap-ci:ChangesAccountsPayable contextRef="From20100101To20100930" decimals="-3" unitRef="TWD">45113000</tw-gaap-ci:ChangesAccountsPayable>
<tw-gaap-ci:ChangesAccountsPayable contextRef="From20090101To20090930" decimals="-3" unitRef="TWD">-20704000</tw-gaap-ci:ChangesAccountsPayable>
<tw-gaap-ci:ChangesAccountsPayableRelatedParties contextRef="From20100101To20100930" decimals="-3" unitRef="TWD">532503000</tw-gaap-ci:ChangesAccountsPayableRelatedParties>
<tw-gaap-ci:ChangesAccountsPayableRelatedParties contextRef="From20090101To20090930" decimals="-3" unitRef="TWD">166490000</tw-gaap-ci:ChangesAccountsPayableRelatedParties>
<tw-gaap-ci:ChangesIncomeTaxPayable contextRef="From20100101To20100930" decimals="-3" unitRef="TWD">-22429000</tw-gaap-ci:ChangesIncomeTaxPayable>
<tw-gaap-ci:ChangesIncomeTaxPayable contextRef="From20090101To20090930" decimals="-3" unitRef="TWD">-9225000</tw-gaap-ci:ChangesIncomeTaxPayable>
<tw-gaap-ci:ChangesAccruedExpenses contextRef="From20100101To20100930" decimals="-3" unitRef="TWD">140560000</tw-gaap-ci:ChangesAccruedExpenses>
<tw-gaap-ci:ChangesAccruedExpenses contextRef="From20090101To20090930" decimals="-3" unitRef="TWD">-136327000</tw-gaap-ci:ChangesAccruedExpenses>
<tw-gaap-ci:ChangesOtherCurrentLiabilities_CI contextRef="From20100101To20100930" decimals="-3" unitRef="TWD">-4007000</tw-gaap-ci:ChangesOtherCurrentLiabilities_CI>
<tw-gaap-ci:ChangesOtherCurrentLiabilities_CI contextRef="From20090101To20090930" decimals="-3" unitRef="TWD">-14394000</tw-gaap-ci:ChangesOtherCurrentLiabilities_CI>
<tw-gaap-ci:NetCashProvidedUsedInvestingActivities contextRef="From20100101To20100930" decimals="-3" unitRef="TWD">-157015000</tw-gaap-ci:NetCashProvidedUsedInvestingActivities>
<tw-gaap-ci:NetCashProvidedUsedInvestingActivities contextRef="From20090101To20090930" decimals="-3" unitRef="TWD">-316618000</tw-gaap-ci:NetCashProvidedUsedInvestingActivities>
<tw-gaap-ci:AcquisitionPropertyPlantEquipment contextRef="From20100101To20100930" decimals="-3" unitRef="TWD">-4720000</tw-gaap-ci:AcquisitionPropertyPlantEquipment>
<tw-gaap-ci:AcquisitionPropertyPlantEquipment contextRef="From20090101To20090930" decimals="-3" unitRef="TWD">-12322000</tw-gaap-ci:AcquisitionPropertyPlantEquipment>
<tw-gaap-ci:ProceedsDisposalPropertyPlantEquipment contextRef="From20090101To20090930" decimals="-3" unitRef="TWD">2190000</tw-gaap-ci:ProceedsDisposalPropertyPlantEquipment>
<tw-gaap-ci:ChangesRefundableDeposits contextRef="From20100101To20100930" decimals="-3" unitRef="TWD">3379000</tw-gaap-ci:ChangesRefundableDeposits>
<tw-gaap-ci:ChangesRefundableDeposits contextRef="From20090101To20090930" decimals="-3" unitRef="TWD">1384000</tw-gaap-ci:ChangesRefundableDeposits>
<tw-gaap-ci:IncreaseDeferredCharges contextRef="From20100101To20100930" decimals="-3" unitRef="TWD">-155674000</tw-gaap-ci:IncreaseDeferredCharges>
<tw-gaap-ci:IncreaseDeferredCharges contextRef="From20090101To20090930" decimals="-3" unitRef="TWD">-307870000</tw-gaap-ci:IncreaseDeferredCharges>
<tw-gaap-ci:NetCashProvidedUsedFinancingActivities contextRef="From20090101To20090930" decimals="-3" unitRef="TWD">100000000</tw-gaap-ci:NetCashProvidedUsedFinancingActivities>
<tw-gaap-ci:ChangesShortTermLoans contextRef="From20090101To20090930" decimals="-3" unitRef="TWD">100000000</tw-gaap-ci:ChangesShortTermLoans>
<tw-gaap-ci:CashCashEquivalents contextRef="AsOf20100101" decimals="-3" unitRef="TWD">690758000</tw-gaap-ci:CashCashEquivalents>
<tw-gaap-ci:CashCashEquivalents contextRef="AsOf20090101" decimals="-3" unitRef="TWD">1053862000</tw-gaap-ci:CashCashEquivalents>
<tw-gaap-ci:InterestPaidExcludingCapitalizedInterest contextRef="From20100101To20100930" decimals="-3" unitRef="TWD">930000</tw-gaap-ci:InterestPaidExcludingCapitalizedInterest>
<tw-gaap-ci:InterestPaidExcludingCapitalizedInterest contextRef="From20090101To20090930" decimals="-3" unitRef="TWD">2647000</tw-gaap-ci:InterestPaidExcludingCapitalizedInterest>
<tw-gaap-ci:InterestPaid contextRef="From20100101To20100930" decimals="-3" unitRef="TWD">930000</tw-gaap-ci:InterestPaid>
<tw-gaap-ci:InterestPaid contextRef="From20090101To20090930" decimals="-3" unitRef="TWD">2647000</tw-gaap-ci:InterestPaid>
<tw-gaap-ci:IncomeTaxPaid contextRef="From20100101To20100930" decimals="-3" unitRef="TWD">9817000</tw-gaap-ci:IncomeTaxPaid>
<tw-gaap-ci:IncomeTaxPaid contextRef="From20090101To20090930" decimals="-3" unitRef="TWD">33676000</tw-gaap-ci:IncomeTaxPaid>
<tw-gaap-ar:AccountantName contextRef="AsOf20101018">勤業眾信聯合會計師事務所</tw-gaap-ar:AccountantName>
<tw-gaap-ar:AssuranceAccountantName1 contextRef="AsOf20101018">吳恩銘</tw-gaap-ar:AssuranceAccountantName1>
<tw-gaap-ar:AssuranceAccountantName2 contextRef="AsOf20101018">陳招美</tw-gaap-ar:AssuranceAccountantName2>
<tw-gaap-ar:ReviewAuditDate contextRef="AsOf20101018">2010-10-18</tw-gaap-ar:ReviewAuditDate>
<tw-gaap-ar:ReviewReport contextRef="AsOf20101018">Y</tw-gaap-ar:ReviewReport>
<tw-gaap-ar:QualifiedOpinionAbstract contextRef="AsOf20101018">Y</tw-gaap-ar:QualifiedOpinionAbstract>
<tw-gaap-ar:ByInvestmentCompaniesWithoutAccountantAuditReportRecognizedGainLoss contextRef="AsOf20101018">Y</tw-gaap-ar:ByInvestmentCompaniesWithoutAccountantAuditReportRecognizedGainLoss>


<tw-gaap-ar:AccountantsReportBody contextRef="AsOf20101018"><![CDATA[會計師核閱報告

裕隆日產汽車股份有限公司　公鑒：

　　裕隆日產汽車股份有限公司民國九十九年及九十八年九月三十日之資產
負債表，暨民國九十九年及九十八年一月一日至九月三十日之損益表及現金
流量表，業經本會計師核閱竣事。上開財務報表之編製係管理階層之責任，
本會計師之責任則為根據核閱結果出具報告。
　　除下段所述者外，本會計師係依照審計準則公報第三十六號「財務報表
之核閱」規劃並執行核閱工作。由於本會計師僅實施分析、比較與查詢，並
未依照一般公認審計準則查核，因是無法對上開財務報表之整體表示查核意
見。
　　如財務報表附註九所述，裕隆日產汽車股份有限公司民國九十九年及九
十八年九月三十日採權益法之長期股權投資餘額分別計新台幣15,611,656仟
元及13,434,246仟元，暨其前三季認列之相關投資收益分別計新台幣
2,195,948仟元及1,748,074仟元，係依據被投資公司同期間未經會計師核閱之
財務報表計算。
　　依本會計師核閱結果，除上段所述該被投資公司財務報表倘經會計師核
閱，對財務報表可能有所調整外，並未發現第一段所述財務報表在所有重大
方面有違反證券發行人財務報告編製準則、商業會計法及商業會計處理準則
中與財務會計準則相關之規定暨一般公認會計原則而須作修正之情事。
　　如財務報表附註三所述，裕隆日產汽車股份有限公司自民國九十八年一
月一日起，採用新修訂之財務會計準則公報第十號「存貨之會計處理準則」。

勤業眾信聯合會計師事務所
會 計 師　　吳　　恩　　銘　　　　　　  會 計 師　　陳　　招　　美　　　　


財政部證券暨期貨管理委員會核准文號　　財政部證券暨期貨管理委員會核准文號
　台財證六字第0920123784號　　　　　  　台財證六字第0920123784號　　　　


中　　　華　　　民　　　國　　九十九　　年　　十　　月　　十八　　日]]></tw-gaap-ar:AccountantsReportBody>
<tw-gaap-notes:FinancialReportnotes contextRef="AsOf20100930"><![CDATA[http://doc.twse.com.tw/server-java/t57sb01?step=1&colorchg=1&co_id=2227&year=99&seamon=3&mtype=A&]]></tw-gaap-notes:FinancialReportnotes>
</xbrl>
