<?xml version="1.0" encoding="Big5"?>
<xbrl xmlns="http://www.xbrl.org/2003/instance" xmlns:iso4217="http://www.xbrl.org/2003/iso4217" xmlns:link="http://www.xbrl.org/2003/linkbase" xmlns:tw-gaap-ci="http://www.xbrl.org/tw/fr/gaap/tw-gaap-ci-2010-03-31" xmlns:xbrldi="http://xbrl.org/2006/xbrldi" xmlns:xbrli="http://www.xbrl.org/2003/instance" xmlns:xlink="http://www.w3.org/1999/xlink">
	<link:schemaRef xlink:arcrole="http://www.w3.org/1999/xlink/properties/linkbase" xlink:href="tw-gaap-ci-2010-03-31.xsd" xlink:type="simple"/>	<context id="AsOf20100331">

				<entity>

						<identifier scheme="http://www.twse.com.tw">1233</identifier>

				</entity>

				<period>

						<instant>2010-03-31</instant>

				</period>

		</context>
	<context id="From20100101To20100331">

				<entity>

						<identifier scheme="http://www.twse.com.tw">1233</identifier>

				</entity>

				<period>

						<startDate>2010-01-01</startDate>

						<endDate>2010-03-31</endDate>

				</period>

		</context>
	<context id="AsOf20090331">

				<entity>

						<identifier scheme="http://www.twse.com.tw">1233</identifier>

				</entity>

				<period>

						<instant>2009-03-31</instant>

				</period>

		</context>
	<context id="From20090101To20090331">

				<entity>

						<identifier scheme="http://www.twse.com.tw">1233</identifier>

				</entity>

				<period>

						<startDate>2009-01-01</startDate>

						<endDate>2009-03-31</endDate>

				</period>

		</context>
	<context id="AsOf20100101">

				<entity>

						<identifier scheme="http://www.twse.com.tw">1233</identifier>

				</entity>

				<period>

						<instant>2010-01-01</instant>

				</period>

		</context>
	<context id="AsOf20090101">

				<entity>

						<identifier scheme="http://www.twse.com.tw">1233</identifier>

				</entity>

				<period>

						<instant>2009-01-01</instant>

				</period>

		</context>
	<unit id="TWD">
		<measure>iso4217:TWD</measure>
	</unit>
	<unit id="Shares">
		<measure>xbrli:shares</measure>
	</unit>
	<unit id="EarningsPerShare">
		<divide>
			<unitNumerator>
				<measure>iso4217:TWD</measure>
			</unitNumerator>
			<unitDenominator>
				<measure>xbrli:shares</measure>
			</unitDenominator>
		</divide>
	</unit>
	<tw-gaap-ci:CashHand contextRef="AsOf20100331" decimals="-3" unitRef="TWD">1109000</tw-gaap-ci:CashHand>
	<tw-gaap-ci:CashHand contextRef="AsOf20090331" decimals="-3" unitRef="TWD">1207000</tw-gaap-ci:CashHand>
	<tw-gaap-ci:PettyCashRevolvingFunds contextRef="AsOf20100331" decimals="-3" unitRef="TWD">2850000</tw-gaap-ci:PettyCashRevolvingFunds>
	<tw-gaap-ci:PettyCashRevolvingFunds contextRef="AsOf20090331" decimals="-3" unitRef="TWD">2820000</tw-gaap-ci:PettyCashRevolvingFunds>
	<tw-gaap-ci:CashBanks contextRef="AsOf20100331" decimals="-3" unitRef="TWD">242367000</tw-gaap-ci:CashBanks>
	<tw-gaap-ci:CashBanks contextRef="AsOf20090331" decimals="-3" unitRef="TWD">224432000</tw-gaap-ci:CashBanks>
	<tw-gaap-ci:CashCashEquivalents contextRef="AsOf20100331" decimals="-3" unitRef="TWD">246326000</tw-gaap-ci:CashCashEquivalents>
	<tw-gaap-ci:CashCashEquivalents contextRef="AsOf20090331" decimals="-3" unitRef="TWD">228459000</tw-gaap-ci:CashCashEquivalents>
	<tw-gaap-ci:NotesReceivable contextRef="AsOf20100331" decimals="-3" unitRef="TWD">16175000</tw-gaap-ci:NotesReceivable>
	<tw-gaap-ci:NotesReceivable contextRef="AsOf20090331" decimals="-3" unitRef="TWD">12792000</tw-gaap-ci:NotesReceivable>
	<tw-gaap-ci:AllowanceDoubtfulAccountsNotesReceivable contextRef="AsOf20100331" decimals="-3" unitRef="TWD">138000</tw-gaap-ci:AllowanceDoubtfulAccountsNotesReceivable>
	<tw-gaap-ci:AllowanceDoubtfulAccountsNotesReceivable contextRef="AsOf20090331" decimals="-3" unitRef="TWD">138000</tw-gaap-ci:AllowanceDoubtfulAccountsNotesReceivable>
	<tw-gaap-ci:NetNotesReceivable contextRef="AsOf20100331" decimals="-3" unitRef="TWD">16037000</tw-gaap-ci:NetNotesReceivable>
	<tw-gaap-ci:NetNotesReceivable contextRef="AsOf20090331" decimals="-3" unitRef="TWD">12654000</tw-gaap-ci:NetNotesReceivable>
	<tw-gaap-ci:NotesReceivableRelatedParties contextRef="AsOf20100331" decimals="-3" unitRef="TWD">0</tw-gaap-ci:NotesReceivableRelatedParties>
	<tw-gaap-ci:NotesReceivableRelatedParties contextRef="AsOf20090331" decimals="-3" unitRef="TWD">0</tw-gaap-ci:NotesReceivableRelatedParties>
	<tw-gaap-ci:AllowanceDoubtfulAccountsNotesReceivableRelatedParties contextRef="AsOf20100331" decimals="-3" unitRef="TWD">0</tw-gaap-ci:AllowanceDoubtfulAccountsNotesReceivableRelatedParties>
	<tw-gaap-ci:AllowanceDoubtfulAccountsNotesReceivableRelatedParties contextRef="AsOf20090331" decimals="-3" unitRef="TWD">0</tw-gaap-ci:AllowanceDoubtfulAccountsNotesReceivableRelatedParties>
	<tw-gaap-ci:NetNotesReceivableRelatedParties contextRef="AsOf20100331" decimals="-3" unitRef="TWD">0</tw-gaap-ci:NetNotesReceivableRelatedParties>
	<tw-gaap-ci:NetNotesReceivableRelatedParties contextRef="AsOf20090331" decimals="-3" unitRef="TWD">0</tw-gaap-ci:NetNotesReceivableRelatedParties>
	<tw-gaap-ci:AccountsReceivable contextRef="AsOf20100331" decimals="-3" unitRef="TWD">190733000</tw-gaap-ci:AccountsReceivable>
	<tw-gaap-ci:AccountsReceivable contextRef="AsOf20090331" decimals="-3" unitRef="TWD">187095000</tw-gaap-ci:AccountsReceivable>
	<tw-gaap-ci:AllowanceDoubtfulAccountsAccountsReceivableInstallmentAccountsLeases contextRef="AsOf20100331" decimals="-3" unitRef="TWD">2841000</tw-gaap-ci:AllowanceDoubtfulAccountsAccountsReceivableInstallmentAccountsLeases>
	<tw-gaap-ci:AllowanceDoubtfulAccountsAccountsReceivableInstallmentAccountsLeases contextRef="AsOf20090331" decimals="-3" unitRef="TWD">3108000</tw-gaap-ci:AllowanceDoubtfulAccountsAccountsReceivableInstallmentAccountsLeases>
	<tw-gaap-ci:NetAccountsReceivable contextRef="AsOf20100331" decimals="-3" unitRef="TWD">187892000</tw-gaap-ci:NetAccountsReceivable>
	<tw-gaap-ci:NetAccountsReceivable contextRef="AsOf20090331" decimals="-3" unitRef="TWD">183987000</tw-gaap-ci:NetAccountsReceivable>
	<tw-gaap-ci:AccountsReceivableRelatedParties contextRef="AsOf20100331" decimals="-3" unitRef="TWD">8002000</tw-gaap-ci:AccountsReceivableRelatedParties>
	<tw-gaap-ci:AccountsReceivableRelatedParties contextRef="AsOf20090331" decimals="-3" unitRef="TWD">6979000</tw-gaap-ci:AccountsReceivableRelatedParties>
	<tw-gaap-ci:AllowanceDoubtfulAccountsAccountsReceivableInstallmentAccountsLeasesRelatedParties contextRef="AsOf20100331" decimals="-3" unitRef="TWD">0</tw-gaap-ci:AllowanceDoubtfulAccountsAccountsReceivableInstallmentAccountsLeasesRelatedParties>
	<tw-gaap-ci:AllowanceDoubtfulAccountsAccountsReceivableInstallmentAccountsLeasesRelatedParties contextRef="AsOf20090331" decimals="-3" unitRef="TWD">0</tw-gaap-ci:AllowanceDoubtfulAccountsAccountsReceivableInstallmentAccountsLeasesRelatedParties>
	<tw-gaap-ci:NetAccountsReceivableRelatedParties contextRef="AsOf20100331" decimals="-3" unitRef="TWD">8002000</tw-gaap-ci:NetAccountsReceivableRelatedParties>
	<tw-gaap-ci:NetAccountsReceivableRelatedParties contextRef="AsOf20090331" decimals="-3" unitRef="TWD">6979000</tw-gaap-ci:NetAccountsReceivableRelatedParties>
	<tw-gaap-ci:OtherReceivablesOther contextRef="AsOf20100331" decimals="-3" unitRef="TWD">9411000</tw-gaap-ci:OtherReceivablesOther>
	<tw-gaap-ci:OtherReceivablesOther contextRef="AsOf20090331" decimals="-3" unitRef="TWD">2269000</tw-gaap-ci:OtherReceivablesOther>
	<tw-gaap-ci:OtherReceivables contextRef="AsOf20100331" decimals="-3" unitRef="TWD">9411000</tw-gaap-ci:OtherReceivables>
	<tw-gaap-ci:OtherReceivables contextRef="AsOf20090331" decimals="-3" unitRef="TWD">2269000</tw-gaap-ci:OtherReceivables>
	<tw-gaap-ci:MerchandiseInventory contextRef="AsOf20100331" decimals="-3" unitRef="TWD">38946000</tw-gaap-ci:MerchandiseInventory>
	<tw-gaap-ci:MerchandiseInventory contextRef="AsOf20090331" decimals="-3" unitRef="TWD">39236000</tw-gaap-ci:MerchandiseInventory>
	<tw-gaap-ci:InventoriesMerchandising contextRef="AsOf20100331" decimals="-3" unitRef="TWD">38946000</tw-gaap-ci:InventoriesMerchandising>
	<tw-gaap-ci:InventoriesMerchandising contextRef="AsOf20090331" decimals="-3" unitRef="TWD">39236000</tw-gaap-ci:InventoriesMerchandising>
	<tw-gaap-ci:FinishedGoods contextRef="AsOf20100331" decimals="-3" unitRef="TWD">64559000</tw-gaap-ci:FinishedGoods>
	<tw-gaap-ci:FinishedGoods contextRef="AsOf20090331" decimals="-3" unitRef="TWD">71852000</tw-gaap-ci:FinishedGoods>
	<tw-gaap-ci:ByProducts contextRef="AsOf20100331" decimals="-3" unitRef="TWD">277000</tw-gaap-ci:ByProducts>
	<tw-gaap-ci:ByProducts contextRef="AsOf20090331" decimals="-3" unitRef="TWD">210000</tw-gaap-ci:ByProducts>
	<tw-gaap-ci:WorkProcess contextRef="AsOf20100331" decimals="-3" unitRef="TWD">43673000</tw-gaap-ci:WorkProcess>
	<tw-gaap-ci:WorkProcess contextRef="AsOf20090331" decimals="-3" unitRef="TWD">46386000</tw-gaap-ci:WorkProcess>
	<tw-gaap-ci:RawMaterials contextRef="AsOf20100331" decimals="-3" unitRef="TWD">51172000</tw-gaap-ci:RawMaterials>
	<tw-gaap-ci:RawMaterials contextRef="AsOf20090331" decimals="-3" unitRef="TWD">53372000</tw-gaap-ci:RawMaterials>
	<tw-gaap-ci:AllowanceInventoryValuationObsolescenceLosses_Manufacturing contextRef="AsOf20100331" decimals="-3" unitRef="TWD">2168000</tw-gaap-ci:AllowanceInventoryValuationObsolescenceLosses_Manufacturing>
	<tw-gaap-ci:AllowanceInventoryValuationObsolescenceLosses_Manufacturing contextRef="AsOf20090331" decimals="-3" unitRef="TWD">2168000</tw-gaap-ci:AllowanceInventoryValuationObsolescenceLosses_Manufacturing>
	<tw-gaap-ci:InventoriesManufacturing contextRef="AsOf20100331" decimals="-3" unitRef="TWD">157513000</tw-gaap-ci:InventoriesManufacturing>
	<tw-gaap-ci:InventoriesManufacturing contextRef="AsOf20090331" decimals="-3" unitRef="TWD">169652000</tw-gaap-ci:InventoriesManufacturing>
	<tw-gaap-ci:Inventories contextRef="AsOf20100331" decimals="-3" unitRef="TWD">196459000</tw-gaap-ci:Inventories>
	<tw-gaap-ci:Inventories contextRef="AsOf20090331" decimals="-3" unitRef="TWD">208888000</tw-gaap-ci:Inventories>
	<tw-gaap-ci:PrepaidRents contextRef="AsOf20100331" decimals="-3" unitRef="TWD">4882000</tw-gaap-ci:PrepaidRents>
	<tw-gaap-ci:PrepaidRents contextRef="AsOf20090331" decimals="-3" unitRef="TWD">2460000</tw-gaap-ci:PrepaidRents>
	<tw-gaap-ci:OfficeSupplies contextRef="AsOf20100331" decimals="-3" unitRef="TWD">0</tw-gaap-ci:OfficeSupplies>
	<tw-gaap-ci:OfficeSupplies contextRef="AsOf20090331" decimals="-3" unitRef="TWD">0</tw-gaap-ci:OfficeSupplies>
	<tw-gaap-ci:OtherPrepaidExpenses contextRef="AsOf20100331" decimals="-3" unitRef="TWD">3355000</tw-gaap-ci:OtherPrepaidExpenses>
	<tw-gaap-ci:OtherPrepaidExpenses contextRef="AsOf20090331" decimals="-3" unitRef="TWD">3385000</tw-gaap-ci:OtherPrepaidExpenses>
	<tw-gaap-ci:PrepaidExpenses contextRef="AsOf20100331" decimals="-3" unitRef="TWD">8237000</tw-gaap-ci:PrepaidExpenses>
	<tw-gaap-ci:PrepaidExpenses contextRef="AsOf20090331" decimals="-3" unitRef="TWD">5845000</tw-gaap-ci:PrepaidExpenses>
	<tw-gaap-ci:PrepaymentPurchases contextRef="AsOf20100331" decimals="-3" unitRef="TWD">8000</tw-gaap-ci:PrepaymentPurchases>
	<tw-gaap-ci:PrepaymentPurchases contextRef="AsOf20090331" decimals="-3" unitRef="TWD">655000</tw-gaap-ci:PrepaymentPurchases>
	<tw-gaap-ci:OtherPrepayments_OtherPrepayments contextRef="AsOf20100331" decimals="-3" unitRef="TWD">0</tw-gaap-ci:OtherPrepayments_OtherPrepayments>
	<tw-gaap-ci:OtherPrepayments_OtherPrepayments contextRef="AsOf20090331" decimals="-3" unitRef="TWD">0</tw-gaap-ci:OtherPrepayments_OtherPrepayments>
	<tw-gaap-ci:OtherPrepayments contextRef="AsOf20100331" decimals="-3" unitRef="TWD">8000</tw-gaap-ci:OtherPrepayments>
	<tw-gaap-ci:OtherPrepayments contextRef="AsOf20090331" decimals="-3" unitRef="TWD">655000</tw-gaap-ci:OtherPrepayments>
	<tw-gaap-ci:TemporaryPayments contextRef="AsOf20100331" decimals="-3" unitRef="TWD">1464000</tw-gaap-ci:TemporaryPayments>
	<tw-gaap-ci:TemporaryPayments contextRef="AsOf20090331" decimals="-3" unitRef="TWD">291000</tw-gaap-ci:TemporaryPayments>
	<tw-gaap-ci:AdvancesEmployeesShipCrew contextRef="AsOf20100331" decimals="-3" unitRef="TWD">0</tw-gaap-ci:AdvancesEmployeesShipCrew>
	<tw-gaap-ci:AdvancesEmployeesShipCrew contextRef="AsOf20090331" decimals="-3" unitRef="TWD">0</tw-gaap-ci:AdvancesEmployeesShipCrew>
	<tw-gaap-ci:DeferredIncomeTaxAssetsCurrent contextRef="AsOf20100331" decimals="-3" unitRef="TWD">0</tw-gaap-ci:DeferredIncomeTaxAssetsCurrent>
	<tw-gaap-ci:DeferredIncomeTaxAssetsCurrent contextRef="AsOf20090331" decimals="-3" unitRef="TWD">1222000</tw-gaap-ci:DeferredIncomeTaxAssetsCurrent>
	<tw-gaap-ci:OthercurrentAssetsOther contextRef="AsOf20100331" decimals="-3" unitRef="TWD">0</tw-gaap-ci:OthercurrentAssetsOther>
	<tw-gaap-ci:OthercurrentAssetsOther contextRef="AsOf20090331" decimals="-3" unitRef="TWD">0</tw-gaap-ci:OthercurrentAssetsOther>
	<tw-gaap-ci:OtherCurrentAssets contextRef="AsOf20100331" decimals="-3" unitRef="TWD">1464000</tw-gaap-ci:OtherCurrentAssets>
	<tw-gaap-ci:OtherCurrentAssets contextRef="AsOf20090331" decimals="-3" unitRef="TWD">1513000</tw-gaap-ci:OtherCurrentAssets>
	<tw-gaap-ci:CurrentAssets contextRef="AsOf20100331" decimals="-3" unitRef="TWD">673836000</tw-gaap-ci:CurrentAssets>
	<tw-gaap-ci:CurrentAssets contextRef="AsOf20090331" decimals="-3" unitRef="TWD">651249000</tw-gaap-ci:CurrentAssets>
	<tw-gaap-ci:FinancialAssetsCarriedCostNoncurrent contextRef="AsOf20100331" decimals="-3" unitRef="TWD">3860000</tw-gaap-ci:FinancialAssetsCarriedCostNoncurrent>
	<tw-gaap-ci:FinancialAssetsCarriedCostNoncurrent contextRef="AsOf20090331" decimals="-3" unitRef="TWD">3860000</tw-gaap-ci:FinancialAssetsCarriedCostNoncurrent>
	<tw-gaap-ci:NetFinancialAssetsCarriedCostNonCurrent contextRef="AsOf20100331" decimals="-3" unitRef="TWD">3860000</tw-gaap-ci:NetFinancialAssetsCarriedCostNonCurrent>
	<tw-gaap-ci:NetFinancialAssetsCarriedCostNonCurrent contextRef="AsOf20090331" decimals="-3" unitRef="TWD">3860000</tw-gaap-ci:NetFinancialAssetsCarriedCostNonCurrent>
	<tw-gaap-ci:LongtermInvestmentsEquity contextRef="AsOf20100331" decimals="-3" unitRef="TWD">68988000</tw-gaap-ci:LongtermInvestmentsEquity>
	<tw-gaap-ci:LongtermInvestmentsEquity contextRef="AsOf20090331" decimals="-3" unitRef="TWD">35675000</tw-gaap-ci:LongtermInvestmentsEquity>
	<tw-gaap-ci:LongtermInvestments contextRef="AsOf20100331" decimals="-3" unitRef="TWD">68988000</tw-gaap-ci:LongtermInvestments>
	<tw-gaap-ci:LongtermInvestments contextRef="AsOf20090331" decimals="-3" unitRef="TWD">35675000</tw-gaap-ci:LongtermInvestments>
	<tw-gaap-ci:AccumulatedImpairmentInvestments contextRef="AsOf20100331" decimals="-3" unitRef="TWD">0</tw-gaap-ci:AccumulatedImpairmentInvestments>
	<tw-gaap-ci:AccumulatedImpairmentInvestments contextRef="AsOf20090331" decimals="-3" unitRef="TWD">0</tw-gaap-ci:AccumulatedImpairmentInvestments>
	<tw-gaap-ci:FundsInvestments contextRef="AsOf20100331" decimals="-3" unitRef="TWD">72848000</tw-gaap-ci:FundsInvestments>
	<tw-gaap-ci:FundsInvestments contextRef="AsOf20090331" decimals="-3" unitRef="TWD">39535000</tw-gaap-ci:FundsInvestments>
	<tw-gaap-ci:Land contextRef="AsOf20100331" decimals="-3" unitRef="TWD">507764000</tw-gaap-ci:Land>
	<tw-gaap-ci:Land contextRef="AsOf20090331" decimals="-3" unitRef="TWD">529761000</tw-gaap-ci:Land>
	<tw-gaap-ci:BuildingsStructures contextRef="AsOf20100331" decimals="-3" unitRef="TWD">239454000</tw-gaap-ci:BuildingsStructures>
	<tw-gaap-ci:BuildingsStructures contextRef="AsOf20090331" decimals="-3" unitRef="TWD">246930000</tw-gaap-ci:BuildingsStructures>
	<tw-gaap-ci:MachineryEquipment contextRef="AsOf20100331" decimals="-3" unitRef="TWD">53298000</tw-gaap-ci:MachineryEquipment>
	<tw-gaap-ci:MachineryEquipment contextRef="AsOf20090331" decimals="-3" unitRef="TWD">53298000</tw-gaap-ci:MachineryEquipment>
	<tw-gaap-ci:TransportationEquipment contextRef="AsOf20100331" decimals="-3" unitRef="TWD">45571000</tw-gaap-ci:TransportationEquipment>
	<tw-gaap-ci:TransportationEquipment contextRef="AsOf20090331" decimals="-3" unitRef="TWD">44880000</tw-gaap-ci:TransportationEquipment>
	<tw-gaap-ci:OfficeEquipment contextRef="AsOf20100331" decimals="-3" unitRef="TWD">174636000</tw-gaap-ci:OfficeEquipment>
	<tw-gaap-ci:OfficeEquipment contextRef="AsOf20090331" decimals="-3" unitRef="TWD">169797000</tw-gaap-ci:OfficeEquipment>
	<tw-gaap-ci:LeaseholdImprovements contextRef="AsOf20100331" decimals="-3" unitRef="TWD">262402000</tw-gaap-ci:LeaseholdImprovements>
	<tw-gaap-ci:LeaseholdImprovements contextRef="AsOf20090331" decimals="-3" unitRef="TWD">255386000</tw-gaap-ci:LeaseholdImprovements>
	<tw-gaap-ci:OtherFacilities contextRef="AsOf20100331" decimals="-3" unitRef="TWD">4982000</tw-gaap-ci:OtherFacilities>
	<tw-gaap-ci:OtherFacilities contextRef="AsOf20090331" decimals="-3" unitRef="TWD">4981000</tw-gaap-ci:OtherFacilities>
	<tw-gaap-ci:FixedAssetsOriginalCosts contextRef="AsOf20100331" decimals="-3" unitRef="TWD">1288107000</tw-gaap-ci:FixedAssetsOriginalCosts>
	<tw-gaap-ci:FixedAssetsOriginalCosts contextRef="AsOf20090331" decimals="-3" unitRef="TWD">1305033000</tw-gaap-ci:FixedAssetsOriginalCosts>
	<tw-gaap-ci:RevaluationIncrement contextRef="AsOf20100331" decimals="-3" unitRef="TWD">0</tw-gaap-ci:RevaluationIncrement>
	<tw-gaap-ci:RevaluationIncrement contextRef="AsOf20090331" decimals="-3" unitRef="TWD">0</tw-gaap-ci:RevaluationIncrement>
	<tw-gaap-ci:CostsRevaluationIncrement contextRef="AsOf20100331" decimals="-3" unitRef="TWD">1288107000</tw-gaap-ci:CostsRevaluationIncrement>
	<tw-gaap-ci:CostsRevaluationIncrement contextRef="AsOf20090331" decimals="-3" unitRef="TWD">1305033000</tw-gaap-ci:CostsRevaluationIncrement>
	<tw-gaap-ci:AccumulateddepreciationBuildingsStructures contextRef="AsOf20100331" decimals="-3" unitRef="TWD">86204000</tw-gaap-ci:AccumulateddepreciationBuildingsStructures>
	<tw-gaap-ci:AccumulateddepreciationBuildingsStructures contextRef="AsOf20090331" decimals="-3" unitRef="TWD">81654000</tw-gaap-ci:AccumulateddepreciationBuildingsStructures>
	<tw-gaap-ci:AccumulatedDepreciationMachineryEquipment contextRef="AsOf20100331" decimals="-3" unitRef="TWD">40099000</tw-gaap-ci:AccumulatedDepreciationMachineryEquipment>
	<tw-gaap-ci:AccumulatedDepreciationMachineryEquipment contextRef="AsOf20090331" decimals="-3" unitRef="TWD">33909000</tw-gaap-ci:AccumulatedDepreciationMachineryEquipment>
	<tw-gaap-ci:AccumulatedDepreciationTransportationEquipment contextRef="AsOf20100331" decimals="-3" unitRef="TWD">34566000</tw-gaap-ci:AccumulatedDepreciationTransportationEquipment>
	<tw-gaap-ci:AccumulatedDepreciationTransportationEquipment contextRef="AsOf20090331" decimals="-3" unitRef="TWD">32175000</tw-gaap-ci:AccumulatedDepreciationTransportationEquipment>
	<tw-gaap-ci:AccumulatedDepreciationOfficeEquipment contextRef="AsOf20100331" decimals="-3" unitRef="TWD">112363000</tw-gaap-ci:AccumulatedDepreciationOfficeEquipment>
	<tw-gaap-ci:AccumulatedDepreciationOfficeEquipment contextRef="AsOf20090331" decimals="-3" unitRef="TWD">94983000</tw-gaap-ci:AccumulatedDepreciationOfficeEquipment>
	<tw-gaap-ci:AccumulatedDepreciationLeaseholdImprovements contextRef="AsOf20100331" decimals="-3" unitRef="TWD">202973000</tw-gaap-ci:AccumulatedDepreciationLeaseholdImprovements>
	<tw-gaap-ci:AccumulatedDepreciationLeaseholdImprovements contextRef="AsOf20090331" decimals="-3" unitRef="TWD">175763000</tw-gaap-ci:AccumulatedDepreciationLeaseholdImprovements>
	<tw-gaap-ci:AccumulatedDepreciationOtherFacilities contextRef="AsOf20100331" decimals="-3" unitRef="TWD">3032000</tw-gaap-ci:AccumulatedDepreciationOtherFacilities>
	<tw-gaap-ci:AccumulatedDepreciationOtherFacilities contextRef="AsOf20090331" decimals="-3" unitRef="TWD">2552000</tw-gaap-ci:AccumulatedDepreciationOtherFacilities>
	<tw-gaap-ci:AccumulatedDepreciation contextRef="AsOf20100331" decimals="-3" unitRef="TWD">479237000</tw-gaap-ci:AccumulatedDepreciation>
	<tw-gaap-ci:AccumulatedDepreciation contextRef="AsOf20090331" decimals="-3" unitRef="TWD">421036000</tw-gaap-ci:AccumulatedDepreciation>
	<tw-gaap-ci:AccumulatedImpairmentFixedAssets contextRef="AsOf20100331" decimals="-3" unitRef="TWD">0</tw-gaap-ci:AccumulatedImpairmentFixedAssets>
	<tw-gaap-ci:AccumulatedImpairmentFixedAssets contextRef="AsOf20090331" decimals="-3" unitRef="TWD">0</tw-gaap-ci:AccumulatedImpairmentFixedAssets>
	<tw-gaap-ci:PrepaymentsBusinessFacilities contextRef="AsOf20100331" decimals="-3" unitRef="TWD">3399000</tw-gaap-ci:PrepaymentsBusinessFacilities>
	<tw-gaap-ci:PrepaymentsBusinessFacilities contextRef="AsOf20090331" decimals="-3" unitRef="TWD">850000</tw-gaap-ci:PrepaymentsBusinessFacilities>
	<tw-gaap-ci:ConstructionProcessPrepaymentEquipments contextRef="AsOf20100331" decimals="-3" unitRef="TWD">3399000</tw-gaap-ci:ConstructionProcessPrepaymentEquipments>
	<tw-gaap-ci:ConstructionProcessPrepaymentEquipments contextRef="AsOf20090331" decimals="-3" unitRef="TWD">850000</tw-gaap-ci:ConstructionProcessPrepaymentEquipments>
	<tw-gaap-ci:FixedAssets contextRef="AsOf20100331" decimals="-3" unitRef="TWD">812269000</tw-gaap-ci:FixedAssets>
	<tw-gaap-ci:FixedAssets contextRef="AsOf20090331" decimals="-3" unitRef="TWD">884847000</tw-gaap-ci:FixedAssets>
	<tw-gaap-ci:ComputerSoftwareCost contextRef="AsOf20100331" decimals="-3" unitRef="TWD">4613000</tw-gaap-ci:ComputerSoftwareCost>
	<tw-gaap-ci:ComputerSoftwareCost contextRef="AsOf20090331" decimals="-3" unitRef="TWD">5462000</tw-gaap-ci:ComputerSoftwareCost>
	<tw-gaap-ci:DeferredPensionCost contextRef="AsOf20100331" decimals="-3" unitRef="TWD">0</tw-gaap-ci:DeferredPensionCost>
	<tw-gaap-ci:DeferredPensionCost contextRef="AsOf20090331" decimals="-3" unitRef="TWD">13891000</tw-gaap-ci:DeferredPensionCost>
	<tw-gaap-ci:AccumulatedImpairmentIntangibleAssets contextRef="AsOf20100331" decimals="-3" unitRef="TWD">0</tw-gaap-ci:AccumulatedImpairmentIntangibleAssets>
	<tw-gaap-ci:AccumulatedImpairmentIntangibleAssets contextRef="AsOf20090331" decimals="-3" unitRef="TWD">0</tw-gaap-ci:AccumulatedImpairmentIntangibleAssets>
	<tw-gaap-ci:IntangibleAssets contextRef="AsOf20100331" decimals="-3" unitRef="TWD">4613000</tw-gaap-ci:IntangibleAssets>
	<tw-gaap-ci:IntangibleAssets contextRef="AsOf20090331" decimals="-3" unitRef="TWD">19353000</tw-gaap-ci:IntangibleAssets>
	<tw-gaap-ci:IdledAssets contextRef="AsOf20100331" decimals="-3" unitRef="TWD">54808000</tw-gaap-ci:IdledAssets>
	<tw-gaap-ci:IdledAssets contextRef="AsOf20090331" decimals="-3" unitRef="TWD">54808000</tw-gaap-ci:IdledAssets>
	<tw-gaap-ci:NetIdledAssets contextRef="AsOf20100331" decimals="-3" unitRef="TWD">54808000</tw-gaap-ci:NetIdledAssets>
	<tw-gaap-ci:NetIdledAssets contextRef="AsOf20090331" decimals="-3" unitRef="TWD">54808000</tw-gaap-ci:NetIdledAssets>
	<tw-gaap-ci:GuaranteeDepositsPaid contextRef="AsOf20100331" decimals="-3" unitRef="TWD">21464000</tw-gaap-ci:GuaranteeDepositsPaid>
	<tw-gaap-ci:GuaranteeDepositsPaid contextRef="AsOf20090331" decimals="-3" unitRef="TWD">21464000</tw-gaap-ci:GuaranteeDepositsPaid>
	<tw-gaap-ci:OtherDeferredCharges contextRef="AsOf20100331" decimals="-3" unitRef="TWD">17178000</tw-gaap-ci:OtherDeferredCharges>
	<tw-gaap-ci:OtherDeferredCharges contextRef="AsOf20090331" decimals="-3" unitRef="TWD">10454000</tw-gaap-ci:OtherDeferredCharges>
	<tw-gaap-ci:DeferredCharges contextRef="AsOf20100331" decimals="-3" unitRef="TWD">17178000</tw-gaap-ci:DeferredCharges>
	<tw-gaap-ci:DeferredCharges contextRef="AsOf20090331" decimals="-3" unitRef="TWD">10454000</tw-gaap-ci:DeferredCharges>
	<tw-gaap-ci:OverdueReceivable contextRef="AsOf20100331" decimals="-3" unitRef="TWD">0</tw-gaap-ci:OverdueReceivable>
	<tw-gaap-ci:OverdueReceivable contextRef="AsOf20090331" decimals="-3" unitRef="TWD">0</tw-gaap-ci:OverdueReceivable>
	<tw-gaap-ci:AllowanceBadDebtsLongtermReceivable contextRef="AsOf20100331" decimals="-3" unitRef="TWD">0</tw-gaap-ci:AllowanceBadDebtsLongtermReceivable>
	<tw-gaap-ci:AllowanceBadDebtsLongtermReceivable contextRef="AsOf20090331" decimals="-3" unitRef="TWD">0</tw-gaap-ci:AllowanceBadDebtsLongtermReceivable>
	<tw-gaap-ci:LongtermNotesAccountsReceivable contextRef="AsOf20100331" decimals="-3" unitRef="TWD">0</tw-gaap-ci:LongtermNotesAccountsReceivable>
	<tw-gaap-ci:LongtermNotesAccountsReceivable contextRef="AsOf20090331" decimals="-3" unitRef="TWD">0</tw-gaap-ci:LongtermNotesAccountsReceivable>
	<tw-gaap-ci:OtherAssetsOther_OtherAssetsOther contextRef="AsOf20100331" decimals="-3" unitRef="TWD">0</tw-gaap-ci:OtherAssetsOther_OtherAssetsOther>
	<tw-gaap-ci:OtherAssetsOther_OtherAssetsOther contextRef="AsOf20090331" decimals="-3" unitRef="TWD">0</tw-gaap-ci:OtherAssetsOther_OtherAssetsOther>
	<tw-gaap-ci:OtherAssetsOther contextRef="AsOf20100331" decimals="-3" unitRef="TWD">0</tw-gaap-ci:OtherAssetsOther>
	<tw-gaap-ci:OtherAssetsOther contextRef="AsOf20090331" decimals="-3" unitRef="TWD">0</tw-gaap-ci:OtherAssetsOther>
	<tw-gaap-ci:AccumulatedImpairmentOtherAssets contextRef="AsOf20100331" decimals="-3" unitRef="TWD">0</tw-gaap-ci:AccumulatedImpairmentOtherAssets>
	<tw-gaap-ci:AccumulatedImpairmentOtherAssets contextRef="AsOf20090331" decimals="-3" unitRef="TWD">0</tw-gaap-ci:AccumulatedImpairmentOtherAssets>
	<tw-gaap-ci:OtherAssets contextRef="AsOf20100331" decimals="-3" unitRef="TWD">93450000</tw-gaap-ci:OtherAssets>
	<tw-gaap-ci:OtherAssets contextRef="AsOf20090331" decimals="-3" unitRef="TWD">86726000</tw-gaap-ci:OtherAssets>
	<tw-gaap-ci:Assets contextRef="AsOf20100331" decimals="-3" unitRef="TWD">1657016000</tw-gaap-ci:Assets>
	<tw-gaap-ci:Assets contextRef="AsOf20090331" decimals="-3" unitRef="TWD">1681710000</tw-gaap-ci:Assets>
	<tw-gaap-ci:BankOverdrafts contextRef="AsOf20100331" decimals="-3" unitRef="TWD">0</tw-gaap-ci:BankOverdrafts>
	<tw-gaap-ci:BankOverdrafts contextRef="AsOf20090331" decimals="-3" unitRef="TWD">0</tw-gaap-ci:BankOverdrafts>
	<tw-gaap-ci:ShortTermBorrowings contextRef="AsOf20100331" decimals="-3" unitRef="TWD">0</tw-gaap-ci:ShortTermBorrowings>
	<tw-gaap-ci:ShortTermBorrowings contextRef="AsOf20090331" decimals="-3" unitRef="TWD">0</tw-gaap-ci:ShortTermBorrowings>
	<tw-gaap-ci:NotesPayable_NotesPayable contextRef="AsOf20100331" decimals="-3" unitRef="TWD">81596000</tw-gaap-ci:NotesPayable_NotesPayable>
	<tw-gaap-ci:NotesPayable_NotesPayable contextRef="AsOf20090331" decimals="-3" unitRef="TWD">59406000</tw-gaap-ci:NotesPayable_NotesPayable>
	<tw-gaap-ci:NotesPayable contextRef="AsOf20100331" decimals="-3" unitRef="TWD">81596000</tw-gaap-ci:NotesPayable>
	<tw-gaap-ci:NotesPayable contextRef="AsOf20090331" decimals="-3" unitRef="TWD">59406000</tw-gaap-ci:NotesPayable>
	<tw-gaap-ci:NotesPayableRelatedParties_NotesPayableRelatedParties contextRef="AsOf20100331" decimals="-3" unitRef="TWD">0</tw-gaap-ci:NotesPayableRelatedParties_NotesPayableRelatedParties>
	<tw-gaap-ci:NotesPayableRelatedParties_NotesPayableRelatedParties contextRef="AsOf20090331" decimals="-3" unitRef="TWD">0</tw-gaap-ci:NotesPayableRelatedParties_NotesPayableRelatedParties>
	<tw-gaap-ci:NotesPayableRelatedParties contextRef="AsOf20100331" decimals="-3" unitRef="TWD">0</tw-gaap-ci:NotesPayableRelatedParties>
	<tw-gaap-ci:NotesPayableRelatedParties contextRef="AsOf20090331" decimals="-3" unitRef="TWD">0</tw-gaap-ci:NotesPayableRelatedParties>
	<tw-gaap-ci:AccountsPayable_AccountsPayable contextRef="AsOf20100331" decimals="-3" unitRef="TWD">18329000</tw-gaap-ci:AccountsPayable_AccountsPayable>
	<tw-gaap-ci:AccountsPayable_AccountsPayable contextRef="AsOf20090331" decimals="-3" unitRef="TWD">21008000</tw-gaap-ci:AccountsPayable_AccountsPayable>
	<tw-gaap-ci:AccountsPayable contextRef="AsOf20100331" decimals="-3" unitRef="TWD">18329000</tw-gaap-ci:AccountsPayable>
	<tw-gaap-ci:AccountsPayable contextRef="AsOf20090331" decimals="-3" unitRef="TWD">21008000</tw-gaap-ci:AccountsPayable>
	<tw-gaap-ci:IncomeTaxPayable contextRef="AsOf20100331" decimals="-3" unitRef="TWD">15279000</tw-gaap-ci:IncomeTaxPayable>
	<tw-gaap-ci:IncomeTaxPayable contextRef="AsOf20090331" decimals="-3" unitRef="TWD">27110000</tw-gaap-ci:IncomeTaxPayable>
	<tw-gaap-ci:InterestPayable contextRef="AsOf20100331" decimals="-3" unitRef="TWD">0</tw-gaap-ci:InterestPayable>
	<tw-gaap-ci:InterestPayable contextRef="AsOf20090331" decimals="-3" unitRef="TWD">0</tw-gaap-ci:InterestPayable>
	<tw-gaap-ci:EstimatedExpensePayable contextRef="AsOf20100331" decimals="-3" unitRef="TWD">85491000</tw-gaap-ci:EstimatedExpensePayable>
	<tw-gaap-ci:EstimatedExpensePayable contextRef="AsOf20090331" decimals="-3" unitRef="TWD">76739000</tw-gaap-ci:EstimatedExpensePayable>
	<tw-gaap-ci:AccruedExpenses contextRef="AsOf20100331" decimals="-3" unitRef="TWD">85491000</tw-gaap-ci:AccruedExpenses>
	<tw-gaap-ci:AccruedExpenses contextRef="AsOf20090331" decimals="-3" unitRef="TWD">76739000</tw-gaap-ci:AccruedExpenses>
	<tw-gaap-ci:BusinessTaxPayable contextRef="AsOf20100331" decimals="-3" unitRef="TWD">2520000</tw-gaap-ci:BusinessTaxPayable>
	<tw-gaap-ci:BusinessTaxPayable contextRef="AsOf20090331" decimals="-3" unitRef="TWD">2656000</tw-gaap-ci:BusinessTaxPayable>
	<tw-gaap-ci:DividendPayable contextRef="AsOf20100331" decimals="-3" unitRef="TWD">21000</tw-gaap-ci:DividendPayable>
	<tw-gaap-ci:DividendPayable contextRef="AsOf20090331" decimals="-3" unitRef="TWD">18000</tw-gaap-ci:DividendPayable>
	<tw-gaap-ci:EmployeeBonusPayable-IncomeStatement contextRef="AsOf20100331" decimals="-3" unitRef="TWD">5972000</tw-gaap-ci:EmployeeBonusPayable-IncomeStatement>
	<tw-gaap-ci:EmployeeBonusPayable-IncomeStatement contextRef="AsOf20090331" decimals="-3" unitRef="TWD">4178000</tw-gaap-ci:EmployeeBonusPayable-IncomeStatement>
	<tw-gaap-ci:CompensationDueDirectorsSupervisors contextRef="AsOf20100331" decimals="-3" unitRef="TWD">5893000</tw-gaap-ci:CompensationDueDirectorsSupervisors>
	<tw-gaap-ci:CompensationDueDirectorsSupervisors contextRef="AsOf20090331" decimals="-3" unitRef="TWD">4172000</tw-gaap-ci:CompensationDueDirectorsSupervisors>
	<tw-gaap-ci:OtherPayablesOther contextRef="AsOf20100331" decimals="-3" unitRef="TWD">3795000</tw-gaap-ci:OtherPayablesOther>
	<tw-gaap-ci:OtherPayablesOther contextRef="AsOf20090331" decimals="-3" unitRef="TWD">1936000</tw-gaap-ci:OtherPayablesOther>
	<tw-gaap-ci:OtherPayables contextRef="AsOf20100331" decimals="-3" unitRef="TWD">18201000</tw-gaap-ci:OtherPayables>
	<tw-gaap-ci:OtherPayables contextRef="AsOf20090331" decimals="-3" unitRef="TWD">12960000</tw-gaap-ci:OtherPayables>
	<tw-gaap-ci:AdvanceSalesReceipts contextRef="AsOf20100331" decimals="-3" unitRef="TWD">9212000</tw-gaap-ci:AdvanceSalesReceipts>
	<tw-gaap-ci:AdvanceSalesReceipts contextRef="AsOf20090331" decimals="-3" unitRef="TWD">8447000</tw-gaap-ci:AdvanceSalesReceipts>
	<tw-gaap-ci:OtherAdvanceReceipts contextRef="AsOf20100331" decimals="-3" unitRef="TWD">1159000</tw-gaap-ci:OtherAdvanceReceipts>
	<tw-gaap-ci:OtherAdvanceReceipts contextRef="AsOf20090331" decimals="-3" unitRef="TWD">70000</tw-gaap-ci:OtherAdvanceReceipts>
	<tw-gaap-ci:AdvanceReceipts contextRef="AsOf20100331" decimals="-3" unitRef="TWD">10371000</tw-gaap-ci:AdvanceReceipts>
	<tw-gaap-ci:AdvanceReceipts contextRef="AsOf20090331" decimals="-3" unitRef="TWD">8517000</tw-gaap-ci:AdvanceReceipts>
	<tw-gaap-ci:LongtermNotesAccountsPayableCurrentPortion contextRef="AsOf20100331" decimals="-3" unitRef="TWD">0</tw-gaap-ci:LongtermNotesAccountsPayableCurrentPortion>
	<tw-gaap-ci:LongtermNotesAccountsPayableCurrentPortion contextRef="AsOf20090331" decimals="-3" unitRef="TWD">0</tw-gaap-ci:LongtermNotesAccountsPayableCurrentPortion>
	<tw-gaap-ci:LongtermLiabilitiesCurrentPortion contextRef="AsOf20100331" decimals="-3" unitRef="TWD">0</tw-gaap-ci:LongtermLiabilitiesCurrentPortion>
	<tw-gaap-ci:LongtermLiabilitiesCurrentPortion contextRef="AsOf20090331" decimals="-3" unitRef="TWD">0</tw-gaap-ci:LongtermLiabilitiesCurrentPortion>
	<tw-gaap-ci:TemporaryCredits contextRef="AsOf20100331" decimals="-3" unitRef="TWD">10289000</tw-gaap-ci:TemporaryCredits>
	<tw-gaap-ci:TemporaryCredits contextRef="AsOf20090331" decimals="-3" unitRef="TWD">7554000</tw-gaap-ci:TemporaryCredits>
	<tw-gaap-ci:ReceiptsCustody contextRef="AsOf20100331" decimals="-3" unitRef="TWD">1789000</tw-gaap-ci:ReceiptsCustody>
	<tw-gaap-ci:ReceiptsCustody contextRef="AsOf20090331" decimals="-3" unitRef="TWD">1546000</tw-gaap-ci:ReceiptsCustody>
	<tw-gaap-ci:DeferredIncomeTaxLiabilities contextRef="AsOf20100331" decimals="-3" unitRef="TWD">1779000</tw-gaap-ci:DeferredIncomeTaxLiabilities>
	<tw-gaap-ci:DeferredIncomeTaxLiabilities contextRef="AsOf20090331" decimals="-3" unitRef="TWD">0</tw-gaap-ci:DeferredIncomeTaxLiabilities>
	<tw-gaap-ci:OtherCurrentLiabilities contextRef="AsOf20100331" decimals="-3" unitRef="TWD">13857000</tw-gaap-ci:OtherCurrentLiabilities>
	<tw-gaap-ci:OtherCurrentLiabilities contextRef="AsOf20090331" decimals="-3" unitRef="TWD">9100000</tw-gaap-ci:OtherCurrentLiabilities>
	<tw-gaap-ci:CurrentLiabilities contextRef="AsOf20100331" decimals="-3" unitRef="TWD">243124000</tw-gaap-ci:CurrentLiabilities>
	<tw-gaap-ci:CurrentLiabilities contextRef="AsOf20090331" decimals="-3" unitRef="TWD">214840000</tw-gaap-ci:CurrentLiabilities>
	<tw-gaap-ci:LongtermBankLoans contextRef="AsOf20100331" decimals="-3" unitRef="TWD">0</tw-gaap-ci:LongtermBankLoans>
	<tw-gaap-ci:LongtermBankLoans contextRef="AsOf20090331" decimals="-3" unitRef="TWD">0</tw-gaap-ci:LongtermBankLoans>
	<tw-gaap-ci:LongtermBorrowings contextRef="AsOf20100331" decimals="-3" unitRef="TWD">0</tw-gaap-ci:LongtermBorrowings>
	<tw-gaap-ci:LongtermBorrowings contextRef="AsOf20090331" decimals="-3" unitRef="TWD">0</tw-gaap-ci:LongtermBorrowings>
	<tw-gaap-ci:LongTermLiabilities contextRef="AsOf20100331" decimals="-3" unitRef="TWD">0</tw-gaap-ci:LongTermLiabilities>
	<tw-gaap-ci:LongTermLiabilities contextRef="AsOf20090331" decimals="-3" unitRef="TWD">0</tw-gaap-ci:LongTermLiabilities>
	<tw-gaap-ci:PensionReserve contextRef="AsOf20100331" decimals="-3" unitRef="TWD">0</tw-gaap-ci:PensionReserve>
	<tw-gaap-ci:PensionReserve contextRef="AsOf20090331" decimals="-3" unitRef="TWD">187409000</tw-gaap-ci:PensionReserve>
	<tw-gaap-ci:GuaranteeDepositsReceived contextRef="AsOf20100331" decimals="-3" unitRef="TWD">8149000</tw-gaap-ci:GuaranteeDepositsReceived>
	<tw-gaap-ci:GuaranteeDepositsReceived contextRef="AsOf20090331" decimals="-3" unitRef="TWD">8156000</tw-gaap-ci:GuaranteeDepositsReceived>
	<tw-gaap-ci:DeferredIncomeTaxLiabilityNoncurrent contextRef="AsOf20100331" decimals="-3" unitRef="TWD">22000</tw-gaap-ci:DeferredIncomeTaxLiabilityNoncurrent>
	<tw-gaap-ci:DeferredIncomeTaxLiabilityNoncurrent contextRef="AsOf20090331" decimals="-3" unitRef="TWD">0</tw-gaap-ci:DeferredIncomeTaxLiabilityNoncurrent>
	<tw-gaap-ci:DeferredIncomeTax contextRef="AsOf20100331" decimals="-3" unitRef="TWD">22000</tw-gaap-ci:DeferredIncomeTax>
	<tw-gaap-ci:DeferredIncomeTax contextRef="AsOf20090331" decimals="-3" unitRef="TWD">0</tw-gaap-ci:DeferredIncomeTax>
	<tw-gaap-ci:DeferredCreditsGainsonInterAffiliateAccounts contextRef="AsOf20100331" decimals="-3" unitRef="TWD">0</tw-gaap-ci:DeferredCreditsGainsonInterAffiliateAccounts>
	<tw-gaap-ci:DeferredCreditsGainsonInterAffiliateAccounts contextRef="AsOf20090331" decimals="-3" unitRef="TWD">0</tw-gaap-ci:DeferredCreditsGainsonInterAffiliateAccounts>
	<tw-gaap-ci:OtherLiabilitiesOther contextRef="AsOf20100331" decimals="-3" unitRef="TWD">0</tw-gaap-ci:OtherLiabilitiesOther>
	<tw-gaap-ci:OtherLiabilitiesOther contextRef="AsOf20090331" decimals="-3" unitRef="TWD">0</tw-gaap-ci:OtherLiabilitiesOther>
	<tw-gaap-ci:OtherLiabilities contextRef="AsOf20100331" decimals="-3" unitRef="TWD">8171000</tw-gaap-ci:OtherLiabilities>
	<tw-gaap-ci:OtherLiabilities contextRef="AsOf20090331" decimals="-3" unitRef="TWD">195565000</tw-gaap-ci:OtherLiabilities>
	<tw-gaap-ci:Liabilities contextRef="AsOf20100331" decimals="-3" unitRef="TWD">251295000</tw-gaap-ci:Liabilities>
	<tw-gaap-ci:Liabilities contextRef="AsOf20090331" decimals="-3" unitRef="TWD">410405000</tw-gaap-ci:Liabilities>
	<tw-gaap-ci:CommonStock contextRef="AsOf20100331" decimals="-3" unitRef="TWD">905919000</tw-gaap-ci:CommonStock>
	<tw-gaap-ci:CommonStock contextRef="AsOf20090331" decimals="-3" unitRef="TWD">905919000</tw-gaap-ci:CommonStock>
	<tw-gaap-ci:Capital contextRef="AsOf20100331" decimals="-3" unitRef="TWD">905919000</tw-gaap-ci:Capital>
	<tw-gaap-ci:Capital contextRef="AsOf20090331" decimals="-3" unitRef="TWD">905919000</tw-gaap-ci:Capital>
	<tw-gaap-ci:CapitalSurplusTreasuryStockTransactions contextRef="AsOf20100331" decimals="-3" unitRef="TWD">60605000</tw-gaap-ci:CapitalSurplusTreasuryStockTransactions>
	<tw-gaap-ci:CapitalSurplusTreasuryStockTransactions contextRef="AsOf20090331" decimals="-3" unitRef="TWD">37049000</tw-gaap-ci:CapitalSurplusTreasuryStockTransactions>
	<tw-gaap-ci:CapitalSurplusGainDisposalFixedAssets contextRef="AsOf20100331" decimals="-3" unitRef="TWD">0</tw-gaap-ci:CapitalSurplusGainDisposalFixedAssets>
	<tw-gaap-ci:CapitalSurplusGainDisposalFixedAssets contextRef="AsOf20090331" decimals="-3" unitRef="TWD">0</tw-gaap-ci:CapitalSurplusGainDisposalFixedAssets>
	<tw-gaap-ci:CapitalSurplus contextRef="AsOf20100331" decimals="-3" unitRef="TWD">60605000</tw-gaap-ci:CapitalSurplus>
	<tw-gaap-ci:CapitalSurplus contextRef="AsOf20090331" decimals="-3" unitRef="TWD">37049000</tw-gaap-ci:CapitalSurplus>
	<tw-gaap-ci:LegalReserve contextRef="AsOf20100331" decimals="-3" unitRef="TWD">155987000</tw-gaap-ci:LegalReserve>
	<tw-gaap-ci:LegalReserve contextRef="AsOf20090331" decimals="-3" unitRef="TWD">141188000</tw-gaap-ci:LegalReserve>
	<tw-gaap-ci:SpecialReserve contextRef="AsOf20100331" decimals="-3" unitRef="TWD">20104000</tw-gaap-ci:SpecialReserve>
	<tw-gaap-ci:SpecialReserve contextRef="AsOf20090331" decimals="-3" unitRef="TWD">13435000</tw-gaap-ci:SpecialReserve>
	<tw-gaap-ci:AccumulatedProfitLoss contextRef="AsOf20100331" decimals="-3" unitRef="TWD">176554000</tw-gaap-ci:AccumulatedProfitLoss>
	<tw-gaap-ci:AccumulatedProfitLoss contextRef="AsOf20090331" decimals="-3" unitRef="TWD">149982000</tw-gaap-ci:AccumulatedProfitLoss>
	<tw-gaap-ci:CurrentProfitLoss contextRef="AsOf20100331" decimals="-3" unitRef="TWD">86788000</tw-gaap-ci:CurrentProfitLoss>
	<tw-gaap-ci:CurrentProfitLoss contextRef="AsOf20090331" decimals="-3" unitRef="TWD">55557000</tw-gaap-ci:CurrentProfitLoss>
	<tw-gaap-ci:UnappropriatedRetainedEarnings contextRef="AsOf20100331" decimals="-3" unitRef="TWD">263342000</tw-gaap-ci:UnappropriatedRetainedEarnings>
	<tw-gaap-ci:UnappropriatedRetainedEarnings contextRef="AsOf20090331" decimals="-3" unitRef="TWD">205539000</tw-gaap-ci:UnappropriatedRetainedEarnings>
	<tw-gaap-ci:RetainedEarnings contextRef="AsOf20100331" decimals="-3" unitRef="TWD">439433000</tw-gaap-ci:RetainedEarnings>
	<tw-gaap-ci:RetainedEarnings contextRef="AsOf20090331" decimals="-3" unitRef="TWD">360162000</tw-gaap-ci:RetainedEarnings>
	<tw-gaap-ci:CumulativeTranslationAdjustments contextRef="AsOf20100331" decimals="-3" unitRef="TWD">-236000</tw-gaap-ci:CumulativeTranslationAdjustments>
	<tw-gaap-ci:CumulativeTranslationAdjustments contextRef="AsOf20090331" decimals="-3" unitRef="TWD">-519000</tw-gaap-ci:CumulativeTranslationAdjustments>
	<tw-gaap-ci:NetLossNotRecognizedPensionCost contextRef="AsOf20100331" decimals="-3" unitRef="TWD">0</tw-gaap-ci:NetLossNotRecognizedPensionCost>
	<tw-gaap-ci:NetLossNotRecognizedPensionCost contextRef="AsOf20090331" decimals="-3" unitRef="TWD">-19727000</tw-gaap-ci:NetLossNotRecognizedPensionCost>
	<tw-gaap-ci:TreasuryStock contextRef="AsOf20100331" decimals="-3" unitRef="TWD">0</tw-gaap-ci:TreasuryStock>
	<tw-gaap-ci:TreasuryStock contextRef="AsOf20090331" decimals="-3" unitRef="TWD">11579000</tw-gaap-ci:TreasuryStock>
	<tw-gaap-ci:StockholdersEquitiesAdjustments contextRef="AsOf20100331" decimals="-3" unitRef="TWD">-236000</tw-gaap-ci:StockholdersEquitiesAdjustments>
	<tw-gaap-ci:StockholdersEquitiesAdjustments contextRef="AsOf20090331" decimals="-3" unitRef="TWD">-31825000</tw-gaap-ci:StockholdersEquitiesAdjustments>
	<tw-gaap-ci:StockholdersEquities contextRef="AsOf20100331" decimals="-3" unitRef="TWD">1405721000</tw-gaap-ci:StockholdersEquities>
	<tw-gaap-ci:StockholdersEquities contextRef="AsOf20090331" decimals="-3" unitRef="TWD">1271305000</tw-gaap-ci:StockholdersEquities>
	<tw-gaap-ci:EquivalentSharesOutstandingAdvanceReceiptsCommonStock contextRef="AsOf20100331" decimals="0" unitRef="Shares">0</tw-gaap-ci:EquivalentSharesOutstandingAdvanceReceiptsCommonStock>
	<tw-gaap-ci:EquivalentSharesOutstandingAdvanceReceiptsCommonStock contextRef="AsOf20090331" decimals="0" unitRef="Shares">0</tw-gaap-ci:EquivalentSharesOutstandingAdvanceReceiptsCommonStock>
	<tw-gaap-ci:NumberTreasuryStockAcquiredCompanySubsidiaries contextRef="AsOf20100331" decimals="0" unitRef="Shares">0</tw-gaap-ci:NumberTreasuryStockAcquiredCompanySubsidiaries>
	<tw-gaap-ci:NumberTreasuryStockAcquiredCompanySubsidiaries contextRef="AsOf20090331" decimals="0" unitRef="Shares">1153483</tw-gaap-ci:NumberTreasuryStockAcquiredCompanySubsidiaries>
	<tw-gaap-ci:SalesRevenue contextRef="From20100101To20100331" decimals="-3" unitRef="TWD">502536000</tw-gaap-ci:SalesRevenue>
	<tw-gaap-ci:SalesRevenue contextRef="From20090101To20090331" decimals="-3" unitRef="TWD">459711000</tw-gaap-ci:SalesRevenue>
	<tw-gaap-ci:Sales contextRef="From20100101To20100331" decimals="-3" unitRef="TWD">502536000</tw-gaap-ci:Sales>
	<tw-gaap-ci:Sales contextRef="From20090101To20090331" decimals="-3" unitRef="TWD">459711000</tw-gaap-ci:Sales>
	<tw-gaap-ci:SalesReturns contextRef="From20100101To20100331" decimals="-3" unitRef="TWD">11142000</tw-gaap-ci:SalesReturns>
	<tw-gaap-ci:SalesReturns contextRef="From20090101To20090331" decimals="-3" unitRef="TWD">10208000</tw-gaap-ci:SalesReturns>
	<tw-gaap-ci:SalesDiscountsAllowances contextRef="From20100101To20100331" decimals="-3" unitRef="TWD">1284000</tw-gaap-ci:SalesDiscountsAllowances>
	<tw-gaap-ci:SalesDiscountsAllowances contextRef="From20090101To20090331" decimals="-3" unitRef="TWD">561000</tw-gaap-ci:SalesDiscountsAllowances>
	<tw-gaap-ci:NetSales contextRef="From20100101To20100331" decimals="-3" unitRef="TWD">490110000</tw-gaap-ci:NetSales>
	<tw-gaap-ci:NetSales contextRef="From20090101To20090331" decimals="-3" unitRef="TWD">448942000</tw-gaap-ci:NetSales>
	<tw-gaap-ci:OperatingRevenue contextRef="From20100101To20100331" decimals="-3" unitRef="TWD">490110000</tw-gaap-ci:OperatingRevenue>
	<tw-gaap-ci:OperatingRevenue contextRef="From20090101To20090331" decimals="-3" unitRef="TWD">448942000</tw-gaap-ci:OperatingRevenue>
	<tw-gaap-ci:CostSalesCostSales contextRef="From20100101To20100331" decimals="-3" unitRef="TWD">196783000</tw-gaap-ci:CostSalesCostSales>
	<tw-gaap-ci:CostSalesCostSales contextRef="From20090101To20090331" decimals="-3" unitRef="TWD">180551000</tw-gaap-ci:CostSalesCostSales>
	<tw-gaap-ci:CostSales contextRef="From20100101To20100331" decimals="-3" unitRef="TWD">196783000</tw-gaap-ci:CostSales>
	<tw-gaap-ci:CostSales contextRef="From20090101To20090331" decimals="-3" unitRef="TWD">180551000</tw-gaap-ci:CostSales>
	<tw-gaap-ci:OperatingCosts contextRef="From20100101To20100331" decimals="-3" unitRef="TWD">196783000</tw-gaap-ci:OperatingCosts>
	<tw-gaap-ci:OperatingCosts contextRef="From20090101To20090331" decimals="-3" unitRef="TWD">180551000</tw-gaap-ci:OperatingCosts>
	<tw-gaap-ci:GrossProfitLossOperations contextRef="From20100101To20100331" decimals="-3" unitRef="TWD">293327000</tw-gaap-ci:GrossProfitLossOperations>
	<tw-gaap-ci:GrossProfitLossOperations contextRef="From20090101To20090331" decimals="-3" unitRef="TWD">268391000</tw-gaap-ci:GrossProfitLossOperations>
	<tw-gaap-ci:RealizedGainInterAffiliateAccounts contextRef="From20100101To20100331" decimals="-3" unitRef="TWD">0</tw-gaap-ci:RealizedGainInterAffiliateAccounts>
	<tw-gaap-ci:RealizedGainInterAffiliateAccounts contextRef="From20090101To20090331" decimals="-3" unitRef="TWD">0</tw-gaap-ci:RealizedGainInterAffiliateAccounts>
	<tw-gaap-ci:SalaryWages-SellingExpense contextRef="From20100101To20100331" decimals="-3" unitRef="TWD">81945000</tw-gaap-ci:SalaryWages-SellingExpense>
	<tw-gaap-ci:SalaryWages-SellingExpense contextRef="From20090101To20090331" decimals="-3" unitRef="TWD">77149000</tw-gaap-ci:SalaryWages-SellingExpense>
	<tw-gaap-ci:Rent-SellingExpense contextRef="From20100101To20100331" decimals="-3" unitRef="TWD">21619000</tw-gaap-ci:Rent-SellingExpense>
	<tw-gaap-ci:Rent-SellingExpense contextRef="From20090101To20090331" decimals="-3" unitRef="TWD">22442000</tw-gaap-ci:Rent-SellingExpense>
	<tw-gaap-ci:StationerySupplies-SellingExpense contextRef="From20100101To20100331" decimals="-3" unitRef="TWD">222000</tw-gaap-ci:StationerySupplies-SellingExpense>
	<tw-gaap-ci:StationerySupplies-SellingExpense contextRef="From20090101To20090331" decimals="-3" unitRef="TWD">196000</tw-gaap-ci:StationerySupplies-SellingExpense>
	<tw-gaap-ci:TravelingExpense-SellingExpense contextRef="From20100101To20100331" decimals="-3" unitRef="TWD">1031000</tw-gaap-ci:TravelingExpense-SellingExpense>
	<tw-gaap-ci:TravelingExpense-SellingExpense contextRef="From20090101To20090331" decimals="-3" unitRef="TWD">832000</tw-gaap-ci:TravelingExpense-SellingExpense>
	<tw-gaap-ci:Freight-SellingExpense contextRef="From20100101To20100331" decimals="-3" unitRef="TWD">2521000</tw-gaap-ci:Freight-SellingExpense>
	<tw-gaap-ci:Freight-SellingExpense contextRef="From20090101To20090331" decimals="-3" unitRef="TWD">2228000</tw-gaap-ci:Freight-SellingExpense>
	<tw-gaap-ci:PostagePhoneFaxExpense-SellingExpense contextRef="From20100101To20100331" decimals="-3" unitRef="TWD">1454000</tw-gaap-ci:PostagePhoneFaxExpense-SellingExpense>
	<tw-gaap-ci:PostagePhoneFaxExpense-SellingExpense contextRef="From20090101To20090331" decimals="-3" unitRef="TWD">1364000</tw-gaap-ci:PostagePhoneFaxExpense-SellingExpense>
	<tw-gaap-ci:RepairsMaintenance-SellingExpense contextRef="From20100101To20100331" decimals="-3" unitRef="TWD">1304000</tw-gaap-ci:RepairsMaintenance-SellingExpense>
	<tw-gaap-ci:RepairsMaintenance-SellingExpense contextRef="From20090101To20090331" decimals="-3" unitRef="TWD">960000</tw-gaap-ci:RepairsMaintenance-SellingExpense>
	<tw-gaap-ci:Advertisement-SellingExpense contextRef="From20100101To20100331" decimals="-3" unitRef="TWD">497000</tw-gaap-ci:Advertisement-SellingExpense>
	<tw-gaap-ci:Advertisement-SellingExpense contextRef="From20090101To20090331" decimals="-3" unitRef="TWD">702000</tw-gaap-ci:Advertisement-SellingExpense>
	<tw-gaap-ci:Utilities-SellingExpense contextRef="From20100101To20100331" decimals="-3" unitRef="TWD">6393000</tw-gaap-ci:Utilities-SellingExpense>
	<tw-gaap-ci:Utilities-SellingExpense contextRef="From20090101To20090331" decimals="-3" unitRef="TWD">6049000</tw-gaap-ci:Utilities-SellingExpense>
	<tw-gaap-ci:Insurance-SellingExpense contextRef="From20100101To20100331" decimals="-3" unitRef="TWD">6952000</tw-gaap-ci:Insurance-SellingExpense>
	<tw-gaap-ci:Insurance-SellingExpense contextRef="From20090101To20090331" decimals="-3" unitRef="TWD">6280000</tw-gaap-ci:Insurance-SellingExpense>
	<tw-gaap-ci:Entertainment-SellingExpense contextRef="From20100101To20100331" decimals="-3" unitRef="TWD">672000</tw-gaap-ci:Entertainment-SellingExpense>
	<tw-gaap-ci:Entertainment-SellingExpense contextRef="From20090101To20090331" decimals="-3" unitRef="TWD">624000</tw-gaap-ci:Entertainment-SellingExpense>
	<tw-gaap-ci:Donations-SellingExpense contextRef="From20100101To20100331" decimals="-3" unitRef="TWD">0</tw-gaap-ci:Donations-SellingExpense>
	<tw-gaap-ci:Donations-SellingExpense contextRef="From20090101To20090331" decimals="-3" unitRef="TWD">0</tw-gaap-ci:Donations-SellingExpense>
	<tw-gaap-ci:Taxes-SellingExpense contextRef="From20100101To20100331" decimals="-3" unitRef="TWD">18000</tw-gaap-ci:Taxes-SellingExpense>
	<tw-gaap-ci:Taxes-SellingExpense contextRef="From20090101To20090331" decimals="-3" unitRef="TWD">17000</tw-gaap-ci:Taxes-SellingExpense>
	<tw-gaap-ci:Depreciations-SellingExpense contextRef="From20100101To20100331" decimals="-3" unitRef="TWD">7639000</tw-gaap-ci:Depreciations-SellingExpense>
	<tw-gaap-ci:Depreciations-SellingExpense contextRef="From20090101To20090331" decimals="-3" unitRef="TWD">9688000</tw-gaap-ci:Depreciations-SellingExpense>
	<tw-gaap-ci:FoodStipend-SellingExpense contextRef="From20100101To20100331" decimals="-3" unitRef="TWD">2745000</tw-gaap-ci:FoodStipend-SellingExpense>
	<tw-gaap-ci:FoodStipend-SellingExpense contextRef="From20090101To20090331" decimals="-3" unitRef="TWD">2454000</tw-gaap-ci:FoodStipend-SellingExpense>
	<tw-gaap-ci:EmployeeBenefits-SellingExpense contextRef="From20100101To20100331" decimals="-3" unitRef="TWD">0</tw-gaap-ci:EmployeeBenefits-SellingExpense>
	<tw-gaap-ci:EmployeeBenefits-SellingExpense contextRef="From20090101To20090331" decimals="-3" unitRef="TWD">0</tw-gaap-ci:EmployeeBenefits-SellingExpense>
	<tw-gaap-ci:CommissionsExpense-SellingExpense contextRef="From20100101To20100331" decimals="-3" unitRef="TWD">0</tw-gaap-ci:CommissionsExpense-SellingExpense>
	<tw-gaap-ci:CommissionsExpense-SellingExpense contextRef="From20090101To20090331" decimals="-3" unitRef="TWD">0</tw-gaap-ci:CommissionsExpense-SellingExpense>
	<tw-gaap-ci:Training-SellingExpense contextRef="From20100101To20100331" decimals="-3" unitRef="TWD">3000</tw-gaap-ci:Training-SellingExpense>
	<tw-gaap-ci:Training-SellingExpense contextRef="From20090101To20090331" decimals="-3" unitRef="TWD">3000</tw-gaap-ci:Training-SellingExpense>
	<tw-gaap-ci:OtherExpenses-SellingExpense contextRef="From20100101To20100331" decimals="-3" unitRef="TWD">37049000</tw-gaap-ci:OtherExpenses-SellingExpense>
	<tw-gaap-ci:OtherExpenses-SellingExpense contextRef="From20090101To20090331" decimals="-3" unitRef="TWD">35639000</tw-gaap-ci:OtherExpenses-SellingExpense>
	<tw-gaap-ci:Sellingexpense contextRef="From20100101To20100331" decimals="-3" unitRef="TWD">172064000</tw-gaap-ci:Sellingexpense>
	<tw-gaap-ci:Sellingexpense contextRef="From20090101To20090331" decimals="-3" unitRef="TWD">166627000</tw-gaap-ci:Sellingexpense>
	<tw-gaap-ci:SalaryWages-GeneralAdministrativeExpenses contextRef="From20100101To20100331" decimals="-3" unitRef="TWD">27980000</tw-gaap-ci:SalaryWages-GeneralAdministrativeExpenses>
	<tw-gaap-ci:SalaryWages-GeneralAdministrativeExpenses contextRef="From20090101To20090331" decimals="-3" unitRef="TWD">25831000</tw-gaap-ci:SalaryWages-GeneralAdministrativeExpenses>
	<tw-gaap-ci:Rent-GeneralAdministrativeExpenses contextRef="From20100101To20100331" decimals="-3" unitRef="TWD">347000</tw-gaap-ci:Rent-GeneralAdministrativeExpenses>
	<tw-gaap-ci:Rent-GeneralAdministrativeExpenses contextRef="From20090101To20090331" decimals="-3" unitRef="TWD">343000</tw-gaap-ci:Rent-GeneralAdministrativeExpenses>
	<tw-gaap-ci:StationerySupplies-GeneralAdministrativeExpenses contextRef="From20100101To20100331" decimals="-3" unitRef="TWD">117000</tw-gaap-ci:StationerySupplies-GeneralAdministrativeExpenses>
	<tw-gaap-ci:StationerySupplies-GeneralAdministrativeExpenses contextRef="From20090101To20090331" decimals="-3" unitRef="TWD">86000</tw-gaap-ci:StationerySupplies-GeneralAdministrativeExpenses>
	<tw-gaap-ci:TravelingExpense-GeneralAdministrativeExpenses contextRef="From20100101To20100331" decimals="-3" unitRef="TWD">357000</tw-gaap-ci:TravelingExpense-GeneralAdministrativeExpenses>
	<tw-gaap-ci:TravelingExpense-GeneralAdministrativeExpenses contextRef="From20090101To20090331" decimals="-3" unitRef="TWD">339000</tw-gaap-ci:TravelingExpense-GeneralAdministrativeExpenses>
	<tw-gaap-ci:Freight-GeneralAdministrativeExpenses contextRef="From20100101To20100331" decimals="-3" unitRef="TWD">111000</tw-gaap-ci:Freight-GeneralAdministrativeExpenses>
	<tw-gaap-ci:Freight-GeneralAdministrativeExpenses contextRef="From20090101To20090331" decimals="-3" unitRef="TWD">88000</tw-gaap-ci:Freight-GeneralAdministrativeExpenses>
	<tw-gaap-ci:PostagePhoneFaxExpense-GeneralAdministrativeExpenses contextRef="From20100101To20100331" decimals="-3" unitRef="TWD">742000</tw-gaap-ci:PostagePhoneFaxExpense-GeneralAdministrativeExpenses>
	<tw-gaap-ci:PostagePhoneFaxExpense-GeneralAdministrativeExpenses contextRef="From20090101To20090331" decimals="-3" unitRef="TWD">569000</tw-gaap-ci:PostagePhoneFaxExpense-GeneralAdministrativeExpenses>
	<tw-gaap-ci:RepairsMaintenance-GeneralAdministrativeExpenses contextRef="From20100101To20100331" decimals="-3" unitRef="TWD">785000</tw-gaap-ci:RepairsMaintenance-GeneralAdministrativeExpenses>
	<tw-gaap-ci:RepairsMaintenance-GeneralAdministrativeExpenses contextRef="From20090101To20090331" decimals="-3" unitRef="TWD">466000</tw-gaap-ci:RepairsMaintenance-GeneralAdministrativeExpenses>
	<tw-gaap-ci:Advertisement-GeneralAdministrativeExpenses contextRef="From20100101To20100331" decimals="-3" unitRef="TWD">2043000</tw-gaap-ci:Advertisement-GeneralAdministrativeExpenses>
	<tw-gaap-ci:Advertisement-GeneralAdministrativeExpenses contextRef="From20090101To20090331" decimals="-3" unitRef="TWD">1384000</tw-gaap-ci:Advertisement-GeneralAdministrativeExpenses>
	<tw-gaap-ci:Utilities-GeneralAdministrativeExpenses contextRef="From20100101To20100331" decimals="-3" unitRef="TWD">337000</tw-gaap-ci:Utilities-GeneralAdministrativeExpenses>
	<tw-gaap-ci:Utilities-GeneralAdministrativeExpenses contextRef="From20090101To20090331" decimals="-3" unitRef="TWD">344000</tw-gaap-ci:Utilities-GeneralAdministrativeExpenses>
	<tw-gaap-ci:Insurance-GeneralAdministrativeExpenses contextRef="From20100101To20100331" decimals="-3" unitRef="TWD">1359000</tw-gaap-ci:Insurance-GeneralAdministrativeExpenses>
	<tw-gaap-ci:Insurance-GeneralAdministrativeExpenses contextRef="From20090101To20090331" decimals="-3" unitRef="TWD">1400000</tw-gaap-ci:Insurance-GeneralAdministrativeExpenses>
	<tw-gaap-ci:Entertainment-GeneralAdministrativeExpenses contextRef="From20100101To20100331" decimals="-3" unitRef="TWD">364000</tw-gaap-ci:Entertainment-GeneralAdministrativeExpenses>
	<tw-gaap-ci:Entertainment-GeneralAdministrativeExpenses contextRef="From20090101To20090331" decimals="-3" unitRef="TWD">154000</tw-gaap-ci:Entertainment-GeneralAdministrativeExpenses>
	<tw-gaap-ci:Donations-GeneralAdministrativeExpenses contextRef="From20100101To20100331" decimals="-3" unitRef="TWD">450000</tw-gaap-ci:Donations-GeneralAdministrativeExpenses>
	<tw-gaap-ci:Donations-GeneralAdministrativeExpenses contextRef="From20090101To20090331" decimals="-3" unitRef="TWD">500000</tw-gaap-ci:Donations-GeneralAdministrativeExpenses>
	<tw-gaap-ci:Taxes-GeneralAdministrativeExpenses contextRef="From20100101To20100331" decimals="-3" unitRef="TWD">5000</tw-gaap-ci:Taxes-GeneralAdministrativeExpenses>
	<tw-gaap-ci:Taxes-GeneralAdministrativeExpenses contextRef="From20090101To20090331" decimals="-3" unitRef="TWD">0</tw-gaap-ci:Taxes-GeneralAdministrativeExpenses>
	<tw-gaap-ci:BadDebtLosses-GeneralAdministrativeExpenses contextRef="From20100101To20100331" decimals="-3" unitRef="TWD">311000</tw-gaap-ci:BadDebtLosses-GeneralAdministrativeExpenses>
	<tw-gaap-ci:BadDebtLosses-GeneralAdministrativeExpenses contextRef="From20090101To20090331" decimals="-3" unitRef="TWD">423000</tw-gaap-ci:BadDebtLosses-GeneralAdministrativeExpenses>
	<tw-gaap-ci:Depreciations-GeneralAdministrativeExpenses contextRef="From20100101To20100331" decimals="-3" unitRef="TWD">3625000</tw-gaap-ci:Depreciations-GeneralAdministrativeExpenses>
	<tw-gaap-ci:Depreciations-GeneralAdministrativeExpenses contextRef="From20090101To20090331" decimals="-3" unitRef="TWD">4164000</tw-gaap-ci:Depreciations-GeneralAdministrativeExpenses>
	<tw-gaap-ci:Amortizations-GeneralAdministrativeExpenses contextRef="From20100101To20100331" decimals="-3" unitRef="TWD">717000</tw-gaap-ci:Amortizations-GeneralAdministrativeExpenses>
	<tw-gaap-ci:Amortizations-GeneralAdministrativeExpenses contextRef="From20090101To20090331" decimals="-3" unitRef="TWD">762000</tw-gaap-ci:Amortizations-GeneralAdministrativeExpenses>
	<tw-gaap-ci:FoodStipend-GeneralAdministrativeExpenses contextRef="From20100101To20100331" decimals="-3" unitRef="TWD">505000</tw-gaap-ci:FoodStipend-GeneralAdministrativeExpenses>
	<tw-gaap-ci:FoodStipend-GeneralAdministrativeExpenses contextRef="From20090101To20090331" decimals="-3" unitRef="TWD">490000</tw-gaap-ci:FoodStipend-GeneralAdministrativeExpenses>
	<tw-gaap-ci:EmployeeBenefits-GeneralAdministrativeExpenses contextRef="From20100101To20100331" decimals="-3" unitRef="TWD">735000</tw-gaap-ci:EmployeeBenefits-GeneralAdministrativeExpenses>
	<tw-gaap-ci:EmployeeBenefits-GeneralAdministrativeExpenses contextRef="From20090101To20090331" decimals="-3" unitRef="TWD">673000</tw-gaap-ci:EmployeeBenefits-GeneralAdministrativeExpenses>
	<tw-gaap-ci:ResearchDevelopmentExpense-GeneralAdministrativeExpenses contextRef="From20100101To20100331" decimals="-3" unitRef="TWD">0</tw-gaap-ci:ResearchDevelopmentExpense-GeneralAdministrativeExpenses>
	<tw-gaap-ci:ResearchDevelopmentExpense-GeneralAdministrativeExpenses contextRef="From20090101To20090331" decimals="-3" unitRef="TWD">0</tw-gaap-ci:ResearchDevelopmentExpense-GeneralAdministrativeExpenses>
	<tw-gaap-ci:Training-GeneralAdministrativeExpenses contextRef="From20100101To20100331" decimals="-3" unitRef="TWD">201000</tw-gaap-ci:Training-GeneralAdministrativeExpenses>
	<tw-gaap-ci:Training-GeneralAdministrativeExpenses contextRef="From20090101To20090331" decimals="-3" unitRef="TWD">131000</tw-gaap-ci:Training-GeneralAdministrativeExpenses>
	<tw-gaap-ci:OtherExpenses-GeneralAdministrativeExpenses contextRef="From20100101To20100331" decimals="-3" unitRef="TWD">4957000</tw-gaap-ci:OtherExpenses-GeneralAdministrativeExpenses>
	<tw-gaap-ci:OtherExpenses-GeneralAdministrativeExpenses contextRef="From20090101To20090331" decimals="-3" unitRef="TWD">3085000</tw-gaap-ci:OtherExpenses-GeneralAdministrativeExpenses>
	<tw-gaap-ci:GeneralAdministrativeExpenses contextRef="From20100101To20100331" decimals="-3" unitRef="TWD">46048000</tw-gaap-ci:GeneralAdministrativeExpenses>
	<tw-gaap-ci:GeneralAdministrativeExpenses contextRef="From20090101To20090331" decimals="-3" unitRef="TWD">41232000</tw-gaap-ci:GeneralAdministrativeExpenses>
	<tw-gaap-ci:SalaryWages-ResearchDevelopmentExpenses contextRef="From20100101To20100331" decimals="-3" unitRef="TWD">163000</tw-gaap-ci:SalaryWages-ResearchDevelopmentExpenses>
	<tw-gaap-ci:SalaryWages-ResearchDevelopmentExpenses contextRef="From20090101To20090331" decimals="-3" unitRef="TWD">146000</tw-gaap-ci:SalaryWages-ResearchDevelopmentExpenses>
	<tw-gaap-ci:StationerySupplies-ResearchDevelopmentExpenses contextRef="From20100101To20100331" decimals="-3" unitRef="TWD">1000</tw-gaap-ci:StationerySupplies-ResearchDevelopmentExpenses>
	<tw-gaap-ci:StationerySupplies-ResearchDevelopmentExpenses contextRef="From20090101To20090331" decimals="-3" unitRef="TWD">1000</tw-gaap-ci:StationerySupplies-ResearchDevelopmentExpenses>
	<tw-gaap-ci:TravelingExpense-ResearchDevelopmentExpenses contextRef="From20100101To20100331" decimals="-3" unitRef="TWD">0</tw-gaap-ci:TravelingExpense-ResearchDevelopmentExpenses>
	<tw-gaap-ci:TravelingExpense-ResearchDevelopmentExpenses contextRef="From20090101To20090331" decimals="-3" unitRef="TWD">0</tw-gaap-ci:TravelingExpense-ResearchDevelopmentExpenses>
	<tw-gaap-ci:Freight-ResearchDevelopmentExpenses contextRef="From20100101To20100331" decimals="-3" unitRef="TWD">0</tw-gaap-ci:Freight-ResearchDevelopmentExpenses>
	<tw-gaap-ci:Freight-ResearchDevelopmentExpenses contextRef="From20090101To20090331" decimals="-3" unitRef="TWD">0</tw-gaap-ci:Freight-ResearchDevelopmentExpenses>
	<tw-gaap-ci:PostagePhoneFaxExpense-ResearchDevelopmentExpenses contextRef="From20100101To20100331" decimals="-3" unitRef="TWD">4000</tw-gaap-ci:PostagePhoneFaxExpense-ResearchDevelopmentExpenses>
	<tw-gaap-ci:PostagePhoneFaxExpense-ResearchDevelopmentExpenses contextRef="From20090101To20090331" decimals="-3" unitRef="TWD">2000</tw-gaap-ci:PostagePhoneFaxExpense-ResearchDevelopmentExpenses>
	<tw-gaap-ci:RepairsMaintenance-ResearchDevelopmentExpenses contextRef="From20100101To20100331" decimals="-3" unitRef="TWD">0</tw-gaap-ci:RepairsMaintenance-ResearchDevelopmentExpenses>
	<tw-gaap-ci:RepairsMaintenance-ResearchDevelopmentExpenses contextRef="From20090101To20090331" decimals="-3" unitRef="TWD">0</tw-gaap-ci:RepairsMaintenance-ResearchDevelopmentExpenses>
	<tw-gaap-ci:Insurance-ResearchDevelopmentExpenses contextRef="From20100101To20100331" decimals="-3" unitRef="TWD">13000</tw-gaap-ci:Insurance-ResearchDevelopmentExpenses>
	<tw-gaap-ci:Insurance-ResearchDevelopmentExpenses contextRef="From20090101To20090331" decimals="-3" unitRef="TWD">12000</tw-gaap-ci:Insurance-ResearchDevelopmentExpenses>
	<tw-gaap-ci:Entertainment-ResearchDevelopmentExpenses contextRef="From20100101To20100331" decimals="-3" unitRef="TWD">0</tw-gaap-ci:Entertainment-ResearchDevelopmentExpenses>
	<tw-gaap-ci:Entertainment-ResearchDevelopmentExpenses contextRef="From20090101To20090331" decimals="-3" unitRef="TWD">0</tw-gaap-ci:Entertainment-ResearchDevelopmentExpenses>
	<tw-gaap-ci:DepreciationDepletion-ResearchDevelopmentExpenses contextRef="From20100101To20100331" decimals="-3" unitRef="TWD">1000</tw-gaap-ci:DepreciationDepletion-ResearchDevelopmentExpenses>
	<tw-gaap-ci:DepreciationDepletion-ResearchDevelopmentExpenses contextRef="From20090101To20090331" decimals="-3" unitRef="TWD">4000</tw-gaap-ci:DepreciationDepletion-ResearchDevelopmentExpenses>
	<tw-gaap-ci:FoodStipend-ResearchDevelopmentExpenses contextRef="From20100101To20100331" decimals="-3" unitRef="TWD">5000</tw-gaap-ci:FoodStipend-ResearchDevelopmentExpenses>
	<tw-gaap-ci:FoodStipend-ResearchDevelopmentExpenses contextRef="From20090101To20090331" decimals="-3" unitRef="TWD">5000</tw-gaap-ci:FoodStipend-ResearchDevelopmentExpenses>
	<tw-gaap-ci:OtherExpenses-ResearchDevelopmentExpenses contextRef="From20100101To20100331" decimals="-3" unitRef="TWD">21000</tw-gaap-ci:OtherExpenses-ResearchDevelopmentExpenses>
	<tw-gaap-ci:OtherExpenses-ResearchDevelopmentExpenses contextRef="From20090101To20090331" decimals="-3" unitRef="TWD">5000</tw-gaap-ci:OtherExpenses-ResearchDevelopmentExpenses>
	<tw-gaap-ci:ResearchDevelopmentExpenses contextRef="From20100101To20100331" decimals="-3" unitRef="TWD">208000</tw-gaap-ci:ResearchDevelopmentExpenses>
	<tw-gaap-ci:ResearchDevelopmentExpenses contextRef="From20090101To20090331" decimals="-3" unitRef="TWD">175000</tw-gaap-ci:ResearchDevelopmentExpenses>
	<tw-gaap-ci:OperatingExpenses contextRef="From20100101To20100331" decimals="-3" unitRef="TWD">218320000</tw-gaap-ci:OperatingExpenses>
	<tw-gaap-ci:OperatingExpenses contextRef="From20090101To20090331" decimals="-3" unitRef="TWD">208034000</tw-gaap-ci:OperatingExpenses>
	<tw-gaap-ci:OperatingIncomeLoss contextRef="From20100101To20100331" decimals="-3" unitRef="TWD">75007000</tw-gaap-ci:OperatingIncomeLoss>
	<tw-gaap-ci:OperatingIncomeLoss contextRef="From20090101To20090331" decimals="-3" unitRef="TWD">60357000</tw-gaap-ci:OperatingIncomeLoss>
	<tw-gaap-ci:InterestIncome contextRef="From20100101To20100331" decimals="-3" unitRef="TWD">7000</tw-gaap-ci:InterestIncome>
	<tw-gaap-ci:InterestIncome contextRef="From20090101To20090331" decimals="-3" unitRef="TWD">58000</tw-gaap-ci:InterestIncome>
	<tw-gaap-ci:InvestmentGainsRecognizedEquityMethod contextRef="From20100101To20100331" decimals="-3" unitRef="TWD">35000</tw-gaap-ci:InvestmentGainsRecognizedEquityMethod>
	<tw-gaap-ci:InvestmentGainsRecognizedEquityMethod contextRef="From20090101To20090331" decimals="-3" unitRef="TWD">354000</tw-gaap-ci:InvestmentGainsRecognizedEquityMethod>
	<tw-gaap-ci:DividendIncome contextRef="From20100101To20100331" decimals="-3" unitRef="TWD">0</tw-gaap-ci:DividendIncome>
	<tw-gaap-ci:DividendIncome contextRef="From20090101To20090331" decimals="-3" unitRef="TWD">0</tw-gaap-ci:DividendIncome>
	<tw-gaap-ci:InvestmentGains contextRef="From20100101To20100331" decimals="-3" unitRef="TWD">35000</tw-gaap-ci:InvestmentGains>
	<tw-gaap-ci:InvestmentGains contextRef="From20090101To20090331" decimals="-3" unitRef="TWD">354000</tw-gaap-ci:InvestmentGains>
	<tw-gaap-ci:GainsDisposalFixedAssets contextRef="From20100101To20100331" decimals="-3" unitRef="TWD">26102000</tw-gaap-ci:GainsDisposalFixedAssets>
	<tw-gaap-ci:GainsDisposalFixedAssets contextRef="From20090101To20090331" decimals="-3" unitRef="TWD">0</tw-gaap-ci:GainsDisposalFixedAssets>
	<tw-gaap-ci:ForeignExchangeGains contextRef="From20100101To20100331" decimals="-3" unitRef="TWD">0</tw-gaap-ci:ForeignExchangeGains>
	<tw-gaap-ci:ForeignExchangeGains contextRef="From20090101To20090331" decimals="-3" unitRef="TWD">1816000</tw-gaap-ci:ForeignExchangeGains>
	<tw-gaap-ci:RentIncome contextRef="From20100101To20100331" decimals="-3" unitRef="TWD">677000</tw-gaap-ci:RentIncome>
	<tw-gaap-ci:RentIncome contextRef="From20090101To20090331" decimals="-3" unitRef="TWD">678000</tw-gaap-ci:RentIncome>
	<tw-gaap-ci:ReversalAllowanceDoubtfulReceivable contextRef="From20100101To20100331" decimals="-3" unitRef="TWD">0</tw-gaap-ci:ReversalAllowanceDoubtfulReceivable>
	<tw-gaap-ci:ReversalAllowanceDoubtfulReceivable contextRef="From20090101To20090331" decimals="-3" unitRef="TWD">0</tw-gaap-ci:ReversalAllowanceDoubtfulReceivable>
	<tw-gaap-ci:ReversalImpairmentLossAssets contextRef="From20100101To20100331" decimals="-3" unitRef="TWD">0</tw-gaap-ci:ReversalImpairmentLossAssets>
	<tw-gaap-ci:ReversalImpairmentLossAssets contextRef="From20090101To20090331" decimals="-3" unitRef="TWD">0</tw-gaap-ci:ReversalImpairmentLossAssets>
	<tw-gaap-ci:MiscellaneousIncome contextRef="From20100101To20100331" decimals="-3" unitRef="TWD">3851000</tw-gaap-ci:MiscellaneousIncome>
	<tw-gaap-ci:MiscellaneousIncome contextRef="From20090101To20090331" decimals="-3" unitRef="TWD">2156000</tw-gaap-ci:MiscellaneousIncome>
	<tw-gaap-ci:NonOperatingIncomeGains contextRef="From20100101To20100331" decimals="-3" unitRef="TWD">30672000</tw-gaap-ci:NonOperatingIncomeGains>
	<tw-gaap-ci:NonOperatingIncomeGains contextRef="From20090101To20090331" decimals="-3" unitRef="TWD">5062000</tw-gaap-ci:NonOperatingIncomeGains>
	<tw-gaap-ci:InterestExpense contextRef="From20100101To20100331" decimals="-3" unitRef="TWD">0</tw-gaap-ci:InterestExpense>
	<tw-gaap-ci:InterestExpense contextRef="From20090101To20090331" decimals="-3" unitRef="TWD">0</tw-gaap-ci:InterestExpense>
	<tw-gaap-ci:NonOperatingExpensesInvestmentLossRecognizedEquityMethod contextRef="From20100101To20100331" decimals="-3" unitRef="TWD">0</tw-gaap-ci:NonOperatingExpensesInvestmentLossRecognizedEquityMethod>
	<tw-gaap-ci:NonOperatingExpensesInvestmentLossRecognizedEquityMethod contextRef="From20090101To20090331" decimals="-3" unitRef="TWD">0</tw-gaap-ci:NonOperatingExpensesInvestmentLossRecognizedEquityMethod>
	<tw-gaap-ci:NonOperatingExpensesInvestmentLoss contextRef="From20100101To20100331" decimals="-3" unitRef="TWD">0</tw-gaap-ci:NonOperatingExpensesInvestmentLoss>
	<tw-gaap-ci:NonOperatingExpensesInvestmentLoss contextRef="From20090101To20090331" decimals="-3" unitRef="TWD">0</tw-gaap-ci:NonOperatingExpensesInvestmentLoss>
	<tw-gaap-ci:LossDisposalFixedAssets contextRef="From20100101To20100331" decimals="-3" unitRef="TWD">2873000</tw-gaap-ci:LossDisposalFixedAssets>
	<tw-gaap-ci:LossDisposalFixedAssets contextRef="From20090101To20090331" decimals="-3" unitRef="TWD">0</tw-gaap-ci:LossDisposalFixedAssets>
	<tw-gaap-ci:LossSaleInvestments contextRef="From20100101To20100331" decimals="-3" unitRef="TWD">0</tw-gaap-ci:LossSaleInvestments>
	<tw-gaap-ci:LossSaleInvestments contextRef="From20090101To20090331" decimals="-3" unitRef="TWD">0</tw-gaap-ci:LossSaleInvestments>
	<tw-gaap-ci:ForeignExchangeLosses contextRef="From20100101To20100331" decimals="-3" unitRef="TWD">651000</tw-gaap-ci:ForeignExchangeLosses>
	<tw-gaap-ci:ForeignExchangeLosses contextRef="From20090101To20090331" decimals="-3" unitRef="TWD">0</tw-gaap-ci:ForeignExchangeLosses>
	<tw-gaap-ci:ImpairmentLossAssets contextRef="From20100101To20100331" decimals="-3" unitRef="TWD">0</tw-gaap-ci:ImpairmentLossAssets>
	<tw-gaap-ci:ImpairmentLossAssets contextRef="From20090101To20090331" decimals="-3" unitRef="TWD">0</tw-gaap-ci:ImpairmentLossAssets>
	<tw-gaap-ci:MiscellaneousDisbursements contextRef="From20100101To20100331" decimals="-3" unitRef="TWD">173000</tw-gaap-ci:MiscellaneousDisbursements>
	<tw-gaap-ci:MiscellaneousDisbursements contextRef="From20090101To20090331" decimals="-3" unitRef="TWD">62000</tw-gaap-ci:MiscellaneousDisbursements>
	<tw-gaap-ci:NonOperatingExpenses contextRef="From20100101To20100331" decimals="-3" unitRef="TWD">3697000</tw-gaap-ci:NonOperatingExpenses>
	<tw-gaap-ci:NonOperatingExpenses contextRef="From20090101To20090331" decimals="-3" unitRef="TWD">62000</tw-gaap-ci:NonOperatingExpenses>
	<tw-gaap-ci:IncomeContinuingOperationsBeforeIncomeTax contextRef="From20100101To20100331" decimals="-3" unitRef="TWD">101982000</tw-gaap-ci:IncomeContinuingOperationsBeforeIncomeTax>
	<tw-gaap-ci:IncomeContinuingOperationsBeforeIncomeTax contextRef="From20090101To20090331" decimals="-3" unitRef="TWD">65357000</tw-gaap-ci:IncomeContinuingOperationsBeforeIncomeTax>
	<tw-gaap-ci:IncomeTaxExpenseBenefitIncomeTaxExpenseBenefit contextRef="From20100101To20100331" decimals="-3" unitRef="TWD">15194000</tw-gaap-ci:IncomeTaxExpenseBenefitIncomeTaxExpenseBenefit>
	<tw-gaap-ci:IncomeTaxExpenseBenefitIncomeTaxExpenseBenefit contextRef="From20090101To20090331" decimals="-3" unitRef="TWD">9800000</tw-gaap-ci:IncomeTaxExpenseBenefitIncomeTaxExpenseBenefit>
	<tw-gaap-ci:DeferredIncomeTaxBenefitExpense contextRef="From20100101To20100331" decimals="-3" unitRef="TWD">0</tw-gaap-ci:DeferredIncomeTaxBenefitExpense>
	<tw-gaap-ci:DeferredIncomeTaxBenefitExpense contextRef="From20090101To20090331" decimals="-3" unitRef="TWD">0</tw-gaap-ci:DeferredIncomeTaxBenefitExpense>
	<tw-gaap-ci:IncomeTaxExpenseBenefit contextRef="From20100101To20100331" decimals="-3" unitRef="TWD">15194000</tw-gaap-ci:IncomeTaxExpenseBenefit>
	<tw-gaap-ci:IncomeTaxExpenseBenefit contextRef="From20090101To20090331" decimals="-3" unitRef="TWD">9800000</tw-gaap-ci:IncomeTaxExpenseBenefit>
	<tw-gaap-ci:IncomeContinuingOperations contextRef="From20100101To20100331" decimals="-3" unitRef="TWD">86788000</tw-gaap-ci:IncomeContinuingOperations>
	<tw-gaap-ci:IncomeContinuingOperations contextRef="From20090101To20090331" decimals="-3" unitRef="TWD">55557000</tw-gaap-ci:IncomeContinuingOperations>
	<tw-gaap-ci:NetIncomeLoss contextRef="From20100101To20100331" decimals="-3" unitRef="TWD">86788000</tw-gaap-ci:NetIncomeLoss>
	<tw-gaap-ci:NetIncomeLoss contextRef="From20090101To20090331" decimals="-3" unitRef="TWD">55557000</tw-gaap-ci:NetIncomeLoss>
	<tw-gaap-ci:PrimaryEarningsPerShareIncomeLossContinuingOperations contextRef="From20100101To20100331" decimals="2" unitRef="TWD">0.96</tw-gaap-ci:PrimaryEarningsPerShareIncomeLossContinuingOperations>
	<tw-gaap-ci:PrimaryEarningsPerShareIncomeLossContinuingOperations contextRef="From20090101To20090331" decimals="2" unitRef="TWD">0.62</tw-gaap-ci:PrimaryEarningsPerShareIncomeLossContinuingOperations>
	<tw-gaap-ci:PrimaryEarningsPerShare contextRef="From20100101To20100331" decimals="2" unitRef="TWD">0.96</tw-gaap-ci:PrimaryEarningsPerShare>
	<tw-gaap-ci:PrimaryEarningsPerShare contextRef="From20090101To20090331" decimals="2" unitRef="TWD">0.62</tw-gaap-ci:PrimaryEarningsPerShare>
	<tw-gaap-ci:NetIncomeLoss_StatementCashFlows contextRef="From20100101To20100331" decimals="-3" unitRef="TWD">86788000</tw-gaap-ci:NetIncomeLoss_StatementCashFlows>
	<tw-gaap-ci:NetIncomeLoss_StatementCashFlows contextRef="From20090101To20090331" decimals="-3" unitRef="TWD">55557000</tw-gaap-ci:NetIncomeLoss_StatementCashFlows>
	<tw-gaap-ci:DepreciationExpense-Operating contextRef="From20100101To20100331" decimals="-3" unitRef="TWD">15277000</tw-gaap-ci:DepreciationExpense-Operating>
	<tw-gaap-ci:DepreciationExpense-Operating contextRef="From20090101To20090331" decimals="-3" unitRef="TWD">17712000</tw-gaap-ci:DepreciationExpense-Operating>
	<tw-gaap-ci:AmortizationExpense-Operating contextRef="From20100101To20100331" decimals="-3" unitRef="TWD">717000</tw-gaap-ci:AmortizationExpense-Operating>
	<tw-gaap-ci:AmortizationExpense-Operating contextRef="From20090101To20090331" decimals="-3" unitRef="TWD">763000</tw-gaap-ci:AmortizationExpense-Operating>
	<tw-gaap-ci:ChangesNetPensionCostUnappropriated contextRef="From20100101To20100331" decimals="-3" unitRef="TWD">0</tw-gaap-ci:ChangesNetPensionCostUnappropriated>
	<tw-gaap-ci:ChangesNetPensionCostUnappropriated contextRef="From20090101To20090331" decimals="-3" unitRef="TWD">3146000</tw-gaap-ci:ChangesNetPensionCostUnappropriated>
	<tw-gaap-ci:InvestmentLossIncomeRecognizedEquityMethod contextRef="From20100101To20100331" decimals="-3" unitRef="TWD">-35000</tw-gaap-ci:InvestmentLossIncomeRecognizedEquityMethod>
	<tw-gaap-ci:InvestmentLossIncomeRecognizedEquityMethod contextRef="From20090101To20090331" decimals="-3" unitRef="TWD">-354000</tw-gaap-ci:InvestmentLossIncomeRecognizedEquityMethod>
	<tw-gaap-ci:CashDividendsReceivedEquityMethodInvestees contextRef="From20100101To20100331" decimals="-3" unitRef="TWD">1459000</tw-gaap-ci:CashDividendsReceivedEquityMethodInvestees>
	<tw-gaap-ci:CashDividendsReceivedEquityMethodInvestees contextRef="From20090101To20090331" decimals="-3" unitRef="TWD">1084000</tw-gaap-ci:CashDividendsReceivedEquityMethodInvestees>
	<tw-gaap-ci:GainLossDisposalScrappingFixedAssets contextRef="From20100101To20100331" decimals="-3" unitRef="TWD">-23109000</tw-gaap-ci:GainLossDisposalScrappingFixedAssets>
	<tw-gaap-ci:GainLossDisposalScrappingFixedAssets contextRef="From20090101To20090331" decimals="-3" unitRef="TWD">-8000</tw-gaap-ci:GainLossDisposalScrappingFixedAssets>
	<tw-gaap-ci:AdjustmentsReconcileNetIncomeNetCashProvidedUsedOperatingActivities contextRef="From20100101To20100331" decimals="-3" unitRef="TWD">-5691000</tw-gaap-ci:AdjustmentsReconcileNetIncomeNetCashProvidedUsedOperatingActivities>
	<tw-gaap-ci:AdjustmentsReconcileNetIncomeNetCashProvidedUsedOperatingActivities contextRef="From20090101To20090331" decimals="-3" unitRef="TWD">22343000</tw-gaap-ci:AdjustmentsReconcileNetIncomeNetCashProvidedUsedOperatingActivities>
	<tw-gaap-ci:ChangesNotesReceivable contextRef="From20100101To20100331" decimals="-3" unitRef="TWD">8298000</tw-gaap-ci:ChangesNotesReceivable>
	<tw-gaap-ci:ChangesNotesReceivable contextRef="From20090101To20090331" decimals="-3" unitRef="TWD">-2043000</tw-gaap-ci:ChangesNotesReceivable>
	<tw-gaap-ci:ChangesAccountsReceivable contextRef="From20100101To20100331" decimals="-3" unitRef="TWD">-4138000</tw-gaap-ci:ChangesAccountsReceivable>
	<tw-gaap-ci:ChangesAccountsReceivable contextRef="From20090101To20090331" decimals="-3" unitRef="TWD">15670000</tw-gaap-ci:ChangesAccountsReceivable>
	<tw-gaap-ci:ChangesOtherReceivables contextRef="From20100101To20100331" decimals="-3" unitRef="TWD">-1466000</tw-gaap-ci:ChangesOtherReceivables>
	<tw-gaap-ci:ChangesOtherReceivables contextRef="From20090101To20090331" decimals="-3" unitRef="TWD">-259000</tw-gaap-ci:ChangesOtherReceivables>
	<tw-gaap-ci:ChangesInventories contextRef="From20100101To20100331" decimals="-3" unitRef="TWD">34805000</tw-gaap-ci:ChangesInventories>
	<tw-gaap-ci:ChangesInventories contextRef="From20090101To20090331" decimals="-3" unitRef="TWD">40576000</tw-gaap-ci:ChangesInventories>
	<tw-gaap-ci:ChangesOtherPrepayments contextRef="From20100101To20100331" decimals="-3" unitRef="TWD">-3829000</tw-gaap-ci:ChangesOtherPrepayments>
	<tw-gaap-ci:ChangesOtherPrepayments contextRef="From20090101To20090331" decimals="-3" unitRef="TWD">-1816000</tw-gaap-ci:ChangesOtherPrepayments>
	<tw-gaap-ci:ChangesOtherCurrentAssets_CI contextRef="From20100101To20100331" decimals="-3" unitRef="TWD">-4526000</tw-gaap-ci:ChangesOtherCurrentAssets_CI>
	<tw-gaap-ci:ChangesOtherCurrentAssets_CI contextRef="From20090101To20090331" decimals="-3" unitRef="TWD">2686000</tw-gaap-ci:ChangesOtherCurrentAssets_CI>
	<tw-gaap-ci:ChangesOtherOperatingAssets contextRef="From20100101To20100331" decimals="-3" unitRef="TWD">-123000</tw-gaap-ci:ChangesOtherOperatingAssets>
	<tw-gaap-ci:ChangesOtherOperatingAssets contextRef="From20090101To20090331" decimals="-3" unitRef="TWD">-60000</tw-gaap-ci:ChangesOtherOperatingAssets>
	<tw-gaap-ci:ChangesOperatingAssets contextRef="From20100101To20100331" decimals="-3" unitRef="TWD">29021000</tw-gaap-ci:ChangesOperatingAssets>
	<tw-gaap-ci:ChangesOperatingAssets contextRef="From20090101To20090331" decimals="-3" unitRef="TWD">54754000</tw-gaap-ci:ChangesOperatingAssets>
	<tw-gaap-ci:ChangesNotesPayable contextRef="From20100101To20100331" decimals="-3" unitRef="TWD">2951000</tw-gaap-ci:ChangesNotesPayable>
	<tw-gaap-ci:ChangesNotesPayable contextRef="From20090101To20090331" decimals="-3" unitRef="TWD">-24633000</tw-gaap-ci:ChangesNotesPayable>
	<tw-gaap-ci:ChangesAccountsPayable contextRef="From20100101To20100331" decimals="-3" unitRef="TWD">-5925000</tw-gaap-ci:ChangesAccountsPayable>
	<tw-gaap-ci:ChangesAccountsPayable contextRef="From20090101To20090331" decimals="-3" unitRef="TWD">1860000</tw-gaap-ci:ChangesAccountsPayable>
	<tw-gaap-ci:ChangesIncomeTaxPayable contextRef="From20100101To20100331" decimals="-3" unitRef="TWD">15279000</tw-gaap-ci:ChangesIncomeTaxPayable>
	<tw-gaap-ci:ChangesIncomeTaxPayable contextRef="From20090101To20090331" decimals="-3" unitRef="TWD">9218000</tw-gaap-ci:ChangesIncomeTaxPayable>
	<tw-gaap-ci:ChangesAccruedExpenses contextRef="From20100101To20100331" decimals="-3" unitRef="TWD">-39164000</tw-gaap-ci:ChangesAccruedExpenses>
	<tw-gaap-ci:ChangesAccruedExpenses contextRef="From20090101To20090331" decimals="-3" unitRef="TWD">-41348000</tw-gaap-ci:ChangesAccruedExpenses>
	<tw-gaap-ci:ChangesOtherPayables contextRef="From20100101To20100331" decimals="-3" unitRef="TWD">1000</tw-gaap-ci:ChangesOtherPayables>
	<tw-gaap-ci:ChangesOtherPayables contextRef="From20090101To20090331" decimals="-3" unitRef="TWD">-3557000</tw-gaap-ci:ChangesOtherPayables>
	<tw-gaap-ci:ChangesReceiptsAdvance contextRef="From20100101To20100331" decimals="-3" unitRef="TWD">-1189000</tw-gaap-ci:ChangesReceiptsAdvance>
	<tw-gaap-ci:ChangesReceiptsAdvance contextRef="From20090101To20090331" decimals="-3" unitRef="TWD">935000</tw-gaap-ci:ChangesReceiptsAdvance>
	<tw-gaap-ci:ChangesOtherCurrentLiabilities_CI contextRef="From20100101To20100331" decimals="-3" unitRef="TWD">2496000</tw-gaap-ci:ChangesOtherCurrentLiabilities_CI>
	<tw-gaap-ci:ChangesOtherCurrentLiabilities_CI contextRef="From20090101To20090331" decimals="-3" unitRef="TWD">1639000</tw-gaap-ci:ChangesOtherCurrentLiabilities_CI>
	<tw-gaap-ci:ChangesDeferredTaxLiabilities contextRef="From20100101To20100331" decimals="-3" unitRef="TWD">-85000</tw-gaap-ci:ChangesDeferredTaxLiabilities>
	<tw-gaap-ci:ChangesDeferredTaxLiabilities contextRef="From20090101To20090331" decimals="-3" unitRef="TWD">572000</tw-gaap-ci:ChangesDeferredTaxLiabilities>
	<tw-gaap-ci:ChangesOperatingLiabilities contextRef="From20100101To20100331" decimals="-3" unitRef="TWD">-25636000</tw-gaap-ci:ChangesOperatingLiabilities>
	<tw-gaap-ci:ChangesOperatingLiabilities contextRef="From20090101To20090331" decimals="-3" unitRef="TWD">-55314000</tw-gaap-ci:ChangesOperatingLiabilities>
	<tw-gaap-ci:ChangesOperatingAssetsLiabilities contextRef="From20100101To20100331" decimals="-3" unitRef="TWD">3385000</tw-gaap-ci:ChangesOperatingAssetsLiabilities>
	<tw-gaap-ci:ChangesOperatingAssetsLiabilities contextRef="From20090101To20090331" decimals="-3" unitRef="TWD">-560000</tw-gaap-ci:ChangesOperatingAssetsLiabilities>
	<tw-gaap-ci:NetCashProvidedUsedOperatingActivities contextRef="From20100101To20100331" decimals="-3" unitRef="TWD">84482000</tw-gaap-ci:NetCashProvidedUsedOperatingActivities>
	<tw-gaap-ci:NetCashProvidedUsedOperatingActivities contextRef="From20090101To20090331" decimals="-3" unitRef="TWD">77340000</tw-gaap-ci:NetCashProvidedUsedOperatingActivities>
	<tw-gaap-ci:AcquisitionPropertyPlantEquipment contextRef="From20100101To20100331" decimals="-3" unitRef="TWD">-5796000</tw-gaap-ci:AcquisitionPropertyPlantEquipment>
	<tw-gaap-ci:AcquisitionPropertyPlantEquipment contextRef="From20090101To20090331" decimals="-3" unitRef="TWD">-4413000</tw-gaap-ci:AcquisitionPropertyPlantEquipment>
	<tw-gaap-ci:ProceedsDisposalPropertyPlantEquipment contextRef="From20100101To20100331" decimals="-3" unitRef="TWD">54883000</tw-gaap-ci:ProceedsDisposalPropertyPlantEquipment>
	<tw-gaap-ci:ProceedsDisposalPropertyPlantEquipment contextRef="From20090101To20090331" decimals="-3" unitRef="TWD">45000</tw-gaap-ci:ProceedsDisposalPropertyPlantEquipment>
	<tw-gaap-ci:OtherInvestingActivities contextRef="From20100101To20100331" decimals="-3" unitRef="TWD">-407000</tw-gaap-ci:OtherInvestingActivities>
	<tw-gaap-ci:OtherInvestingActivities contextRef="From20090101To20090331" decimals="-3" unitRef="TWD">34000</tw-gaap-ci:OtherInvestingActivities>
	<tw-gaap-ci:NetCashProvidedUsedInvestingActivities contextRef="From20100101To20100331" decimals="-3" unitRef="TWD">48680000</tw-gaap-ci:NetCashProvidedUsedInvestingActivities>
	<tw-gaap-ci:NetCashProvidedUsedInvestingActivities contextRef="From20090101To20090331" decimals="-3" unitRef="TWD">-4334000</tw-gaap-ci:NetCashProvidedUsedInvestingActivities>
	<tw-gaap-ci:ChangesGuaranteeDepositsReceived contextRef="From20100101To20100331" decimals="-3" unitRef="TWD">-15000</tw-gaap-ci:ChangesGuaranteeDepositsReceived>
	<tw-gaap-ci:ChangesGuaranteeDepositsReceived contextRef="From20090101To20090331" decimals="-3" unitRef="TWD">0</tw-gaap-ci:ChangesGuaranteeDepositsReceived>
	<tw-gaap-ci:NetCashProvidedUsedFinancingActivities contextRef="From20100101To20100331" decimals="-3" unitRef="TWD">-15000</tw-gaap-ci:NetCashProvidedUsedFinancingActivities>
	<tw-gaap-ci:NetCashProvidedUsedFinancingActivities contextRef="From20090101To20090331" decimals="-3" unitRef="TWD">0</tw-gaap-ci:NetCashProvidedUsedFinancingActivities>
	<tw-gaap-ci:EffectExchangeRateChanges contextRef="From20100101To20100331" decimals="-3" unitRef="TWD">0</tw-gaap-ci:EffectExchangeRateChanges>
	<tw-gaap-ci:EffectExchangeRateChanges contextRef="From20090101To20090331" decimals="-3" unitRef="TWD">0</tw-gaap-ci:EffectExchangeRateChanges>
	<tw-gaap-ci:NetChangesCashCashEquivalents contextRef="From20100101To20100331" decimals="-3" unitRef="TWD">133147000</tw-gaap-ci:NetChangesCashCashEquivalents>
	<tw-gaap-ci:NetChangesCashCashEquivalents contextRef="From20090101To20090331" decimals="-3" unitRef="TWD">73006000</tw-gaap-ci:NetChangesCashCashEquivalents>
	<tw-gaap-ci:CashCashEquivalents contextRef="AsOf20100101" decimals="-3" unitRef="TWD">113179000</tw-gaap-ci:CashCashEquivalents>
	<tw-gaap-ci:CashCashEquivalents contextRef="AsOf20090101" decimals="-3" unitRef="TWD">155453000</tw-gaap-ci:CashCashEquivalents>
</xbrl>
