<?xml version="1.0" encoding="UTF-8"?>
<xbrl xmlns="http://www.xbrl.org/2003/instance" xmlns:iso4217="http://www.xbrl.org/2003/iso4217" xmlns:link="http://www.xbrl.org/2003/linkbase" xmlns:tw-gaap-ar="http://www.xbrl.org/tw/fr/gaap/ar/2010-09-30" xmlns:tw-gaap-ci="http://www.xbrl.org/tw/fr/gaap/tw-gaap-ci-2010-09-30" xmlns:tw-gaap-notes="http://www.xbrl.org/tw/fr/gaap/notes/2010-09-30" xmlns:xbrldi="http://xbrl.org/2006/xbrldi" xmlns:xbrldt="http://xbrl.org/2005/xbrldt" xmlns:xbrli="http://www.xbrl.org/2003/instance" xmlns:xlink="http://www.w3.org/1999/xlink">
	<link:schemaRef xlink:arcrole="http://www.w3.org/1999/xlink/properties/linkbase" xlink:href="tw-gaap-ci-2010-09-30.xsd" xlink:type="simple"/>	<context id="AsOf20101015">
		<entity>
			<identifier scheme="http://www.twse.com.tw">2465</identifier>
		</entity>
		<period>
			<instant>2010-10-15</instant>
		</period>
	</context>
	<context id="AsOf20090101">
		<entity>
			<identifier scheme="http://www.twse.com.tw">2465</identifier>
		</entity>
		<period>
			<instant>2009-01-01</instant>
		</period>
	</context>
	<context id="AsOf20100101">
		<entity>
			<identifier scheme="http://www.twse.com.tw">2465</identifier>
		</entity>
		<period>
			<instant>2010-01-01</instant>
		</period>
	</context>
	<context id="From20090101To20090930">
		<entity>
			<identifier scheme="http://www.twse.com.tw">2465</identifier>
		</entity>
		<period>
			<startDate>2009-01-01</startDate>
			<endDate>2009-09-30</endDate>
		</period>
	</context>
	<context id="AsOf20090930">
		<entity>
			<identifier scheme="http://www.twse.com.tw">2465</identifier>
		</entity>
		<period>
			<instant>2009-09-30</instant>
		</period>
	</context>
	<context id="From20100101To20100930">
		<entity>
			<identifier scheme="http://www.twse.com.tw">2465</identifier>
		</entity>
		<period>
			<startDate>2010-01-01</startDate>
			<endDate>2010-09-30</endDate>
		</period>
	</context>
	<context id="AsOf20100930">
		<entity>
			<identifier scheme="http://www.twse.com.tw">2465</identifier>
		</entity>
		<period>
			<instant>2010-09-30</instant>
		</period>
	</context>
	<unit id="TWD">
		<measure>iso4217:TWD</measure>
	</unit>
	<unit id="Shares">
		<measure>xbrli:shares</measure>
	</unit>
	<unit id="EarningsPerShare">
		<divide>
			<unitNumerator>
				<measure>iso4217:TWD</measure>
			</unitNumerator>
			<unitDenominator>
				<measure>xbrli:shares</measure>
			</unitDenominator>
		</divide>
	</unit>
	<tw-gaap-ci:CashHand contextRef="AsOf20100930" decimals="-3" unitRef="TWD">121000</tw-gaap-ci:CashHand>
	<tw-gaap-ci:CashHand contextRef="AsOf20090930" decimals="-3" unitRef="TWD">166000</tw-gaap-ci:CashHand>
	<tw-gaap-ci:PettyCashRevolvingFunds contextRef="AsOf20100930" decimals="-3" unitRef="TWD">60000</tw-gaap-ci:PettyCashRevolvingFunds>
	<tw-gaap-ci:PettyCashRevolvingFunds contextRef="AsOf20090930" decimals="-3" unitRef="TWD">60000</tw-gaap-ci:PettyCashRevolvingFunds>
	<tw-gaap-ci:CashBanks contextRef="AsOf20100930" decimals="-3" unitRef="TWD">253688000</tw-gaap-ci:CashBanks>
	<tw-gaap-ci:CashBanks contextRef="AsOf20090930" decimals="-3" unitRef="TWD">273732000</tw-gaap-ci:CashBanks>
	<tw-gaap-ci:CashEquivalents contextRef="AsOf20100930" decimals="-3" unitRef="TWD">0</tw-gaap-ci:CashEquivalents>
	<tw-gaap-ci:CashEquivalents contextRef="AsOf20090930" decimals="-3" unitRef="TWD">8182000</tw-gaap-ci:CashEquivalents>
	<tw-gaap-ci:CashCashEquivalents contextRef="AsOf20100930" decimals="-3" unitRef="TWD">253869000</tw-gaap-ci:CashCashEquivalents>
	<tw-gaap-ci:CashCashEquivalents contextRef="AsOf20090930" decimals="-3" unitRef="TWD">282140000</tw-gaap-ci:CashCashEquivalents>
	<tw-gaap-ci:FinancialAssetsHeldTradingCurrent contextRef="AsOf20100930" decimals="-3" unitRef="TWD">38396000</tw-gaap-ci:FinancialAssetsHeldTradingCurrent>
	<tw-gaap-ci:FinancialAssetsHeldTradingCurrent contextRef="AsOf20090930" decimals="-3" unitRef="TWD">25000000</tw-gaap-ci:FinancialAssetsHeldTradingCurrent>
	<tw-gaap-ci:ValuationAdjustmentFinancialAssetsHeldTradingCurrent contextRef="AsOf20100930" decimals="-3" unitRef="TWD">7780000</tw-gaap-ci:ValuationAdjustmentFinancialAssetsHeldTradingCurrent>
	<tw-gaap-ci:ValuationAdjustmentFinancialAssetsHeldTradingCurrent contextRef="AsOf20090930" decimals="-3" unitRef="TWD">6000</tw-gaap-ci:ValuationAdjustmentFinancialAssetsHeldTradingCurrent>
	<tw-gaap-ci:FinancialAssetsMeasuredFairValueProfitLossCurrent contextRef="AsOf20100930" decimals="-3" unitRef="TWD">46176000</tw-gaap-ci:FinancialAssetsMeasuredFairValueProfitLossCurrent>
	<tw-gaap-ci:FinancialAssetsMeasuredFairValueProfitLossCurrent contextRef="AsOf20090930" decimals="-3" unitRef="TWD">25006000</tw-gaap-ci:FinancialAssetsMeasuredFairValueProfitLossCurrent>
	<tw-gaap-ci:NotesReceivable contextRef="AsOf20100930" decimals="-3" unitRef="TWD">454000</tw-gaap-ci:NotesReceivable>
	<tw-gaap-ci:NotesReceivable contextRef="AsOf20090930" decimals="-3" unitRef="TWD">366000</tw-gaap-ci:NotesReceivable>
	<tw-gaap-ci:NetNotesReceivable contextRef="AsOf20100930" decimals="-3" unitRef="TWD">454000</tw-gaap-ci:NetNotesReceivable>
	<tw-gaap-ci:NetNotesReceivable contextRef="AsOf20090930" decimals="-3" unitRef="TWD">366000</tw-gaap-ci:NetNotesReceivable>
	<tw-gaap-ci:AccountsReceivable contextRef="AsOf20100930" decimals="-3" unitRef="TWD">229808000</tw-gaap-ci:AccountsReceivable>
	<tw-gaap-ci:AccountsReceivable contextRef="AsOf20090930" decimals="-3" unitRef="TWD">172942000</tw-gaap-ci:AccountsReceivable>
	<tw-gaap-ci:AllowanceDoubtfulAccountsAccountsReceivableInstallmentAccountsLeases contextRef="AsOf20100930" decimals="-3" unitRef="TWD">8836000</tw-gaap-ci:AllowanceDoubtfulAccountsAccountsReceivableInstallmentAccountsLeases>
	<tw-gaap-ci:AllowanceDoubtfulAccountsAccountsReceivableInstallmentAccountsLeases contextRef="AsOf20090930" decimals="-3" unitRef="TWD">10903000</tw-gaap-ci:AllowanceDoubtfulAccountsAccountsReceivableInstallmentAccountsLeases>
	<tw-gaap-ci:NetAccountsReceivable contextRef="AsOf20100930" decimals="-3" unitRef="TWD">220972000</tw-gaap-ci:NetAccountsReceivable>
	<tw-gaap-ci:NetAccountsReceivable contextRef="AsOf20090930" decimals="-3" unitRef="TWD">162039000</tw-gaap-ci:NetAccountsReceivable>
	<tw-gaap-ci:AccountsReceivableRelatedParties contextRef="AsOf20100930" decimals="-3" unitRef="TWD">43742000</tw-gaap-ci:AccountsReceivableRelatedParties>
	<tw-gaap-ci:AccountsReceivableRelatedParties contextRef="AsOf20090930" decimals="-3" unitRef="TWD">61350000</tw-gaap-ci:AccountsReceivableRelatedParties>
	<tw-gaap-ci:NetAccountsReceivableRelatedParties contextRef="AsOf20100930" decimals="-3" unitRef="TWD">43742000</tw-gaap-ci:NetAccountsReceivableRelatedParties>
	<tw-gaap-ci:NetAccountsReceivableRelatedParties contextRef="AsOf20090930" decimals="-3" unitRef="TWD">61350000</tw-gaap-ci:NetAccountsReceivableRelatedParties>
	<tw-gaap-ci:OtherReceivablesRelatedPartiesOther contextRef="AsOf20100930" decimals="-3" unitRef="TWD">606000</tw-gaap-ci:OtherReceivablesRelatedPartiesOther>
	<tw-gaap-ci:OtherReceivablesRelatedPartiesOther contextRef="AsOf20090930" decimals="-3" unitRef="TWD">364000</tw-gaap-ci:OtherReceivablesRelatedPartiesOther>
	<tw-gaap-ci:OtherReceivablesRelatedParties contextRef="AsOf20100930" decimals="-3" unitRef="TWD">606000</tw-gaap-ci:OtherReceivablesRelatedParties>
	<tw-gaap-ci:OtherReceivablesRelatedParties contextRef="AsOf20090930" decimals="-3" unitRef="TWD">364000</tw-gaap-ci:OtherReceivablesRelatedParties>
	<tw-gaap-ci:OtherFinancialAssetsCurrent contextRef="AsOf20100930" decimals="-3" unitRef="TWD">20564000</tw-gaap-ci:OtherFinancialAssetsCurrent>
	<tw-gaap-ci:OtherFinancialAssetsCurrent contextRef="AsOf20090930" decimals="-3" unitRef="TWD">17817000</tw-gaap-ci:OtherFinancialAssetsCurrent>
	<tw-gaap-ci:FinishedGoods contextRef="AsOf20100930" decimals="-3" unitRef="TWD">145109000</tw-gaap-ci:FinishedGoods>
	<tw-gaap-ci:FinishedGoods contextRef="AsOf20090930" decimals="-3" unitRef="TWD">97781000</tw-gaap-ci:FinishedGoods>
	<tw-gaap-ci:SemifinishedGoods contextRef="AsOf20100930" decimals="-3" unitRef="TWD">196513000</tw-gaap-ci:SemifinishedGoods>
	<tw-gaap-ci:SemifinishedGoods contextRef="AsOf20090930" decimals="-3" unitRef="TWD">188447000</tw-gaap-ci:SemifinishedGoods>
	<tw-gaap-ci:WorkProcess contextRef="AsOf20100930" decimals="-3" unitRef="TWD">75289000</tw-gaap-ci:WorkProcess>
	<tw-gaap-ci:WorkProcess contextRef="AsOf20090930" decimals="-3" unitRef="TWD">28009000</tw-gaap-ci:WorkProcess>
	<tw-gaap-ci:RawMaterials contextRef="AsOf20100930" decimals="-3" unitRef="TWD">296175000</tw-gaap-ci:RawMaterials>
	<tw-gaap-ci:RawMaterials contextRef="AsOf20090930" decimals="-3" unitRef="TWD">260555000</tw-gaap-ci:RawMaterials>
	<tw-gaap-ci:MaterialsSuppliesTransit contextRef="AsOf20100930" decimals="-3" unitRef="TWD">11369000</tw-gaap-ci:MaterialsSuppliesTransit>
	<tw-gaap-ci:MaterialsSuppliesTransit contextRef="AsOf20090930" decimals="-3" unitRef="TWD">0</tw-gaap-ci:MaterialsSuppliesTransit>
	<tw-gaap-ci:AllowanceInventoryValuationObsolescenceLosses_Manufacturing contextRef="AsOf20100930" decimals="-3" unitRef="TWD">142079000</tw-gaap-ci:AllowanceInventoryValuationObsolescenceLosses_Manufacturing>
	<tw-gaap-ci:AllowanceInventoryValuationObsolescenceLosses_Manufacturing contextRef="AsOf20090930" decimals="-3" unitRef="TWD">158668000</tw-gaap-ci:AllowanceInventoryValuationObsolescenceLosses_Manufacturing>
	<tw-gaap-ci:InventoriesManufacturing contextRef="AsOf20100930" decimals="-3" unitRef="TWD">582376000</tw-gaap-ci:InventoriesManufacturing>
	<tw-gaap-ci:InventoriesManufacturing contextRef="AsOf20090930" decimals="-3" unitRef="TWD">416124000</tw-gaap-ci:InventoriesManufacturing>
	<tw-gaap-ci:Inventories contextRef="AsOf20100930" decimals="-3" unitRef="TWD">582376000</tw-gaap-ci:Inventories>
	<tw-gaap-ci:Inventories contextRef="AsOf20090930" decimals="-3" unitRef="TWD">416124000</tw-gaap-ci:Inventories>
	<tw-gaap-ci:PrepaidInsurance contextRef="AsOf20100930" decimals="-3" unitRef="TWD">564000</tw-gaap-ci:PrepaidInsurance>
	<tw-gaap-ci:PrepaidInsurance contextRef="AsOf20090930" decimals="-3" unitRef="TWD">303000</tw-gaap-ci:PrepaidInsurance>
	<tw-gaap-ci:PrepaidIncomeTax contextRef="AsOf20100930" decimals="-3" unitRef="TWD">0</tw-gaap-ci:PrepaidIncomeTax>
	<tw-gaap-ci:PrepaidIncomeTax contextRef="AsOf20090930" decimals="-3" unitRef="TWD">40000</tw-gaap-ci:PrepaidIncomeTax>
	<tw-gaap-ci:OtherPrepaidExpenses contextRef="AsOf20100930" decimals="-3" unitRef="TWD">3556000</tw-gaap-ci:OtherPrepaidExpenses>
	<tw-gaap-ci:OtherPrepaidExpenses contextRef="AsOf20090930" decimals="-3" unitRef="TWD">5223000</tw-gaap-ci:OtherPrepaidExpenses>
	<tw-gaap-ci:PrepaidExpenses contextRef="AsOf20100930" decimals="-3" unitRef="TWD">4120000</tw-gaap-ci:PrepaidExpenses>
	<tw-gaap-ci:PrepaidExpenses contextRef="AsOf20090930" decimals="-3" unitRef="TWD">5566000</tw-gaap-ci:PrepaidExpenses>
	<tw-gaap-ci:PrepaymentPurchases contextRef="AsOf20100930" decimals="-3" unitRef="TWD">3428000</tw-gaap-ci:PrepaymentPurchases>
	<tw-gaap-ci:PrepaymentPurchases contextRef="AsOf20090930" decimals="-3" unitRef="TWD">1255000</tw-gaap-ci:PrepaymentPurchases>
	<tw-gaap-ci:OverpaidBusinessTax contextRef="AsOf20100930" decimals="-3" unitRef="TWD">21582000</tw-gaap-ci:OverpaidBusinessTax>
	<tw-gaap-ci:OverpaidBusinessTax contextRef="AsOf20090930" decimals="-3" unitRef="TWD">15821000</tw-gaap-ci:OverpaidBusinessTax>
	<tw-gaap-ci:OtherPrepayments contextRef="AsOf20100930" decimals="-3" unitRef="TWD">25010000</tw-gaap-ci:OtherPrepayments>
	<tw-gaap-ci:OtherPrepayments contextRef="AsOf20090930" decimals="-3" unitRef="TWD">17076000</tw-gaap-ci:OtherPrepayments>
	<tw-gaap-ci:TemporaryPayments contextRef="AsOf20100930" decimals="-3" unitRef="TWD">244000</tw-gaap-ci:TemporaryPayments>
	<tw-gaap-ci:TemporaryPayments contextRef="AsOf20090930" decimals="-3" unitRef="TWD">531000</tw-gaap-ci:TemporaryPayments>
	<tw-gaap-ci:AdvancesEmployeesShipCrew contextRef="AsOf20100930" decimals="-3" unitRef="TWD">338000</tw-gaap-ci:AdvancesEmployeesShipCrew>
	<tw-gaap-ci:AdvancesEmployeesShipCrew contextRef="AsOf20090930" decimals="-3" unitRef="TWD">170000</tw-gaap-ci:AdvancesEmployeesShipCrew>
	<tw-gaap-ci:DeferredIncomeTaxAssetsCurrent contextRef="AsOf20100930" decimals="-3" unitRef="TWD">28007000</tw-gaap-ci:DeferredIncomeTaxAssetsCurrent>
	<tw-gaap-ci:DeferredIncomeTaxAssetsCurrent contextRef="AsOf20090930" decimals="-3" unitRef="TWD">31935000</tw-gaap-ci:DeferredIncomeTaxAssetsCurrent>
	<tw-gaap-ci:OtherCurrentAssets contextRef="AsOf20100930" decimals="-3" unitRef="TWD">28589000</tw-gaap-ci:OtherCurrentAssets>
	<tw-gaap-ci:OtherCurrentAssets contextRef="AsOf20090930" decimals="-3" unitRef="TWD">32636000</tw-gaap-ci:OtherCurrentAssets>
	<tw-gaap-ci:CurrentAssets contextRef="AsOf20100930" decimals="-3" unitRef="TWD">1226478000</tw-gaap-ci:CurrentAssets>
	<tw-gaap-ci:CurrentAssets contextRef="AsOf20090930" decimals="-3" unitRef="TWD">1020484000</tw-gaap-ci:CurrentAssets>
	<tw-gaap-ci:AvailableSaleFinancialAssets-NonCurrent contextRef="AsOf20100930" decimals="-3" unitRef="TWD">6191000</tw-gaap-ci:AvailableSaleFinancialAssets-NonCurrent>
	<tw-gaap-ci:AvailableSaleFinancialAssets-NonCurrent contextRef="AsOf20090930" decimals="-3" unitRef="TWD">17056000</tw-gaap-ci:AvailableSaleFinancialAssets-NonCurrent>
	<tw-gaap-ci:ValuationAdjustmentAvailableSaleFinancialAssetsNoncurrent contextRef="AsOf20100930" decimals="-3" unitRef="TWD">5859000</tw-gaap-ci:ValuationAdjustmentAvailableSaleFinancialAssetsNoncurrent>
	<tw-gaap-ci:ValuationAdjustmentAvailableSaleFinancialAssetsNoncurrent contextRef="AsOf20090930" decimals="-3" unitRef="TWD">-17043000</tw-gaap-ci:ValuationAdjustmentAvailableSaleFinancialAssetsNoncurrent>
	<tw-gaap-ci:AvailablesaleFinancialAssetsNonCurrent contextRef="AsOf20100930" decimals="-3" unitRef="TWD">12050000</tw-gaap-ci:AvailablesaleFinancialAssetsNonCurrent>
	<tw-gaap-ci:AvailablesaleFinancialAssetsNonCurrent contextRef="AsOf20090930" decimals="-3" unitRef="TWD">13000</tw-gaap-ci:AvailablesaleFinancialAssetsNonCurrent>
	<tw-gaap-ci:FinancialAssetsCarriedCostNoncurrent contextRef="AsOf20100930" decimals="-3" unitRef="TWD">30891000</tw-gaap-ci:FinancialAssetsCarriedCostNoncurrent>
	<tw-gaap-ci:FinancialAssetsCarriedCostNoncurrent contextRef="AsOf20090930" decimals="-3" unitRef="TWD">42792000</tw-gaap-ci:FinancialAssetsCarriedCostNoncurrent>
	<tw-gaap-ci:AccumulatedImpairmentFinancialAssetsCarriedCostNoncurrent contextRef="AsOf20100930" decimals="-3" unitRef="TWD">14953000</tw-gaap-ci:AccumulatedImpairmentFinancialAssetsCarriedCostNoncurrent>
	<tw-gaap-ci:AccumulatedImpairmentFinancialAssetsCarriedCostNoncurrent contextRef="AsOf20090930" decimals="-3" unitRef="TWD">22419000</tw-gaap-ci:AccumulatedImpairmentFinancialAssetsCarriedCostNoncurrent>
	<tw-gaap-ci:NetFinancialAssetsCarriedCostNonCurrent contextRef="AsOf20100930" decimals="-3" unitRef="TWD">15938000</tw-gaap-ci:NetFinancialAssetsCarriedCostNonCurrent>
	<tw-gaap-ci:NetFinancialAssetsCarriedCostNonCurrent contextRef="AsOf20090930" decimals="-3" unitRef="TWD">20373000</tw-gaap-ci:NetFinancialAssetsCarriedCostNonCurrent>
	<tw-gaap-ci:LongtermInvestmentsEquity contextRef="AsOf20100930" decimals="-3" unitRef="TWD">49691000</tw-gaap-ci:LongtermInvestmentsEquity>
	<tw-gaap-ci:LongtermInvestmentsEquity contextRef="AsOf20090930" decimals="-3" unitRef="TWD">52060000</tw-gaap-ci:LongtermInvestmentsEquity>
	<tw-gaap-ci:PrepaymentsLongtermInvestments contextRef="AsOf20100930" decimals="-3" unitRef="TWD">0</tw-gaap-ci:PrepaymentsLongtermInvestments>
	<tw-gaap-ci:PrepaymentsLongtermInvestments contextRef="AsOf20090930" decimals="-3" unitRef="TWD">2134000</tw-gaap-ci:PrepaymentsLongtermInvestments>
	<tw-gaap-ci:LongtermInvestments contextRef="AsOf20100930" decimals="-3" unitRef="TWD">49691000</tw-gaap-ci:LongtermInvestments>
	<tw-gaap-ci:LongtermInvestments contextRef="AsOf20090930" decimals="-3" unitRef="TWD">54194000</tw-gaap-ci:LongtermInvestments>
	<tw-gaap-ci:AccumulatedImpairmentLong-termInvestmentsEquity contextRef="AsOf20100930" decimals="-3" unitRef="TWD">12545000</tw-gaap-ci:AccumulatedImpairmentLong-termInvestmentsEquity>
	<tw-gaap-ci:AccumulatedImpairmentLong-termInvestmentsEquity contextRef="AsOf20090930" decimals="-3" unitRef="TWD">12545000</tw-gaap-ci:AccumulatedImpairmentLong-termInvestmentsEquity>
	<tw-gaap-ci:AccumulatedImpairmentInvestments contextRef="AsOf20100930" decimals="-3" unitRef="TWD">12545000</tw-gaap-ci:AccumulatedImpairmentInvestments>
	<tw-gaap-ci:AccumulatedImpairmentInvestments contextRef="AsOf20090930" decimals="-3" unitRef="TWD">12545000</tw-gaap-ci:AccumulatedImpairmentInvestments>
	<tw-gaap-ci:FundsInvestments contextRef="AsOf20100930" decimals="-3" unitRef="TWD">65134000</tw-gaap-ci:FundsInvestments>
	<tw-gaap-ci:FundsInvestments contextRef="AsOf20090930" decimals="-3" unitRef="TWD">62035000</tw-gaap-ci:FundsInvestments>
	<tw-gaap-ci:Land contextRef="AsOf20100930" decimals="-3" unitRef="TWD">149439000</tw-gaap-ci:Land>
	<tw-gaap-ci:Land contextRef="AsOf20090930" decimals="-3" unitRef="TWD">149439000</tw-gaap-ci:Land>
	<tw-gaap-ci:BuildingsStructures contextRef="AsOf20100930" decimals="-3" unitRef="TWD">111545000</tw-gaap-ci:BuildingsStructures>
	<tw-gaap-ci:BuildingsStructures contextRef="AsOf20090930" decimals="-3" unitRef="TWD">111545000</tw-gaap-ci:BuildingsStructures>
	<tw-gaap-ci:MachineryEquipment contextRef="AsOf20100930" decimals="-3" unitRef="TWD">81825000</tw-gaap-ci:MachineryEquipment>
	<tw-gaap-ci:MachineryEquipment contextRef="AsOf20090930" decimals="-3" unitRef="TWD">80926000</tw-gaap-ci:MachineryEquipment>
	<tw-gaap-ci:MoldingEquipment contextRef="AsOf20100930" decimals="-3" unitRef="TWD">60839000</tw-gaap-ci:MoldingEquipment>
	<tw-gaap-ci:MoldingEquipment contextRef="AsOf20090930" decimals="-3" unitRef="TWD">58345000</tw-gaap-ci:MoldingEquipment>
	<tw-gaap-ci:TestingEquipment contextRef="AsOf20100930" decimals="-3" unitRef="TWD">119029000</tw-gaap-ci:TestingEquipment>
	<tw-gaap-ci:TestingEquipment contextRef="AsOf20090930" decimals="-3" unitRef="TWD">121936000</tw-gaap-ci:TestingEquipment>
	<tw-gaap-ci:TransportationEquipment contextRef="AsOf20100930" decimals="-3" unitRef="TWD">4244000</tw-gaap-ci:TransportationEquipment>
	<tw-gaap-ci:TransportationEquipment contextRef="AsOf20090930" decimals="-3" unitRef="TWD">6389000</tw-gaap-ci:TransportationEquipment>
	<tw-gaap-ci:OfficeEquipment contextRef="AsOf20100930" decimals="-3" unitRef="TWD">41854000</tw-gaap-ci:OfficeEquipment>
	<tw-gaap-ci:OfficeEquipment contextRef="AsOf20090930" decimals="-3" unitRef="TWD">42532000</tw-gaap-ci:OfficeEquipment>
	<tw-gaap-ci:OtherFacilities contextRef="AsOf20100930" decimals="-3" unitRef="TWD">19490000</tw-gaap-ci:OtherFacilities>
	<tw-gaap-ci:OtherFacilities contextRef="AsOf20090930" decimals="-3" unitRef="TWD">19250000</tw-gaap-ci:OtherFacilities>
	<tw-gaap-ci:FixedAssetsOriginalCosts contextRef="AsOf20100930" decimals="-3" unitRef="TWD">588265000</tw-gaap-ci:FixedAssetsOriginalCosts>
	<tw-gaap-ci:FixedAssetsOriginalCosts contextRef="AsOf20090930" decimals="-3" unitRef="TWD">590362000</tw-gaap-ci:FixedAssetsOriginalCosts>
	<tw-gaap-ci:CostsRevaluationIncrement contextRef="AsOf20100930" decimals="-3" unitRef="TWD">588265000</tw-gaap-ci:CostsRevaluationIncrement>
	<tw-gaap-ci:CostsRevaluationIncrement contextRef="AsOf20090930" decimals="-3" unitRef="TWD">590362000</tw-gaap-ci:CostsRevaluationIncrement>
	<tw-gaap-ci:AccumulateddepreciationBuildingsStructures contextRef="AsOf20100930" decimals="-3" unitRef="TWD">27669000</tw-gaap-ci:AccumulateddepreciationBuildingsStructures>
	<tw-gaap-ci:AccumulateddepreciationBuildingsStructures contextRef="AsOf20090930" decimals="-3" unitRef="TWD">25453000</tw-gaap-ci:AccumulateddepreciationBuildingsStructures>
	<tw-gaap-ci:AccumulatedDepreciationMachineryEquipment contextRef="AsOf20100930" decimals="-3" unitRef="TWD">221646000</tw-gaap-ci:AccumulatedDepreciationMachineryEquipment>
	<tw-gaap-ci:AccumulatedDepreciationMachineryEquipment contextRef="AsOf20090930" decimals="-3" unitRef="TWD">211880000</tw-gaap-ci:AccumulatedDepreciationMachineryEquipment>
	<tw-gaap-ci:AccumulatedDepreciationTransportationEquipment contextRef="AsOf20100930" decimals="-3" unitRef="TWD">3233000</tw-gaap-ci:AccumulatedDepreciationTransportationEquipment>
	<tw-gaap-ci:AccumulatedDepreciationTransportationEquipment contextRef="AsOf20090930" decimals="-3" unitRef="TWD">3128000</tw-gaap-ci:AccumulatedDepreciationTransportationEquipment>
	<tw-gaap-ci:AccumulatedDepreciationOfficeEquipment contextRef="AsOf20100930" decimals="-3" unitRef="TWD">39267000</tw-gaap-ci:AccumulatedDepreciationOfficeEquipment>
	<tw-gaap-ci:AccumulatedDepreciationOfficeEquipment contextRef="AsOf20090930" decimals="-3" unitRef="TWD">40006000</tw-gaap-ci:AccumulatedDepreciationOfficeEquipment>
	<tw-gaap-ci:AccumulatedDepreciationOtherFacilities contextRef="AsOf20100930" decimals="-3" unitRef="TWD">10690000</tw-gaap-ci:AccumulatedDepreciationOtherFacilities>
	<tw-gaap-ci:AccumulatedDepreciationOtherFacilities contextRef="AsOf20090930" decimals="-3" unitRef="TWD">6114000</tw-gaap-ci:AccumulatedDepreciationOtherFacilities>
	<tw-gaap-ci:AccumulatedDepreciation contextRef="AsOf20100930" decimals="-3" unitRef="TWD">302505000</tw-gaap-ci:AccumulatedDepreciation>
	<tw-gaap-ci:AccumulatedDepreciation contextRef="AsOf20090930" decimals="-3" unitRef="TWD">286581000</tw-gaap-ci:AccumulatedDepreciation>
	<tw-gaap-ci:AccumulatedImpairmentMachineryEquipment contextRef="AsOf20100930" decimals="-3" unitRef="TWD">4440000</tw-gaap-ci:AccumulatedImpairmentMachineryEquipment>
	<tw-gaap-ci:AccumulatedImpairmentMachineryEquipment contextRef="AsOf20090930" decimals="-3" unitRef="TWD">4440000</tw-gaap-ci:AccumulatedImpairmentMachineryEquipment>
	<tw-gaap-ci:AccumulatedImpairmentFixedAssets contextRef="AsOf20100930" decimals="-3" unitRef="TWD">4440000</tw-gaap-ci:AccumulatedImpairmentFixedAssets>
	<tw-gaap-ci:AccumulatedImpairmentFixedAssets contextRef="AsOf20090930" decimals="-3" unitRef="TWD">4440000</tw-gaap-ci:AccumulatedImpairmentFixedAssets>
	<tw-gaap-ci:PrepaymentsBusinessFacilities contextRef="AsOf20100930" decimals="-3" unitRef="TWD">0</tw-gaap-ci:PrepaymentsBusinessFacilities>
	<tw-gaap-ci:PrepaymentsBusinessFacilities contextRef="AsOf20090930" decimals="-3" unitRef="TWD">175000</tw-gaap-ci:PrepaymentsBusinessFacilities>
	<tw-gaap-ci:ConstructionProcessPrepaymentEquipments contextRef="AsOf20100930" decimals="-3" unitRef="TWD">0</tw-gaap-ci:ConstructionProcessPrepaymentEquipments>
	<tw-gaap-ci:ConstructionProcessPrepaymentEquipments contextRef="AsOf20090930" decimals="-3" unitRef="TWD">175000</tw-gaap-ci:ConstructionProcessPrepaymentEquipments>
	<tw-gaap-ci:FixedAssets contextRef="AsOf20100930" decimals="-3" unitRef="TWD">281320000</tw-gaap-ci:FixedAssets>
	<tw-gaap-ci:FixedAssets contextRef="AsOf20090930" decimals="-3" unitRef="TWD">299516000</tw-gaap-ci:FixedAssets>
	<tw-gaap-ci:Trademarks contextRef="AsOf20100930" decimals="-3" unitRef="TWD">93000</tw-gaap-ci:Trademarks>
	<tw-gaap-ci:Trademarks contextRef="AsOf20090930" decimals="-3" unitRef="TWD">0</tw-gaap-ci:Trademarks>
	<tw-gaap-ci:ComputerSoftwareCost contextRef="AsOf20100930" decimals="-3" unitRef="TWD">3161000</tw-gaap-ci:ComputerSoftwareCost>
	<tw-gaap-ci:ComputerSoftwareCost contextRef="AsOf20090930" decimals="-3" unitRef="TWD">8944000</tw-gaap-ci:ComputerSoftwareCost>
	<tw-gaap-ci:AcquiredSpecialTechnology contextRef="AsOf20100930" decimals="-3" unitRef="TWD">10755000</tw-gaap-ci:AcquiredSpecialTechnology>
	<tw-gaap-ci:AcquiredSpecialTechnology contextRef="AsOf20090930" decimals="-3" unitRef="TWD">14885000</tw-gaap-ci:AcquiredSpecialTechnology>
	<tw-gaap-ci:OtherIntangibleAssets contextRef="AsOf20100930" decimals="-3" unitRef="TWD">10755000</tw-gaap-ci:OtherIntangibleAssets>
	<tw-gaap-ci:OtherIntangibleAssets contextRef="AsOf20090930" decimals="-3" unitRef="TWD">14885000</tw-gaap-ci:OtherIntangibleAssets>
	<tw-gaap-ci:IntangibleAssets contextRef="AsOf20100930" decimals="-3" unitRef="TWD">14009000</tw-gaap-ci:IntangibleAssets>
	<tw-gaap-ci:IntangibleAssets contextRef="AsOf20090930" decimals="-3" unitRef="TWD">23829000</tw-gaap-ci:IntangibleAssets>
	<tw-gaap-ci:RentalAssets contextRef="AsOf20100930" decimals="-3" unitRef="TWD">158935000</tw-gaap-ci:RentalAssets>
	<tw-gaap-ci:RentalAssets contextRef="AsOf20090930" decimals="-3" unitRef="TWD">158141000</tw-gaap-ci:RentalAssets>
	<tw-gaap-ci:AccumulatedDepreciationRentalProperties contextRef="AsOf20100930" decimals="-3" unitRef="TWD">10829000</tw-gaap-ci:AccumulatedDepreciationRentalProperties>
	<tw-gaap-ci:AccumulatedDepreciationRentalProperties contextRef="AsOf20090930" decimals="-3" unitRef="TWD">9368000</tw-gaap-ci:AccumulatedDepreciationRentalProperties>
	<tw-gaap-ci:NetRentalAssets contextRef="AsOf20100930" decimals="-3" unitRef="TWD">148106000</tw-gaap-ci:NetRentalAssets>
	<tw-gaap-ci:NetRentalAssets contextRef="AsOf20090930" decimals="-3" unitRef="TWD">148773000</tw-gaap-ci:NetRentalAssets>
	<tw-gaap-ci:GuaranteeDepositsPaid contextRef="AsOf20100930" decimals="-3" unitRef="TWD">3183000</tw-gaap-ci:GuaranteeDepositsPaid>
	<tw-gaap-ci:GuaranteeDepositsPaid contextRef="AsOf20090930" decimals="-3" unitRef="TWD">1758000</tw-gaap-ci:GuaranteeDepositsPaid>
	<tw-gaap-ci:DeferredIncomeTaxAssetsNonCurrent contextRef="AsOf20100930" decimals="-3" unitRef="TWD">0</tw-gaap-ci:DeferredIncomeTaxAssetsNonCurrent>
	<tw-gaap-ci:DeferredIncomeTaxAssetsNonCurrent contextRef="AsOf20090930" decimals="-3" unitRef="TWD">35424000</tw-gaap-ci:DeferredIncomeTaxAssetsNonCurrent>
	<tw-gaap-ci:OtherAssets contextRef="AsOf20100930" decimals="-3" unitRef="TWD">151289000</tw-gaap-ci:OtherAssets>
	<tw-gaap-ci:OtherAssets contextRef="AsOf20090930" decimals="-3" unitRef="TWD">185955000</tw-gaap-ci:OtherAssets>
	<tw-gaap-ci:Assets contextRef="AsOf20100930" decimals="-3" unitRef="TWD">1738230000</tw-gaap-ci:Assets>
	<tw-gaap-ci:Assets contextRef="AsOf20090930" decimals="-3" unitRef="TWD">1591819000</tw-gaap-ci:Assets>
	<tw-gaap-ci:BankLoan contextRef="AsOf20100930" decimals="-3" unitRef="TWD">267396000</tw-gaap-ci:BankLoan>
	<tw-gaap-ci:BankLoan contextRef="AsOf20090930" decimals="-3" unitRef="TWD">200376000</tw-gaap-ci:BankLoan>
	<tw-gaap-ci:ShortTermBorrowings contextRef="AsOf20100930" decimals="-3" unitRef="TWD">267396000</tw-gaap-ci:ShortTermBorrowings>
	<tw-gaap-ci:ShortTermBorrowings contextRef="AsOf20090930" decimals="-3" unitRef="TWD">200376000</tw-gaap-ci:ShortTermBorrowings>
	<tw-gaap-ci:NotesPayable_NotesPayable contextRef="AsOf20100930" decimals="-3" unitRef="TWD">157000</tw-gaap-ci:NotesPayable_NotesPayable>
	<tw-gaap-ci:NotesPayable_NotesPayable contextRef="AsOf20090930" decimals="-3" unitRef="TWD">0</tw-gaap-ci:NotesPayable_NotesPayable>
	<tw-gaap-ci:NotesPayable contextRef="AsOf20100930" decimals="-3" unitRef="TWD">157000</tw-gaap-ci:NotesPayable>
	<tw-gaap-ci:NotesPayable contextRef="AsOf20090930" decimals="-3" unitRef="TWD">0</tw-gaap-ci:NotesPayable>
	<tw-gaap-ci:AccountsPayable_AccountsPayable contextRef="AsOf20100930" decimals="-3" unitRef="TWD">285145000</tw-gaap-ci:AccountsPayable_AccountsPayable>
	<tw-gaap-ci:AccountsPayable_AccountsPayable contextRef="AsOf20090930" decimals="-3" unitRef="TWD">224283000</tw-gaap-ci:AccountsPayable_AccountsPayable>
	<tw-gaap-ci:EstimatedAccountsPayable contextRef="AsOf20100930" decimals="-3" unitRef="TWD">5357000</tw-gaap-ci:EstimatedAccountsPayable>
	<tw-gaap-ci:EstimatedAccountsPayable contextRef="AsOf20090930" decimals="-3" unitRef="TWD">2792000</tw-gaap-ci:EstimatedAccountsPayable>
	<tw-gaap-ci:AccountsPayable contextRef="AsOf20100930" decimals="-3" unitRef="TWD">290502000</tw-gaap-ci:AccountsPayable>
	<tw-gaap-ci:AccountsPayable contextRef="AsOf20090930" decimals="-3" unitRef="TWD">227075000</tw-gaap-ci:AccountsPayable>
	<tw-gaap-ci:IncomeTaxPayable contextRef="AsOf20100930" decimals="-3" unitRef="TWD">9651000</tw-gaap-ci:IncomeTaxPayable>
	<tw-gaap-ci:IncomeTaxPayable contextRef="AsOf20090930" decimals="-3" unitRef="TWD">0</tw-gaap-ci:IncomeTaxPayable>
	<tw-gaap-ci:SalariesWagesPayable contextRef="AsOf20100930" decimals="-3" unitRef="TWD">39407000</tw-gaap-ci:SalariesWagesPayable>
	<tw-gaap-ci:SalariesWagesPayable contextRef="AsOf20090930" decimals="-3" unitRef="TWD">48158000</tw-gaap-ci:SalariesWagesPayable>
	<tw-gaap-ci:InterestPayable contextRef="AsOf20100930" decimals="-3" unitRef="TWD">577000</tw-gaap-ci:InterestPayable>
	<tw-gaap-ci:InterestPayable contextRef="AsOf20090930" decimals="-3" unitRef="TWD">114000</tw-gaap-ci:InterestPayable>
	<tw-gaap-ci:EstimatedExpensePayable contextRef="AsOf20100930" decimals="-3" unitRef="TWD">25285000</tw-gaap-ci:EstimatedExpensePayable>
	<tw-gaap-ci:EstimatedExpensePayable contextRef="AsOf20090930" decimals="-3" unitRef="TWD">17698000</tw-gaap-ci:EstimatedExpensePayable>
	<tw-gaap-ci:OtherAccruedExpenses contextRef="AsOf20100930" decimals="-3" unitRef="TWD">14579000</tw-gaap-ci:OtherAccruedExpenses>
	<tw-gaap-ci:OtherAccruedExpenses contextRef="AsOf20090930" decimals="-3" unitRef="TWD">13714000</tw-gaap-ci:OtherAccruedExpenses>
	<tw-gaap-ci:AccruedExpenses contextRef="AsOf20100930" decimals="-3" unitRef="TWD">79848000</tw-gaap-ci:AccruedExpenses>
	<tw-gaap-ci:AccruedExpenses contextRef="AsOf20090930" decimals="-3" unitRef="TWD">79684000</tw-gaap-ci:AccruedExpenses>
	<tw-gaap-ci:OtherPayablesRelatedParties contextRef="AsOf20100930" decimals="-3" unitRef="TWD">12000</tw-gaap-ci:OtherPayablesRelatedParties>
	<tw-gaap-ci:OtherPayablesRelatedParties contextRef="AsOf20090930" decimals="-3" unitRef="TWD">0</tw-gaap-ci:OtherPayablesRelatedParties>
	<tw-gaap-ci:AdvanceSalesReceipts contextRef="AsOf20100930" decimals="-3" unitRef="TWD">7467000</tw-gaap-ci:AdvanceSalesReceipts>
	<tw-gaap-ci:AdvanceSalesReceipts contextRef="AsOf20090930" decimals="-3" unitRef="TWD">10139000</tw-gaap-ci:AdvanceSalesReceipts>
	<tw-gaap-ci:AdvanceReceipts contextRef="AsOf20100930" decimals="-3" unitRef="TWD">7467000</tw-gaap-ci:AdvanceReceipts>
	<tw-gaap-ci:AdvanceReceipts contextRef="AsOf20090930" decimals="-3" unitRef="TWD">10139000</tw-gaap-ci:AdvanceReceipts>
	<tw-gaap-ci:TemporaryCredits contextRef="AsOf20100930" decimals="-3" unitRef="TWD">8912000</tw-gaap-ci:TemporaryCredits>
	<tw-gaap-ci:TemporaryCredits contextRef="AsOf20090930" decimals="-3" unitRef="TWD">16039000</tw-gaap-ci:TemporaryCredits>
	<tw-gaap-ci:ReceiptsCustody contextRef="AsOf20100930" decimals="-3" unitRef="TWD">2416000</tw-gaap-ci:ReceiptsCustody>
	<tw-gaap-ci:ReceiptsCustody contextRef="AsOf20090930" decimals="-3" unitRef="TWD">3033000</tw-gaap-ci:ReceiptsCustody>
	<tw-gaap-ci:AccruedWarrantyLiabilities contextRef="AsOf20100930" decimals="-3" unitRef="TWD">28849000</tw-gaap-ci:AccruedWarrantyLiabilities>
	<tw-gaap-ci:AccruedWarrantyLiabilities contextRef="AsOf20090930" decimals="-3" unitRef="TWD">28176000</tw-gaap-ci:AccruedWarrantyLiabilities>
	<tw-gaap-ci:OtherCurrentLiabilities contextRef="AsOf20100930" decimals="-3" unitRef="TWD">40177000</tw-gaap-ci:OtherCurrentLiabilities>
	<tw-gaap-ci:OtherCurrentLiabilities contextRef="AsOf20090930" decimals="-3" unitRef="TWD">47248000</tw-gaap-ci:OtherCurrentLiabilities>
	<tw-gaap-ci:CurrentLiabilities contextRef="AsOf20100930" decimals="-3" unitRef="TWD">695210000</tw-gaap-ci:CurrentLiabilities>
	<tw-gaap-ci:CurrentLiabilities contextRef="AsOf20090930" decimals="-3" unitRef="TWD">564522000</tw-gaap-ci:CurrentLiabilities>
	<tw-gaap-ci:PensionReserve contextRef="AsOf20100930" decimals="-3" unitRef="TWD">2352000</tw-gaap-ci:PensionReserve>
	<tw-gaap-ci:PensionReserve contextRef="AsOf20090930" decimals="-3" unitRef="TWD">2393000</tw-gaap-ci:PensionReserve>
	<tw-gaap-ci:GuaranteeDepositsReceived contextRef="AsOf20100930" decimals="-3" unitRef="TWD">2702000</tw-gaap-ci:GuaranteeDepositsReceived>
	<tw-gaap-ci:GuaranteeDepositsReceived contextRef="AsOf20090930" decimals="-3" unitRef="TWD">2703000</tw-gaap-ci:GuaranteeDepositsReceived>
	<tw-gaap-ci:DeferredIncomeTaxLiabilityNoncurrent contextRef="AsOf20100930" decimals="-3" unitRef="TWD">1806000</tw-gaap-ci:DeferredIncomeTaxLiabilityNoncurrent>
	<tw-gaap-ci:DeferredIncomeTaxLiabilityNoncurrent contextRef="AsOf20090930" decimals="-3" unitRef="TWD">0</tw-gaap-ci:DeferredIncomeTaxLiabilityNoncurrent>
	<tw-gaap-ci:DeferredIncomeTax contextRef="AsOf20100930" decimals="-3" unitRef="TWD">1806000</tw-gaap-ci:DeferredIncomeTax>
	<tw-gaap-ci:DeferredIncomeTax contextRef="AsOf20090930" decimals="-3" unitRef="TWD">0</tw-gaap-ci:DeferredIncomeTax>
	<tw-gaap-ci:DeferredCreditsGainsonInterAffiliateAccounts contextRef="AsOf20100930" decimals="-3" unitRef="TWD">2720000</tw-gaap-ci:DeferredCreditsGainsonInterAffiliateAccounts>
	<tw-gaap-ci:DeferredCreditsGainsonInterAffiliateAccounts contextRef="AsOf20090930" decimals="-3" unitRef="TWD">2384000</tw-gaap-ci:DeferredCreditsGainsonInterAffiliateAccounts>
	<tw-gaap-ci:OtherLiabilities-Other contextRef="AsOf20100930" decimals="-3" unitRef="TWD">242000</tw-gaap-ci:OtherLiabilities-Other>
	<tw-gaap-ci:OtherLiabilities-Other contextRef="AsOf20090930" decimals="-3" unitRef="TWD">0</tw-gaap-ci:OtherLiabilities-Other>
	<tw-gaap-ci:OtherLiabilitiesOther contextRef="AsOf20100930" decimals="-3" unitRef="TWD">2962000</tw-gaap-ci:OtherLiabilitiesOther>
	<tw-gaap-ci:OtherLiabilitiesOther contextRef="AsOf20090930" decimals="-3" unitRef="TWD">2384000</tw-gaap-ci:OtherLiabilitiesOther>
	<tw-gaap-ci:OtherLiabilities contextRef="AsOf20100930" decimals="-3" unitRef="TWD">9822000</tw-gaap-ci:OtherLiabilities>
	<tw-gaap-ci:OtherLiabilities contextRef="AsOf20090930" decimals="-3" unitRef="TWD">7480000</tw-gaap-ci:OtherLiabilities>
	<tw-gaap-ci:Liabilities contextRef="AsOf20100930" decimals="-3" unitRef="TWD">705032000</tw-gaap-ci:Liabilities>
	<tw-gaap-ci:Liabilities contextRef="AsOf20090930" decimals="-3" unitRef="TWD">572002000</tw-gaap-ci:Liabilities>
	<tw-gaap-ci:CommonStock contextRef="AsOf20100930" decimals="-3" unitRef="TWD">1531066000</tw-gaap-ci:CommonStock>
	<tw-gaap-ci:CommonStock contextRef="AsOf20090930" decimals="-3" unitRef="TWD">1529916000</tw-gaap-ci:CommonStock>
	<tw-gaap-ci:Capital contextRef="AsOf20100930" decimals="-3" unitRef="TWD">1531066000</tw-gaap-ci:Capital>
	<tw-gaap-ci:Capital contextRef="AsOf20090930" decimals="-3" unitRef="TWD">1529916000</tw-gaap-ci:Capital>
	<tw-gaap-ci:CapitalSurplusEmployeeStockOption contextRef="AsOf20100930" decimals="-3" unitRef="TWD">473000</tw-gaap-ci:CapitalSurplusEmployeeStockOption>
	<tw-gaap-ci:CapitalSurplusEmployeeStockOption contextRef="AsOf20090930" decimals="-3" unitRef="TWD">0</tw-gaap-ci:CapitalSurplusEmployeeStockOption>
	<tw-gaap-ci:CapitalSurplus contextRef="AsOf20100930" decimals="-3" unitRef="TWD">473000</tw-gaap-ci:CapitalSurplus>
	<tw-gaap-ci:CapitalSurplus contextRef="AsOf20090930" decimals="-3" unitRef="TWD">0</tw-gaap-ci:CapitalSurplus>
	<tw-gaap-ci:SpecialReserve contextRef="AsOf20100930" decimals="-3" unitRef="TWD">285000</tw-gaap-ci:SpecialReserve>
	<tw-gaap-ci:SpecialReserve contextRef="AsOf20090930" decimals="-3" unitRef="TWD">285000</tw-gaap-ci:SpecialReserve>
	<tw-gaap-ci:AccumulatedProfitLoss contextRef="AsOf20100930" decimals="-3" unitRef="TWD">-611513000</tw-gaap-ci:AccumulatedProfitLoss>
	<tw-gaap-ci:AccumulatedProfitLoss contextRef="AsOf20090930" decimals="-3" unitRef="TWD">-240639000</tw-gaap-ci:AccumulatedProfitLoss>
	<tw-gaap-ci:CurrentProfitLoss contextRef="AsOf20100930" decimals="-3" unitRef="TWD">99753000</tw-gaap-ci:CurrentProfitLoss>
	<tw-gaap-ci:CurrentProfitLoss contextRef="AsOf20090930" decimals="-3" unitRef="TWD">-272373000</tw-gaap-ci:CurrentProfitLoss>
	<tw-gaap-ci:UnappropriatedRetainedEarnings contextRef="AsOf20100930" decimals="-3" unitRef="TWD">-511760000</tw-gaap-ci:UnappropriatedRetainedEarnings>
	<tw-gaap-ci:UnappropriatedRetainedEarnings contextRef="AsOf20090930" decimals="-3" unitRef="TWD">-513012000</tw-gaap-ci:UnappropriatedRetainedEarnings>
	<tw-gaap-ci:RetainedEarnings contextRef="AsOf20100930" decimals="-3" unitRef="TWD">-511475000</tw-gaap-ci:RetainedEarnings>
	<tw-gaap-ci:RetainedEarnings contextRef="AsOf20090930" decimals="-3" unitRef="TWD">-512727000</tw-gaap-ci:RetainedEarnings>
	<tw-gaap-ci:CumulativeTranslationAdjustments contextRef="AsOf20100930" decimals="-3" unitRef="TWD">2954000</tw-gaap-ci:CumulativeTranslationAdjustments>
	<tw-gaap-ci:CumulativeTranslationAdjustments contextRef="AsOf20090930" decimals="-3" unitRef="TWD">2618000</tw-gaap-ci:CumulativeTranslationAdjustments>
	<tw-gaap-ci:UnrealizedGainLossesAvailableSaleFinancialAssetsMember contextRef="From20100101To20100930" decimals="-3" unitRef="TWD">10180000</tw-gaap-ci:UnrealizedGainLossesAvailableSaleFinancialAssetsMember>
	<tw-gaap-ci:UnrealizedGainLossesAvailableSaleFinancialAssetsMember contextRef="From20090101To20090930" decimals="-3" unitRef="TWD">10000</tw-gaap-ci:UnrealizedGainLossesAvailableSaleFinancialAssetsMember>
	<tw-gaap-ci:UnrealizedGainsLossesFinancialInstruments contextRef="AsOf20100930" decimals="-3" unitRef="TWD">10180000</tw-gaap-ci:UnrealizedGainsLossesFinancialInstruments>
	<tw-gaap-ci:UnrealizedGainsLossesFinancialInstruments contextRef="AsOf20090930" decimals="-3" unitRef="TWD">10000</tw-gaap-ci:UnrealizedGainsLossesFinancialInstruments>
	<tw-gaap-ci:StockholdersEquitiesAdjustments contextRef="AsOf20100930" decimals="-3" unitRef="TWD">13134000</tw-gaap-ci:StockholdersEquitiesAdjustments>
	<tw-gaap-ci:StockholdersEquitiesAdjustments contextRef="AsOf20090930" decimals="-3" unitRef="TWD">2628000</tw-gaap-ci:StockholdersEquitiesAdjustments>
	<tw-gaap-ci:StockholdersEquities contextRef="AsOf20100930" decimals="-3" unitRef="TWD">1033198000</tw-gaap-ci:StockholdersEquities>
	<tw-gaap-ci:StockholdersEquities contextRef="AsOf20090930" decimals="-3" unitRef="TWD">1019817000</tw-gaap-ci:StockholdersEquities>
	<tw-gaap-ci:EquivalentSharesOutstandingAdvanceReceiptsCommonStock contextRef="AsOf20100930" decimals="0" unitRef="Shares">0</tw-gaap-ci:EquivalentSharesOutstandingAdvanceReceiptsCommonStock>
	<tw-gaap-ci:EquivalentSharesOutstandingAdvanceReceiptsCommonStock contextRef="AsOf20090930" decimals="0" unitRef="Shares">0</tw-gaap-ci:EquivalentSharesOutstandingAdvanceReceiptsCommonStock>
	<tw-gaap-ci:NumberTreasuryStockAcquiredCompanySubsidiaries contextRef="AsOf20100930" decimals="0" unitRef="Shares">0</tw-gaap-ci:NumberTreasuryStockAcquiredCompanySubsidiaries>
	<tw-gaap-ci:NumberTreasuryStockAcquiredCompanySubsidiaries contextRef="AsOf20090930" decimals="0" unitRef="Shares">0</tw-gaap-ci:NumberTreasuryStockAcquiredCompanySubsidiaries>
	<tw-gaap-ci:SalesRevenue contextRef="From20100101To20100930" decimals="-3" unitRef="TWD">2225410000</tw-gaap-ci:SalesRevenue>
	<tw-gaap-ci:SalesRevenue contextRef="From20090101To20090930" decimals="-3" unitRef="TWD">1912829000</tw-gaap-ci:SalesRevenue>
	<tw-gaap-ci:Sales contextRef="From20100101To20100930" decimals="-3" unitRef="TWD">2225410000</tw-gaap-ci:Sales>
	<tw-gaap-ci:Sales contextRef="From20090101To20090930" decimals="-3" unitRef="TWD">1912829000</tw-gaap-ci:Sales>
	<tw-gaap-ci:SalesReturns contextRef="From20100101To20100930" decimals="-3" unitRef="TWD">29642000</tw-gaap-ci:SalesReturns>
	<tw-gaap-ci:SalesReturns contextRef="From20090101To20090930" decimals="-3" unitRef="TWD">18845000</tw-gaap-ci:SalesReturns>
	<tw-gaap-ci:SalesDiscountsAllowances contextRef="From20100101To20100930" decimals="-3" unitRef="TWD">5552000</tw-gaap-ci:SalesDiscountsAllowances>
	<tw-gaap-ci:SalesDiscountsAllowances contextRef="From20090101To20090930" decimals="-3" unitRef="TWD">20262000</tw-gaap-ci:SalesDiscountsAllowances>
	<tw-gaap-ci:NetSales contextRef="From20100101To20100930" decimals="-3" unitRef="TWD">2190216000</tw-gaap-ci:NetSales>
	<tw-gaap-ci:NetSales contextRef="From20090101To20090930" decimals="-3" unitRef="TWD">1873722000</tw-gaap-ci:NetSales>
	<tw-gaap-ci:OtherOperatingRevenueOtherOperatingRevenue contextRef="From20100101To20100930" decimals="-3" unitRef="TWD">9802000</tw-gaap-ci:OtherOperatingRevenueOtherOperatingRevenue>
	<tw-gaap-ci:OtherOperatingRevenueOtherOperatingRevenue contextRef="From20090101To20090930" decimals="-3" unitRef="TWD">8886000</tw-gaap-ci:OtherOperatingRevenueOtherOperatingRevenue>
	<tw-gaap-ci:OtherOperatingRevenue contextRef="From20100101To20100930" decimals="-3" unitRef="TWD">9802000</tw-gaap-ci:OtherOperatingRevenue>
	<tw-gaap-ci:OtherOperatingRevenue contextRef="From20090101To20090930" decimals="-3" unitRef="TWD">8886000</tw-gaap-ci:OtherOperatingRevenue>
	<tw-gaap-ci:OperatingRevenue contextRef="From20100101To20100930" decimals="-3" unitRef="TWD">2200018000</tw-gaap-ci:OperatingRevenue>
	<tw-gaap-ci:OperatingRevenue contextRef="From20090101To20090930" decimals="-3" unitRef="TWD">1882608000</tw-gaap-ci:OperatingRevenue>
	<tw-gaap-ci:CostSalesCostSales contextRef="From20100101To20100930" decimals="-3" unitRef="TWD">1938211000</tw-gaap-ci:CostSalesCostSales>
	<tw-gaap-ci:CostSalesCostSales contextRef="From20090101To20090930" decimals="-3" unitRef="TWD">1702916000</tw-gaap-ci:CostSalesCostSales>
	<tw-gaap-ci:CostSales contextRef="From20100101To20100930" decimals="-3" unitRef="TWD">1938211000</tw-gaap-ci:CostSales>
	<tw-gaap-ci:CostSales contextRef="From20090101To20090930" decimals="-3" unitRef="TWD">1702916000</tw-gaap-ci:CostSales>
	<tw-gaap-ci:OperatingCosts contextRef="From20100101To20100930" decimals="-3" unitRef="TWD">1938211000</tw-gaap-ci:OperatingCosts>
	<tw-gaap-ci:OperatingCosts contextRef="From20090101To20090930" decimals="-3" unitRef="TWD">1702916000</tw-gaap-ci:OperatingCosts>
	<tw-gaap-ci:GrossProfitLossOperations contextRef="From20100101To20100930" decimals="-3" unitRef="TWD">261807000</tw-gaap-ci:GrossProfitLossOperations>
	<tw-gaap-ci:GrossProfitLossOperations contextRef="From20090101To20090930" decimals="-3" unitRef="TWD">179692000</tw-gaap-ci:GrossProfitLossOperations>
	<tw-gaap-ci:UnrealizedGainInterAffiliateAccounts contextRef="From20100101To20100930" decimals="-3" unitRef="TWD">382000</tw-gaap-ci:UnrealizedGainInterAffiliateAccounts>
	<tw-gaap-ci:UnrealizedGainInterAffiliateAccounts contextRef="From20090101To20090930" decimals="-3" unitRef="TWD">-1348000</tw-gaap-ci:UnrealizedGainInterAffiliateAccounts>
	<tw-gaap-ci:SalaryWages-SellingExpense contextRef="From20100101To20100930" decimals="-3" unitRef="TWD">50730000</tw-gaap-ci:SalaryWages-SellingExpense>
	<tw-gaap-ci:SalaryWages-SellingExpense contextRef="From20090101To20090930" decimals="-3" unitRef="TWD">73905000</tw-gaap-ci:SalaryWages-SellingExpense>
	<tw-gaap-ci:Rent-SellingExpense contextRef="From20100101To20100930" decimals="-3" unitRef="TWD">1021000</tw-gaap-ci:Rent-SellingExpense>
	<tw-gaap-ci:Rent-SellingExpense contextRef="From20090101To20090930" decimals="-3" unitRef="TWD">1514000</tw-gaap-ci:Rent-SellingExpense>
	<tw-gaap-ci:StationerySupplies-SellingExpense contextRef="From20100101To20100930" decimals="-3" unitRef="TWD">211000</tw-gaap-ci:StationerySupplies-SellingExpense>
	<tw-gaap-ci:StationerySupplies-SellingExpense contextRef="From20090101To20090930" decimals="-3" unitRef="TWD">246000</tw-gaap-ci:StationerySupplies-SellingExpense>
	<tw-gaap-ci:TravelingExpense-SellingExpense contextRef="From20100101To20100930" decimals="-3" unitRef="TWD">2405000</tw-gaap-ci:TravelingExpense-SellingExpense>
	<tw-gaap-ci:TravelingExpense-SellingExpense contextRef="From20090101To20090930" decimals="-3" unitRef="TWD">3220000</tw-gaap-ci:TravelingExpense-SellingExpense>
	<tw-gaap-ci:Freight-SellingExpense contextRef="From20100101To20100930" decimals="-3" unitRef="TWD">12527000</tw-gaap-ci:Freight-SellingExpense>
	<tw-gaap-ci:Freight-SellingExpense contextRef="From20090101To20090930" decimals="-3" unitRef="TWD">14855000</tw-gaap-ci:Freight-SellingExpense>
	<tw-gaap-ci:PostagePhoneFaxExpense-SellingExpense contextRef="From20100101To20100930" decimals="-3" unitRef="TWD">956000</tw-gaap-ci:PostagePhoneFaxExpense-SellingExpense>
	<tw-gaap-ci:PostagePhoneFaxExpense-SellingExpense contextRef="From20090101To20090930" decimals="-3" unitRef="TWD">1543000</tw-gaap-ci:PostagePhoneFaxExpense-SellingExpense>
	<tw-gaap-ci:RepairsMaintenance-SellingExpense contextRef="From20100101To20100930" decimals="-3" unitRef="TWD">199000</tw-gaap-ci:RepairsMaintenance-SellingExpense>
	<tw-gaap-ci:RepairsMaintenance-SellingExpense contextRef="From20090101To20090930" decimals="-3" unitRef="TWD">279000</tw-gaap-ci:RepairsMaintenance-SellingExpense>
	<tw-gaap-ci:Advertisement-SellingExpense contextRef="From20100101To20100930" decimals="-3" unitRef="TWD">6130000</tw-gaap-ci:Advertisement-SellingExpense>
	<tw-gaap-ci:Advertisement-SellingExpense contextRef="From20090101To20090930" decimals="-3" unitRef="TWD">6056000</tw-gaap-ci:Advertisement-SellingExpense>
	<tw-gaap-ci:Utilities-SellingExpense contextRef="From20100101To20100930" decimals="-3" unitRef="TWD">1294000</tw-gaap-ci:Utilities-SellingExpense>
	<tw-gaap-ci:Utilities-SellingExpense contextRef="From20090101To20090930" decimals="-3" unitRef="TWD">1480000</tw-gaap-ci:Utilities-SellingExpense>
	<tw-gaap-ci:Insurance-SellingExpense contextRef="From20100101To20100930" decimals="-3" unitRef="TWD">8682000</tw-gaap-ci:Insurance-SellingExpense>
	<tw-gaap-ci:Insurance-SellingExpense contextRef="From20090101To20090930" decimals="-3" unitRef="TWD">11376000</tw-gaap-ci:Insurance-SellingExpense>
	<tw-gaap-ci:Entertainment-SellingExpense contextRef="From20100101To20100930" decimals="-3" unitRef="TWD">736000</tw-gaap-ci:Entertainment-SellingExpense>
	<tw-gaap-ci:Entertainment-SellingExpense contextRef="From20090101To20090930" decimals="-3" unitRef="TWD">1016000</tw-gaap-ci:Entertainment-SellingExpense>
	<tw-gaap-ci:Taxes-SellingExpense contextRef="From20100101To20100930" decimals="-3" unitRef="TWD">253000</tw-gaap-ci:Taxes-SellingExpense>
	<tw-gaap-ci:Taxes-SellingExpense contextRef="From20090101To20090930" decimals="-3" unitRef="TWD">443000</tw-gaap-ci:Taxes-SellingExpense>
	<tw-gaap-ci:Depreciations-SellingExpense contextRef="From20100101To20100930" decimals="-3" unitRef="TWD">2501000</tw-gaap-ci:Depreciations-SellingExpense>
	<tw-gaap-ci:Depreciations-SellingExpense contextRef="From20090101To20090930" decimals="-3" unitRef="TWD">3385000</tw-gaap-ci:Depreciations-SellingExpense>
	<tw-gaap-ci:Amortizations-SellingExpense contextRef="From20100101To20100930" decimals="-3" unitRef="TWD">5482000</tw-gaap-ci:Amortizations-SellingExpense>
	<tw-gaap-ci:Amortizations-SellingExpense contextRef="From20090101To20090930" decimals="-3" unitRef="TWD">5029000</tw-gaap-ci:Amortizations-SellingExpense>
	<tw-gaap-ci:FoodStipend-SellingExpense contextRef="From20100101To20100930" decimals="-3" unitRef="TWD">1373000</tw-gaap-ci:FoodStipend-SellingExpense>
	<tw-gaap-ci:FoodStipend-SellingExpense contextRef="From20090101To20090930" decimals="-3" unitRef="TWD">1924000</tw-gaap-ci:FoodStipend-SellingExpense>
	<tw-gaap-ci:EmployeeBenefits-SellingExpense contextRef="From20100101To20100930" decimals="-3" unitRef="TWD">343000</tw-gaap-ci:EmployeeBenefits-SellingExpense>
	<tw-gaap-ci:EmployeeBenefits-SellingExpense contextRef="From20090101To20090930" decimals="-3" unitRef="TWD">342000</tw-gaap-ci:EmployeeBenefits-SellingExpense>
	<tw-gaap-ci:CommissionsExpense-SellingExpense contextRef="From20100101To20100930" decimals="-3" unitRef="TWD">5114000</tw-gaap-ci:CommissionsExpense-SellingExpense>
	<tw-gaap-ci:CommissionsExpense-SellingExpense contextRef="From20090101To20090930" decimals="-3" unitRef="TWD">9233000</tw-gaap-ci:CommissionsExpense-SellingExpense>
	<tw-gaap-ci:Training-SellingExpense contextRef="From20100101To20100930" decimals="-3" unitRef="TWD">6000</tw-gaap-ci:Training-SellingExpense>
	<tw-gaap-ci:Training-SellingExpense contextRef="From20090101To20090930" decimals="-3" unitRef="TWD">81000</tw-gaap-ci:Training-SellingExpense>
	<tw-gaap-ci:ImportExport-SellingExpense contextRef="From20100101To20100930" decimals="-3" unitRef="TWD">12147000</tw-gaap-ci:ImportExport-SellingExpense>
	<tw-gaap-ci:ImportExport-SellingExpense contextRef="From20090101To20090930" decimals="-3" unitRef="TWD">9274000</tw-gaap-ci:ImportExport-SellingExpense>
	<tw-gaap-ci:OtherExpenses-SellingExpense contextRef="From20100101To20100930" decimals="-3" unitRef="TWD">23694000</tw-gaap-ci:OtherExpenses-SellingExpense>
	<tw-gaap-ci:OtherExpenses-SellingExpense contextRef="From20090101To20090930" decimals="-3" unitRef="TWD">24822000</tw-gaap-ci:OtherExpenses-SellingExpense>
	<tw-gaap-ci:Sellingexpense contextRef="From20100101To20100930" decimals="-3" unitRef="TWD">135804000</tw-gaap-ci:Sellingexpense>
	<tw-gaap-ci:Sellingexpense contextRef="From20090101To20090930" decimals="-3" unitRef="TWD">170023000</tw-gaap-ci:Sellingexpense>
	<tw-gaap-ci:SalaryWages-GeneralAdministrativeExpenses contextRef="From20100101To20100930" decimals="-3" unitRef="TWD">32852000</tw-gaap-ci:SalaryWages-GeneralAdministrativeExpenses>
	<tw-gaap-ci:SalaryWages-GeneralAdministrativeExpenses contextRef="From20090101To20090930" decimals="-3" unitRef="TWD">32004000</tw-gaap-ci:SalaryWages-GeneralAdministrativeExpenses>
	<tw-gaap-ci:Rent-GeneralAdministrativeExpenses contextRef="From20100101To20100930" decimals="-3" unitRef="TWD">67000</tw-gaap-ci:Rent-GeneralAdministrativeExpenses>
	<tw-gaap-ci:Rent-GeneralAdministrativeExpenses contextRef="From20090101To20090930" decimals="-3" unitRef="TWD">350000</tw-gaap-ci:Rent-GeneralAdministrativeExpenses>
	<tw-gaap-ci:StationerySupplies-GeneralAdministrativeExpenses contextRef="From20100101To20100930" decimals="-3" unitRef="TWD">88000</tw-gaap-ci:StationerySupplies-GeneralAdministrativeExpenses>
	<tw-gaap-ci:StationerySupplies-GeneralAdministrativeExpenses contextRef="From20090101To20090930" decimals="-3" unitRef="TWD">70000</tw-gaap-ci:StationerySupplies-GeneralAdministrativeExpenses>
	<tw-gaap-ci:TravelingExpense-GeneralAdministrativeExpenses contextRef="From20100101To20100930" decimals="-3" unitRef="TWD">522000</tw-gaap-ci:TravelingExpense-GeneralAdministrativeExpenses>
	<tw-gaap-ci:TravelingExpense-GeneralAdministrativeExpenses contextRef="From20090101To20090930" decimals="-3" unitRef="TWD">1132000</tw-gaap-ci:TravelingExpense-GeneralAdministrativeExpenses>
	<tw-gaap-ci:Freight-GeneralAdministrativeExpenses contextRef="From20100101To20100930" decimals="-3" unitRef="TWD">14000</tw-gaap-ci:Freight-GeneralAdministrativeExpenses>
	<tw-gaap-ci:Freight-GeneralAdministrativeExpenses contextRef="From20090101To20090930" decimals="-3" unitRef="TWD">3000</tw-gaap-ci:Freight-GeneralAdministrativeExpenses>
	<tw-gaap-ci:PostagePhoneFaxExpense-GeneralAdministrativeExpenses contextRef="From20100101To20100930" decimals="-3" unitRef="TWD">493000</tw-gaap-ci:PostagePhoneFaxExpense-GeneralAdministrativeExpenses>
	<tw-gaap-ci:PostagePhoneFaxExpense-GeneralAdministrativeExpenses contextRef="From20090101To20090930" decimals="-3" unitRef="TWD">549000</tw-gaap-ci:PostagePhoneFaxExpense-GeneralAdministrativeExpenses>
	<tw-gaap-ci:RepairsMaintenance-GeneralAdministrativeExpenses contextRef="From20100101To20100930" decimals="-3" unitRef="TWD">131000</tw-gaap-ci:RepairsMaintenance-GeneralAdministrativeExpenses>
	<tw-gaap-ci:RepairsMaintenance-GeneralAdministrativeExpenses contextRef="From20090101To20090930" decimals="-3" unitRef="TWD">231000</tw-gaap-ci:RepairsMaintenance-GeneralAdministrativeExpenses>
	<tw-gaap-ci:Advertisement-GeneralAdministrativeExpenses contextRef="From20100101To20100930" decimals="-3" unitRef="TWD">63000</tw-gaap-ci:Advertisement-GeneralAdministrativeExpenses>
	<tw-gaap-ci:Advertisement-GeneralAdministrativeExpenses contextRef="From20090101To20090930" decimals="-3" unitRef="TWD">0</tw-gaap-ci:Advertisement-GeneralAdministrativeExpenses>
	<tw-gaap-ci:Utilities-GeneralAdministrativeExpenses contextRef="From20100101To20100930" decimals="-3" unitRef="TWD">649000</tw-gaap-ci:Utilities-GeneralAdministrativeExpenses>
	<tw-gaap-ci:Utilities-GeneralAdministrativeExpenses contextRef="From20090101To20090930" decimals="-3" unitRef="TWD">622000</tw-gaap-ci:Utilities-GeneralAdministrativeExpenses>
	<tw-gaap-ci:Insurance-GeneralAdministrativeExpenses contextRef="From20100101To20100930" decimals="-3" unitRef="TWD">1873000</tw-gaap-ci:Insurance-GeneralAdministrativeExpenses>
	<tw-gaap-ci:Insurance-GeneralAdministrativeExpenses contextRef="From20090101To20090930" decimals="-3" unitRef="TWD">1652000</tw-gaap-ci:Insurance-GeneralAdministrativeExpenses>
	<tw-gaap-ci:Entertainment-GeneralAdministrativeExpenses contextRef="From20100101To20100930" decimals="-3" unitRef="TWD">160000</tw-gaap-ci:Entertainment-GeneralAdministrativeExpenses>
	<tw-gaap-ci:Entertainment-GeneralAdministrativeExpenses contextRef="From20090101To20090930" decimals="-3" unitRef="TWD">278000</tw-gaap-ci:Entertainment-GeneralAdministrativeExpenses>
	<tw-gaap-ci:Donations-GeneralAdministrativeExpenses contextRef="From20100101To20100930" decimals="-3" unitRef="TWD">20000</tw-gaap-ci:Donations-GeneralAdministrativeExpenses>
	<tw-gaap-ci:Donations-GeneralAdministrativeExpenses contextRef="From20090101To20090930" decimals="-3" unitRef="TWD">0</tw-gaap-ci:Donations-GeneralAdministrativeExpenses>
	<tw-gaap-ci:Taxes-GeneralAdministrativeExpenses contextRef="From20100101To20100930" decimals="-3" unitRef="TWD">936000</tw-gaap-ci:Taxes-GeneralAdministrativeExpenses>
	<tw-gaap-ci:Taxes-GeneralAdministrativeExpenses contextRef="From20090101To20090930" decimals="-3" unitRef="TWD">837000</tw-gaap-ci:Taxes-GeneralAdministrativeExpenses>
	<tw-gaap-ci:Depreciations-GeneralAdministrativeExpenses contextRef="From20100101To20100930" decimals="-3" unitRef="TWD">1911000</tw-gaap-ci:Depreciations-GeneralAdministrativeExpenses>
	<tw-gaap-ci:Depreciations-GeneralAdministrativeExpenses contextRef="From20090101To20090930" decimals="-3" unitRef="TWD">2774000</tw-gaap-ci:Depreciations-GeneralAdministrativeExpenses>
	<tw-gaap-ci:Amortizations-GeneralAdministrativeExpenses contextRef="From20100101To20100930" decimals="-3" unitRef="TWD">346000</tw-gaap-ci:Amortizations-GeneralAdministrativeExpenses>
	<tw-gaap-ci:Amortizations-GeneralAdministrativeExpenses contextRef="From20090101To20090930" decimals="-3" unitRef="TWD">1163000</tw-gaap-ci:Amortizations-GeneralAdministrativeExpenses>
	<tw-gaap-ci:FoodStipend-GeneralAdministrativeExpenses contextRef="From20100101To20100930" decimals="-3" unitRef="TWD">533000</tw-gaap-ci:FoodStipend-GeneralAdministrativeExpenses>
	<tw-gaap-ci:FoodStipend-GeneralAdministrativeExpenses contextRef="From20090101To20090930" decimals="-3" unitRef="TWD">524000</tw-gaap-ci:FoodStipend-GeneralAdministrativeExpenses>
	<tw-gaap-ci:EmployeeBenefits-GeneralAdministrativeExpenses contextRef="From20100101To20100930" decimals="-3" unitRef="TWD">124000</tw-gaap-ci:EmployeeBenefits-GeneralAdministrativeExpenses>
	<tw-gaap-ci:EmployeeBenefits-GeneralAdministrativeExpenses contextRef="From20090101To20090930" decimals="-3" unitRef="TWD">88000</tw-gaap-ci:EmployeeBenefits-GeneralAdministrativeExpenses>
	<tw-gaap-ci:Training-GeneralAdministrativeExpenses contextRef="From20100101To20100930" decimals="-3" unitRef="TWD">47000</tw-gaap-ci:Training-GeneralAdministrativeExpenses>
	<tw-gaap-ci:Training-GeneralAdministrativeExpenses contextRef="From20090101To20090930" decimals="-3" unitRef="TWD">43000</tw-gaap-ci:Training-GeneralAdministrativeExpenses>
	<tw-gaap-ci:SecurityExpense-GeneralAdministrativeExpenses contextRef="From20100101To20100930" decimals="-3" unitRef="TWD">39000</tw-gaap-ci:SecurityExpense-GeneralAdministrativeExpenses>
	<tw-gaap-ci:SecurityExpense-GeneralAdministrativeExpenses contextRef="From20090101To20090930" decimals="-3" unitRef="TWD">0</tw-gaap-ci:SecurityExpense-GeneralAdministrativeExpenses>
	<tw-gaap-ci:OtherExpenses-GeneralAdministrativeExpenses contextRef="From20100101To20100930" decimals="-3" unitRef="TWD">7921000</tw-gaap-ci:OtherExpenses-GeneralAdministrativeExpenses>
	<tw-gaap-ci:OtherExpenses-GeneralAdministrativeExpenses contextRef="From20090101To20090930" decimals="-3" unitRef="TWD">8851000</tw-gaap-ci:OtherExpenses-GeneralAdministrativeExpenses>
	<tw-gaap-ci:GeneralAdministrativeExpenses contextRef="From20100101To20100930" decimals="-3" unitRef="TWD">48789000</tw-gaap-ci:GeneralAdministrativeExpenses>
	<tw-gaap-ci:GeneralAdministrativeExpenses contextRef="From20090101To20090930" decimals="-3" unitRef="TWD">51171000</tw-gaap-ci:GeneralAdministrativeExpenses>
	<tw-gaap-ci:SalaryWages-ResearchDevelopmentExpenses contextRef="From20100101To20100930" decimals="-3" unitRef="TWD">84218000</tw-gaap-ci:SalaryWages-ResearchDevelopmentExpenses>
	<tw-gaap-ci:SalaryWages-ResearchDevelopmentExpenses contextRef="From20090101To20090930" decimals="-3" unitRef="TWD">98820000</tw-gaap-ci:SalaryWages-ResearchDevelopmentExpenses>
	<tw-gaap-ci:Rent-ResearchDevelopmentExpenses contextRef="From20100101To20100930" decimals="-3" unitRef="TWD">3997000</tw-gaap-ci:Rent-ResearchDevelopmentExpenses>
	<tw-gaap-ci:Rent-ResearchDevelopmentExpenses contextRef="From20090101To20090930" decimals="-3" unitRef="TWD">4144000</tw-gaap-ci:Rent-ResearchDevelopmentExpenses>
	<tw-gaap-ci:StationerySupplies-ResearchDevelopmentExpenses contextRef="From20100101To20100930" decimals="-3" unitRef="TWD">105000</tw-gaap-ci:StationerySupplies-ResearchDevelopmentExpenses>
	<tw-gaap-ci:StationerySupplies-ResearchDevelopmentExpenses contextRef="From20090101To20090930" decimals="-3" unitRef="TWD">120000</tw-gaap-ci:StationerySupplies-ResearchDevelopmentExpenses>
	<tw-gaap-ci:TravelingExpense-ResearchDevelopmentExpenses contextRef="From20100101To20100930" decimals="-3" unitRef="TWD">1547000</tw-gaap-ci:TravelingExpense-ResearchDevelopmentExpenses>
	<tw-gaap-ci:TravelingExpense-ResearchDevelopmentExpenses contextRef="From20090101To20090930" decimals="-3" unitRef="TWD">3398000</tw-gaap-ci:TravelingExpense-ResearchDevelopmentExpenses>
	<tw-gaap-ci:Freight-ResearchDevelopmentExpenses contextRef="From20100101To20100930" decimals="-3" unitRef="TWD">347000</tw-gaap-ci:Freight-ResearchDevelopmentExpenses>
	<tw-gaap-ci:Freight-ResearchDevelopmentExpenses contextRef="From20090101To20090930" decimals="-3" unitRef="TWD">471000</tw-gaap-ci:Freight-ResearchDevelopmentExpenses>
	<tw-gaap-ci:PostagePhoneFaxExpense-ResearchDevelopmentExpenses contextRef="From20100101To20100930" decimals="-3" unitRef="TWD">1438000</tw-gaap-ci:PostagePhoneFaxExpense-ResearchDevelopmentExpenses>
	<tw-gaap-ci:PostagePhoneFaxExpense-ResearchDevelopmentExpenses contextRef="From20090101To20090930" decimals="-3" unitRef="TWD">1439000</tw-gaap-ci:PostagePhoneFaxExpense-ResearchDevelopmentExpenses>
	<tw-gaap-ci:RepairsMaintenance-ResearchDevelopmentExpenses contextRef="From20100101To20100930" decimals="-3" unitRef="TWD">267000</tw-gaap-ci:RepairsMaintenance-ResearchDevelopmentExpenses>
	<tw-gaap-ci:RepairsMaintenance-ResearchDevelopmentExpenses contextRef="From20090101To20090930" decimals="-3" unitRef="TWD">348000</tw-gaap-ci:RepairsMaintenance-ResearchDevelopmentExpenses>
	<tw-gaap-ci:Utilities-ResearchDevelopmentExpenses contextRef="From20100101To20100930" decimals="-3" unitRef="TWD">1166000</tw-gaap-ci:Utilities-ResearchDevelopmentExpenses>
	<tw-gaap-ci:Utilities-ResearchDevelopmentExpenses contextRef="From20090101To20090930" decimals="-3" unitRef="TWD">1049000</tw-gaap-ci:Utilities-ResearchDevelopmentExpenses>
	<tw-gaap-ci:Insurance-ResearchDevelopmentExpenses contextRef="From20100101To20100930" decimals="-3" unitRef="TWD">6137000</tw-gaap-ci:Insurance-ResearchDevelopmentExpenses>
	<tw-gaap-ci:Insurance-ResearchDevelopmentExpenses contextRef="From20090101To20090930" decimals="-3" unitRef="TWD">6990000</tw-gaap-ci:Insurance-ResearchDevelopmentExpenses>
	<tw-gaap-ci:Entertainment-ResearchDevelopmentExpenses contextRef="From20100101To20100930" decimals="-3" unitRef="TWD">78000</tw-gaap-ci:Entertainment-ResearchDevelopmentExpenses>
	<tw-gaap-ci:Entertainment-ResearchDevelopmentExpenses contextRef="From20090101To20090930" decimals="-3" unitRef="TWD">197000</tw-gaap-ci:Entertainment-ResearchDevelopmentExpenses>
	<tw-gaap-ci:Taxes-ResearchDevelopmentExpenses contextRef="From20100101To20100930" decimals="-3" unitRef="TWD">98000</tw-gaap-ci:Taxes-ResearchDevelopmentExpenses>
	<tw-gaap-ci:Taxes-ResearchDevelopmentExpenses contextRef="From20090101To20090930" decimals="-3" unitRef="TWD">114000</tw-gaap-ci:Taxes-ResearchDevelopmentExpenses>
	<tw-gaap-ci:DepreciationDepletion-ResearchDevelopmentExpenses contextRef="From20100101To20100930" decimals="-3" unitRef="TWD">14248000</tw-gaap-ci:DepreciationDepletion-ResearchDevelopmentExpenses>
	<tw-gaap-ci:DepreciationDepletion-ResearchDevelopmentExpenses contextRef="From20090101To20090930" decimals="-3" unitRef="TWD">15332000</tw-gaap-ci:DepreciationDepletion-ResearchDevelopmentExpenses>
	<tw-gaap-ci:Amortizations-ResearchDevelopmentExpenses contextRef="From20100101To20100930" decimals="-3" unitRef="TWD">8016000</tw-gaap-ci:Amortizations-ResearchDevelopmentExpenses>
	<tw-gaap-ci:Amortizations-ResearchDevelopmentExpenses contextRef="From20090101To20090930" decimals="-3" unitRef="TWD">14481000</tw-gaap-ci:Amortizations-ResearchDevelopmentExpenses>
	<tw-gaap-ci:FoodStipend-ResearchDevelopmentExpenses contextRef="From20100101To20100930" decimals="-3" unitRef="TWD">1923000</tw-gaap-ci:FoodStipend-ResearchDevelopmentExpenses>
	<tw-gaap-ci:FoodStipend-ResearchDevelopmentExpenses contextRef="From20090101To20090930" decimals="-3" unitRef="TWD">2295000</tw-gaap-ci:FoodStipend-ResearchDevelopmentExpenses>
	<tw-gaap-ci:EmployeeBenefits-ResearchDevelopmentExpenses contextRef="From20100101To20100930" decimals="-3" unitRef="TWD">476000</tw-gaap-ci:EmployeeBenefits-ResearchDevelopmentExpenses>
	<tw-gaap-ci:EmployeeBenefits-ResearchDevelopmentExpenses contextRef="From20090101To20090930" decimals="-3" unitRef="TWD">406000</tw-gaap-ci:EmployeeBenefits-ResearchDevelopmentExpenses>
	<tw-gaap-ci:Training-ResearchDevelopmentExpenses contextRef="From20100101To20100930" decimals="-3" unitRef="TWD">77000</tw-gaap-ci:Training-ResearchDevelopmentExpenses>
	<tw-gaap-ci:Training-ResearchDevelopmentExpenses contextRef="From20090101To20090930" decimals="-3" unitRef="TWD">46000</tw-gaap-ci:Training-ResearchDevelopmentExpenses>
	<tw-gaap-ci:OtherExpenses-ResearchDevelopmentExpenses contextRef="From20100101To20100930" decimals="-3" unitRef="TWD">16292000</tw-gaap-ci:OtherExpenses-ResearchDevelopmentExpenses>
	<tw-gaap-ci:OtherExpenses-ResearchDevelopmentExpenses contextRef="From20090101To20090930" decimals="-3" unitRef="TWD">21771000</tw-gaap-ci:OtherExpenses-ResearchDevelopmentExpenses>
	<tw-gaap-ci:ResearchDevelopmentExpenses contextRef="From20100101To20100930" decimals="-3" unitRef="TWD">140430000</tw-gaap-ci:ResearchDevelopmentExpenses>
	<tw-gaap-ci:ResearchDevelopmentExpenses contextRef="From20090101To20090930" decimals="-3" unitRef="TWD">171421000</tw-gaap-ci:ResearchDevelopmentExpenses>
	<tw-gaap-ci:OperatingExpenses contextRef="From20100101To20100930" decimals="-3" unitRef="TWD">325023000</tw-gaap-ci:OperatingExpenses>
	<tw-gaap-ci:OperatingExpenses contextRef="From20090101To20090930" decimals="-3" unitRef="TWD">392615000</tw-gaap-ci:OperatingExpenses>
	<tw-gaap-ci:OperatingIncomeLoss contextRef="From20100101To20100930" decimals="-3" unitRef="TWD">-63598000</tw-gaap-ci:OperatingIncomeLoss>
	<tw-gaap-ci:OperatingIncomeLoss contextRef="From20090101To20090930" decimals="-3" unitRef="TWD">-211575000</tw-gaap-ci:OperatingIncomeLoss>
	<tw-gaap-ci:InterestIncome contextRef="From20100101To20100930" decimals="-3" unitRef="TWD">128000</tw-gaap-ci:InterestIncome>
	<tw-gaap-ci:InterestIncome contextRef="From20090101To20090930" decimals="-3" unitRef="TWD">400000</tw-gaap-ci:InterestIncome>
	<tw-gaap-ci:DividendIncome contextRef="From20100101To20100930" decimals="-3" unitRef="TWD">1639000</tw-gaap-ci:DividendIncome>
	<tw-gaap-ci:DividendIncome contextRef="From20090101To20090930" decimals="-3" unitRef="TWD">565000</tw-gaap-ci:DividendIncome>
	<tw-gaap-ci:InvestmentGains contextRef="From20100101To20100930" decimals="-3" unitRef="TWD">1639000</tw-gaap-ci:InvestmentGains>
	<tw-gaap-ci:InvestmentGains contextRef="From20090101To20090930" decimals="-3" unitRef="TWD">565000</tw-gaap-ci:InvestmentGains>
	<tw-gaap-ci:GainsDisposalFixedAssets contextRef="From20100101To20100930" decimals="-3" unitRef="TWD">80000</tw-gaap-ci:GainsDisposalFixedAssets>
	<tw-gaap-ci:GainsDisposalFixedAssets contextRef="From20090101To20090930" decimals="-3" unitRef="TWD">36000</tw-gaap-ci:GainsDisposalFixedAssets>
	<tw-gaap-ci:GainsSaleInvestments contextRef="From20100101To20100930" decimals="-3" unitRef="TWD">160319000</tw-gaap-ci:GainsSaleInvestments>
	<tw-gaap-ci:GainsSaleInvestments contextRef="From20090101To20090930" decimals="-3" unitRef="TWD">0</tw-gaap-ci:GainsSaleInvestments>
	<tw-gaap-ci:ForeignExchangeGains contextRef="From20100101To20100930" decimals="-3" unitRef="TWD">0</tw-gaap-ci:ForeignExchangeGains>
	<tw-gaap-ci:ForeignExchangeGains contextRef="From20090101To20090930" decimals="-3" unitRef="TWD">5410000</tw-gaap-ci:ForeignExchangeGains>
	<tw-gaap-ci:RentIncome contextRef="From20100101To20100930" decimals="-3" unitRef="TWD">6831000</tw-gaap-ci:RentIncome>
	<tw-gaap-ci:RentIncome contextRef="From20090101To20090930" decimals="-3" unitRef="TWD">3793000</tw-gaap-ci:RentIncome>
	<tw-gaap-ci:ReversalAllowanceDoubtfulReceivable contextRef="From20100101To20100930" decimals="-3" unitRef="TWD">1648000</tw-gaap-ci:ReversalAllowanceDoubtfulReceivable>
	<tw-gaap-ci:ReversalAllowanceDoubtfulReceivable contextRef="From20090101To20090930" decimals="-3" unitRef="TWD">0</tw-gaap-ci:ReversalAllowanceDoubtfulReceivable>
	<tw-gaap-ci:RevaluationGainFinancialAssets contextRef="From20100101To20100930" decimals="-3" unitRef="TWD">9953000</tw-gaap-ci:RevaluationGainFinancialAssets>
	<tw-gaap-ci:RevaluationGainFinancialAssets contextRef="From20090101To20090930" decimals="-3" unitRef="TWD">6000</tw-gaap-ci:RevaluationGainFinancialAssets>
	<tw-gaap-ci:MiscellaneousIncome contextRef="From20100101To20100930" decimals="-3" unitRef="TWD">7206000</tw-gaap-ci:MiscellaneousIncome>
	<tw-gaap-ci:MiscellaneousIncome contextRef="From20090101To20090930" decimals="-3" unitRef="TWD">2682000</tw-gaap-ci:MiscellaneousIncome>
	<tw-gaap-ci:NonOperatingIncomeGains contextRef="From20100101To20100930" decimals="-3" unitRef="TWD">187804000</tw-gaap-ci:NonOperatingIncomeGains>
	<tw-gaap-ci:NonOperatingIncomeGains contextRef="From20090101To20090930" decimals="-3" unitRef="TWD">12892000</tw-gaap-ci:NonOperatingIncomeGains>
	<tw-gaap-ci:InterestExpense contextRef="From20100101To20100930" decimals="-3" unitRef="TWD">2472000</tw-gaap-ci:InterestExpense>
	<tw-gaap-ci:InterestExpense contextRef="From20090101To20090930" decimals="-3" unitRef="TWD">3178000</tw-gaap-ci:InterestExpense>
	<tw-gaap-ci:NonOperatingExpensesInvestmentLossRecognizedEquityMethod contextRef="From20100101To20100930" decimals="-3" unitRef="TWD">4120000</tw-gaap-ci:NonOperatingExpensesInvestmentLossRecognizedEquityMethod>
	<tw-gaap-ci:NonOperatingExpensesInvestmentLossRecognizedEquityMethod contextRef="From20090101To20090930" decimals="-3" unitRef="TWD">4384000</tw-gaap-ci:NonOperatingExpensesInvestmentLossRecognizedEquityMethod>
	<tw-gaap-ci:NonOperatingExpensesInvestmentLoss contextRef="From20100101To20100930" decimals="-3" unitRef="TWD">4120000</tw-gaap-ci:NonOperatingExpensesInvestmentLoss>
	<tw-gaap-ci:NonOperatingExpensesInvestmentLoss contextRef="From20090101To20090930" decimals="-3" unitRef="TWD">4384000</tw-gaap-ci:NonOperatingExpensesInvestmentLoss>
	<tw-gaap-ci:ForeignExchangeLosses contextRef="From20100101To20100930" decimals="-3" unitRef="TWD">2408000</tw-gaap-ci:ForeignExchangeLosses>
	<tw-gaap-ci:ForeignExchangeLosses contextRef="From20090101To20090930" decimals="-3" unitRef="TWD">0</tw-gaap-ci:ForeignExchangeLosses>
	<tw-gaap-ci:ImpairmentLossOtherAssets contextRef="From20100101To20100930" decimals="-3" unitRef="TWD">0</tw-gaap-ci:ImpairmentLossOtherAssets>
	<tw-gaap-ci:ImpairmentLossOtherAssets contextRef="From20090101To20090930" decimals="-3" unitRef="TWD">17030000</tw-gaap-ci:ImpairmentLossOtherAssets>
	<tw-gaap-ci:ImpairmentLossAssets contextRef="From20100101To20100930" decimals="-3" unitRef="TWD">0</tw-gaap-ci:ImpairmentLossAssets>
	<tw-gaap-ci:ImpairmentLossAssets contextRef="From20090101To20090930" decimals="-3" unitRef="TWD">17030000</tw-gaap-ci:ImpairmentLossAssets>
	<tw-gaap-ci:MiscellaneousDisbursements contextRef="From20100101To20100930" decimals="-3" unitRef="TWD">15000</tw-gaap-ci:MiscellaneousDisbursements>
	<tw-gaap-ci:MiscellaneousDisbursements contextRef="From20090101To20090930" decimals="-3" unitRef="TWD">2620000</tw-gaap-ci:MiscellaneousDisbursements>
	<tw-gaap-ci:NonOperatingExpenses contextRef="From20100101To20100930" decimals="-3" unitRef="TWD">9015000</tw-gaap-ci:NonOperatingExpenses>
	<tw-gaap-ci:NonOperatingExpenses contextRef="From20090101To20090930" decimals="-3" unitRef="TWD">27212000</tw-gaap-ci:NonOperatingExpenses>
	<tw-gaap-ci:IncomeContinuingOperationsBeforeIncomeTax contextRef="From20100101To20100930" decimals="-3" unitRef="TWD">115191000</tw-gaap-ci:IncomeContinuingOperationsBeforeIncomeTax>
	<tw-gaap-ci:IncomeContinuingOperationsBeforeIncomeTax contextRef="From20090101To20090930" decimals="-3" unitRef="TWD">-225895000</tw-gaap-ci:IncomeContinuingOperationsBeforeIncomeTax>
	<tw-gaap-ci:IncomeTaxExpenseBenefitIncomeTaxExpenseBenefit contextRef="From20100101To20100930" decimals="-3" unitRef="TWD">9667000</tw-gaap-ci:IncomeTaxExpenseBenefitIncomeTaxExpenseBenefit>
	<tw-gaap-ci:IncomeTaxExpenseBenefitIncomeTaxExpenseBenefit contextRef="From20090101To20090930" decimals="-3" unitRef="TWD">-198000</tw-gaap-ci:IncomeTaxExpenseBenefitIncomeTaxExpenseBenefit>
	<tw-gaap-ci:DeferredIncomeTaxBenefitExpense contextRef="From20100101To20100930" decimals="-3" unitRef="TWD">5771000</tw-gaap-ci:DeferredIncomeTaxBenefitExpense>
	<tw-gaap-ci:DeferredIncomeTaxBenefitExpense contextRef="From20090101To20090930" decimals="-3" unitRef="TWD">46676000</tw-gaap-ci:DeferredIncomeTaxBenefitExpense>
	<tw-gaap-ci:IncomeTaxExpenseBenefit contextRef="From20100101To20100930" decimals="-3" unitRef="TWD">15438000</tw-gaap-ci:IncomeTaxExpenseBenefit>
	<tw-gaap-ci:IncomeTaxExpenseBenefit contextRef="From20090101To20090930" decimals="-3" unitRef="TWD">46478000</tw-gaap-ci:IncomeTaxExpenseBenefit>
	<tw-gaap-ci:IncomeContinuingOperations contextRef="From20100101To20100930" decimals="-3" unitRef="TWD">99753000</tw-gaap-ci:IncomeContinuingOperations>
	<tw-gaap-ci:IncomeContinuingOperations contextRef="From20090101To20090930" decimals="-3" unitRef="TWD">-272373000</tw-gaap-ci:IncomeContinuingOperations>
	<tw-gaap-ci:NetIncomeLoss contextRef="From20100101To20100930" decimals="-3" unitRef="TWD">99753000</tw-gaap-ci:NetIncomeLoss>
	<tw-gaap-ci:NetIncomeLoss contextRef="From20090101To20090930" decimals="-3" unitRef="TWD">-272373000</tw-gaap-ci:NetIncomeLoss>
	<tw-gaap-ci:PrimaryEarningsPerShareIncomeLossContinuingOperations contextRef="From20100101To20100930" decimals="2" unitRef="TWD">0.65</tw-gaap-ci:PrimaryEarningsPerShareIncomeLossContinuingOperations>
	<tw-gaap-ci:PrimaryEarningsPerShareIncomeLossContinuingOperations contextRef="From20090101To20090930" decimals="2" unitRef="TWD">-1.78</tw-gaap-ci:PrimaryEarningsPerShareIncomeLossContinuingOperations>
	<tw-gaap-ci:PrimaryEarningsPerShare contextRef="From20100101To20100930" decimals="2" unitRef="TWD">0.65</tw-gaap-ci:PrimaryEarningsPerShare>
	<tw-gaap-ci:PrimaryEarningsPerShare contextRef="From20090101To20090930" decimals="2" unitRef="TWD">-1.78</tw-gaap-ci:PrimaryEarningsPerShare>
	<tw-gaap-ci:DilutedEarningsPerShareIncomeLossContinuingOperations contextRef="From20100101To20100930" decimals="2" unitRef="TWD">0.65</tw-gaap-ci:DilutedEarningsPerShareIncomeLossContinuingOperations>
	<tw-gaap-ci:DilutedEarningsPerShareIncomeLossContinuingOperations contextRef="From20090101To20090930" decimals="2" unitRef="TWD">-1.78</tw-gaap-ci:DilutedEarningsPerShareIncomeLossContinuingOperations>
	<tw-gaap-ci:DilutedEarningsPerShare contextRef="From20100101To20100930" decimals="2" unitRef="TWD">0.65</tw-gaap-ci:DilutedEarningsPerShare>
	<tw-gaap-ci:DilutedEarningsPerShare contextRef="From20090101To20090930" decimals="2" unitRef="TWD">-1.78</tw-gaap-ci:DilutedEarningsPerShare>
	<tw-gaap-ci:NetIncomeLoss_StatementCashFlows contextRef="From20100101To20100930" decimals="-3" unitRef="TWD">99753000</tw-gaap-ci:NetIncomeLoss_StatementCashFlows>
	<tw-gaap-ci:NetIncomeLoss_StatementCashFlows contextRef="From20090101To20090930" decimals="-3" unitRef="TWD">-272373000</tw-gaap-ci:NetIncomeLoss_StatementCashFlows>
	<tw-gaap-ci:DepreciationExpense-Operating contextRef="From20100101To20100930" decimals="-3" unitRef="TWD">24630000</tw-gaap-ci:DepreciationExpense-Operating>
	<tw-gaap-ci:DepreciationExpense-Operating contextRef="From20090101To20090930" decimals="-3" unitRef="TWD">27905000</tw-gaap-ci:DepreciationExpense-Operating>
	<tw-gaap-ci:AmortizationExpense-Operating contextRef="From20100101To20100930" decimals="-3" unitRef="TWD">13844000</tw-gaap-ci:AmortizationExpense-Operating>
	<tw-gaap-ci:AmortizationExpense-Operating contextRef="From20090101To20090930" decimals="-3" unitRef="TWD">20787000</tw-gaap-ci:AmortizationExpense-Operating>
	<tw-gaap-ci:ProvisionTransferRevenueBadDebtsLosses contextRef="From20100101To20100930" decimals="-3" unitRef="TWD">-1795000</tw-gaap-ci:ProvisionTransferRevenueBadDebtsLosses>
	<tw-gaap-ci:ProvisionTransferRevenueBadDebtsLosses contextRef="From20090101To20090930" decimals="-3" unitRef="TWD">-1564000</tw-gaap-ci:ProvisionTransferRevenueBadDebtsLosses>
	<tw-gaap-ci:GainLossInventoryValuationObsolescenceRecoverie contextRef="From20100101To20100930" decimals="-3" unitRef="TWD">41756000</tw-gaap-ci:GainLossInventoryValuationObsolescenceRecoverie>
	<tw-gaap-ci:GainLossInventoryValuationObsolescenceRecoverie contextRef="From20090101To20090930" decimals="-3" unitRef="TWD">72432000</tw-gaap-ci:GainLossInventoryValuationObsolescenceRecoverie>
	<tw-gaap-ci:InvestmentLossIncomeRecognizedEquityMethod contextRef="From20100101To20100930" decimals="-3" unitRef="TWD">4120000</tw-gaap-ci:InvestmentLossIncomeRecognizedEquityMethod>
	<tw-gaap-ci:InvestmentLossIncomeRecognizedEquityMethod contextRef="From20090101To20090930" decimals="-3" unitRef="TWD">4384000</tw-gaap-ci:InvestmentLossIncomeRecognizedEquityMethod>
	<tw-gaap-ci:GainLossDisposalScrappingFixedAssets contextRef="From20100101To20100930" decimals="-3" unitRef="TWD">-80000</tw-gaap-ci:GainLossDisposalScrappingFixedAssets>
	<tw-gaap-ci:GainLossDisposalScrappingFixedAssets contextRef="From20090101To20090930" decimals="-3" unitRef="TWD">-36000</tw-gaap-ci:GainLossDisposalScrappingFixedAssets>
	<tw-gaap-ci:GainsLossesSaleInvestments contextRef="From20100101To20100930" decimals="-3" unitRef="TWD">-160319000</tw-gaap-ci:GainsLossesSaleInvestments>
	<tw-gaap-ci:GainsLossesSaleInvestments contextRef="From20090101To20090930" decimals="-3" unitRef="TWD">0</tw-gaap-ci:GainsLossesSaleInvestments>
	<tw-gaap-ci:UnrealizedRevaluationGainFinancialAssetsLiabilities contextRef="From20100101To20100930" decimals="-3" unitRef="TWD">-7759000</tw-gaap-ci:UnrealizedRevaluationGainFinancialAssetsLiabilities>
	<tw-gaap-ci:UnrealizedRevaluationGainFinancialAssetsLiabilities contextRef="From20090101To20090930" decimals="-3" unitRef="TWD">-6000</tw-gaap-ci:UnrealizedRevaluationGainFinancialAssetsLiabilities>
	<tw-gaap-ci:ImpairmentLossesFinancialAsset contextRef="From20100101To20100930" decimals="-3" unitRef="TWD">0</tw-gaap-ci:ImpairmentLossesFinancialAsset>
	<tw-gaap-ci:ImpairmentLossesFinancialAsset contextRef="From20090101To20090930" decimals="-3" unitRef="TWD">17030000</tw-gaap-ci:ImpairmentLossesFinancialAsset>
	<tw-gaap-ci:UnrealizedGainInteraffiliateAccounts_StatementCashFlows contextRef="From20100101To20100930" decimals="-3" unitRef="TWD">2720000</tw-gaap-ci:UnrealizedGainInteraffiliateAccounts_StatementCashFlows>
	<tw-gaap-ci:UnrealizedGainInteraffiliateAccounts_StatementCashFlows contextRef="From20090101To20090930" decimals="-3" unitRef="TWD">2384000</tw-gaap-ci:UnrealizedGainInteraffiliateAccounts_StatementCashFlows>
	<tw-gaap-ci:RealizedGainInteraffiliateAccounts_StatementCashFlows contextRef="From20100101To20100930" decimals="-3" unitRef="TWD">-2339000</tw-gaap-ci:RealizedGainInteraffiliateAccounts_StatementCashFlows>
	<tw-gaap-ci:RealizedGainInteraffiliateAccounts_StatementCashFlows contextRef="From20090101To20090930" decimals="-3" unitRef="TWD">-3732000</tw-gaap-ci:RealizedGainInteraffiliateAccounts_StatementCashFlows>
	<tw-gaap-ci:OtherAdjustmentsReconcileNetIncomeNetCashProvidedUsedOperatingActivities contextRef="From20100101To20100930" decimals="-3" unitRef="TWD">-2281000</tw-gaap-ci:OtherAdjustmentsReconcileNetIncomeNetCashProvidedUsedOperatingActivities>
	<tw-gaap-ci:OtherAdjustmentsReconcileNetIncomeNetCashProvidedUsedOperatingActivities contextRef="From20090101To20090930" decimals="-3" unitRef="TWD">-834000</tw-gaap-ci:OtherAdjustmentsReconcileNetIncomeNetCashProvidedUsedOperatingActivities>
	<tw-gaap-ci:AdjustmentsReconcileNetIncomeNetCashProvidedUsedOperatingActivities contextRef="From20100101To20100930" decimals="-3" unitRef="TWD">-87503000</tw-gaap-ci:AdjustmentsReconcileNetIncomeNetCashProvidedUsedOperatingActivities>
	<tw-gaap-ci:AdjustmentsReconcileNetIncomeNetCashProvidedUsedOperatingActivities contextRef="From20090101To20090930" decimals="-3" unitRef="TWD">138750000</tw-gaap-ci:AdjustmentsReconcileNetIncomeNetCashProvidedUsedOperatingActivities>
	<tw-gaap-ci:ChangesFinancialAssetsHeldTrading contextRef="From20100101To20100930" decimals="-3" unitRef="TWD">-13396000</tw-gaap-ci:ChangesFinancialAssetsHeldTrading>
	<tw-gaap-ci:ChangesFinancialAssetsHeldTrading contextRef="From20090101To20090930" decimals="-3" unitRef="TWD">-25000000</tw-gaap-ci:ChangesFinancialAssetsHeldTrading>
	<tw-gaap-ci:ChangesNotesReceivable contextRef="From20100101To20100930" decimals="-3" unitRef="TWD">432000</tw-gaap-ci:ChangesNotesReceivable>
	<tw-gaap-ci:ChangesNotesReceivable contextRef="From20090101To20090930" decimals="-3" unitRef="TWD">74000</tw-gaap-ci:ChangesNotesReceivable>
	<tw-gaap-ci:ChangesAccountsReceivable contextRef="From20100101To20100930" decimals="-3" unitRef="TWD">-66752000</tw-gaap-ci:ChangesAccountsReceivable>
	<tw-gaap-ci:ChangesAccountsReceivable contextRef="From20090101To20090930" decimals="-3" unitRef="TWD">151152000</tw-gaap-ci:ChangesAccountsReceivable>
	<tw-gaap-ci:ChangesAccountsReceivableRelatedParties contextRef="From20100101To20100930" decimals="-3" unitRef="TWD">-12058000</tw-gaap-ci:ChangesAccountsReceivableRelatedParties>
	<tw-gaap-ci:ChangesAccountsReceivableRelatedParties contextRef="From20090101To20090930" decimals="-3" unitRef="TWD">-20117000</tw-gaap-ci:ChangesAccountsReceivableRelatedParties>
	<tw-gaap-ci:ChangesOtherReceivables contextRef="From20100101To20100930" decimals="-3" unitRef="TWD">-3113000</tw-gaap-ci:ChangesOtherReceivables>
	<tw-gaap-ci:ChangesOtherReceivables contextRef="From20090101To20090930" decimals="-3" unitRef="TWD">9483000</tw-gaap-ci:ChangesOtherReceivables>
	<tw-gaap-ci:ChangesInventories contextRef="From20100101To20100930" decimals="-3" unitRef="TWD">-118219000</tw-gaap-ci:ChangesInventories>
	<tw-gaap-ci:ChangesInventories contextRef="From20090101To20090930" decimals="-3" unitRef="TWD">12847000</tw-gaap-ci:ChangesInventories>
	<tw-gaap-ci:ChangesPrepaidExpenses contextRef="From20100101To20100930" decimals="-3" unitRef="TWD">1197000</tw-gaap-ci:ChangesPrepaidExpenses>
	<tw-gaap-ci:ChangesPrepaidExpenses contextRef="From20090101To20090930" decimals="-3" unitRef="TWD">384000</tw-gaap-ci:ChangesPrepaidExpenses>
	<tw-gaap-ci:ChangesOtherPrepayments contextRef="From20100101To20100930" decimals="-3" unitRef="TWD">-8545000</tw-gaap-ci:ChangesOtherPrepayments>
	<tw-gaap-ci:ChangesOtherPrepayments contextRef="From20090101To20090930" decimals="-3" unitRef="TWD">6307000</tw-gaap-ci:ChangesOtherPrepayments>
	<tw-gaap-ci:ChangesDeferredTaxAssets contextRef="From20100101To20100930" decimals="-3" unitRef="TWD">5532000</tw-gaap-ci:ChangesDeferredTaxAssets>
	<tw-gaap-ci:ChangesDeferredTaxAssets contextRef="From20090101To20090930" decimals="-3" unitRef="TWD">46356000</tw-gaap-ci:ChangesDeferredTaxAssets>
	<tw-gaap-ci:ChangesOtherOperatingAssets contextRef="From20100101To20100930" decimals="-3" unitRef="TWD">88000</tw-gaap-ci:ChangesOtherOperatingAssets>
	<tw-gaap-ci:ChangesOtherOperatingAssets contextRef="From20090101To20090930" decimals="-3" unitRef="TWD">207000</tw-gaap-ci:ChangesOtherOperatingAssets>
	<tw-gaap-ci:ChangesOperatingAssets contextRef="From20100101To20100930" decimals="-3" unitRef="TWD">-214834000</tw-gaap-ci:ChangesOperatingAssets>
	<tw-gaap-ci:ChangesOperatingAssets contextRef="From20090101To20090930" decimals="-3" unitRef="TWD">181693000</tw-gaap-ci:ChangesOperatingAssets>
	<tw-gaap-ci:ChangesNotesPayable contextRef="From20100101To20100930" decimals="-3" unitRef="TWD">117000</tw-gaap-ci:ChangesNotesPayable>
	<tw-gaap-ci:ChangesNotesPayable contextRef="From20090101To20090930" decimals="-3" unitRef="TWD">-60000</tw-gaap-ci:ChangesNotesPayable>
	<tw-gaap-ci:ChangesAccountsPayable contextRef="From20100101To20100930" decimals="-3" unitRef="TWD">3202000</tw-gaap-ci:ChangesAccountsPayable>
	<tw-gaap-ci:ChangesAccountsPayable contextRef="From20090101To20090930" decimals="-3" unitRef="TWD">39822000</tw-gaap-ci:ChangesAccountsPayable>
	<tw-gaap-ci:ChangesIncomeTaxPayable contextRef="From20100101To20100930" decimals="-3" unitRef="TWD">9651000</tw-gaap-ci:ChangesIncomeTaxPayable>
	<tw-gaap-ci:ChangesIncomeTaxPayable contextRef="From20090101To20090930" decimals="-3" unitRef="TWD">0</tw-gaap-ci:ChangesIncomeTaxPayable>
	<tw-gaap-ci:ChangesAccruedExpenses contextRef="From20100101To20100930" decimals="-3" unitRef="TWD">-18840000</tw-gaap-ci:ChangesAccruedExpenses>
	<tw-gaap-ci:ChangesAccruedExpenses contextRef="From20090101To20090930" decimals="-3" unitRef="TWD">-24530000</tw-gaap-ci:ChangesAccruedExpenses>
	<tw-gaap-ci:ChangesOtherPayables contextRef="From20100101To20100930" decimals="-3" unitRef="TWD">0</tw-gaap-ci:ChangesOtherPayables>
	<tw-gaap-ci:ChangesOtherPayables contextRef="From20090101To20090930" decimals="-3" unitRef="TWD">1908000</tw-gaap-ci:ChangesOtherPayables>
	<tw-gaap-ci:ChangesReceiptsAdvance contextRef="From20100101To20100930" decimals="-3" unitRef="TWD">-18002000</tw-gaap-ci:ChangesReceiptsAdvance>
	<tw-gaap-ci:ChangesReceiptsAdvance contextRef="From20090101To20090930" decimals="-3" unitRef="TWD">-2268000</tw-gaap-ci:ChangesReceiptsAdvance>
	<tw-gaap-ci:ChangesDeferredTaxLiabilities contextRef="From20100101To20100930" decimals="-3" unitRef="TWD">1442000</tw-gaap-ci:ChangesDeferredTaxLiabilities>
	<tw-gaap-ci:ChangesDeferredTaxLiabilities contextRef="From20090101To20090930" decimals="-3" unitRef="TWD">0</tw-gaap-ci:ChangesDeferredTaxLiabilities>
	<tw-gaap-ci:ChangesAccruedPensionLiabilities contextRef="From20100101To20100930" decimals="-3" unitRef="TWD">-144000</tw-gaap-ci:ChangesAccruedPensionLiabilities>
	<tw-gaap-ci:ChangesAccruedPensionLiabilities contextRef="From20090101To20090930" decimals="-3" unitRef="TWD">-493000</tw-gaap-ci:ChangesAccruedPensionLiabilities>
	<tw-gaap-ci:ChangesOtherOperatingLiabilities contextRef="From20100101To20100930" decimals="-3" unitRef="TWD">9613000</tw-gaap-ci:ChangesOtherOperatingLiabilities>
	<tw-gaap-ci:ChangesOtherOperatingLiabilities contextRef="From20090101To20090930" decimals="-3" unitRef="TWD">15109000</tw-gaap-ci:ChangesOtherOperatingLiabilities>
	<tw-gaap-ci:ChangesOperatingLiabilities contextRef="From20100101To20100930" decimals="-3" unitRef="TWD">-12961000</tw-gaap-ci:ChangesOperatingLiabilities>
	<tw-gaap-ci:ChangesOperatingLiabilities contextRef="From20090101To20090930" decimals="-3" unitRef="TWD">29488000</tw-gaap-ci:ChangesOperatingLiabilities>
	<tw-gaap-ci:ChangesOperatingAssetsLiabilities contextRef="From20100101To20100930" decimals="-3" unitRef="TWD">-227795000</tw-gaap-ci:ChangesOperatingAssetsLiabilities>
	<tw-gaap-ci:ChangesOperatingAssetsLiabilities contextRef="From20090101To20090930" decimals="-3" unitRef="TWD">211181000</tw-gaap-ci:ChangesOperatingAssetsLiabilities>
	<tw-gaap-ci:NetCashProvidedUsedOperatingActivities contextRef="From20100101To20100930" decimals="-3" unitRef="TWD">-215545000</tw-gaap-ci:NetCashProvidedUsedOperatingActivities>
	<tw-gaap-ci:NetCashProvidedUsedOperatingActivities contextRef="From20090101To20090930" decimals="-3" unitRef="TWD">77558000</tw-gaap-ci:NetCashProvidedUsedOperatingActivities>
	<tw-gaap-ci:ProceedsDisposalAvailableSaleFinancialAssets contextRef="From20100101To20100930" decimals="-3" unitRef="TWD">172244000</tw-gaap-ci:ProceedsDisposalAvailableSaleFinancialAssets>
	<tw-gaap-ci:ProceedsDisposalAvailableSaleFinancialAssets contextRef="From20090101To20090930" decimals="-3" unitRef="TWD">0</tw-gaap-ci:ProceedsDisposalAvailableSaleFinancialAssets>
	<tw-gaap-ci:AcquisitionFinancialAssetsCarriedCost contextRef="From20100101To20100930" decimals="-3" unitRef="TWD">-7193000</tw-gaap-ci:AcquisitionFinancialAssetsCarriedCost>
	<tw-gaap-ci:AcquisitionFinancialAssetsCarriedCost contextRef="From20090101To20090930" decimals="-3" unitRef="TWD">-2134000</tw-gaap-ci:AcquisitionFinancialAssetsCarriedCost>
	<tw-gaap-ci:ReductionReturnStockValueInvestments contextRef="From20100101To20100930" decimals="-3" unitRef="TWD">1099000</tw-gaap-ci:ReductionReturnStockValueInvestments>
	<tw-gaap-ci:ReductionReturnStockValueInvestments contextRef="From20090101To20090930" decimals="-3" unitRef="TWD">3194000</tw-gaap-ci:ReductionReturnStockValueInvestments>
	<tw-gaap-ci:AcquisitionPropertyPlantEquipment contextRef="From20100101To20100930" decimals="-3" unitRef="TWD">-10108000</tw-gaap-ci:AcquisitionPropertyPlantEquipment>
	<tw-gaap-ci:AcquisitionPropertyPlantEquipment contextRef="From20090101To20090930" decimals="-3" unitRef="TWD">-8055000</tw-gaap-ci:AcquisitionPropertyPlantEquipment>
	<tw-gaap-ci:ProceedsDisposalPropertyPlantEquipment contextRef="From20100101To20100930" decimals="-3" unitRef="TWD">80000</tw-gaap-ci:ProceedsDisposalPropertyPlantEquipment>
	<tw-gaap-ci:ProceedsDisposalPropertyPlantEquipment contextRef="From20090101To20090930" decimals="-3" unitRef="TWD">36000</tw-gaap-ci:ProceedsDisposalPropertyPlantEquipment>
	<tw-gaap-ci:ChangesRefundableDeposits contextRef="From20100101To20100930" decimals="-3" unitRef="TWD">-782000</tw-gaap-ci:ChangesRefundableDeposits>
	<tw-gaap-ci:ChangesRefundableDeposits contextRef="From20090101To20090930" decimals="-3" unitRef="TWD">2316000</tw-gaap-ci:ChangesRefundableDeposits>
	<tw-gaap-ci:ChangesOtherReceivablesRelatedParties contextRef="From20100101To20100930" decimals="-3" unitRef="TWD">229000</tw-gaap-ci:ChangesOtherReceivablesRelatedParties>
	<tw-gaap-ci:ChangesOtherReceivablesRelatedParties contextRef="From20090101To20090930" decimals="-3" unitRef="TWD">432000</tw-gaap-ci:ChangesOtherReceivablesRelatedParties>
	<tw-gaap-ci:ChangesRestrictedAssets contextRef="From20100101To20100930" decimals="-3" unitRef="TWD">7203000</tw-gaap-ci:ChangesRestrictedAssets>
	<tw-gaap-ci:ChangesRestrictedAssets contextRef="From20090101To20090930" decimals="-3" unitRef="TWD">7979000</tw-gaap-ci:ChangesRestrictedAssets>
	<tw-gaap-ci:PurchaseIntangibleAssets contextRef="From20100101To20100930" decimals="-3" unitRef="TWD">-6518000</tw-gaap-ci:PurchaseIntangibleAssets>
	<tw-gaap-ci:PurchaseIntangibleAssets contextRef="From20090101To20090930" decimals="-3" unitRef="TWD">-12083000</tw-gaap-ci:PurchaseIntangibleAssets>
	<tw-gaap-ci:NetCashProvidedUsedInvestingActivities contextRef="From20100101To20100930" decimals="-3" unitRef="TWD">156254000</tw-gaap-ci:NetCashProvidedUsedInvestingActivities>
	<tw-gaap-ci:NetCashProvidedUsedInvestingActivities contextRef="From20090101To20090930" decimals="-3" unitRef="TWD">-8315000</tw-gaap-ci:NetCashProvidedUsedInvestingActivities>
	<tw-gaap-ci:ChangesShortTermLoans contextRef="From20100101To20100930" decimals="-3" unitRef="TWD">68867000</tw-gaap-ci:ChangesShortTermLoans>
	<tw-gaap-ci:ChangesShortTermLoans contextRef="From20090101To20090930" decimals="-3" unitRef="TWD">-95000</tw-gaap-ci:ChangesShortTermLoans>
	<tw-gaap-ci:EmployeeStockOptionsExercised contextRef="From20100101To20100930" decimals="-3" unitRef="TWD">1623000</tw-gaap-ci:EmployeeStockOptionsExercised>
	<tw-gaap-ci:EmployeeStockOptionsExercised contextRef="From20090101To20090930" decimals="-3" unitRef="TWD">0</tw-gaap-ci:EmployeeStockOptionsExercised>
	<tw-gaap-ci:NetCashProvidedUsedFinancingActivities contextRef="From20100101To20100930" decimals="-3" unitRef="TWD">70490000</tw-gaap-ci:NetCashProvidedUsedFinancingActivities>
	<tw-gaap-ci:NetCashProvidedUsedFinancingActivities contextRef="From20090101To20090930" decimals="-3" unitRef="TWD">-95000</tw-gaap-ci:NetCashProvidedUsedFinancingActivities>
	<tw-gaap-ci:NetChangesCashCashEquivalents contextRef="From20100101To20100930" decimals="-3" unitRef="TWD">11199000</tw-gaap-ci:NetChangesCashCashEquivalents>
	<tw-gaap-ci:NetChangesCashCashEquivalents contextRef="From20090101To20090930" decimals="-3" unitRef="TWD">69148000</tw-gaap-ci:NetChangesCashCashEquivalents>
	<tw-gaap-ci:CashCashEquivalents contextRef="AsOf20100101" decimals="-3" unitRef="TWD">242670000</tw-gaap-ci:CashCashEquivalents>
	<tw-gaap-ci:CashCashEquivalents contextRef="AsOf20090101" decimals="-3" unitRef="TWD">212992000</tw-gaap-ci:CashCashEquivalents>
	<tw-gaap-ci:InterestPaid contextRef="From20100101To20100930" decimals="-3" unitRef="TWD">2099000</tw-gaap-ci:InterestPaid>
	<tw-gaap-ci:InterestPaid contextRef="From20090101To20090930" decimals="-3" unitRef="TWD">3579000</tw-gaap-ci:InterestPaid>
	<tw-gaap-ci:InterestPaidExcludingCapitalizedInterest contextRef="From20100101To20100930" decimals="-3" unitRef="TWD">2099000</tw-gaap-ci:InterestPaidExcludingCapitalizedInterest>
	<tw-gaap-ci:InterestPaidExcludingCapitalizedInterest contextRef="From20090101To20090930" decimals="-3" unitRef="TWD">3579000</tw-gaap-ci:InterestPaidExcludingCapitalizedInterest>
	<tw-gaap-ci:IncomeTaxPaid contextRef="From20100101To20100930" decimals="-3" unitRef="TWD">16000</tw-gaap-ci:IncomeTaxPaid>
	<tw-gaap-ci:IncomeTaxPaid contextRef="From20090101To20090930" decimals="-3" unitRef="TWD">248000</tw-gaap-ci:IncomeTaxPaid>
	<tw-gaap-ar:AccountantName contextRef="AsOf20101015">安侯建業聯合會計師事務所</tw-gaap-ar:AccountantName>
	<tw-gaap-ar:AssuranceAccountantName1 contextRef="AsOf20101015">羅瑞蘭</tw-gaap-ar:AssuranceAccountantName1>
	<tw-gaap-ar:AssuranceAccountantName2 contextRef="AsOf20101015">區耀軍</tw-gaap-ar:AssuranceAccountantName2>
	<tw-gaap-ar:ReviewAuditDate contextRef="AsOf20101015">2010-10-15</tw-gaap-ar:ReviewAuditDate>
	<tw-gaap-ar:ReviewReport contextRef="AsOf20101015">Y</tw-gaap-ar:ReviewReport>
	<tw-gaap-ar:QualifiedOpinionAbstract contextRef="AsOf20101015">Y</tw-gaap-ar:QualifiedOpinionAbstract>
	<tw-gaap-ar:ByInvestmentCompaniesWithoutAccountantAuditReportRecognizedGainLoss contextRef="AsOf20101015">Y</tw-gaap-ar:ByInvestmentCompaniesWithoutAccountantAuditReportRecognizedGainLoss>
	<tw-gaap-ar:DescriptionEmphasizeItemBody contextRef="AsOf20101015"><![CDATA[]]></tw-gaap-ar:DescriptionEmphasizeItemBody>
	<tw-gaap-ar:DescriptionOtherItemBody contextRef="AsOf20101015"><![CDATA[]]></tw-gaap-ar:DescriptionOtherItemBody>
	<tw-gaap-ar:AccountantsReportBody contextRef="AsOf20101015"><![CDATA[麗臺科技股份有限公司董事會　公鑒： 

    麗臺科技股份有限公司民國九十九年及九十八年九月三十日之資產負債表，暨截至各
該日止之民國九十九年及九十八年前三季之損益表及現金流量表，業經本會計師核閱竣事
。上開財務季報表之編製係管理階層之責任，本會計師之責任則為根據核閱結果出具報告
。
    除下段所述者外，本會計師係依照審計準則公報第三十六號「財務報表之核閱」規劃
並執行核閱工作。由於本會計師僅實施分析、比較與查詢，並未依照一般公認審計準則查
核，故無法對上開財務季報表整體表示查核意見。
    如財務季報表附註四(五)所述，麗臺科技股份有限公司民國九十九年及九十八年九月
三十日採權益法評價之長期股權投資淨額分別為貸方餘額9,354千元及7,719千元(其中
46,500千元及47,234千元分別列為應收被投資公司款項之減項及其他負債)，民國九十九
年及九十八年前三季認列投資損失淨額分別為4,120千元及4,384千元，係依據被投資公司
自行編製未經會計師核閱之財務季報表，以權益法評價計列。另，財務季報表附註十一
(二)「轉投資事業相關資訊」係由被投資公司所提供，本會計師未依第二段所述之核閱程
序執行核閱工作。
    依本會計師核閱結果，除上段所述被投資公司之財務季報表及轉投資事業相關資訊若
經會計師核閱，對第一段所述財務季報表可能有所調整外，並未發現第一段所述財務季報
表在所有重大方面有違反證券發行人財務報告編製準則、商業會計法及商業會計處理準則
中與財務會計準則相關之規定及一般公認會計原則而須作修正之情事。

    麗臺科技股份有限公司已編製民國九十九年及九十八年前三季之合併財務季報表，並
經本會計師出具保留意見之核閱報告在案，備供參考。
]]></tw-gaap-ar:AccountantsReportBody>
	<tw-gaap-notes:FinancialReportnotes contextRef="AsOf20100930"><![CDATA[http://doc.twse.com.tw/server-java/t57sb01?step=1&colorchg=1&co_id=2465&year=99&seamon=3&mtype=A&]]></tw-gaap-notes:FinancialReportnotes>
</xbrl>

<!--This instance document is created by SIIAP V1.3.1-->
