<?xml version="1.0" encoding="UTF-8" ?><xbrl xmlns="http://www.xbrl.org/2003/instance" xmlns:iso4217="http://www.xbrl.org/2003/iso4217" xmlns:link="http://www.xbrl.org/2003/linkbase" xmlns:tw-gaap-ar="http://www.xbrl.org/tw/fr/gaap/ar/2010-09-30" xmlns:tw-gaap-ci="http://www.xbrl.org/tw/fr/gaap/tw-gaap-ci-2010-09-30" xmlns:tw-gaap-notes="http://www.xbrl.org/tw/fr/gaap/notes/2010-09-30" xmlns:xbrldi="http://xbrl.org/2006/xbrldi" xmlns:xbrldt="http://xbrl.org/2005/xbrldt" xmlns:xbrli="http://www.xbrl.org/2003/instance" xmlns:xlink="http://www.w3.org/1999/xlink"><link:schemaRef xlink:arcrole="http://www.w3.org/1999/xlink/properties/linkbase" xlink:href="tw-gaap-ci-2010-09-30.xsd" xlink:type="simple" />
<context id="AsOf20100101"><entity><identifier scheme="http://www.twse.com.tw">2399</identifier></entity><period><instant>2010-01-01</instant></period></context>
<context id="AsOf20090101"><entity><identifier scheme="http://www.twse.com.tw">2399</identifier></entity><period><instant>2009-01-01</instant></period></context>
<context id="From20100101To20100930"><entity><identifier scheme="http://www.twse.com.tw">2399</identifier></entity><period><startDate>2010-01-01</startDate><endDate>2010-09-30</endDate></period></context>
<context id="From20090101To20090930"><entity><identifier scheme="http://www.twse.com.tw">2399</identifier></entity><period><startDate>2009-01-01</startDate><endDate>2009-09-30</endDate></period></context>
<context id="AsOf20100930"><entity><identifier scheme="http://www.twse.com.tw">2399</identifier></entity><period><instant>2010-09-30</instant></period></context>
<context id="AsOf20090930"><entity><identifier scheme="http://www.twse.com.tw">2399</identifier></entity><period><instant>2009-09-30</instant></period></context>
<context id="AsOf20101015"><entity><identifier scheme="http://www.twse.com.tw">2399</identifier></entity><period><instant>2010-10-15</instant></period></context>
<unit id="TWD"><measure>iso4217:TWD</measure></unit>
<unit id="Shares"><measure>xbrli:shares</measure></unit>
<unit id="EarningsPerShare"><divide><unitNumerator><measure>iso4217:TWD</measure></unitNumerator><unitDenominator><measure>xbrli:shares</measure></unitDenominator></divide></unit>
<tw-gaap-ci:Assets contextRef="AsOf20100930" decimals="-3" unitRef="TWD">3937462000</tw-gaap-ci:Assets>
<tw-gaap-ci:Assets contextRef="AsOf20090930" decimals="-3" unitRef="TWD">4760833000</tw-gaap-ci:Assets>
<tw-gaap-ci:CurrentAssets contextRef="AsOf20100930" decimals="-3" unitRef="TWD">3349386000</tw-gaap-ci:CurrentAssets>
<tw-gaap-ci:CurrentAssets contextRef="AsOf20090930" decimals="-3" unitRef="TWD">4042652000</tw-gaap-ci:CurrentAssets>
<tw-gaap-ci:CashCashEquivalents contextRef="AsOf20100930" decimals="-3" unitRef="TWD">1189117000</tw-gaap-ci:CashCashEquivalents>
<tw-gaap-ci:CashCashEquivalents contextRef="AsOf20090930" decimals="-3" unitRef="TWD">2006917000</tw-gaap-ci:CashCashEquivalents>
<tw-gaap-ci:CashHand contextRef="AsOf20100930" decimals="-3" unitRef="TWD">259000</tw-gaap-ci:CashHand>
<tw-gaap-ci:CashHand contextRef="AsOf20090930" decimals="-3" unitRef="TWD">495000</tw-gaap-ci:CashHand>
<tw-gaap-ci:CashBanks contextRef="AsOf20100930" decimals="-3" unitRef="TWD">1188858000</tw-gaap-ci:CashBanks>
<tw-gaap-ci:CashBanks contextRef="AsOf20090930" decimals="-3" unitRef="TWD">2006422000</tw-gaap-ci:CashBanks>
<tw-gaap-ci:AvailableSaleFinancialAssetsCurrent contextRef="AsOf20100930" decimals="-3" unitRef="TWD">128591000</tw-gaap-ci:AvailableSaleFinancialAssetsCurrent>
<tw-gaap-ci:NetNotesReceivable contextRef="AsOf20100930" decimals="-3" unitRef="TWD">268000</tw-gaap-ci:NetNotesReceivable>
<tw-gaap-ci:NetNotesReceivable contextRef="AsOf20090930" decimals="-3" unitRef="TWD">294000</tw-gaap-ci:NetNotesReceivable>
<tw-gaap-ci:NotesReceivable contextRef="AsOf20100930" decimals="-3" unitRef="TWD">268000</tw-gaap-ci:NotesReceivable>
<tw-gaap-ci:NotesReceivable contextRef="AsOf20090930" decimals="-3" unitRef="TWD">294000</tw-gaap-ci:NotesReceivable>
<tw-gaap-ci:NetAccountsReceivable contextRef="AsOf20100930" decimals="-3" unitRef="TWD">840945000</tw-gaap-ci:NetAccountsReceivable>
<tw-gaap-ci:NetAccountsReceivable contextRef="AsOf20090930" decimals="-3" unitRef="TWD">786644000</tw-gaap-ci:NetAccountsReceivable>
<tw-gaap-ci:AccountsReceivable contextRef="AsOf20100930" decimals="-3" unitRef="TWD">916405000</tw-gaap-ci:AccountsReceivable>
<tw-gaap-ci:AccountsReceivable contextRef="AsOf20090930" decimals="-3" unitRef="TWD">862104000</tw-gaap-ci:AccountsReceivable>
<tw-gaap-ci:AllowanceDoubtfulAccountsAccountsReceivableInstallmentAccountsLeases contextRef="AsOf20100930" decimals="-3" unitRef="TWD">75460000</tw-gaap-ci:AllowanceDoubtfulAccountsAccountsReceivableInstallmentAccountsLeases>
<tw-gaap-ci:AllowanceDoubtfulAccountsAccountsReceivableInstallmentAccountsLeases contextRef="AsOf20090930" decimals="-3" unitRef="TWD">75460000</tw-gaap-ci:AllowanceDoubtfulAccountsAccountsReceivableInstallmentAccountsLeases>
<tw-gaap-ci:NetAccountsReceivableRelatedParties contextRef="AsOf20100930" decimals="-3" unitRef="TWD">706887000</tw-gaap-ci:NetAccountsReceivableRelatedParties>
<tw-gaap-ci:NetAccountsReceivableRelatedParties contextRef="AsOf20090930" decimals="-3" unitRef="TWD">730832000</tw-gaap-ci:NetAccountsReceivableRelatedParties>
<tw-gaap-ci:OtherFinancialAssetsCurrent contextRef="AsOf20100930" decimals="-3" unitRef="TWD">33869000</tw-gaap-ci:OtherFinancialAssetsCurrent>
<tw-gaap-ci:OtherFinancialAssetsCurrent contextRef="AsOf20090930" decimals="-3" unitRef="TWD">33873000</tw-gaap-ci:OtherFinancialAssetsCurrent>
<tw-gaap-ci:Inventories contextRef="AsOf20100930" decimals="-3" unitRef="TWD">391652000</tw-gaap-ci:Inventories>
<tw-gaap-ci:Inventories contextRef="AsOf20090930" decimals="-3" unitRef="TWD">422835000</tw-gaap-ci:Inventories>
<tw-gaap-ci:InventoriesManufacturing contextRef="AsOf20100930" decimals="-3" unitRef="TWD">391652000</tw-gaap-ci:InventoriesManufacturing>
<tw-gaap-ci:InventoriesManufacturing contextRef="AsOf20090930" decimals="-3" unitRef="TWD">422835000</tw-gaap-ci:InventoriesManufacturing>
<tw-gaap-ci:FinishedGoods contextRef="AsOf20100930" decimals="-3" unitRef="TWD">97848000</tw-gaap-ci:FinishedGoods>
<tw-gaap-ci:FinishedGoods contextRef="AsOf20090930" decimals="-3" unitRef="TWD">50346000</tw-gaap-ci:FinishedGoods>
<tw-gaap-ci:WorkProcess contextRef="AsOf20100930" decimals="-3" unitRef="TWD">76724000</tw-gaap-ci:WorkProcess>
<tw-gaap-ci:WorkProcess contextRef="AsOf20090930" decimals="-3" unitRef="TWD">65424000</tw-gaap-ci:WorkProcess>
<tw-gaap-ci:RawMaterials contextRef="AsOf20100930" decimals="-3" unitRef="TWD">217080000</tw-gaap-ci:RawMaterials>
<tw-gaap-ci:RawMaterials contextRef="AsOf20090930" decimals="-3" unitRef="TWD">307065000</tw-gaap-ci:RawMaterials>
<tw-gaap-ci:OtherCurrentAssets contextRef="AsOf20100930" decimals="-3" unitRef="TWD">58057000</tw-gaap-ci:OtherCurrentAssets>
<tw-gaap-ci:OtherCurrentAssets contextRef="AsOf20090930" decimals="-3" unitRef="TWD">61257000</tw-gaap-ci:OtherCurrentAssets>
<tw-gaap-ci:OthercurrentAssetsOther contextRef="AsOf20100930" decimals="-3" unitRef="TWD">58057000</tw-gaap-ci:OthercurrentAssetsOther>
<tw-gaap-ci:OthercurrentAssetsOther contextRef="AsOf20090930" decimals="-3" unitRef="TWD">61257000</tw-gaap-ci:OthercurrentAssetsOther>
<tw-gaap-ci:FundsInvestments contextRef="AsOf20100930" decimals="-3" unitRef="TWD">237077000</tw-gaap-ci:FundsInvestments>
<tw-gaap-ci:FundsInvestments contextRef="AsOf20090930" decimals="-3" unitRef="TWD">222412000</tw-gaap-ci:FundsInvestments>
<tw-gaap-ci:NetFinancialAssetsCarriedCostNonCurrent contextRef="AsOf20100930" decimals="-3" unitRef="TWD">22998000</tw-gaap-ci:NetFinancialAssetsCarriedCostNonCurrent>
<tw-gaap-ci:NetFinancialAssetsCarriedCostNonCurrent contextRef="AsOf20090930" decimals="-3" unitRef="TWD">3198000</tw-gaap-ci:NetFinancialAssetsCarriedCostNonCurrent>
<tw-gaap-ci:LongtermInvestments contextRef="AsOf20100930" decimals="-3" unitRef="TWD">214079000</tw-gaap-ci:LongtermInvestments>
<tw-gaap-ci:LongtermInvestments contextRef="AsOf20090930" decimals="-3" unitRef="TWD">219214000</tw-gaap-ci:LongtermInvestments>
<tw-gaap-ci:LongtermInvestmentsEquity contextRef="AsOf20100930" decimals="-3" unitRef="TWD">214079000</tw-gaap-ci:LongtermInvestmentsEquity>
<tw-gaap-ci:LongtermInvestmentsEquity contextRef="AsOf20090930" decimals="-3" unitRef="TWD">219214000</tw-gaap-ci:LongtermInvestmentsEquity>
<tw-gaap-ci:FixedAssets contextRef="AsOf20100930" decimals="-3" unitRef="TWD">125101000</tw-gaap-ci:FixedAssets>
<tw-gaap-ci:FixedAssets contextRef="AsOf20090930" decimals="-3" unitRef="TWD">126640000</tw-gaap-ci:FixedAssets>
<tw-gaap-ci:CostsRevaluationIncrement contextRef="AsOf20100930" decimals="-3" unitRef="TWD">217683000</tw-gaap-ci:CostsRevaluationIncrement>
<tw-gaap-ci:CostsRevaluationIncrement contextRef="AsOf20090930" decimals="-3" unitRef="TWD">223843000</tw-gaap-ci:CostsRevaluationIncrement>
<tw-gaap-ci:FixedAssetsOriginalCosts contextRef="AsOf20100930" decimals="-3" unitRef="TWD">217683000</tw-gaap-ci:FixedAssetsOriginalCosts>
<tw-gaap-ci:FixedAssetsOriginalCosts contextRef="AsOf20090930" decimals="-3" unitRef="TWD">223843000</tw-gaap-ci:FixedAssetsOriginalCosts>
<tw-gaap-ci:Land contextRef="AsOf20100930" decimals="-3" unitRef="TWD">64901000</tw-gaap-ci:Land>
<tw-gaap-ci:Land contextRef="AsOf20090930" decimals="-3" unitRef="TWD">64901000</tw-gaap-ci:Land>
<tw-gaap-ci:BuildingsStructures contextRef="AsOf20100930" decimals="-3" unitRef="TWD">73393000</tw-gaap-ci:BuildingsStructures>
<tw-gaap-ci:BuildingsStructures contextRef="AsOf20090930" decimals="-3" unitRef="TWD">73393000</tw-gaap-ci:BuildingsStructures>
<tw-gaap-ci:MachineryEquipment contextRef="AsOf20100930" decimals="-3" unitRef="TWD">2515000</tw-gaap-ci:MachineryEquipment>
<tw-gaap-ci:MachineryEquipment contextRef="AsOf20090930" decimals="-3" unitRef="TWD">2544000</tw-gaap-ci:MachineryEquipment>
<tw-gaap-ci:OtherFacilities contextRef="AsOf20100930" decimals="-3" unitRef="TWD">76874000</tw-gaap-ci:OtherFacilities>
<tw-gaap-ci:OtherFacilities contextRef="AsOf20090930" decimals="-3" unitRef="TWD">83005000</tw-gaap-ci:OtherFacilities>
<tw-gaap-ci:AccumulatedDepreciation contextRef="AsOf20100930" decimals="-3" unitRef="TWD">95387000</tw-gaap-ci:AccumulatedDepreciation>
<tw-gaap-ci:AccumulatedDepreciation contextRef="AsOf20090930" decimals="-3" unitRef="TWD">97482000</tw-gaap-ci:AccumulatedDepreciation>
<tw-gaap-ci:AccumulateddepreciationBuildingsStructures contextRef="AsOf20100930" decimals="-3" unitRef="TWD">27575000</tw-gaap-ci:AccumulateddepreciationBuildingsStructures>
<tw-gaap-ci:AccumulateddepreciationBuildingsStructures contextRef="AsOf20090930" decimals="-3" unitRef="TWD">25688000</tw-gaap-ci:AccumulateddepreciationBuildingsStructures>
<tw-gaap-ci:AccumulatedDepreciationMachineryEquipment contextRef="AsOf20100930" decimals="-3" unitRef="TWD">2515000</tw-gaap-ci:AccumulatedDepreciationMachineryEquipment>
<tw-gaap-ci:AccumulatedDepreciationMachineryEquipment contextRef="AsOf20090930" decimals="-3" unitRef="TWD">2544000</tw-gaap-ci:AccumulatedDepreciationMachineryEquipment>
<tw-gaap-ci:AccumulatedDepreciationOtherFacilities contextRef="AsOf20100930" decimals="-3" unitRef="TWD">65297000</tw-gaap-ci:AccumulatedDepreciationOtherFacilities>
<tw-gaap-ci:AccumulatedDepreciationOtherFacilities contextRef="AsOf20090930" decimals="-3" unitRef="TWD">69250000</tw-gaap-ci:AccumulatedDepreciationOtherFacilities>
<tw-gaap-ci:ConstructionProcessPrepaymentEquipments contextRef="AsOf20100930" decimals="-3" unitRef="TWD">2805000</tw-gaap-ci:ConstructionProcessPrepaymentEquipments>
<tw-gaap-ci:ConstructionProcessPrepaymentEquipments contextRef="AsOf20090930" decimals="-3" unitRef="TWD">279000</tw-gaap-ci:ConstructionProcessPrepaymentEquipments>
<tw-gaap-ci:PrepaymentsBusinessFacilities contextRef="AsOf20100930" decimals="-3" unitRef="TWD">2805000</tw-gaap-ci:PrepaymentsBusinessFacilities>
<tw-gaap-ci:PrepaymentsBusinessFacilities contextRef="AsOf20090930" decimals="-3" unitRef="TWD">279000</tw-gaap-ci:PrepaymentsBusinessFacilities>
<tw-gaap-ci:OtherAssets contextRef="AsOf20100930" decimals="-3" unitRef="TWD">225898000</tw-gaap-ci:OtherAssets>
<tw-gaap-ci:OtherAssets contextRef="AsOf20090930" decimals="-3" unitRef="TWD">369129000</tw-gaap-ci:OtherAssets>
<tw-gaap-ci:NetRentalAssets contextRef="AsOf20100930" decimals="-3" unitRef="TWD">199670000</tw-gaap-ci:NetRentalAssets>
<tw-gaap-ci:NetRentalAssets contextRef="AsOf20090930" decimals="-3" unitRef="TWD">201517000</tw-gaap-ci:NetRentalAssets>
<tw-gaap-ci:DeferredIncomeTaxAssetsNonCurrent contextRef="AsOf20100930" decimals="-3" unitRef="TWD">19242000</tw-gaap-ci:DeferredIncomeTaxAssetsNonCurrent>
<tw-gaap-ci:DeferredIncomeTaxAssetsNonCurrent contextRef="AsOf20090930" decimals="-3" unitRef="TWD">12906000</tw-gaap-ci:DeferredIncomeTaxAssetsNonCurrent>
<tw-gaap-ci:OtherAssetsOther contextRef="AsOf20100930" decimals="-3" unitRef="TWD">6986000</tw-gaap-ci:OtherAssetsOther>
<tw-gaap-ci:OtherAssetsOther contextRef="AsOf20090930" decimals="-3" unitRef="TWD">154706000</tw-gaap-ci:OtherAssetsOther>
<tw-gaap-ci:RestrictedNoncurrentAssets contextRef="AsOf20090930" decimals="-3" unitRef="TWD">150000000</tw-gaap-ci:RestrictedNoncurrentAssets>
<tw-gaap-ci:OtherAssetsOther_OtherAssetsOther contextRef="AsOf20100930" decimals="-3" unitRef="TWD">6986000</tw-gaap-ci:OtherAssetsOther_OtherAssetsOther>
<tw-gaap-ci:OtherAssetsOther_OtherAssetsOther contextRef="AsOf20090930" decimals="-3" unitRef="TWD">4706000</tw-gaap-ci:OtherAssetsOther_OtherAssetsOther>
<tw-gaap-ci:Liabilities contextRef="AsOf20100930" decimals="-3" unitRef="TWD">1235325000</tw-gaap-ci:Liabilities>
<tw-gaap-ci:Liabilities contextRef="AsOf20090930" decimals="-3" unitRef="TWD">2089413000</tw-gaap-ci:Liabilities>
<tw-gaap-ci:CurrentLiabilities contextRef="AsOf20100930" decimals="-3" unitRef="TWD">1172428000</tw-gaap-ci:CurrentLiabilities>
<tw-gaap-ci:CurrentLiabilities contextRef="AsOf20090930" decimals="-3" unitRef="TWD">2020428000</tw-gaap-ci:CurrentLiabilities>
<tw-gaap-ci:NotesPayable contextRef="AsOf20100930" decimals="-3" unitRef="TWD">11916000</tw-gaap-ci:NotesPayable>
<tw-gaap-ci:NotesPayable contextRef="AsOf20090930" decimals="-3" unitRef="TWD">6987000</tw-gaap-ci:NotesPayable>
<tw-gaap-ci:AccountsPayable contextRef="AsOf20100930" decimals="-3" unitRef="TWD">918599000</tw-gaap-ci:AccountsPayable>
<tw-gaap-ci:AccountsPayable contextRef="AsOf20090930" decimals="-3" unitRef="TWD">1720178000</tw-gaap-ci:AccountsPayable>
<tw-gaap-ci:IncomeTaxPayable contextRef="AsOf20100930" decimals="-3" unitRef="TWD">38931000</tw-gaap-ci:IncomeTaxPayable>
<tw-gaap-ci:IncomeTaxPayable contextRef="AsOf20090930" decimals="-3" unitRef="TWD">96906000</tw-gaap-ci:IncomeTaxPayable>
<tw-gaap-ci:AccruedExpenses contextRef="AsOf20100930" decimals="-3" unitRef="TWD">194573000</tw-gaap-ci:AccruedExpenses>
<tw-gaap-ci:AccruedExpenses contextRef="AsOf20090930" decimals="-3" unitRef="TWD">189965000</tw-gaap-ci:AccruedExpenses>
<tw-gaap-ci:OtherCurrentLiabilities contextRef="AsOf20100930" decimals="-3" unitRef="TWD">8409000</tw-gaap-ci:OtherCurrentLiabilities>
<tw-gaap-ci:OtherCurrentLiabilities contextRef="AsOf20090930" decimals="-3" unitRef="TWD">6392000</tw-gaap-ci:OtherCurrentLiabilities>
<tw-gaap-ci:OtherCurrentLiabilitiesOther contextRef="AsOf20100930" decimals="-3" unitRef="TWD">8409000</tw-gaap-ci:OtherCurrentLiabilitiesOther>
<tw-gaap-ci:OtherCurrentLiabilitiesOther contextRef="AsOf20090930" decimals="-3" unitRef="TWD">6392000</tw-gaap-ci:OtherCurrentLiabilitiesOther>
<tw-gaap-ci:OtherLiabilities contextRef="AsOf20100930" decimals="-3" unitRef="TWD">62897000</tw-gaap-ci:OtherLiabilities>
<tw-gaap-ci:OtherLiabilities contextRef="AsOf20090930" decimals="-3" unitRef="TWD">68985000</tw-gaap-ci:OtherLiabilities>
<tw-gaap-ci:StockholdersEquities contextRef="AsOf20100930" decimals="-3" unitRef="TWD">2702137000</tw-gaap-ci:StockholdersEquities>
<tw-gaap-ci:StockholdersEquities contextRef="AsOf20090930" decimals="-3" unitRef="TWD">2671420000</tw-gaap-ci:StockholdersEquities>
<tw-gaap-ci:Capital contextRef="AsOf20100930" decimals="-3" unitRef="TWD">1781000000</tw-gaap-ci:Capital>
<tw-gaap-ci:Capital contextRef="AsOf20090930" decimals="-3" unitRef="TWD">1781000000</tw-gaap-ci:Capital>
<tw-gaap-ci:CommonStock contextRef="AsOf20100930" decimals="-3" unitRef="TWD">1781000000</tw-gaap-ci:CommonStock>
<tw-gaap-ci:CommonStock contextRef="AsOf20090930" decimals="-3" unitRef="TWD">1781000000</tw-gaap-ci:CommonStock>
<tw-gaap-ci:CapitalSurplus contextRef="AsOf20100930" decimals="-3" unitRef="TWD">91712000</tw-gaap-ci:CapitalSurplus>
<tw-gaap-ci:CapitalSurplus contextRef="AsOf20090930" decimals="-3" unitRef="TWD">91712000</tw-gaap-ci:CapitalSurplus>
<tw-gaap-ci:CapitalSurplusAdditionalPaidCapital contextRef="AsOf20100930" decimals="-3" unitRef="TWD">91712000</tw-gaap-ci:CapitalSurplusAdditionalPaidCapital>
<tw-gaap-ci:CapitalSurplusAdditionalPaidCapital contextRef="AsOf20090930" decimals="-3" unitRef="TWD">91712000</tw-gaap-ci:CapitalSurplusAdditionalPaidCapital>
<tw-gaap-ci:RetainedEarnings contextRef="AsOf20100930" decimals="-3" unitRef="TWD">798728000</tw-gaap-ci:RetainedEarnings>
<tw-gaap-ci:RetainedEarnings contextRef="AsOf20090930" decimals="-3" unitRef="TWD">763927000</tw-gaap-ci:RetainedEarnings>
<tw-gaap-ci:LegalReserve contextRef="AsOf20100930" decimals="-3" unitRef="TWD">134956000</tw-gaap-ci:LegalReserve>
<tw-gaap-ci:LegalReserve contextRef="AsOf20090930" decimals="-3" unitRef="TWD">94248000</tw-gaap-ci:LegalReserve>
<tw-gaap-ci:UnappropriatedRetainedEarnings contextRef="AsOf20100930" decimals="-3" unitRef="TWD">663772000</tw-gaap-ci:UnappropriatedRetainedEarnings>
<tw-gaap-ci:UnappropriatedRetainedEarnings contextRef="AsOf20090930" decimals="-3" unitRef="TWD">669679000</tw-gaap-ci:UnappropriatedRetainedEarnings>
<tw-gaap-ci:StockholdersEquitiesAdjustments contextRef="AsOf20100930" decimals="-3" unitRef="TWD">30697000</tw-gaap-ci:StockholdersEquitiesAdjustments>
<tw-gaap-ci:StockholdersEquitiesAdjustments contextRef="AsOf20090930" decimals="-3" unitRef="TWD">34781000</tw-gaap-ci:StockholdersEquitiesAdjustments>
<tw-gaap-ci:CumulativeTranslationAdjustments contextRef="AsOf20100930" decimals="-3" unitRef="TWD">28724000</tw-gaap-ci:CumulativeTranslationAdjustments>
<tw-gaap-ci:CumulativeTranslationAdjustments contextRef="AsOf20090930" decimals="-3" unitRef="TWD">34781000</tw-gaap-ci:CumulativeTranslationAdjustments>
<tw-gaap-ci:UnrealizedGainsLossesFinancialInstruments contextRef="AsOf20100930" decimals="-3" unitRef="TWD">1973000</tw-gaap-ci:UnrealizedGainsLossesFinancialInstruments>
<tw-gaap-ci:EquivalentSharesOutstandingAdvanceReceiptsCommonStock contextRef="AsOf20100930" decimals="0" unitRef="Shares">0</tw-gaap-ci:EquivalentSharesOutstandingAdvanceReceiptsCommonStock>
<tw-gaap-ci:EquivalentSharesOutstandingAdvanceReceiptsCommonStock contextRef="AsOf20090930" decimals="0" unitRef="Shares">0</tw-gaap-ci:EquivalentSharesOutstandingAdvanceReceiptsCommonStock>
<tw-gaap-ci:NumberTreasuryStockAcquiredCompanySubsidiaries contextRef="AsOf20100930" decimals="0" unitRef="Shares">0</tw-gaap-ci:NumberTreasuryStockAcquiredCompanySubsidiaries>
<tw-gaap-ci:NumberTreasuryStockAcquiredCompanySubsidiaries contextRef="AsOf20090930" decimals="0" unitRef="Shares">0</tw-gaap-ci:NumberTreasuryStockAcquiredCompanySubsidiaries>
<tw-gaap-ci:NetIncomeLoss contextRef="From20100101To20100930" decimals="-3" unitRef="TWD">293618000</tw-gaap-ci:NetIncomeLoss>
<tw-gaap-ci:NetIncomeLoss contextRef="From20090101To20090930" decimals="-3" unitRef="TWD">363125000</tw-gaap-ci:NetIncomeLoss>
<tw-gaap-ci:IncomeContinuingOperations contextRef="From20100101To20100930" decimals="-3" unitRef="TWD">293618000</tw-gaap-ci:IncomeContinuingOperations>
<tw-gaap-ci:IncomeContinuingOperations contextRef="From20090101To20090930" decimals="-3" unitRef="TWD">363125000</tw-gaap-ci:IncomeContinuingOperations>
<tw-gaap-ci:IncomeContinuingOperationsBeforeIncomeTax contextRef="From20100101To20100930" decimals="-3" unitRef="TWD">386618000</tw-gaap-ci:IncomeContinuingOperationsBeforeIncomeTax>
<tw-gaap-ci:IncomeContinuingOperationsBeforeIncomeTax contextRef="From20090101To20090930" decimals="-3" unitRef="TWD">480125000</tw-gaap-ci:IncomeContinuingOperationsBeforeIncomeTax>
<tw-gaap-ci:OperatingIncomeLoss contextRef="From20100101To20100930" decimals="-3" unitRef="TWD">412262000</tw-gaap-ci:OperatingIncomeLoss>
<tw-gaap-ci:OperatingIncomeLoss contextRef="From20090101To20090930" decimals="-3" unitRef="TWD">446026000</tw-gaap-ci:OperatingIncomeLoss>
<tw-gaap-ci:GrossProfitLossOperations contextRef="From20100101To20100930" decimals="-3" unitRef="TWD">682975000</tw-gaap-ci:GrossProfitLossOperations>
<tw-gaap-ci:GrossProfitLossOperations contextRef="From20090101To20090930" decimals="-3" unitRef="TWD">777385000</tw-gaap-ci:GrossProfitLossOperations>
<tw-gaap-ci:OperatingRevenue contextRef="From20100101To20100930" decimals="-3" unitRef="TWD">5115324000</tw-gaap-ci:OperatingRevenue>
<tw-gaap-ci:OperatingRevenue contextRef="From20090101To20090930" decimals="-3" unitRef="TWD">5993050000</tw-gaap-ci:OperatingRevenue>
<tw-gaap-ci:NetSales contextRef="From20100101To20100930" decimals="-3" unitRef="TWD">5115324000</tw-gaap-ci:NetSales>
<tw-gaap-ci:NetSales contextRef="From20090101To20090930" decimals="-3" unitRef="TWD">5993050000</tw-gaap-ci:NetSales>
<tw-gaap-ci:OperatingCosts contextRef="From20100101To20100930" decimals="-3" unitRef="TWD">4432349000</tw-gaap-ci:OperatingCosts>
<tw-gaap-ci:OperatingCosts contextRef="From20090101To20090930" decimals="-3" unitRef="TWD">5215665000</tw-gaap-ci:OperatingCosts>
<tw-gaap-ci:CostSales contextRef="From20100101To20100930" decimals="-3" unitRef="TWD">4432349000</tw-gaap-ci:CostSales>
<tw-gaap-ci:CostSales contextRef="From20090101To20090930" decimals="-3" unitRef="TWD">5215665000</tw-gaap-ci:CostSales>
<tw-gaap-ci:UnrealizedGainInterAffiliateAccounts contextRef="From20100101To20100930" decimals="-3" unitRef="TWD">48163000</tw-gaap-ci:UnrealizedGainInterAffiliateAccounts>
<tw-gaap-ci:UnrealizedGainInterAffiliateAccounts contextRef="From20090101To20090930" decimals="-3" unitRef="TWD">61556000</tw-gaap-ci:UnrealizedGainInterAffiliateAccounts>
<tw-gaap-ci:RealizedGainInterAffiliateAccounts contextRef="From20100101To20100930" decimals="-3" unitRef="TWD">81542000</tw-gaap-ci:RealizedGainInterAffiliateAccounts>
<tw-gaap-ci:RealizedGainInterAffiliateAccounts contextRef="From20090101To20090930" decimals="-3" unitRef="TWD">50256000</tw-gaap-ci:RealizedGainInterAffiliateAccounts>
<tw-gaap-ci:OperatingExpenses contextRef="From20100101To20100930" decimals="-3" unitRef="TWD">304092000</tw-gaap-ci:OperatingExpenses>
<tw-gaap-ci:OperatingExpenses contextRef="From20090101To20090930" decimals="-3" unitRef="TWD">320059000</tw-gaap-ci:OperatingExpenses>
<tw-gaap-ci:Sellingexpense contextRef="From20100101To20100930" decimals="-3" unitRef="TWD">168413000</tw-gaap-ci:Sellingexpense>
<tw-gaap-ci:Sellingexpense contextRef="From20090101To20090930" decimals="-3" unitRef="TWD">196043000</tw-gaap-ci:Sellingexpense>
<tw-gaap-ci:GeneralAdministrativeExpenses contextRef="From20100101To20100930" decimals="-3" unitRef="TWD">41108000</tw-gaap-ci:GeneralAdministrativeExpenses>
<tw-gaap-ci:GeneralAdministrativeExpenses contextRef="From20090101To20090930" decimals="-3" unitRef="TWD">40334000</tw-gaap-ci:GeneralAdministrativeExpenses>
<tw-gaap-ci:ResearchDevelopmentExpenses contextRef="From20100101To20100930" decimals="-3" unitRef="TWD">94571000</tw-gaap-ci:ResearchDevelopmentExpenses>
<tw-gaap-ci:ResearchDevelopmentExpenses contextRef="From20090101To20090930" decimals="-3" unitRef="TWD">83682000</tw-gaap-ci:ResearchDevelopmentExpenses>
<tw-gaap-ci:NonOperatingIncomeGains contextRef="From20100101To20100930" decimals="-3" unitRef="TWD">24756000</tw-gaap-ci:NonOperatingIncomeGains>
<tw-gaap-ci:NonOperatingIncomeGains contextRef="From20090101To20090930" decimals="-3" unitRef="TWD">77464000</tw-gaap-ci:NonOperatingIncomeGains>
<tw-gaap-ci:InterestIncome contextRef="From20100101To20100930" decimals="-3" unitRef="TWD">6596000</tw-gaap-ci:InterestIncome>
<tw-gaap-ci:InterestIncome contextRef="From20090101To20090930" decimals="-3" unitRef="TWD">6402000</tw-gaap-ci:InterestIncome>
<tw-gaap-ci:InvestmentGains contextRef="From20090101To20090930" decimals="-3" unitRef="TWD">34063000</tw-gaap-ci:InvestmentGains>
<tw-gaap-ci:InvestmentGainsRecognizedEquityMethod contextRef="From20090101To20090930" decimals="-3" unitRef="TWD">34063000</tw-gaap-ci:InvestmentGainsRecognizedEquityMethod>
<tw-gaap-ci:GainsSaleInvestments contextRef="From20100101To20100930" decimals="-3" unitRef="TWD">1994000</tw-gaap-ci:GainsSaleInvestments>
<tw-gaap-ci:GainsSaleInvestments contextRef="From20090101To20090930" decimals="-3" unitRef="TWD">25000</tw-gaap-ci:GainsSaleInvestments>
<tw-gaap-ci:RentIncome contextRef="From20100101To20100930" decimals="-3" unitRef="TWD">7757000</tw-gaap-ci:RentIncome>
<tw-gaap-ci:RentIncome contextRef="From20090101To20090930" decimals="-3" unitRef="TWD">7547000</tw-gaap-ci:RentIncome>
<tw-gaap-ci:MiscellaneousIncome contextRef="From20100101To20100930" decimals="-3" unitRef="TWD">8409000</tw-gaap-ci:MiscellaneousIncome>
<tw-gaap-ci:MiscellaneousIncome contextRef="From20090101To20090930" decimals="-3" unitRef="TWD">29427000</tw-gaap-ci:MiscellaneousIncome>
<tw-gaap-ci:NonOperatingExpenses contextRef="From20100101To20100930" decimals="-3" unitRef="TWD">50400000</tw-gaap-ci:NonOperatingExpenses>
<tw-gaap-ci:NonOperatingExpenses contextRef="From20090101To20090930" decimals="-3" unitRef="TWD">43365000</tw-gaap-ci:NonOperatingExpenses>
<tw-gaap-ci:NonOperatingExpensesInvestmentLoss contextRef="From20100101To20100930" decimals="-3" unitRef="TWD">21605000</tw-gaap-ci:NonOperatingExpensesInvestmentLoss>
<tw-gaap-ci:NonOperatingExpensesInvestmentLossRecognizedEquityMethod contextRef="From20100101To20100930" decimals="-3" unitRef="TWD">21605000</tw-gaap-ci:NonOperatingExpensesInvestmentLossRecognizedEquityMethod>
<tw-gaap-ci:ForeignExchangeLosses contextRef="From20100101To20100930" decimals="-3" unitRef="TWD">26541000</tw-gaap-ci:ForeignExchangeLosses>
<tw-gaap-ci:ForeignExchangeLosses contextRef="From20090101To20090930" decimals="-3" unitRef="TWD">40270000</tw-gaap-ci:ForeignExchangeLosses>
<tw-gaap-ci:MiscellaneousDisbursements contextRef="From20100101To20100930" decimals="-3" unitRef="TWD">2254000</tw-gaap-ci:MiscellaneousDisbursements>
<tw-gaap-ci:MiscellaneousDisbursements contextRef="From20090101To20090930" decimals="-3" unitRef="TWD">3095000</tw-gaap-ci:MiscellaneousDisbursements>
<tw-gaap-ci:IncomeTaxExpenseBenefit contextRef="From20100101To20100930" decimals="-3" unitRef="TWD">93000000</tw-gaap-ci:IncomeTaxExpenseBenefit>
<tw-gaap-ci:IncomeTaxExpenseBenefit contextRef="From20090101To20090930" decimals="-3" unitRef="TWD">117000000</tw-gaap-ci:IncomeTaxExpenseBenefit>
<tw-gaap-ci:PrimaryEarningsPerShare contextRef="From20100101To20100930" decimals="2" unitRef="TWD">1.65</tw-gaap-ci:PrimaryEarningsPerShare>
<tw-gaap-ci:PrimaryEarningsPerShare contextRef="From20090101To20090930" decimals="2" unitRef="TWD">2.04</tw-gaap-ci:PrimaryEarningsPerShare>
<tw-gaap-ci:DilutedEarningsPerShare contextRef="From20100101To20100930" decimals="2" unitRef="TWD">1.63</tw-gaap-ci:DilutedEarningsPerShare>
<tw-gaap-ci:DilutedEarningsPerShare contextRef="From20090101To20090930" decimals="2" unitRef="TWD">2.03</tw-gaap-ci:DilutedEarningsPerShare>
<tw-gaap-ci:NetChangesCashCashEquivalents contextRef="From20100101To20100930" decimals="-3" unitRef="TWD">-610788000</tw-gaap-ci:NetChangesCashCashEquivalents>
<tw-gaap-ci:NetChangesCashCashEquivalents contextRef="From20090101To20090930" decimals="-3" unitRef="TWD">954234000</tw-gaap-ci:NetChangesCashCashEquivalents>
<tw-gaap-ci:NetCashProvidedUsedOperatingActivities contextRef="From20100101To20100930" decimals="-3" unitRef="TWD">-269501000</tw-gaap-ci:NetCashProvidedUsedOperatingActivities>
<tw-gaap-ci:NetCashProvidedUsedOperatingActivities contextRef="From20090101To20090930" decimals="-3" unitRef="TWD">956422000</tw-gaap-ci:NetCashProvidedUsedOperatingActivities>
<tw-gaap-ci:NetIncomeLoss_StatementCashFlows contextRef="From20100101To20100930" decimals="-3" unitRef="TWD">293618000</tw-gaap-ci:NetIncomeLoss_StatementCashFlows>
<tw-gaap-ci:NetIncomeLoss_StatementCashFlows contextRef="From20090101To20090930" decimals="-3" unitRef="TWD">363125000</tw-gaap-ci:NetIncomeLoss_StatementCashFlows>
<tw-gaap-ci:AdjustmentsReconcileNetIncomeNetCashProvidedUsedOperatingActivities contextRef="From20100101To20100930" decimals="-3" unitRef="TWD">7382000</tw-gaap-ci:AdjustmentsReconcileNetIncomeNetCashProvidedUsedOperatingActivities>
<tw-gaap-ci:AdjustmentsReconcileNetIncomeNetCashProvidedUsedOperatingActivities contextRef="From20090101To20090930" decimals="-3" unitRef="TWD">-6881000</tw-gaap-ci:AdjustmentsReconcileNetIncomeNetCashProvidedUsedOperatingActivities>
<tw-gaap-ci:DepreciationExpense-Operating contextRef="From20100101To20100930" decimals="-3" unitRef="TWD">8051000</tw-gaap-ci:DepreciationExpense-Operating>
<tw-gaap-ci:DepreciationExpense-Operating contextRef="From20090101To20090930" decimals="-3" unitRef="TWD">9999000</tw-gaap-ci:DepreciationExpense-Operating>
<tw-gaap-ci:AmortizationExpense-Operating contextRef="From20100101To20100930" decimals="-3" unitRef="TWD">3068000</tw-gaap-ci:AmortizationExpense-Operating>
<tw-gaap-ci:AmortizationExpense-Operating contextRef="From20090101To20090930" decimals="-3" unitRef="TWD">3402000</tw-gaap-ci:AmortizationExpense-Operating>
<tw-gaap-ci:ChangesNetPensionCostUnappropriated contextRef="From20100101To20100930" decimals="-3" unitRef="TWD">-806000</tw-gaap-ci:ChangesNetPensionCostUnappropriated>
<tw-gaap-ci:ChangesNetPensionCostUnappropriated contextRef="From20090101To20090930" decimals="-3" unitRef="TWD">-1871000</tw-gaap-ci:ChangesNetPensionCostUnappropriated>
<tw-gaap-ci:InvestmentLossIncomeRecognizedEquityMethod contextRef="From20100101To20100930" decimals="-3" unitRef="TWD">21605000</tw-gaap-ci:InvestmentLossIncomeRecognizedEquityMethod>
<tw-gaap-ci:InvestmentLossIncomeRecognizedEquityMethod contextRef="From20090101To20090930" decimals="-3" unitRef="TWD">-34063000</tw-gaap-ci:InvestmentLossIncomeRecognizedEquityMethod>
<tw-gaap-ci:GainLossDisposalScrappingFixedAssets contextRef="From20100101To20100930" decimals="-3" unitRef="TWD">21000</tw-gaap-ci:GainLossDisposalScrappingFixedAssets>
<tw-gaap-ci:GainLossDisposalScrappingFixedAssets contextRef="From20090101To20090930" decimals="-3" unitRef="TWD">15000</tw-gaap-ci:GainLossDisposalScrappingFixedAssets>
<tw-gaap-ci:GainsLossesSaleInvestments contextRef="From20100101To20100930" decimals="-3" unitRef="TWD">156000</tw-gaap-ci:GainsLossesSaleInvestments>
<tw-gaap-ci:GainsLossesSaleInvestments contextRef="From20090101To20090930" decimals="-3" unitRef="TWD">-25000</tw-gaap-ci:GainsLossesSaleInvestments>
<tw-gaap-ci:UnrealizedGainInteraffiliateAccounts_StatementCashFlows contextRef="From20100101To20100930" decimals="-3" unitRef="TWD">48163000</tw-gaap-ci:UnrealizedGainInteraffiliateAccounts_StatementCashFlows>
<tw-gaap-ci:UnrealizedGainInteraffiliateAccounts_StatementCashFlows contextRef="From20090101To20090930" decimals="-3" unitRef="TWD">61556000</tw-gaap-ci:UnrealizedGainInteraffiliateAccounts_StatementCashFlows>
<tw-gaap-ci:RealizedGainInteraffiliateAccounts_StatementCashFlows contextRef="From20100101To20100930" decimals="-3" unitRef="TWD">-81542000</tw-gaap-ci:RealizedGainInteraffiliateAccounts_StatementCashFlows>
<tw-gaap-ci:RealizedGainInteraffiliateAccounts_StatementCashFlows contextRef="From20090101To20090930" decimals="-3" unitRef="TWD">-50256000</tw-gaap-ci:RealizedGainInteraffiliateAccounts_StatementCashFlows>
<tw-gaap-ci:LossGainDeferredIncomeTax contextRef="From20100101To20100930" decimals="-3" unitRef="TWD">8666000</tw-gaap-ci:LossGainDeferredIncomeTax>
<tw-gaap-ci:LossGainDeferredIncomeTax contextRef="From20090101To20090930" decimals="-3" unitRef="TWD">4362000</tw-gaap-ci:LossGainDeferredIncomeTax>
<tw-gaap-ci:ChangesOperatingAssetsLiabilities contextRef="From20100101To20100930" decimals="-3" unitRef="TWD">-570501000</tw-gaap-ci:ChangesOperatingAssetsLiabilities>
<tw-gaap-ci:ChangesOperatingAssetsLiabilities contextRef="From20090101To20090930" decimals="-3" unitRef="TWD">600178000</tw-gaap-ci:ChangesOperatingAssetsLiabilities>
<tw-gaap-ci:ChangesOperatingAssets contextRef="From20100101To20100930" decimals="-3" unitRef="TWD">134660000</tw-gaap-ci:ChangesOperatingAssets>
<tw-gaap-ci:ChangesOperatingAssets contextRef="From20090101To20090930" decimals="-3" unitRef="TWD">-364440000</tw-gaap-ci:ChangesOperatingAssets>
<tw-gaap-ci:ChangesNotesReceivable contextRef="From20100101To20100930" decimals="-3" unitRef="TWD">461000</tw-gaap-ci:ChangesNotesReceivable>
<tw-gaap-ci:ChangesNotesReceivable contextRef="From20090101To20090930" decimals="-3" unitRef="TWD">54000</tw-gaap-ci:ChangesNotesReceivable>
<tw-gaap-ci:ChangesAccountsReceivable contextRef="From20100101To20100930" decimals="-3" unitRef="TWD">-65365000</tw-gaap-ci:ChangesAccountsReceivable>
<tw-gaap-ci:ChangesAccountsReceivable contextRef="From20090101To20090930" decimals="-3" unitRef="TWD">-398889000</tw-gaap-ci:ChangesAccountsReceivable>
<tw-gaap-ci:ChangesAccountsReceivableRelatedParties contextRef="From20100101To20100930" decimals="-3" unitRef="TWD">138690000</tw-gaap-ci:ChangesAccountsReceivableRelatedParties>
<tw-gaap-ci:ChangesAccountsReceivableRelatedParties contextRef="From20090101To20090930" decimals="-3" unitRef="TWD">-46000</tw-gaap-ci:ChangesAccountsReceivableRelatedParties>
<tw-gaap-ci:ChangesInventories contextRef="From20100101To20100930" decimals="-3" unitRef="TWD">62457000</tw-gaap-ci:ChangesInventories>
<tw-gaap-ci:ChangesInventories contextRef="From20090101To20090930" decimals="-3" unitRef="TWD">2444000</tw-gaap-ci:ChangesInventories>
<tw-gaap-ci:ChangesOtherCurrentAssets_CI contextRef="From20100101To20100930" decimals="-3" unitRef="TWD">-1583000</tw-gaap-ci:ChangesOtherCurrentAssets_CI>
<tw-gaap-ci:ChangesOtherCurrentAssets_CI contextRef="From20090101To20090930" decimals="-3" unitRef="TWD">31997000</tw-gaap-ci:ChangesOtherCurrentAssets_CI>
<tw-gaap-ci:ChangesOperatingLiabilities contextRef="From20100101To20100930" decimals="-3" unitRef="TWD">-705161000</tw-gaap-ci:ChangesOperatingLiabilities>
<tw-gaap-ci:ChangesOperatingLiabilities contextRef="From20090101To20090930" decimals="-3" unitRef="TWD">964618000</tw-gaap-ci:ChangesOperatingLiabilities>
<tw-gaap-ci:ChangesNotesPayable contextRef="From20100101To20100930" decimals="-3" unitRef="TWD">7074000</tw-gaap-ci:ChangesNotesPayable>
<tw-gaap-ci:ChangesNotesPayable contextRef="From20090101To20090930" decimals="-3" unitRef="TWD">3378000</tw-gaap-ci:ChangesNotesPayable>
<tw-gaap-ci:ChangesAccountsPayable contextRef="From20100101To20100930" decimals="-3" unitRef="TWD">-546646000</tw-gaap-ci:ChangesAccountsPayable>
<tw-gaap-ci:ChangesAccountsPayable contextRef="From20090101To20090930" decimals="-3" unitRef="TWD">777446000</tw-gaap-ci:ChangesAccountsPayable>
<tw-gaap-ci:ChangesAccountsPayableRelatedParties contextRef="From20100101To20100930" decimals="-3" unitRef="TWD">-2518000</tw-gaap-ci:ChangesAccountsPayableRelatedParties>
<tw-gaap-ci:ChangesIncomeTaxPayable contextRef="From20100101To20100930" decimals="-3" unitRef="TWD">-67921000</tw-gaap-ci:ChangesIncomeTaxPayable>
<tw-gaap-ci:ChangesIncomeTaxPayable contextRef="From20090101To20090930" decimals="-3" unitRef="TWD">68183000</tw-gaap-ci:ChangesIncomeTaxPayable>
<tw-gaap-ci:ChangesAccruedExpenses contextRef="From20100101To20100930" decimals="-3" unitRef="TWD">-92916000</tw-gaap-ci:ChangesAccruedExpenses>
<tw-gaap-ci:ChangesAccruedExpenses contextRef="From20090101To20090930" decimals="-3" unitRef="TWD">116044000</tw-gaap-ci:ChangesAccruedExpenses>
<tw-gaap-ci:ChangesOtherCurrentLiabilities_CI contextRef="From20100101To20100930" decimals="-3" unitRef="TWD">-2234000</tw-gaap-ci:ChangesOtherCurrentLiabilities_CI>
<tw-gaap-ci:ChangesOtherCurrentLiabilities_CI contextRef="From20090101To20090930" decimals="-3" unitRef="TWD">-433000</tw-gaap-ci:ChangesOtherCurrentLiabilities_CI>
<tw-gaap-ci:NetCashProvidedUsedInvestingActivities contextRef="From20100101To20100930" decimals="-3" unitRef="TWD">-38743000</tw-gaap-ci:NetCashProvidedUsedInvestingActivities>
<tw-gaap-ci:NetCashProvidedUsedInvestingActivities contextRef="From20090101To20090930" decimals="-3" unitRef="TWD">-1282000</tw-gaap-ci:NetCashProvidedUsedInvestingActivities>
<tw-gaap-ci:AcquisitionAvailableSaleFinancialAssets contextRef="From20100101To20100930" decimals="-3" unitRef="TWD">-540227000</tw-gaap-ci:AcquisitionAvailableSaleFinancialAssets>
<tw-gaap-ci:AcquisitionAvailableSaleFinancialAssets contextRef="From20090101To20090930" decimals="-3" unitRef="TWD">-60000000</tw-gaap-ci:AcquisitionAvailableSaleFinancialAssets>
<tw-gaap-ci:ProceedsDisposalAvailableSaleFinancialAssets contextRef="From20100101To20100930" decimals="-3" unitRef="TWD">413453000</tw-gaap-ci:ProceedsDisposalAvailableSaleFinancialAssets>
<tw-gaap-ci:ProceedsDisposalAvailableSaleFinancialAssets contextRef="From20090101To20090930" decimals="-3" unitRef="TWD">60025000</tw-gaap-ci:ProceedsDisposalAvailableSaleFinancialAssets>
<tw-gaap-ci:AcquisitionFinancialAssetsCarriedCost contextRef="From20100101To20100930" decimals="-3" unitRef="TWD">-9900000</tw-gaap-ci:AcquisitionFinancialAssetsCarriedCost>
<tw-gaap-ci:AcquisitionInvestmentsAccountedEquityMethod contextRef="From20100101To20100930" decimals="-3" unitRef="TWD">-41790000</tw-gaap-ci:AcquisitionInvestmentsAccountedEquityMethod>
<tw-gaap-ci:AcquisitionPropertyPlantEquipment contextRef="From20100101To20100930" decimals="-3" unitRef="TWD">-4416000</tw-gaap-ci:AcquisitionPropertyPlantEquipment>
<tw-gaap-ci:AcquisitionPropertyPlantEquipment contextRef="From20090101To20090930" decimals="-3" unitRef="TWD">-1127000</tw-gaap-ci:AcquisitionPropertyPlantEquipment>
<tw-gaap-ci:ProceedsDisposalPropertyPlantEquipment contextRef="From20100101To20100930" decimals="-3" unitRef="TWD">445000</tw-gaap-ci:ProceedsDisposalPropertyPlantEquipment>
<tw-gaap-ci:ChangesRefundableDeposits contextRef="From20100101To20100930" decimals="-3" unitRef="TWD">66000</tw-gaap-ci:ChangesRefundableDeposits>
<tw-gaap-ci:ChangesRefundableDeposits contextRef="From20090101To20090930" decimals="-3" unitRef="TWD">602000</tw-gaap-ci:ChangesRefundableDeposits>
<tw-gaap-ci:ChangesRestrictedAssets contextRef="From20100101To20100930" decimals="-3" unitRef="TWD">150003000</tw-gaap-ci:ChangesRestrictedAssets>
<tw-gaap-ci:ChangesRestrictedAssets contextRef="From20090101To20090930" decimals="-3" unitRef="TWD">-157000</tw-gaap-ci:ChangesRestrictedAssets>
<tw-gaap-ci:ChamgesOtherAssets contextRef="From20100101To20100930" decimals="-3" unitRef="TWD">-6377000</tw-gaap-ci:ChamgesOtherAssets>
<tw-gaap-ci:ChamgesOtherAssets contextRef="From20090101To20090930" decimals="-3" unitRef="TWD">-625000</tw-gaap-ci:ChamgesOtherAssets>
<tw-gaap-ci:NetCashProvidedUsedFinancingActivities contextRef="From20100101To20100930" decimals="-3" unitRef="TWD">-302544000</tw-gaap-ci:NetCashProvidedUsedFinancingActivities>
<tw-gaap-ci:NetCashProvidedUsedFinancingActivities contextRef="From20090101To20090930" decimals="-3" unitRef="TWD">-906000</tw-gaap-ci:NetCashProvidedUsedFinancingActivities>
<tw-gaap-ci:ChangesGuaranteeDepositsReceived contextRef="From20100101To20100930" decimals="-3" unitRef="TWD">226000</tw-gaap-ci:ChangesGuaranteeDepositsReceived>
<tw-gaap-ci:ChangesGuaranteeDepositsReceived contextRef="From20090101To20090930" decimals="-3" unitRef="TWD">-906000</tw-gaap-ci:ChangesGuaranteeDepositsReceived>
<tw-gaap-ci:CashDividends contextRef="From20100101To20100930" decimals="-3" unitRef="TWD">-302770000</tw-gaap-ci:CashDividends>
<tw-gaap-ci:CashCashEquivalents contextRef="AsOf20100101" decimals="-3" unitRef="TWD">1799905000</tw-gaap-ci:CashCashEquivalents>
<tw-gaap-ci:CashCashEquivalents contextRef="AsOf20090101" decimals="-3" unitRef="TWD">1052683000</tw-gaap-ci:CashCashEquivalents>
<tw-gaap-ci:InterestPaidExcludingCapitalizedInterest contextRef="From20100101To20100930" decimals="-3" unitRef="TWD">13000</tw-gaap-ci:InterestPaidExcludingCapitalizedInterest>
<tw-gaap-ci:InterestPaidExcludingCapitalizedInterest contextRef="From20090101To20090930" decimals="-3" unitRef="TWD">11000</tw-gaap-ci:InterestPaidExcludingCapitalizedInterest>
<tw-gaap-ci:InterestPaid contextRef="From20100101To20100930" decimals="-3" unitRef="TWD">13000</tw-gaap-ci:InterestPaid>
<tw-gaap-ci:InterestPaid contextRef="From20090101To20090930" decimals="-3" unitRef="TWD">11000</tw-gaap-ci:InterestPaid>
<tw-gaap-ci:IncomeTaxPaid contextRef="From20100101To20100930" decimals="-3" unitRef="TWD">152255000</tw-gaap-ci:IncomeTaxPaid>
<tw-gaap-ci:IncomeTaxPaid contextRef="From20090101To20090930" decimals="-3" unitRef="TWD">44455000</tw-gaap-ci:IncomeTaxPaid>
<tw-gaap-ar:AccountantName contextRef="AsOf20101015">勤業眾信聯合會計師事務所</tw-gaap-ar:AccountantName>
<tw-gaap-ar:AssuranceAccountantName1 contextRef="AsOf20101015">楊清鎮</tw-gaap-ar:AssuranceAccountantName1>
<tw-gaap-ar:AssuranceAccountantName2 contextRef="AsOf20101015">翁榮隨</tw-gaap-ar:AssuranceAccountantName2>
<tw-gaap-ar:ReviewAuditDate contextRef="AsOf20101015">2010-10-15</tw-gaap-ar:ReviewAuditDate>
<tw-gaap-ar:ReviewReport contextRef="AsOf20101015">Y</tw-gaap-ar:ReviewReport>
<tw-gaap-ar:QualifiedOpinionAbstract contextRef="AsOf20101015">Y</tw-gaap-ar:QualifiedOpinionAbstract>
<tw-gaap-ar:ByInvestmentCompaniesWithoutAccountantAuditReportRecognizedGainLoss contextRef="AsOf20101015">Y</tw-gaap-ar:ByInvestmentCompaniesWithoutAccountantAuditReportRecognizedGainLoss>


<tw-gaap-ar:AccountantsReportBody contextRef="AsOf20101015"><![CDATA[會計師核閱報告

映泰股份有限公司　公鑒：

　　映泰股份有限公司民國九十九年及九十八年九月三十日之資產負債表，
暨民國九十九年及九十八年一月一日至九月三十日之損益表、股東權益變動
表及現金流量表，業經本會計師核閱竣事。上開財務報表之編製係公司管理
階層之責任，本會計師之責任則為根據核閱結果出具報告。
　　除下段所述者外，本會計師係依照審計準則公報第三十六號「財務報表
之核閱」規劃並執行核閱工作。由於本會計師僅實施分析、比較與查詢，並
未依照一般公認審計準則查核，故無法對上開財務報表之整體表示查核意見。
　　如財務報表附註九所述，映泰股份有限公司民國九十九年及九十八年九
月三十日採用權益法評價之長期股權投資餘額分別計新台幣214,079仟元及
219,214仟元，九十九及九十八年前三季認列之投資（損）益淨額分別計新台
幣(21,605)仟元及34,063仟元，暨財務報表附註二十三附註揭露事項所述轉投
資事業之相關資訊，係依據被投資公司同期間未經會計師核閱之財務報表認
列與揭露。
　　依本會計師核閱結果，除上段所述按權益法評價之長期股權投資及其有
關投資損益暨轉投資事業之相關資訊，係依據未經會計師核閱之財務報表認
列與揭露，倘該等財務報表經會計師核閱而有所調整時，對於民國九十九及
九十八年前三季財務報表之可能影響外，並未發現第一段所述財務報表在所
有重大方面有違反證券發行人財務報告編製準則、商業會計法及商業會計處
理準則中與財務會計準則相關之規定暨一般公認會計原則而須作修正之情
事。

勤業眾信聯合會計師事務所
會 計 師　　楊　　清　　鎮　　　　　　  會 計 師　　翁　　榮　　隨　　　　


財政部證券暨期貨管理委員會核准文號　　財政部證券暨期貨管理委員會核准文號
　台財證六字第0920123784號　　　　　  　台財證六字第0920123784號　　　　


中　　　華　　　民　　　國　　九十九　　年　　十　　月　　十五　　日]]></tw-gaap-ar:AccountantsReportBody>
<tw-gaap-notes:FinancialReportnotes contextRef="AsOf20100930"><![CDATA[http://doc.twse.com.tw/server-java/t57sb01?step=1&colorchg=1&co_id=2399&year=99&seamon=3&mtype=A&]]></tw-gaap-notes:FinancialReportnotes>
</xbrl>
