<?xml version="1.0" encoding="UTF-8"?>
<xbrl xmlns="http://www.xbrl.org/2003/instance" xmlns:iso4217="http://www.xbrl.org/2003/iso4217" xmlns:link="http://www.xbrl.org/2003/linkbase" xmlns:tw-gaap-ar="http://www.xbrl.org/tw/fr/gaap/ar/2010-09-30" xmlns:tw-gaap-ci="http://www.xbrl.org/tw/fr/gaap/tw-gaap-ci-2010-09-30" xmlns:tw-gaap-notes="http://www.xbrl.org/tw/fr/gaap/notes/2010-09-30" xmlns:xbrldi="http://xbrl.org/2006/xbrldi" xmlns:xbrldt="http://xbrl.org/2005/xbrldt" xmlns:xbrli="http://www.xbrl.org/2003/instance" xmlns:xlink="http://www.w3.org/1999/xlink">
	<link:schemaRef xlink:arcrole="http://www.w3.org/1999/xlink/properties/linkbase" xlink:href="tw-gaap-ci-2010-09-30.xsd" xlink:type="simple"/>	<context id="AsOf20101028">
		<entity>
			<identifier scheme="http://www.twse.com.tw">3701</identifier>
		</entity>
		<period>
			<instant>2010-10-28</instant>
		</period>
	</context>
	<context id="AsOf20090101">
		<entity>
			<identifier scheme="http://www.twse.com.tw">3701</identifier>
		</entity>
		<period>
			<instant>2009-01-01</instant>
		</period>
	</context>
	<context id="AsOf20100101">
		<entity>
			<identifier scheme="http://www.twse.com.tw">3701</identifier>
		</entity>
		<period>
			<instant>2010-01-01</instant>
		</period>
	</context>
	<context id="From20090101To20090930">
		<entity>
			<identifier scheme="http://www.twse.com.tw">3701</identifier>
		</entity>
		<period>
			<startDate>2009-01-01</startDate>
			<endDate>2009-09-30</endDate>
		</period>
	</context>
	<context id="AsOf20090930">
		<entity>
			<identifier scheme="http://www.twse.com.tw">3701</identifier>
		</entity>
		<period>
			<instant>2009-09-30</instant>
		</period>
	</context>
	<context id="From20100101To20100930">
		<entity>
			<identifier scheme="http://www.twse.com.tw">3701</identifier>
		</entity>
		<period>
			<startDate>2010-01-01</startDate>
			<endDate>2010-09-30</endDate>
		</period>
	</context>
	<context id="AsOf20100930">
		<entity>
			<identifier scheme="http://www.twse.com.tw">3701</identifier>
		</entity>
		<period>
			<instant>2010-09-30</instant>
		</period>
	</context>
	<unit id="TWD">
		<measure>iso4217:TWD</measure>
	</unit>
	<unit id="Shares">
		<measure>xbrli:shares</measure>
	</unit>
	<unit id="EarningsPerShare">
		<divide>
			<unitNumerator>
				<measure>iso4217:TWD</measure>
			</unitNumerator>
			<unitDenominator>
				<measure>xbrli:shares</measure>
			</unitDenominator>
		</divide>
	</unit>
	<tw-gaap-ci:CashCashEquivalents contextRef="AsOf20100930" decimals="-3" unitRef="TWD">7999000</tw-gaap-ci:CashCashEquivalents>
	<tw-gaap-ci:CashCashEquivalents contextRef="AsOf20090930" decimals="-3" unitRef="TWD">8746000</tw-gaap-ci:CashCashEquivalents>
	<tw-gaap-ci:NetAccountsReceivableRelatedParties contextRef="AsOf20100930" decimals="-3" unitRef="TWD">3244000</tw-gaap-ci:NetAccountsReceivableRelatedParties>
	<tw-gaap-ci:NetAccountsReceivableRelatedParties contextRef="AsOf20090930" decimals="-3" unitRef="TWD">7001000</tw-gaap-ci:NetAccountsReceivableRelatedParties>
	<tw-gaap-ci:OtherReceivablesOther contextRef="AsOf20100930" decimals="-3" unitRef="TWD">2873000</tw-gaap-ci:OtherReceivablesOther>
	<tw-gaap-ci:OtherReceivablesOther contextRef="AsOf20090930" decimals="-3" unitRef="TWD">4202000</tw-gaap-ci:OtherReceivablesOther>
	<tw-gaap-ci:OtherReceivables contextRef="AsOf20100930" decimals="-3" unitRef="TWD">2873000</tw-gaap-ci:OtherReceivables>
	<tw-gaap-ci:OtherReceivables contextRef="AsOf20090930" decimals="-3" unitRef="TWD">4202000</tw-gaap-ci:OtherReceivables>
	<tw-gaap-ci:OtherReceivablesRelatedParties contextRef="AsOf20100930" decimals="-3" unitRef="TWD">136000000</tw-gaap-ci:OtherReceivablesRelatedParties>
	<tw-gaap-ci:OtherReceivablesRelatedParties contextRef="AsOf20090930" decimals="-3" unitRef="TWD">0</tw-gaap-ci:OtherReceivablesRelatedParties>
	<tw-gaap-ci:CurrentAssets contextRef="AsOf20100930" decimals="-3" unitRef="TWD">150116000</tw-gaap-ci:CurrentAssets>
	<tw-gaap-ci:CurrentAssets contextRef="AsOf20090930" decimals="-3" unitRef="TWD">19949000</tw-gaap-ci:CurrentAssets>
	<tw-gaap-ci:LongtermInvestmentsEquity contextRef="AsOf20100930" decimals="-3" unitRef="TWD">2942193000</tw-gaap-ci:LongtermInvestmentsEquity>
	<tw-gaap-ci:LongtermInvestmentsEquity contextRef="AsOf20090930" decimals="-3" unitRef="TWD">3353275000</tw-gaap-ci:LongtermInvestmentsEquity>
	<tw-gaap-ci:LongtermInvestments contextRef="AsOf20100930" decimals="-3" unitRef="TWD">2942193000</tw-gaap-ci:LongtermInvestments>
	<tw-gaap-ci:LongtermInvestments contextRef="AsOf20090930" decimals="-3" unitRef="TWD">3353275000</tw-gaap-ci:LongtermInvestments>
	<tw-gaap-ci:FundsInvestments contextRef="AsOf20100930" decimals="-3" unitRef="TWD">2942193000</tw-gaap-ci:FundsInvestments>
	<tw-gaap-ci:FundsInvestments contextRef="AsOf20090930" decimals="-3" unitRef="TWD">3353275000</tw-gaap-ci:FundsInvestments>
	<tw-gaap-ci:ComputerTelecommunicationEquipment contextRef="AsOf20100930" decimals="-3" unitRef="TWD">34000</tw-gaap-ci:ComputerTelecommunicationEquipment>
	<tw-gaap-ci:ComputerTelecommunicationEquipment contextRef="AsOf20090930" decimals="-3" unitRef="TWD">57000</tw-gaap-ci:ComputerTelecommunicationEquipment>
	<tw-gaap-ci:FixedAssetsOriginalCosts contextRef="AsOf20100930" decimals="-3" unitRef="TWD">34000</tw-gaap-ci:FixedAssetsOriginalCosts>
	<tw-gaap-ci:FixedAssetsOriginalCosts contextRef="AsOf20090930" decimals="-3" unitRef="TWD">57000</tw-gaap-ci:FixedAssetsOriginalCosts>
	<tw-gaap-ci:RevaluationIncrement contextRef="AsOf20100930" decimals="-3" unitRef="TWD">0</tw-gaap-ci:RevaluationIncrement>
	<tw-gaap-ci:RevaluationIncrement contextRef="AsOf20090930" decimals="-3" unitRef="TWD">0</tw-gaap-ci:RevaluationIncrement>
	<tw-gaap-ci:CostsRevaluationIncrement contextRef="AsOf20100930" decimals="-3" unitRef="TWD">34000</tw-gaap-ci:CostsRevaluationIncrement>
	<tw-gaap-ci:CostsRevaluationIncrement contextRef="AsOf20090930" decimals="-3" unitRef="TWD">57000</tw-gaap-ci:CostsRevaluationIncrement>
	<tw-gaap-ci:AccumulatedDepreciation contextRef="AsOf20100930" decimals="-3" unitRef="TWD">31000</tw-gaap-ci:AccumulatedDepreciation>
	<tw-gaap-ci:AccumulatedDepreciation contextRef="AsOf20090930" decimals="-3" unitRef="TWD">48000</tw-gaap-ci:AccumulatedDepreciation>
	<tw-gaap-ci:FixedAssets contextRef="AsOf20100930" decimals="-3" unitRef="TWD">3000</tw-gaap-ci:FixedAssets>
	<tw-gaap-ci:FixedAssets contextRef="AsOf20090930" decimals="-3" unitRef="TWD">9000</tw-gaap-ci:FixedAssets>
	<tw-gaap-ci:OtherAssetsOther_OtherAssetsOther contextRef="AsOf20100930" decimals="-3" unitRef="TWD">94750000</tw-gaap-ci:OtherAssetsOther_OtherAssetsOther>
	<tw-gaap-ci:OtherAssetsOther_OtherAssetsOther contextRef="AsOf20090930" decimals="-3" unitRef="TWD">102750000</tw-gaap-ci:OtherAssetsOther_OtherAssetsOther>
	<tw-gaap-ci:OtherAssetsOther contextRef="AsOf20100930" decimals="-3" unitRef="TWD">94750000</tw-gaap-ci:OtherAssetsOther>
	<tw-gaap-ci:OtherAssetsOther contextRef="AsOf20090930" decimals="-3" unitRef="TWD">102750000</tw-gaap-ci:OtherAssetsOther>
	<tw-gaap-ci:OtherAssets contextRef="AsOf20100930" decimals="-3" unitRef="TWD">94750000</tw-gaap-ci:OtherAssets>
	<tw-gaap-ci:OtherAssets contextRef="AsOf20090930" decimals="-3" unitRef="TWD">102750000</tw-gaap-ci:OtherAssets>
	<tw-gaap-ci:Assets contextRef="AsOf20100930" decimals="-3" unitRef="TWD">3187062000</tw-gaap-ci:Assets>
	<tw-gaap-ci:Assets contextRef="AsOf20090930" decimals="-3" unitRef="TWD">3475983000</tw-gaap-ci:Assets>
	<tw-gaap-ci:AccruedExpenses contextRef="AsOf20100930" decimals="-3" unitRef="TWD">11590000</tw-gaap-ci:AccruedExpenses>
	<tw-gaap-ci:AccruedExpenses contextRef="AsOf20090930" decimals="-3" unitRef="TWD">7184000</tw-gaap-ci:AccruedExpenses>
	<tw-gaap-ci:OtherPayablesRelatedParties contextRef="AsOf20100930" decimals="-3" unitRef="TWD">238230000</tw-gaap-ci:OtherPayablesRelatedParties>
	<tw-gaap-ci:OtherPayablesRelatedParties contextRef="AsOf20090930" decimals="-3" unitRef="TWD">1314773000</tw-gaap-ci:OtherPayablesRelatedParties>
	<tw-gaap-ci:OtherPayables contextRef="AsOf20100930" decimals="-3" unitRef="TWD">13988000</tw-gaap-ci:OtherPayables>
	<tw-gaap-ci:OtherPayables contextRef="AsOf20090930" decimals="-3" unitRef="TWD">14745000</tw-gaap-ci:OtherPayables>
	<tw-gaap-ci:LongtermLiabilitiesCurrentPortion contextRef="AsOf20100930" decimals="-3" unitRef="TWD">750000000</tw-gaap-ci:LongtermLiabilitiesCurrentPortion>
	<tw-gaap-ci:LongtermLiabilitiesCurrentPortion contextRef="AsOf20090930" decimals="-3" unitRef="TWD">100000000</tw-gaap-ci:LongtermLiabilitiesCurrentPortion>
	<tw-gaap-ci:OtherCurrentLiabilitiesOther contextRef="AsOf20100930" decimals="-3" unitRef="TWD">43000</tw-gaap-ci:OtherCurrentLiabilitiesOther>
	<tw-gaap-ci:OtherCurrentLiabilitiesOther contextRef="AsOf20090930" decimals="-3" unitRef="TWD">1050000</tw-gaap-ci:OtherCurrentLiabilitiesOther>
	<tw-gaap-ci:OtherCurrentLiabilities contextRef="AsOf20100930" decimals="-3" unitRef="TWD">43000</tw-gaap-ci:OtherCurrentLiabilities>
	<tw-gaap-ci:OtherCurrentLiabilities contextRef="AsOf20090930" decimals="-3" unitRef="TWD">1050000</tw-gaap-ci:OtherCurrentLiabilities>
	<tw-gaap-ci:CurrentLiabilities contextRef="AsOf20100930" decimals="-3" unitRef="TWD">1013851000</tw-gaap-ci:CurrentLiabilities>
	<tw-gaap-ci:CurrentLiabilities contextRef="AsOf20090930" decimals="-3" unitRef="TWD">1437752000</tw-gaap-ci:CurrentLiabilities>
	<tw-gaap-ci:LongtermBorrowings contextRef="AsOf20100930" decimals="-3" unitRef="TWD">600000000</tw-gaap-ci:LongtermBorrowings>
	<tw-gaap-ci:LongtermBorrowings contextRef="AsOf20090930" decimals="-3" unitRef="TWD">1350000000</tw-gaap-ci:LongtermBorrowings>
	<tw-gaap-ci:LongTermLiabilities contextRef="AsOf20100930" decimals="-3" unitRef="TWD">600000000</tw-gaap-ci:LongTermLiabilities>
	<tw-gaap-ci:LongTermLiabilities contextRef="AsOf20090930" decimals="-3" unitRef="TWD">1350000000</tw-gaap-ci:LongTermLiabilities>
	<tw-gaap-ci:OtherLiabilities-Other contextRef="AsOf20100930" decimals="-3" unitRef="TWD">43501000</tw-gaap-ci:OtherLiabilities-Other>
	<tw-gaap-ci:OtherLiabilities-Other contextRef="AsOf20090930" decimals="-3" unitRef="TWD">0</tw-gaap-ci:OtherLiabilities-Other>
	<tw-gaap-ci:OtherLiabilitiesOther contextRef="AsOf20100930" decimals="-3" unitRef="TWD">43501000</tw-gaap-ci:OtherLiabilitiesOther>
	<tw-gaap-ci:OtherLiabilitiesOther contextRef="AsOf20090930" decimals="-3" unitRef="TWD">0</tw-gaap-ci:OtherLiabilitiesOther>
	<tw-gaap-ci:OtherLiabilities contextRef="AsOf20100930" decimals="-3" unitRef="TWD">43501000</tw-gaap-ci:OtherLiabilities>
	<tw-gaap-ci:OtherLiabilities contextRef="AsOf20090930" decimals="-3" unitRef="TWD">0</tw-gaap-ci:OtherLiabilities>
	<tw-gaap-ci:Liabilities contextRef="AsOf20100930" decimals="-3" unitRef="TWD">1657352000</tw-gaap-ci:Liabilities>
	<tw-gaap-ci:Liabilities contextRef="AsOf20090930" decimals="-3" unitRef="TWD">2787752000</tw-gaap-ci:Liabilities>
	<tw-gaap-ci:CommonStock contextRef="AsOf20100930" decimals="-3" unitRef="TWD">1206891000</tw-gaap-ci:CommonStock>
	<tw-gaap-ci:CommonStock contextRef="AsOf20090930" decimals="-3" unitRef="TWD">2248260000</tw-gaap-ci:CommonStock>
	<tw-gaap-ci:PreferredStock contextRef="AsOf20100930" decimals="-3" unitRef="TWD">275868000</tw-gaap-ci:PreferredStock>
	<tw-gaap-ci:PreferredStock contextRef="AsOf20090930" decimals="-3" unitRef="TWD">788194000</tw-gaap-ci:PreferredStock>
	<tw-gaap-ci:Capital contextRef="AsOf20100930" decimals="-3" unitRef="TWD">1482759000</tw-gaap-ci:Capital>
	<tw-gaap-ci:Capital contextRef="AsOf20090930" decimals="-3" unitRef="TWD">3036454000</tw-gaap-ci:Capital>
	<tw-gaap-ci:CapitalSurplusAdditionalPaidCapital contextRef="AsOf20100930" decimals="-3" unitRef="TWD">205117000</tw-gaap-ci:CapitalSurplusAdditionalPaidCapital>
	<tw-gaap-ci:CapitalSurplusAdditionalPaidCapital contextRef="AsOf20090930" decimals="-3" unitRef="TWD">205117000</tw-gaap-ci:CapitalSurplusAdditionalPaidCapital>
	<tw-gaap-ci:CapitalSurplusTreasuryStockTransactions contextRef="AsOf20100930" decimals="-3" unitRef="TWD">488000</tw-gaap-ci:CapitalSurplusTreasuryStockTransactions>
	<tw-gaap-ci:CapitalSurplusTreasuryStockTransactions contextRef="AsOf20090930" decimals="-3" unitRef="TWD">0</tw-gaap-ci:CapitalSurplusTreasuryStockTransactions>
	<tw-gaap-ci:CapitalSurplusLongTermEquityInvestments contextRef="AsOf20100930" decimals="-3" unitRef="TWD">62341000</tw-gaap-ci:CapitalSurplusLongTermEquityInvestments>
	<tw-gaap-ci:CapitalSurplusLongTermEquityInvestments contextRef="AsOf20090930" decimals="-3" unitRef="TWD">62472000</tw-gaap-ci:CapitalSurplusLongTermEquityInvestments>
	<tw-gaap-ci:CapitalSurplus contextRef="AsOf20100930" decimals="-3" unitRef="TWD">267946000</tw-gaap-ci:CapitalSurplus>
	<tw-gaap-ci:CapitalSurplus contextRef="AsOf20090930" decimals="-3" unitRef="TWD">267589000</tw-gaap-ci:CapitalSurplus>
	<tw-gaap-ci:AccumulatedProfitLoss contextRef="AsOf20100930" decimals="-3" unitRef="TWD">-403965000</tw-gaap-ci:AccumulatedProfitLoss>
	<tw-gaap-ci:AccumulatedProfitLoss contextRef="AsOf20090930" decimals="-3" unitRef="TWD">-2859634000</tw-gaap-ci:AccumulatedProfitLoss>
	<tw-gaap-ci:UnappropriatedRetainedEarnings contextRef="AsOf20100930" decimals="-3" unitRef="TWD">-403965000</tw-gaap-ci:UnappropriatedRetainedEarnings>
	<tw-gaap-ci:UnappropriatedRetainedEarnings contextRef="AsOf20090930" decimals="-3" unitRef="TWD">-2859634000</tw-gaap-ci:UnappropriatedRetainedEarnings>
	<tw-gaap-ci:RetainedEarnings contextRef="AsOf20100930" decimals="-3" unitRef="TWD">-403965000</tw-gaap-ci:RetainedEarnings>
	<tw-gaap-ci:RetainedEarnings contextRef="AsOf20090930" decimals="-3" unitRef="TWD">-2859634000</tw-gaap-ci:RetainedEarnings>
	<tw-gaap-ci:CumulativeTranslationAdjustments contextRef="AsOf20100930" decimals="-3" unitRef="TWD">186847000</tw-gaap-ci:CumulativeTranslationAdjustments>
	<tw-gaap-ci:CumulativeTranslationAdjustments contextRef="AsOf20090930" decimals="-3" unitRef="TWD">257760000</tw-gaap-ci:CumulativeTranslationAdjustments>
	<tw-gaap-ci:UnrealizedGainsLossesFinancialInstruments contextRef="AsOf20100930" decimals="-3" unitRef="TWD">-645000</tw-gaap-ci:UnrealizedGainsLossesFinancialInstruments>
	<tw-gaap-ci:UnrealizedGainsLossesFinancialInstruments contextRef="AsOf20090930" decimals="-3" unitRef="TWD">-4703000</tw-gaap-ci:UnrealizedGainsLossesFinancialInstruments>
	<tw-gaap-ci:TreasuryStock contextRef="AsOf20100930" decimals="-3" unitRef="TWD">3232000</tw-gaap-ci:TreasuryStock>
	<tw-gaap-ci:TreasuryStock contextRef="AsOf20090930" decimals="-3" unitRef="TWD">9235000</tw-gaap-ci:TreasuryStock>
	<tw-gaap-ci:StockholdersEquitiesAdjustments contextRef="AsOf20100930" decimals="-3" unitRef="TWD">182970000</tw-gaap-ci:StockholdersEquitiesAdjustments>
	<tw-gaap-ci:StockholdersEquitiesAdjustments contextRef="AsOf20090930" decimals="-3" unitRef="TWD">243822000</tw-gaap-ci:StockholdersEquitiesAdjustments>
	<tw-gaap-ci:StockholdersEquities contextRef="AsOf20100930" decimals="-3" unitRef="TWD">1529710000</tw-gaap-ci:StockholdersEquities>
	<tw-gaap-ci:StockholdersEquities contextRef="AsOf20090930" decimals="-3" unitRef="TWD">688231000</tw-gaap-ci:StockholdersEquities>
	<tw-gaap-ci:EquivalentSharesOutstandingAdvanceReceiptsCommonStock contextRef="AsOf20100930" decimals="0" unitRef="Shares">0</tw-gaap-ci:EquivalentSharesOutstandingAdvanceReceiptsCommonStock>
	<tw-gaap-ci:EquivalentSharesOutstandingAdvanceReceiptsCommonStock contextRef="AsOf20090930" decimals="0" unitRef="Shares">0</tw-gaap-ci:EquivalentSharesOutstandingAdvanceReceiptsCommonStock>
	<tw-gaap-ci:NumberTreasuryStockAcquiredCompanySubsidiaries contextRef="AsOf20100930" decimals="0" unitRef="Shares">338048</tw-gaap-ci:NumberTreasuryStockAcquiredCompanySubsidiaries>
	<tw-gaap-ci:NumberTreasuryStockAcquiredCompanySubsidiaries contextRef="AsOf20090930" decimals="0" unitRef="Shares">965852</tw-gaap-ci:NumberTreasuryStockAcquiredCompanySubsidiaries>
	<tw-gaap-ci:OperatingRevenue contextRef="From20100101To20100930" decimals="-3" unitRef="TWD">36463000</tw-gaap-ci:OperatingRevenue>
	<tw-gaap-ci:OperatingRevenue contextRef="From20090101To20090930" decimals="-3" unitRef="TWD">38200000</tw-gaap-ci:OperatingRevenue>
	<tw-gaap-ci:InvestmentCostInvestmentLossInvestmentLossEquityMethodInvestees contextRef="From20100101To20100930" decimals="-3" unitRef="TWD">172072000</tw-gaap-ci:InvestmentCostInvestmentLossInvestmentLossEquityMethodInvestees>
	<tw-gaap-ci:InvestmentCostInvestmentLossInvestmentLossEquityMethodInvestees contextRef="From20090101To20090930" decimals="-3" unitRef="TWD">1033415000</tw-gaap-ci:InvestmentCostInvestmentLossInvestmentLossEquityMethodInvestees>
	<tw-gaap-ci:InvestmentCostInvestmentLoss contextRef="From20100101To20100930" decimals="-3" unitRef="TWD">172072000</tw-gaap-ci:InvestmentCostInvestmentLoss>
	<tw-gaap-ci:InvestmentCostInvestmentLoss contextRef="From20090101To20090930" decimals="-3" unitRef="TWD">1033415000</tw-gaap-ci:InvestmentCostInvestmentLoss>
	<tw-gaap-ci:InvestmentCost contextRef="From20100101To20100930" decimals="-3" unitRef="TWD">172072000</tw-gaap-ci:InvestmentCost>
	<tw-gaap-ci:InvestmentCost contextRef="From20090101To20090930" decimals="-3" unitRef="TWD">1033415000</tw-gaap-ci:InvestmentCost>
	<tw-gaap-ci:OperatingCosts contextRef="From20100101To20100930" decimals="-3" unitRef="TWD">172072000</tw-gaap-ci:OperatingCosts>
	<tw-gaap-ci:OperatingCosts contextRef="From20090101To20090930" decimals="-3" unitRef="TWD">1033415000</tw-gaap-ci:OperatingCosts>
	<tw-gaap-ci:GrossProfitLossOperations contextRef="From20100101To20100930" decimals="-3" unitRef="TWD">-135609000</tw-gaap-ci:GrossProfitLossOperations>
	<tw-gaap-ci:GrossProfitLossOperations contextRef="From20090101To20090930" decimals="-3" unitRef="TWD">-995215000</tw-gaap-ci:GrossProfitLossOperations>
	<tw-gaap-ci:OperatingExpenses contextRef="From20100101To20100930" decimals="-3" unitRef="TWD">6877000</tw-gaap-ci:OperatingExpenses>
	<tw-gaap-ci:OperatingExpenses contextRef="From20090101To20090930" decimals="-3" unitRef="TWD">13637000</tw-gaap-ci:OperatingExpenses>
	<tw-gaap-ci:OperatingIncomeLoss contextRef="From20100101To20100930" decimals="-3" unitRef="TWD">-142486000</tw-gaap-ci:OperatingIncomeLoss>
	<tw-gaap-ci:OperatingIncomeLoss contextRef="From20090101To20090930" decimals="-3" unitRef="TWD">-1008852000</tw-gaap-ci:OperatingIncomeLoss>
	<tw-gaap-ci:InterestIncome contextRef="From20100101To20100930" decimals="-3" unitRef="TWD">538000</tw-gaap-ci:InterestIncome>
	<tw-gaap-ci:InterestIncome contextRef="From20090101To20090930" decimals="-3" unitRef="TWD">858000</tw-gaap-ci:InterestIncome>
	<tw-gaap-ci:GainsSaleInvestments contextRef="From20100101To20100930" decimals="-3" unitRef="TWD">127794000</tw-gaap-ci:GainsSaleInvestments>
	<tw-gaap-ci:GainsSaleInvestments contextRef="From20090101To20090930" decimals="-3" unitRef="TWD">4191000</tw-gaap-ci:GainsSaleInvestments>
	<tw-gaap-ci:ForeignExchangeGains contextRef="From20100101To20100930" decimals="-3" unitRef="TWD">0</tw-gaap-ci:ForeignExchangeGains>
	<tw-gaap-ci:ForeignExchangeGains contextRef="From20090101To20090930" decimals="-3" unitRef="TWD">5652000</tw-gaap-ci:ForeignExchangeGains>
	<tw-gaap-ci:MiscellaneousIncome contextRef="From20100101To20100930" decimals="-3" unitRef="TWD">823000</tw-gaap-ci:MiscellaneousIncome>
	<tw-gaap-ci:MiscellaneousIncome contextRef="From20090101To20090930" decimals="-3" unitRef="TWD">36000</tw-gaap-ci:MiscellaneousIncome>
	<tw-gaap-ci:NonOperatingIncomeGains contextRef="From20100101To20100930" decimals="-3" unitRef="TWD">129155000</tw-gaap-ci:NonOperatingIncomeGains>
	<tw-gaap-ci:NonOperatingIncomeGains contextRef="From20090101To20090930" decimals="-3" unitRef="TWD">10737000</tw-gaap-ci:NonOperatingIncomeGains>
	<tw-gaap-ci:InterestExpense contextRef="From20100101To20100930" decimals="-3" unitRef="TWD">29974000</tw-gaap-ci:InterestExpense>
	<tw-gaap-ci:InterestExpense contextRef="From20090101To20090930" decimals="-3" unitRef="TWD">59366000</tw-gaap-ci:InterestExpense>
	<tw-gaap-ci:LossDisposalFixedAssets contextRef="From20100101To20100930" decimals="-3" unitRef="TWD">2000</tw-gaap-ci:LossDisposalFixedAssets>
	<tw-gaap-ci:LossDisposalFixedAssets contextRef="From20090101To20090930" decimals="-3" unitRef="TWD">0</tw-gaap-ci:LossDisposalFixedAssets>
	<tw-gaap-ci:ForeignExchangeLosses contextRef="From20100101To20100930" decimals="-3" unitRef="TWD">176000</tw-gaap-ci:ForeignExchangeLosses>
	<tw-gaap-ci:ForeignExchangeLosses contextRef="From20090101To20090930" decimals="-3" unitRef="TWD">0</tw-gaap-ci:ForeignExchangeLosses>
	<tw-gaap-ci:NonOperatingExpenses contextRef="From20100101To20100930" decimals="-3" unitRef="TWD">30152000</tw-gaap-ci:NonOperatingExpenses>
	<tw-gaap-ci:NonOperatingExpenses contextRef="From20090101To20090930" decimals="-3" unitRef="TWD">59366000</tw-gaap-ci:NonOperatingExpenses>
	<tw-gaap-ci:IncomeContinuingOperationsBeforeIncomeTax contextRef="From20100101To20100930" decimals="-3" unitRef="TWD">-43483000</tw-gaap-ci:IncomeContinuingOperationsBeforeIncomeTax>
	<tw-gaap-ci:IncomeContinuingOperationsBeforeIncomeTax contextRef="From20090101To20090930" decimals="-3" unitRef="TWD">-1057481000</tw-gaap-ci:IncomeContinuingOperationsBeforeIncomeTax>
	<tw-gaap-ci:IncomeTaxExpenseBenefit contextRef="From20100101To20100930" decimals="-3" unitRef="TWD">0</tw-gaap-ci:IncomeTaxExpenseBenefit>
	<tw-gaap-ci:IncomeTaxExpenseBenefit contextRef="From20090101To20090930" decimals="-3" unitRef="TWD">0</tw-gaap-ci:IncomeTaxExpenseBenefit>
	<tw-gaap-ci:IncomeContinuingOperations contextRef="From20100101To20100930" decimals="-3" unitRef="TWD">-43483000</tw-gaap-ci:IncomeContinuingOperations>
	<tw-gaap-ci:IncomeContinuingOperations contextRef="From20090101To20090930" decimals="-3" unitRef="TWD">-1057481000</tw-gaap-ci:IncomeContinuingOperations>
	<tw-gaap-ci:NetIncomeLoss contextRef="From20100101To20100930" decimals="-3" unitRef="TWD">-43483000</tw-gaap-ci:NetIncomeLoss>
	<tw-gaap-ci:NetIncomeLoss contextRef="From20090101To20090930" decimals="-3" unitRef="TWD">-1057481000</tw-gaap-ci:NetIncomeLoss>
	<tw-gaap-ci:PrimaryEarningsPerShare contextRef="From20100101To20100930" decimals="2" unitRef="TWD">-0.38</tw-gaap-ci:PrimaryEarningsPerShare>
	<tw-gaap-ci:PrimaryEarningsPerShare contextRef="From20090101To20090930" decimals="2" unitRef="TWD">-13.68</tw-gaap-ci:PrimaryEarningsPerShare>
	<tw-gaap-ci:NetIncomeLoss_StatementCashFlows contextRef="From20100101To20100930" decimals="-3" unitRef="TWD">-43483000</tw-gaap-ci:NetIncomeLoss_StatementCashFlows>
	<tw-gaap-ci:NetIncomeLoss_StatementCashFlows contextRef="From20090101To20090930" decimals="-3" unitRef="TWD">-1057481000</tw-gaap-ci:NetIncomeLoss_StatementCashFlows>
	<tw-gaap-ci:DepreciationExpense-Operating contextRef="From20100101To20100930" decimals="-3" unitRef="TWD">3000</tw-gaap-ci:DepreciationExpense-Operating>
	<tw-gaap-ci:DepreciationExpense-Operating contextRef="From20090101To20090930" decimals="-3" unitRef="TWD">5000</tw-gaap-ci:DepreciationExpense-Operating>
	<tw-gaap-ci:AmortizationExpense-Operating contextRef="From20100101To20100930" decimals="-3" unitRef="TWD">925000</tw-gaap-ci:AmortizationExpense-Operating>
	<tw-gaap-ci:AmortizationExpense-Operating contextRef="From20090101To20090930" decimals="-3" unitRef="TWD">1125000</tw-gaap-ci:AmortizationExpense-Operating>
	<tw-gaap-ci:InvestmentLossIncomeRecognizedEquityMethod contextRef="From20100101To20100930" decimals="-3" unitRef="TWD">172072000</tw-gaap-ci:InvestmentLossIncomeRecognizedEquityMethod>
	<tw-gaap-ci:InvestmentLossIncomeRecognizedEquityMethod contextRef="From20090101To20090930" decimals="-3" unitRef="TWD">1033415000</tw-gaap-ci:InvestmentLossIncomeRecognizedEquityMethod>
	<tw-gaap-ci:GainLossDisposalScrappingFixedAssets contextRef="From20100101To20100930" decimals="-3" unitRef="TWD">2000</tw-gaap-ci:GainLossDisposalScrappingFixedAssets>
	<tw-gaap-ci:GainLossDisposalScrappingFixedAssets contextRef="From20090101To20090930" decimals="-3" unitRef="TWD">0</tw-gaap-ci:GainLossDisposalScrappingFixedAssets>
	<tw-gaap-ci:LossesGainsDisposalEquityInvestmentsEquityMethod contextRef="From20100101To20100930" decimals="-3" unitRef="TWD">-127794000</tw-gaap-ci:LossesGainsDisposalEquityInvestmentsEquityMethod>
	<tw-gaap-ci:LossesGainsDisposalEquityInvestmentsEquityMethod contextRef="From20090101To20090930" decimals="-3" unitRef="TWD">-4191000</tw-gaap-ci:LossesGainsDisposalEquityInvestmentsEquityMethod>
	<tw-gaap-ci:AdjustmentsReconcileNetIncomeNetCashProvidedUsedOperatingActivities contextRef="From20100101To20100930" decimals="-3" unitRef="TWD">45208000</tw-gaap-ci:AdjustmentsReconcileNetIncomeNetCashProvidedUsedOperatingActivities>
	<tw-gaap-ci:AdjustmentsReconcileNetIncomeNetCashProvidedUsedOperatingActivities contextRef="From20090101To20090930" decimals="-3" unitRef="TWD">1030354000</tw-gaap-ci:AdjustmentsReconcileNetIncomeNetCashProvidedUsedOperatingActivities>
	<tw-gaap-ci:ChangesAccountsReceivableRelatedParties contextRef="From20100101To20100930" decimals="-3" unitRef="TWD">-808000</tw-gaap-ci:ChangesAccountsReceivableRelatedParties>
	<tw-gaap-ci:ChangesAccountsReceivableRelatedParties contextRef="From20090101To20090930" decimals="-3" unitRef="TWD">-4582000</tw-gaap-ci:ChangesAccountsReceivableRelatedParties>
	<tw-gaap-ci:ChangesOtherReceivables contextRef="From20100101To20100930" decimals="-3" unitRef="TWD">2036000</tw-gaap-ci:ChangesOtherReceivables>
	<tw-gaap-ci:ChangesOtherReceivables contextRef="From20090101To20090930" decimals="-3" unitRef="TWD">4873000</tw-gaap-ci:ChangesOtherReceivables>
	<tw-gaap-ci:ChangesOperatingAssets contextRef="From20100101To20100930" decimals="-3" unitRef="TWD">1228000</tw-gaap-ci:ChangesOperatingAssets>
	<tw-gaap-ci:ChangesOperatingAssets contextRef="From20090101To20090930" decimals="-3" unitRef="TWD">291000</tw-gaap-ci:ChangesOperatingAssets>
	<tw-gaap-ci:ChangesAccruedExpenses contextRef="From20100101To20100930" decimals="-3" unitRef="TWD">3573000</tw-gaap-ci:ChangesAccruedExpenses>
	<tw-gaap-ci:ChangesAccruedExpenses contextRef="From20090101To20090930" decimals="-3" unitRef="TWD">-12915000</tw-gaap-ci:ChangesAccruedExpenses>
	<tw-gaap-ci:ChangesOtherPayables contextRef="From20100101To20100930" decimals="-3" unitRef="TWD">-432000</tw-gaap-ci:ChangesOtherPayables>
	<tw-gaap-ci:ChangesOtherPayables contextRef="From20090101To20090930" decimals="-3" unitRef="TWD">-3143000</tw-gaap-ci:ChangesOtherPayables>
	<tw-gaap-ci:ChangesOtherCurrentLiabilities_CI contextRef="From20100101To20100930" decimals="-3" unitRef="TWD">-170000</tw-gaap-ci:ChangesOtherCurrentLiabilities_CI>
	<tw-gaap-ci:ChangesOtherCurrentLiabilities_CI contextRef="From20090101To20090930" decimals="-3" unitRef="TWD">-12007000</tw-gaap-ci:ChangesOtherCurrentLiabilities_CI>
	<tw-gaap-ci:ChangesOperatingLiabilities contextRef="From20100101To20100930" decimals="-3" unitRef="TWD">2971000</tw-gaap-ci:ChangesOperatingLiabilities>
	<tw-gaap-ci:ChangesOperatingLiabilities contextRef="From20090101To20090930" decimals="-3" unitRef="TWD">-28065000</tw-gaap-ci:ChangesOperatingLiabilities>
	<tw-gaap-ci:ChangesOperatingAssetsLiabilities contextRef="From20100101To20100930" decimals="-3" unitRef="TWD">4199000</tw-gaap-ci:ChangesOperatingAssetsLiabilities>
	<tw-gaap-ci:ChangesOperatingAssetsLiabilities contextRef="From20090101To20090930" decimals="-3" unitRef="TWD">-27774000</tw-gaap-ci:ChangesOperatingAssetsLiabilities>
	<tw-gaap-ci:NetCashProvidedUsedOperatingActivities contextRef="From20100101To20100930" decimals="-3" unitRef="TWD">5924000</tw-gaap-ci:NetCashProvidedUsedOperatingActivities>
	<tw-gaap-ci:NetCashProvidedUsedOperatingActivities contextRef="From20090101To20090930" decimals="-3" unitRef="TWD">-54901000</tw-gaap-ci:NetCashProvidedUsedOperatingActivities>
	<tw-gaap-ci:AcquisitionInvestmentsAccountedEquityMethod contextRef="From20100101To20100930" decimals="-3" unitRef="TWD">-200000000</tw-gaap-ci:AcquisitionInvestmentsAccountedEquityMethod>
	<tw-gaap-ci:AcquisitionInvestmentsAccountedEquityMethod contextRef="From20090101To20090930" decimals="-3" unitRef="TWD">0</tw-gaap-ci:AcquisitionInvestmentsAccountedEquityMethod>
	<tw-gaap-ci:ProceedsDisposalInvestmentsAccountedEquityMethod contextRef="From20100101To20100930" decimals="-3" unitRef="TWD">297104000</tw-gaap-ci:ProceedsDisposalInvestmentsAccountedEquityMethod>
	<tw-gaap-ci:ProceedsDisposalInvestmentsAccountedEquityMethod contextRef="From20090101To20090930" decimals="-3" unitRef="TWD">413759000</tw-gaap-ci:ProceedsDisposalInvestmentsAccountedEquityMethod>
	<tw-gaap-ci:ChangesOtherReceivablesRelatedParties contextRef="From20100101To20100930" decimals="-3" unitRef="TWD">-136000000</tw-gaap-ci:ChangesOtherReceivablesRelatedParties>
	<tw-gaap-ci:ChangesOtherReceivablesRelatedParties contextRef="From20090101To20090930" decimals="-3" unitRef="TWD">0</tw-gaap-ci:ChangesOtherReceivablesRelatedParties>
	<tw-gaap-ci:ChangesRestrictedAssets contextRef="From20100101To20100930" decimals="-3" unitRef="TWD">7000000</tw-gaap-ci:ChangesRestrictedAssets>
	<tw-gaap-ci:ChangesRestrictedAssets contextRef="From20090101To20090930" decimals="-3" unitRef="TWD">35000000</tw-gaap-ci:ChangesRestrictedAssets>
	<tw-gaap-ci:ChamgesOtherAssets contextRef="From20100101To20100930" decimals="-3" unitRef="TWD">-300000</tw-gaap-ci:ChamgesOtherAssets>
	<tw-gaap-ci:ChamgesOtherAssets contextRef="From20090101To20090930" decimals="-3" unitRef="TWD">-300000</tw-gaap-ci:ChamgesOtherAssets>
	<tw-gaap-ci:NetCashProvidedUsedInvestingActivities contextRef="From20100101To20100930" decimals="-3" unitRef="TWD">-32196000</tw-gaap-ci:NetCashProvidedUsedInvestingActivities>
	<tw-gaap-ci:NetCashProvidedUsedInvestingActivities contextRef="From20090101To20090930" decimals="-3" unitRef="TWD">448459000</tw-gaap-ci:NetCashProvidedUsedInvestingActivities>
	<tw-gaap-ci:RepaymentLongTermDebt contextRef="From20100101To20100930" decimals="-3" unitRef="TWD">-100000000</tw-gaap-ci:RepaymentLongTermDebt>
	<tw-gaap-ci:RepaymentLongTermDebt contextRef="From20090101To20090930" decimals="-3" unitRef="TWD">-500000000</tw-gaap-ci:RepaymentLongTermDebt>
	<tw-gaap-ci:ChangeOtherPayablesRelatedParties contextRef="From20100101To20100930" decimals="-3" unitRef="TWD">118500000</tw-gaap-ci:ChangeOtherPayablesRelatedParties>
	<tw-gaap-ci:ChangeOtherPayablesRelatedParties contextRef="From20090101To20090930" decimals="-3" unitRef="TWD">93493000</tw-gaap-ci:ChangeOtherPayablesRelatedParties>
	<tw-gaap-ci:NetCashProvidedUsedFinancingActivities contextRef="From20100101To20100930" decimals="-3" unitRef="TWD">18500000</tw-gaap-ci:NetCashProvidedUsedFinancingActivities>
	<tw-gaap-ci:NetCashProvidedUsedFinancingActivities contextRef="From20090101To20090930" decimals="-3" unitRef="TWD">-406507000</tw-gaap-ci:NetCashProvidedUsedFinancingActivities>
	<tw-gaap-ci:NetChangesCashCashEquivalents contextRef="From20100101To20100930" decimals="-3" unitRef="TWD">-7772000</tw-gaap-ci:NetChangesCashCashEquivalents>
	<tw-gaap-ci:NetChangesCashCashEquivalents contextRef="From20090101To20090930" decimals="-3" unitRef="TWD">-12949000</tw-gaap-ci:NetChangesCashCashEquivalents>
	<tw-gaap-ci:CashCashEquivalents contextRef="AsOf20100101" decimals="-3" unitRef="TWD">15771000</tw-gaap-ci:CashCashEquivalents>
	<tw-gaap-ci:CashCashEquivalents contextRef="AsOf20090101" decimals="-3" unitRef="TWD">21695000</tw-gaap-ci:CashCashEquivalents>
	<tw-gaap-ci:InterestPaidExcludingCapitalizedInterest contextRef="From20100101To20100930" decimals="-3" unitRef="TWD">29907000</tw-gaap-ci:InterestPaidExcludingCapitalizedInterest>
	<tw-gaap-ci:InterestPaidExcludingCapitalizedInterest contextRef="From20090101To20090930" decimals="-3" unitRef="TWD">63293000</tw-gaap-ci:InterestPaidExcludingCapitalizedInterest>
	<tw-gaap-ci:IncomeTaxPaid contextRef="From20100101To20100930" decimals="-3" unitRef="TWD">55000</tw-gaap-ci:IncomeTaxPaid>
	<tw-gaap-ci:IncomeTaxPaid contextRef="From20090101To20090930" decimals="-3" unitRef="TWD">103000</tw-gaap-ci:IncomeTaxPaid>
	<tw-gaap-ci:CurrentPortionLong-termLiability contextRef="From20100101To20100930" decimals="-3" unitRef="TWD">750000000</tw-gaap-ci:CurrentPortionLong-termLiability>
	<tw-gaap-ci:CurrentPortionLong-termLiability contextRef="From20090101To20090930" decimals="-3" unitRef="TWD">100000000</tw-gaap-ci:CurrentPortionLong-termLiability>
	<tw-gaap-ar:AccountantName contextRef="AsOf20101028">勤業眾信聯合會計師事務所</tw-gaap-ar:AccountantName>
	<tw-gaap-ar:AssuranceAccountantName1 contextRef="AsOf20101028">徐文亞</tw-gaap-ar:AssuranceAccountantName1>
	<tw-gaap-ar:AssuranceAccountantName2 contextRef="AsOf20101028">王自軍</tw-gaap-ar:AssuranceAccountantName2>
	<tw-gaap-ar:ReviewAuditDate contextRef="AsOf20101028">2010-10-28</tw-gaap-ar:ReviewAuditDate>
	<tw-gaap-ar:ReviewReport contextRef="AsOf20101028">Y</tw-gaap-ar:ReviewReport>
	<tw-gaap-ar:QualifiedOpinionAbstract contextRef="AsOf20101028">Y</tw-gaap-ar:QualifiedOpinionAbstract>
	<tw-gaap-ar:ByInvestmentCompaniesWithoutAccountantAuditReportRecognizedGainLoss contextRef="AsOf20101028">Y</tw-gaap-ar:ByInvestmentCompaniesWithoutAccountantAuditReportRecognizedGainLoss>
	<tw-gaap-ar:DescriptionEmphasizeItemBody contextRef="AsOf20101028"><![CDATA[]]></tw-gaap-ar:DescriptionEmphasizeItemBody>
	<tw-gaap-ar:DescriptionOtherItemBody contextRef="AsOf20101028"><![CDATA[]]></tw-gaap-ar:DescriptionOtherItemBody>
	<tw-gaap-ar:AccountantsReportBody contextRef="AsOf20101028"><![CDATA[ 會 計 師 核 閱 報 告
 

大眾全球投資控股股份有限公司　公鑒：

    大眾全球投資控股股份有限公司民國九十九年及九十八年九月三十日之資產
負債表，暨民國九十九年及九十八年一月一日至九月三十日之損益表及現金流量
表，業經本會計師核閱竣事。上開財務報表之編製係管理階層之責任，本會計師
之責任則為根據核閱結果對上開財務報表出具報告。

　　除次段所述者外，本會計師係依照審計準則公報第三十六號「財務報表之核
閱」規劃並執行核閱工作。由於本會計師僅實施分析、比較與查詢，並未依照一
般公認審計準則查核，故無法對上開財務報表整體表示查核意見。

　　如財務報表附註四所述，大眾全球投資控股股份有限公司民國九十九年及九
十八年九月三十日部分採權益法之長期股權投資 721,612 仟元及 1,066,241 仟
元，暨其民國九十九及九十八年前三季部分採權益法認列之投資利益（損失）  
120,635仟元及(167,617)仟元，係以未經會計師核閱之財務報表作為權益法評價
之依據；另子公司大眾電腦股份有限公司民國九十九年及九十八年九月三十日部
分採權益法評價之長期股權投資中758,886仟元及1,154,154仟元暨其民國九十九
及九十八年前三季部分採權益法認列之投資損失91,638仟元及174,624 仟元，係
以被投資公司未經會計師核閱之財務報表為依據，另其財務報表附註三三有關前
述各被投資公司相關資訊，係由大眾電腦股份有限公司所提供，亦未經會計師核
閱。另大眾全球投資控股股份有限公司財務報表附註十九有關轉投資公司相關資
訊，係由大眾全球投資控股股份有限公司提供，亦未經會計師核閱。

　　依本會計師核閱結果，除上段所述採權益法評價之長期股權投資，如被投資
公司之財務報表經會計師核閱可能有所調整，及有關前述被投資公司相關資訊未
經會計師核閱外，並未發現第一段所述財務報表在所有重大方面有違反證券發行
人財務報告編製準則、商業會計法及商業會計處理準則中與財務會計準則相關之
規定暨一般公認會計原則而須作修正之情事。

　　大眾全球投資控股股份有限公司民國九十九年九月三十日之流動負債超過流
動資產計863,735仟元，負債總額佔資產總額達52%。管理階層業於財務報表附註
十八中說明所欲採行之對策，第一段所述之財務報表並未因前述之具體因應對策
若未能依預期達成時而有所調整。

　　大眾全球投資控股股份有限公司已編製民國九十九及九十八年前三季之合併
財務報表，並經本會計師出具非重要子公司財務報表未經會計師核閱之保留式核
閱報告在案，備供參考。




勤業眾信聯合會計師事務所

會 計 師    徐 文 亞                   會 計 師    王 自 軍


財政部證券暨期貨管理委員會核准文號     財政部證券暨期貨管理委員會核准文號
   台 財 證 六 字 第 0920123784 號        台 財 證 六 字 第 0920123784 號


]]></tw-gaap-ar:AccountantsReportBody>
	<tw-gaap-notes:FinancialReportnotes contextRef="AsOf20100930"><![CDATA[http://doc.twse.com.tw/server-java/t57sb01?step=1&colorchg=1&co_id=3701&year=99&seamon=3&mtype=A&]]></tw-gaap-notes:FinancialReportnotes>
</xbrl>

<!--This instance document is created by SIIAP V1.3.1-->
