<?xml version="1.0" encoding="UTF-8"?><xbrli:xbrl xmlns="http://www.xbrl.org/2003/instance" xmlns:iso4217="http://www.xbrl.org/2003/iso4217" xmlns:link="http://www.xbrl.org/2003/linkbase" xmlns:tw-gaap-ar="http://www.xbrl.org/tw/fr/gaap/ar/2010-09-30" xmlns:tw-gaap-ci="http://www.xbrl.org/tw/fr/gaap/tw-gaap-ci-2010-09-30" xmlns:tw-gaap-notes="http://www.xbrl.org/tw/fr/gaap/notes/2010-09-30" xmlns:xbrldi="http://xbrl.org/2006/xbrldi" xmlns:xbrldt="http://xbrl.org/2005/xbrldt" xmlns:xbrli="http://www.xbrl.org/2003/instance" xmlns:xlink="http://www.w3.org/1999/xlink">
  <link:schemaRef xlink:arcrole="http://www.w3.org/1999/xlink/properties/linkbase" xlink:href="tw-gaap-ci-2010-09-30.xsd" xlink:type="simple" xmlns:xlink="http://www.w3.org/1999/xlink" xmlns:link="http://www.xbrl.org/2003/linkbase" />
  <xbrli:context id="AsOf20090101">
    <xbrli:entity>
      <xbrli:identifier scheme="http://www.twse.com.tw">8210</xbrli:identifier>
    </xbrli:entity>
    <xbrli:period>
      <xbrli:instant>2009-01-01</xbrli:instant>
    </xbrli:period>
  </xbrli:context>
  <xbrli:context id="AsOf20090930">
    <xbrli:entity>
      <xbrli:identifier scheme="http://www.twse.com.tw">8210</xbrli:identifier>
    </xbrli:entity>
    <xbrli:period>
      <xbrli:instant>2009-09-30</xbrli:instant>
    </xbrli:period>
  </xbrli:context>
  <xbrli:context id="From20090101To20090930">
    <xbrli:entity>
      <xbrli:identifier scheme="http://www.twse.com.tw">8210</xbrli:identifier>
    </xbrli:entity>
    <xbrli:period>
      <xbrli:startDate>2009-01-01</xbrli:startDate>
      <xbrli:endDate>2009-09-30</xbrli:endDate>
    </xbrli:period>
  </xbrli:context>
  <xbrli:context id="AsOf20100101">
    <xbrli:entity>
      <xbrli:identifier scheme="http://www.twse.com.tw">8210</xbrli:identifier>
    </xbrli:entity>
    <xbrli:period>
      <xbrli:instant>2010-01-01</xbrli:instant>
    </xbrli:period>
  </xbrli:context>
  <xbrli:context id="AsOf20100930">
    <xbrli:entity>
      <xbrli:identifier scheme="http://www.twse.com.tw">8210</xbrli:identifier>
    </xbrli:entity>
    <xbrli:period>
      <xbrli:instant>2010-09-30</xbrli:instant>
    </xbrli:period>
  </xbrli:context>
  <xbrli:context id="From20100101To20100930">
    <xbrli:entity>
      <xbrli:identifier scheme="http://www.twse.com.tw">8210</xbrli:identifier>
    </xbrli:entity>
    <xbrli:period>
      <xbrli:startDate>2010-01-01</xbrli:startDate>
      <xbrli:endDate>2010-09-30</xbrli:endDate>
    </xbrli:period>
  </xbrli:context>
  <xbrli:context id="AsOf20101022">
    <xbrli:entity>
      <xbrli:identifier scheme="http://www.twse.com.tw">8210</xbrli:identifier>
    </xbrli:entity>
    <xbrli:period>
      <xbrli:instant>2010-10-22</xbrli:instant>
    </xbrli:period>
  </xbrli:context>
  <xbrli:unit id="TWD">
    <xbrli:measure>iso4217:TWD</xbrli:measure>
  </xbrli:unit>
  <xbrli:unit id="Shares">
    <xbrli:measure>xbrli:shares</xbrli:measure>
  </xbrli:unit>
  <xbrli:unit id="EarningsPerShare">
    <xbrli:divide>
      <xbrli:unitNumerator>
        <xbrli:measure>iso4217:TWD</xbrli:measure>
      </xbrli:unitNumerator>
      <xbrli:unitDenominator>
        <xbrli:measure>xbrli:shares</xbrli:measure>
      </xbrli:unitDenominator>
    </xbrli:divide>
  </xbrli:unit>
  <tw-gaap-ci:CashCashEquivalents contextRef="AsOf20090930" decimals="-3" unitRef="TWD">553873000</tw-gaap-ci:CashCashEquivalents>
  <tw-gaap-ci:CashCashEquivalents contextRef="AsOf20100930" decimals="-3" unitRef="TWD">258654000</tw-gaap-ci:CashCashEquivalents>
  <tw-gaap-ci:FinancialAssetsMeasuredFairValueProfitLossCurrent contextRef="AsOf20090930" decimals="-3" unitRef="TWD">769000</tw-gaap-ci:FinancialAssetsMeasuredFairValueProfitLossCurrent>
  <tw-gaap-ci:FinancialAssetsMeasuredFairValueProfitLossCurrent contextRef="AsOf20100930" decimals="-3" unitRef="TWD">1473000</tw-gaap-ci:FinancialAssetsMeasuredFairValueProfitLossCurrent>
  <tw-gaap-ci:NetNotesReceivable contextRef="AsOf20090930" decimals="-3" unitRef="TWD">6991000</tw-gaap-ci:NetNotesReceivable>
  <tw-gaap-ci:NetNotesReceivable contextRef="AsOf20100930" decimals="-3" unitRef="TWD">39000</tw-gaap-ci:NetNotesReceivable>
  <tw-gaap-ci:NetAccountsReceivable contextRef="AsOf20090930" decimals="-3" unitRef="TWD">162838000</tw-gaap-ci:NetAccountsReceivable>
  <tw-gaap-ci:NetAccountsReceivable contextRef="AsOf20100930" decimals="-3" unitRef="TWD">190142000</tw-gaap-ci:NetAccountsReceivable>
  <tw-gaap-ci:NetAccountsReceivableRelatedParties contextRef="AsOf20090930" decimals="-3" unitRef="TWD">43257000</tw-gaap-ci:NetAccountsReceivableRelatedParties>
  <tw-gaap-ci:NetAccountsReceivableRelatedParties contextRef="AsOf20100930" decimals="-3" unitRef="TWD">101269000</tw-gaap-ci:NetAccountsReceivableRelatedParties>
  <tw-gaap-ci:OtherReceivables contextRef="AsOf20090930" decimals="-3" unitRef="TWD">7042000</tw-gaap-ci:OtherReceivables>
  <tw-gaap-ci:OtherReceivables contextRef="AsOf20100930" decimals="-3" unitRef="TWD">28774000</tw-gaap-ci:OtherReceivables>
  <tw-gaap-ci:OtherReceivablesRelatedParties contextRef="AsOf20090930" decimals="-3" unitRef="TWD">27260000</tw-gaap-ci:OtherReceivablesRelatedParties>
  <tw-gaap-ci:OtherReceivablesRelatedParties contextRef="AsOf20100930" decimals="-3" unitRef="TWD">19520000</tw-gaap-ci:OtherReceivablesRelatedParties>
  <tw-gaap-ci:OtherFinancialAssetsCurrent contextRef="AsOf20090930" decimals="-3" unitRef="TWD">5748000</tw-gaap-ci:OtherFinancialAssetsCurrent>
  <tw-gaap-ci:OtherFinancialAssetsCurrent contextRef="AsOf20100930" decimals="-3" unitRef="TWD">9241000</tw-gaap-ci:OtherFinancialAssetsCurrent>
  <tw-gaap-ci:Inventories contextRef="AsOf20090930" decimals="-3" unitRef="TWD">102468000</tw-gaap-ci:Inventories>
  <tw-gaap-ci:Inventories contextRef="AsOf20100930" decimals="-3" unitRef="TWD">183508000</tw-gaap-ci:Inventories>
  <tw-gaap-ci:PrepaidExpenses contextRef="AsOf20090930" decimals="-3" unitRef="TWD">7186000</tw-gaap-ci:PrepaidExpenses>
  <tw-gaap-ci:PrepaidExpenses contextRef="AsOf20100930" decimals="-3" unitRef="TWD">5399000</tw-gaap-ci:PrepaidExpenses>
  <tw-gaap-ci:DeferredIncomeTaxAssetsCurrent contextRef="AsOf20090930" decimals="-3" unitRef="TWD">13235000</tw-gaap-ci:DeferredIncomeTaxAssetsCurrent>
  <tw-gaap-ci:DeferredIncomeTaxAssetsCurrent contextRef="AsOf20100930" decimals="-3" unitRef="TWD">15745000</tw-gaap-ci:DeferredIncomeTaxAssetsCurrent>
  <tw-gaap-ci:LongtermInvestmentsEquity contextRef="AsOf20090930" decimals="-3" unitRef="TWD">952437000</tw-gaap-ci:LongtermInvestmentsEquity>
  <tw-gaap-ci:LongtermInvestmentsEquity contextRef="AsOf20100930" decimals="-3" unitRef="TWD">1224760000</tw-gaap-ci:LongtermInvestmentsEquity>
  <tw-gaap-ci:Land contextRef="AsOf20090930" decimals="-3" unitRef="TWD">84014000</tw-gaap-ci:Land>
  <tw-gaap-ci:Land contextRef="AsOf20100930" decimals="-3" unitRef="TWD">90415000</tw-gaap-ci:Land>
  <tw-gaap-ci:BuildingsStructures contextRef="AsOf20090930" decimals="-3" unitRef="TWD">75757000</tw-gaap-ci:BuildingsStructures>
  <tw-gaap-ci:BuildingsStructures contextRef="AsOf20100930" decimals="-3" unitRef="TWD">81600000</tw-gaap-ci:BuildingsStructures>
  <tw-gaap-ci:MachineryEquipment contextRef="AsOf20090930" decimals="-3" unitRef="TWD">24793000</tw-gaap-ci:MachineryEquipment>
  <tw-gaap-ci:MachineryEquipment contextRef="AsOf20100930" decimals="-3" unitRef="TWD">1248000</tw-gaap-ci:MachineryEquipment>
  <tw-gaap-ci:MoldingEquipment contextRef="AsOf20090930" decimals="-3" unitRef="TWD">151379000</tw-gaap-ci:MoldingEquipment>
  <tw-gaap-ci:MoldingEquipment contextRef="AsOf20100930" decimals="-3" unitRef="TWD">126776000</tw-gaap-ci:MoldingEquipment>
  <tw-gaap-ci:ComputerTelecommunicationEquipment contextRef="AsOf20090930" decimals="-3" unitRef="TWD">10187000</tw-gaap-ci:ComputerTelecommunicationEquipment>
  <tw-gaap-ci:ComputerTelecommunicationEquipment contextRef="AsOf20100930" decimals="-3" unitRef="TWD">10540000</tw-gaap-ci:ComputerTelecommunicationEquipment>
  <tw-gaap-ci:TestingEquipment contextRef="AsOf20090930" decimals="-3" unitRef="TWD">9478000</tw-gaap-ci:TestingEquipment>
  <tw-gaap-ci:TestingEquipment contextRef="AsOf20100930" decimals="-3" unitRef="TWD">12736000</tw-gaap-ci:TestingEquipment>
  <tw-gaap-ci:TransportationEquipment contextRef="AsOf20090930" decimals="-3" unitRef="TWD">740000</tw-gaap-ci:TransportationEquipment>
  <tw-gaap-ci:TransportationEquipment contextRef="AsOf20100930" decimals="-3" unitRef="TWD">740000</tw-gaap-ci:TransportationEquipment>
  <tw-gaap-ci:OfficeEquipment contextRef="AsOf20090930" decimals="-3" unitRef="TWD">11031000</tw-gaap-ci:OfficeEquipment>
  <tw-gaap-ci:OfficeEquipment contextRef="AsOf20100930" decimals="-3" unitRef="TWD">11031000</tw-gaap-ci:OfficeEquipment>
  <tw-gaap-ci:OtherFacilities contextRef="AsOf20090930" decimals="-3" unitRef="TWD">8400000</tw-gaap-ci:OtherFacilities>
  <tw-gaap-ci:OtherFacilities contextRef="AsOf20100930" decimals="-3" unitRef="TWD">8825000</tw-gaap-ci:OtherFacilities>
  <tw-gaap-ci:AccumulatedDepreciation contextRef="AsOf20090930" decimals="-3" unitRef="TWD">175032000</tw-gaap-ci:AccumulatedDepreciation>
  <tw-gaap-ci:AccumulatedDepreciation contextRef="AsOf20100930" decimals="-3" unitRef="TWD">133903000</tw-gaap-ci:AccumulatedDepreciation>
  <tw-gaap-ci:ConstructionProcessPrepaymentEquipments contextRef="AsOf20090930" decimals="-3" unitRef="TWD">1932000</tw-gaap-ci:ConstructionProcessPrepaymentEquipments>
  <tw-gaap-ci:ConstructionProcessPrepaymentEquipments contextRef="AsOf20100930" decimals="-3" unitRef="TWD">145000</tw-gaap-ci:ConstructionProcessPrepaymentEquipments>
  <tw-gaap-ci:Trademarks contextRef="AsOf20090930" decimals="-3" unitRef="TWD">75000</tw-gaap-ci:Trademarks>
  <tw-gaap-ci:Trademarks contextRef="AsOf20100930" decimals="-3" unitRef="TWD">45000</tw-gaap-ci:Trademarks>
  <tw-gaap-ci:NetRentalAssets contextRef="AsOf20090930" decimals="-3" unitRef="TWD">62026000</tw-gaap-ci:NetRentalAssets>
  <tw-gaap-ci:NetRentalAssets contextRef="AsOf20100930" decimals="-3" unitRef="TWD">50649000</tw-gaap-ci:NetRentalAssets>
  <tw-gaap-ci:GuaranteeDepositsPaid contextRef="AsOf20090930" decimals="-3" unitRef="TWD">2814000</tw-gaap-ci:GuaranteeDepositsPaid>
  <tw-gaap-ci:GuaranteeDepositsPaid contextRef="AsOf20100930" decimals="-3" unitRef="TWD">928000</tw-gaap-ci:GuaranteeDepositsPaid>
  <tw-gaap-ci:DeferredCharges contextRef="AsOf20090930" decimals="-3" unitRef="TWD">13000</tw-gaap-ci:DeferredCharges>
  <tw-gaap-ci:DeferredCharges contextRef="AsOf20100930" decimals="-3" unitRef="TWD">92000</tw-gaap-ci:DeferredCharges>
  <tw-gaap-ci:OtherAssetsOther contextRef="AsOf20090930" decimals="-3" unitRef="TWD">1595000</tw-gaap-ci:OtherAssetsOther>
  <tw-gaap-ci:OtherAssetsOther contextRef="AsOf20100930" decimals="-3" unitRef="TWD">1595000</tw-gaap-ci:OtherAssetsOther>
  <tw-gaap-ci:NotesPayable contextRef="AsOf20090930" decimals="-3" unitRef="TWD">331000</tw-gaap-ci:NotesPayable>
  <tw-gaap-ci:NotesPayable contextRef="AsOf20100930" decimals="-3" unitRef="TWD">43000</tw-gaap-ci:NotesPayable>
  <tw-gaap-ci:AccountsPayable contextRef="AsOf20090930" decimals="-3" unitRef="TWD">155980000</tw-gaap-ci:AccountsPayable>
  <tw-gaap-ci:AccountsPayable contextRef="AsOf20100930" decimals="-3" unitRef="TWD">202389000</tw-gaap-ci:AccountsPayable>
  <tw-gaap-ci:AccountsPayableRelatedParties contextRef="AsOf20090930" decimals="-3" unitRef="TWD">212835000</tw-gaap-ci:AccountsPayableRelatedParties>
  <tw-gaap-ci:AccountsPayableRelatedParties contextRef="AsOf20100930" decimals="-3" unitRef="TWD">131206000</tw-gaap-ci:AccountsPayableRelatedParties>
  <tw-gaap-ci:IncomeTaxPayable contextRef="AsOf20090930" decimals="-3" unitRef="TWD">27028000</tw-gaap-ci:IncomeTaxPayable>
  <tw-gaap-ci:IncomeTaxPayable contextRef="AsOf20100930" decimals="-3" unitRef="TWD">57977000</tw-gaap-ci:IncomeTaxPayable>
  <tw-gaap-ci:AccruedExpenses contextRef="AsOf20090930" decimals="-3" unitRef="TWD">63033000</tw-gaap-ci:AccruedExpenses>
  <tw-gaap-ci:AccruedExpenses contextRef="AsOf20100930" decimals="-3" unitRef="TWD">79376000</tw-gaap-ci:AccruedExpenses>
  <tw-gaap-ci:OtherPayablesRelatedParties contextRef="AsOf20090930" decimals="-3" unitRef="TWD">4638000</tw-gaap-ci:OtherPayablesRelatedParties>
  <tw-gaap-ci:OtherPayablesRelatedParties contextRef="AsOf20100930" decimals="-3" unitRef="TWD">8050000</tw-gaap-ci:OtherPayablesRelatedParties>
  <tw-gaap-ci:OtherPayables contextRef="AsOf20090930" decimals="-3" unitRef="TWD">1224000</tw-gaap-ci:OtherPayables>
  <tw-gaap-ci:OtherPayables contextRef="AsOf20100930" decimals="-3" unitRef="TWD">9729000</tw-gaap-ci:OtherPayables>
  <tw-gaap-ci:AdvanceReceipts contextRef="AsOf20090930" decimals="-3" unitRef="TWD">49129000</tw-gaap-ci:AdvanceReceipts>
  <tw-gaap-ci:AdvanceReceipts contextRef="AsOf20100930" decimals="-3" unitRef="TWD">34898000</tw-gaap-ci:AdvanceReceipts>
  <tw-gaap-ci:PensionReserve contextRef="AsOf20090930" decimals="-3" unitRef="TWD">14985000</tw-gaap-ci:PensionReserve>
  <tw-gaap-ci:PensionReserve contextRef="AsOf20100930" decimals="-3" unitRef="TWD">15365000</tw-gaap-ci:PensionReserve>
  <tw-gaap-ci:DeferredIncomeTax contextRef="AsOf20090930" decimals="-3" unitRef="TWD">11907000</tw-gaap-ci:DeferredIncomeTax>
  <tw-gaap-ci:DeferredIncomeTax contextRef="AsOf20100930" decimals="-3" unitRef="TWD">5590000</tw-gaap-ci:DeferredIncomeTax>
  <tw-gaap-ci:CommonStock contextRef="AsOf20090930" decimals="-3" unitRef="TWD">1115109000</tw-gaap-ci:CommonStock>
  <tw-gaap-ci:CommonStock contextRef="AsOf20100930" decimals="-3" unitRef="TWD">1115109000</tw-gaap-ci:CommonStock>
  <tw-gaap-ci:CapitalSurplusAdditionalPaidCapitalCommonStock contextRef="AsOf20090930" decimals="-3" unitRef="TWD">42127000</tw-gaap-ci:CapitalSurplusAdditionalPaidCapitalCommonStock>
  <tw-gaap-ci:CapitalSurplusAdditionalPaidCapitalCommonStock contextRef="AsOf20100930" decimals="-3" unitRef="TWD">42127000</tw-gaap-ci:CapitalSurplusAdditionalPaidCapitalCommonStock>
  <tw-gaap-ci:LegalReserve contextRef="AsOf20090930" decimals="-3" unitRef="TWD">151464000</tw-gaap-ci:LegalReserve>
  <tw-gaap-ci:LegalReserve contextRef="AsOf20100930" decimals="-3" unitRef="TWD">185029000</tw-gaap-ci:LegalReserve>
  <tw-gaap-ci:UnappropriatedRetainedEarnings contextRef="AsOf20090930" decimals="-3" unitRef="TWD">243811000</tw-gaap-ci:UnappropriatedRetainedEarnings>
  <tw-gaap-ci:UnappropriatedRetainedEarnings contextRef="AsOf20100930" decimals="-3" unitRef="TWD">373639000</tw-gaap-ci:UnappropriatedRetainedEarnings>
  <tw-gaap-ci:CumulativeTranslationAdjustments contextRef="AsOf20090930" decimals="-3" unitRef="TWD">63442000</tw-gaap-ci:CumulativeTranslationAdjustments>
  <tw-gaap-ci:CumulativeTranslationAdjustments contextRef="AsOf20100930" decimals="-3" unitRef="TWD">46196000</tw-gaap-ci:CumulativeTranslationAdjustments>
  <tw-gaap-ci:TreasuryStock contextRef="AsOf20090930" decimals="-3" unitRef="TWD">4737000</tw-gaap-ci:TreasuryStock>
  <tw-gaap-ci:TreasuryStock contextRef="AsOf20100930" decimals="-3" unitRef="TWD">4737000</tw-gaap-ci:TreasuryStock>
  <tw-gaap-ci:EquivalentSharesOutstandingAdvanceReceiptsCommonStock contextRef="AsOf20090930" decimals="0" unitRef="Shares">0</tw-gaap-ci:EquivalentSharesOutstandingAdvanceReceiptsCommonStock>
  <tw-gaap-ci:EquivalentSharesOutstandingAdvanceReceiptsCommonStock contextRef="AsOf20100930" decimals="0" unitRef="Shares">0</tw-gaap-ci:EquivalentSharesOutstandingAdvanceReceiptsCommonStock>
  <tw-gaap-ci:NumberTreasuryStockAcquiredCompanySubsidiaries contextRef="AsOf20090930" decimals="0" unitRef="Shares">543000</tw-gaap-ci:NumberTreasuryStockAcquiredCompanySubsidiaries>
  <tw-gaap-ci:NumberTreasuryStockAcquiredCompanySubsidiaries contextRef="AsOf20100930" decimals="0" unitRef="Shares">543000</tw-gaap-ci:NumberTreasuryStockAcquiredCompanySubsidiaries>
  <tw-gaap-ci:Assets contextRef="AsOf20090930" decimals="-3" unitRef="TWD">2152306000</tw-gaap-ci:Assets>
  <tw-gaap-ci:Assets contextRef="AsOf20100930" decimals="-3" unitRef="TWD">2301986000</tw-gaap-ci:Assets>
  <tw-gaap-ci:OtherAssets contextRef="AsOf20090930" decimals="-3" unitRef="TWD">66448000</tw-gaap-ci:OtherAssets>
  <tw-gaap-ci:OtherAssets contextRef="AsOf20100930" decimals="-3" unitRef="TWD">53264000</tw-gaap-ci:OtherAssets>
  <tw-gaap-ci:CurrentAssets contextRef="AsOf20090930" decimals="-3" unitRef="TWD">930667000</tw-gaap-ci:CurrentAssets>
  <tw-gaap-ci:CurrentAssets contextRef="AsOf20100930" decimals="-3" unitRef="TWD">813764000</tw-gaap-ci:CurrentAssets>
  <tw-gaap-ci:OtherCurrentAssets contextRef="AsOf20090930" decimals="-3" unitRef="TWD">13235000</tw-gaap-ci:OtherCurrentAssets>
  <tw-gaap-ci:OtherCurrentAssets contextRef="AsOf20100930" decimals="-3" unitRef="TWD">15745000</tw-gaap-ci:OtherCurrentAssets>
  <tw-gaap-ci:FundsInvestments contextRef="AsOf20090930" decimals="-3" unitRef="TWD">952437000</tw-gaap-ci:FundsInvestments>
  <tw-gaap-ci:FundsInvestments contextRef="AsOf20100930" decimals="-3" unitRef="TWD">1224760000</tw-gaap-ci:FundsInvestments>
  <tw-gaap-ci:LongtermInvestments contextRef="AsOf20090930" decimals="-3" unitRef="TWD">952437000</tw-gaap-ci:LongtermInvestments>
  <tw-gaap-ci:LongtermInvestments contextRef="AsOf20100930" decimals="-3" unitRef="TWD">1224760000</tw-gaap-ci:LongtermInvestments>
  <tw-gaap-ci:FixedAssets contextRef="AsOf20090930" decimals="-3" unitRef="TWD">202679000</tw-gaap-ci:FixedAssets>
  <tw-gaap-ci:FixedAssets contextRef="AsOf20100930" decimals="-3" unitRef="TWD">210153000</tw-gaap-ci:FixedAssets>
  <tw-gaap-ci:CostsRevaluationIncrement contextRef="AsOf20090930" decimals="-3" unitRef="TWD">375779000</tw-gaap-ci:CostsRevaluationIncrement>
  <tw-gaap-ci:CostsRevaluationIncrement contextRef="AsOf20100930" decimals="-3" unitRef="TWD">343911000</tw-gaap-ci:CostsRevaluationIncrement>
  <tw-gaap-ci:FixedAssetsOriginalCosts contextRef="AsOf20090930" decimals="-3" unitRef="TWD">375779000</tw-gaap-ci:FixedAssetsOriginalCosts>
  <tw-gaap-ci:FixedAssetsOriginalCosts contextRef="AsOf20100930" decimals="-3" unitRef="TWD">343911000</tw-gaap-ci:FixedAssetsOriginalCosts>
  <tw-gaap-ci:IntangibleAssets contextRef="AsOf20090930" decimals="-3" unitRef="TWD">75000</tw-gaap-ci:IntangibleAssets>
  <tw-gaap-ci:IntangibleAssets contextRef="AsOf20100930" decimals="-3" unitRef="TWD">45000</tw-gaap-ci:IntangibleAssets>
  <tw-gaap-ci:Liabilities contextRef="AsOf20090930" decimals="-3" unitRef="TWD">541090000</tw-gaap-ci:Liabilities>
  <tw-gaap-ci:Liabilities contextRef="AsOf20100930" decimals="-3" unitRef="TWD">544623000</tw-gaap-ci:Liabilities>
  <tw-gaap-ci:CurrentLiabilities contextRef="AsOf20090930" decimals="-3" unitRef="TWD">514198000</tw-gaap-ci:CurrentLiabilities>
  <tw-gaap-ci:CurrentLiabilities contextRef="AsOf20100930" decimals="-3" unitRef="TWD">523668000</tw-gaap-ci:CurrentLiabilities>
  <tw-gaap-ci:OtherLiabilities contextRef="AsOf20090930" decimals="-3" unitRef="TWD">26892000</tw-gaap-ci:OtherLiabilities>
  <tw-gaap-ci:OtherLiabilities contextRef="AsOf20100930" decimals="-3" unitRef="TWD">20955000</tw-gaap-ci:OtherLiabilities>
  <tw-gaap-ci:StockholdersEquities contextRef="AsOf20090930" decimals="-3" unitRef="TWD">1611216000</tw-gaap-ci:StockholdersEquities>
  <tw-gaap-ci:StockholdersEquities contextRef="AsOf20100930" decimals="-3" unitRef="TWD">1757363000</tw-gaap-ci:StockholdersEquities>
  <tw-gaap-ci:CapitalSurplus contextRef="AsOf20090930" decimals="-3" unitRef="TWD">42127000</tw-gaap-ci:CapitalSurplus>
  <tw-gaap-ci:CapitalSurplus contextRef="AsOf20100930" decimals="-3" unitRef="TWD">42127000</tw-gaap-ci:CapitalSurplus>
  <tw-gaap-ci:CapitalSurplusAdditionalPaidCapital contextRef="AsOf20090930" decimals="-3" unitRef="TWD">42127000</tw-gaap-ci:CapitalSurplusAdditionalPaidCapital>
  <tw-gaap-ci:CapitalSurplusAdditionalPaidCapital contextRef="AsOf20100930" decimals="-3" unitRef="TWD">42127000</tw-gaap-ci:CapitalSurplusAdditionalPaidCapital>
  <tw-gaap-ci:RetainedEarnings contextRef="AsOf20090930" decimals="-3" unitRef="TWD">395275000</tw-gaap-ci:RetainedEarnings>
  <tw-gaap-ci:RetainedEarnings contextRef="AsOf20100930" decimals="-3" unitRef="TWD">558668000</tw-gaap-ci:RetainedEarnings>
  <tw-gaap-ci:StockholdersEquitiesAdjustments contextRef="AsOf20090930" decimals="-3" unitRef="TWD">58705000</tw-gaap-ci:StockholdersEquitiesAdjustments>
  <tw-gaap-ci:StockholdersEquitiesAdjustments contextRef="AsOf20100930" decimals="-3" unitRef="TWD">41459000</tw-gaap-ci:StockholdersEquitiesAdjustments>
  <tw-gaap-ci:Capital contextRef="AsOf20090930" decimals="-3" unitRef="TWD">1115109000</tw-gaap-ci:Capital>
  <tw-gaap-ci:Capital contextRef="AsOf20100930" decimals="-3" unitRef="TWD">1115109000</tw-gaap-ci:Capital>
  <tw-gaap-ci:Sales contextRef="From20090101To20090930" decimals="-3" unitRef="TWD">1315089000</tw-gaap-ci:Sales>
  <tw-gaap-ci:Sales contextRef="From20100101To20100930" decimals="-3" unitRef="TWD">1723589000</tw-gaap-ci:Sales>
  <tw-gaap-ci:SalesReturns contextRef="From20090101To20090930" decimals="-3" unitRef="TWD">138000</tw-gaap-ci:SalesReturns>
  <tw-gaap-ci:SalesReturns contextRef="From20100101To20100930" decimals="-3" unitRef="TWD">449000</tw-gaap-ci:SalesReturns>
  <tw-gaap-ci:SalesDiscountsAllowances contextRef="From20090101To20090930" decimals="-3" unitRef="TWD">1846000</tw-gaap-ci:SalesDiscountsAllowances>
  <tw-gaap-ci:SalesDiscountsAllowances contextRef="From20100101To20100930" decimals="-3" unitRef="TWD">941000</tw-gaap-ci:SalesDiscountsAllowances>
  <tw-gaap-ci:CostSales contextRef="From20090101To20090930" decimals="-3" unitRef="TWD">1095023000</tw-gaap-ci:CostSales>
  <tw-gaap-ci:CostSales contextRef="From20100101To20100930" decimals="-3" unitRef="TWD">1412634000</tw-gaap-ci:CostSales>
  <tw-gaap-ci:Sellingexpense contextRef="From20090101To20090930" decimals="-3" unitRef="TWD">36566000</tw-gaap-ci:Sellingexpense>
  <tw-gaap-ci:Sellingexpense contextRef="From20100101To20100930" decimals="-3" unitRef="TWD">52035000</tw-gaap-ci:Sellingexpense>
  <tw-gaap-ci:GeneralAdministrativeExpenses contextRef="From20090101To20090930" decimals="-3" unitRef="TWD">68854000</tw-gaap-ci:GeneralAdministrativeExpenses>
  <tw-gaap-ci:GeneralAdministrativeExpenses contextRef="From20100101To20100930" decimals="-3" unitRef="TWD">67776000</tw-gaap-ci:GeneralAdministrativeExpenses>
  <tw-gaap-ci:ResearchDevelopmentExpenses contextRef="From20090101To20090930" decimals="-3" unitRef="TWD">51765000</tw-gaap-ci:ResearchDevelopmentExpenses>
  <tw-gaap-ci:ResearchDevelopmentExpenses contextRef="From20100101To20100930" decimals="-3" unitRef="TWD">58330000</tw-gaap-ci:ResearchDevelopmentExpenses>
  <tw-gaap-ci:InterestIncome contextRef="From20090101To20090930" decimals="-3" unitRef="TWD">4630000</tw-gaap-ci:InterestIncome>
  <tw-gaap-ci:InterestIncome contextRef="From20100101To20100930" decimals="-3" unitRef="TWD">3538000</tw-gaap-ci:InterestIncome>
  <tw-gaap-ci:RevaluationGainFinancialAssets contextRef="From20090101To20090930" decimals="-3" unitRef="TWD">202000</tw-gaap-ci:RevaluationGainFinancialAssets>
  <tw-gaap-ci:RevaluationGainFinancialAssets contextRef="From20100101To20100930" decimals="-3" unitRef="TWD">1473000</tw-gaap-ci:RevaluationGainFinancialAssets>
  <tw-gaap-ci:InvestmentGainsRecognizedEquityMethod contextRef="From20090101To20090930" decimals="-3" unitRef="TWD">167367000</tw-gaap-ci:InvestmentGainsRecognizedEquityMethod>
  <tw-gaap-ci:InvestmentGainsRecognizedEquityMethod contextRef="From20100101To20100930" decimals="-3" unitRef="TWD">231951000</tw-gaap-ci:InvestmentGainsRecognizedEquityMethod>
  <tw-gaap-ci:GainsDisposalFixedAssets contextRef="From20090101To20090930" decimals="-3" unitRef="TWD">1151000</tw-gaap-ci:GainsDisposalFixedAssets>
  <tw-gaap-ci:GainsDisposalFixedAssets contextRef="From20100101To20100930" decimals="-3" unitRef="TWD">0</tw-gaap-ci:GainsDisposalFixedAssets>
  <tw-gaap-ci:RentIncome contextRef="From20090101To20090930" decimals="-3" unitRef="TWD">4653000</tw-gaap-ci:RentIncome>
  <tw-gaap-ci:RentIncome contextRef="From20100101To20100930" decimals="-3" unitRef="TWD">2478000</tw-gaap-ci:RentIncome>
  <tw-gaap-ci:MiscellaneousIncome contextRef="From20090101To20090930" decimals="-3" unitRef="TWD">15139000</tw-gaap-ci:MiscellaneousIncome>
  <tw-gaap-ci:MiscellaneousIncome contextRef="From20100101To20100930" decimals="-3" unitRef="TWD">2144000</tw-gaap-ci:MiscellaneousIncome>
  <tw-gaap-ci:ForeignExchangeLosses contextRef="From20090101To20090930" decimals="-3" unitRef="TWD">4314000</tw-gaap-ci:ForeignExchangeLosses>
  <tw-gaap-ci:ForeignExchangeLosses contextRef="From20100101To20100930" decimals="-3" unitRef="TWD">8486000</tw-gaap-ci:ForeignExchangeLosses>
  <tw-gaap-ci:MiscellaneousDisbursements contextRef="From20090101To20090930" decimals="-3" unitRef="TWD">1671000</tw-gaap-ci:MiscellaneousDisbursements>
  <tw-gaap-ci:MiscellaneousDisbursements contextRef="From20100101To20100930" decimals="-3" unitRef="TWD">1853000</tw-gaap-ci:MiscellaneousDisbursements>
  <tw-gaap-ci:IncomeTaxExpenseBenefit contextRef="From20090101To20090930" decimals="-3" unitRef="TWD">17128000</tw-gaap-ci:IncomeTaxExpenseBenefit>
  <tw-gaap-ci:IncomeTaxExpenseBenefit contextRef="From20100101To20100930" decimals="-3" unitRef="TWD">26586000</tw-gaap-ci:IncomeTaxExpenseBenefit>
  <tw-gaap-ci:NetIncomeLoss contextRef="From20090101To20090930" decimals="-3" unitRef="TWD">230926000</tw-gaap-ci:NetIncomeLoss>
  <tw-gaap-ci:NetIncomeLoss contextRef="From20100101To20100930" decimals="-3" unitRef="TWD">336083000</tw-gaap-ci:NetIncomeLoss>
  <tw-gaap-ci:PrimaryEarningsPerShareIncomeLossContinuingOperations contextRef="From20090101To20090930" decimals="2" unitRef="TWD">2.08</tw-gaap-ci:PrimaryEarningsPerShareIncomeLossContinuingOperations>
  <tw-gaap-ci:PrimaryEarningsPerShareIncomeLossContinuingOperations contextRef="From20100101To20100930" decimals="2" unitRef="TWD">3.03</tw-gaap-ci:PrimaryEarningsPerShareIncomeLossContinuingOperations>
  <tw-gaap-ci:DilutedEarningsPerShareIncomeLossContinuingOperations contextRef="From20090101To20090930" decimals="2" unitRef="TWD">2.07</tw-gaap-ci:DilutedEarningsPerShareIncomeLossContinuingOperations>
  <tw-gaap-ci:DilutedEarningsPerShareIncomeLossContinuingOperations contextRef="From20100101To20100930" decimals="2" unitRef="TWD">3</tw-gaap-ci:DilutedEarningsPerShareIncomeLossContinuingOperations>
  <tw-gaap-ci:DilutedEarningsPerShare contextRef="From20090101To20090930" decimals="2" unitRef="TWD">2.07</tw-gaap-ci:DilutedEarningsPerShare>
  <tw-gaap-ci:DilutedEarningsPerShare contextRef="From20100101To20100930" decimals="2" unitRef="TWD">3</tw-gaap-ci:DilutedEarningsPerShare>
  <tw-gaap-ci:PrimaryEarningsPerShare contextRef="From20090101To20090930" decimals="2" unitRef="TWD">2.08</tw-gaap-ci:PrimaryEarningsPerShare>
  <tw-gaap-ci:PrimaryEarningsPerShare contextRef="From20100101To20100930" decimals="2" unitRef="TWD">3.03</tw-gaap-ci:PrimaryEarningsPerShare>
  <tw-gaap-ci:IncomeContinuingOperations contextRef="From20090101To20090930" decimals="-3" unitRef="TWD">230926000</tw-gaap-ci:IncomeContinuingOperations>
  <tw-gaap-ci:IncomeContinuingOperations contextRef="From20100101To20100930" decimals="-3" unitRef="TWD">336083000</tw-gaap-ci:IncomeContinuingOperations>
  <tw-gaap-ci:IncomeContinuingOperationsBeforeIncomeTax contextRef="From20090101To20090930" decimals="-3" unitRef="TWD">248054000</tw-gaap-ci:IncomeContinuingOperationsBeforeIncomeTax>
  <tw-gaap-ci:IncomeContinuingOperationsBeforeIncomeTax contextRef="From20100101To20100930" decimals="-3" unitRef="TWD">362669000</tw-gaap-ci:IncomeContinuingOperationsBeforeIncomeTax>
  <tw-gaap-ci:OperatingIncomeLoss contextRef="From20090101To20090930" decimals="-3" unitRef="TWD">60897000</tw-gaap-ci:OperatingIncomeLoss>
  <tw-gaap-ci:OperatingIncomeLoss contextRef="From20100101To20100930" decimals="-3" unitRef="TWD">131424000</tw-gaap-ci:OperatingIncomeLoss>
  <tw-gaap-ci:GrossProfitLossOperations contextRef="From20090101To20090930" decimals="-3" unitRef="TWD">218082000</tw-gaap-ci:GrossProfitLossOperations>
  <tw-gaap-ci:GrossProfitLossOperations contextRef="From20100101To20100930" decimals="-3" unitRef="TWD">309565000</tw-gaap-ci:GrossProfitLossOperations>
  <tw-gaap-ci:OperatingCosts contextRef="From20090101To20090930" decimals="-3" unitRef="TWD">1095023000</tw-gaap-ci:OperatingCosts>
  <tw-gaap-ci:OperatingCosts contextRef="From20100101To20100930" decimals="-3" unitRef="TWD">1412634000</tw-gaap-ci:OperatingCosts>
  <tw-gaap-ci:OperatingRevenue contextRef="From20090101To20090930" decimals="-3" unitRef="TWD">1313105000</tw-gaap-ci:OperatingRevenue>
  <tw-gaap-ci:OperatingRevenue contextRef="From20100101To20100930" decimals="-3" unitRef="TWD">1722199000</tw-gaap-ci:OperatingRevenue>
  <tw-gaap-ci:NetSales contextRef="From20090101To20090930" decimals="-3" unitRef="TWD">1313105000</tw-gaap-ci:NetSales>
  <tw-gaap-ci:NetSales contextRef="From20100101To20100930" decimals="-3" unitRef="TWD">1722199000</tw-gaap-ci:NetSales>
  <tw-gaap-ci:OperatingExpenses contextRef="From20090101To20090930" decimals="-3" unitRef="TWD">157185000</tw-gaap-ci:OperatingExpenses>
  <tw-gaap-ci:OperatingExpenses contextRef="From20100101To20100930" decimals="-3" unitRef="TWD">178141000</tw-gaap-ci:OperatingExpenses>
  <tw-gaap-ci:NonOperatingIncomeGains contextRef="From20090101To20090930" decimals="-3" unitRef="TWD">193142000</tw-gaap-ci:NonOperatingIncomeGains>
  <tw-gaap-ci:NonOperatingIncomeGains contextRef="From20100101To20100930" decimals="-3" unitRef="TWD">241584000</tw-gaap-ci:NonOperatingIncomeGains>
  <tw-gaap-ci:InvestmentGains contextRef="From20090101To20090930" decimals="-3" unitRef="TWD">167367000</tw-gaap-ci:InvestmentGains>
  <tw-gaap-ci:InvestmentGains contextRef="From20100101To20100930" decimals="-3" unitRef="TWD">231951000</tw-gaap-ci:InvestmentGains>
  <tw-gaap-ci:NonOperatingExpenses contextRef="From20090101To20090930" decimals="-3" unitRef="TWD">5985000</tw-gaap-ci:NonOperatingExpenses>
  <tw-gaap-ci:NonOperatingExpenses contextRef="From20100101To20100930" decimals="-3" unitRef="TWD">10339000</tw-gaap-ci:NonOperatingExpenses>
  <tw-gaap-ci:NetIncomeLoss_StatementCashFlows contextRef="From20090101To20090930" decimals="-3" unitRef="TWD">230926000</tw-gaap-ci:NetIncomeLoss_StatementCashFlows>
  <tw-gaap-ci:NetIncomeLoss_StatementCashFlows contextRef="From20100101To20100930" decimals="-3" unitRef="TWD">336083000</tw-gaap-ci:NetIncomeLoss_StatementCashFlows>
  <tw-gaap-ci:DepreciationExpense-Operating contextRef="From20090101To20090930" decimals="-3" unitRef="TWD">41405000</tw-gaap-ci:DepreciationExpense-Operating>
  <tw-gaap-ci:DepreciationExpense-Operating contextRef="From20100101To20100930" decimals="-3" unitRef="TWD">39988000</tw-gaap-ci:DepreciationExpense-Operating>
  <tw-gaap-ci:ChangesNotesReceivable contextRef="From20090101To20090930" decimals="-3" unitRef="TWD">6858000</tw-gaap-ci:ChangesNotesReceivable>
  <tw-gaap-ci:ChangesNotesReceivable contextRef="From20100101To20100930" decimals="-3" unitRef="TWD">-8000</tw-gaap-ci:ChangesNotesReceivable>
  <tw-gaap-ci:ChangesAccountsReceivable contextRef="From20090101To20090930" decimals="-3" unitRef="TWD">-50993000</tw-gaap-ci:ChangesAccountsReceivable>
  <tw-gaap-ci:ChangesAccountsReceivable contextRef="From20100101To20100930" decimals="-3" unitRef="TWD">-48844000</tw-gaap-ci:ChangesAccountsReceivable>
  <tw-gaap-ci:ChangesAccountsReceivableRelatedParties contextRef="From20090101To20090930" decimals="-3" unitRef="TWD">-26654000</tw-gaap-ci:ChangesAccountsReceivableRelatedParties>
  <tw-gaap-ci:ChangesAccountsReceivableRelatedParties contextRef="From20100101To20100930" decimals="-3" unitRef="TWD">-34745000</tw-gaap-ci:ChangesAccountsReceivableRelatedParties>
  <tw-gaap-ci:ChangesOtherReceivables contextRef="From20090101To20090930" decimals="-3" unitRef="TWD">-973000</tw-gaap-ci:ChangesOtherReceivables>
  <tw-gaap-ci:ChangesOtherReceivables contextRef="From20100101To20100930" decimals="-3" unitRef="TWD">-9667000</tw-gaap-ci:ChangesOtherReceivables>
  <tw-gaap-ci:ChangesOtherReceivableRelatedParties contextRef="From20090101To20090930" decimals="-3" unitRef="TWD">4306000</tw-gaap-ci:ChangesOtherReceivableRelatedParties>
  <tw-gaap-ci:ChangesOtherReceivableRelatedParties contextRef="From20100101To20100930" decimals="-3" unitRef="TWD">10884000</tw-gaap-ci:ChangesOtherReceivableRelatedParties>
  <tw-gaap-ci:ChangesInventories contextRef="From20090101To20090930" decimals="-3" unitRef="TWD">-127000</tw-gaap-ci:ChangesInventories>
  <tw-gaap-ci:ChangesInventories contextRef="From20100101To20100930" decimals="-3" unitRef="TWD">-65894000</tw-gaap-ci:ChangesInventories>
  <tw-gaap-ci:ChangesPrepaidExpenses contextRef="From20090101To20090930" decimals="-3" unitRef="TWD">-2807000</tw-gaap-ci:ChangesPrepaidExpenses>
  <tw-gaap-ci:ChangesPrepaidExpenses contextRef="From20100101To20100930" decimals="-3" unitRef="TWD">-2464000</tw-gaap-ci:ChangesPrepaidExpenses>
  <tw-gaap-ci:ChangesNotesPayable contextRef="From20090101To20090930" decimals="-3" unitRef="TWD">-11932000</tw-gaap-ci:ChangesNotesPayable>
  <tw-gaap-ci:ChangesNotesPayable contextRef="From20100101To20100930" decimals="-3" unitRef="TWD">0</tw-gaap-ci:ChangesNotesPayable>
  <tw-gaap-ci:ChangesAccountsPayable contextRef="From20090101To20090930" decimals="-3" unitRef="TWD">74892000</tw-gaap-ci:ChangesAccountsPayable>
  <tw-gaap-ci:ChangesAccountsPayable contextRef="From20100101To20100930" decimals="-3" unitRef="TWD">31206000</tw-gaap-ci:ChangesAccountsPayable>
  <tw-gaap-ci:ChangesIncomeTaxPayable contextRef="From20090101To20090930" decimals="-3" unitRef="TWD">-18773000</tw-gaap-ci:ChangesIncomeTaxPayable>
  <tw-gaap-ci:ChangesIncomeTaxPayable contextRef="From20100101To20100930" decimals="-3" unitRef="TWD">12054000</tw-gaap-ci:ChangesIncomeTaxPayable>
  <tw-gaap-ci:ChangesAccruedExpenses contextRef="From20090101To20090930" decimals="-3" unitRef="TWD">17329000</tw-gaap-ci:ChangesAccruedExpenses>
  <tw-gaap-ci:ChangesAccruedExpenses contextRef="From20100101To20100930" decimals="-3" unitRef="TWD">-7163000</tw-gaap-ci:ChangesAccruedExpenses>
  <tw-gaap-ci:ChangeOtherPayableRelatedParties contextRef="From20090101To20090930" decimals="-3" unitRef="TWD">-8585000</tw-gaap-ci:ChangeOtherPayableRelatedParties>
  <tw-gaap-ci:ChangeOtherPayableRelatedParties contextRef="From20100101To20100930" decimals="-3" unitRef="TWD">-1529000</tw-gaap-ci:ChangeOtherPayableRelatedParties>
  <tw-gaap-ci:ChangesOtherPayables contextRef="From20090101To20090930" decimals="-3" unitRef="TWD">-7400000</tw-gaap-ci:ChangesOtherPayables>
  <tw-gaap-ci:ChangesOtherPayables contextRef="From20100101To20100930" decimals="-3" unitRef="TWD">-640000</tw-gaap-ci:ChangesOtherPayables>
  <tw-gaap-ci:ChangesReceiptsAdvance contextRef="From20090101To20090930" decimals="-3" unitRef="TWD">15735000</tw-gaap-ci:ChangesReceiptsAdvance>
  <tw-gaap-ci:ChangesReceiptsAdvance contextRef="From20100101To20100930" decimals="-3" unitRef="TWD">24392000</tw-gaap-ci:ChangesReceiptsAdvance>
  <tw-gaap-ci:ChangesAccruedPensionLiabilities contextRef="From20090101To20090930" decimals="-3" unitRef="TWD">-2026000</tw-gaap-ci:ChangesAccruedPensionLiabilities>
  <tw-gaap-ci:ChangesAccruedPensionLiabilities contextRef="From20100101To20100930" decimals="-3" unitRef="TWD">762000</tw-gaap-ci:ChangesAccruedPensionLiabilities>
  <tw-gaap-ci:AcquisitionPropertyPlantEquipment contextRef="From20090101To20090930" decimals="-3" unitRef="TWD">-33169000</tw-gaap-ci:AcquisitionPropertyPlantEquipment>
  <tw-gaap-ci:AcquisitionPropertyPlantEquipment contextRef="From20100101To20100930" decimals="-3" unitRef="TWD">-41693000</tw-gaap-ci:AcquisitionPropertyPlantEquipment>
  <tw-gaap-ci:IncreaseDeferredCharges contextRef="From20090101To20090930" decimals="-3" unitRef="TWD">0</tw-gaap-ci:IncreaseDeferredCharges>
  <tw-gaap-ci:IncreaseDeferredCharges contextRef="From20100101To20100930" decimals="-3" unitRef="TWD">-86000</tw-gaap-ci:IncreaseDeferredCharges>
  <tw-gaap-ci:ProceedsDisposalPropertyPlantEquipment contextRef="From20090101To20090930" decimals="-3" unitRef="TWD">2195000</tw-gaap-ci:ProceedsDisposalPropertyPlantEquipment>
  <tw-gaap-ci:ProceedsDisposalPropertyPlantEquipment contextRef="From20100101To20100930" decimals="-3" unitRef="TWD">0</tw-gaap-ci:ProceedsDisposalPropertyPlantEquipment>
  <tw-gaap-ci:ChangesRefundableDeposits contextRef="From20090101To20090930" decimals="-3" unitRef="TWD">591000</tw-gaap-ci:ChangesRefundableDeposits>
  <tw-gaap-ci:ChangesRefundableDeposits contextRef="From20100101To20100930" decimals="-3" unitRef="TWD">930000</tw-gaap-ci:ChangesRefundableDeposits>
  <tw-gaap-ci:NetChangesCashCashEquivalents contextRef="From20090101To20090930" decimals="-3" unitRef="TWD">43512000</tw-gaap-ci:NetChangesCashCashEquivalents>
  <tw-gaap-ci:NetChangesCashCashEquivalents contextRef="From20100101To20100930" decimals="-3" unitRef="TWD">-295941000</tw-gaap-ci:NetChangesCashCashEquivalents>
  <tw-gaap-ci:IncreasePropertyPlantEquipment contextRef="From20090101To20090930" decimals="-3" unitRef="TWD">21508000</tw-gaap-ci:IncreasePropertyPlantEquipment>
  <tw-gaap-ci:IncreasePropertyPlantEquipment contextRef="From20100101To20100930" decimals="-3" unitRef="TWD">30427000</tw-gaap-ci:IncreasePropertyPlantEquipment>
  <tw-gaap-ci:CashCashEquivalents contextRef="AsOf20090101" decimals="-3" unitRef="TWD">510361000</tw-gaap-ci:CashCashEquivalents>
  <tw-gaap-ci:CashCashEquivalents contextRef="AsOf20100101" decimals="-3" unitRef="TWD">554595000</tw-gaap-ci:CashCashEquivalents>
  <tw-gaap-ci:UnrealizedRevaluationGainFinancialAssetsLiabilities contextRef="From20090101To20090930" decimals="-3" unitRef="TWD">-202000</tw-gaap-ci:UnrealizedRevaluationGainFinancialAssetsLiabilities>
  <tw-gaap-ci:UnrealizedRevaluationGainFinancialAssetsLiabilities contextRef="From20100101To20100930" decimals="-3" unitRef="TWD">-1473000</tw-gaap-ci:UnrealizedRevaluationGainFinancialAssetsLiabilities>
  <tw-gaap-ci:ProvisionTransferRevenueBadDebtsLosses contextRef="From20090101To20090930" decimals="-3" unitRef="TWD">8295000</tw-gaap-ci:ProvisionTransferRevenueBadDebtsLosses>
  <tw-gaap-ci:ProvisionTransferRevenueBadDebtsLosses contextRef="From20100101To20100930" decimals="-3" unitRef="TWD">1417000</tw-gaap-ci:ProvisionTransferRevenueBadDebtsLosses>
  <tw-gaap-ci:AmortizationExpense-Operating contextRef="From20090101To20090930" decimals="-3" unitRef="TWD">42000</tw-gaap-ci:AmortizationExpense-Operating>
  <tw-gaap-ci:AmortizationExpense-Operating contextRef="From20100101To20100930" decimals="-3" unitRef="TWD">43000</tw-gaap-ci:AmortizationExpense-Operating>
  <tw-gaap-ci:GainLossInventoryValuationObsolescenceRecoverie contextRef="From20090101To20090930" decimals="-3" unitRef="TWD">-8986000</tw-gaap-ci:GainLossInventoryValuationObsolescenceRecoverie>
  <tw-gaap-ci:GainLossInventoryValuationObsolescenceRecoverie contextRef="From20100101To20100930" decimals="-3" unitRef="TWD">3868000</tw-gaap-ci:GainLossInventoryValuationObsolescenceRecoverie>
  <tw-gaap-ci:InvestmentLossIncomeRecognizedEquityMethod contextRef="From20090101To20090930" decimals="-3" unitRef="TWD">-167367000</tw-gaap-ci:InvestmentLossIncomeRecognizedEquityMethod>
  <tw-gaap-ci:InvestmentLossIncomeRecognizedEquityMethod contextRef="From20100101To20100930" decimals="-3" unitRef="TWD">-231951000</tw-gaap-ci:InvestmentLossIncomeRecognizedEquityMethod>
  <tw-gaap-ci:GainLossDisposalScrappingFixedAssets contextRef="From20090101To20090930" decimals="-3" unitRef="TWD">-1151000</tw-gaap-ci:GainLossDisposalScrappingFixedAssets>
  <tw-gaap-ci:GainLossDisposalScrappingFixedAssets contextRef="From20100101To20100930" decimals="-3" unitRef="TWD">0</tw-gaap-ci:GainLossDisposalScrappingFixedAssets>
  <tw-gaap-ci:LossGainDeferredIncomeTax contextRef="From20090101To20090930" decimals="-3" unitRef="TWD">631000</tw-gaap-ci:LossGainDeferredIncomeTax>
  <tw-gaap-ci:LossGainDeferredIncomeTax contextRef="From20100101To20100930" decimals="-3" unitRef="TWD">-4306000</tw-gaap-ci:LossGainDeferredIncomeTax>
  <tw-gaap-ci:ChangesFinancialAssetsHeldTrading contextRef="From20090101To20090930" decimals="-3" unitRef="TWD">23451000</tw-gaap-ci:ChangesFinancialAssetsHeldTrading>
  <tw-gaap-ci:ChangesFinancialAssetsHeldTrading contextRef="From20100101To20100930" decimals="-3" unitRef="TWD">0</tw-gaap-ci:ChangesFinancialAssetsHeldTrading>
  <tw-gaap-ci:ChangesAccountsPayableRelatedParties contextRef="From20090101To20090930" decimals="-3" unitRef="TWD">124724000</tw-gaap-ci:ChangesAccountsPayableRelatedParties>
  <tw-gaap-ci:ChangesAccountsPayableRelatedParties contextRef="From20100101To20100930" decimals="-3" unitRef="TWD">-26172000</tw-gaap-ci:ChangesAccountsPayableRelatedParties>
  <tw-gaap-ci:ChangesOtherFinancialAssets contextRef="From20090101To20090930" decimals="-3" unitRef="TWD">-4748000</tw-gaap-ci:ChangesOtherFinancialAssets>
  <tw-gaap-ci:ChangesOtherFinancialAssets contextRef="From20100101To20100930" decimals="-3" unitRef="TWD">-3493000</tw-gaap-ci:ChangesOtherFinancialAssets>
  <tw-gaap-ci:PurchaseIntangibleAssets contextRef="From20090101To20090930" decimals="-3" unitRef="TWD">0</tw-gaap-ci:PurchaseIntangibleAssets>
  <tw-gaap-ci:PurchaseIntangibleAssets contextRef="From20100101To20100930" decimals="-3" unitRef="TWD">-20000</tw-gaap-ci:PurchaseIntangibleAssets>
  <tw-gaap-ci:CashDividends contextRef="From20090101To20090930" decimals="-3" unitRef="TWD">-55484000</tw-gaap-ci:CashDividends>
  <tw-gaap-ci:CashDividends contextRef="From20100101To20100930" decimals="-3" unitRef="TWD">-277420000</tw-gaap-ci:CashDividends>
  <tw-gaap-ci:IncomeTaxPaid contextRef="From20090101To20090930" decimals="-3" unitRef="TWD">35273000</tw-gaap-ci:IncomeTaxPaid>
  <tw-gaap-ci:IncomeTaxPaid contextRef="From20100101To20100930" decimals="-3" unitRef="TWD">18839000</tw-gaap-ci:IncomeTaxPaid>
  <tw-gaap-ci:AcquisitionInvestmentsAccountedEquityMethod contextRef="From20090101To20090930" decimals="-3" unitRef="TWD">-106491000</tw-gaap-ci:AcquisitionInvestmentsAccountedEquityMethod>
  <tw-gaap-ci:AcquisitionInvestmentsAccountedEquityMethod contextRef="From20100101To20100930" decimals="-3" unitRef="TWD">0</tw-gaap-ci:AcquisitionInvestmentsAccountedEquityMethod>
  <tw-gaap-ci:ChangesPayableEquipmentPurchased contextRef="From20090101To20090930" decimals="-3" unitRef="TWD">11661000</tw-gaap-ci:ChangesPayableEquipmentPurchased>
  <tw-gaap-ci:ChangesPayableEquipmentPurchased contextRef="From20100101To20100930" decimals="-3" unitRef="TWD">11266000</tw-gaap-ci:ChangesPayableEquipmentPurchased>
  <tw-gaap-ci:CashPaidAcquisitionPropertyPlantEquipment contextRef="From20090101To20090930" decimals="-3" unitRef="TWD">33169000</tw-gaap-ci:CashPaidAcquisitionPropertyPlantEquipment>
  <tw-gaap-ci:CashPaidAcquisitionPropertyPlantEquipment contextRef="From20100101To20100930" decimals="-3" unitRef="TWD">41693000</tw-gaap-ci:CashPaidAcquisitionPropertyPlantEquipment>
  <tw-gaap-ci:NetCashProvidedUsedOperatingActivities contextRef="From20090101To20090930" decimals="-3" unitRef="TWD">240618000</tw-gaap-ci:NetCashProvidedUsedOperatingActivities>
  <tw-gaap-ci:NetCashProvidedUsedOperatingActivities contextRef="From20100101To20100930" decimals="-3" unitRef="TWD">25841000</tw-gaap-ci:NetCashProvidedUsedOperatingActivities>
  <tw-gaap-ci:AdjustmentsReconcileNetIncomeNetCashProvidedUsedOperatingActivities contextRef="From20090101To20090930" decimals="-3" unitRef="TWD">-127333000</tw-gaap-ci:AdjustmentsReconcileNetIncomeNetCashProvidedUsedOperatingActivities>
  <tw-gaap-ci:AdjustmentsReconcileNetIncomeNetCashProvidedUsedOperatingActivities contextRef="From20100101To20100930" decimals="-3" unitRef="TWD">-192414000</tw-gaap-ci:AdjustmentsReconcileNetIncomeNetCashProvidedUsedOperatingActivities>
  <tw-gaap-ci:ChangesOperatingAssetsLiabilities contextRef="From20090101To20090930" decimals="-3" unitRef="TWD">137025000</tw-gaap-ci:ChangesOperatingAssetsLiabilities>
  <tw-gaap-ci:ChangesOperatingAssetsLiabilities contextRef="From20100101To20100930" decimals="-3" unitRef="TWD">-117828000</tw-gaap-ci:ChangesOperatingAssetsLiabilities>
  <tw-gaap-ci:ChangesOperatingAssets contextRef="From20090101To20090930" decimals="-3" unitRef="TWD">-46939000</tw-gaap-ci:ChangesOperatingAssets>
  <tw-gaap-ci:ChangesOperatingAssets contextRef="From20100101To20100930" decimals="-3" unitRef="TWD">-150738000</tw-gaap-ci:ChangesOperatingAssets>
  <tw-gaap-ci:ChangesOperatingLiabilities contextRef="From20090101To20090930" decimals="-3" unitRef="TWD">183964000</tw-gaap-ci:ChangesOperatingLiabilities>
  <tw-gaap-ci:ChangesOperatingLiabilities contextRef="From20100101To20100930" decimals="-3" unitRef="TWD">32910000</tw-gaap-ci:ChangesOperatingLiabilities>
  <tw-gaap-ci:NetCashProvidedUsedInvestingActivities contextRef="From20090101To20090930" decimals="-3" unitRef="TWD">-141622000</tw-gaap-ci:NetCashProvidedUsedInvestingActivities>
  <tw-gaap-ci:NetCashProvidedUsedInvestingActivities contextRef="From20100101To20100930" decimals="-3" unitRef="TWD">-44362000</tw-gaap-ci:NetCashProvidedUsedInvestingActivities>
  <tw-gaap-ci:NetCashProvidedUsedFinancingActivities contextRef="From20090101To20090930" decimals="-3" unitRef="TWD">-55484000</tw-gaap-ci:NetCashProvidedUsedFinancingActivities>
  <tw-gaap-ci:NetCashProvidedUsedFinancingActivities contextRef="From20100101To20100930" decimals="-3" unitRef="TWD">-277420000</tw-gaap-ci:NetCashProvidedUsedFinancingActivities>
  <tw-gaap-ar:AccountantName contextRef="AsOf20101022">資誠聯合會計師事務所</tw-gaap-ar:AccountantName>
  <tw-gaap-ar:AssuranceAccountantName1 contextRef="AsOf20101022">葉冠妏</tw-gaap-ar:AssuranceAccountantName1>
  <tw-gaap-ar:AssuranceAccountantName2 contextRef="AsOf20101022">潘慧玲</tw-gaap-ar:AssuranceAccountantName2>
  <tw-gaap-ar:ReviewAuditDate contextRef="AsOf20101022">2010-10-22</tw-gaap-ar:ReviewAuditDate>
  <tw-gaap-ar:ReviewReport contextRef="AsOf20101022">Y</tw-gaap-ar:ReviewReport>
  <tw-gaap-ar:QualifiedOpinionAbstract contextRef="AsOf20101022">Y</tw-gaap-ar:QualifiedOpinionAbstract>
  <tw-gaap-ar:ByInvestmentCompaniesWithoutAccountantAuditReportRecognizedGainLoss contextRef="AsOf20101022">Y</tw-gaap-ar:ByInvestmentCompaniesWithoutAccountantAuditReportRecognizedGainLoss>
  <tw-gaap-ar:DescriptionEmphasizeItemBody contextRef="AsOf20101022"><![CDATA[]]></tw-gaap-ar:DescriptionEmphasizeItemBody>
  <tw-gaap-ar:DescriptionOtherItemBody contextRef="AsOf20101022"><![CDATA[]]></tw-gaap-ar:DescriptionOtherItemBody>
  <tw-gaap-ar:AccountantsReportBody contextRef="AsOf20101022"><![CDATA[勤誠興業股份有限公司  公鑒：                                                  
     勤誠興業股份有限公司民國九十九年及九十八年九月三十日之資產負債表，暨民   
國九十九年及九十八年一月一日至九月三十日之損益表及現金流量表，業經本會計師核  
閱竣事。上開財務報表之編製係管理階層之責任，本會計師之責任則為根據核閱結果出  
具報告。                                                                      
     除下段所述者外，本會計師係依照中華民國審計準則公報第三十六號「財務報表   
之核閱」規劃並執行核閱工作。由於本會計師僅實施分析、比較與查詢，並未依照中華  
民國一般公認審計準則查核，故無法對上開財務報表之整體表示意見。                
     如財務報表附註四(五)所述，　貴公司民國九十九年及九十八年九月三十日採權   
益法評價之部分長期股權投資分別計331,437仟元及952,437仟元，暨民國九十九年及九  
十八年一月一日至九月三十日之投資收益分別計41,184仟元及167,367仟元，係依該等   
被投資公司同期間未經會計師核閱之財務報表評價而得。另如財務報表附註十一所述，  
勤誠興業股份有限公司民國九十九年前三季所揭露有關被投資公司之資訊，其中部分被  
投資公司資訊係依各被投資公司同期間自編未經會計師核閱之資訊編製，並未經本會計  
師核閱。                                                                      
     依本會計師之核閱結果，除第三段所述採權益法評價之長期股權投資及其相關投   
資收益暨被投資公司相關資訊，若能取得各被投資公司同期間經會計師核閱之財務報表  
而可能需作適當調整及揭露之影響外，並未發現第一段所述財務報表在所有重大方面有  
違反「證券發行人財務報告編製準則」、「商業會計法」、「商業會計處理準則」及中  
華民國一般公認會計原則而須作修正之情事。                                      
     如財務報表附註三所述，勤誠興業股份有限公司自民國九十八年一月一日起，採   
用新修訂之財務會計準則公報第十號「存貨之會計處理準則」。                      ]]></tw-gaap-ar:AccountantsReportBody>
  <tw-gaap-notes:FinancialReportnotes contextRef="AsOf20100930"><![CDATA[http://doc.twse.com.tw/server-java/t57sb01?step=1&colorchg=1&co_id=8210&year=99&seamon=3&mtype=A&]]></tw-gaap-notes:FinancialReportnotes>
</xbrli:xbrl>