<?xml version="1.0" encoding="UTF-8"?>
<xbrl xmlns="http://www.xbrl.org/2003/instance" xmlns:iso4217="http://www.xbrl.org/2003/iso4217" xmlns:link="http://www.xbrl.org/2003/linkbase" xmlns:tw-gaap-ar="http://www.xbrl.org/tw/fr/gaap/ar/2010-09-30" xmlns:tw-gaap-ci="http://www.xbrl.org/tw/fr/gaap/tw-gaap-ci-2010-09-30" xmlns:tw-gaap-notes="http://www.xbrl.org/tw/fr/gaap/notes/2010-09-30" xmlns:xbrldi="http://xbrl.org/2006/xbrldi" xmlns:xbrldt="http://xbrl.org/2005/xbrldt" xmlns:xbrli="http://www.xbrl.org/2003/instance" xmlns:xlink="http://www.w3.org/1999/xlink">
	<link:schemaRef xlink:arcrole="http://www.w3.org/1999/xlink/properties/linkbase" xlink:href="tw-gaap-ci-2010-09-30.xsd" xlink:type="simple"/>	<context id="AsOf20101020">
		<entity>
			<identifier scheme="http://www.twse.com.tw">2353</identifier>
		</entity>
		<period>
			<instant>2010-10-20</instant>
		</period>
	</context>
	<context id="AsOf20090101">
		<entity>
			<identifier scheme="http://www.twse.com.tw">2353</identifier>
		</entity>
		<period>
			<instant>2009-01-01</instant>
		</period>
	</context>
	<context id="AsOf20100101">
		<entity>
			<identifier scheme="http://www.twse.com.tw">2353</identifier>
		</entity>
		<period>
			<instant>2010-01-01</instant>
		</period>
	</context>
	<context id="From20090101To20090930">
		<entity>
			<identifier scheme="http://www.twse.com.tw">2353</identifier>
		</entity>
		<period>
			<startDate>2009-01-01</startDate>
			<endDate>2009-09-30</endDate>
		</period>
	</context>
	<context id="AsOf20090930">
		<entity>
			<identifier scheme="http://www.twse.com.tw">2353</identifier>
		</entity>
		<period>
			<instant>2009-09-30</instant>
		</period>
	</context>
	<context id="From20100101To20100930">
		<entity>
			<identifier scheme="http://www.twse.com.tw">2353</identifier>
		</entity>
		<period>
			<startDate>2010-01-01</startDate>
			<endDate>2010-09-30</endDate>
		</period>
	</context>
	<context id="AsOf20100930">
		<entity>
			<identifier scheme="http://www.twse.com.tw">2353</identifier>
		</entity>
		<period>
			<instant>2010-09-30</instant>
		</period>
	</context>
	<unit id="TWD">
		<measure>iso4217:TWD</measure>
	</unit>
	<unit id="Shares">
		<measure>xbrli:shares</measure>
	</unit>
	<unit id="EarningsPerShare">
		<divide>
			<unitNumerator>
				<measure>iso4217:TWD</measure>
			</unitNumerator>
			<unitDenominator>
				<measure>xbrli:shares</measure>
			</unitDenominator>
		</divide>
	</unit>
	<tw-gaap-ci:CashCashEquivalents contextRef="AsOf20100930" decimals="-3" unitRef="TWD">4780561000</tw-gaap-ci:CashCashEquivalents>
	<tw-gaap-ci:CashCashEquivalents contextRef="AsOf20090930" decimals="-3" unitRef="TWD">13642456000</tw-gaap-ci:CashCashEquivalents>
	<tw-gaap-ci:FinancialAssetsMeasuredFairValueProfitLossCurrent contextRef="AsOf20100930" decimals="-3" unitRef="TWD">3662000</tw-gaap-ci:FinancialAssetsMeasuredFairValueProfitLossCurrent>
	<tw-gaap-ci:FinancialAssetsMeasuredFairValueProfitLossCurrent contextRef="AsOf20090930" decimals="-3" unitRef="TWD">5650000</tw-gaap-ci:FinancialAssetsMeasuredFairValueProfitLossCurrent>
	<tw-gaap-ci:AvailableSaleFinancialAssetsCurrent contextRef="AsOf20100930" decimals="-3" unitRef="TWD">85617000</tw-gaap-ci:AvailableSaleFinancialAssetsCurrent>
	<tw-gaap-ci:AvailableSaleFinancialAssetsCurrent contextRef="AsOf20090930" decimals="-3" unitRef="TWD">100180000</tw-gaap-ci:AvailableSaleFinancialAssetsCurrent>
	<tw-gaap-ci:HedgingDerivativeAssetsCurrent contextRef="AsOf20100930" decimals="-3" unitRef="TWD">3494000</tw-gaap-ci:HedgingDerivativeAssetsCurrent>
	<tw-gaap-ci:HedgingDerivativeAssetsCurrent contextRef="AsOf20090930" decimals="-3" unitRef="TWD">89787000</tw-gaap-ci:HedgingDerivativeAssetsCurrent>
	<tw-gaap-ci:NetAccountsReceivable contextRef="AsOf20100930" decimals="-3" unitRef="TWD">11492172000</tw-gaap-ci:NetAccountsReceivable>
	<tw-gaap-ci:NetAccountsReceivable contextRef="AsOf20090930" decimals="-3" unitRef="TWD">12250218000</tw-gaap-ci:NetAccountsReceivable>
	<tw-gaap-ci:NetAccountsReceivableRelatedParties contextRef="AsOf20100930" decimals="-3" unitRef="TWD">94892801000</tw-gaap-ci:NetAccountsReceivableRelatedParties>
	<tw-gaap-ci:NetAccountsReceivableRelatedParties contextRef="AsOf20090930" decimals="-3" unitRef="TWD">70572072000</tw-gaap-ci:NetAccountsReceivableRelatedParties>
	<tw-gaap-ci:OtherReceivables contextRef="AsOf20100930" decimals="-3" unitRef="TWD">3091976000</tw-gaap-ci:OtherReceivables>
	<tw-gaap-ci:OtherReceivables contextRef="AsOf20090930" decimals="-3" unitRef="TWD">2221396000</tw-gaap-ci:OtherReceivables>
	<tw-gaap-ci:OtherReceivablesRelatedParties contextRef="AsOf20100930" decimals="-3" unitRef="TWD">1112976000</tw-gaap-ci:OtherReceivablesRelatedParties>
	<tw-gaap-ci:OtherReceivablesRelatedParties contextRef="AsOf20090930" decimals="-3" unitRef="TWD">483154000</tw-gaap-ci:OtherReceivablesRelatedParties>
	<tw-gaap-ci:InventoriesMerchandising contextRef="AsOf20100930" decimals="-3" unitRef="TWD">22001841000</tw-gaap-ci:InventoriesMerchandising>
	<tw-gaap-ci:InventoriesMerchandising contextRef="AsOf20090930" decimals="-3" unitRef="TWD">18982839000</tw-gaap-ci:InventoriesMerchandising>
	<tw-gaap-ci:Inventories contextRef="AsOf20100930" decimals="-3" unitRef="TWD">22001841000</tw-gaap-ci:Inventories>
	<tw-gaap-ci:Inventories contextRef="AsOf20090930" decimals="-3" unitRef="TWD">18982839000</tw-gaap-ci:Inventories>
	<tw-gaap-ci:DeferredIncomeTaxAssetsCurrent contextRef="AsOf20100930" decimals="-3" unitRef="TWD">416358000</tw-gaap-ci:DeferredIncomeTaxAssetsCurrent>
	<tw-gaap-ci:DeferredIncomeTaxAssetsCurrent contextRef="AsOf20090930" decimals="-3" unitRef="TWD">2591133000</tw-gaap-ci:DeferredIncomeTaxAssetsCurrent>
	<tw-gaap-ci:OthercurrentAssetsOther contextRef="AsOf20100930" decimals="-3" unitRef="TWD">696676000</tw-gaap-ci:OthercurrentAssetsOther>
	<tw-gaap-ci:OthercurrentAssetsOther contextRef="AsOf20090930" decimals="-3" unitRef="TWD">163908000</tw-gaap-ci:OthercurrentAssetsOther>
	<tw-gaap-ci:OtherCurrentAssets contextRef="AsOf20100930" decimals="-3" unitRef="TWD">1113034000</tw-gaap-ci:OtherCurrentAssets>
	<tw-gaap-ci:OtherCurrentAssets contextRef="AsOf20090930" decimals="-3" unitRef="TWD">2755041000</tw-gaap-ci:OtherCurrentAssets>
	<tw-gaap-ci:CurrentAssets contextRef="AsOf20100930" decimals="-3" unitRef="TWD">138578134000</tw-gaap-ci:CurrentAssets>
	<tw-gaap-ci:CurrentAssets contextRef="AsOf20090930" decimals="-3" unitRef="TWD">121102793000</tw-gaap-ci:CurrentAssets>
	<tw-gaap-ci:AvailablesaleFinancialAssetsNonCurrent contextRef="AsOf20100930" decimals="-3" unitRef="TWD">2242233000</tw-gaap-ci:AvailablesaleFinancialAssetsNonCurrent>
	<tw-gaap-ci:AvailablesaleFinancialAssetsNonCurrent contextRef="AsOf20090930" decimals="-3" unitRef="TWD">2286458000</tw-gaap-ci:AvailablesaleFinancialAssetsNonCurrent>
	<tw-gaap-ci:NetFinancialAssetsCarriedCostNonCurrent contextRef="AsOf20100930" decimals="-3" unitRef="TWD">760469000</tw-gaap-ci:NetFinancialAssetsCarriedCostNonCurrent>
	<tw-gaap-ci:NetFinancialAssetsCarriedCostNonCurrent contextRef="AsOf20090930" decimals="-3" unitRef="TWD">796169000</tw-gaap-ci:NetFinancialAssetsCarriedCostNonCurrent>
	<tw-gaap-ci:LongtermInvestmentsEquity contextRef="AsOf20100930" decimals="-3" unitRef="TWD">81039740000</tw-gaap-ci:LongtermInvestmentsEquity>
	<tw-gaap-ci:LongtermInvestmentsEquity contextRef="AsOf20090930" decimals="-3" unitRef="TWD">82465217000</tw-gaap-ci:LongtermInvestmentsEquity>
	<tw-gaap-ci:LongtermInvestments contextRef="AsOf20100930" decimals="-3" unitRef="TWD">81039740000</tw-gaap-ci:LongtermInvestments>
	<tw-gaap-ci:LongtermInvestments contextRef="AsOf20090930" decimals="-3" unitRef="TWD">82465217000</tw-gaap-ci:LongtermInvestments>
	<tw-gaap-ci:FundsInvestments contextRef="AsOf20100930" decimals="-3" unitRef="TWD">84042442000</tw-gaap-ci:FundsInvestments>
	<tw-gaap-ci:FundsInvestments contextRef="AsOf20090930" decimals="-3" unitRef="TWD">85547844000</tw-gaap-ci:FundsInvestments>
	<tw-gaap-ci:Land contextRef="AsOf20100930" decimals="-3" unitRef="TWD">379364000</tw-gaap-ci:Land>
	<tw-gaap-ci:Land contextRef="AsOf20090930" decimals="-3" unitRef="TWD">376842000</tw-gaap-ci:Land>
	<tw-gaap-ci:BuildingsStructures contextRef="AsOf20100930" decimals="-3" unitRef="TWD">581035000</tw-gaap-ci:BuildingsStructures>
	<tw-gaap-ci:BuildingsStructures contextRef="AsOf20090930" decimals="-3" unitRef="TWD">578892000</tw-gaap-ci:BuildingsStructures>
	<tw-gaap-ci:ComputerTelecommunicationEquipment contextRef="AsOf20100930" decimals="-3" unitRef="TWD">596194000</tw-gaap-ci:ComputerTelecommunicationEquipment>
	<tw-gaap-ci:ComputerTelecommunicationEquipment contextRef="AsOf20090930" decimals="-3" unitRef="TWD">525035000</tw-gaap-ci:ComputerTelecommunicationEquipment>
	<tw-gaap-ci:TransportationEquipment contextRef="AsOf20100930" decimals="-3" unitRef="TWD">30634000</tw-gaap-ci:TransportationEquipment>
	<tw-gaap-ci:TransportationEquipment contextRef="AsOf20090930" decimals="-3" unitRef="TWD">29719000</tw-gaap-ci:TransportationEquipment>
	<tw-gaap-ci:OfficeEquipment contextRef="AsOf20100930" decimals="-3" unitRef="TWD">12577000</tw-gaap-ci:OfficeEquipment>
	<tw-gaap-ci:OfficeEquipment contextRef="AsOf20090930" decimals="-3" unitRef="TWD">13516000</tw-gaap-ci:OfficeEquipment>
	<tw-gaap-ci:LeaseholdImprovements contextRef="AsOf20100930" decimals="-3" unitRef="TWD">26053000</tw-gaap-ci:LeaseholdImprovements>
	<tw-gaap-ci:LeaseholdImprovements contextRef="AsOf20090930" decimals="-3" unitRef="TWD">26053000</tw-gaap-ci:LeaseholdImprovements>
	<tw-gaap-ci:OtherFacilities contextRef="AsOf20100930" decimals="-3" unitRef="TWD">695958000</tw-gaap-ci:OtherFacilities>
	<tw-gaap-ci:OtherFacilities contextRef="AsOf20090930" decimals="-3" unitRef="TWD">695923000</tw-gaap-ci:OtherFacilities>
	<tw-gaap-ci:FixedAssetsOriginalCosts contextRef="AsOf20100930" decimals="-3" unitRef="TWD">2321815000</tw-gaap-ci:FixedAssetsOriginalCosts>
	<tw-gaap-ci:FixedAssetsOriginalCosts contextRef="AsOf20090930" decimals="-3" unitRef="TWD">2245980000</tw-gaap-ci:FixedAssetsOriginalCosts>
	<tw-gaap-ci:CostsRevaluationIncrement contextRef="AsOf20100930" decimals="-3" unitRef="TWD">2321815000</tw-gaap-ci:CostsRevaluationIncrement>
	<tw-gaap-ci:CostsRevaluationIncrement contextRef="AsOf20090930" decimals="-3" unitRef="TWD">2245980000</tw-gaap-ci:CostsRevaluationIncrement>
	<tw-gaap-ci:AccumulatedDepreciation contextRef="AsOf20100930" decimals="-3" unitRef="TWD">808673000</tw-gaap-ci:AccumulatedDepreciation>
	<tw-gaap-ci:AccumulatedDepreciation contextRef="AsOf20090930" decimals="-3" unitRef="TWD">689000000</tw-gaap-ci:AccumulatedDepreciation>
	<tw-gaap-ci:ConstructionProcessPrepaymentEquipments contextRef="AsOf20100930" decimals="-3" unitRef="TWD">217654000</tw-gaap-ci:ConstructionProcessPrepaymentEquipments>
	<tw-gaap-ci:ConstructionProcessPrepaymentEquipments contextRef="AsOf20090930" decimals="-3" unitRef="TWD">64057000</tw-gaap-ci:ConstructionProcessPrepaymentEquipments>
	<tw-gaap-ci:FixedAssets contextRef="AsOf20100930" decimals="-3" unitRef="TWD">1730796000</tw-gaap-ci:FixedAssets>
	<tw-gaap-ci:FixedAssets contextRef="AsOf20090930" decimals="-3" unitRef="TWD">1621037000</tw-gaap-ci:FixedAssets>
	<tw-gaap-ci:Trademarks contextRef="AsOf20100930" decimals="-3" unitRef="TWD">7438386000</tw-gaap-ci:Trademarks>
	<tw-gaap-ci:Trademarks contextRef="AsOf20090930" decimals="-3" unitRef="TWD">2550279000</tw-gaap-ci:Trademarks>
	<tw-gaap-ci:Patents contextRef="AsOf20100930" decimals="-3" unitRef="TWD">569139000</tw-gaap-ci:Patents>
	<tw-gaap-ci:Patents contextRef="AsOf20090930" decimals="-3" unitRef="TWD">709986000</tw-gaap-ci:Patents>
	<tw-gaap-ci:ComputerSoftwareCost contextRef="AsOf20100930" decimals="-3" unitRef="TWD">42336000</tw-gaap-ci:ComputerSoftwareCost>
	<tw-gaap-ci:ComputerSoftwareCost contextRef="AsOf20090930" decimals="-3" unitRef="TWD">58820000</tw-gaap-ci:ComputerSoftwareCost>
	<tw-gaap-ci:Goodwill contextRef="AsOf20100930" decimals="-3" unitRef="TWD">166604000</tw-gaap-ci:Goodwill>
	<tw-gaap-ci:Goodwill contextRef="AsOf20090930" decimals="-3" unitRef="TWD">166604000</tw-gaap-ci:Goodwill>
	<tw-gaap-ci:IntangibleAssets contextRef="AsOf20100930" decimals="-3" unitRef="TWD">8216465000</tw-gaap-ci:IntangibleAssets>
	<tw-gaap-ci:IntangibleAssets contextRef="AsOf20090930" decimals="-3" unitRef="TWD">3485689000</tw-gaap-ci:IntangibleAssets>
	<tw-gaap-ci:NetIdledAssets contextRef="AsOf20100930" decimals="-3" unitRef="TWD">3694096000</tw-gaap-ci:NetIdledAssets>
	<tw-gaap-ci:NetIdledAssets contextRef="AsOf20090930" decimals="-3" unitRef="TWD">4219309000</tw-gaap-ci:NetIdledAssets>
	<tw-gaap-ci:GuaranteeDepositsPaid contextRef="AsOf20100930" decimals="-3" unitRef="TWD">166934000</tw-gaap-ci:GuaranteeDepositsPaid>
	<tw-gaap-ci:GuaranteeDepositsPaid contextRef="AsOf20090930" decimals="-3" unitRef="TWD">219734000</tw-gaap-ci:GuaranteeDepositsPaid>
	<tw-gaap-ci:LongtermNotesAccountsReceivable contextRef="AsOf20100930" decimals="-3" unitRef="TWD">90400000</tw-gaap-ci:LongtermNotesAccountsReceivable>
	<tw-gaap-ci:LongtermNotesAccountsReceivable contextRef="AsOf20090930" decimals="-3" unitRef="TWD">25201000</tw-gaap-ci:LongtermNotesAccountsReceivable>
	<tw-gaap-ci:OtherAssetsOther contextRef="AsOf20100930" decimals="-3" unitRef="TWD">1200868000</tw-gaap-ci:OtherAssetsOther>
	<tw-gaap-ci:OtherAssetsOther contextRef="AsOf20090930" decimals="-3" unitRef="TWD">1526419000</tw-gaap-ci:OtherAssetsOther>
	<tw-gaap-ci:OtherAssets contextRef="AsOf20100930" decimals="-3" unitRef="TWD">5152298000</tw-gaap-ci:OtherAssets>
	<tw-gaap-ci:OtherAssets contextRef="AsOf20090930" decimals="-3" unitRef="TWD">5990663000</tw-gaap-ci:OtherAssets>
	<tw-gaap-ci:Assets contextRef="AsOf20100930" decimals="-3" unitRef="TWD">237720135000</tw-gaap-ci:Assets>
	<tw-gaap-ci:Assets contextRef="AsOf20090930" decimals="-3" unitRef="TWD">217748026000</tw-gaap-ci:Assets>
	<tw-gaap-ci:FinancialLiabilitiesMeasuredFairValueProfitLossCurrent contextRef="AsOf20100930" decimals="-3" unitRef="TWD">721946000</tw-gaap-ci:FinancialLiabilitiesMeasuredFairValueProfitLossCurrent>
	<tw-gaap-ci:FinancialLiabilitiesMeasuredFairValueProfitLossCurrent contextRef="AsOf20090930" decimals="-3" unitRef="TWD">58221000</tw-gaap-ci:FinancialLiabilitiesMeasuredFairValueProfitLossCurrent>
	<tw-gaap-ci:HedgingDerivativeLiabilitiesCurrent contextRef="AsOf20100930" decimals="-3" unitRef="TWD">1008268000</tw-gaap-ci:HedgingDerivativeLiabilitiesCurrent>
	<tw-gaap-ci:HedgingDerivativeLiabilitiesCurrent contextRef="AsOf20090930" decimals="-3" unitRef="TWD">1208714000</tw-gaap-ci:HedgingDerivativeLiabilitiesCurrent>
	<tw-gaap-ci:AccountsPayable contextRef="AsOf20100930" decimals="-3" unitRef="TWD">77381869000</tw-gaap-ci:AccountsPayable>
	<tw-gaap-ci:AccountsPayable contextRef="AsOf20090930" decimals="-3" unitRef="TWD">65682854000</tw-gaap-ci:AccountsPayable>
	<tw-gaap-ci:AccountsPayableRelatedParties contextRef="AsOf20100930" decimals="-3" unitRef="TWD">6109816000</tw-gaap-ci:AccountsPayableRelatedParties>
	<tw-gaap-ci:AccountsPayableRelatedParties contextRef="AsOf20090930" decimals="-3" unitRef="TWD">10942962000</tw-gaap-ci:AccountsPayableRelatedParties>
	<tw-gaap-ci:OtherPayablesRelatedParties contextRef="AsOf20100930" decimals="-3" unitRef="TWD">368494000</tw-gaap-ci:OtherPayablesRelatedParties>
	<tw-gaap-ci:OtherPayablesRelatedParties contextRef="AsOf20090930" decimals="-3" unitRef="TWD">1442198000</tw-gaap-ci:OtherPayablesRelatedParties>
	<tw-gaap-ci:OtherPayablesOther contextRef="AsOf20100930" decimals="-3" unitRef="TWD">12314043000</tw-gaap-ci:OtherPayablesOther>
	<tw-gaap-ci:OtherPayablesOther contextRef="AsOf20090930" decimals="-3" unitRef="TWD">9844808000</tw-gaap-ci:OtherPayablesOther>
	<tw-gaap-ci:OtherPayables contextRef="AsOf20100930" decimals="-3" unitRef="TWD">12314043000</tw-gaap-ci:OtherPayables>
	<tw-gaap-ci:OtherPayables contextRef="AsOf20090930" decimals="-3" unitRef="TWD">9844808000</tw-gaap-ci:OtherPayables>
	<tw-gaap-ci:LongtermBorrowingsCurrentPortion contextRef="AsOf20100930" decimals="-3" unitRef="TWD">3050000000</tw-gaap-ci:LongtermBorrowingsCurrentPortion>
	<tw-gaap-ci:LongtermBorrowingsCurrentPortion contextRef="AsOf20090930" decimals="-3" unitRef="TWD">0</tw-gaap-ci:LongtermBorrowingsCurrentPortion>
	<tw-gaap-ci:LongtermLiabilitiesCurrentPortion contextRef="AsOf20100930" decimals="-3" unitRef="TWD">3050000000</tw-gaap-ci:LongtermLiabilitiesCurrentPortion>
	<tw-gaap-ci:LongtermLiabilitiesCurrentPortion contextRef="AsOf20090930" decimals="-3" unitRef="TWD">0</tw-gaap-ci:LongtermLiabilitiesCurrentPortion>
	<tw-gaap-ci:OtherCurrentLiabilitiesOther contextRef="AsOf20100930" decimals="-3" unitRef="TWD">15187351000</tw-gaap-ci:OtherCurrentLiabilitiesOther>
	<tw-gaap-ci:OtherCurrentLiabilitiesOther contextRef="AsOf20090930" decimals="-3" unitRef="TWD">22110389000</tw-gaap-ci:OtherCurrentLiabilitiesOther>
	<tw-gaap-ci:OtherCurrentLiabilities contextRef="AsOf20100930" decimals="-3" unitRef="TWD">15187351000</tw-gaap-ci:OtherCurrentLiabilities>
	<tw-gaap-ci:OtherCurrentLiabilities contextRef="AsOf20090930" decimals="-3" unitRef="TWD">22110389000</tw-gaap-ci:OtherCurrentLiabilities>
	<tw-gaap-ci:CurrentLiabilities contextRef="AsOf20100930" decimals="-3" unitRef="TWD">116141787000</tw-gaap-ci:CurrentLiabilities>
	<tw-gaap-ci:CurrentLiabilities contextRef="AsOf20090930" decimals="-3" unitRef="TWD">111290146000</tw-gaap-ci:CurrentLiabilities>
	<tw-gaap-ci:FinancialLiabilitiesDesignatedFairValueProfitLossNonCurrent contextRef="AsOf20100930" decimals="-3" unitRef="TWD">1347441000</tw-gaap-ci:FinancialLiabilitiesDesignatedFairValueProfitLossNonCurrent>
	<tw-gaap-ci:FinancialLiabilitiesDesignatedFairValueProfitLossNonCurrent contextRef="AsOf20090930" decimals="-3" unitRef="TWD">0</tw-gaap-ci:FinancialLiabilitiesDesignatedFairValueProfitLossNonCurrent>
	<tw-gaap-ci:FinancialLiabilitiesMeasuredFairValueProfitLossNonCurrent contextRef="AsOf20100930" decimals="-3" unitRef="TWD">1347441000</tw-gaap-ci:FinancialLiabilitiesMeasuredFairValueProfitLossNonCurrent>
	<tw-gaap-ci:FinancialLiabilitiesMeasuredFairValueProfitLossNonCurrent contextRef="AsOf20090930" decimals="-3" unitRef="TWD">0</tw-gaap-ci:FinancialLiabilitiesMeasuredFairValueProfitLossNonCurrent>
	<tw-gaap-ci:BondPayableNonCurrent_BondPayable contextRef="AsOf20100930" decimals="-3" unitRef="TWD">13998055000</tw-gaap-ci:BondPayableNonCurrent_BondPayable>
	<tw-gaap-ci:BondPayableNonCurrent_BondPayable contextRef="AsOf20090930" decimals="-3" unitRef="TWD">0</tw-gaap-ci:BondPayableNonCurrent_BondPayable>
	<tw-gaap-ci:BondPayable contextRef="AsOf20100930" decimals="-3" unitRef="TWD">13998055000</tw-gaap-ci:BondPayable>
	<tw-gaap-ci:BondPayable contextRef="AsOf20090930" decimals="-3" unitRef="TWD">0</tw-gaap-ci:BondPayable>
	<tw-gaap-ci:LongtermBorrowings contextRef="AsOf20100930" decimals="-3" unitRef="TWD">9150000000</tw-gaap-ci:LongtermBorrowings>
	<tw-gaap-ci:LongtermBorrowings contextRef="AsOf20090930" decimals="-3" unitRef="TWD">12200000000</tw-gaap-ci:LongtermBorrowings>
	<tw-gaap-ci:LongTermLiabilities contextRef="AsOf20100930" decimals="-3" unitRef="TWD">24495496000</tw-gaap-ci:LongTermLiabilities>
	<tw-gaap-ci:LongTermLiabilities contextRef="AsOf20090930" decimals="-3" unitRef="TWD">12200000000</tw-gaap-ci:LongTermLiabilities>
	<tw-gaap-ci:DeferredIncomeTax contextRef="AsOf20100930" decimals="-3" unitRef="TWD">3559143000</tw-gaap-ci:DeferredIncomeTax>
	<tw-gaap-ci:DeferredIncomeTax contextRef="AsOf20090930" decimals="-3" unitRef="TWD">4607496000</tw-gaap-ci:DeferredIncomeTax>
	<tw-gaap-ci:OtherLiabilities-Other contextRef="AsOf20100930" decimals="-3" unitRef="TWD">30879000</tw-gaap-ci:OtherLiabilities-Other>
	<tw-gaap-ci:OtherLiabilities-Other contextRef="AsOf20090930" decimals="-3" unitRef="TWD">29733000</tw-gaap-ci:OtherLiabilities-Other>
	<tw-gaap-ci:OtherLiabilitiesOther contextRef="AsOf20100930" decimals="-3" unitRef="TWD">30879000</tw-gaap-ci:OtherLiabilitiesOther>
	<tw-gaap-ci:OtherLiabilitiesOther contextRef="AsOf20090930" decimals="-3" unitRef="TWD">29733000</tw-gaap-ci:OtherLiabilitiesOther>
	<tw-gaap-ci:OtherLiabilities contextRef="AsOf20100930" decimals="-3" unitRef="TWD">3590022000</tw-gaap-ci:OtherLiabilities>
	<tw-gaap-ci:OtherLiabilities contextRef="AsOf20090930" decimals="-3" unitRef="TWD">4637229000</tw-gaap-ci:OtherLiabilities>
	<tw-gaap-ci:Liabilities contextRef="AsOf20100930" decimals="-3" unitRef="TWD">144227305000</tw-gaap-ci:Liabilities>
	<tw-gaap-ci:Liabilities contextRef="AsOf20090930" decimals="-3" unitRef="TWD">128127375000</tw-gaap-ci:Liabilities>
	<tw-gaap-ci:CommonStock contextRef="AsOf20100930" decimals="-3" unitRef="TWD">26947413000</tw-gaap-ci:CommonStock>
	<tw-gaap-ci:CommonStock contextRef="AsOf20090930" decimals="-3" unitRef="TWD">26856466000</tw-gaap-ci:CommonStock>
	<tw-gaap-ci:Capital contextRef="AsOf20100930" decimals="-3" unitRef="TWD">26947413000</tw-gaap-ci:Capital>
	<tw-gaap-ci:Capital contextRef="AsOf20090930" decimals="-3" unitRef="TWD">26856466000</tw-gaap-ci:Capital>
	<tw-gaap-ci:CapitalSurplusAdditionalPaidCapitalCommonStock contextRef="AsOf20100930" decimals="-3" unitRef="TWD">2034986000</tw-gaap-ci:CapitalSurplusAdditionalPaidCapitalCommonStock>
	<tw-gaap-ci:CapitalSurplusAdditionalPaidCapitalCommonStock contextRef="AsOf20090930" decimals="-3" unitRef="TWD">1693767000</tw-gaap-ci:CapitalSurplusAdditionalPaidCapitalCommonStock>
	<tw-gaap-ci:CapitalSurplusAdditionalPaidCapitalBondConversion contextRef="AsOf20100930" decimals="-3" unitRef="TWD">4552585000</tw-gaap-ci:CapitalSurplusAdditionalPaidCapitalBondConversion>
	<tw-gaap-ci:CapitalSurplusAdditionalPaidCapitalBondConversion contextRef="AsOf20090930" decimals="-3" unitRef="TWD">4552585000</tw-gaap-ci:CapitalSurplusAdditionalPaidCapitalBondConversion>
	<tw-gaap-ci:CapitalSurplusAdditionalPaidCapital contextRef="AsOf20100930" decimals="-3" unitRef="TWD">6587571000</tw-gaap-ci:CapitalSurplusAdditionalPaidCapital>
	<tw-gaap-ci:CapitalSurplusAdditionalPaidCapital contextRef="AsOf20090930" decimals="-3" unitRef="TWD">6246352000</tw-gaap-ci:CapitalSurplusAdditionalPaidCapital>
	<tw-gaap-ci:CapitalSurplusTreasuryStockTransactions contextRef="AsOf20100930" decimals="-3" unitRef="TWD">627592000</tw-gaap-ci:CapitalSurplusTreasuryStockTransactions>
	<tw-gaap-ci:CapitalSurplusTreasuryStockTransactions contextRef="AsOf20090930" decimals="-3" unitRef="TWD">501671000</tw-gaap-ci:CapitalSurplusTreasuryStockTransactions>
	<tw-gaap-ci:CapitalSurplusLongTermEquityInvestments contextRef="AsOf20100930" decimals="-3" unitRef="TWD">491324000</tw-gaap-ci:CapitalSurplusLongTermEquityInvestments>
	<tw-gaap-ci:CapitalSurplusLongTermEquityInvestments contextRef="AsOf20090930" decimals="-3" unitRef="TWD">475827000</tw-gaap-ci:CapitalSurplusLongTermEquityInvestments>
	<tw-gaap-ci:CapitalSurplusPremiumMerger contextRef="AsOf20100930" decimals="-3" unitRef="TWD">29800881000</tw-gaap-ci:CapitalSurplusPremiumMerger>
	<tw-gaap-ci:CapitalSurplusPremiumMerger contextRef="AsOf20090930" decimals="-3" unitRef="TWD">29800881000</tw-gaap-ci:CapitalSurplusPremiumMerger>
	<tw-gaap-ci:CapitalSurplusEmployeeStockOption contextRef="AsOf20100930" decimals="-3" unitRef="TWD">668738000</tw-gaap-ci:CapitalSurplusEmployeeStockOption>
	<tw-gaap-ci:CapitalSurplusEmployeeStockOption contextRef="AsOf20090930" decimals="-3" unitRef="TWD">279745000</tw-gaap-ci:CapitalSurplusEmployeeStockOption>
	<tw-gaap-ci:CapitalSurplusStockOption contextRef="AsOf20100930" decimals="-3" unitRef="TWD">297149000</tw-gaap-ci:CapitalSurplusStockOption>
	<tw-gaap-ci:CapitalSurplusStockOption contextRef="AsOf20090930" decimals="-3" unitRef="TWD">0</tw-gaap-ci:CapitalSurplusStockOption>
	<tw-gaap-ci:CapitalSurplusInterestPayableRefundBondConversion contextRef="AsOf20100930" decimals="-3" unitRef="TWD">1006210000</tw-gaap-ci:CapitalSurplusInterestPayableRefundBondConversion>
	<tw-gaap-ci:CapitalSurplusInterestPayableRefundBondConversion contextRef="AsOf20090930" decimals="-3" unitRef="TWD">1006210000</tw-gaap-ci:CapitalSurplusInterestPayableRefundBondConversion>
	<tw-gaap-ci:CapitalSurplusOther contextRef="AsOf20100930" decimals="-3" unitRef="TWD">1006210000</tw-gaap-ci:CapitalSurplusOther>
	<tw-gaap-ci:CapitalSurplusOther contextRef="AsOf20090930" decimals="-3" unitRef="TWD">1006210000</tw-gaap-ci:CapitalSurplusOther>
	<tw-gaap-ci:CapitalSurplus contextRef="AsOf20100930" decimals="-3" unitRef="TWD">39479465000</tw-gaap-ci:CapitalSurplus>
	<tw-gaap-ci:CapitalSurplus contextRef="AsOf20090930" decimals="-3" unitRef="TWD">38310686000</tw-gaap-ci:CapitalSurplus>
	<tw-gaap-ci:LegalReserve contextRef="AsOf20100930" decimals="-3" unitRef="TWD">11096134000</tw-gaap-ci:LegalReserve>
	<tw-gaap-ci:LegalReserve contextRef="AsOf20090930" decimals="-3" unitRef="TWD">9960796000</tw-gaap-ci:LegalReserve>
	<tw-gaap-ci:SpecialReserve contextRef="AsOf20100930" decimals="-3" unitRef="TWD">0</tw-gaap-ci:SpecialReserve>
	<tw-gaap-ci:SpecialReserve contextRef="AsOf20090930" decimals="-3" unitRef="TWD">1991615000</tw-gaap-ci:SpecialReserve>
	<tw-gaap-ci:UnappropriatedRetainedEarnings contextRef="AsOf20100930" decimals="-3" unitRef="TWD">20334472000</tw-gaap-ci:UnappropriatedRetainedEarnings>
	<tw-gaap-ci:UnappropriatedRetainedEarnings contextRef="AsOf20090930" decimals="-3" unitRef="TWD">13104990000</tw-gaap-ci:UnappropriatedRetainedEarnings>
	<tw-gaap-ci:RetainedEarnings contextRef="AsOf20100930" decimals="-3" unitRef="TWD">31430606000</tw-gaap-ci:RetainedEarnings>
	<tw-gaap-ci:RetainedEarnings contextRef="AsOf20090930" decimals="-3" unitRef="TWD">25057401000</tw-gaap-ci:RetainedEarnings>
	<tw-gaap-ci:CumulativeTranslationAdjustments contextRef="AsOf20100930" decimals="-3" unitRef="TWD">-645333000</tw-gaap-ci:CumulativeTranslationAdjustments>
	<tw-gaap-ci:CumulativeTranslationAdjustments contextRef="AsOf20090930" decimals="-3" unitRef="TWD">1958580000</tw-gaap-ci:CumulativeTranslationAdjustments>
	<tw-gaap-ci:NetLossNotRecognizedPensionCost contextRef="AsOf20100930" decimals="-3" unitRef="TWD">4365000</tw-gaap-ci:NetLossNotRecognizedPensionCost>
	<tw-gaap-ci:NetLossNotRecognizedPensionCost contextRef="AsOf20090930" decimals="-3" unitRef="TWD">567000</tw-gaap-ci:NetLossNotRecognizedPensionCost>
	<tw-gaap-ci:UnrealizedGainsLossesFinancialInstruments contextRef="AsOf20100930" decimals="-3" unitRef="TWD">-192358000</tw-gaap-ci:UnrealizedGainsLossesFinancialInstruments>
	<tw-gaap-ci:UnrealizedGainsLossesFinancialInstruments contextRef="AsOf20090930" decimals="-3" unitRef="TWD">960683000</tw-gaap-ci:UnrealizedGainsLossesFinancialInstruments>
	<tw-gaap-ci:TreasuryStock contextRef="AsOf20100930" decimals="-3" unitRef="TWD">3522598000</tw-gaap-ci:TreasuryStock>
	<tw-gaap-ci:TreasuryStock contextRef="AsOf20090930" decimals="-3" unitRef="TWD">3522598000</tw-gaap-ci:TreasuryStock>
	<tw-gaap-ci:StockholdersEquitiesAdjustments contextRef="AsOf20100930" decimals="-3" unitRef="TWD">-4364654000</tw-gaap-ci:StockholdersEquitiesAdjustments>
	<tw-gaap-ci:StockholdersEquitiesAdjustments contextRef="AsOf20090930" decimals="-3" unitRef="TWD">-603902000</tw-gaap-ci:StockholdersEquitiesAdjustments>
	<tw-gaap-ci:StockholdersEquities contextRef="AsOf20100930" decimals="-3" unitRef="TWD">93492830000</tw-gaap-ci:StockholdersEquities>
	<tw-gaap-ci:StockholdersEquities contextRef="AsOf20090930" decimals="-3" unitRef="TWD">89620651000</tw-gaap-ci:StockholdersEquities>
	<tw-gaap-ci:EquivalentSharesOutstandingAdvanceReceiptsCommonStock contextRef="AsOf20100930" decimals="0" unitRef="Shares">0</tw-gaap-ci:EquivalentSharesOutstandingAdvanceReceiptsCommonStock>
	<tw-gaap-ci:EquivalentSharesOutstandingAdvanceReceiptsCommonStock contextRef="AsOf20090930" decimals="0" unitRef="Shares">0</tw-gaap-ci:EquivalentSharesOutstandingAdvanceReceiptsCommonStock>
	<tw-gaap-ci:NumberTreasuryStockAcquiredCompanySubsidiaries contextRef="AsOf20100930" decimals="0" unitRef="Shares">46746290</tw-gaap-ci:NumberTreasuryStockAcquiredCompanySubsidiaries>
	<tw-gaap-ci:NumberTreasuryStockAcquiredCompanySubsidiaries contextRef="AsOf20090930" decimals="0" unitRef="Shares">46699594</tw-gaap-ci:NumberTreasuryStockAcquiredCompanySubsidiaries>
	<tw-gaap-ci:OperatingRevenue contextRef="From20100101To20100930" decimals="-3" unitRef="TWD">409158464000</tw-gaap-ci:OperatingRevenue>
	<tw-gaap-ci:OperatingRevenue contextRef="From20090101To20090930" decimals="-3" unitRef="TWD">339191376000</tw-gaap-ci:OperatingRevenue>
	<tw-gaap-ci:OperatingCosts contextRef="From20100101To20100930" decimals="-3" unitRef="TWD">396276725000</tw-gaap-ci:OperatingCosts>
	<tw-gaap-ci:OperatingCosts contextRef="From20090101To20090930" decimals="-3" unitRef="TWD">329452212000</tw-gaap-ci:OperatingCosts>
	<tw-gaap-ci:GrossProfitLossOperations contextRef="From20100101To20100930" decimals="-3" unitRef="TWD">12881739000</tw-gaap-ci:GrossProfitLossOperations>
	<tw-gaap-ci:GrossProfitLossOperations contextRef="From20090101To20090930" decimals="-3" unitRef="TWD">9739164000</tw-gaap-ci:GrossProfitLossOperations>
	<tw-gaap-ci:UnrealizedGainInterAffiliateAccounts contextRef="From20100101To20100930" decimals="-3" unitRef="TWD">30890000</tw-gaap-ci:UnrealizedGainInterAffiliateAccounts>
	<tw-gaap-ci:UnrealizedGainInterAffiliateAccounts contextRef="From20090101To20090930" decimals="-3" unitRef="TWD">23424000</tw-gaap-ci:UnrealizedGainInterAffiliateAccounts>
	<tw-gaap-ci:Sellingexpense contextRef="From20100101To20100930" decimals="-3" unitRef="TWD">4243839000</tw-gaap-ci:Sellingexpense>
	<tw-gaap-ci:Sellingexpense contextRef="From20090101To20090930" decimals="-3" unitRef="TWD">3575539000</tw-gaap-ci:Sellingexpense>
	<tw-gaap-ci:GeneralAdministrativeExpenses contextRef="From20100101To20100930" decimals="-3" unitRef="TWD">697744000</tw-gaap-ci:GeneralAdministrativeExpenses>
	<tw-gaap-ci:GeneralAdministrativeExpenses contextRef="From20090101To20090930" decimals="-3" unitRef="TWD">316313000</tw-gaap-ci:GeneralAdministrativeExpenses>
	<tw-gaap-ci:ResearchDevelopmentExpenses contextRef="From20100101To20100930" decimals="-3" unitRef="TWD">780248000</tw-gaap-ci:ResearchDevelopmentExpenses>
	<tw-gaap-ci:ResearchDevelopmentExpenses contextRef="From20090101To20090930" decimals="-3" unitRef="TWD">443368000</tw-gaap-ci:ResearchDevelopmentExpenses>
	<tw-gaap-ci:OperatingExpenses contextRef="From20100101To20100930" decimals="-3" unitRef="TWD">5721831000</tw-gaap-ci:OperatingExpenses>
	<tw-gaap-ci:OperatingExpenses contextRef="From20090101To20090930" decimals="-3" unitRef="TWD">4335220000</tw-gaap-ci:OperatingExpenses>
	<tw-gaap-ci:OperatingIncomeLoss contextRef="From20100101To20100930" decimals="-3" unitRef="TWD">7129018000</tw-gaap-ci:OperatingIncomeLoss>
	<tw-gaap-ci:OperatingIncomeLoss contextRef="From20090101To20090930" decimals="-3" unitRef="TWD">5380520000</tw-gaap-ci:OperatingIncomeLoss>
	<tw-gaap-ci:InterestIncome contextRef="From20100101To20100930" decimals="-3" unitRef="TWD">23088000</tw-gaap-ci:InterestIncome>
	<tw-gaap-ci:InterestIncome contextRef="From20090101To20090930" decimals="-3" unitRef="TWD">51377000</tw-gaap-ci:InterestIncome>
	<tw-gaap-ci:InvestmentGainsRecognizedEquityMethod contextRef="From20100101To20100930" decimals="-3" unitRef="TWD">7078406000</tw-gaap-ci:InvestmentGainsRecognizedEquityMethod>
	<tw-gaap-ci:InvestmentGainsRecognizedEquityMethod contextRef="From20090101To20090930" decimals="-3" unitRef="TWD">3881590000</tw-gaap-ci:InvestmentGainsRecognizedEquityMethod>
	<tw-gaap-ci:InvestmentGains contextRef="From20100101To20100930" decimals="-3" unitRef="TWD">7078406000</tw-gaap-ci:InvestmentGains>
	<tw-gaap-ci:InvestmentGains contextRef="From20090101To20090930" decimals="-3" unitRef="TWD">3881590000</tw-gaap-ci:InvestmentGains>
	<tw-gaap-ci:GainsSaleInvestments contextRef="From20100101To20100930" decimals="-3" unitRef="TWD">566319000</tw-gaap-ci:GainsSaleInvestments>
	<tw-gaap-ci:GainsSaleInvestments contextRef="From20090101To20090930" decimals="-3" unitRef="TWD">2213000</tw-gaap-ci:GainsSaleInvestments>
	<tw-gaap-ci:MiscellaneousIncome contextRef="From20100101To20100930" decimals="-3" unitRef="TWD">127578000</tw-gaap-ci:MiscellaneousIncome>
	<tw-gaap-ci:MiscellaneousIncome contextRef="From20090101To20090930" decimals="-3" unitRef="TWD">100560000</tw-gaap-ci:MiscellaneousIncome>
	<tw-gaap-ci:NonOperatingIncomeGains contextRef="From20100101To20100930" decimals="-3" unitRef="TWD">7795391000</tw-gaap-ci:NonOperatingIncomeGains>
	<tw-gaap-ci:NonOperatingIncomeGains contextRef="From20090101To20090930" decimals="-3" unitRef="TWD">4035740000</tw-gaap-ci:NonOperatingIncomeGains>
	<tw-gaap-ci:InterestExpense contextRef="From20100101To20100930" decimals="-3" unitRef="TWD">262683000</tw-gaap-ci:InterestExpense>
	<tw-gaap-ci:InterestExpense contextRef="From20090101To20090930" decimals="-3" unitRef="TWD">210881000</tw-gaap-ci:InterestExpense>
	<tw-gaap-ci:ForeignExchangeLosses contextRef="From20100101To20100930" decimals="-3" unitRef="TWD">1436515000</tw-gaap-ci:ForeignExchangeLosses>
	<tw-gaap-ci:ForeignExchangeLosses contextRef="From20090101To20090930" decimals="-3" unitRef="TWD">131082000</tw-gaap-ci:ForeignExchangeLosses>
	<tw-gaap-ci:ImpairmentLossAssets contextRef="From20100101To20100930" decimals="-3" unitRef="TWD">350000000</tw-gaap-ci:ImpairmentLossAssets>
	<tw-gaap-ci:ImpairmentLossAssets contextRef="From20090101To20090930" decimals="-3" unitRef="TWD">0</tw-gaap-ci:ImpairmentLossAssets>
	<tw-gaap-ci:MiscellaneousDisbursements contextRef="From20100101To20100930" decimals="-3" unitRef="TWD">0</tw-gaap-ci:MiscellaneousDisbursements>
	<tw-gaap-ci:MiscellaneousDisbursements contextRef="From20090101To20090930" decimals="-3" unitRef="TWD">2441000</tw-gaap-ci:MiscellaneousDisbursements>
	<tw-gaap-ci:NonOperatingExpenses contextRef="From20100101To20100930" decimals="-3" unitRef="TWD">2049198000</tw-gaap-ci:NonOperatingExpenses>
	<tw-gaap-ci:NonOperatingExpenses contextRef="From20090101To20090930" decimals="-3" unitRef="TWD">344404000</tw-gaap-ci:NonOperatingExpenses>
	<tw-gaap-ci:IncomeContinuingOperationsBeforeIncomeTax contextRef="From20100101To20100930" decimals="-3" unitRef="TWD">12875211000</tw-gaap-ci:IncomeContinuingOperationsBeforeIncomeTax>
	<tw-gaap-ci:IncomeContinuingOperationsBeforeIncomeTax contextRef="From20090101To20090930" decimals="-3" unitRef="TWD">9071856000</tw-gaap-ci:IncomeContinuingOperationsBeforeIncomeTax>
	<tw-gaap-ci:IncomeTaxExpenseBenefit contextRef="From20100101To20100930" decimals="-3" unitRef="TWD">1655888000</tw-gaap-ci:IncomeTaxExpenseBenefit>
	<tw-gaap-ci:IncomeTaxExpenseBenefit contextRef="From20090101To20090930" decimals="-3" unitRef="TWD">1236092000</tw-gaap-ci:IncomeTaxExpenseBenefit>
	<tw-gaap-ci:IncomeContinuingOperations contextRef="From20100101To20100930" decimals="-3" unitRef="TWD">11219323000</tw-gaap-ci:IncomeContinuingOperations>
	<tw-gaap-ci:IncomeContinuingOperations contextRef="From20090101To20090930" decimals="-3" unitRef="TWD">7835764000</tw-gaap-ci:IncomeContinuingOperations>
	<tw-gaap-ci:NetIncomeLoss contextRef="From20100101To20100930" decimals="-3" unitRef="TWD">11219323000</tw-gaap-ci:NetIncomeLoss>
	<tw-gaap-ci:NetIncomeLoss contextRef="From20090101To20090930" decimals="-3" unitRef="TWD">7835764000</tw-gaap-ci:NetIncomeLoss>
	<tw-gaap-ci:PrimaryEarningsPerShare contextRef="From20100101To20100930" decimals="2" unitRef="TWD">4.24</tw-gaap-ci:PrimaryEarningsPerShare>
	<tw-gaap-ci:PrimaryEarningsPerShare contextRef="From20090101To20090930" decimals="2" unitRef="TWD">2.98</tw-gaap-ci:PrimaryEarningsPerShare>
	<tw-gaap-ci:DilutedEarningsPerShare contextRef="From20100101To20100930" decimals="2" unitRef="TWD">4.16</tw-gaap-ci:DilutedEarningsPerShare>
	<tw-gaap-ci:DilutedEarningsPerShare contextRef="From20090101To20090930" decimals="2" unitRef="TWD">2.94</tw-gaap-ci:DilutedEarningsPerShare>
	<tw-gaap-ci:NetIncomeLoss_StatementCashFlows contextRef="From20100101To20100930" decimals="-3" unitRef="TWD">11219323000</tw-gaap-ci:NetIncomeLoss_StatementCashFlows>
	<tw-gaap-ci:NetIncomeLoss_StatementCashFlows contextRef="From20090101To20090930" decimals="-3" unitRef="TWD">7835764000</tw-gaap-ci:NetIncomeLoss_StatementCashFlows>
	<tw-gaap-ci:DepreciationExpense-Operating contextRef="From20100101To20100930" decimals="-3" unitRef="TWD">142026000</tw-gaap-ci:DepreciationExpense-Operating>
	<tw-gaap-ci:DepreciationExpense-Operating contextRef="From20090101To20090930" decimals="-3" unitRef="TWD">127607000</tw-gaap-ci:DepreciationExpense-Operating>
	<tw-gaap-ci:AmortizationExpense-Operating contextRef="From20100101To20100930" decimals="-3" unitRef="TWD">337487000</tw-gaap-ci:AmortizationExpense-Operating>
	<tw-gaap-ci:AmortizationExpense-Operating contextRef="From20090101To20090930" decimals="-3" unitRef="TWD">301017000</tw-gaap-ci:AmortizationExpense-Operating>
	<tw-gaap-ci:Stock-basedPaymentCompensationCost contextRef="From20100101To20100930" decimals="-3" unitRef="TWD">352632000</tw-gaap-ci:Stock-basedPaymentCompensationCost>
	<tw-gaap-ci:Stock-basedPaymentCompensationCost contextRef="From20090101To20090930" decimals="-3" unitRef="TWD">174608000</tw-gaap-ci:Stock-basedPaymentCompensationCost>
	<tw-gaap-ci:AmortizationDiscountsPremiumsBondsPayable contextRef="From20100101To20100930" decimals="-3" unitRef="TWD">60622000</tw-gaap-ci:AmortizationDiscountsPremiumsBondsPayable>
	<tw-gaap-ci:AmortizationDiscountsPremiumsBondsPayable contextRef="From20090101To20090930" decimals="-3" unitRef="TWD">0</tw-gaap-ci:AmortizationDiscountsPremiumsBondsPayable>
	<tw-gaap-ci:EffectsExchangeRateChangesBondsPayble contextRef="From20100101To20100930" decimals="-3" unitRef="TWD">-253569000</tw-gaap-ci:EffectsExchangeRateChangesBondsPayble>
	<tw-gaap-ci:EffectsExchangeRateChangesBondsPayble contextRef="From20090101To20090930" decimals="-3" unitRef="TWD">0</tw-gaap-ci:EffectsExchangeRateChangesBondsPayble>
	<tw-gaap-ci:InvestmentLossIncomeRecognizedEquityMethod contextRef="From20100101To20100930" decimals="-3" unitRef="TWD">-7401821000</tw-gaap-ci:InvestmentLossIncomeRecognizedEquityMethod>
	<tw-gaap-ci:InvestmentLossIncomeRecognizedEquityMethod contextRef="From20090101To20090930" decimals="-3" unitRef="TWD">-5197399000</tw-gaap-ci:InvestmentLossIncomeRecognizedEquityMethod>
	<tw-gaap-ci:CashDividendsReceivedEquityMethodInvestees contextRef="From20100101To20100930" decimals="-3" unitRef="TWD">380478000</tw-gaap-ci:CashDividendsReceivedEquityMethodInvestees>
	<tw-gaap-ci:CashDividendsReceivedEquityMethodInvestees contextRef="From20090101To20090930" decimals="-3" unitRef="TWD">988645000</tw-gaap-ci:CashDividendsReceivedEquityMethodInvestees>
	<tw-gaap-ci:GainLossDisposalScrappingFixedAssets contextRef="From20100101To20100930" decimals="-3" unitRef="TWD">-85000</tw-gaap-ci:GainLossDisposalScrappingFixedAssets>
	<tw-gaap-ci:GainLossDisposalScrappingFixedAssets contextRef="From20090101To20090930" decimals="-3" unitRef="TWD">-78000</tw-gaap-ci:GainLossDisposalScrappingFixedAssets>
	<tw-gaap-ci:FixedAssetsTransferredExpenses contextRef="From20100101To20100930" decimals="-3" unitRef="TWD">0</tw-gaap-ci:FixedAssetsTransferredExpenses>
	<tw-gaap-ci:FixedAssetsTransferredExpenses contextRef="From20090101To20090930" decimals="-3" unitRef="TWD">130000</tw-gaap-ci:FixedAssetsTransferredExpenses>
	<tw-gaap-ci:GainsLossesSaleInvestments contextRef="From20100101To20100930" decimals="-3" unitRef="TWD">-566319000</tw-gaap-ci:GainsLossesSaleInvestments>
	<tw-gaap-ci:GainsLossesSaleInvestments contextRef="From20090101To20090930" decimals="-3" unitRef="TWD">-2213000</tw-gaap-ci:GainsLossesSaleInvestments>
	<tw-gaap-ci:UnrealizedRevaluationGainFinancialAssetsLiabilities contextRef="From20100101To20100930" decimals="-3" unitRef="TWD">-50608000</tw-gaap-ci:UnrealizedRevaluationGainFinancialAssetsLiabilities>
	<tw-gaap-ci:UnrealizedRevaluationGainFinancialAssetsLiabilities contextRef="From20090101To20090930" decimals="-3" unitRef="TWD">0</tw-gaap-ci:UnrealizedRevaluationGainFinancialAssetsLiabilities>
	<tw-gaap-ci:ImpairmentLossesNonFinancialAssets contextRef="From20100101To20100930" decimals="-3" unitRef="TWD">350000000</tw-gaap-ci:ImpairmentLossesNonFinancialAssets>
	<tw-gaap-ci:ImpairmentLossesNonFinancialAssets contextRef="From20090101To20090930" decimals="-3" unitRef="TWD">0</tw-gaap-ci:ImpairmentLossesNonFinancialAssets>
	<tw-gaap-ci:LossGainDeferredIncomeTax contextRef="From20100101To20100930" decimals="-3" unitRef="TWD">1247627000</tw-gaap-ci:LossGainDeferredIncomeTax>
	<tw-gaap-ci:LossGainDeferredIncomeTax contextRef="From20090101To20090930" decimals="-3" unitRef="TWD">-772985000</tw-gaap-ci:LossGainDeferredIncomeTax>
	<tw-gaap-ci:OtherAdjustmentsReconcileNetIncomeNetCashProvidedUsedOperatingActivities contextRef="From20100101To20100930" decimals="-3" unitRef="TWD">-27059000</tw-gaap-ci:OtherAdjustmentsReconcileNetIncomeNetCashProvidedUsedOperatingActivities>
	<tw-gaap-ci:OtherAdjustmentsReconcileNetIncomeNetCashProvidedUsedOperatingActivities contextRef="From20090101To20090930" decimals="-3" unitRef="TWD">0</tw-gaap-ci:OtherAdjustmentsReconcileNetIncomeNetCashProvidedUsedOperatingActivities>
	<tw-gaap-ci:AdjustmentsReconcileNetIncomeNetCashProvidedUsedOperatingActivities contextRef="From20100101To20100930" decimals="-3" unitRef="TWD">-5428589000</tw-gaap-ci:AdjustmentsReconcileNetIncomeNetCashProvidedUsedOperatingActivities>
	<tw-gaap-ci:AdjustmentsReconcileNetIncomeNetCashProvidedUsedOperatingActivities contextRef="From20090101To20090930" decimals="-3" unitRef="TWD">-4380668000</tw-gaap-ci:AdjustmentsReconcileNetIncomeNetCashProvidedUsedOperatingActivities>
	<tw-gaap-ci:ChangesAccountsReceivable contextRef="From20100101To20100930" decimals="-3" unitRef="TWD">1464177000</tw-gaap-ci:ChangesAccountsReceivable>
	<tw-gaap-ci:ChangesAccountsReceivable contextRef="From20090101To20090930" decimals="-3" unitRef="TWD">-1787617000</tw-gaap-ci:ChangesAccountsReceivable>
	<tw-gaap-ci:ChangesAccountsReceivableRelatedParties contextRef="From20100101To20100930" decimals="-3" unitRef="TWD">-7177163000</tw-gaap-ci:ChangesAccountsReceivableRelatedParties>
	<tw-gaap-ci:ChangesAccountsReceivableRelatedParties contextRef="From20090101To20090930" decimals="-3" unitRef="TWD">-13567241000</tw-gaap-ci:ChangesAccountsReceivableRelatedParties>
	<tw-gaap-ci:ChangesInventories contextRef="From20100101To20100930" decimals="-3" unitRef="TWD">-3022517000</tw-gaap-ci:ChangesInventories>
	<tw-gaap-ci:ChangesInventories contextRef="From20090101To20090930" decimals="-3" unitRef="TWD">-4803395000</tw-gaap-ci:ChangesInventories>
	<tw-gaap-ci:ChangesOtherFinancialAssets_CI contextRef="From20100101To20100930" decimals="-3" unitRef="TWD">-401297000</tw-gaap-ci:ChangesOtherFinancialAssets_CI>
	<tw-gaap-ci:ChangesOtherFinancialAssets_CI contextRef="From20090101To20090930" decimals="-3" unitRef="TWD">1335366000</tw-gaap-ci:ChangesOtherFinancialAssets_CI>
	<tw-gaap-ci:ChangesOtherOperatingAssets contextRef="From20100101To20100930" decimals="-3" unitRef="TWD">-72646000</tw-gaap-ci:ChangesOtherOperatingAssets>
	<tw-gaap-ci:ChangesOtherOperatingAssets contextRef="From20090101To20090930" decimals="-3" unitRef="TWD">43746000</tw-gaap-ci:ChangesOtherOperatingAssets>
	<tw-gaap-ci:ChangesOperatingAssets contextRef="From20100101To20100930" decimals="-3" unitRef="TWD">-9209446000</tw-gaap-ci:ChangesOperatingAssets>
	<tw-gaap-ci:ChangesOperatingAssets contextRef="From20090101To20090930" decimals="-3" unitRef="TWD">-18779141000</tw-gaap-ci:ChangesOperatingAssets>
	<tw-gaap-ci:ChangesAccountsPayable contextRef="From20100101To20100930" decimals="-3" unitRef="TWD">5675243000</tw-gaap-ci:ChangesAccountsPayable>
	<tw-gaap-ci:ChangesAccountsPayable contextRef="From20090101To20090930" decimals="-3" unitRef="TWD">20897454000</tw-gaap-ci:ChangesAccountsPayable>
	<tw-gaap-ci:ChangesAccountsPayableRelatedParties contextRef="From20100101To20100930" decimals="-3" unitRef="TWD">-3387031000</tw-gaap-ci:ChangesAccountsPayableRelatedParties>
	<tw-gaap-ci:ChangesAccountsPayableRelatedParties contextRef="From20090101To20090930" decimals="-3" unitRef="TWD">4475111000</tw-gaap-ci:ChangesAccountsPayableRelatedParties>
	<tw-gaap-ci:ChangesOtherFinancialLiabilities_CI contextRef="From20100101To20100930" decimals="-3" unitRef="TWD">-2522258000</tw-gaap-ci:ChangesOtherFinancialLiabilities_CI>
	<tw-gaap-ci:ChangesOtherFinancialLiabilities_CI contextRef="From20090101To20090930" decimals="-3" unitRef="TWD">9571873000</tw-gaap-ci:ChangesOtherFinancialLiabilities_CI>
	<tw-gaap-ci:ChangesOtherCurrentLiabilities_CI contextRef="From20100101To20100930" decimals="-3" unitRef="TWD">32910000</tw-gaap-ci:ChangesOtherCurrentLiabilities_CI>
	<tw-gaap-ci:ChangesOtherCurrentLiabilities_CI contextRef="From20090101To20090930" decimals="-3" unitRef="TWD">21371000</tw-gaap-ci:ChangesOtherCurrentLiabilities_CI>
	<tw-gaap-ci:ChangesOperatingLiabilities contextRef="From20100101To20100930" decimals="-3" unitRef="TWD">-201136000</tw-gaap-ci:ChangesOperatingLiabilities>
	<tw-gaap-ci:ChangesOperatingLiabilities contextRef="From20090101To20090930" decimals="-3" unitRef="TWD">34965809000</tw-gaap-ci:ChangesOperatingLiabilities>
	<tw-gaap-ci:ChangesOperatingAssetsLiabilities contextRef="From20100101To20100930" decimals="-3" unitRef="TWD">-9410582000</tw-gaap-ci:ChangesOperatingAssetsLiabilities>
	<tw-gaap-ci:ChangesOperatingAssetsLiabilities contextRef="From20090101To20090930" decimals="-3" unitRef="TWD">16186668000</tw-gaap-ci:ChangesOperatingAssetsLiabilities>
	<tw-gaap-ci:NetCashProvidedUsedOperatingActivities contextRef="From20100101To20100930" decimals="-3" unitRef="TWD">-3619848000</tw-gaap-ci:NetCashProvidedUsedOperatingActivities>
	<tw-gaap-ci:NetCashProvidedUsedOperatingActivities contextRef="From20090101To20090930" decimals="-3" unitRef="TWD">19641764000</tw-gaap-ci:NetCashProvidedUsedOperatingActivities>
	<tw-gaap-ci:ProceedsDisposalAvailableSaleFinancialAssets contextRef="From20100101To20100930" decimals="-3" unitRef="TWD">972094000</tw-gaap-ci:ProceedsDisposalAvailableSaleFinancialAssets>
	<tw-gaap-ci:ProceedsDisposalAvailableSaleFinancialAssets contextRef="From20090101To20090930" decimals="-3" unitRef="TWD">0</tw-gaap-ci:ProceedsDisposalAvailableSaleFinancialAssets>
	<tw-gaap-ci:ProceedsDisposalInvestmentsAccountedEquityMethod contextRef="From20100101To20100930" decimals="-3" unitRef="TWD">37286000</tw-gaap-ci:ProceedsDisposalInvestmentsAccountedEquityMethod>
	<tw-gaap-ci:ProceedsDisposalInvestmentsAccountedEquityMethod contextRef="From20090101To20090930" decimals="-3" unitRef="TWD">0</tw-gaap-ci:ProceedsDisposalInvestmentsAccountedEquityMethod>
	<tw-gaap-ci:ReductionReturnStockValueInvestments contextRef="From20100101To20100930" decimals="-3" unitRef="TWD">1007789000</tw-gaap-ci:ReductionReturnStockValueInvestments>
	<tw-gaap-ci:ReductionReturnStockValueInvestments contextRef="From20090101To20090930" decimals="-3" unitRef="TWD">406981000</tw-gaap-ci:ReductionReturnStockValueInvestments>
	<tw-gaap-ci:AcquisitionPropertyPlantEquipment contextRef="From20100101To20100930" decimals="-3" unitRef="TWD">-185313000</tw-gaap-ci:AcquisitionPropertyPlantEquipment>
	<tw-gaap-ci:AcquisitionPropertyPlantEquipment contextRef="From20090101To20090930" decimals="-3" unitRef="TWD">-92922000</tw-gaap-ci:AcquisitionPropertyPlantEquipment>
	<tw-gaap-ci:ProceedsDisposalPropertyPlantEquipment contextRef="From20100101To20100930" decimals="-3" unitRef="TWD">136381000</tw-gaap-ci:ProceedsDisposalPropertyPlantEquipment>
	<tw-gaap-ci:ProceedsDisposalPropertyPlantEquipment contextRef="From20090101To20090930" decimals="-3" unitRef="TWD">78000</tw-gaap-ci:ProceedsDisposalPropertyPlantEquipment>
	<tw-gaap-ci:ChangesOtherReceivablesRelatedParties contextRef="From20100101To20100930" decimals="-3" unitRef="TWD">-997363000</tw-gaap-ci:ChangesOtherReceivablesRelatedParties>
	<tw-gaap-ci:ChangesOtherReceivablesRelatedParties contextRef="From20090101To20090930" decimals="-3" unitRef="TWD">372063000</tw-gaap-ci:ChangesOtherReceivablesRelatedParties>
	<tw-gaap-ci:PurchaseIntangibleAssets contextRef="From20100101To20100930" decimals="-3" unitRef="TWD">-4927429000</tw-gaap-ci:PurchaseIntangibleAssets>
	<tw-gaap-ci:PurchaseIntangibleAssets contextRef="From20090101To20090930" decimals="-3" unitRef="TWD">-2949242000</tw-gaap-ci:PurchaseIntangibleAssets>
	<tw-gaap-ci:ChamgesOtherAssets contextRef="From20100101To20100930" decimals="-3" unitRef="TWD">114455000</tw-gaap-ci:ChamgesOtherAssets>
	<tw-gaap-ci:ChamgesOtherAssets contextRef="From20090101To20090930" decimals="-3" unitRef="TWD">-49414000</tw-gaap-ci:ChamgesOtherAssets>
	<tw-gaap-ci:NetCashProvidedUsedInvestingActivities contextRef="From20100101To20100930" decimals="-3" unitRef="TWD">-3842100000</tw-gaap-ci:NetCashProvidedUsedInvestingActivities>
	<tw-gaap-ci:NetCashProvidedUsedInvestingActivities contextRef="From20090101To20090930" decimals="-3" unitRef="TWD">-2312456000</tw-gaap-ci:NetCashProvidedUsedInvestingActivities>
	<tw-gaap-ci:BondsProceed contextRef="From20100101To20100930" decimals="-3" unitRef="TWD">15886200000</tw-gaap-ci:BondsProceed>
	<tw-gaap-ci:BondsProceed contextRef="From20090101To20090930" decimals="-3" unitRef="TWD">0</tw-gaap-ci:BondsProceed>
	<tw-gaap-ci:ChangeOtherPayablesRelatedParties contextRef="From20100101To20100930" decimals="-3" unitRef="TWD">0</tw-gaap-ci:ChangeOtherPayablesRelatedParties>
	<tw-gaap-ci:ChangeOtherPayablesRelatedParties contextRef="From20090101To20090930" decimals="-3" unitRef="TWD">-1695300000</tw-gaap-ci:ChangeOtherPayablesRelatedParties>
	<tw-gaap-ci:CashDividends contextRef="From20100101To20100930" decimals="-3" unitRef="TWD">-8336835000</tw-gaap-ci:CashDividends>
	<tw-gaap-ci:CashDividends contextRef="From20090101To20090930" decimals="-3" unitRef="TWD">-5285966000</tw-gaap-ci:CashDividends>
	<tw-gaap-ci:EmployeeStockOptionsExercised contextRef="From20100101To20100930" decimals="-3" unitRef="TWD">39917000</tw-gaap-ci:EmployeeStockOptionsExercised>
	<tw-gaap-ci:EmployeeStockOptionsExercised contextRef="From20090101To20090930" decimals="-3" unitRef="TWD">2146000</tw-gaap-ci:EmployeeStockOptionsExercised>
	<tw-gaap-ci:NetCashProvidedUsedFinancingActivities contextRef="From20100101To20100930" decimals="-3" unitRef="TWD">7589282000</tw-gaap-ci:NetCashProvidedUsedFinancingActivities>
	<tw-gaap-ci:NetCashProvidedUsedFinancingActivities contextRef="From20090101To20090930" decimals="-3" unitRef="TWD">-6979120000</tw-gaap-ci:NetCashProvidedUsedFinancingActivities>
	<tw-gaap-ci:NetChangesCashCashEquivalents contextRef="From20100101To20100930" decimals="-3" unitRef="TWD">127334000</tw-gaap-ci:NetChangesCashCashEquivalents>
	<tw-gaap-ci:NetChangesCashCashEquivalents contextRef="From20090101To20090930" decimals="-3" unitRef="TWD">10350188000</tw-gaap-ci:NetChangesCashCashEquivalents>
	<tw-gaap-ci:CashCashEquivalents contextRef="AsOf20100101" decimals="-3" unitRef="TWD">4653227000</tw-gaap-ci:CashCashEquivalents>
	<tw-gaap-ci:CashCashEquivalents contextRef="AsOf20090101" decimals="-3" unitRef="TWD">3292268000</tw-gaap-ci:CashCashEquivalents>
	<tw-gaap-ci:InterestPaid contextRef="From20100101To20100930" decimals="-3" unitRef="TWD">175549000</tw-gaap-ci:InterestPaid>
	<tw-gaap-ci:InterestPaid contextRef="From20090101To20090930" decimals="-3" unitRef="TWD">228854000</tw-gaap-ci:InterestPaid>
	<tw-gaap-ci:InterestPaidExcludingCapitalizedInterest contextRef="From20100101To20100930" decimals="-3" unitRef="TWD">175549000</tw-gaap-ci:InterestPaidExcludingCapitalizedInterest>
	<tw-gaap-ci:InterestPaidExcludingCapitalizedInterest contextRef="From20090101To20090930" decimals="-3" unitRef="TWD">228854000</tw-gaap-ci:InterestPaidExcludingCapitalizedInterest>
	<tw-gaap-ci:IncomeTaxPaid contextRef="From20100101To20100930" decimals="-3" unitRef="TWD">2423175000</tw-gaap-ci:IncomeTaxPaid>
	<tw-gaap-ci:IncomeTaxPaid contextRef="From20090101To20090930" decimals="-3" unitRef="TWD">469767000</tw-gaap-ci:IncomeTaxPaid>
	<tw-gaap-ci:CurrentPortionLong-termLiability contextRef="From20100101To20100930" decimals="-3" unitRef="TWD">3050000000</tw-gaap-ci:CurrentPortionLong-termLiability>
	<tw-gaap-ci:CurrentPortionLong-termLiability contextRef="From20090101To20090930" decimals="-3" unitRef="TWD">0</tw-gaap-ci:CurrentPortionLong-termLiability>
	<tw-gaap-ci:UnrealizedValuationGainsLossesFinancialInstruments contextRef="From20100101To20100930" decimals="-3" unitRef="TWD">-1206675000</tw-gaap-ci:UnrealizedValuationGainsLossesFinancialInstruments>
	<tw-gaap-ci:UnrealizedValuationGainsLossesFinancialInstruments contextRef="From20090101To20090930" decimals="-3" unitRef="TWD">2690314000</tw-gaap-ci:UnrealizedValuationGainsLossesFinancialInstruments>
	<tw-gaap-ci:CumulativeTranslationAdjustments_CFS contextRef="From20100101To20100930" decimals="-3" unitRef="TWD">-1604954000</tw-gaap-ci:CumulativeTranslationAdjustments_CFS>
	<tw-gaap-ci:CumulativeTranslationAdjustments_CFS contextRef="From20090101To20090930" decimals="-3" unitRef="TWD">717522000</tw-gaap-ci:CumulativeTranslationAdjustments_CFS>
	<tw-gaap-ar:AccountantName contextRef="AsOf20101020">安侯建業聯合會計師事務所</tw-gaap-ar:AccountantName>
	<tw-gaap-ar:AssuranceAccountantName1 contextRef="AsOf20101020">張惠貞</tw-gaap-ar:AssuranceAccountantName1>
	<tw-gaap-ar:AssuranceAccountantName2 contextRef="AsOf20101020">楊美雪</tw-gaap-ar:AssuranceAccountantName2>
	<tw-gaap-ar:ReviewAuditDate contextRef="AsOf20101020">2010-10-20</tw-gaap-ar:ReviewAuditDate>
	<tw-gaap-ar:ReviewReport contextRef="AsOf20101020">Y</tw-gaap-ar:ReviewReport>
	<tw-gaap-ar:QualifiedOpinionAbstract contextRef="AsOf20101020">Y</tw-gaap-ar:QualifiedOpinionAbstract>
	<tw-gaap-ar:ByInvestmentCompaniesWithoutAccountantAuditReportRecognizedGainLoss contextRef="AsOf20101020">Y</tw-gaap-ar:ByInvestmentCompaniesWithoutAccountantAuditReportRecognizedGainLoss>
	<tw-gaap-ar:DescriptionEmphasizeItemBody contextRef="AsOf20101020"><![CDATA[]]></tw-gaap-ar:DescriptionEmphasizeItemBody>
	<tw-gaap-ar:DescriptionOtherItemBody contextRef="AsOf20101020"><![CDATA[]]></tw-gaap-ar:DescriptionOtherItemBody>
	<tw-gaap-ar:AccountantsReportBody contextRef="AsOf20101020"><![CDATA[                        會　計　師　核　閱　報　告

宏碁股份有限公司董事會　公鑒： 

宏碁股份有限公司民國九十九年及九十八年九月三十日之資產負債表，暨截至各該日止之
民國九十九年前三季及九十八年前三季之損益表、股東權益變動表及現金流量表，業經本
會計師核閱竣事。上開財務季報表之編製係管理階層之責任，本會計師之責任則為根據核
閱結果出具報告。
除下段所述者外，本會計師係依照審計準則公報第三十六號「財務報表之核閱」規劃並執
行核閱工作。由於本會計師僅實施分析、比較與查詢，並未依照一般公認審計準則查核，
故無法對上開財務季報表整體表示查核意見。
宏碁股份有限公司民國九十九年及九十八年九月三十日採權益法評價之長期股權投資分別
計新台幣(以下同)80,724,040千元及82,092,870千元、聯屬公司間利益之遞延貸項分別計
89,243千元及45,040千元、累積換算調整數分別計(645,333)千元及1,958,580千元，及因
此而認列之民國九十九年前三季及九十八年前三季扣除分攤總管理處費用前之投資利益淨
額分別計7,357,306千元及5,155,351千元、聯屬公司間銷貨之未實現銷貨毛利分別計30,890
千元及23,424千元，係依據被投資公司自行編製未經會計師核閱之財務季報表，以權益法
評價認列。另財務季報表附註十一之(二)及(三)有關轉投資事業及大陸投資相關資訊，係
由被投資公司所提供，本會計師未依第二段所述之核閱程序執行核閱工作。
 
依本會計師核閱結果，除第三段所述該等被投資公司財務季報表及其相關資訊倘經會計師
核閱，對長期股權投資之評價、相關累積換算調整數、聯屬公司間利益之遞延貸項、相關
損益之認列及轉投資事業相關資訊與大陸投資資訊之揭露可能有所調整之影響外，並未發
現第一段所述財務季報表在所有重大方面有違反證券發行人財務報告編製準則、商業會計
法及商業會計處理準則中與財務會計準則相關之規定及我國一般公認會計原則而須作修正
之情事。



	       安 侯 建 業 聯 合 會 計 師 事 務 所
	 		
			
			       張　惠　貞
	       會　計　師：		
			       楊　美　雪		
			
			
	       證券主管機關核准簽證文號: 
               (88)台財證(六)第18311號
	       民 國 九 十 九 年  十  月 二 十 日

]]></tw-gaap-ar:AccountantsReportBody>
	<tw-gaap-notes:FinancialReportnotes contextRef="AsOf20100930"><![CDATA[http://doc.twse.com.tw/server-java/t57sb01?step=1&colorchg=1&co_id=2353&year=99&seamon=3&mtype=A&]]></tw-gaap-notes:FinancialReportnotes>
</xbrl>

<!--This instance document is created by SIIAP V1.3.1-->
