<?xml version="1.0" encoding="UTF-8"?>
<xbrl xmlns="http://www.xbrl.org/2003/instance" xmlns:iso4217="http://www.xbrl.org/2003/iso4217" xmlns:link="http://www.xbrl.org/2003/linkbase" xmlns:tw-gaap-ar="http://www.xbrl.org/tw/fr/gaap/ar/2011-12-31" xmlns:tw-gaap-ci="http://www.xbrl.org/tw/fr/gaap/tw-gaap-ci-2011-12-31" xmlns:tw-gaap-notes="http://www.xbrl.org/tw/fr/gaap/notes/2011-12-31" xmlns:xbrldi="http://xbrl.org/2006/xbrldi" xmlns:xbrldt="http://xbrl.org/2005/xbrldt" xmlns:xbrli="http://www.xbrl.org/2003/instance" xmlns:xlink="http://www.w3.org/1999/xlink">
	<link:schemaRef xlink:arcrole="http://www.w3.org/1999/xlink/properties/linkbase" xlink:href="tw-gaap-ci-2011-12-31.xsd" xlink:type="simple"/>	<context id="AsOf20121020">
		<entity>
			<identifier scheme="http://www.twse.com.tw">2358</identifier>
		</entity>
		<period>
			<instant>2012-10-20</instant>
		</period>
	</context>
	<context id="AsOf20110101">
		<entity>
			<identifier scheme="http://www.twse.com.tw">2358</identifier>
		</entity>
		<period>
			<instant>2011-01-01</instant>
		</period>
	</context>
	<context id="AsOf20120101">
		<entity>
			<identifier scheme="http://www.twse.com.tw">2358</identifier>
		</entity>
		<period>
			<instant>2012-01-01</instant>
		</period>
	</context>
	<context id="From20110101To20110930">
		<entity>
			<identifier scheme="http://www.twse.com.tw">2358</identifier>
		</entity>
		<period>
			<startDate>2011-01-01</startDate>
			<endDate>2011-09-30</endDate>
		</period>
	</context>
	<context id="AsOf20110930">
		<entity>
			<identifier scheme="http://www.twse.com.tw">2358</identifier>
		</entity>
		<period>
			<instant>2011-09-30</instant>
		</period>
	</context>
	<context id="From20120101To20120930">
		<entity>
			<identifier scheme="http://www.twse.com.tw">2358</identifier>
		</entity>
		<period>
			<startDate>2012-01-01</startDate>
			<endDate>2012-09-30</endDate>
		</period>
	</context>
	<context id="AsOf20120930">
		<entity>
			<identifier scheme="http://www.twse.com.tw">2358</identifier>
		</entity>
		<period>
			<instant>2012-09-30</instant>
		</period>
	</context>
	<unit id="TWD">
		<measure>iso4217:TWD</measure>
	</unit>
	<unit id="Shares">
		<measure>xbrli:shares</measure>
	</unit>
	<unit id="EarningsPerShare">
		<divide>
			<unitNumerator>
				<measure>iso4217:TWD</measure>
			</unitNumerator>
			<unitDenominator>
				<measure>xbrli:shares</measure>
			</unitDenominator>
		</divide>
	</unit>
	<unit id="Pure">
		<measure>xbrli:pure</measure>
	</unit>
	<tw-gaap-ci:PettyCashRevolvingFunds contextRef="AsOf20120930" decimals="-3" unitRef="TWD">75000</tw-gaap-ci:PettyCashRevolvingFunds>
	<tw-gaap-ci:PettyCashRevolvingFunds contextRef="AsOf20110930" decimals="-3" unitRef="TWD">75000</tw-gaap-ci:PettyCashRevolvingFunds>
	<tw-gaap-ci:CashBanks contextRef="AsOf20120930" decimals="-3" unitRef="TWD">314866000</tw-gaap-ci:CashBanks>
	<tw-gaap-ci:CashBanks contextRef="AsOf20110930" decimals="-3" unitRef="TWD">178524000</tw-gaap-ci:CashBanks>
	<tw-gaap-ci:CashCashEquivalents contextRef="AsOf20120930" decimals="-3" unitRef="TWD">314941000</tw-gaap-ci:CashCashEquivalents>
	<tw-gaap-ci:CashCashEquivalents contextRef="AsOf20110930" decimals="-3" unitRef="TWD">178599000</tw-gaap-ci:CashCashEquivalents>
	<tw-gaap-ci:NotesReceivable contextRef="AsOf20120930" decimals="-3" unitRef="TWD">119000</tw-gaap-ci:NotesReceivable>
	<tw-gaap-ci:NotesReceivable contextRef="AsOf20110930" decimals="-3" unitRef="TWD">0</tw-gaap-ci:NotesReceivable>
	<tw-gaap-ci:NetNotesReceivable contextRef="AsOf20120930" decimals="-3" unitRef="TWD">119000</tw-gaap-ci:NetNotesReceivable>
	<tw-gaap-ci:NetNotesReceivable contextRef="AsOf20110930" decimals="-3" unitRef="TWD">0</tw-gaap-ci:NetNotesReceivable>
	<tw-gaap-ci:AccountsReceivable contextRef="AsOf20120930" decimals="-3" unitRef="TWD">70598000</tw-gaap-ci:AccountsReceivable>
	<tw-gaap-ci:AccountsReceivable contextRef="AsOf20110930" decimals="-3" unitRef="TWD">89912000</tw-gaap-ci:AccountsReceivable>
	<tw-gaap-ci:AllowanceDoubtfulAccountsAccountsReceivableInstallmentAccountsLeases contextRef="AsOf20120930" decimals="-3" unitRef="TWD">3067000</tw-gaap-ci:AllowanceDoubtfulAccountsAccountsReceivableInstallmentAccountsLeases>
	<tw-gaap-ci:AllowanceDoubtfulAccountsAccountsReceivableInstallmentAccountsLeases contextRef="AsOf20110930" decimals="-3" unitRef="TWD">3630000</tw-gaap-ci:AllowanceDoubtfulAccountsAccountsReceivableInstallmentAccountsLeases>
	<tw-gaap-ci:NetAccountsReceivable contextRef="AsOf20120930" decimals="-3" unitRef="TWD">67531000</tw-gaap-ci:NetAccountsReceivable>
	<tw-gaap-ci:NetAccountsReceivable contextRef="AsOf20110930" decimals="-3" unitRef="TWD">86282000</tw-gaap-ci:NetAccountsReceivable>
	<tw-gaap-ci:TaxRefundReceivable contextRef="AsOf20120930" decimals="-3" unitRef="TWD">11000</tw-gaap-ci:TaxRefundReceivable>
	<tw-gaap-ci:TaxRefundReceivable contextRef="AsOf20110930" decimals="-3" unitRef="TWD">0</tw-gaap-ci:TaxRefundReceivable>
	<tw-gaap-ci:OtherReceivablesOther contextRef="AsOf20120930" decimals="-3" unitRef="TWD">19000</tw-gaap-ci:OtherReceivablesOther>
	<tw-gaap-ci:OtherReceivablesOther contextRef="AsOf20110930" decimals="-3" unitRef="TWD">10000</tw-gaap-ci:OtherReceivablesOther>
	<tw-gaap-ci:OtherReceivables contextRef="AsOf20120930" decimals="-3" unitRef="TWD">30000</tw-gaap-ci:OtherReceivables>
	<tw-gaap-ci:OtherReceivables contextRef="AsOf20110930" decimals="-3" unitRef="TWD">10000</tw-gaap-ci:OtherReceivables>
	<tw-gaap-ci:OtherReceivablesRelatedPartiesOther contextRef="AsOf20120930" decimals="-3" unitRef="TWD">135153000</tw-gaap-ci:OtherReceivablesRelatedPartiesOther>
	<tw-gaap-ci:OtherReceivablesRelatedPartiesOther contextRef="AsOf20110930" decimals="-3" unitRef="TWD">51520000</tw-gaap-ci:OtherReceivablesRelatedPartiesOther>
	<tw-gaap-ci:OtherReceivablesRelatedParties contextRef="AsOf20120930" decimals="-3" unitRef="TWD">135153000</tw-gaap-ci:OtherReceivablesRelatedParties>
	<tw-gaap-ci:OtherReceivablesRelatedParties contextRef="AsOf20110930" decimals="-3" unitRef="TWD">51520000</tw-gaap-ci:OtherReceivablesRelatedParties>
	<tw-gaap-ci:PrepaymentPurchases contextRef="AsOf20120930" decimals="-3" unitRef="TWD">63312000</tw-gaap-ci:PrepaymentPurchases>
	<tw-gaap-ci:PrepaymentPurchases contextRef="AsOf20110930" decimals="-3" unitRef="TWD">67322000</tw-gaap-ci:PrepaymentPurchases>
	<tw-gaap-ci:OtherPrepayments contextRef="AsOf20120930" decimals="-3" unitRef="TWD">63312000</tw-gaap-ci:OtherPrepayments>
	<tw-gaap-ci:OtherPrepayments contextRef="AsOf20110930" decimals="-3" unitRef="TWD">67322000</tw-gaap-ci:OtherPrepayments>
	<tw-gaap-ci:RestrictedCurrentAssets contextRef="AsOf20120930" decimals="-3" unitRef="TWD">4823000</tw-gaap-ci:RestrictedCurrentAssets>
	<tw-gaap-ci:RestrictedCurrentAssets contextRef="AsOf20110930" decimals="-3" unitRef="TWD">0</tw-gaap-ci:RestrictedCurrentAssets>
	<tw-gaap-ci:OthercurrentAssetsOther contextRef="AsOf20120930" decimals="-3" unitRef="TWD">441000</tw-gaap-ci:OthercurrentAssetsOther>
	<tw-gaap-ci:OthercurrentAssetsOther contextRef="AsOf20110930" decimals="-3" unitRef="TWD">568000</tw-gaap-ci:OthercurrentAssetsOther>
	<tw-gaap-ci:OtherCurrentAssets contextRef="AsOf20120930" decimals="-3" unitRef="TWD">5264000</tw-gaap-ci:OtherCurrentAssets>
	<tw-gaap-ci:OtherCurrentAssets contextRef="AsOf20110930" decimals="-3" unitRef="TWD">568000</tw-gaap-ci:OtherCurrentAssets>
	<tw-gaap-ci:CurrentAssets contextRef="AsOf20120930" decimals="-3" unitRef="TWD">586350000</tw-gaap-ci:CurrentAssets>
	<tw-gaap-ci:CurrentAssets contextRef="AsOf20110930" decimals="-3" unitRef="TWD">384301000</tw-gaap-ci:CurrentAssets>
	<tw-gaap-ci:AvailableSaleFinancialAssets-NonCurrent contextRef="AsOf20120930" decimals="-3" unitRef="TWD">647000</tw-gaap-ci:AvailableSaleFinancialAssets-NonCurrent>
	<tw-gaap-ci:AvailableSaleFinancialAssets-NonCurrent contextRef="AsOf20110930" decimals="-3" unitRef="TWD">647000</tw-gaap-ci:AvailableSaleFinancialAssets-NonCurrent>
	<tw-gaap-ci:ValuationAdjustmentAvailableSaleFinancialAssetsNoncurrent contextRef="AsOf20120930" decimals="-3" unitRef="TWD">-559000</tw-gaap-ci:ValuationAdjustmentAvailableSaleFinancialAssetsNoncurrent>
	<tw-gaap-ci:ValuationAdjustmentAvailableSaleFinancialAssetsNoncurrent contextRef="AsOf20110930" decimals="-3" unitRef="TWD">-478000</tw-gaap-ci:ValuationAdjustmentAvailableSaleFinancialAssetsNoncurrent>
	<tw-gaap-ci:AvailablesaleFinancialAssetsNonCurrent contextRef="AsOf20120930" decimals="-3" unitRef="TWD">88000</tw-gaap-ci:AvailablesaleFinancialAssetsNonCurrent>
	<tw-gaap-ci:AvailablesaleFinancialAssetsNonCurrent contextRef="AsOf20110930" decimals="-3" unitRef="TWD">169000</tw-gaap-ci:AvailablesaleFinancialAssetsNonCurrent>
	<tw-gaap-ci:FinancialAssetsCarriedCostNoncurrent contextRef="AsOf20120930" decimals="-3" unitRef="TWD">0</tw-gaap-ci:FinancialAssetsCarriedCostNoncurrent>
	<tw-gaap-ci:FinancialAssetsCarriedCostNoncurrent contextRef="AsOf20110930" decimals="-3" unitRef="TWD">0</tw-gaap-ci:FinancialAssetsCarriedCostNoncurrent>
	<tw-gaap-ci:NetFinancialAssetsCarriedCostNonCurrent contextRef="AsOf20120930" decimals="-3" unitRef="TWD">0</tw-gaap-ci:NetFinancialAssetsCarriedCostNonCurrent>
	<tw-gaap-ci:NetFinancialAssetsCarriedCostNonCurrent contextRef="AsOf20110930" decimals="-3" unitRef="TWD">0</tw-gaap-ci:NetFinancialAssetsCarriedCostNonCurrent>
	<tw-gaap-ci:LongtermInvestmentsEquity contextRef="AsOf20120930" decimals="-3" unitRef="TWD">0</tw-gaap-ci:LongtermInvestmentsEquity>
	<tw-gaap-ci:LongtermInvestmentsEquity contextRef="AsOf20110930" decimals="-3" unitRef="TWD">2393000</tw-gaap-ci:LongtermInvestmentsEquity>
	<tw-gaap-ci:LongtermInvestments contextRef="AsOf20120930" decimals="-3" unitRef="TWD">0</tw-gaap-ci:LongtermInvestments>
	<tw-gaap-ci:LongtermInvestments contextRef="AsOf20110930" decimals="-3" unitRef="TWD">2393000</tw-gaap-ci:LongtermInvestments>
	<tw-gaap-ci:FundsInvestments contextRef="AsOf20120930" decimals="-3" unitRef="TWD">88000</tw-gaap-ci:FundsInvestments>
	<tw-gaap-ci:FundsInvestments contextRef="AsOf20110930" decimals="-3" unitRef="TWD">2562000</tw-gaap-ci:FundsInvestments>
	<tw-gaap-ci:MoldingEquipment contextRef="AsOf20120930" decimals="-3" unitRef="TWD">29458000</tw-gaap-ci:MoldingEquipment>
	<tw-gaap-ci:MoldingEquipment contextRef="AsOf20110930" decimals="-3" unitRef="TWD">0</tw-gaap-ci:MoldingEquipment>
	<tw-gaap-ci:LeaseholdImprovements contextRef="AsOf20120930" decimals="-3" unitRef="TWD">160000</tw-gaap-ci:LeaseholdImprovements>
	<tw-gaap-ci:LeaseholdImprovements contextRef="AsOf20110930" decimals="-3" unitRef="TWD">724000</tw-gaap-ci:LeaseholdImprovements>
	<tw-gaap-ci:FixedAssetsOriginalCosts contextRef="AsOf20120930" decimals="-3" unitRef="TWD">29618000</tw-gaap-ci:FixedAssetsOriginalCosts>
	<tw-gaap-ci:FixedAssetsOriginalCosts contextRef="AsOf20110930" decimals="-3" unitRef="TWD">724000</tw-gaap-ci:FixedAssetsOriginalCosts>
	<tw-gaap-ci:CostsRevaluationIncrement contextRef="AsOf20120930" decimals="-3" unitRef="TWD">29618000</tw-gaap-ci:CostsRevaluationIncrement>
	<tw-gaap-ci:CostsRevaluationIncrement contextRef="AsOf20110930" decimals="-3" unitRef="TWD">724000</tw-gaap-ci:CostsRevaluationIncrement>
	<tw-gaap-ci:AccumulatedDepreciationLeaseholdImprovements contextRef="AsOf20120930" decimals="-3" unitRef="TWD">40000</tw-gaap-ci:AccumulatedDepreciationLeaseholdImprovements>
	<tw-gaap-ci:AccumulatedDepreciationLeaseholdImprovements contextRef="AsOf20110930" decimals="-3" unitRef="TWD">697000</tw-gaap-ci:AccumulatedDepreciationLeaseholdImprovements>
	<tw-gaap-ci:AccumulatedDepreciationOtherFacilities contextRef="AsOf20120930" decimals="-3" unitRef="TWD">13501000</tw-gaap-ci:AccumulatedDepreciationOtherFacilities>
	<tw-gaap-ci:AccumulatedDepreciationOtherFacilities contextRef="AsOf20110930" decimals="-3" unitRef="TWD">0</tw-gaap-ci:AccumulatedDepreciationOtherFacilities>
	<tw-gaap-ci:AccumulatedDepreciation contextRef="AsOf20120930" decimals="-3" unitRef="TWD">13541000</tw-gaap-ci:AccumulatedDepreciation>
	<tw-gaap-ci:AccumulatedDepreciation contextRef="AsOf20110930" decimals="-3" unitRef="TWD">697000</tw-gaap-ci:AccumulatedDepreciation>
	<tw-gaap-ci:FixedAssets contextRef="AsOf20120930" decimals="-3" unitRef="TWD">16077000</tw-gaap-ci:FixedAssets>
	<tw-gaap-ci:FixedAssets contextRef="AsOf20110930" decimals="-3" unitRef="TWD">27000</tw-gaap-ci:FixedAssets>
	<tw-gaap-ci:GuaranteeDepositsPaid contextRef="AsOf20120930" decimals="-3" unitRef="TWD">201000</tw-gaap-ci:GuaranteeDepositsPaid>
	<tw-gaap-ci:GuaranteeDepositsPaid contextRef="AsOf20110930" decimals="-3" unitRef="TWD">3000</tw-gaap-ci:GuaranteeDepositsPaid>
	<tw-gaap-ci:LongtermAccountsReceivableRelatedParties contextRef="AsOf20120930" decimals="-3" unitRef="TWD">211205000</tw-gaap-ci:LongtermAccountsReceivableRelatedParties>
	<tw-gaap-ci:LongtermAccountsReceivableRelatedParties contextRef="AsOf20110930" decimals="-3" unitRef="TWD">243693000</tw-gaap-ci:LongtermAccountsReceivableRelatedParties>
	<tw-gaap-ci:AllowanceBadDebtsLongtermReceivableRelatedParties contextRef="AsOf20120930" decimals="-3" unitRef="TWD">6500000</tw-gaap-ci:AllowanceBadDebtsLongtermReceivableRelatedParties>
	<tw-gaap-ci:AllowanceBadDebtsLongtermReceivableRelatedParties contextRef="AsOf20110930" decimals="-3" unitRef="TWD">6500000</tw-gaap-ci:AllowanceBadDebtsLongtermReceivableRelatedParties>
	<tw-gaap-ci:LongtermNotesReceivableRelatedParties contextRef="AsOf20120930" decimals="-3" unitRef="TWD">204705000</tw-gaap-ci:LongtermNotesReceivableRelatedParties>
	<tw-gaap-ci:LongtermNotesReceivableRelatedParties contextRef="AsOf20110930" decimals="-3" unitRef="TWD">237193000</tw-gaap-ci:LongtermNotesReceivableRelatedParties>
	<tw-gaap-ci:DeferredIncomeTaxAssetsNonCurrent contextRef="AsOf20120930" decimals="-3" unitRef="TWD">68672000</tw-gaap-ci:DeferredIncomeTaxAssetsNonCurrent>
	<tw-gaap-ci:DeferredIncomeTaxAssetsNonCurrent contextRef="AsOf20110930" decimals="-3" unitRef="TWD">68607000</tw-gaap-ci:DeferredIncomeTaxAssetsNonCurrent>
	<tw-gaap-ci:OtherAssets contextRef="AsOf20120930" decimals="-3" unitRef="TWD">273578000</tw-gaap-ci:OtherAssets>
	<tw-gaap-ci:OtherAssets contextRef="AsOf20110930" decimals="-3" unitRef="TWD">305803000</tw-gaap-ci:OtherAssets>
	<tw-gaap-ci:Assets contextRef="AsOf20120930" decimals="-3" unitRef="TWD">876093000</tw-gaap-ci:Assets>
	<tw-gaap-ci:Assets contextRef="AsOf20110930" decimals="-3" unitRef="TWD">692693000</tw-gaap-ci:Assets>
	<tw-gaap-ci:BankLoan contextRef="AsOf20120930" decimals="-3" unitRef="TWD">12740000</tw-gaap-ci:BankLoan>
	<tw-gaap-ci:BankLoan contextRef="AsOf20110930" decimals="-3" unitRef="TWD">0</tw-gaap-ci:BankLoan>
	<tw-gaap-ci:ShortTermBorrowings contextRef="AsOf20120930" decimals="-3" unitRef="TWD">12740000</tw-gaap-ci:ShortTermBorrowings>
	<tw-gaap-ci:ShortTermBorrowings contextRef="AsOf20110930" decimals="-3" unitRef="TWD">0</tw-gaap-ci:ShortTermBorrowings>
	<tw-gaap-ci:AccountsPayable_AccountsPayable contextRef="AsOf20120930" decimals="-3" unitRef="TWD">2560000</tw-gaap-ci:AccountsPayable_AccountsPayable>
	<tw-gaap-ci:AccountsPayable_AccountsPayable contextRef="AsOf20110930" decimals="-3" unitRef="TWD">0</tw-gaap-ci:AccountsPayable_AccountsPayable>
	<tw-gaap-ci:AccountsPayable contextRef="AsOf20120930" decimals="-3" unitRef="TWD">2560000</tw-gaap-ci:AccountsPayable>
	<tw-gaap-ci:AccountsPayable contextRef="AsOf20110930" decimals="-3" unitRef="TWD">0</tw-gaap-ci:AccountsPayable>
	<tw-gaap-ci:AccountsPayableRelatedParties_AccountsPayableRelatedParties contextRef="AsOf20120930" decimals="-3" unitRef="TWD">2270000</tw-gaap-ci:AccountsPayableRelatedParties_AccountsPayableRelatedParties>
	<tw-gaap-ci:AccountsPayableRelatedParties_AccountsPayableRelatedParties contextRef="AsOf20110930" decimals="-3" unitRef="TWD">5144000</tw-gaap-ci:AccountsPayableRelatedParties_AccountsPayableRelatedParties>
	<tw-gaap-ci:AccountsPayableRelatedParties contextRef="AsOf20120930" decimals="-3" unitRef="TWD">2270000</tw-gaap-ci:AccountsPayableRelatedParties>
	<tw-gaap-ci:AccountsPayableRelatedParties contextRef="AsOf20110930" decimals="-3" unitRef="TWD">5144000</tw-gaap-ci:AccountsPayableRelatedParties>
	<tw-gaap-ci:IncomeTaxPayable contextRef="AsOf20120930" decimals="-3" unitRef="TWD">0</tw-gaap-ci:IncomeTaxPayable>
	<tw-gaap-ci:IncomeTaxPayable contextRef="AsOf20110930" decimals="-3" unitRef="TWD">2289000</tw-gaap-ci:IncomeTaxPayable>
	<tw-gaap-ci:SalariesWagesPayable contextRef="AsOf20120930" decimals="-3" unitRef="TWD">2076000</tw-gaap-ci:SalariesWagesPayable>
	<tw-gaap-ci:SalariesWagesPayable contextRef="AsOf20110930" decimals="-3" unitRef="TWD">1684000</tw-gaap-ci:SalariesWagesPayable>
	<tw-gaap-ci:RentsPayable contextRef="AsOf20120930" decimals="-3" unitRef="TWD">5000</tw-gaap-ci:RentsPayable>
	<tw-gaap-ci:RentsPayable contextRef="AsOf20110930" decimals="-3" unitRef="TWD">5000</tw-gaap-ci:RentsPayable>
	<tw-gaap-ci:InterestPayable contextRef="AsOf20120930" decimals="-3" unitRef="TWD">5000</tw-gaap-ci:InterestPayable>
	<tw-gaap-ci:InterestPayable contextRef="AsOf20110930" decimals="-3" unitRef="TWD">0</tw-gaap-ci:InterestPayable>
	<tw-gaap-ci:OtherAccruedExpenses contextRef="AsOf20120930" decimals="-3" unitRef="TWD">2316000</tw-gaap-ci:OtherAccruedExpenses>
	<tw-gaap-ci:OtherAccruedExpenses contextRef="AsOf20110930" decimals="-3" unitRef="TWD">1948000</tw-gaap-ci:OtherAccruedExpenses>
	<tw-gaap-ci:AccruedExpenses contextRef="AsOf20120930" decimals="-3" unitRef="TWD">4402000</tw-gaap-ci:AccruedExpenses>
	<tw-gaap-ci:AccruedExpenses contextRef="AsOf20110930" decimals="-3" unitRef="TWD">3637000</tw-gaap-ci:AccruedExpenses>
	<tw-gaap-ci:BusinessTaxPayable contextRef="AsOf20120930" decimals="-3" unitRef="TWD">231000</tw-gaap-ci:BusinessTaxPayable>
	<tw-gaap-ci:BusinessTaxPayable contextRef="AsOf20110930" decimals="-3" unitRef="TWD">0</tw-gaap-ci:BusinessTaxPayable>
	<tw-gaap-ci:OtherPayablesOther contextRef="AsOf20120930" decimals="-3" unitRef="TWD">369000</tw-gaap-ci:OtherPayablesOther>
	<tw-gaap-ci:OtherPayablesOther contextRef="AsOf20110930" decimals="-3" unitRef="TWD">256000</tw-gaap-ci:OtherPayablesOther>
	<tw-gaap-ci:OtherPayables contextRef="AsOf20120930" decimals="-3" unitRef="TWD">600000</tw-gaap-ci:OtherPayables>
	<tw-gaap-ci:OtherPayables contextRef="AsOf20110930" decimals="-3" unitRef="TWD">256000</tw-gaap-ci:OtherPayables>
	<tw-gaap-ci:DeferredIncomeTaxLiabilities contextRef="AsOf20120930" decimals="-3" unitRef="TWD">0</tw-gaap-ci:DeferredIncomeTaxLiabilities>
	<tw-gaap-ci:DeferredIncomeTaxLiabilities contextRef="AsOf20110930" decimals="-3" unitRef="TWD">474000</tw-gaap-ci:DeferredIncomeTaxLiabilities>
	<tw-gaap-ci:OtherCurrentLiabilitiesOther contextRef="AsOf20120930" decimals="-3" unitRef="TWD">308000</tw-gaap-ci:OtherCurrentLiabilitiesOther>
	<tw-gaap-ci:OtherCurrentLiabilitiesOther contextRef="AsOf20110930" decimals="-3" unitRef="TWD">1088000</tw-gaap-ci:OtherCurrentLiabilitiesOther>
	<tw-gaap-ci:OtherCurrentLiabilities contextRef="AsOf20120930" decimals="-3" unitRef="TWD">308000</tw-gaap-ci:OtherCurrentLiabilities>
	<tw-gaap-ci:OtherCurrentLiabilities contextRef="AsOf20110930" decimals="-3" unitRef="TWD">1562000</tw-gaap-ci:OtherCurrentLiabilities>
	<tw-gaap-ci:CurrentLiabilities contextRef="AsOf20120930" decimals="-3" unitRef="TWD">22880000</tw-gaap-ci:CurrentLiabilities>
	<tw-gaap-ci:CurrentLiabilities contextRef="AsOf20110930" decimals="-3" unitRef="TWD">12888000</tw-gaap-ci:CurrentLiabilities>
	<tw-gaap-ci:Long-termInvestmentsEquityCredit contextRef="AsOf20120930" decimals="-3" unitRef="TWD">454000</tw-gaap-ci:Long-termInvestmentsEquityCredit>
	<tw-gaap-ci:Long-termInvestmentsEquityCredit contextRef="AsOf20110930" decimals="-3" unitRef="TWD">419000</tw-gaap-ci:Long-termInvestmentsEquityCredit>
	<tw-gaap-ci:OtherLiabilities contextRef="AsOf20120930" decimals="-3" unitRef="TWD">454000</tw-gaap-ci:OtherLiabilities>
	<tw-gaap-ci:OtherLiabilities contextRef="AsOf20110930" decimals="-3" unitRef="TWD">419000</tw-gaap-ci:OtherLiabilities>
	<tw-gaap-ci:Liabilities contextRef="AsOf20120930" decimals="-3" unitRef="TWD">23334000</tw-gaap-ci:Liabilities>
	<tw-gaap-ci:Liabilities contextRef="AsOf20110930" decimals="-3" unitRef="TWD">13307000</tw-gaap-ci:Liabilities>
	<tw-gaap-ci:CommonStock contextRef="AsOf20120930" decimals="-3" unitRef="TWD">850000000</tw-gaap-ci:CommonStock>
	<tw-gaap-ci:CommonStock contextRef="AsOf20110930" decimals="-3" unitRef="TWD">650000000</tw-gaap-ci:CommonStock>
	<tw-gaap-ci:Capital contextRef="AsOf20120930" decimals="-3" unitRef="TWD">850000000</tw-gaap-ci:Capital>
	<tw-gaap-ci:Capital contextRef="AsOf20110930" decimals="-3" unitRef="TWD">650000000</tw-gaap-ci:Capital>
	<tw-gaap-ci:CapitalSurplusAdditionalPaidCapitalCommonStock contextRef="AsOf20120930" decimals="-3" unitRef="TWD">16000000</tw-gaap-ci:CapitalSurplusAdditionalPaidCapitalCommonStock>
	<tw-gaap-ci:CapitalSurplusAdditionalPaidCapitalCommonStock contextRef="AsOf20110930" decimals="-3" unitRef="TWD">0</tw-gaap-ci:CapitalSurplusAdditionalPaidCapitalCommonStock>
	<tw-gaap-ci:CapitalSurplusAdditionalPaidCapital contextRef="AsOf20120930" decimals="-3" unitRef="TWD">16000000</tw-gaap-ci:CapitalSurplusAdditionalPaidCapital>
	<tw-gaap-ci:CapitalSurplusAdditionalPaidCapital contextRef="AsOf20110930" decimals="-3" unitRef="TWD">0</tw-gaap-ci:CapitalSurplusAdditionalPaidCapital>
	<tw-gaap-ci:CapitalSurplus contextRef="AsOf20120930" decimals="-3" unitRef="TWD">16000000</tw-gaap-ci:CapitalSurplus>
	<tw-gaap-ci:CapitalSurplus contextRef="AsOf20110930" decimals="-3" unitRef="TWD">0</tw-gaap-ci:CapitalSurplus>
	<tw-gaap-ci:LegalReserve contextRef="AsOf20120930" decimals="-3" unitRef="TWD">4074000</tw-gaap-ci:LegalReserve>
	<tw-gaap-ci:LegalReserve contextRef="AsOf20110930" decimals="-3" unitRef="TWD">4074000</tw-gaap-ci:LegalReserve>
	<tw-gaap-ci:SpecialReserve contextRef="AsOf20120930" decimals="-3" unitRef="TWD">6793000</tw-gaap-ci:SpecialReserve>
	<tw-gaap-ci:SpecialReserve contextRef="AsOf20110930" decimals="-3" unitRef="TWD">6793000</tw-gaap-ci:SpecialReserve>
	<tw-gaap-ci:AccumulatedProfitLoss contextRef="AsOf20120930" decimals="-3" unitRef="TWD">6966000</tw-gaap-ci:AccumulatedProfitLoss>
	<tw-gaap-ci:AccumulatedProfitLoss contextRef="AsOf20110930" decimals="-3" unitRef="TWD">29874000</tw-gaap-ci:AccumulatedProfitLoss>
	<tw-gaap-ci:CurrentProfitLoss contextRef="AsOf20120930" decimals="-3" unitRef="TWD">-23467000</tw-gaap-ci:CurrentProfitLoss>
	<tw-gaap-ci:CurrentProfitLoss contextRef="AsOf20110930" decimals="-3" unitRef="TWD">-4143000</tw-gaap-ci:CurrentProfitLoss>
	<tw-gaap-ci:UnappropriatedRetainedEarnings contextRef="AsOf20120930" decimals="-3" unitRef="TWD">-16501000</tw-gaap-ci:UnappropriatedRetainedEarnings>
	<tw-gaap-ci:UnappropriatedRetainedEarnings contextRef="AsOf20110930" decimals="-3" unitRef="TWD">25731000</tw-gaap-ci:UnappropriatedRetainedEarnings>
	<tw-gaap-ci:RetainedEarnings contextRef="AsOf20120930" decimals="-3" unitRef="TWD">-5634000</tw-gaap-ci:RetainedEarnings>
	<tw-gaap-ci:RetainedEarnings contextRef="AsOf20110930" decimals="-3" unitRef="TWD">36598000</tw-gaap-ci:RetainedEarnings>
	<tw-gaap-ci:CumulativeTranslationAdjustments contextRef="AsOf20120930" decimals="-3" unitRef="TWD">-7048000</tw-gaap-ci:CumulativeTranslationAdjustments>
	<tw-gaap-ci:CumulativeTranslationAdjustments contextRef="AsOf20110930" decimals="-3" unitRef="TWD">-6734000</tw-gaap-ci:CumulativeTranslationAdjustments>
	<tw-gaap-ci:UnrealizedGainLossesAvailableSaleFinancialAssetsMember contextRef="From20120101To20120930" decimals="-3" unitRef="TWD">-559000</tw-gaap-ci:UnrealizedGainLossesAvailableSaleFinancialAssetsMember>
	<tw-gaap-ci:UnrealizedGainLossesAvailableSaleFinancialAssetsMember contextRef="From20110101To20110930" decimals="-3" unitRef="TWD">-478000</tw-gaap-ci:UnrealizedGainLossesAvailableSaleFinancialAssetsMember>
	<tw-gaap-ci:UnrealizedGainsLossesFinancialInstruments contextRef="AsOf20120930" decimals="-3" unitRef="TWD">-559000</tw-gaap-ci:UnrealizedGainsLossesFinancialInstruments>
	<tw-gaap-ci:UnrealizedGainsLossesFinancialInstruments contextRef="AsOf20110930" decimals="-3" unitRef="TWD">-478000</tw-gaap-ci:UnrealizedGainsLossesFinancialInstruments>
	<tw-gaap-ci:StockholdersEquitiesAdjustments contextRef="AsOf20120930" decimals="-3" unitRef="TWD">-7607000</tw-gaap-ci:StockholdersEquitiesAdjustments>
	<tw-gaap-ci:StockholdersEquitiesAdjustments contextRef="AsOf20110930" decimals="-3" unitRef="TWD">-7212000</tw-gaap-ci:StockholdersEquitiesAdjustments>
	<tw-gaap-ci:StockholdersEquities contextRef="AsOf20120930" decimals="-3" unitRef="TWD">852759000</tw-gaap-ci:StockholdersEquities>
	<tw-gaap-ci:StockholdersEquities contextRef="AsOf20110930" decimals="-3" unitRef="TWD">679386000</tw-gaap-ci:StockholdersEquities>
	<tw-gaap-ci:EquivalentSharesOutstandingAdvanceReceiptsCommonStock contextRef="AsOf20120930" decimals="0" unitRef="Shares">0</tw-gaap-ci:EquivalentSharesOutstandingAdvanceReceiptsCommonStock>
	<tw-gaap-ci:EquivalentSharesOutstandingAdvanceReceiptsCommonStock contextRef="AsOf20110930" decimals="0" unitRef="Shares">0</tw-gaap-ci:EquivalentSharesOutstandingAdvanceReceiptsCommonStock>
	<tw-gaap-ci:NumberTreasuryStockAcquiredCompanySubsidiaries contextRef="AsOf20120930" decimals="0" unitRef="Shares">0</tw-gaap-ci:NumberTreasuryStockAcquiredCompanySubsidiaries>
	<tw-gaap-ci:NumberTreasuryStockAcquiredCompanySubsidiaries contextRef="AsOf20110930" decimals="0" unitRef="Shares">0</tw-gaap-ci:NumberTreasuryStockAcquiredCompanySubsidiaries>
	<tw-gaap-ci:SalesRevenue contextRef="From20120101To20120930" decimals="-3" unitRef="TWD">393044000</tw-gaap-ci:SalesRevenue>
	<tw-gaap-ci:SalesRevenue contextRef="From20110101To20110930" decimals="-3" unitRef="TWD">418297000</tw-gaap-ci:SalesRevenue>
	<tw-gaap-ci:Sales contextRef="From20120101To20120930" decimals="-3" unitRef="TWD">393044000</tw-gaap-ci:Sales>
	<tw-gaap-ci:Sales contextRef="From20110101To20110930" decimals="-3" unitRef="TWD">418297000</tw-gaap-ci:Sales>
	<tw-gaap-ci:SalesReturns contextRef="From20120101To20120930" decimals="-3" unitRef="TWD">868000</tw-gaap-ci:SalesReturns>
	<tw-gaap-ci:SalesReturns contextRef="From20110101To20110930" decimals="-3" unitRef="TWD">640000</tw-gaap-ci:SalesReturns>
	<tw-gaap-ci:NetSales contextRef="From20120101To20120930" decimals="-3" unitRef="TWD">392176000</tw-gaap-ci:NetSales>
	<tw-gaap-ci:NetSales contextRef="From20110101To20110930" decimals="-3" unitRef="TWD">417657000</tw-gaap-ci:NetSales>
	<tw-gaap-ci:OperatingRevenue contextRef="From20120101To20120930" decimals="-3" unitRef="TWD">392176000</tw-gaap-ci:OperatingRevenue>
	<tw-gaap-ci:OperatingRevenue contextRef="From20110101To20110930" decimals="-3" unitRef="TWD">417657000</tw-gaap-ci:OperatingRevenue>
	<tw-gaap-ci:CostSalesCostSales contextRef="From20120101To20120930" decimals="-3" unitRef="TWD">375706000</tw-gaap-ci:CostSalesCostSales>
	<tw-gaap-ci:CostSalesCostSales contextRef="From20110101To20110930" decimals="-3" unitRef="TWD">397212000</tw-gaap-ci:CostSalesCostSales>
	<tw-gaap-ci:CostSales contextRef="From20120101To20120930" decimals="-3" unitRef="TWD">375706000</tw-gaap-ci:CostSales>
	<tw-gaap-ci:CostSales contextRef="From20110101To20110930" decimals="-3" unitRef="TWD">397212000</tw-gaap-ci:CostSales>
	<tw-gaap-ci:OperatingCosts contextRef="From20120101To20120930" decimals="-3" unitRef="TWD">375706000</tw-gaap-ci:OperatingCosts>
	<tw-gaap-ci:OperatingCosts contextRef="From20110101To20110930" decimals="-3" unitRef="TWD">397212000</tw-gaap-ci:OperatingCosts>
	<tw-gaap-ci:GrossProfitLossOperations contextRef="From20120101To20120930" decimals="-3" unitRef="TWD">16470000</tw-gaap-ci:GrossProfitLossOperations>
	<tw-gaap-ci:GrossProfitLossOperations contextRef="From20110101To20110930" decimals="-3" unitRef="TWD">20445000</tw-gaap-ci:GrossProfitLossOperations>
	<tw-gaap-ci:SalaryWages-GeneralAdministrativeExpenses contextRef="From20120101To20120930" decimals="-3" unitRef="TWD">14340000</tw-gaap-ci:SalaryWages-GeneralAdministrativeExpenses>
	<tw-gaap-ci:SalaryWages-GeneralAdministrativeExpenses contextRef="From20110101To20110930" decimals="-3" unitRef="TWD">13047000</tw-gaap-ci:SalaryWages-GeneralAdministrativeExpenses>
	<tw-gaap-ci:Rent-GeneralAdministrativeExpenses contextRef="From20120101To20120930" decimals="-3" unitRef="TWD">604000</tw-gaap-ci:Rent-GeneralAdministrativeExpenses>
	<tw-gaap-ci:Rent-GeneralAdministrativeExpenses contextRef="From20110101To20110930" decimals="-3" unitRef="TWD">238000</tw-gaap-ci:Rent-GeneralAdministrativeExpenses>
	<tw-gaap-ci:StationerySupplies-GeneralAdministrativeExpenses contextRef="From20120101To20120930" decimals="-3" unitRef="TWD">100000</tw-gaap-ci:StationerySupplies-GeneralAdministrativeExpenses>
	<tw-gaap-ci:StationerySupplies-GeneralAdministrativeExpenses contextRef="From20110101To20110930" decimals="-3" unitRef="TWD">84000</tw-gaap-ci:StationerySupplies-GeneralAdministrativeExpenses>
	<tw-gaap-ci:TravelingExpense-GeneralAdministrativeExpenses contextRef="From20120101To20120930" decimals="-3" unitRef="TWD">174000</tw-gaap-ci:TravelingExpense-GeneralAdministrativeExpenses>
	<tw-gaap-ci:TravelingExpense-GeneralAdministrativeExpenses contextRef="From20110101To20110930" decimals="-3" unitRef="TWD">147000</tw-gaap-ci:TravelingExpense-GeneralAdministrativeExpenses>
	<tw-gaap-ci:Freight-GeneralAdministrativeExpenses contextRef="From20120101To20120930" decimals="-3" unitRef="TWD">43000</tw-gaap-ci:Freight-GeneralAdministrativeExpenses>
	<tw-gaap-ci:Freight-GeneralAdministrativeExpenses contextRef="From20110101To20110930" decimals="-3" unitRef="TWD">11000</tw-gaap-ci:Freight-GeneralAdministrativeExpenses>
	<tw-gaap-ci:PostagePhoneFaxExpense-GeneralAdministrativeExpenses contextRef="From20120101To20120930" decimals="-3" unitRef="TWD">213000</tw-gaap-ci:PostagePhoneFaxExpense-GeneralAdministrativeExpenses>
	<tw-gaap-ci:PostagePhoneFaxExpense-GeneralAdministrativeExpenses contextRef="From20110101To20110930" decimals="-3" unitRef="TWD">254000</tw-gaap-ci:PostagePhoneFaxExpense-GeneralAdministrativeExpenses>
	<tw-gaap-ci:RepairsMaintenance-GeneralAdministrativeExpenses contextRef="From20120101To20120930" decimals="-3" unitRef="TWD">43000</tw-gaap-ci:RepairsMaintenance-GeneralAdministrativeExpenses>
	<tw-gaap-ci:RepairsMaintenance-GeneralAdministrativeExpenses contextRef="From20110101To20110930" decimals="-3" unitRef="TWD">48000</tw-gaap-ci:RepairsMaintenance-GeneralAdministrativeExpenses>
	<tw-gaap-ci:Utilities-GeneralAdministrativeExpenses contextRef="From20120101To20120930" decimals="-3" unitRef="TWD">337000</tw-gaap-ci:Utilities-GeneralAdministrativeExpenses>
	<tw-gaap-ci:Utilities-GeneralAdministrativeExpenses contextRef="From20110101To20110930" decimals="-3" unitRef="TWD">303000</tw-gaap-ci:Utilities-GeneralAdministrativeExpenses>
	<tw-gaap-ci:Insurance-GeneralAdministrativeExpenses contextRef="From20120101To20120930" decimals="-3" unitRef="TWD">1829000</tw-gaap-ci:Insurance-GeneralAdministrativeExpenses>
	<tw-gaap-ci:Insurance-GeneralAdministrativeExpenses contextRef="From20110101To20110930" decimals="-3" unitRef="TWD">1792000</tw-gaap-ci:Insurance-GeneralAdministrativeExpenses>
	<tw-gaap-ci:Entertainment-GeneralAdministrativeExpenses contextRef="From20120101To20120930" decimals="-3" unitRef="TWD">329000</tw-gaap-ci:Entertainment-GeneralAdministrativeExpenses>
	<tw-gaap-ci:Entertainment-GeneralAdministrativeExpenses contextRef="From20110101To20110930" decimals="-3" unitRef="TWD">472000</tw-gaap-ci:Entertainment-GeneralAdministrativeExpenses>
	<tw-gaap-ci:Taxes-GeneralAdministrativeExpenses contextRef="From20120101To20120930" decimals="-3" unitRef="TWD">242000</tw-gaap-ci:Taxes-GeneralAdministrativeExpenses>
	<tw-gaap-ci:Taxes-GeneralAdministrativeExpenses contextRef="From20110101To20110930" decimals="-3" unitRef="TWD">325000</tw-gaap-ci:Taxes-GeneralAdministrativeExpenses>
	<tw-gaap-ci:BadDebtLosses-GeneralAdministrativeExpenses contextRef="From20120101To20120930" decimals="-3" unitRef="TWD">37000</tw-gaap-ci:BadDebtLosses-GeneralAdministrativeExpenses>
	<tw-gaap-ci:BadDebtLosses-GeneralAdministrativeExpenses contextRef="From20110101To20110930" decimals="-3" unitRef="TWD">657000</tw-gaap-ci:BadDebtLosses-GeneralAdministrativeExpenses>
	<tw-gaap-ci:Depreciations-GeneralAdministrativeExpenses contextRef="From20120101To20120930" decimals="-3" unitRef="TWD">11086000</tw-gaap-ci:Depreciations-GeneralAdministrativeExpenses>
	<tw-gaap-ci:Depreciations-GeneralAdministrativeExpenses contextRef="From20110101To20110930" decimals="-3" unitRef="TWD">316000</tw-gaap-ci:Depreciations-GeneralAdministrativeExpenses>
	<tw-gaap-ci:FoodStipend-GeneralAdministrativeExpenses contextRef="From20120101To20120930" decimals="-3" unitRef="TWD">189000</tw-gaap-ci:FoodStipend-GeneralAdministrativeExpenses>
	<tw-gaap-ci:FoodStipend-GeneralAdministrativeExpenses contextRef="From20110101To20110930" decimals="-3" unitRef="TWD">203000</tw-gaap-ci:FoodStipend-GeneralAdministrativeExpenses>
	<tw-gaap-ci:EmployeeBenefits-GeneralAdministrativeExpenses contextRef="From20120101To20120930" decimals="-3" unitRef="TWD">197000</tw-gaap-ci:EmployeeBenefits-GeneralAdministrativeExpenses>
	<tw-gaap-ci:EmployeeBenefits-GeneralAdministrativeExpenses contextRef="From20110101To20110930" decimals="-3" unitRef="TWD">209000</tw-gaap-ci:EmployeeBenefits-GeneralAdministrativeExpenses>
	<tw-gaap-ci:Training-GeneralAdministrativeExpenses contextRef="From20120101To20120930" decimals="-3" unitRef="TWD">10000</tw-gaap-ci:Training-GeneralAdministrativeExpenses>
	<tw-gaap-ci:Training-GeneralAdministrativeExpenses contextRef="From20110101To20110930" decimals="-3" unitRef="TWD">10000</tw-gaap-ci:Training-GeneralAdministrativeExpenses>
	<tw-gaap-ci:OtherExpenses-GeneralAdministrativeExpenses contextRef="From20120101To20120930" decimals="-3" unitRef="TWD">4160000</tw-gaap-ci:OtherExpenses-GeneralAdministrativeExpenses>
	<tw-gaap-ci:OtherExpenses-GeneralAdministrativeExpenses contextRef="From20110101To20110930" decimals="-3" unitRef="TWD">6753000</tw-gaap-ci:OtherExpenses-GeneralAdministrativeExpenses>
	<tw-gaap-ci:GeneralAdministrativeExpenses contextRef="From20120101To20120930" decimals="-3" unitRef="TWD">33933000</tw-gaap-ci:GeneralAdministrativeExpenses>
	<tw-gaap-ci:GeneralAdministrativeExpenses contextRef="From20110101To20110930" decimals="-3" unitRef="TWD">24869000</tw-gaap-ci:GeneralAdministrativeExpenses>
	<tw-gaap-ci:OtherExpenses-ResearchDevelopmentExpenses contextRef="From20120101To20120930" decimals="-3" unitRef="TWD">1050000</tw-gaap-ci:OtherExpenses-ResearchDevelopmentExpenses>
	<tw-gaap-ci:OtherExpenses-ResearchDevelopmentExpenses contextRef="From20110101To20110930" decimals="-3" unitRef="TWD">3150000</tw-gaap-ci:OtherExpenses-ResearchDevelopmentExpenses>
	<tw-gaap-ci:ResearchDevelopmentExpenses contextRef="From20120101To20120930" decimals="-3" unitRef="TWD">1050000</tw-gaap-ci:ResearchDevelopmentExpenses>
	<tw-gaap-ci:ResearchDevelopmentExpenses contextRef="From20110101To20110930" decimals="-3" unitRef="TWD">3150000</tw-gaap-ci:ResearchDevelopmentExpenses>
	<tw-gaap-ci:OperatingExpenses contextRef="From20120101To20120930" decimals="-3" unitRef="TWD">34983000</tw-gaap-ci:OperatingExpenses>
	<tw-gaap-ci:OperatingExpenses contextRef="From20110101To20110930" decimals="-3" unitRef="TWD">28019000</tw-gaap-ci:OperatingExpenses>
	<tw-gaap-ci:OperatingIncomeLoss contextRef="From20120101To20120930" decimals="-3" unitRef="TWD">-18513000</tw-gaap-ci:OperatingIncomeLoss>
	<tw-gaap-ci:OperatingIncomeLoss contextRef="From20110101To20110930" decimals="-3" unitRef="TWD">-7574000</tw-gaap-ci:OperatingIncomeLoss>
	<tw-gaap-ci:InterestIncome contextRef="From20120101To20120930" decimals="-3" unitRef="TWD">524000</tw-gaap-ci:InterestIncome>
	<tw-gaap-ci:InterestIncome contextRef="From20110101To20110930" decimals="-3" unitRef="TWD">541000</tw-gaap-ci:InterestIncome>
	<tw-gaap-ci:ForeignExchangeGains contextRef="From20120101To20120930" decimals="-3" unitRef="TWD">0</tw-gaap-ci:ForeignExchangeGains>
	<tw-gaap-ci:ForeignExchangeGains contextRef="From20110101To20110930" decimals="-3" unitRef="TWD">6137000</tw-gaap-ci:ForeignExchangeGains>
	<tw-gaap-ci:MiscellaneousIncome contextRef="From20120101To20120930" decimals="-3" unitRef="TWD">256000</tw-gaap-ci:MiscellaneousIncome>
	<tw-gaap-ci:MiscellaneousIncome contextRef="From20110101To20110930" decimals="-3" unitRef="TWD">68000</tw-gaap-ci:MiscellaneousIncome>
	<tw-gaap-ci:NonOperatingIncomeGains contextRef="From20120101To20120930" decimals="-3" unitRef="TWD">780000</tw-gaap-ci:NonOperatingIncomeGains>
	<tw-gaap-ci:NonOperatingIncomeGains contextRef="From20110101To20110930" decimals="-3" unitRef="TWD">6746000</tw-gaap-ci:NonOperatingIncomeGains>
	<tw-gaap-ci:InterestExpense contextRef="From20120101To20120930" decimals="-3" unitRef="TWD">119000</tw-gaap-ci:InterestExpense>
	<tw-gaap-ci:InterestExpense contextRef="From20110101To20110930" decimals="-3" unitRef="TWD">63000</tw-gaap-ci:InterestExpense>
	<tw-gaap-ci:NonOperatingExpensesInvestmentLossRecognizedEquityMethod contextRef="From20120101To20120930" decimals="-3" unitRef="TWD">38000</tw-gaap-ci:NonOperatingExpensesInvestmentLossRecognizedEquityMethod>
	<tw-gaap-ci:NonOperatingExpensesInvestmentLossRecognizedEquityMethod contextRef="From20110101To20110930" decimals="-3" unitRef="TWD">487000</tw-gaap-ci:NonOperatingExpensesInvestmentLossRecognizedEquityMethod>
	<tw-gaap-ci:NonOperatingExpensesInvestmentLoss contextRef="From20120101To20120930" decimals="-3" unitRef="TWD">38000</tw-gaap-ci:NonOperatingExpensesInvestmentLoss>
	<tw-gaap-ci:NonOperatingExpensesInvestmentLoss contextRef="From20110101To20110930" decimals="-3" unitRef="TWD">487000</tw-gaap-ci:NonOperatingExpensesInvestmentLoss>
	<tw-gaap-ci:ForeignExchangeLosses contextRef="From20120101To20120930" decimals="-3" unitRef="TWD">5577000</tw-gaap-ci:ForeignExchangeLosses>
	<tw-gaap-ci:ForeignExchangeLosses contextRef="From20110101To20110930" decimals="-3" unitRef="TWD">0</tw-gaap-ci:ForeignExchangeLosses>
	<tw-gaap-ci:NonOperatingExpenses contextRef="From20120101To20120930" decimals="-3" unitRef="TWD">5734000</tw-gaap-ci:NonOperatingExpenses>
	<tw-gaap-ci:NonOperatingExpenses contextRef="From20110101To20110930" decimals="-3" unitRef="TWD">550000</tw-gaap-ci:NonOperatingExpenses>
	<tw-gaap-ci:IncomeContinuingOperationsBeforeIncomeTax contextRef="From20120101To20120930" decimals="-3" unitRef="TWD">-23467000</tw-gaap-ci:IncomeContinuingOperationsBeforeIncomeTax>
	<tw-gaap-ci:IncomeContinuingOperationsBeforeIncomeTax contextRef="From20110101To20110930" decimals="-3" unitRef="TWD">-1378000</tw-gaap-ci:IncomeContinuingOperationsBeforeIncomeTax>
	<tw-gaap-ci:IncomeTaxExpenseBenefitIncomeTaxExpenseBenefit contextRef="From20120101To20120930" decimals="-3" unitRef="TWD">0</tw-gaap-ci:IncomeTaxExpenseBenefitIncomeTaxExpenseBenefit>
	<tw-gaap-ci:IncomeTaxExpenseBenefitIncomeTaxExpenseBenefit contextRef="From20110101To20110930" decimals="-3" unitRef="TWD">2291000</tw-gaap-ci:IncomeTaxExpenseBenefitIncomeTaxExpenseBenefit>
	<tw-gaap-ci:DeferredIncomeTaxBenefitExpense contextRef="From20120101To20120930" decimals="-3" unitRef="TWD">0</tw-gaap-ci:DeferredIncomeTaxBenefitExpense>
	<tw-gaap-ci:DeferredIncomeTaxBenefitExpense contextRef="From20110101To20110930" decimals="-3" unitRef="TWD">474000</tw-gaap-ci:DeferredIncomeTaxBenefitExpense>
	<tw-gaap-ci:IncomeTaxExpenseBenefit contextRef="From20120101To20120930" decimals="-3" unitRef="TWD">0</tw-gaap-ci:IncomeTaxExpenseBenefit>
	<tw-gaap-ci:IncomeTaxExpenseBenefit contextRef="From20110101To20110930" decimals="-3" unitRef="TWD">2765000</tw-gaap-ci:IncomeTaxExpenseBenefit>
	<tw-gaap-ci:IncomeContinuingOperations contextRef="From20120101To20120930" decimals="-3" unitRef="TWD">-23467000</tw-gaap-ci:IncomeContinuingOperations>
	<tw-gaap-ci:IncomeContinuingOperations contextRef="From20110101To20110930" decimals="-3" unitRef="TWD">-4143000</tw-gaap-ci:IncomeContinuingOperations>
	<tw-gaap-ci:NetIncomeLoss contextRef="From20120101To20120930" decimals="-3" unitRef="TWD">-23467000</tw-gaap-ci:NetIncomeLoss>
	<tw-gaap-ci:NetIncomeLoss contextRef="From20110101To20110930" decimals="-3" unitRef="TWD">-4143000</tw-gaap-ci:NetIncomeLoss>
	<tw-gaap-ci:PrimaryEarningsPerShare contextRef="From20120101To20120930" decimals="2" unitRef="TWD">-0.35</tw-gaap-ci:PrimaryEarningsPerShare>
	<tw-gaap-ci:PrimaryEarningsPerShare contextRef="From20110101To20110930" decimals="2" unitRef="TWD">-0.06</tw-gaap-ci:PrimaryEarningsPerShare>
	<tw-gaap-ci:DilutedEarningsPerShare contextRef="From20120101To20120930" decimals="2" unitRef="TWD">-0.35</tw-gaap-ci:DilutedEarningsPerShare>
	<tw-gaap-ci:DilutedEarningsPerShare contextRef="From20110101To20110930" decimals="2" unitRef="TWD">-0.06</tw-gaap-ci:DilutedEarningsPerShare>
	<tw-gaap-ci:NetIncomeLoss_StatementCashFlows contextRef="From20120101To20120930" decimals="-3" unitRef="TWD">-23467000</tw-gaap-ci:NetIncomeLoss_StatementCashFlows>
	<tw-gaap-ci:NetIncomeLoss_StatementCashFlows contextRef="From20110101To20110930" decimals="-3" unitRef="TWD">-4143000</tw-gaap-ci:NetIncomeLoss_StatementCashFlows>
	<tw-gaap-ci:DepreciationExpense-Operating contextRef="From20120101To20120930" decimals="-3" unitRef="TWD">11086000</tw-gaap-ci:DepreciationExpense-Operating>
	<tw-gaap-ci:DepreciationExpense-Operating contextRef="From20110101To20110930" decimals="-3" unitRef="TWD">316000</tw-gaap-ci:DepreciationExpense-Operating>
	<tw-gaap-ci:ProvisionTransferRevenueBadDebtsLosses contextRef="From20120101To20120930" decimals="-3" unitRef="TWD">37000</tw-gaap-ci:ProvisionTransferRevenueBadDebtsLosses>
	<tw-gaap-ci:ProvisionTransferRevenueBadDebtsLosses contextRef="From20110101To20110930" decimals="-3" unitRef="TWD">657000</tw-gaap-ci:ProvisionTransferRevenueBadDebtsLosses>
	<tw-gaap-ci:InvestmentLossIncomeRecognizedEquityMethod contextRef="From20120101To20120930" decimals="-3" unitRef="TWD">38000</tw-gaap-ci:InvestmentLossIncomeRecognizedEquityMethod>
	<tw-gaap-ci:InvestmentLossIncomeRecognizedEquityMethod contextRef="From20110101To20110930" decimals="-3" unitRef="TWD">487000</tw-gaap-ci:InvestmentLossIncomeRecognizedEquityMethod>
	<tw-gaap-ci:LossGainDeferredIncomeTax contextRef="From20120101To20120930" decimals="-3" unitRef="TWD">0</tw-gaap-ci:LossGainDeferredIncomeTax>
	<tw-gaap-ci:LossGainDeferredIncomeTax contextRef="From20110101To20110930" decimals="-3" unitRef="TWD">474000</tw-gaap-ci:LossGainDeferredIncomeTax>
	<tw-gaap-ci:OtherAdjustmentsReconcileNetIncomeNetCashProvidedUsedOperatingActivities contextRef="From20120101To20120930" decimals="-3" unitRef="TWD">-256000</tw-gaap-ci:OtherAdjustmentsReconcileNetIncomeNetCashProvidedUsedOperatingActivities>
	<tw-gaap-ci:OtherAdjustmentsReconcileNetIncomeNetCashProvidedUsedOperatingActivities contextRef="From20110101To20110930" decimals="-3" unitRef="TWD">0</tw-gaap-ci:OtherAdjustmentsReconcileNetIncomeNetCashProvidedUsedOperatingActivities>
	<tw-gaap-ci:AdjustmentsReconcileNetIncomeNetCashProvidedUsedOperatingActivities contextRef="From20120101To20120930" decimals="-3" unitRef="TWD">10905000</tw-gaap-ci:AdjustmentsReconcileNetIncomeNetCashProvidedUsedOperatingActivities>
	<tw-gaap-ci:AdjustmentsReconcileNetIncomeNetCashProvidedUsedOperatingActivities contextRef="From20110101To20110930" decimals="-3" unitRef="TWD">1934000</tw-gaap-ci:AdjustmentsReconcileNetIncomeNetCashProvidedUsedOperatingActivities>
	<tw-gaap-ci:ChangesNotesReceivable contextRef="From20120101To20120930" decimals="-3" unitRef="TWD">-119000</tw-gaap-ci:ChangesNotesReceivable>
	<tw-gaap-ci:ChangesNotesReceivable contextRef="From20110101To20110930" decimals="-3" unitRef="TWD">0</tw-gaap-ci:ChangesNotesReceivable>
	<tw-gaap-ci:ChangesAccountsReceivable contextRef="From20120101To20120930" decimals="-3" unitRef="TWD">10306000</tw-gaap-ci:ChangesAccountsReceivable>
	<tw-gaap-ci:ChangesAccountsReceivable contextRef="From20110101To20110930" decimals="-3" unitRef="TWD">952000</tw-gaap-ci:ChangesAccountsReceivable>
	<tw-gaap-ci:ChangesOtherReceivables contextRef="From20120101To20120930" decimals="-3" unitRef="TWD">-24000</tw-gaap-ci:ChangesOtherReceivables>
	<tw-gaap-ci:ChangesOtherReceivables contextRef="From20110101To20110930" decimals="-3" unitRef="TWD">-5000</tw-gaap-ci:ChangesOtherReceivables>
	<tw-gaap-ci:ChangesOtherReceivableRelatedParties contextRef="From20120101To20120930" decimals="-3" unitRef="TWD">-72492000</tw-gaap-ci:ChangesOtherReceivableRelatedParties>
	<tw-gaap-ci:ChangesOtherReceivableRelatedParties contextRef="From20110101To20110930" decimals="-3" unitRef="TWD">12280000</tw-gaap-ci:ChangesOtherReceivableRelatedParties>
	<tw-gaap-ci:ChangesOtherPrepayments contextRef="From20120101To20120930" decimals="-3" unitRef="TWD">22859000</tw-gaap-ci:ChangesOtherPrepayments>
	<tw-gaap-ci:ChangesOtherPrepayments contextRef="From20110101To20110930" decimals="-3" unitRef="TWD">-17585000</tw-gaap-ci:ChangesOtherPrepayments>
	<tw-gaap-ci:ChangesOtherCurrentAssets_CI contextRef="From20120101To20120930" decimals="-3" unitRef="TWD">263000</tw-gaap-ci:ChangesOtherCurrentAssets_CI>
	<tw-gaap-ci:ChangesOtherCurrentAssets_CI contextRef="From20110101To20110930" decimals="-3" unitRef="TWD">-129000</tw-gaap-ci:ChangesOtherCurrentAssets_CI>
	<tw-gaap-ci:ChangesOperatingAssets contextRef="From20120101To20120930" decimals="-3" unitRef="TWD">-39207000</tw-gaap-ci:ChangesOperatingAssets>
	<tw-gaap-ci:ChangesOperatingAssets contextRef="From20110101To20110930" decimals="-3" unitRef="TWD">-4487000</tw-gaap-ci:ChangesOperatingAssets>
	<tw-gaap-ci:ChangesAccountsPayable contextRef="From20120101To20120930" decimals="-3" unitRef="TWD">2560000</tw-gaap-ci:ChangesAccountsPayable>
	<tw-gaap-ci:ChangesAccountsPayable contextRef="From20110101To20110930" decimals="-3" unitRef="TWD">0</tw-gaap-ci:ChangesAccountsPayable>
	<tw-gaap-ci:ChangesAccountsPayableRelatedParties contextRef="From20120101To20120930" decimals="-3" unitRef="TWD">1199000</tw-gaap-ci:ChangesAccountsPayableRelatedParties>
	<tw-gaap-ci:ChangesAccountsPayableRelatedParties contextRef="From20110101To20110930" decimals="-3" unitRef="TWD">-9150000</tw-gaap-ci:ChangesAccountsPayableRelatedParties>
	<tw-gaap-ci:ChangesIncomeTaxPayable contextRef="From20120101To20120930" decimals="-3" unitRef="TWD">0</tw-gaap-ci:ChangesIncomeTaxPayable>
	<tw-gaap-ci:ChangesIncomeTaxPayable contextRef="From20110101To20110930" decimals="-3" unitRef="TWD">1594000</tw-gaap-ci:ChangesIncomeTaxPayable>
	<tw-gaap-ci:ChangesAccruedExpenses contextRef="From20120101To20120930" decimals="-3" unitRef="TWD">-379000</tw-gaap-ci:ChangesAccruedExpenses>
	<tw-gaap-ci:ChangesAccruedExpenses contextRef="From20110101To20110930" decimals="-3" unitRef="TWD">-1551000</tw-gaap-ci:ChangesAccruedExpenses>
	<tw-gaap-ci:ChangesOtherPayables contextRef="From20120101To20120930" decimals="-3" unitRef="TWD">600000</tw-gaap-ci:ChangesOtherPayables>
	<tw-gaap-ci:ChangesOtherPayables contextRef="From20110101To20110930" decimals="-3" unitRef="TWD">-3329000</tw-gaap-ci:ChangesOtherPayables>
	<tw-gaap-ci:ChangesOtherCurrentLiabilities_CI contextRef="From20120101To20120930" decimals="-3" unitRef="TWD">-5411000</tw-gaap-ci:ChangesOtherCurrentLiabilities_CI>
	<tw-gaap-ci:ChangesOtherCurrentLiabilities_CI contextRef="From20110101To20110930" decimals="-3" unitRef="TWD">-1944000</tw-gaap-ci:ChangesOtherCurrentLiabilities_CI>
	<tw-gaap-ci:ChangesOperatingLiabilities contextRef="From20120101To20120930" decimals="-3" unitRef="TWD">-1431000</tw-gaap-ci:ChangesOperatingLiabilities>
	<tw-gaap-ci:ChangesOperatingLiabilities contextRef="From20110101To20110930" decimals="-3" unitRef="TWD">-14380000</tw-gaap-ci:ChangesOperatingLiabilities>
	<tw-gaap-ci:ChangesOperatingAssetsLiabilities contextRef="From20120101To20120930" decimals="-3" unitRef="TWD">-40638000</tw-gaap-ci:ChangesOperatingAssetsLiabilities>
	<tw-gaap-ci:ChangesOperatingAssetsLiabilities contextRef="From20110101To20110930" decimals="-3" unitRef="TWD">-18867000</tw-gaap-ci:ChangesOperatingAssetsLiabilities>
	<tw-gaap-ci:NetCashProvidedUsedOperatingActivities contextRef="From20120101To20120930" decimals="-3" unitRef="TWD">-53200000</tw-gaap-ci:NetCashProvidedUsedOperatingActivities>
	<tw-gaap-ci:NetCashProvidedUsedOperatingActivities contextRef="From20110101To20110930" decimals="-3" unitRef="TWD">-21076000</tw-gaap-ci:NetCashProvidedUsedOperatingActivities>
	<tw-gaap-ci:AcquisitionPropertyPlantEquipment contextRef="From20120101To20120930" decimals="-3" unitRef="TWD">-160000</tw-gaap-ci:AcquisitionPropertyPlantEquipment>
	<tw-gaap-ci:AcquisitionPropertyPlantEquipment contextRef="From20110101To20110930" decimals="-3" unitRef="TWD">0</tw-gaap-ci:AcquisitionPropertyPlantEquipment>
	<tw-gaap-ci:ChangesRefundableDeposits contextRef="From20120101To20120930" decimals="-3" unitRef="TWD">-198000</tw-gaap-ci:ChangesRefundableDeposits>
	<tw-gaap-ci:ChangesRefundableDeposits contextRef="From20110101To20110930" decimals="-3" unitRef="TWD">0</tw-gaap-ci:ChangesRefundableDeposits>
	<tw-gaap-ci:ChangesOtherReceivablesRelatedParties contextRef="From20120101To20120930" decimals="-3" unitRef="TWD">-439000</tw-gaap-ci:ChangesOtherReceivablesRelatedParties>
	<tw-gaap-ci:ChangesOtherReceivablesRelatedParties contextRef="From20110101To20110930" decimals="-3" unitRef="TWD">68898000</tw-gaap-ci:ChangesOtherReceivablesRelatedParties>
	<tw-gaap-ci:ChangesRestrictedAssets contextRef="From20120101To20120930" decimals="-3" unitRef="TWD">-4823000</tw-gaap-ci:ChangesRestrictedAssets>
	<tw-gaap-ci:ChangesRestrictedAssets contextRef="From20110101To20110930" decimals="-3" unitRef="TWD">3317000</tw-gaap-ci:ChangesRestrictedAssets>
	<tw-gaap-ci:NetCashProvidedUsedInvestingActivities contextRef="From20120101To20120930" decimals="-3" unitRef="TWD">-5620000</tw-gaap-ci:NetCashProvidedUsedInvestingActivities>
	<tw-gaap-ci:NetCashProvidedUsedInvestingActivities contextRef="From20110101To20110930" decimals="-3" unitRef="TWD">72215000</tw-gaap-ci:NetCashProvidedUsedInvestingActivities>
	<tw-gaap-ci:ChangesShortTermLoans contextRef="From20120101To20120930" decimals="-3" unitRef="TWD">12740000</tw-gaap-ci:ChangesShortTermLoans>
	<tw-gaap-ci:ChangesShortTermLoans contextRef="From20110101To20110930" decimals="-3" unitRef="TWD">-4386000</tw-gaap-ci:ChangesShortTermLoans>
	<tw-gaap-ci:CapitalAddition contextRef="From20120101To20120930" decimals="-3" unitRef="TWD">216000000</tw-gaap-ci:CapitalAddition>
	<tw-gaap-ci:CapitalAddition contextRef="From20110101To20110930" decimals="-3" unitRef="TWD">0</tw-gaap-ci:CapitalAddition>
	<tw-gaap-ci:NetCashProvidedUsedFinancingActivities contextRef="From20120101To20120930" decimals="-3" unitRef="TWD">228740000</tw-gaap-ci:NetCashProvidedUsedFinancingActivities>
	<tw-gaap-ci:NetCashProvidedUsedFinancingActivities contextRef="From20110101To20110930" decimals="-3" unitRef="TWD">-4386000</tw-gaap-ci:NetCashProvidedUsedFinancingActivities>
	<tw-gaap-ci:EffectExchangeRateChanges contextRef="From20120101To20120930" decimals="-3" unitRef="TWD">0</tw-gaap-ci:EffectExchangeRateChanges>
	<tw-gaap-ci:EffectExchangeRateChanges contextRef="From20110101To20110930" decimals="-3" unitRef="TWD">3013000</tw-gaap-ci:EffectExchangeRateChanges>
	<tw-gaap-ci:NetChangesCashCashEquivalents contextRef="From20120101To20120930" decimals="-3" unitRef="TWD">169920000</tw-gaap-ci:NetChangesCashCashEquivalents>
	<tw-gaap-ci:NetChangesCashCashEquivalents contextRef="From20110101To20110930" decimals="-3" unitRef="TWD">49766000</tw-gaap-ci:NetChangesCashCashEquivalents>
	<tw-gaap-ci:CashCashEquivalents contextRef="AsOf20120101" decimals="-3" unitRef="TWD">145021000</tw-gaap-ci:CashCashEquivalents>
	<tw-gaap-ci:CashCashEquivalents contextRef="AsOf20110101" decimals="-3" unitRef="TWD">128833000</tw-gaap-ci:CashCashEquivalents>
	<tw-gaap-ci:InterestPaid contextRef="From20120101To20120930" decimals="-3" unitRef="TWD">114000</tw-gaap-ci:InterestPaid>
	<tw-gaap-ci:InterestPaid contextRef="From20110101To20110930" decimals="-3" unitRef="TWD">69000</tw-gaap-ci:InterestPaid>
	<tw-gaap-ci:InterestPaidExcludingCapitalizedInterest contextRef="From20120101To20120930" decimals="-3" unitRef="TWD">114000</tw-gaap-ci:InterestPaidExcludingCapitalizedInterest>
	<tw-gaap-ci:InterestPaidExcludingCapitalizedInterest contextRef="From20110101To20110930" decimals="-3" unitRef="TWD">69000</tw-gaap-ci:InterestPaidExcludingCapitalizedInterest>
	<tw-gaap-ci:IncomeTaxPaid contextRef="From20120101To20120930" decimals="-3" unitRef="TWD">6000</tw-gaap-ci:IncomeTaxPaid>
	<tw-gaap-ci:IncomeTaxPaid contextRef="From20110101To20110930" decimals="-3" unitRef="TWD">697000</tw-gaap-ci:IncomeTaxPaid>
	<tw-gaap-ar:AccountantName contextRef="AsOf20121020">勤業眾信聯合會計師事務所</tw-gaap-ar:AccountantName>
	<tw-gaap-ar:AssuranceAccountantName1 contextRef="AsOf20121020">韋亮發</tw-gaap-ar:AssuranceAccountantName1>
	<tw-gaap-ar:AssuranceAccountantName2 contextRef="AsOf20121020">簡明彥</tw-gaap-ar:AssuranceAccountantName2>
	<tw-gaap-ar:ReviewAuditDate contextRef="AsOf20121020">2012-10-20</tw-gaap-ar:ReviewAuditDate>
	<tw-gaap-ar:ReviewReport contextRef="AsOf20121020">Y</tw-gaap-ar:ReviewReport>
	<tw-gaap-ar:QualifiedOpinionAbstract contextRef="AsOf20121020">Y</tw-gaap-ar:QualifiedOpinionAbstract>
	<tw-gaap-ar:ByInvestmentCompaniesWithoutAccountantAuditReportRecognizedGainLoss contextRef="AsOf20121020">Y</tw-gaap-ar:ByInvestmentCompaniesWithoutAccountantAuditReportRecognizedGainLoss>
	<tw-gaap-ar:DescriptionEmphasizeItemBody contextRef="AsOf20121020"><![CDATA[]]></tw-gaap-ar:DescriptionEmphasizeItemBody>
	<tw-gaap-ar:DescriptionOtherItemBody contextRef="AsOf20121020"><![CDATA[]]></tw-gaap-ar:DescriptionOtherItemBody>
	<tw-gaap-ar:AccountantsReportBody contextRef="AsOf20121020"><![CDATA[會計師核閱報告
 

美格科技股份有限公司　公鑒：

　　美格科技股份有限公司民國一○一及一○○年九月三十日之資產負債
表，暨民國一○一及一○○年一月一日至九月三十日之損益表及現金流量
表，業經本會計師核閱竣事。上開財務報表之編製係管理階層之責任，本
會計師之責任則為根據核閱結果出具報告。
　　除下段所述者外，本會計師係依照審計準則公報第三十六號「財務報
表之核閱」規劃並執行核閱工作。由於本會計師僅實施分析、比較與查詢
，並未依照一般公認審計準則查核，因是無法對上開財務報表之整體表示
查核意見。
　　如財務報表附註六所述，美格科技股份有限公司民國一○一年九月三
十日採權益法計價之長期股權投資貸餘計新台幣（以下同）454仟元，暨其
相關之投資損失計38仟元；民國一○○年九月三十日採權益法計價之長期
股權投資計2,393仟元及長期股權投資貸餘419仟元，暨其相關之投資損失
計487仟元，併同財務報表附註二十附註揭露事項所述轉投資事業之相關資
訊，係依據被投資公司同期間未經會計師核閱之財務報表認列與揭露。
　　依本會計師核閱結果，除上段所述採權益法計價之長期股權投資及其
相關投資損失暨轉投資事業之相關資訊，係依據未經會計師核閱之財務報
表認列與揭露，倘該等財務報表經會計師核閱而有所調整時，對美格科技
股份有限公司民國一○一及一○○年前三季財務報表之可能影響外，並未
發現第一段所述財務報表在所有重大方面有違反證券發行人財務報告編製
準則、商業會計法及商業會計處理準則中與財務會計準則相關之規定暨一
般公認會計原則而須作修正之情事。

勤業眾信聯合會計師事務所

會 計 師 韋亮發
財政部證券暨期貨管理委員會核准文號
　台財證六字第0920123784號	
	
會 計 師 簡明彥
行政院金融監督管理委員會核准文號
　金管證審字第1000028068號


中　　華　　民　　國　一○一　年　　十　　月　二十　日
 

]]></tw-gaap-ar:AccountantsReportBody>
	<tw-gaap-notes:FinancialReportNotes contextRef="From20120101To20120930"><![CDATA[http://doc.twse.com.tw/server-java/t57sb01?step=1&colorchg=1&co_id=2358&year=101&seamon=3&mtype=A&]]></tw-gaap-notes:FinancialReportNotes>
	<tw-gaap-notes:OrganizationAndOperations contextRef="From20120101To20120930"><![CDATA[一、公司沿革及營業
　　本公司於七十六年五月一日成立，七月一日正式開始營業，主要
業務為研發、委外加工及銷售各式顯示器及模組，自九十八年七月起
轉為銷售數位影像產品及消費電子產品等，並自一○一年四月起跨足
鋁合金產品銷售事業。
　　本公司股票自八十五年十二月起在臺灣證券交易所上市買賣。
　　截至一○一及一○○年九月底止，本公司員工人數皆為12人。
]]></tw-gaap-notes:OrganizationAndOperations>
	<tw-gaap-notes:StatementOfFinancialStatementsPreparedInAccordanceWithRelatedRegulationsAndGenerallyAcceptedAccountingPrinciples contextRef="From20120101To20120930"><![CDATA[二、重要會計政策之彙總說明
　　本財務報表係依照證券發行人財務報告編製準則、商業會計法、
商業會計處理準則及一般公認會計原則編製。重要會計政策彙總說明
如下：
]]></tw-gaap-notes:StatementOfFinancialStatementsPreparedInAccordanceWithRelatedRegulationsAndGenerallyAcceptedAccountingPrinciples>
	<tw-gaap-notes:ForeignCurrencyTransactionsAndTranslationOfForeignCurrencyFinancialStatements contextRef="From20120101To20120930"><![CDATA[(一)外幣交易及外幣財務報表之換算
　　非衍生性商品之外幣交易所產生之各項外幣資產、負債、收入或
費用，按交易日之即期匯率折算新台幣金額入帳。外幣資產及負債實
際收付結清時所產生之兌換差額，作為當期損益。
　　資產負債表日之外幣貨幣性資產或負債，按該日即期匯率予以調
整，兌換差額列為當期損益。
　　資產負債表日之外幣計價備供出售金融資產－非流動，係依公平
價值衡量，按該日即期匯率調整所產生之兌換差額，屬公平價值變動
認列為股東權益調整項目者，列為股東權益調整項目。
　　外幣長期股權投資採權益法計價者，以被投資公司之外幣財務報
表換算後所得之股東權益做為依據，兌換差額列入累積換算調整數，
作為股東權益之調整項目。
　　前述即期匯率係以主要往來銀行之中價為評價基礎。
]]></tw-gaap-notes:ForeignCurrencyTransactionsAndTranslationOfForeignCurrencyFinancialStatements>
	<tw-gaap-notes:UseOfEstimates contextRef="From20120101To20120930"><![CDATA[(二)會計估計
　　依照前述準則、法令及原則編製財務報表時，本公司對於備抵呆
帳、固定資產折舊、所得稅、資產減損損失及員工分紅與董監酬勞費
用等之提列，必須使用合理之估計金額，因估計涉及判斷，實際結果
可能有所差異。
]]></tw-gaap-notes:UseOfEstimates>
	<tw-gaap-notes:ClassificationOfCurrentAndNoncurrentAssetsAndLiabilities contextRef="From20120101To20120930"><![CDATA[(三)資產與負債區分流動與非流動之標準
　　流動資產包括用途未受限制之現金，以及主要為交易目的而持有
之資產或預期於資產負債表日後一年內變現之資產；固定資產及其他
不屬於流動資產之資產為非流動資產。流動負債包括主要為交易目的
而發生之負債，以及須於資產負債表日後一年內清償之負債，負債不
屬於流動負債者為非流動負債。
]]></tw-gaap-notes:ClassificationOfCurrentAndNoncurrentAssetsAndLiabilities>
	<tw-gaap-notes:AvailableForSaleFinancialAssets contextRef="From20120101To20120930"><![CDATA[(八)備供出售金融資產－非流動
　　備供出售金融資產於原始認列時，以公平價值衡量，並加計取得
或發行之交易成本；後續評價以公平價值衡量，且其價值變動列為股
東權益調整項目，累積之利益或損失於金融資產除列時，列入當期損
益。依慣例交易購買或出售金融資產時，採用交易日會計處理。上市
（櫃）公司股票之公平價值係資產負債表日之收盤價。
　　本公司成為金融商品合約之一方時，認列金融資產，對於合約權
利喪失控制時，除列金融資產。
　　現金股利於除息日認列收益，但依據投資前淨利宣告之部分，係
自投資成本減除。股票股利不列為投資收益，僅註記股數增加，並按
收到股票股利後之總股數，重新計算每股成本。
　　若有減損之客觀證據，則認列減損損失。若後續期間減損金額減
少，備供出售權益商品之減損減少金額認列為股東權益調整項目。
]]></tw-gaap-notes:AvailableForSaleFinancialAssets>
	<tw-gaap-notes:FinancialAssetsMeasuredAtCost contextRef="From20120101To20120930"><![CDATA[(九)以成本衡量之金融資產－非流動
　　無法可靠衡量公平價值之權益商品投資，係投資於未上市（櫃）
公司股票，以原始認列之成本衡量。股利之會計處理與備供出售金融
資產相同。若有減損之客觀證據，則認列減損損失，此減損損失金額
不予迴轉。
]]></tw-gaap-notes:FinancialAssetsMeasuredAtCost>
	<tw-gaap-notes:NotesAndAccountsReceivableOtherReceivable contextRef="From20120101To20120930"><![CDATA[(五)應收帳款之減損評估
　　本公司對於應收帳款係於每一資產負債表日評估其減損跡象，當
有客觀證據顯示，因應收帳款原始認列後發生之單一或多項事件，致
使應收帳款之估計未來現金流量受影響者，該應收帳款則視為已減損
。客觀之減損證據可能包含：
 1.債務人發生顯著財務困難；或
 2.應收帳款發生逾期之情形；或
 3.債務人很有可能倒閉或進行其他財務重整。
　　針對某些應收帳款經個別評估未有減損後，另再以組合基礎來評
估減損。應收帳款組合之客觀減損證據可能包含本公司過去收款經驗
及該組合之延遲付款增加情況。
　　認列之減損損失金額係為該資產之帳面金額與預期未來現金流量
（已反映擔保品或保證之影響）以該應收帳款原始有效利率折現值之
間的差額。應收帳款之帳面金額係藉由備抵評價科目調降。當應收帳
款視為無法回收時，係沖銷備抵評價科目。原先已沖銷而後續回收之
款項係貸記備抵評價科目。備抵評價科目帳面金額之變動認列為呆帳
損失。
]]></tw-gaap-notes:NotesAndAccountsReceivableOtherReceivable>
	<tw-gaap-notes:Inventories contextRef="From20120101To20120930"><![CDATA[(六)存　　貨
　　存貨係以成本與淨變現價值孰低計價，比較成本與淨變現價值時
，除同類別存貨外係以個別項目為基礎。淨變現價值係指在正常情況
下之估計售價減除銷售費用後之餘額。存貨成本之計算採用加權平均
法。
]]></tw-gaap-notes:Inventories>
	<tw-gaap-notes:LongTermInvestmentsUnderEquityMethod contextRef="From20120101To20120930"><![CDATA[(七)採權益法之長期股權投資
　　本公司對被投資公司持有表決權股份達百分之二十以上或具重大
影響力者，採用權益法評價。以投資成本加（或減）按股權比例認列
被投資公司之淨利（或淨損）、資本公積及減除所收取之現金股利計
算。認列被投資公司之虧損原則上以使對該被投資公司之長期股權投
資帳面餘額及墊款（包括應收帳款及其他往來款項）之餘額降至零為
限。但若本公司意圖繼續支持被投資公司，或預期被投資公司短期內
會獲利而不願放棄該被投資公司，則按持股比例繼續認列投資損失，
因而產生之長期股權投資及墊款帳面價值發生貸方餘額，則列於其他
負債項下。
　　於資產負債表日評估採權益法之長期股權投資是否有減損跡象，
若有客觀證據顯示業已減損，就其減損部分認列損失。
　　被投資公司發放股票股利時，不列為投資收益，僅註記股數增加
，並按收到股票股利後之總股數，重新計算每股成本。
]]></tw-gaap-notes:LongTermInvestmentsUnderEquityMethod>
	<tw-gaap-notes:PropertyPlantAndEquipmentAssetsLeasedToOthersAndIdleAssets contextRef="From20120101To20120930"><![CDATA[(十)固定資產
　　固定資產以成本減累計折舊計價。重大之更新及改良作為資本支
出；修理及維護支出則列為當期費用。
　　折舊採用直線法依下列耐用年數計提︰模具，二年；交通設備，
三～六年；租賃改良，一～二年。
　　耐用年數屆滿仍繼續使用之固定資產，則就其殘值按重行估計可
使用年數，繼續提列折舊直至折足或無法使用為止。
　　倘固定資產以其相關可回收金額衡量帳面價值有重大減損時，就
其減損部分認列損失。嗣後若固定資產可回收金額增加時，則將減損
損失迴轉認列為利益，惟固定資產於減損損失迴轉後之帳面價值，不
得超過該項資產在未認列減損損失之情況下，減除應提列折舊後之帳
面價值。
　　固定資產報廢或處分時，其相關成本、累計折舊及累計減損均自
帳上減除，處分固定資產之利益或損失依其性質列為當期之營業外利
益或損失。
]]></tw-gaap-notes:PropertyPlantAndEquipmentAssetsLeasedToOthersAndIdleAssets>
	<tw-gaap-notes:PensionPlan contextRef="From20120101To20120930"><![CDATA[(十一)退休金
　　屬確定提撥退休辦法之退休金，係於員工提供服務之期間，將應
提撥之退休金數額認列為當期費用。
]]></tw-gaap-notes:PensionPlan>
	<tw-gaap-notes:IncomeTax contextRef="From20120101To20120930"><![CDATA[(十二)所得稅
　　本公司採同期間及跨期間之所得稅分攤，亦即(一)將部分所得
稅直接借記或貸記股東權益之項目及(二)可減除暫時性差異、虧損
扣抵及未使用投資抵減之所得稅影響數認列為遞延所得稅資產，並
評估其可實現性，認列備抵評價金額；應課稅暫時性差異之所得稅
影響數則認列為遞延所得稅負債。遞延所得稅資產或負債依其相關
資產或負債之分類劃分為流動或非流動項目，無相關之資產或負債
者，依預期迴轉期間劃分為流動或非流動項目。
　　以前年度應付所得稅之調整，列入當期所得稅。
　　依所得稅法規定計算之未分配盈餘加徵百分之十之所得稅，列
為股東會決議年度之所得稅費用。
]]></tw-gaap-notes:IncomeTax>
	<tw-gaap-notes:RevenueRecognition contextRef="From20120101To20120930"><![CDATA[(四)收入之認列
　　本公司係於貨物之所有權及顯著風險移轉予客戶時認列銷貨收入
，因其獲利過程大部分已完成，且已實現或可實現。
　　銷貨收入係按本公司與買方所協議交易對價（考量商業折扣及數
量折扣後）之公平價值衡量；惟銷貨收入之對價為一年期以內之應收
款時，其公平價值與到期值差異不大且交易量頻繁，則不按設算利率
計算公平價值。
]]></tw-gaap-notes:RevenueRecognition>
	<tw-gaap-notes:ChangesInAccountingPrinciples contextRef="From20120101To20120930"><![CDATA[三、會計變動之理由及影響
金融商品之會計處理
　　本公司自一○○年一月一日起採用新修訂之財務會計準則公報第
三十四號「金融商品之會計處理準則」。主要之修訂包括將原始產生
之放款及應收款納入公報適用範圍。此項會計變動，對本公司一○○
年前三季之財務報表並無重大影響。

]]></tw-gaap-notes:ChangesInAccountingPrinciples>
	<tw-gaap-notes:NamesLocationsAndRelatedInformationOfInvesteesOverWhichTheCompanyExercisesSignificantInfluence>
		<tw-gaap-notes:CompanyNameOfTheInvestor contextRef="From20120101To20120930"><![CDATA[美格科技股份有限公司]]></tw-gaap-notes:CompanyNameOfTheInvestor>
		<tw-gaap-notes:CompanyNameOfTheInvestee contextRef="From20120101To20120930"><![CDATA[MAG Technology Singapore PTE Ltd.]]></tw-gaap-notes:CompanyNameOfTheInvestee>
		<tw-gaap-notes:LocationCode contextRef="From20120101To20120930"><![CDATA[178]]></tw-gaap-notes:LocationCode>
		<tw-gaap-notes:Location contextRef="From20120101To20120930"><![CDATA[新加坡]]></tw-gaap-notes:Location>
		<tw-gaap-notes:MainBusinessesAndProducts contextRef="From20120101To20120930"><![CDATA[海外控股公司]]></tw-gaap-notes:MainBusinessesAndProducts>
		<tw-gaap-notes:OriginalInvestmentAmount>
			<tw-gaap-notes:EndingBalance3 contextRef="AsOf20120930" decimals="-3" unitRef="TWD">257725000</tw-gaap-notes:EndingBalance3>
			<tw-gaap-notes:BeginningBalance contextRef="AsOf20120930" decimals="-3" unitRef="TWD">257725000</tw-gaap-notes:BeginningBalance>
		</tw-gaap-notes:OriginalInvestmentAmount>
		<tw-gaap-notes:InvestmentsAtTheEndOfThePeriod>
			<tw-gaap-notes:NumberOfShares1 contextRef="AsOf20120930" decimals="0" unitRef="Shares">13340000</tw-gaap-notes:NumberOfShares1>
			<tw-gaap-notes:PercentageOfOwnership1 contextRef="AsOf20120930" decimals="4" unitRef="Pure">1.0000</tw-gaap-notes:PercentageOfOwnership1>
			<tw-gaap-notes:BookValue1 contextRef="AsOf20120930" decimals="-3" unitRef="TWD">0</tw-gaap-notes:BookValue1>
		</tw-gaap-notes:InvestmentsAtTheEndOfThePeriod>
		<tw-gaap-notes:NetIncomeLossesOfTheInvestee contextRef="From20120101To20120930" decimals="-3" unitRef="TWD">0</tw-gaap-notes:NetIncomeLossesOfTheInvestee>
		<tw-gaap-notes:InvestmentIncomeLossesRecognized1 contextRef="From20120101To20120930" decimals="-3" unitRef="TWD">0</tw-gaap-notes:InvestmentIncomeLossesRecognized1>
		<tw-gaap-notes:Note contextRef="From20120101To20120930"><![CDATA[註一]]></tw-gaap-notes:Note>
	</tw-gaap-notes:NamesLocationsAndRelatedInformationOfInvesteesOverWhichTheCompanyExercisesSignificantInfluence>

	<tw-gaap-notes:NamesLocationsAndRelatedInformationOfInvesteesOverWhichTheCompanyExercisesSignificantInfluence>
		<tw-gaap-notes:CompanyNameOfTheInvestor contextRef="From20120101To20120930"><![CDATA[美格科技股份有限公司]]></tw-gaap-notes:CompanyNameOfTheInvestor>
		<tw-gaap-notes:CompanyNameOfTheInvestee contextRef="From20120101To20120930"><![CDATA[MAG International (B.V.I.) Co., Ltd.]]></tw-gaap-notes:CompanyNameOfTheInvestee>
		<tw-gaap-notes:LocationCode contextRef="From20120101To20120930"><![CDATA[226]]></tw-gaap-notes:LocationCode>
		<tw-gaap-notes:Location contextRef="From20120101To20120930"><![CDATA[英屬維京群島]]></tw-gaap-notes:Location>
		<tw-gaap-notes:MainBusinessesAndProducts contextRef="From20120101To20120930"><![CDATA[海外控股公司]]></tw-gaap-notes:MainBusinessesAndProducts>
		<tw-gaap-notes:OriginalInvestmentAmount>
			<tw-gaap-notes:EndingBalance3 contextRef="AsOf20120930" decimals="-3" unitRef="TWD">171248000</tw-gaap-notes:EndingBalance3>
			<tw-gaap-notes:BeginningBalance contextRef="AsOf20120930" decimals="-3" unitRef="TWD">171248000</tw-gaap-notes:BeginningBalance>
		</tw-gaap-notes:OriginalInvestmentAmount>
		<tw-gaap-notes:InvestmentsAtTheEndOfThePeriod>
			<tw-gaap-notes:NumberOfShares1 contextRef="AsOf20120930" decimals="0" unitRef="Shares">5700000</tw-gaap-notes:NumberOfShares1>
			<tw-gaap-notes:PercentageOfOwnership1 contextRef="AsOf20120930" decimals="4" unitRef="Pure">1.0000</tw-gaap-notes:PercentageOfOwnership1>
			<tw-gaap-notes:BookValue1 contextRef="AsOf20120930" decimals="-3" unitRef="TWD">-454000</tw-gaap-notes:BookValue1>
		</tw-gaap-notes:InvestmentsAtTheEndOfThePeriod>
		<tw-gaap-notes:NetIncomeLossesOfTheInvestee contextRef="From20120101To20120930" decimals="-3" unitRef="TWD">-38000</tw-gaap-notes:NetIncomeLossesOfTheInvestee>
		<tw-gaap-notes:InvestmentIncomeLossesRecognized1 contextRef="From20120101To20120930" decimals="-3" unitRef="TWD">-38000</tw-gaap-notes:InvestmentIncomeLossesRecognized1>
		<tw-gaap-notes:Note contextRef="From20120101To20120930"><![CDATA[註二]]></tw-gaap-notes:Note>
	</tw-gaap-notes:NamesLocationsAndRelatedInformationOfInvesteesOverWhichTheCompanyExercisesSignificantInfluence>

	<tw-gaap-notes:NamesLocationsAndRelatedInformationOfInvesteesOverWhichTheCompanyExercisesSignificantInfluence>
		<tw-gaap-notes:CompanyNameOfTheInvestor contextRef="From20120101To20120930"><![CDATA[MAG International (B.V.I.) Co., Ltd. ]]></tw-gaap-notes:CompanyNameOfTheInvestor>
		<tw-gaap-notes:CompanyNameOfTheInvestee contextRef="From20120101To20120930"><![CDATA[MAG Technology Mexico S.A. de C.V.]]></tw-gaap-notes:CompanyNameOfTheInvestee>
		<tw-gaap-notes:LocationCode contextRef="From20120101To20120930"><![CDATA[134]]></tw-gaap-notes:LocationCode>
		<tw-gaap-notes:Location contextRef="From20120101To20120930"><![CDATA[墨西哥]]></tw-gaap-notes:Location>
		<tw-gaap-notes:MainBusinessesAndProducts contextRef="From20120101To20120930"><![CDATA[市場資訊收集及售後服務]]></tw-gaap-notes:MainBusinessesAndProducts>
		<tw-gaap-notes:OriginalInvestmentAmount>
			<tw-gaap-notes:EndingBalance3 contextRef="AsOf20120930" decimals="-3" unitRef="TWD">175770000</tw-gaap-notes:EndingBalance3>
			<tw-gaap-notes:BeginningBalance contextRef="AsOf20120930" decimals="-3" unitRef="TWD">175770000</tw-gaap-notes:BeginningBalance>
		</tw-gaap-notes:OriginalInvestmentAmount>
		<tw-gaap-notes:InvestmentsAtTheEndOfThePeriod>
			<tw-gaap-notes:NumberOfShares1 contextRef="AsOf20120930" decimals="0" unitRef="Shares">97092</tw-gaap-notes:NumberOfShares1>
			<tw-gaap-notes:PercentageOfOwnership1 contextRef="AsOf20120930" decimals="4" unitRef="Pure">1.0000</tw-gaap-notes:PercentageOfOwnership1>
			<tw-gaap-notes:BookValue1 contextRef="AsOf20120930" decimals="-3" unitRef="TWD">0</tw-gaap-notes:BookValue1>
		</tw-gaap-notes:InvestmentsAtTheEndOfThePeriod>
		<tw-gaap-notes:NetIncomeLossesOfTheInvestee contextRef="From20120101To20120930" decimals="-3" unitRef="TWD">-3636000</tw-gaap-notes:NetIncomeLossesOfTheInvestee>
		<tw-gaap-notes:InvestmentIncomeLossesRecognized1 contextRef="From20120101To20120930" decimals="-3" unitRef="TWD">0</tw-gaap-notes:InvestmentIncomeLossesRecognized1>
		<tw-gaap-notes:Note contextRef="From20120101To20120930"><![CDATA[註三]]></tw-gaap-notes:Note>
	</tw-gaap-notes:NamesLocationsAndRelatedInformationOfInvesteesOverWhichTheCompanyExercisesSignificantInfluence>

	<tw-gaap-notes:Note-NamesLocationsAndRelatedInformationOfInvesteesOverWhichTheCompanyExercisesSignificantInfluence contextRef="From20120101To20120930"><![CDATA[註一：該公司因經營績效不佳，是以其管理階層決定自一○○年十二月起停止營業，並辦理清算之法定程序，本公司已收回
      清算股款新加坡幣98仟元，惟截至一○一年十月二十日止尚未完成清算程序。
註二：依長期股權投資會計處理準則規定，長期股權投資認列投資損失時，應以長期股權投資及應收帳款或其他往來款項帳
      面餘額降至零後，其餘額則列為其他負債項下，故將MAG International (B.V.I.) Co., Ltd.之長期股權投資貸餘454
      仟元轉入其他負債項下。
註三：MAG Technology Mexico S.A. de C.V.自九十年一月起已停止營業，閒置之土地廠房已與當地房屋仲介商簽訂委託出
      售合約。

]]></tw-gaap-notes:Note-NamesLocationsAndRelatedInformationOfInvesteesOverWhichTheCompanyExercisesSignificantInfluence>
</xbrl>

<!--This instance document is created by SIIAP V1.9.2-->
