<?xml version="1.0" encoding="UTF-8"?>
<xbrl xmlns="http://www.xbrl.org/2003/instance" xmlns:iso4217="http://www.xbrl.org/2003/iso4217" xmlns:link="http://www.xbrl.org/2003/linkbase" xmlns:tw-gaap-ar="http://www.xbrl.org/tw/fr/gaap/ar/2011-12-31" xmlns:tw-gaap-ci="http://www.xbrl.org/tw/fr/gaap/tw-gaap-ci-2011-12-31" xmlns:tw-gaap-notes="http://www.xbrl.org/tw/fr/gaap/notes/2011-12-31" xmlns:xbrldi="http://xbrl.org/2006/xbrldi" xmlns:xbrldt="http://xbrl.org/2005/xbrldt" xmlns:xbrli="http://www.xbrl.org/2003/instance" xmlns:xlink="http://www.w3.org/1999/xlink">
	<link:schemaRef xlink:arcrole="http://www.w3.org/1999/xlink/properties/linkbase" xlink:href="tw-gaap-ci-2011-12-31.xsd" xlink:type="simple"/>	<context id="AsOf20121029">
		<entity>
			<identifier scheme="http://www.twse.com.tw">2361</identifier>
		</entity>
		<period>
			<instant>2012-10-29</instant>
		</period>
	</context>
	<context id="AsOf20110101">
		<entity>
			<identifier scheme="http://www.twse.com.tw">2361</identifier>
		</entity>
		<period>
			<instant>2011-01-01</instant>
		</period>
	</context>
	<context id="AsOf20120101">
		<entity>
			<identifier scheme="http://www.twse.com.tw">2361</identifier>
		</entity>
		<period>
			<instant>2012-01-01</instant>
		</period>
	</context>
	<context id="From20110101To20110930">
		<entity>
			<identifier scheme="http://www.twse.com.tw">2361</identifier>
		</entity>
		<period>
			<startDate>2011-01-01</startDate>
			<endDate>2011-09-30</endDate>
		</period>
	</context>
	<context id="AsOf20110930">
		<entity>
			<identifier scheme="http://www.twse.com.tw">2361</identifier>
		</entity>
		<period>
			<instant>2011-09-30</instant>
		</period>
	</context>
	<context id="From20120101To20120930">
		<entity>
			<identifier scheme="http://www.twse.com.tw">2361</identifier>
		</entity>
		<period>
			<startDate>2012-01-01</startDate>
			<endDate>2012-09-30</endDate>
		</period>
	</context>
	<context id="AsOf20120930">
		<entity>
			<identifier scheme="http://www.twse.com.tw">2361</identifier>
		</entity>
		<period>
			<instant>2012-09-30</instant>
		</period>
	</context>
	<unit id="TWD">
		<measure>iso4217:TWD</measure>
	</unit>
	<unit id="Shares">
		<measure>xbrli:shares</measure>
	</unit>
	<unit id="EarningsPerShare">
		<divide>
			<unitNumerator>
				<measure>iso4217:TWD</measure>
			</unitNumerator>
			<unitDenominator>
				<measure>xbrli:shares</measure>
			</unitDenominator>
		</divide>
	</unit>
	<unit id="Pure">
		<measure>xbrli:pure</measure>
	</unit>
	<tw-gaap-ci:CashHand contextRef="AsOf20120930" decimals="-3" unitRef="TWD">16085000</tw-gaap-ci:CashHand>
	<tw-gaap-ci:CashHand contextRef="AsOf20110930" decimals="-3" unitRef="TWD">15436000</tw-gaap-ci:CashHand>
	<tw-gaap-ci:CashCashEquivalents contextRef="AsOf20120930" decimals="-3" unitRef="TWD">16085000</tw-gaap-ci:CashCashEquivalents>
	<tw-gaap-ci:CashCashEquivalents contextRef="AsOf20110930" decimals="-3" unitRef="TWD">15436000</tw-gaap-ci:CashCashEquivalents>
	<tw-gaap-ci:AvailableSaleFinancialAssets-Current contextRef="AsOf20120930" decimals="-3" unitRef="TWD">4382000</tw-gaap-ci:AvailableSaleFinancialAssets-Current>
	<tw-gaap-ci:AvailableSaleFinancialAssets-Current contextRef="AsOf20110930" decimals="-3" unitRef="TWD">6350000</tw-gaap-ci:AvailableSaleFinancialAssets-Current>
	<tw-gaap-ci:AvailableSaleFinancialAssetsCurrent contextRef="AsOf20120930" decimals="-3" unitRef="TWD">4382000</tw-gaap-ci:AvailableSaleFinancialAssetsCurrent>
	<tw-gaap-ci:AvailableSaleFinancialAssetsCurrent contextRef="AsOf20110930" decimals="-3" unitRef="TWD">6350000</tw-gaap-ci:AvailableSaleFinancialAssetsCurrent>
	<tw-gaap-ci:AccountsReceivable contextRef="AsOf20120930" decimals="-3" unitRef="TWD">50888000</tw-gaap-ci:AccountsReceivable>
	<tw-gaap-ci:AccountsReceivable contextRef="AsOf20110930" decimals="-3" unitRef="TWD">167816000</tw-gaap-ci:AccountsReceivable>
	<tw-gaap-ci:NetAccountsReceivable contextRef="AsOf20120930" decimals="-3" unitRef="TWD">50888000</tw-gaap-ci:NetAccountsReceivable>
	<tw-gaap-ci:NetAccountsReceivable contextRef="AsOf20110930" decimals="-3" unitRef="TWD">167816000</tw-gaap-ci:NetAccountsReceivable>
	<tw-gaap-ci:AccountsReceivableRelatedParties contextRef="AsOf20120930" decimals="-3" unitRef="TWD">14207000</tw-gaap-ci:AccountsReceivableRelatedParties>
	<tw-gaap-ci:AccountsReceivableRelatedParties contextRef="AsOf20110930" decimals="-3" unitRef="TWD">24639000</tw-gaap-ci:AccountsReceivableRelatedParties>
	<tw-gaap-ci:NetAccountsReceivableRelatedParties contextRef="AsOf20120930" decimals="-3" unitRef="TWD">14207000</tw-gaap-ci:NetAccountsReceivableRelatedParties>
	<tw-gaap-ci:NetAccountsReceivableRelatedParties contextRef="AsOf20110930" decimals="-3" unitRef="TWD">24639000</tw-gaap-ci:NetAccountsReceivableRelatedParties>
	<tw-gaap-ci:EarnedRevenueReceivableRelatedParties contextRef="AsOf20120930" decimals="-3" unitRef="TWD">6359000</tw-gaap-ci:EarnedRevenueReceivableRelatedParties>
	<tw-gaap-ci:EarnedRevenueReceivableRelatedParties contextRef="AsOf20110930" decimals="-3" unitRef="TWD">5766000</tw-gaap-ci:EarnedRevenueReceivableRelatedParties>
	<tw-gaap-ci:OtherReceivablesRelatedPartiesOther contextRef="AsOf20120930" decimals="-3" unitRef="TWD">62807000</tw-gaap-ci:OtherReceivablesRelatedPartiesOther>
	<tw-gaap-ci:OtherReceivablesRelatedPartiesOther contextRef="AsOf20110930" decimals="-3" unitRef="TWD">262469000</tw-gaap-ci:OtherReceivablesRelatedPartiesOther>
	<tw-gaap-ci:OtherReceivablesRelatedParties contextRef="AsOf20120930" decimals="-3" unitRef="TWD">69166000</tw-gaap-ci:OtherReceivablesRelatedParties>
	<tw-gaap-ci:OtherReceivablesRelatedParties contextRef="AsOf20110930" decimals="-3" unitRef="TWD">268235000</tw-gaap-ci:OtherReceivablesRelatedParties>
	<tw-gaap-ci:RawMaterials contextRef="AsOf20120930" decimals="-3" unitRef="TWD">406000</tw-gaap-ci:RawMaterials>
	<tw-gaap-ci:RawMaterials contextRef="AsOf20110930" decimals="-3" unitRef="TWD">165725000</tw-gaap-ci:RawMaterials>
	<tw-gaap-ci:InventoriesManufacturing contextRef="AsOf20120930" decimals="-3" unitRef="TWD">406000</tw-gaap-ci:InventoriesManufacturing>
	<tw-gaap-ci:InventoriesManufacturing contextRef="AsOf20110930" decimals="-3" unitRef="TWD">165725000</tw-gaap-ci:InventoriesManufacturing>
	<tw-gaap-ci:Inventories contextRef="AsOf20120930" decimals="-3" unitRef="TWD">406000</tw-gaap-ci:Inventories>
	<tw-gaap-ci:Inventories contextRef="AsOf20110930" decimals="-3" unitRef="TWD">165725000</tw-gaap-ci:Inventories>
	<tw-gaap-ci:RestrictedCurrentAssets contextRef="AsOf20120930" decimals="-3" unitRef="TWD">52980000</tw-gaap-ci:RestrictedCurrentAssets>
	<tw-gaap-ci:RestrictedCurrentAssets contextRef="AsOf20110930" decimals="-3" unitRef="TWD">53098000</tw-gaap-ci:RestrictedCurrentAssets>
	<tw-gaap-ci:OthercurrentAssetsOther contextRef="AsOf20120930" decimals="-3" unitRef="TWD">4932000</tw-gaap-ci:OthercurrentAssetsOther>
	<tw-gaap-ci:OthercurrentAssetsOther contextRef="AsOf20110930" decimals="-3" unitRef="TWD">5153000</tw-gaap-ci:OthercurrentAssetsOther>
	<tw-gaap-ci:OtherCurrentAssets contextRef="AsOf20120930" decimals="-3" unitRef="TWD">57912000</tw-gaap-ci:OtherCurrentAssets>
	<tw-gaap-ci:OtherCurrentAssets contextRef="AsOf20110930" decimals="-3" unitRef="TWD">58251000</tw-gaap-ci:OtherCurrentAssets>
	<tw-gaap-ci:CurrentAssets contextRef="AsOf20120930" decimals="-3" unitRef="TWD">213046000</tw-gaap-ci:CurrentAssets>
	<tw-gaap-ci:CurrentAssets contextRef="AsOf20110930" decimals="-3" unitRef="TWD">706452000</tw-gaap-ci:CurrentAssets>
	<tw-gaap-ci:FinancialAssetsCarriedCostNoncurrent contextRef="AsOf20120930" decimals="-3" unitRef="TWD">7192000</tw-gaap-ci:FinancialAssetsCarriedCostNoncurrent>
	<tw-gaap-ci:FinancialAssetsCarriedCostNoncurrent contextRef="AsOf20110930" decimals="-3" unitRef="TWD">7192000</tw-gaap-ci:FinancialAssetsCarriedCostNoncurrent>
	<tw-gaap-ci:NetFinancialAssetsCarriedCostNonCurrent contextRef="AsOf20120930" decimals="-3" unitRef="TWD">7192000</tw-gaap-ci:NetFinancialAssetsCarriedCostNonCurrent>
	<tw-gaap-ci:NetFinancialAssetsCarriedCostNonCurrent contextRef="AsOf20110930" decimals="-3" unitRef="TWD">7192000</tw-gaap-ci:NetFinancialAssetsCarriedCostNonCurrent>
	<tw-gaap-ci:LongtermInvestmentsEquity contextRef="AsOf20120930" decimals="-3" unitRef="TWD">24582000</tw-gaap-ci:LongtermInvestmentsEquity>
	<tw-gaap-ci:LongtermInvestmentsEquity contextRef="AsOf20110930" decimals="-3" unitRef="TWD">22409000</tw-gaap-ci:LongtermInvestmentsEquity>
	<tw-gaap-ci:LongtermInvestments contextRef="AsOf20120930" decimals="-3" unitRef="TWD">24582000</tw-gaap-ci:LongtermInvestments>
	<tw-gaap-ci:LongtermInvestments contextRef="AsOf20110930" decimals="-3" unitRef="TWD">22409000</tw-gaap-ci:LongtermInvestments>
	<tw-gaap-ci:FundsInvestments contextRef="AsOf20120930" decimals="-3" unitRef="TWD">31774000</tw-gaap-ci:FundsInvestments>
	<tw-gaap-ci:FundsInvestments contextRef="AsOf20110930" decimals="-3" unitRef="TWD">29601000</tw-gaap-ci:FundsInvestments>
	<tw-gaap-ci:BuildingsStructures contextRef="AsOf20120930" decimals="-3" unitRef="TWD">223589000</tw-gaap-ci:BuildingsStructures>
	<tw-gaap-ci:BuildingsStructures contextRef="AsOf20110930" decimals="-3" unitRef="TWD">254012000</tw-gaap-ci:BuildingsStructures>
	<tw-gaap-ci:MachineryEquipment contextRef="AsOf20120930" decimals="-3" unitRef="TWD">817000</tw-gaap-ci:MachineryEquipment>
	<tw-gaap-ci:MachineryEquipment contextRef="AsOf20110930" decimals="-3" unitRef="TWD">817000</tw-gaap-ci:MachineryEquipment>
	<tw-gaap-ci:TestingEquipment contextRef="AsOf20120930" decimals="-3" unitRef="TWD">1794000</tw-gaap-ci:TestingEquipment>
	<tw-gaap-ci:TestingEquipment contextRef="AsOf20110930" decimals="-3" unitRef="TWD">1794000</tw-gaap-ci:TestingEquipment>
	<tw-gaap-ci:TransportationEquipment contextRef="AsOf20120930" decimals="-3" unitRef="TWD">1265000</tw-gaap-ci:TransportationEquipment>
	<tw-gaap-ci:TransportationEquipment contextRef="AsOf20110930" decimals="-3" unitRef="TWD">1265000</tw-gaap-ci:TransportationEquipment>
	<tw-gaap-ci:OfficeEquipment contextRef="AsOf20120930" decimals="-3" unitRef="TWD">2702000</tw-gaap-ci:OfficeEquipment>
	<tw-gaap-ci:OfficeEquipment contextRef="AsOf20110930" decimals="-3" unitRef="TWD">6109000</tw-gaap-ci:OfficeEquipment>
	<tw-gaap-ci:OtherFacilities contextRef="AsOf20120930" decimals="-3" unitRef="TWD">120000</tw-gaap-ci:OtherFacilities>
	<tw-gaap-ci:OtherFacilities contextRef="AsOf20110930" decimals="-3" unitRef="TWD">156000</tw-gaap-ci:OtherFacilities>
	<tw-gaap-ci:FixedAssetsOriginalCosts contextRef="AsOf20120930" decimals="-3" unitRef="TWD">230287000</tw-gaap-ci:FixedAssetsOriginalCosts>
	<tw-gaap-ci:FixedAssetsOriginalCosts contextRef="AsOf20110930" decimals="-3" unitRef="TWD">264153000</tw-gaap-ci:FixedAssetsOriginalCosts>
	<tw-gaap-ci:RevaluationIncrement contextRef="AsOf20120930" decimals="-3" unitRef="TWD">0</tw-gaap-ci:RevaluationIncrement>
	<tw-gaap-ci:RevaluationIncrement contextRef="AsOf20110930" decimals="-3" unitRef="TWD">0</tw-gaap-ci:RevaluationIncrement>
	<tw-gaap-ci:CostsRevaluationIncrement contextRef="AsOf20120930" decimals="-3" unitRef="TWD">230287000</tw-gaap-ci:CostsRevaluationIncrement>
	<tw-gaap-ci:CostsRevaluationIncrement contextRef="AsOf20110930" decimals="-3" unitRef="TWD">264153000</tw-gaap-ci:CostsRevaluationIncrement>
	<tw-gaap-ci:AccumulateddepreciationBuildingsStructures contextRef="AsOf20120930" decimals="-3" unitRef="TWD">59875000</tw-gaap-ci:AccumulateddepreciationBuildingsStructures>
	<tw-gaap-ci:AccumulateddepreciationBuildingsStructures contextRef="AsOf20110930" decimals="-3" unitRef="TWD">69164000</tw-gaap-ci:AccumulateddepreciationBuildingsStructures>
	<tw-gaap-ci:AccumulatedDepreciation contextRef="AsOf20120930" decimals="-3" unitRef="TWD">59875000</tw-gaap-ci:AccumulatedDepreciation>
	<tw-gaap-ci:AccumulatedDepreciation contextRef="AsOf20110930" decimals="-3" unitRef="TWD">69164000</tw-gaap-ci:AccumulatedDepreciation>
	<tw-gaap-ci:AccumulatedImpairmentBuildingsStructures contextRef="AsOf20120930" decimals="-3" unitRef="TWD">56120000</tw-gaap-ci:AccumulatedImpairmentBuildingsStructures>
	<tw-gaap-ci:AccumulatedImpairmentBuildingsStructures contextRef="AsOf20110930" decimals="-3" unitRef="TWD">56120000</tw-gaap-ci:AccumulatedImpairmentBuildingsStructures>
	<tw-gaap-ci:AccumulatedImpairmentFixedAssets contextRef="AsOf20120930" decimals="-3" unitRef="TWD">56120000</tw-gaap-ci:AccumulatedImpairmentFixedAssets>
	<tw-gaap-ci:AccumulatedImpairmentFixedAssets contextRef="AsOf20110930" decimals="-3" unitRef="TWD">56120000</tw-gaap-ci:AccumulatedImpairmentFixedAssets>
	<tw-gaap-ci:FixedAssets contextRef="AsOf20120930" decimals="-3" unitRef="TWD">114292000</tw-gaap-ci:FixedAssets>
	<tw-gaap-ci:FixedAssets contextRef="AsOf20110930" decimals="-3" unitRef="TWD">138869000</tw-gaap-ci:FixedAssets>
	<tw-gaap-ci:RentalAssets contextRef="AsOf20120930" decimals="-3" unitRef="TWD">91456000</tw-gaap-ci:RentalAssets>
	<tw-gaap-ci:RentalAssets contextRef="AsOf20110930" decimals="-3" unitRef="TWD">129294000</tw-gaap-ci:RentalAssets>
	<tw-gaap-ci:NetRentalAssets contextRef="AsOf20120930" decimals="-3" unitRef="TWD">91456000</tw-gaap-ci:NetRentalAssets>
	<tw-gaap-ci:NetRentalAssets contextRef="AsOf20110930" decimals="-3" unitRef="TWD">129294000</tw-gaap-ci:NetRentalAssets>
	<tw-gaap-ci:IdledAssets contextRef="AsOf20120930" decimals="-3" unitRef="TWD">129134000</tw-gaap-ci:IdledAssets>
	<tw-gaap-ci:IdledAssets contextRef="AsOf20110930" decimals="-3" unitRef="TWD">75974000</tw-gaap-ci:IdledAssets>
	<tw-gaap-ci:NetIdledAssets contextRef="AsOf20120930" decimals="-3" unitRef="TWD">129134000</tw-gaap-ci:NetIdledAssets>
	<tw-gaap-ci:NetIdledAssets contextRef="AsOf20110930" decimals="-3" unitRef="TWD">75974000</tw-gaap-ci:NetIdledAssets>
	<tw-gaap-ci:GuaranteeDepositsPaid contextRef="AsOf20120930" decimals="-3" unitRef="TWD">53000</tw-gaap-ci:GuaranteeDepositsPaid>
	<tw-gaap-ci:GuaranteeDepositsPaid contextRef="AsOf20110930" decimals="-3" unitRef="TWD">94000</tw-gaap-ci:GuaranteeDepositsPaid>
	<tw-gaap-ci:OtherDeferredCharges contextRef="AsOf20120930" decimals="-3" unitRef="TWD">2195000</tw-gaap-ci:OtherDeferredCharges>
	<tw-gaap-ci:OtherDeferredCharges contextRef="AsOf20110930" decimals="-3" unitRef="TWD">1985000</tw-gaap-ci:OtherDeferredCharges>
	<tw-gaap-ci:DeferredCharges contextRef="AsOf20120930" decimals="-3" unitRef="TWD">2195000</tw-gaap-ci:DeferredCharges>
	<tw-gaap-ci:DeferredCharges contextRef="AsOf20110930" decimals="-3" unitRef="TWD">1985000</tw-gaap-ci:DeferredCharges>
	<tw-gaap-ci:OtherAssetsOther_OtherAssetsOther contextRef="AsOf20120930" decimals="-3" unitRef="TWD">16950000</tw-gaap-ci:OtherAssetsOther_OtherAssetsOther>
	<tw-gaap-ci:OtherAssetsOther_OtherAssetsOther contextRef="AsOf20110930" decimals="-3" unitRef="TWD">16950000</tw-gaap-ci:OtherAssetsOther_OtherAssetsOther>
	<tw-gaap-ci:OtherAssetsOther contextRef="AsOf20120930" decimals="-3" unitRef="TWD">16950000</tw-gaap-ci:OtherAssetsOther>
	<tw-gaap-ci:OtherAssetsOther contextRef="AsOf20110930" decimals="-3" unitRef="TWD">16950000</tw-gaap-ci:OtherAssetsOther>
	<tw-gaap-ci:OtherAssets contextRef="AsOf20120930" decimals="-3" unitRef="TWD">239788000</tw-gaap-ci:OtherAssets>
	<tw-gaap-ci:OtherAssets contextRef="AsOf20110930" decimals="-3" unitRef="TWD">224297000</tw-gaap-ci:OtherAssets>
	<tw-gaap-ci:Assets contextRef="AsOf20120930" decimals="-3" unitRef="TWD">598900000</tw-gaap-ci:Assets>
	<tw-gaap-ci:Assets contextRef="AsOf20110930" decimals="-3" unitRef="TWD">1099219000</tw-gaap-ci:Assets>
	<tw-gaap-ci:BankLoan contextRef="AsOf20120930" decimals="-3" unitRef="TWD">235354000</tw-gaap-ci:BankLoan>
	<tw-gaap-ci:BankLoan contextRef="AsOf20110930" decimals="-3" unitRef="TWD">306671000</tw-gaap-ci:BankLoan>
	<tw-gaap-ci:ShortTermBorrowings contextRef="AsOf20120930" decimals="-3" unitRef="TWD">235354000</tw-gaap-ci:ShortTermBorrowings>
	<tw-gaap-ci:ShortTermBorrowings contextRef="AsOf20110930" decimals="-3" unitRef="TWD">306671000</tw-gaap-ci:ShortTermBorrowings>
	<tw-gaap-ci:AccountsPayable_AccountsPayable contextRef="AsOf20120930" decimals="-3" unitRef="TWD">68332000</tw-gaap-ci:AccountsPayable_AccountsPayable>
	<tw-gaap-ci:AccountsPayable_AccountsPayable contextRef="AsOf20110930" decimals="-3" unitRef="TWD">234181000</tw-gaap-ci:AccountsPayable_AccountsPayable>
	<tw-gaap-ci:AccountsPayable contextRef="AsOf20120930" decimals="-3" unitRef="TWD">68332000</tw-gaap-ci:AccountsPayable>
	<tw-gaap-ci:AccountsPayable contextRef="AsOf20110930" decimals="-3" unitRef="TWD">234181000</tw-gaap-ci:AccountsPayable>
	<tw-gaap-ci:AccountsPayableRelatedParties_AccountsPayableRelatedParties contextRef="AsOf20120930" decimals="-3" unitRef="TWD">42294000</tw-gaap-ci:AccountsPayableRelatedParties_AccountsPayableRelatedParties>
	<tw-gaap-ci:AccountsPayableRelatedParties_AccountsPayableRelatedParties contextRef="AsOf20110930" decimals="-3" unitRef="TWD">226396000</tw-gaap-ci:AccountsPayableRelatedParties_AccountsPayableRelatedParties>
	<tw-gaap-ci:AccountsPayableRelatedParties contextRef="AsOf20120930" decimals="-3" unitRef="TWD">42294000</tw-gaap-ci:AccountsPayableRelatedParties>
	<tw-gaap-ci:AccountsPayableRelatedParties contextRef="AsOf20110930" decimals="-3" unitRef="TWD">226396000</tw-gaap-ci:AccountsPayableRelatedParties>
	<tw-gaap-ci:OtherAccruedExpenses contextRef="AsOf20120930" decimals="-3" unitRef="TWD">21341000</tw-gaap-ci:OtherAccruedExpenses>
	<tw-gaap-ci:OtherAccruedExpenses contextRef="AsOf20110930" decimals="-3" unitRef="TWD">46216000</tw-gaap-ci:OtherAccruedExpenses>
	<tw-gaap-ci:AccruedExpenses contextRef="AsOf20120930" decimals="-3" unitRef="TWD">21341000</tw-gaap-ci:AccruedExpenses>
	<tw-gaap-ci:AccruedExpenses contextRef="AsOf20110930" decimals="-3" unitRef="TWD">46216000</tw-gaap-ci:AccruedExpenses>
	<tw-gaap-ci:OtherCurrentLiabilitiesOther contextRef="AsOf20120930" decimals="-3" unitRef="TWD">13097000</tw-gaap-ci:OtherCurrentLiabilitiesOther>
	<tw-gaap-ci:OtherCurrentLiabilitiesOther contextRef="AsOf20110930" decimals="-3" unitRef="TWD">25003000</tw-gaap-ci:OtherCurrentLiabilitiesOther>
	<tw-gaap-ci:OtherCurrentLiabilities contextRef="AsOf20120930" decimals="-3" unitRef="TWD">13097000</tw-gaap-ci:OtherCurrentLiabilities>
	<tw-gaap-ci:OtherCurrentLiabilities contextRef="AsOf20110930" decimals="-3" unitRef="TWD">25003000</tw-gaap-ci:OtherCurrentLiabilities>
	<tw-gaap-ci:CurrentLiabilities contextRef="AsOf20120930" decimals="-3" unitRef="TWD">380418000</tw-gaap-ci:CurrentLiabilities>
	<tw-gaap-ci:CurrentLiabilities contextRef="AsOf20110930" decimals="-3" unitRef="TWD">838467000</tw-gaap-ci:CurrentLiabilities>
	<tw-gaap-ci:PensionReserve contextRef="AsOf20120930" decimals="-3" unitRef="TWD">0</tw-gaap-ci:PensionReserve>
	<tw-gaap-ci:PensionReserve contextRef="AsOf20110930" decimals="-3" unitRef="TWD">15549000</tw-gaap-ci:PensionReserve>
	<tw-gaap-ci:GuaranteeDepositsReceived contextRef="AsOf20120930" decimals="-3" unitRef="TWD">4206000</tw-gaap-ci:GuaranteeDepositsReceived>
	<tw-gaap-ci:GuaranteeDepositsReceived contextRef="AsOf20110930" decimals="-3" unitRef="TWD">4719000</tw-gaap-ci:GuaranteeDepositsReceived>
	<tw-gaap-ci:DeferredCreditsGainsonInterAffiliateAccounts contextRef="AsOf20120930" decimals="-3" unitRef="TWD">5048000</tw-gaap-ci:DeferredCreditsGainsonInterAffiliateAccounts>
	<tw-gaap-ci:DeferredCreditsGainsonInterAffiliateAccounts contextRef="AsOf20110930" decimals="-3" unitRef="TWD">2982000</tw-gaap-ci:DeferredCreditsGainsonInterAffiliateAccounts>
	<tw-gaap-ci:OtherLiabilities-Other contextRef="AsOf20120930" decimals="-3" unitRef="TWD">8395000</tw-gaap-ci:OtherLiabilities-Other>
	<tw-gaap-ci:OtherLiabilities-Other contextRef="AsOf20110930" decimals="-3" unitRef="TWD">8831000</tw-gaap-ci:OtherLiabilities-Other>
	<tw-gaap-ci:OtherLiabilitiesOther contextRef="AsOf20120930" decimals="-3" unitRef="TWD">13443000</tw-gaap-ci:OtherLiabilitiesOther>
	<tw-gaap-ci:OtherLiabilitiesOther contextRef="AsOf20110930" decimals="-3" unitRef="TWD">11813000</tw-gaap-ci:OtherLiabilitiesOther>
	<tw-gaap-ci:OtherLiabilities contextRef="AsOf20120930" decimals="-3" unitRef="TWD">17649000</tw-gaap-ci:OtherLiabilities>
	<tw-gaap-ci:OtherLiabilities contextRef="AsOf20110930" decimals="-3" unitRef="TWD">32081000</tw-gaap-ci:OtherLiabilities>
	<tw-gaap-ci:Liabilities contextRef="AsOf20120930" decimals="-3" unitRef="TWD">398067000</tw-gaap-ci:Liabilities>
	<tw-gaap-ci:Liabilities contextRef="AsOf20110930" decimals="-3" unitRef="TWD">870548000</tw-gaap-ci:Liabilities>
	<tw-gaap-ci:CommonStock contextRef="AsOf20120930" decimals="-3" unitRef="TWD">724634000</tw-gaap-ci:CommonStock>
	<tw-gaap-ci:CommonStock contextRef="AsOf20110930" decimals="-3" unitRef="TWD">724634000</tw-gaap-ci:CommonStock>
	<tw-gaap-ci:Capital contextRef="AsOf20120930" decimals="-3" unitRef="TWD">724634000</tw-gaap-ci:Capital>
	<tw-gaap-ci:Capital contextRef="AsOf20110930" decimals="-3" unitRef="TWD">724634000</tw-gaap-ci:Capital>
	<tw-gaap-ci:AccumulatedProfitLoss contextRef="AsOf20120930" decimals="-3" unitRef="TWD">-633627000</tw-gaap-ci:AccumulatedProfitLoss>
	<tw-gaap-ci:AccumulatedProfitLoss contextRef="AsOf20110930" decimals="-3" unitRef="TWD">-584387000</tw-gaap-ci:AccumulatedProfitLoss>
	<tw-gaap-ci:UnappropriatedRetainedEarnings contextRef="AsOf20120930" decimals="-3" unitRef="TWD">-633627000</tw-gaap-ci:UnappropriatedRetainedEarnings>
	<tw-gaap-ci:UnappropriatedRetainedEarnings contextRef="AsOf20110930" decimals="-3" unitRef="TWD">-584387000</tw-gaap-ci:UnappropriatedRetainedEarnings>
	<tw-gaap-ci:RetainedEarnings contextRef="AsOf20120930" decimals="-3" unitRef="TWD">-633627000</tw-gaap-ci:RetainedEarnings>
	<tw-gaap-ci:RetainedEarnings contextRef="AsOf20110930" decimals="-3" unitRef="TWD">-584387000</tw-gaap-ci:RetainedEarnings>
	<tw-gaap-ci:CumulativeTranslationAdjustments contextRef="AsOf20120930" decimals="-3" unitRef="TWD">109360000</tw-gaap-ci:CumulativeTranslationAdjustments>
	<tw-gaap-ci:CumulativeTranslationAdjustments contextRef="AsOf20110930" decimals="-3" unitRef="TWD">85989000</tw-gaap-ci:CumulativeTranslationAdjustments>
	<tw-gaap-ci:UnrealizedGainLossesAvailableSaleFinancialAssetsMember contextRef="From20120101To20120930" decimals="-3" unitRef="TWD">466000</tw-gaap-ci:UnrealizedGainLossesAvailableSaleFinancialAssetsMember>
	<tw-gaap-ci:UnrealizedGainLossesAvailableSaleFinancialAssetsMember contextRef="From20110101To20110930" decimals="-3" unitRef="TWD">2435000</tw-gaap-ci:UnrealizedGainLossesAvailableSaleFinancialAssetsMember>
	<tw-gaap-ci:UnrealizedGainsLossesFinancialInstruments contextRef="AsOf20120930" decimals="-3" unitRef="TWD">466000</tw-gaap-ci:UnrealizedGainsLossesFinancialInstruments>
	<tw-gaap-ci:UnrealizedGainsLossesFinancialInstruments contextRef="AsOf20110930" decimals="-3" unitRef="TWD">2435000</tw-gaap-ci:UnrealizedGainsLossesFinancialInstruments>
	<tw-gaap-ci:StockholdersEquitiesAdjustments contextRef="AsOf20120930" decimals="-3" unitRef="TWD">109826000</tw-gaap-ci:StockholdersEquitiesAdjustments>
	<tw-gaap-ci:StockholdersEquitiesAdjustments contextRef="AsOf20110930" decimals="-3" unitRef="TWD">88424000</tw-gaap-ci:StockholdersEquitiesAdjustments>
	<tw-gaap-ci:StockholdersEquities contextRef="AsOf20120930" decimals="-3" unitRef="TWD">200833000</tw-gaap-ci:StockholdersEquities>
	<tw-gaap-ci:StockholdersEquities contextRef="AsOf20110930" decimals="-3" unitRef="TWD">228671000</tw-gaap-ci:StockholdersEquities>
	<tw-gaap-ci:EquivalentSharesOutstandingAdvanceReceiptsCommonStock contextRef="AsOf20120930" decimals="0" unitRef="Shares">0</tw-gaap-ci:EquivalentSharesOutstandingAdvanceReceiptsCommonStock>
	<tw-gaap-ci:EquivalentSharesOutstandingAdvanceReceiptsCommonStock contextRef="AsOf20110930" decimals="0" unitRef="Shares">0</tw-gaap-ci:EquivalentSharesOutstandingAdvanceReceiptsCommonStock>
	<tw-gaap-ci:NumberTreasuryStockAcquiredCompanySubsidiaries contextRef="AsOf20120930" decimals="0" unitRef="Shares">0</tw-gaap-ci:NumberTreasuryStockAcquiredCompanySubsidiaries>
	<tw-gaap-ci:NumberTreasuryStockAcquiredCompanySubsidiaries contextRef="AsOf20110930" decimals="0" unitRef="Shares">0</tw-gaap-ci:NumberTreasuryStockAcquiredCompanySubsidiaries>
	<tw-gaap-ci:SalesRevenue contextRef="From20120101To20120930" decimals="-3" unitRef="TWD">541591000</tw-gaap-ci:SalesRevenue>
	<tw-gaap-ci:SalesRevenue contextRef="From20110101To20110930" decimals="-3" unitRef="TWD">765858000</tw-gaap-ci:SalesRevenue>
	<tw-gaap-ci:Sales contextRef="From20120101To20120930" decimals="-3" unitRef="TWD">541591000</tw-gaap-ci:Sales>
	<tw-gaap-ci:Sales contextRef="From20110101To20110930" decimals="-3" unitRef="TWD">765858000</tw-gaap-ci:Sales>
	<tw-gaap-ci:SalesReturns contextRef="From20120101To20120930" decimals="-3" unitRef="TWD">7928000</tw-gaap-ci:SalesReturns>
	<tw-gaap-ci:SalesReturns contextRef="From20110101To20110930" decimals="-3" unitRef="TWD">6634000</tw-gaap-ci:SalesReturns>
	<tw-gaap-ci:NetSales contextRef="From20120101To20120930" decimals="-3" unitRef="TWD">533663000</tw-gaap-ci:NetSales>
	<tw-gaap-ci:NetSales contextRef="From20110101To20110930" decimals="-3" unitRef="TWD">759224000</tw-gaap-ci:NetSales>
	<tw-gaap-ci:OperatingRevenue contextRef="From20120101To20120930" decimals="-3" unitRef="TWD">533663000</tw-gaap-ci:OperatingRevenue>
	<tw-gaap-ci:OperatingRevenue contextRef="From20110101To20110930" decimals="-3" unitRef="TWD">759224000</tw-gaap-ci:OperatingRevenue>
	<tw-gaap-ci:CostSalesCostSales contextRef="From20120101To20120930" decimals="-3" unitRef="TWD">385671000</tw-gaap-ci:CostSalesCostSales>
	<tw-gaap-ci:CostSalesCostSales contextRef="From20110101To20110930" decimals="-3" unitRef="TWD">645968000</tw-gaap-ci:CostSalesCostSales>
	<tw-gaap-ci:CostSales contextRef="From20120101To20120930" decimals="-3" unitRef="TWD">385671000</tw-gaap-ci:CostSales>
	<tw-gaap-ci:CostSales contextRef="From20110101To20110930" decimals="-3" unitRef="TWD">645968000</tw-gaap-ci:CostSales>
	<tw-gaap-ci:OperatingCosts contextRef="From20120101To20120930" decimals="-3" unitRef="TWD">385671000</tw-gaap-ci:OperatingCosts>
	<tw-gaap-ci:OperatingCosts contextRef="From20110101To20110930" decimals="-3" unitRef="TWD">645968000</tw-gaap-ci:OperatingCosts>
	<tw-gaap-ci:GrossProfitLossOperations contextRef="From20120101To20120930" decimals="-3" unitRef="TWD">147992000</tw-gaap-ci:GrossProfitLossOperations>
	<tw-gaap-ci:GrossProfitLossOperations contextRef="From20110101To20110930" decimals="-3" unitRef="TWD">113256000</tw-gaap-ci:GrossProfitLossOperations>
	<tw-gaap-ci:UnrealizedGainInterAffiliateAccounts contextRef="From20120101To20120930" decimals="-3" unitRef="TWD">2090000</tw-gaap-ci:UnrealizedGainInterAffiliateAccounts>
	<tw-gaap-ci:UnrealizedGainInterAffiliateAccounts contextRef="From20110101To20110930" decimals="-3" unitRef="TWD">610000</tw-gaap-ci:UnrealizedGainInterAffiliateAccounts>
	<tw-gaap-ci:OtherExpenses-SellingExpense contextRef="From20120101To20120930" decimals="-3" unitRef="TWD">21024000</tw-gaap-ci:OtherExpenses-SellingExpense>
	<tw-gaap-ci:OtherExpenses-SellingExpense contextRef="From20110101To20110930" decimals="-3" unitRef="TWD">31196000</tw-gaap-ci:OtherExpenses-SellingExpense>
	<tw-gaap-ci:Sellingexpense contextRef="From20120101To20120930" decimals="-3" unitRef="TWD">21024000</tw-gaap-ci:Sellingexpense>
	<tw-gaap-ci:Sellingexpense contextRef="From20110101To20110930" decimals="-3" unitRef="TWD">31196000</tw-gaap-ci:Sellingexpense>
	<tw-gaap-ci:OtherExpenses-GeneralAdministrativeExpenses contextRef="From20120101To20120930" decimals="-3" unitRef="TWD">47635000</tw-gaap-ci:OtherExpenses-GeneralAdministrativeExpenses>
	<tw-gaap-ci:OtherExpenses-GeneralAdministrativeExpenses contextRef="From20110101To20110930" decimals="-3" unitRef="TWD">49404000</tw-gaap-ci:OtherExpenses-GeneralAdministrativeExpenses>
	<tw-gaap-ci:GeneralAdministrativeExpenses contextRef="From20120101To20120930" decimals="-3" unitRef="TWD">47635000</tw-gaap-ci:GeneralAdministrativeExpenses>
	<tw-gaap-ci:GeneralAdministrativeExpenses contextRef="From20110101To20110930" decimals="-3" unitRef="TWD">49404000</tw-gaap-ci:GeneralAdministrativeExpenses>
	<tw-gaap-ci:OtherExpenses-ResearchDevelopmentExpenses contextRef="From20120101To20120930" decimals="-3" unitRef="TWD">53158000</tw-gaap-ci:OtherExpenses-ResearchDevelopmentExpenses>
	<tw-gaap-ci:OtherExpenses-ResearchDevelopmentExpenses contextRef="From20110101To20110930" decimals="-3" unitRef="TWD">69552000</tw-gaap-ci:OtherExpenses-ResearchDevelopmentExpenses>
	<tw-gaap-ci:ResearchDevelopmentExpenses contextRef="From20120101To20120930" decimals="-3" unitRef="TWD">53158000</tw-gaap-ci:ResearchDevelopmentExpenses>
	<tw-gaap-ci:ResearchDevelopmentExpenses contextRef="From20110101To20110930" decimals="-3" unitRef="TWD">69552000</tw-gaap-ci:ResearchDevelopmentExpenses>
	<tw-gaap-ci:OperatingExpenses contextRef="From20120101To20120930" decimals="-3" unitRef="TWD">121817000</tw-gaap-ci:OperatingExpenses>
	<tw-gaap-ci:OperatingExpenses contextRef="From20110101To20110930" decimals="-3" unitRef="TWD">150152000</tw-gaap-ci:OperatingExpenses>
	<tw-gaap-ci:OperatingIncomeLoss contextRef="From20120101To20120930" decimals="-3" unitRef="TWD">24085000</tw-gaap-ci:OperatingIncomeLoss>
	<tw-gaap-ci:OperatingIncomeLoss contextRef="From20110101To20110930" decimals="-3" unitRef="TWD">-37506000</tw-gaap-ci:OperatingIncomeLoss>
	<tw-gaap-ci:InterestIncome contextRef="From20120101To20120930" decimals="-3" unitRef="TWD">1851000</tw-gaap-ci:InterestIncome>
	<tw-gaap-ci:InterestIncome contextRef="From20110101To20110930" decimals="-3" unitRef="TWD">1841000</tw-gaap-ci:InterestIncome>
	<tw-gaap-ci:DividendIncome contextRef="From20120101To20120930" decimals="-3" unitRef="TWD">0</tw-gaap-ci:DividendIncome>
	<tw-gaap-ci:DividendIncome contextRef="From20110101To20110930" decimals="-3" unitRef="TWD">1717000</tw-gaap-ci:DividendIncome>
	<tw-gaap-ci:InvestmentGains contextRef="From20120101To20120930" decimals="-3" unitRef="TWD">0</tw-gaap-ci:InvestmentGains>
	<tw-gaap-ci:InvestmentGains contextRef="From20110101To20110930" decimals="-3" unitRef="TWD">1717000</tw-gaap-ci:InvestmentGains>
	<tw-gaap-ci:GainsSaleInvestments contextRef="From20120101To20120930" decimals="-3" unitRef="TWD">0</tw-gaap-ci:GainsSaleInvestments>
	<tw-gaap-ci:GainsSaleInvestments contextRef="From20110101To20110930" decimals="-3" unitRef="TWD">1388000</tw-gaap-ci:GainsSaleInvestments>
	<tw-gaap-ci:ForeignExchangeGains contextRef="From20120101To20120930" decimals="-3" unitRef="TWD">0</tw-gaap-ci:ForeignExchangeGains>
	<tw-gaap-ci:ForeignExchangeGains contextRef="From20110101To20110930" decimals="-3" unitRef="TWD">16995000</tw-gaap-ci:ForeignExchangeGains>
	<tw-gaap-ci:RentIncome contextRef="From20120101To20120930" decimals="-3" unitRef="TWD">16988000</tw-gaap-ci:RentIncome>
	<tw-gaap-ci:RentIncome contextRef="From20110101To20110930" decimals="-3" unitRef="TWD">26076000</tw-gaap-ci:RentIncome>
	<tw-gaap-ci:MiscellaneousIncome contextRef="From20120101To20120930" decimals="-3" unitRef="TWD">41275000</tw-gaap-ci:MiscellaneousIncome>
	<tw-gaap-ci:MiscellaneousIncome contextRef="From20110101To20110930" decimals="-3" unitRef="TWD">25314000</tw-gaap-ci:MiscellaneousIncome>
	<tw-gaap-ci:NonOperatingIncomeGains contextRef="From20120101To20120930" decimals="-3" unitRef="TWD">60114000</tw-gaap-ci:NonOperatingIncomeGains>
	<tw-gaap-ci:NonOperatingIncomeGains contextRef="From20110101To20110930" decimals="-3" unitRef="TWD">73331000</tw-gaap-ci:NonOperatingIncomeGains>
	<tw-gaap-ci:InterestExpense contextRef="From20120101To20120930" decimals="-3" unitRef="TWD">7120000</tw-gaap-ci:InterestExpense>
	<tw-gaap-ci:InterestExpense contextRef="From20110101To20110930" decimals="-3" unitRef="TWD">5707000</tw-gaap-ci:InterestExpense>
	<tw-gaap-ci:NonOperatingExpensesInvestmentLossRecognizedEquityMethod contextRef="From20120101To20120930" decimals="-3" unitRef="TWD">59122000</tw-gaap-ci:NonOperatingExpensesInvestmentLossRecognizedEquityMethod>
	<tw-gaap-ci:NonOperatingExpensesInvestmentLossRecognizedEquityMethod contextRef="From20110101To20110930" decimals="-3" unitRef="TWD">114631000</tw-gaap-ci:NonOperatingExpensesInvestmentLossRecognizedEquityMethod>
	<tw-gaap-ci:NonOperatingExpensesInvestmentLoss contextRef="From20120101To20120930" decimals="-3" unitRef="TWD">59122000</tw-gaap-ci:NonOperatingExpensesInvestmentLoss>
	<tw-gaap-ci:NonOperatingExpensesInvestmentLoss contextRef="From20110101To20110930" decimals="-3" unitRef="TWD">114631000</tw-gaap-ci:NonOperatingExpensesInvestmentLoss>
	<tw-gaap-ci:ForeignExchangeLosses contextRef="From20120101To20120930" decimals="-3" unitRef="TWD">25713000</tw-gaap-ci:ForeignExchangeLosses>
	<tw-gaap-ci:ForeignExchangeLosses contextRef="From20110101To20110930" decimals="-3" unitRef="TWD">0</tw-gaap-ci:ForeignExchangeLosses>
	<tw-gaap-ci:MiscellaneousDisbursements contextRef="From20120101To20120930" decimals="-3" unitRef="TWD">2546000</tw-gaap-ci:MiscellaneousDisbursements>
	<tw-gaap-ci:MiscellaneousDisbursements contextRef="From20110101To20110930" decimals="-3" unitRef="TWD">4171000</tw-gaap-ci:MiscellaneousDisbursements>
	<tw-gaap-ci:NonOperatingExpenses contextRef="From20120101To20120930" decimals="-3" unitRef="TWD">94501000</tw-gaap-ci:NonOperatingExpenses>
	<tw-gaap-ci:NonOperatingExpenses contextRef="From20110101To20110930" decimals="-3" unitRef="TWD">124509000</tw-gaap-ci:NonOperatingExpenses>
	<tw-gaap-ci:IncomeContinuingOperationsBeforeIncomeTax contextRef="From20120101To20120930" decimals="-3" unitRef="TWD">-10302000</tw-gaap-ci:IncomeContinuingOperationsBeforeIncomeTax>
	<tw-gaap-ci:IncomeContinuingOperationsBeforeIncomeTax contextRef="From20110101To20110930" decimals="-3" unitRef="TWD">-88684000</tw-gaap-ci:IncomeContinuingOperationsBeforeIncomeTax>
	<tw-gaap-ci:IncomeTaxExpenseBenefitIncomeTaxExpenseBenefit contextRef="From20120101To20120930" decimals="-3" unitRef="TWD">0</tw-gaap-ci:IncomeTaxExpenseBenefitIncomeTaxExpenseBenefit>
	<tw-gaap-ci:IncomeTaxExpenseBenefitIncomeTaxExpenseBenefit contextRef="From20110101To20110930" decimals="-3" unitRef="TWD">0</tw-gaap-ci:IncomeTaxExpenseBenefitIncomeTaxExpenseBenefit>
	<tw-gaap-ci:IncomeTaxExpenseBenefit contextRef="From20120101To20120930" decimals="-3" unitRef="TWD">0</tw-gaap-ci:IncomeTaxExpenseBenefit>
	<tw-gaap-ci:IncomeTaxExpenseBenefit contextRef="From20110101To20110930" decimals="-3" unitRef="TWD">0</tw-gaap-ci:IncomeTaxExpenseBenefit>
	<tw-gaap-ci:IncomeContinuingOperations contextRef="From20120101To20120930" decimals="-3" unitRef="TWD">-10302000</tw-gaap-ci:IncomeContinuingOperations>
	<tw-gaap-ci:IncomeContinuingOperations contextRef="From20110101To20110930" decimals="-3" unitRef="TWD">-88684000</tw-gaap-ci:IncomeContinuingOperations>
	<tw-gaap-ci:IncomeLossDiscontinuedOperations contextRef="From20120101To20120930" decimals="-3" unitRef="TWD">0</tw-gaap-ci:IncomeLossDiscontinuedOperations>
	<tw-gaap-ci:IncomeLossDiscontinuedOperations contextRef="From20110101To20110930" decimals="-3" unitRef="TWD">0</tw-gaap-ci:IncomeLossDiscontinuedOperations>
	<tw-gaap-ci:IncomeLossExtraordinaryItems contextRef="From20120101To20120930" decimals="-3" unitRef="TWD">0</tw-gaap-ci:IncomeLossExtraordinaryItems>
	<tw-gaap-ci:IncomeLossExtraordinaryItems contextRef="From20110101To20110930" decimals="-3" unitRef="TWD">0</tw-gaap-ci:IncomeLossExtraordinaryItems>
	<tw-gaap-ci:CumulativeEffectChangesAccountingPrinciple contextRef="From20120101To20120930" decimals="-3" unitRef="TWD">0</tw-gaap-ci:CumulativeEffectChangesAccountingPrinciple>
	<tw-gaap-ci:CumulativeEffectChangesAccountingPrinciple contextRef="From20110101To20110930" decimals="-3" unitRef="TWD">0</tw-gaap-ci:CumulativeEffectChangesAccountingPrinciple>
	<tw-gaap-ci:NetIncomeLoss contextRef="From20120101To20120930" decimals="-3" unitRef="TWD">-10302000</tw-gaap-ci:NetIncomeLoss>
	<tw-gaap-ci:NetIncomeLoss contextRef="From20110101To20110930" decimals="-3" unitRef="TWD">-88684000</tw-gaap-ci:NetIncomeLoss>
	<tw-gaap-ci:PrimaryEarningsPerShare contextRef="From20120101To20120930" decimals="2" unitRef="TWD">-0.14</tw-gaap-ci:PrimaryEarningsPerShare>
	<tw-gaap-ci:PrimaryEarningsPerShare contextRef="From20110101To20110930" decimals="2" unitRef="TWD">-1.22</tw-gaap-ci:PrimaryEarningsPerShare>
	<tw-gaap-ci:NetIncomeLoss_StatementCashFlows contextRef="From20120101To20120930" decimals="-3" unitRef="TWD">-10302000</tw-gaap-ci:NetIncomeLoss_StatementCashFlows>
	<tw-gaap-ci:NetIncomeLoss_StatementCashFlows contextRef="From20110101To20110930" decimals="-3" unitRef="TWD">-88684000</tw-gaap-ci:NetIncomeLoss_StatementCashFlows>
	<tw-gaap-ci:DepreciationExpense-Operating contextRef="From20120101To20120930" decimals="-3" unitRef="TWD">9140000</tw-gaap-ci:DepreciationExpense-Operating>
	<tw-gaap-ci:DepreciationExpense-Operating contextRef="From20110101To20110930" decimals="-3" unitRef="TWD">11184000</tw-gaap-ci:DepreciationExpense-Operating>
	<tw-gaap-ci:InvestmentLossIncomeRecognizedEquityMethod contextRef="From20120101To20120930" decimals="-3" unitRef="TWD">59122000</tw-gaap-ci:InvestmentLossIncomeRecognizedEquityMethod>
	<tw-gaap-ci:InvestmentLossIncomeRecognizedEquityMethod contextRef="From20110101To20110930" decimals="-3" unitRef="TWD">114631000</tw-gaap-ci:InvestmentLossIncomeRecognizedEquityMethod>
	<tw-gaap-ci:GainsLossesSaleInvestments contextRef="From20120101To20120930" decimals="-3" unitRef="TWD">0</tw-gaap-ci:GainsLossesSaleInvestments>
	<tw-gaap-ci:GainsLossesSaleInvestments contextRef="From20110101To20110930" decimals="-3" unitRef="TWD">-1388000</tw-gaap-ci:GainsLossesSaleInvestments>
	<tw-gaap-ci:UnrealizedGainInteraffiliateAccounts_StatementCashFlows contextRef="From20120101To20120930" decimals="-3" unitRef="TWD">2090000</tw-gaap-ci:UnrealizedGainInteraffiliateAccounts_StatementCashFlows>
	<tw-gaap-ci:UnrealizedGainInteraffiliateAccounts_StatementCashFlows contextRef="From20110101To20110930" decimals="-3" unitRef="TWD">610000</tw-gaap-ci:UnrealizedGainInteraffiliateAccounts_StatementCashFlows>
	<tw-gaap-ci:AdjustmentsReconcileNetIncomeNetCashProvidedUsedOperatingActivities contextRef="From20120101To20120930" decimals="-3" unitRef="TWD">70352000</tw-gaap-ci:AdjustmentsReconcileNetIncomeNetCashProvidedUsedOperatingActivities>
	<tw-gaap-ci:AdjustmentsReconcileNetIncomeNetCashProvidedUsedOperatingActivities contextRef="From20110101To20110930" decimals="-3" unitRef="TWD">125037000</tw-gaap-ci:AdjustmentsReconcileNetIncomeNetCashProvidedUsedOperatingActivities>
	<tw-gaap-ci:ChangesAccountsReceivableRelatedParties contextRef="From20120101To20120930" decimals="-3" unitRef="TWD">89966000</tw-gaap-ci:ChangesAccountsReceivableRelatedParties>
	<tw-gaap-ci:ChangesAccountsReceivableRelatedParties contextRef="From20110101To20110930" decimals="-3" unitRef="TWD">35180000</tw-gaap-ci:ChangesAccountsReceivableRelatedParties>
	<tw-gaap-ci:ChangesOtherReceivableRelatedParties contextRef="From20120101To20120930" decimals="-3" unitRef="TWD">-2724000</tw-gaap-ci:ChangesOtherReceivableRelatedParties>
	<tw-gaap-ci:ChangesOtherReceivableRelatedParties contextRef="From20110101To20110930" decimals="-3" unitRef="TWD">-2772000</tw-gaap-ci:ChangesOtherReceivableRelatedParties>
	<tw-gaap-ci:ChangesInventories contextRef="From20120101To20120930" decimals="-3" unitRef="TWD">26273000</tw-gaap-ci:ChangesInventories>
	<tw-gaap-ci:ChangesInventories contextRef="From20110101To20110930" decimals="-3" unitRef="TWD">-134876000</tw-gaap-ci:ChangesInventories>
	<tw-gaap-ci:ChangesOtherCurrentAssets_CI contextRef="From20120101To20120930" decimals="-3" unitRef="TWD">3895000</tw-gaap-ci:ChangesOtherCurrentAssets_CI>
	<tw-gaap-ci:ChangesOtherCurrentAssets_CI contextRef="From20110101To20110930" decimals="-3" unitRef="TWD">49562000</tw-gaap-ci:ChangesOtherCurrentAssets_CI>
	<tw-gaap-ci:ChangesOperatingAssets contextRef="From20120101To20120930" decimals="-3" unitRef="TWD">117410000</tw-gaap-ci:ChangesOperatingAssets>
	<tw-gaap-ci:ChangesOperatingAssets contextRef="From20110101To20110930" decimals="-3" unitRef="TWD">-52906000</tw-gaap-ci:ChangesOperatingAssets>
	<tw-gaap-ci:ChangesAccountsPayable contextRef="From20120101To20120930" decimals="-3" unitRef="TWD">-108606000</tw-gaap-ci:ChangesAccountsPayable>
	<tw-gaap-ci:ChangesAccountsPayable contextRef="From20110101To20110930" decimals="-3" unitRef="TWD">285718000</tw-gaap-ci:ChangesAccountsPayable>
	<tw-gaap-ci:ChangesAccruedExpenses contextRef="From20120101To20120930" decimals="-3" unitRef="TWD">-2377000</tw-gaap-ci:ChangesAccruedExpenses>
	<tw-gaap-ci:ChangesAccruedExpenses contextRef="From20110101To20110930" decimals="-3" unitRef="TWD">-12609000</tw-gaap-ci:ChangesAccruedExpenses>
	<tw-gaap-ci:ChangesOtherCurrentLiabilities_CI contextRef="From20120101To20120930" decimals="-3" unitRef="TWD">-14927000</tw-gaap-ci:ChangesOtherCurrentLiabilities_CI>
	<tw-gaap-ci:ChangesOtherCurrentLiabilities_CI contextRef="From20110101To20110930" decimals="-3" unitRef="TWD">-4303000</tw-gaap-ci:ChangesOtherCurrentLiabilities_CI>
	<tw-gaap-ci:ChangesAccruedPensionLiabilities contextRef="From20120101To20120930" decimals="-3" unitRef="TWD">-15447000</tw-gaap-ci:ChangesAccruedPensionLiabilities>
	<tw-gaap-ci:ChangesAccruedPensionLiabilities contextRef="From20110101To20110930" decimals="-3" unitRef="TWD">-307000</tw-gaap-ci:ChangesAccruedPensionLiabilities>
	<tw-gaap-ci:ChangesOperatingLiabilities contextRef="From20120101To20120930" decimals="-3" unitRef="TWD">-141357000</tw-gaap-ci:ChangesOperatingLiabilities>
	<tw-gaap-ci:ChangesOperatingLiabilities contextRef="From20110101To20110930" decimals="-3" unitRef="TWD">268499000</tw-gaap-ci:ChangesOperatingLiabilities>
	<tw-gaap-ci:ChangesOperatingAssetsLiabilities contextRef="From20120101To20120930" decimals="-3" unitRef="TWD">-23947000</tw-gaap-ci:ChangesOperatingAssetsLiabilities>
	<tw-gaap-ci:ChangesOperatingAssetsLiabilities contextRef="From20110101To20110930" decimals="-3" unitRef="TWD">215593000</tw-gaap-ci:ChangesOperatingAssetsLiabilities>
	<tw-gaap-ci:NetCashProvidedUsedOperatingActivities contextRef="From20120101To20120930" decimals="-3" unitRef="TWD">36103000</tw-gaap-ci:NetCashProvidedUsedOperatingActivities>
	<tw-gaap-ci:NetCashProvidedUsedOperatingActivities contextRef="From20110101To20110930" decimals="-3" unitRef="TWD">251946000</tw-gaap-ci:NetCashProvidedUsedOperatingActivities>
	<tw-gaap-ci:ProceedsDisposalAvailableSaleFinancialAssets contextRef="From20120101To20120930" decimals="-3" unitRef="TWD">0</tw-gaap-ci:ProceedsDisposalAvailableSaleFinancialAssets>
	<tw-gaap-ci:ProceedsDisposalAvailableSaleFinancialAssets contextRef="From20110101To20110930" decimals="-3" unitRef="TWD">3207000</tw-gaap-ci:ProceedsDisposalAvailableSaleFinancialAssets>
	<tw-gaap-ci:ProceedsDisposalFinancialAssetsCarriedCost contextRef="From20120101To20120930" decimals="-3" unitRef="TWD">0</tw-gaap-ci:ProceedsDisposalFinancialAssetsCarriedCost>
	<tw-gaap-ci:ProceedsDisposalFinancialAssetsCarriedCost contextRef="From20110101To20110930" decimals="-3" unitRef="TWD">2771000</tw-gaap-ci:ProceedsDisposalFinancialAssetsCarriedCost>
	<tw-gaap-ci:AcquisitionInvestmentsAccountedEquityMethod contextRef="From20120101To20120930" decimals="-3" unitRef="TWD">0</tw-gaap-ci:AcquisitionInvestmentsAccountedEquityMethod>
	<tw-gaap-ci:AcquisitionInvestmentsAccountedEquityMethod contextRef="From20110101To20110930" decimals="-3" unitRef="TWD">-15651000</tw-gaap-ci:AcquisitionInvestmentsAccountedEquityMethod>
	<tw-gaap-ci:AcquisitionPropertyPlantEquipment contextRef="From20120101To20120930" decimals="-3" unitRef="TWD">-242000</tw-gaap-ci:AcquisitionPropertyPlantEquipment>
	<tw-gaap-ci:AcquisitionPropertyPlantEquipment contextRef="From20110101To20110930" decimals="-3" unitRef="TWD">-270000</tw-gaap-ci:AcquisitionPropertyPlantEquipment>
	<tw-gaap-ci:ChangesRefundableDeposits contextRef="From20120101To20120930" decimals="-3" unitRef="TWD">41000</tw-gaap-ci:ChangesRefundableDeposits>
	<tw-gaap-ci:ChangesRefundableDeposits contextRef="From20110101To20110930" decimals="-3" unitRef="TWD">0</tw-gaap-ci:ChangesRefundableDeposits>
	<tw-gaap-ci:IncreaseDeferredCharges contextRef="From20120101To20120930" decimals="-3" unitRef="TWD">-2441000</tw-gaap-ci:IncreaseDeferredCharges>
	<tw-gaap-ci:IncreaseDeferredCharges contextRef="From20110101To20110930" decimals="-3" unitRef="TWD">-2270000</tw-gaap-ci:IncreaseDeferredCharges>
	<tw-gaap-ci:ChangesOtherReceivablesRelatedParties contextRef="From20120101To20120930" decimals="-3" unitRef="TWD">44827000</tw-gaap-ci:ChangesOtherReceivablesRelatedParties>
	<tw-gaap-ci:ChangesOtherReceivablesRelatedParties contextRef="From20110101To20110930" decimals="-3" unitRef="TWD">-360859000</tw-gaap-ci:ChangesOtherReceivablesRelatedParties>
	<tw-gaap-ci:ChangesRestrictedAssets contextRef="From20120101To20120930" decimals="-3" unitRef="TWD">98000</tw-gaap-ci:ChangesRestrictedAssets>
	<tw-gaap-ci:ChangesRestrictedAssets contextRef="From20110101To20110930" decimals="-3" unitRef="TWD">-135000</tw-gaap-ci:ChangesRestrictedAssets>
	<tw-gaap-ci:NetCashProvidedUsedInvestingActivities contextRef="From20120101To20120930" decimals="-3" unitRef="TWD">42283000</tw-gaap-ci:NetCashProvidedUsedInvestingActivities>
	<tw-gaap-ci:NetCashProvidedUsedInvestingActivities contextRef="From20110101To20110930" decimals="-3" unitRef="TWD">-373207000</tw-gaap-ci:NetCashProvidedUsedInvestingActivities>
	<tw-gaap-ci:ChangesShortTermLoans contextRef="From20120101To20120930" decimals="-3" unitRef="TWD">-73197000</tw-gaap-ci:ChangesShortTermLoans>
	<tw-gaap-ci:ChangesShortTermLoans contextRef="From20110101To20110930" decimals="-3" unitRef="TWD">89276000</tw-gaap-ci:ChangesShortTermLoans>
	<tw-gaap-ci:ChangesGuaranteeDepositsReceived contextRef="From20120101To20120930" decimals="-3" unitRef="TWD">29000</tw-gaap-ci:ChangesGuaranteeDepositsReceived>
	<tw-gaap-ci:ChangesGuaranteeDepositsReceived contextRef="From20110101To20110930" decimals="-3" unitRef="TWD">-2004000</tw-gaap-ci:ChangesGuaranteeDepositsReceived>
	<tw-gaap-ci:NetCashProvidedUsedFinancingActivities contextRef="From20120101To20120930" decimals="-3" unitRef="TWD">-73168000</tw-gaap-ci:NetCashProvidedUsedFinancingActivities>
	<tw-gaap-ci:NetCashProvidedUsedFinancingActivities contextRef="From20110101To20110930" decimals="-3" unitRef="TWD">87272000</tw-gaap-ci:NetCashProvidedUsedFinancingActivities>
	<tw-gaap-ci:NetChangesCashCashEquivalents contextRef="From20120101To20120930" decimals="-3" unitRef="TWD">5218000</tw-gaap-ci:NetChangesCashCashEquivalents>
	<tw-gaap-ci:NetChangesCashCashEquivalents contextRef="From20110101To20110930" decimals="-3" unitRef="TWD">-33989000</tw-gaap-ci:NetChangesCashCashEquivalents>
	<tw-gaap-ci:CashCashEquivalents contextRef="AsOf20120101" decimals="-3" unitRef="TWD">10867000</tw-gaap-ci:CashCashEquivalents>
	<tw-gaap-ci:CashCashEquivalents contextRef="AsOf20110101" decimals="-3" unitRef="TWD">49425000</tw-gaap-ci:CashCashEquivalents>
	<tw-gaap-ci:InterestPaid contextRef="From20120101To20120930" decimals="-3" unitRef="TWD">7396000</tw-gaap-ci:InterestPaid>
	<tw-gaap-ci:InterestPaid contextRef="From20110101To20110930" decimals="-3" unitRef="TWD">5585000</tw-gaap-ci:InterestPaid>
	<tw-gaap-ci:InterestPaidExcludingCapitalizedInterest contextRef="From20120101To20120930" decimals="-3" unitRef="TWD">7396000</tw-gaap-ci:InterestPaidExcludingCapitalizedInterest>
	<tw-gaap-ci:InterestPaidExcludingCapitalizedInterest contextRef="From20110101To20110930" decimals="-3" unitRef="TWD">5585000</tw-gaap-ci:InterestPaidExcludingCapitalizedInterest>
	<tw-gaap-ci:IncomeTaxPaid contextRef="From20120101To20120930" decimals="-3" unitRef="TWD">0</tw-gaap-ci:IncomeTaxPaid>
	<tw-gaap-ci:IncomeTaxPaid contextRef="From20110101To20110930" decimals="-3" unitRef="TWD">0</tw-gaap-ci:IncomeTaxPaid>
	<tw-gaap-ci:FixedAssetsTransferredIdledAssets contextRef="From20120101To20120930" decimals="-3" unitRef="TWD">-28248000</tw-gaap-ci:FixedAssetsTransferredIdledAssets>
	<tw-gaap-ci:FixedAssetsTransferredIdledAssets contextRef="From20110101To20110930" decimals="-3" unitRef="TWD">17452000</tw-gaap-ci:FixedAssetsTransferredIdledAssets>
	<tw-gaap-ci:RentalAssetsTransferredFixedAssets contextRef="From20120101To20120930" decimals="-3" unitRef="TWD">-35528000</tw-gaap-ci:RentalAssetsTransferredFixedAssets>
	<tw-gaap-ci:RentalAssetsTransferredFixedAssets contextRef="From20110101To20110930" decimals="-3" unitRef="TWD">-39149000</tw-gaap-ci:RentalAssetsTransferredFixedAssets>
	<tw-gaap-ci:Other contextRef="From20120101To20120930" decimals="-3" unitRef="TWD">10934000</tw-gaap-ci:Other>
	<tw-gaap-ci:Other contextRef="From20110101To20110930" decimals="-3" unitRef="TWD">-113947000</tw-gaap-ci:Other>
	<tw-gaap-ar:AccountantName contextRef="AsOf20121029">勤業眾信聯合會計師事務所</tw-gaap-ar:AccountantName>
	<tw-gaap-ar:AssuranceAccountantName1 contextRef="AsOf20121029">陳明煇</tw-gaap-ar:AssuranceAccountantName1>
	<tw-gaap-ar:AssuranceAccountantName2 contextRef="AsOf20121029">林鴻鵬</tw-gaap-ar:AssuranceAccountantName2>
	<tw-gaap-ar:ReviewAuditDate contextRef="AsOf20121029">2012-10-29</tw-gaap-ar:ReviewAuditDate>
	<tw-gaap-ar:ReviewReport contextRef="AsOf20121029">Y</tw-gaap-ar:ReviewReport>
	<tw-gaap-ar:QualifiedOpinionAbstract contextRef="AsOf20121029">Y</tw-gaap-ar:QualifiedOpinionAbstract>
	<tw-gaap-ar:ByInvestmentCompaniesWithoutAccountantAuditReportRecognizedGainLoss contextRef="AsOf20121029">Y</tw-gaap-ar:ByInvestmentCompaniesWithoutAccountantAuditReportRecognizedGainLoss>
	<tw-gaap-ar:DescriptionEmphasizeItemBody contextRef="AsOf20121029"><![CDATA[]]></tw-gaap-ar:DescriptionEmphasizeItemBody>
	<tw-gaap-ar:DescriptionOtherItemBody contextRef="AsOf20121029"><![CDATA[]]></tw-gaap-ar:DescriptionOtherItemBody>
	<tw-gaap-ar:AccountantsReportBody contextRef="AsOf20121029"><![CDATA[鴻友科技股份有限公司　公鑒：

鴻友科技股份有限公司民國一○一年及一○○年九月三十日之資產負債表，暨民國一○一年及一○○年一月一日至九月三十日之損益表及現金流量表，業經本會計師核閱竣事。上開財務報表之編製係管理階層之責任，本會計師之責任則為根據核閱結果出具報告。
除下段所述者外，本會計師係依照審計準則公報第三十六號「財務報表之核閱」規劃並執行核閱工作。由於本會計師僅實施分析、比較與查詢，並未依照一般公認審計準則查核，故無法對上開財務報表之整體表示查核意見。
如財務報表附註七所述，鴻友科技股份有限公司民國一○一年及一○○年九月三十日採權益法之長期股權投資餘額分別計新台幣（以下同）24,582仟元及22,409仟元，民國一○一年及一○○年九月三十日之長期投資貸餘分別計932,879仟元及861,138仟元，及其前三季認列之投資淨損分別計59,122仟元及114,631仟元，暨財務報表附註二四及二五附註揭露事項所述轉投資事業之相關資訊暨附註二七子公司相關財務資訊，係依據被投資公司同期間未經會計師核閱之財務報表認列與揭露。
依本會計師核閱結果，除上段所述採權益法之長期股權投資、長期投資貸餘及其有關之投資淨損暨轉投資事業及子公司財務之相關資訊，係依據未經會計師核閱之財務報表認列與揭露，倘該等財務報表經會計師核閱而有所調整時，對於民國一○一及一○○年前三季財務報表之可能影響外，並未發現第一段所述財務報表在所有重大方面有違反證券發行人財務報告編製準則、商業會計法及商業會計處理準則中與財務會計準則相關之規定暨一般公認會計原則而須作修正之情事。

]]></tw-gaap-ar:AccountantsReportBody>
	<tw-gaap-notes:FinancialReportNotes contextRef="From20120101To20120930"><![CDATA[http://doc.twse.com.tw/server-java/t57sb01?step=1&colorchg=1&co_id=2361&year=101&seamon=3&mtype=A&]]></tw-gaap-notes:FinancialReportNotes>
	<tw-gaap-notes:OrganizationAndOperations contextRef="From20120101To20120930"><![CDATA[本公司於七十七年十月十五日成立，主要業務為研發、製造及銷售影像掃描器、數位相機、數位影音光碟播放機、視訊攝影機、可重覆讀寫燒錄機及液晶投影機等光電影像產品。本公司為調整集團產銷策略，近年來已將上述產品之主要生產產能調整至大陸子公司生產，並於荷蘭及美國等地佈局建立國際行銷通路（參閱附註七）。
本公司股票自八十六年一月起在台灣證券交易所上市買賣。
於一○一年及一○○年九月底，本公司員工人數分別為66人及107人。
截至一○一年九月底止，本公司累積虧損為633,627仟元，達實收資本87%，且本公司負債比率為66%及流動比率為56%；本公司之繼續經營，有賴於未來營運狀況之改善。為充實營運資金及強化財務結構，本公司擬提出下列因應對策以持續改善營運狀況：
(一)調整組織架構：持續進行組織重整，嚴格評估各部門之績效，處分非核心之轉投資標的，整併可使用資源，凍結人事成本，降低不必要支出。
(二)降低成本計畫：積極控制子公司成本及費用，持續降低不必要支出，以增加未來現金流入。
(三)銷售計畫：積極調整產品組合，提高高毛利率的產品比重，為公司營收帶來穩定成長。
(四)銀行借款：積極保持與銀行團的合作關係，維持與取得銀行借款額度。
(五)財務支援：因應公司營運資金需求，鴻友公司將爭取董事之財務支援，以支持公司繼續營運。
本公司管理當局認為，透過上述規劃將能有效降低營運成本，改善經營績效及健全財務結構，以因應未來營運之資金需求。
]]></tw-gaap-notes:OrganizationAndOperations>
	<tw-gaap-notes:StatementOfFinancialStatementsPreparedInAccordanceWithRelatedRegulationsAndGenerallyAcceptedAccountingPrinciples contextRef="From20120101To20120930"><![CDATA[本財務報表係依照證券發行人財務報告編製準則、商業會計法、商業會計處理準則及一般公認會計原則編製。]]></tw-gaap-notes:StatementOfFinancialStatementsPreparedInAccordanceWithRelatedRegulationsAndGenerallyAcceptedAccountingPrinciples>
	<tw-gaap-notes:ForeignCurrencyTransactionsAndTranslationOfForeignCurrencyFinancialStatements contextRef="From20120101To20120930"><![CDATA[非衍生性商品之外幣交易所產生之各項外幣資產、負債、收入或費用，按交易日之即期匯率折算新台幣金額入帳，外幣資產及負債實際收付結清時所產生之兌換差額，作為當期損益。
資產負債表日之外幣貨幣性資產或負債，按該日即期匯率予以調整，兌換差額列為當期損益。
資產負債表日之外幣非貨幣性資產或負債（例如權益商品），以成本衡量者，則按交易日之歷史匯率衡量。
外幣長期投資採權益法評價者，以被投資公司之外幣財務報表換算後所得之股東權益做為依據，兌換差額列入累積換算調整數，作為股東權益之調整項目。
]]></tw-gaap-notes:ForeignCurrencyTransactionsAndTranslationOfForeignCurrencyFinancialStatements>
	<tw-gaap-notes:UseOfEstimates contextRef="From20120101To20120930"><![CDATA[依照前述準則、法令及原則編製財務報表時，本公司對於備抵呆帳、存貨跌價損失、固定資產、閒置資產及出租資產折舊、遞延借項攤銷、資產價值減損、所得稅及退休金等之提列，必須使用合理之估計金額，因估計涉及判斷，實際結果可能有所差異。]]></tw-gaap-notes:UseOfEstimates>
	<tw-gaap-notes:ClassificationOfCurrentAndNoncurrentAssetsAndLiabilities contextRef="From20120101To20120930"><![CDATA[流動資產包括現金及預期於資產負債表日後十二個月內變現之資產；固定資產及其他不屬於流動資產之資產為非流動資產。流動負債主要為須於資產負債表日後十二個月內清償之負債，負債不屬於流動負債者為非流動負債。]]></tw-gaap-notes:ClassificationOfCurrentAndNoncurrentAssetsAndLiabilities>
	<tw-gaap-notes:AvailableForSaleFinancialAssets contextRef="From20120101To20120930"><![CDATA[備供出售金融資產於原始認列時，以公平價值衡量並加計取得之交易成本；後續評價以公平價值衡量，且其價值變動列為股東權益調整項目，累積之利益或損失於金融資產除列時，列入當期損益。依慣例交易購買或出售金融資產時，採用交易日會計處理。
本公司成為金融商品合約之一方時，認列金融資產。對於合約權利喪失控制時，除列金融資產。公平價值之基礎：上市股票係資產負債表日之收盤價。
現金股利於除息日認列收益，但依據投資前淨利宣告之部分，係自投資成本減除。股票股利不列為投資收益，僅註記股數增加，並按增加後之總股數重新計算每股成本。
若有減損之客觀證據，則認列減損損失。若後續期間減損金額減少，備供出售權益商品之減損減少金額認列為股東權益調整項目；備供出售債務商品之減損減少金額若明顯與認列減損後發生之事件有關，則予以迴轉並認列為當期損益。
]]></tw-gaap-notes:AvailableForSaleFinancialAssets>
	<tw-gaap-notes:FinancialAssetsMeasuredAtCost contextRef="From20120101To20120930"><![CDATA[無法可靠衡量公平價值之權益商品投資，包括未上市（櫃）股票及興櫃股票等，以原始認列之成本衡量。股利之會計處理，與備供出售金融資產相似。若有減損之客觀證據，則認列減損損失，此減損金額不予迴轉。]]></tw-gaap-notes:FinancialAssetsMeasuredAtCost>
	<tw-gaap-notes:BondInvestmentsWithNoActiveMarket contextRef="From20120101To20120930"><![CDATA[無活絡市價之公開報價，且具固定或可決定收取金額之債券投資，以攤銷後成本衡量，原始認列時，以公平價值衡量並加計取得之交易成本，於除列、價值減損或攤銷時認列損益。依慣例交易購買或出售金融資產時，採用交易日會計處理。
若有減損之客觀證據，則認列減損損失。若續後期間減損金額減少，且明顯與認列減損後發生之事件有關，則予以迴轉並認列為當期損益，該迴轉不使帳面金額大於未認列減損情況下之攤銷後成本。
]]></tw-gaap-notes:BondInvestmentsWithNoActiveMarket>
	<tw-gaap-notes:ImpairmentOfNonFinancialAsset contextRef="From20120101To20120930"><![CDATA[備抵呆帳係按應收款項之收回可能性評估提列。本公司係依據對客戶之應收帳款帳齡分析及抵押品價值等因素，定期評估應收帳款之收回可能性。
本公司對於應收帳款係於每一資產負債表日評估其減損跡象，當有客觀證據顯示，因應收帳款原始認列後發生之單一或多項事件，致使應收帳款之估計未來現金流量受影響者，該應收帳款則視為已減損。客觀之減損證據可能包含：
1.債務人發生顯著財務困難；或
2.應收帳款發生逾期之情形；或
3.債務人很有可能倒閉或進行其他財務重整。
針對某些應收款項經個別評估未有減損後，另再以組合基礎來評估減損。應收帳款組合之客觀減損證據可能包含本公司過去收款經驗、該組合之延遲付款增加情況，以及與應收帳款違約有關之可觀察全國性或區域性經濟情勢變化。
認列之減損損失金額係為該資產之帳面金額與預期未來現金流量（已反映擔保品或保證之影響）以該應收帳款原始有效利率折現值之間的差額。應收款帳之帳面金額係藉由備抵評價科目調降。當應收款項視為無法回收時，係沖銷備抵評價科目。原先已沖銷而後續回收之款項係貸記備抵評價科目。備抵評價科目帳面金額之變動認列為呆帳損失。
倘資產（主要為採權益法之長期股權投資、固定資產、出租資產、閒置資產、其他資產－土地及遞延借項）以其相關可回收金額衡量帳面價值有重大減損時，就其減損部分認列損失。嗣後若資產可回收金額增加時，將減損損失之迴轉認列為利益，惟資產於減損損失迴轉後之帳面價值，不得超過該項資產在未認列減損損失之情況下，減除應提列折舊及攤銷後之帳面價值。對具控制能力之長期股權投資，係以合併財務報表整體考量現金產生單位，予以評估。對僅具重大影響力而未具控制能力之長期投資，則以個別長期股權投資帳面價值為基礎，比較個別投資之可回收金額與帳面價值以計算該投資之減損損失。]]></tw-gaap-notes:ImpairmentOfNonFinancialAsset>
	<tw-gaap-notes:AllowanceForSalesReturnsAndOthers contextRef="From20120101To20120930"><![CDATA[備抵銷貨折讓係按估計可能發生之折讓損失提列。備抵退貨係依據以往經驗及其他攸關因素合理估計未來之退貨金額提列。]]></tw-gaap-notes:AllowanceForSalesReturnsAndOthers>
	<tw-gaap-notes:Inventories contextRef="From20120101To20120930"><![CDATA[存貨包括原料及製成品。存貨係以成本與淨變現價值孰低計價，比較成本與淨變現價值時除同類別存貨外係以個別項目為基礎。淨變現價值係指在正常情況下之估計售價減除至完工尚需投入之成本及銷售費用後之餘額。存貨成本之計算採用加權平均法。]]></tw-gaap-notes:Inventories>
	<tw-gaap-notes:LongTermInvestmentsUnderEquityMethod contextRef="From20120101To20120930"><![CDATA[本公司對被投資公司持有表決權股份達百分之二十以上或具有重大影響力者，採用權益法評價。
本公司與採權益法評價之被投資公司間順流交易所產生之未實現損益按持股比例予以銷除；若本公司對被投資公司具有控制能力者，則全數予以銷除，俟實現始認列損益。本公司與採權益法評價之被投資公司間逆流交易所產生之未實現損益，皆按本公司之約當持股比例予以銷除。採權益法評價之被投資公司間側流交易所產生之未實現損益，皆按投資公司對產生損益之被投資公司之約當持股比例予以銷除。遞延之未實現利益俟實現時始予認列。
本公司對於已達控制能力之被投資公司（子公司），若因認列其虧損致使對該子公司之長期投資及墊款帳面餘額為負數時，除子公司之其他股東有義務並能夠提出額外資金承擔其損失者外，本公司全額吸收超過該子公司股東原有權益之損失金額，若該子公司日後獲利，則該利益先歸屬至本公司，直至原多承擔之損失完全回復為止。
]]></tw-gaap-notes:LongTermInvestmentsUnderEquityMethod>
	<tw-gaap-notes:PropertyPlantAndEquipmentAssetsLeasedToOthersAndIdleAssets contextRef="From20120101To20120930"><![CDATA[固定資產及出租資產係按成本減累計折舊及累計減損後之餘額計價。重大之增添、更新及改良，作為資本支出；修理及維護支出則列入當期費用。
折舊係採平均法依下列估計耐用年限提列：房屋及建築，五十五年；機器設備，四年；試驗設備，四年；運輸設備，四至六年；辦公設備，二至六年；其他設備，四年；出租資產，五十五年。已達耐用年限仍繼續使用者，則按估計之剩餘耐用年限繼續提列折舊。
固定資產出售或報廢時，其相關成本、累計折舊及累計減損均自帳上減除，因而產生之利益或損失，則列為當期之營業外利益或損失。
閒置資產係按其淨變現價值或原帳面價值較低者計價。當淨變現價值低於原帳面價值時，承認其跌價並認列為當期損益。
折舊係採平均法依下列估計耐用年限提列五十五年。
閒置資產出售或報廢時，其相關成本、累計折舊及累計減損均自帳上減除，因而產生之利益或損失，則列為當期之營業外利益或損失。
]]></tw-gaap-notes:PropertyPlantAndEquipmentAssetsLeasedToOthersAndIdleAssets>
	<tw-gaap-notes:DeferredChargesAssets contextRef="From20120101To20120930"><![CDATA[係商標權及專利權等，依直線法按二年至十八年攤提。
本公司研究階段之支出於發生時認列為費用；發展階段之支出於符合規定條件時，認列為無形資產，採用直線法依其耐用年限攤銷，不符合規定條件則列為當期費用。
]]></tw-gaap-notes:DeferredChargesAssets>
	<tw-gaap-notes:OtherAssets contextRef="From20120101To20120930"><![CDATA[土地係按其可回收金額或帳面價值孰低計價。]]></tw-gaap-notes:OtherAssets>
	<tw-gaap-notes:PensionPlan contextRef="From20120101To20120930"><![CDATA[屬確定給付退休辦法之退休金係按精算結果認列；屬確定提撥退休辦法之退休金，係於員工提供服務之期間，將應提撥之退休金數額認列為當期費用。]]></tw-gaap-notes:PensionPlan>
	<tw-gaap-notes:IncomeTax contextRef="From20120101To20120930"><![CDATA[所得稅作跨期間之分攤。可減除暫時性差異、虧損扣抵及未使用投資抵減之所得稅影響數認列為遞延所得稅資產，並評估其可實現性，認列相關備抵評價金額；應課稅暫時性差異之所得稅影響數則認列為遞延所得稅負債。遞延所得稅資產或負債依其相關資產或負債之分類劃分為流動或非流動項目，無相關之資產或負債者，依預期迴轉期間劃分為流動或非流動項目。
因研究發展及人才培訓所產生之所得稅抵減，採當期認列法處理。
以前年度應付所得稅之調整，列入當期所得稅。
依所得稅法規定計算之未分配盈餘加徵百分之十所得稅，列為股東會決議年度之所得稅費用。
]]></tw-gaap-notes:IncomeTax>
	<tw-gaap-notes:RevenueRecognition contextRef="From20120101To20120930"><![CDATA[本公司係於貨物之所有權及顯著風險移轉予客戶時認列銷貨收入，因其獲利過程大部分已完成，且已實現或可實現。
銷貨收入係按本公司與買方所協議交易對價（考量商業折扣及數量折扣後）之公平價值衡量；惟銷貨收入之對價為一年期以內之應收款時，其公平價值與到期值差異不大且交易量頻繁，則不按設算利率計算公平價值。
]]></tw-gaap-notes:RevenueRecognition>
	<tw-gaap-notes:ChangesInAccountingPrinciples contextRef="From20120101To20120930"><![CDATA[金融商品之會計處理
本公司自一○○年一月一日起採用新修訂之財務會計準則公報第三十四號「金融商品之會計處理準則」。主要之修訂包括(一)將應收租賃款之減損納入公報適用範圍；(二)修訂保險相關合約之會計準則適用規範；(三)將原始產生之放款及應收款納入公報適用範圍；(四)增訂以攤銷後成本衡量之金融資產於債務困難修改條款時之減損規範；及(五)債務條款修改時債務人之會計處理。此項會計變動，對一○○年前三季純損並無重大影響。

營運部門資訊之揭露
本公司自一○○年一月一日起，採用新發布之財務會計準則公報第四十一號「營運部門資訊之揭露」，該公報係用以取代原發布之財務會計準則公報第二十號「部門別財務資訊之揭露」（第二十號公報）。依據該公報之規範，企業應以主要營運決策者定期複核用以分配資源及績效衡量之營運結果為基礎，重新辨識企業之營運部門並揭露相關營運部門之資訊。本公司依據該公報所辨識之營運部門，與原第二十號公報之部門辨認結果並無差異，故營運部門資訊之報導並無改變。
]]></tw-gaap-notes:ChangesInAccountingPrinciples>
	<tw-gaap-notes:NamesLocationsAndRelatedInformationOfInvesteesOverWhichTheCompanyExercisesSignificantInfluence>
		<tw-gaap-notes:CompanyNameOfTheInvestor contextRef="From20120101To20120930"><![CDATA[鴻友科技]]></tw-gaap-notes:CompanyNameOfTheInvestor>
		<tw-gaap-notes:CompanyNameOfTheInvestee contextRef="From20120101To20120930"><![CDATA[Mustek I E E s.r.o.]]></tw-gaap-notes:CompanyNameOfTheInvestee>
		<tw-gaap-notes:LocationCode contextRef="From20120101To20120930"><![CDATA[58]]></tw-gaap-notes:LocationCode>
		<tw-gaap-notes:Location contextRef="From20120101To20120930"><![CDATA[捷克共和國]]></tw-gaap-notes:Location>
		<tw-gaap-notes:MainBusinessesAndProducts contextRef="From20120101To20120930"><![CDATA[低電壓電器用品之製造、批發及銷售管理性服務]]></tw-gaap-notes:MainBusinessesAndProducts>
		<tw-gaap-notes:OriginalInvestmentAmount>
			<tw-gaap-notes:EndingBalance3 contextRef="AsOf20120930" decimals="-3" unitRef="TWD">19536000</tw-gaap-notes:EndingBalance3>
			<tw-gaap-notes:BeginningBalance contextRef="AsOf20120930" decimals="-3" unitRef="TWD">19536000</tw-gaap-notes:BeginningBalance>
		</tw-gaap-notes:OriginalInvestmentAmount>
		<tw-gaap-notes:InvestmentsAtTheEndOfThePeriod>
			<tw-gaap-notes:NumberOfShares1 contextRef="AsOf20120930" decimals="0" unitRef="Shares">0</tw-gaap-notes:NumberOfShares1>
			<tw-gaap-notes:PercentageOfOwnership1 contextRef="AsOf20120930" decimals="4" unitRef="Pure">1.0000</tw-gaap-notes:PercentageOfOwnership1>
			<tw-gaap-notes:BookValue1 contextRef="AsOf20120930" decimals="-3" unitRef="TWD">10757000</tw-gaap-notes:BookValue1>
		</tw-gaap-notes:InvestmentsAtTheEndOfThePeriod>
		<tw-gaap-notes:NetIncomeLossesOfTheInvestee contextRef="From20120101To20120930" decimals="-3" unitRef="TWD">-376000</tw-gaap-notes:NetIncomeLossesOfTheInvestee>
		<tw-gaap-notes:InvestmentIncomeLossesRecognized1 contextRef="From20120101To20120930" decimals="-3" unitRef="TWD">-376000</tw-gaap-notes:InvestmentIncomeLossesRecognized1>
		<tw-gaap-notes:Note contextRef="From20120101To20120930"><![CDATA[子公司]]></tw-gaap-notes:Note>
	</tw-gaap-notes:NamesLocationsAndRelatedInformationOfInvesteesOverWhichTheCompanyExercisesSignificantInfluence>

	<tw-gaap-notes:NamesLocationsAndRelatedInformationOfInvesteesOverWhichTheCompanyExercisesSignificantInfluence>
		<tw-gaap-notes:CompanyNameOfTheInvestor contextRef="From20120101To20120930"><![CDATA[鴻友科技]]></tw-gaap-notes:CompanyNameOfTheInvestor>
		<tw-gaap-notes:CompanyNameOfTheInvestee contextRef="From20120101To20120930"><![CDATA[荷蘭鴻友公司]]></tw-gaap-notes:CompanyNameOfTheInvestee>
		<tw-gaap-notes:LocationCode contextRef="From20120101To20120930"><![CDATA[145]]></tw-gaap-notes:LocationCode>
		<tw-gaap-notes:Location contextRef="From20120101To20120930"><![CDATA[荷蘭]]></tw-gaap-notes:Location>
		<tw-gaap-notes:MainBusinessesAndProducts contextRef="From20120101To20120930"><![CDATA[電腦及週邊設備、影像通訊及光電產品之銷售與貿易]]></tw-gaap-notes:MainBusinessesAndProducts>
		<tw-gaap-notes:OriginalInvestmentAmount>
			<tw-gaap-notes:EndingBalance3 contextRef="AsOf20120930" decimals="-3" unitRef="TWD">3350000</tw-gaap-notes:EndingBalance3>
			<tw-gaap-notes:BeginningBalance contextRef="AsOf20120930" decimals="-3" unitRef="TWD">3350000</tw-gaap-notes:BeginningBalance>
		</tw-gaap-notes:OriginalInvestmentAmount>
		<tw-gaap-notes:InvestmentsAtTheEndOfThePeriod>
			<tw-gaap-notes:NumberOfShares1 contextRef="AsOf20120930" decimals="0" unitRef="Shares">0</tw-gaap-notes:NumberOfShares1>
			<tw-gaap-notes:PercentageOfOwnership1 contextRef="AsOf20120930" decimals="4" unitRef="Pure">1.0000</tw-gaap-notes:PercentageOfOwnership1>
			<tw-gaap-notes:BookValue1 contextRef="AsOf20120930" decimals="-3" unitRef="TWD">11278000</tw-gaap-notes:BookValue1>
		</tw-gaap-notes:InvestmentsAtTheEndOfThePeriod>
		<tw-gaap-notes:NetIncomeLossesOfTheInvestee contextRef="From20120101To20120930" decimals="-3" unitRef="TWD">4730000</tw-gaap-notes:NetIncomeLossesOfTheInvestee>
		<tw-gaap-notes:InvestmentIncomeLossesRecognized1 contextRef="From20120101To20120930" decimals="-3" unitRef="TWD">4730000</tw-gaap-notes:InvestmentIncomeLossesRecognized1>
		<tw-gaap-notes:Note contextRef="From20120101To20120930"><![CDATA[子公司]]></tw-gaap-notes:Note>
	</tw-gaap-notes:NamesLocationsAndRelatedInformationOfInvesteesOverWhichTheCompanyExercisesSignificantInfluence>

	<tw-gaap-notes:NamesLocationsAndRelatedInformationOfInvesteesOverWhichTheCompanyExercisesSignificantInfluence>
		<tw-gaap-notes:CompanyNameOfTheInvestor contextRef="From20120101To20120930"><![CDATA[鴻友科技]]></tw-gaap-notes:CompanyNameOfTheInvestor>
		<tw-gaap-notes:CompanyNameOfTheInvestee contextRef="From20120101To20120930"><![CDATA[Market Dotcoms Limited]]></tw-gaap-notes:CompanyNameOfTheInvestee>
		<tw-gaap-notes:LocationCode contextRef="From20120101To20120930"><![CDATA[219]]></tw-gaap-notes:LocationCode>
		<tw-gaap-notes:Location contextRef="From20120101To20120930"><![CDATA[薩摩亞]]></tw-gaap-notes:Location>
		<tw-gaap-notes:MainBusinessesAndProducts contextRef="From20120101To20120930"><![CDATA[委託管理相關業務]]></tw-gaap-notes:MainBusinessesAndProducts>
		<tw-gaap-notes:OriginalInvestmentAmount>
			<tw-gaap-notes:EndingBalance3 contextRef="AsOf20120930" decimals="-3" unitRef="TWD">138782000</tw-gaap-notes:EndingBalance3>
			<tw-gaap-notes:BeginningBalance contextRef="AsOf20120930" decimals="-3" unitRef="TWD">138782000</tw-gaap-notes:BeginningBalance>
		</tw-gaap-notes:OriginalInvestmentAmount>
		<tw-gaap-notes:InvestmentsAtTheEndOfThePeriod>
			<tw-gaap-notes:NumberOfShares1 contextRef="AsOf20120930" decimals="0" unitRef="Shares">0</tw-gaap-notes:NumberOfShares1>
			<tw-gaap-notes:PercentageOfOwnership1 contextRef="AsOf20120930" decimals="4" unitRef="Pure">1.0000</tw-gaap-notes:PercentageOfOwnership1>
			<tw-gaap-notes:BookValue1 contextRef="AsOf20120930" decimals="-3" unitRef="TWD">2513000</tw-gaap-notes:BookValue1>
		</tw-gaap-notes:InvestmentsAtTheEndOfThePeriod>
		<tw-gaap-notes:NetIncomeLossesOfTheInvestee contextRef="From20120101To20120930" decimals="-3" unitRef="TWD">3084000</tw-gaap-notes:NetIncomeLossesOfTheInvestee>
		<tw-gaap-notes:InvestmentIncomeLossesRecognized1 contextRef="From20120101To20120930" decimals="-3" unitRef="TWD">3084000</tw-gaap-notes:InvestmentIncomeLossesRecognized1>
		<tw-gaap-notes:Note contextRef="From20120101To20120930"><![CDATA[子公司]]></tw-gaap-notes:Note>
	</tw-gaap-notes:NamesLocationsAndRelatedInformationOfInvesteesOverWhichTheCompanyExercisesSignificantInfluence>

	<tw-gaap-notes:NamesLocationsAndRelatedInformationOfInvesteesOverWhichTheCompanyExercisesSignificantInfluence>
		<tw-gaap-notes:CompanyNameOfTheInvestor contextRef="From20120101To20120930"><![CDATA[鴻友科技]]></tw-gaap-notes:CompanyNameOfTheInvestor>
		<tw-gaap-notes:CompanyNameOfTheInvestee contextRef="From20120101To20120930"><![CDATA[Aatek International Corp.]]></tw-gaap-notes:CompanyNameOfTheInvestee>
		<tw-gaap-notes:LocationCode contextRef="From20120101To20120930"><![CDATA[226]]></tw-gaap-notes:LocationCode>
		<tw-gaap-notes:Location contextRef="From20120101To20120930"><![CDATA[英屬維京群島]]></tw-gaap-notes:Location>
		<tw-gaap-notes:MainBusinessesAndProducts contextRef="From20120101To20120930"><![CDATA[投資業務]]></tw-gaap-notes:MainBusinessesAndProducts>
		<tw-gaap-notes:OriginalInvestmentAmount>
			<tw-gaap-notes:EndingBalance3 contextRef="AsOf20120930" decimals="-3" unitRef="TWD">40000</tw-gaap-notes:EndingBalance3>
			<tw-gaap-notes:BeginningBalance contextRef="AsOf20120930" decimals="-3" unitRef="TWD">40000</tw-gaap-notes:BeginningBalance>
		</tw-gaap-notes:OriginalInvestmentAmount>
		<tw-gaap-notes:InvestmentsAtTheEndOfThePeriod>
			<tw-gaap-notes:NumberOfShares1 contextRef="AsOf20120930" decimals="0" unitRef="Shares">0</tw-gaap-notes:NumberOfShares1>
			<tw-gaap-notes:PercentageOfOwnership1 contextRef="AsOf20120930" decimals="4" unitRef="Pure">1.0000</tw-gaap-notes:PercentageOfOwnership1>
			<tw-gaap-notes:BookValue1 contextRef="AsOf20120930" decimals="-3" unitRef="TWD">34000</tw-gaap-notes:BookValue1>
		</tw-gaap-notes:InvestmentsAtTheEndOfThePeriod>
		<tw-gaap-notes:NetIncomeLossesOfTheInvestee contextRef="From20120101To20120930" decimals="-3" unitRef="TWD">0</tw-gaap-notes:NetIncomeLossesOfTheInvestee>
		<tw-gaap-notes:InvestmentIncomeLossesRecognized1 contextRef="From20120101To20120930" decimals="-3" unitRef="TWD">0</tw-gaap-notes:InvestmentIncomeLossesRecognized1>
		<tw-gaap-notes:Note contextRef="From20120101To20120930"><![CDATA[子公司]]></tw-gaap-notes:Note>
	</tw-gaap-notes:NamesLocationsAndRelatedInformationOfInvesteesOverWhichTheCompanyExercisesSignificantInfluence>

	<tw-gaap-notes:NamesLocationsAndRelatedInformationOfInvesteesOverWhichTheCompanyExercisesSignificantInfluence>
		<tw-gaap-notes:CompanyNameOfTheInvestor contextRef="From20120101To20120930"><![CDATA[鴻友科技]]></tw-gaap-notes:CompanyNameOfTheInvestor>
		<tw-gaap-notes:CompanyNameOfTheInvestee contextRef="From20120101To20120930"><![CDATA[德國鴻友公司]]></tw-gaap-notes:CompanyNameOfTheInvestee>
		<tw-gaap-notes:LocationCode contextRef="From20120101To20120930"><![CDATA[78]]></tw-gaap-notes:LocationCode>
		<tw-gaap-notes:Location contextRef="From20120101To20120930"><![CDATA[德國]]></tw-gaap-notes:Location>
		<tw-gaap-notes:MainBusinessesAndProducts contextRef="From20120101To20120930"><![CDATA[電腦及週邊設備、影像通訊及光電產品之銷售與貿易]]></tw-gaap-notes:MainBusinessesAndProducts>
		<tw-gaap-notes:OriginalInvestmentAmount>
			<tw-gaap-notes:EndingBalance3 contextRef="AsOf20120930" decimals="-3" unitRef="TWD">527292000</tw-gaap-notes:EndingBalance3>
			<tw-gaap-notes:BeginningBalance contextRef="AsOf20120930" decimals="-3" unitRef="TWD">527292000</tw-gaap-notes:BeginningBalance>
		</tw-gaap-notes:OriginalInvestmentAmount>
		<tw-gaap-notes:InvestmentsAtTheEndOfThePeriod>
			<tw-gaap-notes:NumberOfShares1 contextRef="AsOf20120930" decimals="0" unitRef="Shares">0</tw-gaap-notes:NumberOfShares1>
			<tw-gaap-notes:PercentageOfOwnership1 contextRef="AsOf20120930" decimals="4" unitRef="Pure">1.0000</tw-gaap-notes:PercentageOfOwnership1>
			<tw-gaap-notes:BookValue1 contextRef="AsOf20120930" decimals="-3" unitRef="TWD">0</tw-gaap-notes:BookValue1>
		</tw-gaap-notes:InvestmentsAtTheEndOfThePeriod>
		<tw-gaap-notes:NetIncomeLossesOfTheInvestee contextRef="From20120101To20120930" decimals="-3" unitRef="TWD">0</tw-gaap-notes:NetIncomeLossesOfTheInvestee>
		<tw-gaap-notes:InvestmentIncomeLossesRecognized1 contextRef="From20120101To20120930" decimals="-3" unitRef="TWD">0</tw-gaap-notes:InvestmentIncomeLossesRecognized1>
		<tw-gaap-notes:Note contextRef="From20120101To20120930"><![CDATA[持權益法評價之被投資公司]]></tw-gaap-notes:Note>
	</tw-gaap-notes:NamesLocationsAndRelatedInformationOfInvesteesOverWhichTheCompanyExercisesSignificantInfluence>

	<tw-gaap-notes:NamesLocationsAndRelatedInformationOfInvesteesOverWhichTheCompanyExercisesSignificantInfluence>
		<tw-gaap-notes:CompanyNameOfTheInvestor contextRef="From20120101To20120930"><![CDATA[鴻友科技]]></tw-gaap-notes:CompanyNameOfTheInvestor>
		<tw-gaap-notes:CompanyNameOfTheInvestee contextRef="From20120101To20120930"><![CDATA[Welltrade Holding Limited]]></tw-gaap-notes:CompanyNameOfTheInvestee>
		<tw-gaap-notes:LocationCode contextRef="From20120101To20120930"><![CDATA[219]]></tw-gaap-notes:LocationCode>
		<tw-gaap-notes:Location contextRef="From20120101To20120930"><![CDATA[薩摩亞]]></tw-gaap-notes:Location>
		<tw-gaap-notes:MainBusinessesAndProducts contextRef="From20120101To20120930"><![CDATA[投資業務]]></tw-gaap-notes:MainBusinessesAndProducts>
		<tw-gaap-notes:OriginalInvestmentAmount>
			<tw-gaap-notes:EndingBalance3 contextRef="AsOf20120930" decimals="-3" unitRef="TWD">13684000</tw-gaap-notes:EndingBalance3>
			<tw-gaap-notes:BeginningBalance contextRef="AsOf20120930" decimals="-3" unitRef="TWD">13684000</tw-gaap-notes:BeginningBalance>
		</tw-gaap-notes:OriginalInvestmentAmount>
		<tw-gaap-notes:InvestmentsAtTheEndOfThePeriod>
			<tw-gaap-notes:NumberOfShares1 contextRef="AsOf20120930" decimals="0" unitRef="Shares">0</tw-gaap-notes:NumberOfShares1>
			<tw-gaap-notes:PercentageOfOwnership1 contextRef="AsOf20120930" decimals="4" unitRef="Pure">1.0000</tw-gaap-notes:PercentageOfOwnership1>
			<tw-gaap-notes:BookValue1 contextRef="AsOf20120930" decimals="-3" unitRef="TWD">-8395000</tw-gaap-notes:BookValue1>
		</tw-gaap-notes:InvestmentsAtTheEndOfThePeriod>
		<tw-gaap-notes:NetIncomeLossesOfTheInvestee contextRef="From20120101To20120930" decimals="-3" unitRef="TWD">132000</tw-gaap-notes:NetIncomeLossesOfTheInvestee>
		<tw-gaap-notes:InvestmentIncomeLossesRecognized1 contextRef="From20120101To20120930" decimals="-3" unitRef="TWD">132000</tw-gaap-notes:InvestmentIncomeLossesRecognized1>
		<tw-gaap-notes:Note contextRef="From20120101To20120930"><![CDATA[子公司]]></tw-gaap-notes:Note>
	</tw-gaap-notes:NamesLocationsAndRelatedInformationOfInvesteesOverWhichTheCompanyExercisesSignificantInfluence>

	<tw-gaap-notes:NamesLocationsAndRelatedInformationOfInvesteesOverWhichTheCompanyExercisesSignificantInfluence>
		<tw-gaap-notes:CompanyNameOfTheInvestor contextRef="From20120101To20120930"><![CDATA[鴻友科技]]></tw-gaap-notes:CompanyNameOfTheInvestor>
		<tw-gaap-notes:CompanyNameOfTheInvestee contextRef="From20120101To20120930"><![CDATA[美國鴻友公司]]></tw-gaap-notes:CompanyNameOfTheInvestee>
		<tw-gaap-notes:LocationCode contextRef="From20120101To20120930"><![CDATA[211]]></tw-gaap-notes:LocationCode>
		<tw-gaap-notes:Location contextRef="From20120101To20120930"><![CDATA[美國]]></tw-gaap-notes:Location>
		<tw-gaap-notes:MainBusinessesAndProducts contextRef="From20120101To20120930"><![CDATA[電腦週邊產品之銷售]]></tw-gaap-notes:MainBusinessesAndProducts>
		<tw-gaap-notes:OriginalInvestmentAmount>
			<tw-gaap-notes:EndingBalance3 contextRef="AsOf20120930" decimals="-3" unitRef="TWD">190672000</tw-gaap-notes:EndingBalance3>
			<tw-gaap-notes:BeginningBalance contextRef="AsOf20120930" decimals="-3" unitRef="TWD">190672000</tw-gaap-notes:BeginningBalance>
		</tw-gaap-notes:OriginalInvestmentAmount>
		<tw-gaap-notes:InvestmentsAtTheEndOfThePeriod>
			<tw-gaap-notes:NumberOfShares1 contextRef="AsOf20120930" decimals="0" unitRef="Shares">6341</tw-gaap-notes:NumberOfShares1>
			<tw-gaap-notes:PercentageOfOwnership1 contextRef="AsOf20120930" decimals="4" unitRef="Pure">1.0000</tw-gaap-notes:PercentageOfOwnership1>
			<tw-gaap-notes:BookValue1 contextRef="AsOf20120930" decimals="-3" unitRef="TWD">-14446000</tw-gaap-notes:BookValue1>
		</tw-gaap-notes:InvestmentsAtTheEndOfThePeriod>
		<tw-gaap-notes:NetIncomeLossesOfTheInvestee contextRef="From20120101To20120930" decimals="-3" unitRef="TWD">-8551000</tw-gaap-notes:NetIncomeLossesOfTheInvestee>
		<tw-gaap-notes:InvestmentIncomeLossesRecognized1 contextRef="From20120101To20120930" decimals="-3" unitRef="TWD">-8551000</tw-gaap-notes:InvestmentIncomeLossesRecognized1>
		<tw-gaap-notes:Note contextRef="From20120101To20120930"><![CDATA[子公司]]></tw-gaap-notes:Note>
	</tw-gaap-notes:NamesLocationsAndRelatedInformationOfInvesteesOverWhichTheCompanyExercisesSignificantInfluence>

	<tw-gaap-notes:NamesLocationsAndRelatedInformationOfInvesteesOverWhichTheCompanyExercisesSignificantInfluence>
		<tw-gaap-notes:CompanyNameOfTheInvestor contextRef="From20120101To20120930"><![CDATA[鴻友科技]]></tw-gaap-notes:CompanyNameOfTheInvestor>
		<tw-gaap-notes:CompanyNameOfTheInvestee contextRef="From20120101To20120930"><![CDATA[Mustek Holding Inc.]]></tw-gaap-notes:CompanyNameOfTheInvestee>
		<tw-gaap-notes:LocationCode contextRef="From20120101To20120930"><![CDATA[226]]></tw-gaap-notes:LocationCode>
		<tw-gaap-notes:Location contextRef="From20120101To20120930"><![CDATA[英屬維京群島]]></tw-gaap-notes:Location>
		<tw-gaap-notes:MainBusinessesAndProducts contextRef="From20120101To20120930"><![CDATA[投資業務]]></tw-gaap-notes:MainBusinessesAndProducts>
		<tw-gaap-notes:OriginalInvestmentAmount>
			<tw-gaap-notes:EndingBalance3 contextRef="AsOf20120930" decimals="-3" unitRef="TWD">511972000</tw-gaap-notes:EndingBalance3>
			<tw-gaap-notes:BeginningBalance contextRef="AsOf20120930" decimals="-3" unitRef="TWD">511972000</tw-gaap-notes:BeginningBalance>
		</tw-gaap-notes:OriginalInvestmentAmount>
		<tw-gaap-notes:InvestmentsAtTheEndOfThePeriod>
			<tw-gaap-notes:NumberOfShares1 contextRef="AsOf20120930" decimals="0" unitRef="Shares">0</tw-gaap-notes:NumberOfShares1>
			<tw-gaap-notes:PercentageOfOwnership1 contextRef="AsOf20120930" decimals="4" unitRef="Pure">1.0000</tw-gaap-notes:PercentageOfOwnership1>
			<tw-gaap-notes:BookValue1 contextRef="AsOf20120930" decimals="-3" unitRef="TWD">-910038000</tw-gaap-notes:BookValue1>
		</tw-gaap-notes:InvestmentsAtTheEndOfThePeriod>
		<tw-gaap-notes:NetIncomeLossesOfTheInvestee contextRef="From20120101To20120930" decimals="-3" unitRef="TWD">-58141000</tw-gaap-notes:NetIncomeLossesOfTheInvestee>
		<tw-gaap-notes:InvestmentIncomeLossesRecognized1 contextRef="From20120101To20120930" decimals="-3" unitRef="TWD">-58575000</tw-gaap-notes:InvestmentIncomeLossesRecognized1>
		<tw-gaap-notes:Note contextRef="From20120101To20120930"><![CDATA[子公司]]></tw-gaap-notes:Note>
	</tw-gaap-notes:NamesLocationsAndRelatedInformationOfInvesteesOverWhichTheCompanyExercisesSignificantInfluence>

	<tw-gaap-notes:InformationOfInvestmentInMainlandChina>
		<tw-gaap-notes:CompanyNameOfTheInvesteeInMainlandChina contextRef="From20120101To20120930"><![CDATA[武漢光谷鴻景公司]]></tw-gaap-notes:CompanyNameOfTheInvesteeInMainlandChina>
		<tw-gaap-notes:MainBusinessesAndProducts contextRef="From20120101To20120930"><![CDATA[光學及精密機械製造]]></tw-gaap-notes:MainBusinessesAndProducts>
		<tw-gaap-notes:TotalAmountOfPaid-inCapital contextRef="AsOf20120930" decimals="-3" unitRef="TWD">362584000</tw-gaap-notes:TotalAmountOfPaid-inCapital>
		<tw-gaap-notes:MethodOfInvestment contextRef="From20120101To20120930"><![CDATA[3]]></tw-gaap-notes:MethodOfInvestment>
		<tw-gaap-notes:AccumulatedOutflowOfInvestmentFromTaiwanAtTheBeginningOfThePeriod contextRef="AsOf20120930" decimals="-3" unitRef="TWD">154309000</tw-gaap-notes:AccumulatedOutflowOfInvestmentFromTaiwanAtTheBeginningOfThePeriod>
		<tw-gaap-notes:InvestmentFlowsForThePeriod>
			<tw-gaap-notes:Outflow contextRef="From20120101To20120930" decimals="-3" unitRef="TWD">0</tw-gaap-notes:Outflow>
			<tw-gaap-notes:Inflow contextRef="From20120101To20120930" decimals="-3" unitRef="TWD">0</tw-gaap-notes:Inflow>
		</tw-gaap-notes:InvestmentFlowsForThePeriod>
		<tw-gaap-notes:AccumulatedOutflowOfInvestmentFromTaiwanAtTheEndOfThePeriod contextRef="AsOf20120930" decimals="-3" unitRef="TWD">154309000</tw-gaap-notes:AccumulatedOutflowOfInvestmentFromTaiwanAtTheEndOfThePeriod>
		<tw-gaap-notes:PercentageOfOwnershipThroughDirectAndIndirectInvestmentByTheCompany contextRef="AsOf20120930" decimals="4" unitRef="Pure">0.4800</tw-gaap-notes:PercentageOfOwnershipThroughDirectAndIndirectInvestmentByTheCompany>
		<tw-gaap-notes:InvestmentIncomeLossesRecognized2 contextRef="From20120101To20120930" decimals="-3" unitRef="TWD">0</tw-gaap-notes:InvestmentIncomeLossesRecognized2>
		<tw-gaap-notes:BookValueAtTheEndOfThePeriod contextRef="AsOf20120930" decimals="-3" unitRef="TWD">0</tw-gaap-notes:BookValueAtTheEndOfThePeriod>
		<tw-gaap-notes:AccumulatedInwardRemittanceOfEarningsAsOfTheEndOfThePeriod contextRef="From20120101To20120930" decimals="-3" unitRef="TWD">0</tw-gaap-notes:AccumulatedInwardRemittanceOfEarningsAsOfTheEndOfThePeriod>
		<tw-gaap-notes:Note contextRef="From20120101To20120930"><![CDATA[]]></tw-gaap-notes:Note>
	</tw-gaap-notes:InformationOfInvestmentInMainlandChina>

	<tw-gaap-notes:InformationOfInvestmentInMainlandChina>
		<tw-gaap-notes:CompanyNameOfTheInvesteeInMainlandChina contextRef="From20120101To20120930"><![CDATA[新淮公司]]></tw-gaap-notes:CompanyNameOfTheInvesteeInMainlandChina>
		<tw-gaap-notes:MainBusinessesAndProducts contextRef="From20120101To20120930"><![CDATA[掃瞄器、激光影碟機、數位相機、數位影音光碟機、電腦週設備、網路視頻服務器及線路版插件之製造及銷售]]></tw-gaap-notes:MainBusinessesAndProducts>
		<tw-gaap-notes:TotalAmountOfPaid-inCapital contextRef="AsOf20120930" decimals="-3" unitRef="TWD">30737000</tw-gaap-notes:TotalAmountOfPaid-inCapital>
		<tw-gaap-notes:MethodOfInvestment contextRef="From20120101To20120930"><![CDATA[3]]></tw-gaap-notes:MethodOfInvestment>
		<tw-gaap-notes:AccumulatedOutflowOfInvestmentFromTaiwanAtTheBeginningOfThePeriod contextRef="AsOf20120930" decimals="-3" unitRef="TWD">30737000</tw-gaap-notes:AccumulatedOutflowOfInvestmentFromTaiwanAtTheBeginningOfThePeriod>
		<tw-gaap-notes:InvestmentFlowsForThePeriod>
			<tw-gaap-notes:Outflow contextRef="From20120101To20120930" decimals="-3" unitRef="TWD">0</tw-gaap-notes:Outflow>
			<tw-gaap-notes:Inflow contextRef="From20120101To20120930" decimals="-3" unitRef="TWD">0</tw-gaap-notes:Inflow>
		</tw-gaap-notes:InvestmentFlowsForThePeriod>
		<tw-gaap-notes:AccumulatedOutflowOfInvestmentFromTaiwanAtTheEndOfThePeriod contextRef="AsOf20120930" decimals="-3" unitRef="TWD">30737000</tw-gaap-notes:AccumulatedOutflowOfInvestmentFromTaiwanAtTheEndOfThePeriod>
		<tw-gaap-notes:PercentageOfOwnershipThroughDirectAndIndirectInvestmentByTheCompany contextRef="AsOf20120930" decimals="4" unitRef="Pure">1.0000</tw-gaap-notes:PercentageOfOwnershipThroughDirectAndIndirectInvestmentByTheCompany>
		<tw-gaap-notes:InvestmentIncomeLossesRecognized2 contextRef="From20120101To20120930" decimals="-3" unitRef="TWD">3453000</tw-gaap-notes:InvestmentIncomeLossesRecognized2>
		<tw-gaap-notes:BookValueAtTheEndOfThePeriod contextRef="AsOf20120930" decimals="-3" unitRef="TWD">2513000</tw-gaap-notes:BookValueAtTheEndOfThePeriod>
		<tw-gaap-notes:AccumulatedInwardRemittanceOfEarningsAsOfTheEndOfThePeriod contextRef="From20120101To20120930" decimals="-3" unitRef="TWD">0</tw-gaap-notes:AccumulatedInwardRemittanceOfEarningsAsOfTheEndOfThePeriod>
		<tw-gaap-notes:Note contextRef="From20120101To20120930"><![CDATA[]]></tw-gaap-notes:Note>
	</tw-gaap-notes:InformationOfInvestmentInMainlandChina>

	<tw-gaap-notes:InformationOfInvestmentInMainlandChina>
		<tw-gaap-notes:CompanyNameOfTheInvesteeInMainlandChina contextRef="From20120101To20120930"><![CDATA[創芯公司]]></tw-gaap-notes:CompanyNameOfTheInvesteeInMainlandChina>
		<tw-gaap-notes:MainBusinessesAndProducts contextRef="From20120101To20120930"><![CDATA[光電產品之研究開發]]></tw-gaap-notes:MainBusinessesAndProducts>
		<tw-gaap-notes:TotalAmountOfPaid-inCapital contextRef="AsOf20120930" decimals="-3" unitRef="TWD">46458000</tw-gaap-notes:TotalAmountOfPaid-inCapital>
		<tw-gaap-notes:MethodOfInvestment contextRef="From20120101To20120930"><![CDATA[3]]></tw-gaap-notes:MethodOfInvestment>
		<tw-gaap-notes:AccumulatedOutflowOfInvestmentFromTaiwanAtTheBeginningOfThePeriod contextRef="AsOf20120930" decimals="-3" unitRef="TWD">46458000</tw-gaap-notes:AccumulatedOutflowOfInvestmentFromTaiwanAtTheBeginningOfThePeriod>
		<tw-gaap-notes:InvestmentFlowsForThePeriod>
			<tw-gaap-notes:Outflow contextRef="From20120101To20120930" decimals="-3" unitRef="TWD">0</tw-gaap-notes:Outflow>
			<tw-gaap-notes:Inflow contextRef="From20120101To20120930" decimals="-3" unitRef="TWD">0</tw-gaap-notes:Inflow>
		</tw-gaap-notes:InvestmentFlowsForThePeriod>
		<tw-gaap-notes:AccumulatedOutflowOfInvestmentFromTaiwanAtTheEndOfThePeriod contextRef="AsOf20120930" decimals="-3" unitRef="TWD">46458000</tw-gaap-notes:AccumulatedOutflowOfInvestmentFromTaiwanAtTheEndOfThePeriod>
		<tw-gaap-notes:PercentageOfOwnershipThroughDirectAndIndirectInvestmentByTheCompany contextRef="AsOf20120930" decimals="4" unitRef="Pure">1.0000</tw-gaap-notes:PercentageOfOwnershipThroughDirectAndIndirectInvestmentByTheCompany>
		<tw-gaap-notes:InvestmentIncomeLossesRecognized2 contextRef="From20120101To20120930" decimals="-3" unitRef="TWD">-369000</tw-gaap-notes:InvestmentIncomeLossesRecognized2>
		<tw-gaap-notes:BookValueAtTheEndOfThePeriod contextRef="AsOf20120930" decimals="-3" unitRef="TWD">0</tw-gaap-notes:BookValueAtTheEndOfThePeriod>
		<tw-gaap-notes:AccumulatedInwardRemittanceOfEarningsAsOfTheEndOfThePeriod contextRef="From20120101To20120930" decimals="-3" unitRef="TWD">0</tw-gaap-notes:AccumulatedInwardRemittanceOfEarningsAsOfTheEndOfThePeriod>
		<tw-gaap-notes:Note contextRef="From20120101To20120930"><![CDATA[]]></tw-gaap-notes:Note>
	</tw-gaap-notes:InformationOfInvestmentInMainlandChina>

	<tw-gaap-notes:InformationOfInvestmentInMainlandChina>
		<tw-gaap-notes:CompanyNameOfTheInvesteeInMainlandChina contextRef="From20120101To20120930"><![CDATA[鴻友光電公司]]></tw-gaap-notes:CompanyNameOfTheInvesteeInMainlandChina>
		<tw-gaap-notes:MainBusinessesAndProducts contextRef="From20120101To20120930"><![CDATA[軟體設計、開發及行銷]]></tw-gaap-notes:MainBusinessesAndProducts>
		<tw-gaap-notes:TotalAmountOfPaid-inCapital contextRef="AsOf20120930" decimals="-3" unitRef="TWD">7176000</tw-gaap-notes:TotalAmountOfPaid-inCapital>
		<tw-gaap-notes:MethodOfInvestment contextRef="From20120101To20120930"><![CDATA[3]]></tw-gaap-notes:MethodOfInvestment>
		<tw-gaap-notes:AccumulatedOutflowOfInvestmentFromTaiwanAtTheBeginningOfThePeriod contextRef="AsOf20120930" decimals="-3" unitRef="TWD">7176000</tw-gaap-notes:AccumulatedOutflowOfInvestmentFromTaiwanAtTheBeginningOfThePeriod>
		<tw-gaap-notes:InvestmentFlowsForThePeriod>
			<tw-gaap-notes:Outflow contextRef="From20120101To20120930" decimals="-3" unitRef="TWD">0</tw-gaap-notes:Outflow>
			<tw-gaap-notes:Inflow contextRef="From20120101To20120930" decimals="-3" unitRef="TWD">0</tw-gaap-notes:Inflow>
		</tw-gaap-notes:InvestmentFlowsForThePeriod>
		<tw-gaap-notes:AccumulatedOutflowOfInvestmentFromTaiwanAtTheEndOfThePeriod contextRef="AsOf20120930" decimals="-3" unitRef="TWD">7176000</tw-gaap-notes:AccumulatedOutflowOfInvestmentFromTaiwanAtTheEndOfThePeriod>
		<tw-gaap-notes:PercentageOfOwnershipThroughDirectAndIndirectInvestmentByTheCompany contextRef="AsOf20120930" decimals="4" unitRef="Pure">1.0000</tw-gaap-notes:PercentageOfOwnershipThroughDirectAndIndirectInvestmentByTheCompany>
		<tw-gaap-notes:InvestmentIncomeLossesRecognized2 contextRef="From20120101To20120930" decimals="-3" unitRef="TWD">93000</tw-gaap-notes:InvestmentIncomeLossesRecognized2>
		<tw-gaap-notes:BookValueAtTheEndOfThePeriod contextRef="AsOf20120930" decimals="-3" unitRef="TWD">0</tw-gaap-notes:BookValueAtTheEndOfThePeriod>
		<tw-gaap-notes:AccumulatedInwardRemittanceOfEarningsAsOfTheEndOfThePeriod contextRef="From20120101To20120930" decimals="-3" unitRef="TWD">0</tw-gaap-notes:AccumulatedInwardRemittanceOfEarningsAsOfTheEndOfThePeriod>
		<tw-gaap-notes:Note contextRef="From20120101To20120930"><![CDATA[]]></tw-gaap-notes:Note>
	</tw-gaap-notes:InformationOfInvestmentInMainlandChina>

	<tw-gaap-notes:LimitOnInvestmentInMainlandChina>
		<tw-gaap-notes:NameOfTheCompany contextRef="From20120101To20120930"><![CDATA[鴻友科技]]></tw-gaap-notes:NameOfTheCompany>
		<tw-gaap-notes:AccumulatedInvestmentInMainlandChinaAtTheEndOfThePeriod contextRef="AsOf20120930" decimals="-3" unitRef="TWD">333963000</tw-gaap-notes:AccumulatedInvestmentInMainlandChinaAtTheEndOfThePeriod>
		<tw-gaap-notes:InvestmentAmountAuthorizedByTheInvestmentCommissionOfMOEA contextRef="From20120101To20120930" decimals="-3" unitRef="TWD">333963000</tw-gaap-notes:InvestmentAmountAuthorizedByTheInvestmentCommissionOfMOEA>
		<tw-gaap-notes:UpperLimitOnInvestmentInMainlandChinaImposedByTheInvestmentCommissionOfMOEA contextRef="From20120101To20120930" decimals="-3" unitRef="TWD">120500000</tw-gaap-notes:UpperLimitOnInvestmentInMainlandChinaImposedByTheInvestmentCommissionOfMOEA>
	</tw-gaap-notes:LimitOnInvestmentInMainlandChina>

</xbrl>

<!--This instance document is created by SIIAP V1.9.2-->
