<?xml version="1.0" encoding="UTF-8"?>
<xbrl xmlns="http://www.xbrl.org/2003/instance" xmlns:iso4217="http://www.xbrl.org/2003/iso4217" xmlns:link="http://www.xbrl.org/2003/linkbase" xmlns:tw-gaap-ar="http://www.xbrl.org/tw/fr/gaap/ar/2010-12-31" xmlns:tw-gaap-ci="http://www.xbrl.org/tw/fr/gaap/tw-gaap-ci-2010-12-31" xmlns:tw-gaap-notes="http://www.xbrl.org/tw/fr/gaap/notes/2010-12-31" xmlns:xbrldi="http://xbrl.org/2006/xbrldi" xmlns:xbrldt="http://xbrl.org/2005/xbrldt" xmlns:xbrli="http://www.xbrl.org/2003/instance" xmlns:xlink="http://www.w3.org/1999/xlink">
	<link:schemaRef xlink:arcrole="http://www.w3.org/1999/xlink/properties/linkbase" xlink:href="tw-gaap-ci-2010-12-31.xsd" xlink:type="simple"/>	<context id="AsOf20110425">
		<entity>
			<identifier scheme="http://www.twse.com.tw">1232</identifier>
		</entity>
		<period>
			<instant>2011-04-25</instant>
		</period>
	</context>
	<context id="AsOf20100101">
		<entity>
			<identifier scheme="http://www.twse.com.tw">1232</identifier>
		</entity>
		<period>
			<instant>2010-01-01</instant>
		</period>
	</context>
	<context id="AsOf20110101">
		<entity>
			<identifier scheme="http://www.twse.com.tw">1232</identifier>
		</entity>
		<period>
			<instant>2011-01-01</instant>
		</period>
	</context>
	<context id="From20100101To20100331">
		<entity>
			<identifier scheme="http://www.twse.com.tw">1232</identifier>
		</entity>
		<period>
			<startDate>2010-01-01</startDate>
			<endDate>2010-03-31</endDate>
		</period>
	</context>
	<context id="AsOf20100331">
		<entity>
			<identifier scheme="http://www.twse.com.tw">1232</identifier>
		</entity>
		<period>
			<instant>2010-03-31</instant>
		</period>
	</context>
	<context id="From20110101To20110331">
		<entity>
			<identifier scheme="http://www.twse.com.tw">1232</identifier>
		</entity>
		<period>
			<startDate>2011-01-01</startDate>
			<endDate>2011-03-31</endDate>
		</period>
	</context>
	<context id="AsOf20110331">
		<entity>
			<identifier scheme="http://www.twse.com.tw">1232</identifier>
		</entity>
		<period>
			<instant>2011-03-31</instant>
		</period>
	</context>
	<unit id="TWD">
		<measure>iso4217:TWD</measure>
	</unit>
	<unit id="Shares">
		<measure>xbrli:shares</measure>
	</unit>
	<unit id="EarningsPerShare">
		<divide>
			<unitNumerator>
				<measure>iso4217:TWD</measure>
			</unitNumerator>
			<unitDenominator>
				<measure>xbrli:shares</measure>
			</unitDenominator>
		</divide>
	</unit>
	<tw-gaap-ci:CashCashEquivalents contextRef="AsOf20110331" decimals="-3" unitRef="TWD">684255000</tw-gaap-ci:CashCashEquivalents>
	<tw-gaap-ci:CashCashEquivalents contextRef="AsOf20100331" decimals="-3" unitRef="TWD">492477000</tw-gaap-ci:CashCashEquivalents>
	<tw-gaap-ci:FinancialAssetsMeasuredFairValueProfitLossCurrent contextRef="AsOf20110331" decimals="-3" unitRef="TWD">4043000</tw-gaap-ci:FinancialAssetsMeasuredFairValueProfitLossCurrent>
	<tw-gaap-ci:FinancialAssetsMeasuredFairValueProfitLossCurrent contextRef="AsOf20100331" decimals="-3" unitRef="TWD">0</tw-gaap-ci:FinancialAssetsMeasuredFairValueProfitLossCurrent>
	<tw-gaap-ci:AvailableSaleFinancialAssetsCurrent contextRef="AsOf20110331" decimals="-3" unitRef="TWD">36512000</tw-gaap-ci:AvailableSaleFinancialAssetsCurrent>
	<tw-gaap-ci:AvailableSaleFinancialAssetsCurrent contextRef="AsOf20100331" decimals="-3" unitRef="TWD">61096000</tw-gaap-ci:AvailableSaleFinancialAssetsCurrent>
	<tw-gaap-ci:NetNotesReceivable contextRef="AsOf20110331" decimals="-3" unitRef="TWD">198671000</tw-gaap-ci:NetNotesReceivable>
	<tw-gaap-ci:NetNotesReceivable contextRef="AsOf20100331" decimals="-3" unitRef="TWD">150576000</tw-gaap-ci:NetNotesReceivable>
	<tw-gaap-ci:NetAccountsReceivable contextRef="AsOf20110331" decimals="-3" unitRef="TWD">305846000</tw-gaap-ci:NetAccountsReceivable>
	<tw-gaap-ci:NetAccountsReceivable contextRef="AsOf20100331" decimals="-3" unitRef="TWD">308093000</tw-gaap-ci:NetAccountsReceivable>
	<tw-gaap-ci:NetAccountsReceivableRelatedParties contextRef="AsOf20110331" decimals="-3" unitRef="TWD">152094000</tw-gaap-ci:NetAccountsReceivableRelatedParties>
	<tw-gaap-ci:NetAccountsReceivableRelatedParties contextRef="AsOf20100331" decimals="-3" unitRef="TWD">134872000</tw-gaap-ci:NetAccountsReceivableRelatedParties>
	<tw-gaap-ci:OtherReceivablesOther contextRef="AsOf20110331" decimals="-3" unitRef="TWD">5509000</tw-gaap-ci:OtherReceivablesOther>
	<tw-gaap-ci:OtherReceivablesOther contextRef="AsOf20100331" decimals="-3" unitRef="TWD">3148000</tw-gaap-ci:OtherReceivablesOther>
	<tw-gaap-ci:OtherReceivables contextRef="AsOf20110331" decimals="-3" unitRef="TWD">5509000</tw-gaap-ci:OtherReceivables>
	<tw-gaap-ci:OtherReceivables contextRef="AsOf20100331" decimals="-3" unitRef="TWD">3148000</tw-gaap-ci:OtherReceivables>
	<tw-gaap-ci:Inventories contextRef="AsOf20110331" decimals="-3" unitRef="TWD">936991000</tw-gaap-ci:Inventories>
	<tw-gaap-ci:Inventories contextRef="AsOf20100331" decimals="-3" unitRef="TWD">1157245000</tw-gaap-ci:Inventories>
	<tw-gaap-ci:OtherPrepayments contextRef="AsOf20110331" decimals="-3" unitRef="TWD">76820000</tw-gaap-ci:OtherPrepayments>
	<tw-gaap-ci:OtherPrepayments contextRef="AsOf20100331" decimals="-3" unitRef="TWD">68366000</tw-gaap-ci:OtherPrepayments>
	<tw-gaap-ci:DeferredIncomeTaxAssetsCurrent contextRef="AsOf20110331" decimals="-3" unitRef="TWD">546000</tw-gaap-ci:DeferredIncomeTaxAssetsCurrent>
	<tw-gaap-ci:DeferredIncomeTaxAssetsCurrent contextRef="AsOf20100331" decimals="-3" unitRef="TWD">2410000</tw-gaap-ci:DeferredIncomeTaxAssetsCurrent>
	<tw-gaap-ci:OtherCurrentAssets contextRef="AsOf20110331" decimals="-3" unitRef="TWD">546000</tw-gaap-ci:OtherCurrentAssets>
	<tw-gaap-ci:OtherCurrentAssets contextRef="AsOf20100331" decimals="-3" unitRef="TWD">2410000</tw-gaap-ci:OtherCurrentAssets>
	<tw-gaap-ci:CurrentAssets contextRef="AsOf20110331" decimals="-3" unitRef="TWD">2401287000</tw-gaap-ci:CurrentAssets>
	<tw-gaap-ci:CurrentAssets contextRef="AsOf20100331" decimals="-3" unitRef="TWD">2378283000</tw-gaap-ci:CurrentAssets>
	<tw-gaap-ci:NetFinancialAssetsCarriedCostNonCurrent contextRef="AsOf20110331" decimals="-3" unitRef="TWD">18795000</tw-gaap-ci:NetFinancialAssetsCarriedCostNonCurrent>
	<tw-gaap-ci:NetFinancialAssetsCarriedCostNonCurrent contextRef="AsOf20100331" decimals="-3" unitRef="TWD">18795000</tw-gaap-ci:NetFinancialAssetsCarriedCostNonCurrent>
	<tw-gaap-ci:LongtermInvestmentsEquity contextRef="AsOf20110331" decimals="-3" unitRef="TWD">238882000</tw-gaap-ci:LongtermInvestmentsEquity>
	<tw-gaap-ci:LongtermInvestmentsEquity contextRef="AsOf20100331" decimals="-3" unitRef="TWD">253369000</tw-gaap-ci:LongtermInvestmentsEquity>
	<tw-gaap-ci:LongtermInvestments contextRef="AsOf20110331" decimals="-3" unitRef="TWD">238882000</tw-gaap-ci:LongtermInvestments>
	<tw-gaap-ci:LongtermInvestments contextRef="AsOf20100331" decimals="-3" unitRef="TWD">253369000</tw-gaap-ci:LongtermInvestments>
	<tw-gaap-ci:FundsInvestments contextRef="AsOf20110331" decimals="-3" unitRef="TWD">257677000</tw-gaap-ci:FundsInvestments>
	<tw-gaap-ci:FundsInvestments contextRef="AsOf20100331" decimals="-3" unitRef="TWD">272164000</tw-gaap-ci:FundsInvestments>
	<tw-gaap-ci:Land contextRef="AsOf20110331" decimals="-3" unitRef="TWD">44244000</tw-gaap-ci:Land>
	<tw-gaap-ci:Land contextRef="AsOf20100331" decimals="-3" unitRef="TWD">44244000</tw-gaap-ci:Land>
	<tw-gaap-ci:BuildingsStructures contextRef="AsOf20110331" decimals="-3" unitRef="TWD">846304000</tw-gaap-ci:BuildingsStructures>
	<tw-gaap-ci:BuildingsStructures contextRef="AsOf20100331" decimals="-3" unitRef="TWD">848446000</tw-gaap-ci:BuildingsStructures>
	<tw-gaap-ci:MachineryEquipment contextRef="AsOf20110331" decimals="-3" unitRef="TWD">2829582000</tw-gaap-ci:MachineryEquipment>
	<tw-gaap-ci:MachineryEquipment contextRef="AsOf20100331" decimals="-3" unitRef="TWD">2772335000</tw-gaap-ci:MachineryEquipment>
	<tw-gaap-ci:TransportationEquipment contextRef="AsOf20110331" decimals="-3" unitRef="TWD">12803000</tw-gaap-ci:TransportationEquipment>
	<tw-gaap-ci:TransportationEquipment contextRef="AsOf20100331" decimals="-3" unitRef="TWD">41326000</tw-gaap-ci:TransportationEquipment>
	<tw-gaap-ci:OtherFacilities contextRef="AsOf20110331" decimals="-3" unitRef="TWD">40890000</tw-gaap-ci:OtherFacilities>
	<tw-gaap-ci:OtherFacilities contextRef="AsOf20100331" decimals="-3" unitRef="TWD">41144000</tw-gaap-ci:OtherFacilities>
	<tw-gaap-ci:FixedAssetsOriginalCosts contextRef="AsOf20110331" decimals="-3" unitRef="TWD">3773823000</tw-gaap-ci:FixedAssetsOriginalCosts>
	<tw-gaap-ci:FixedAssetsOriginalCosts contextRef="AsOf20100331" decimals="-3" unitRef="TWD">3747495000</tw-gaap-ci:FixedAssetsOriginalCosts>
	<tw-gaap-ci:CostsRevaluationIncrement contextRef="AsOf20110331" decimals="-3" unitRef="TWD">3773823000</tw-gaap-ci:CostsRevaluationIncrement>
	<tw-gaap-ci:CostsRevaluationIncrement contextRef="AsOf20100331" decimals="-3" unitRef="TWD">3747495000</tw-gaap-ci:CostsRevaluationIncrement>
	<tw-gaap-ci:AccumulatedDepreciation contextRef="AsOf20110331" decimals="-3" unitRef="TWD">2859087000</tw-gaap-ci:AccumulatedDepreciation>
	<tw-gaap-ci:AccumulatedDepreciation contextRef="AsOf20100331" decimals="-3" unitRef="TWD">2738713000</tw-gaap-ci:AccumulatedDepreciation>
	<tw-gaap-ci:ConstructionProcessPrepaymentEquipments contextRef="AsOf20110331" decimals="-3" unitRef="TWD">8979000</tw-gaap-ci:ConstructionProcessPrepaymentEquipments>
	<tw-gaap-ci:ConstructionProcessPrepaymentEquipments contextRef="AsOf20100331" decimals="-3" unitRef="TWD">22465000</tw-gaap-ci:ConstructionProcessPrepaymentEquipments>
	<tw-gaap-ci:FixedAssets contextRef="AsOf20110331" decimals="-3" unitRef="TWD">923715000</tw-gaap-ci:FixedAssets>
	<tw-gaap-ci:FixedAssets contextRef="AsOf20100331" decimals="-3" unitRef="TWD">1031247000</tw-gaap-ci:FixedAssets>
	<tw-gaap-ci:DeferredPensionCost contextRef="AsOf20110331" decimals="-3" unitRef="TWD">299000</tw-gaap-ci:DeferredPensionCost>
	<tw-gaap-ci:DeferredPensionCost contextRef="AsOf20100331" decimals="-3" unitRef="TWD">598000</tw-gaap-ci:DeferredPensionCost>
	<tw-gaap-ci:IntangibleAssets contextRef="AsOf20110331" decimals="-3" unitRef="TWD">299000</tw-gaap-ci:IntangibleAssets>
	<tw-gaap-ci:IntangibleAssets contextRef="AsOf20100331" decimals="-3" unitRef="TWD">598000</tw-gaap-ci:IntangibleAssets>
	<tw-gaap-ci:GuaranteeDepositsPaid contextRef="AsOf20110331" decimals="-3" unitRef="TWD">12913000</tw-gaap-ci:GuaranteeDepositsPaid>
	<tw-gaap-ci:GuaranteeDepositsPaid contextRef="AsOf20100331" decimals="-3" unitRef="TWD">16570000</tw-gaap-ci:GuaranteeDepositsPaid>
	<tw-gaap-ci:DeferredCharges contextRef="AsOf20110331" decimals="-3" unitRef="TWD">768000</tw-gaap-ci:DeferredCharges>
	<tw-gaap-ci:DeferredCharges contextRef="AsOf20100331" decimals="-3" unitRef="TWD">1545000</tw-gaap-ci:DeferredCharges>
	<tw-gaap-ci:OtherAssets contextRef="AsOf20110331" decimals="-3" unitRef="TWD">13681000</tw-gaap-ci:OtherAssets>
	<tw-gaap-ci:OtherAssets contextRef="AsOf20100331" decimals="-3" unitRef="TWD">18115000</tw-gaap-ci:OtherAssets>
	<tw-gaap-ci:Assets contextRef="AsOf20110331" decimals="-3" unitRef="TWD">3596659000</tw-gaap-ci:Assets>
	<tw-gaap-ci:Assets contextRef="AsOf20100331" decimals="-3" unitRef="TWD">3700407000</tw-gaap-ci:Assets>
	<tw-gaap-ci:ShortTermBorrowings contextRef="AsOf20110331" decimals="-3" unitRef="TWD">275000</tw-gaap-ci:ShortTermBorrowings>
	<tw-gaap-ci:ShortTermBorrowings contextRef="AsOf20100331" decimals="-3" unitRef="TWD">271536000</tw-gaap-ci:ShortTermBorrowings>
	<tw-gaap-ci:FinancialLiabilitiesMeasuredFairValueProfitLossCurrent contextRef="AsOf20110331" decimals="-3" unitRef="TWD">0</tw-gaap-ci:FinancialLiabilitiesMeasuredFairValueProfitLossCurrent>
	<tw-gaap-ci:FinancialLiabilitiesMeasuredFairValueProfitLossCurrent contextRef="AsOf20100331" decimals="-3" unitRef="TWD">982000</tw-gaap-ci:FinancialLiabilitiesMeasuredFairValueProfitLossCurrent>
	<tw-gaap-ci:AccountsPayable contextRef="AsOf20110331" decimals="-3" unitRef="TWD">101346000</tw-gaap-ci:AccountsPayable>
	<tw-gaap-ci:AccountsPayable contextRef="AsOf20100331" decimals="-3" unitRef="TWD">57800000</tw-gaap-ci:AccountsPayable>
	<tw-gaap-ci:AccountsPayableRelatedParties contextRef="AsOf20110331" decimals="-3" unitRef="TWD">76933000</tw-gaap-ci:AccountsPayableRelatedParties>
	<tw-gaap-ci:AccountsPayableRelatedParties contextRef="AsOf20100331" decimals="-3" unitRef="TWD">122251000</tw-gaap-ci:AccountsPayableRelatedParties>
	<tw-gaap-ci:IncomeTaxPayable contextRef="AsOf20110331" decimals="-3" unitRef="TWD">100298000</tw-gaap-ci:IncomeTaxPayable>
	<tw-gaap-ci:IncomeTaxPayable contextRef="AsOf20100331" decimals="-3" unitRef="TWD">83073000</tw-gaap-ci:IncomeTaxPayable>
	<tw-gaap-ci:AccruedExpenses contextRef="AsOf20110331" decimals="-3" unitRef="TWD">128702000</tw-gaap-ci:AccruedExpenses>
	<tw-gaap-ci:AccruedExpenses contextRef="AsOf20100331" decimals="-3" unitRef="TWD">126039000</tw-gaap-ci:AccruedExpenses>
	<tw-gaap-ci:OtherPayablesOther contextRef="AsOf20110331" decimals="-3" unitRef="TWD">2610000</tw-gaap-ci:OtherPayablesOther>
	<tw-gaap-ci:OtherPayablesOther contextRef="AsOf20100331" decimals="-3" unitRef="TWD">13891000</tw-gaap-ci:OtherPayablesOther>
	<tw-gaap-ci:OtherPayables contextRef="AsOf20110331" decimals="-3" unitRef="TWD">2610000</tw-gaap-ci:OtherPayables>
	<tw-gaap-ci:OtherPayables contextRef="AsOf20100331" decimals="-3" unitRef="TWD">13891000</tw-gaap-ci:OtherPayables>
	<tw-gaap-ci:AdvanceReceipts contextRef="AsOf20110331" decimals="-3" unitRef="TWD">51967000</tw-gaap-ci:AdvanceReceipts>
	<tw-gaap-ci:AdvanceReceipts contextRef="AsOf20100331" decimals="-3" unitRef="TWD">51110000</tw-gaap-ci:AdvanceReceipts>
	<tw-gaap-ci:CurrentLiabilities contextRef="AsOf20110331" decimals="-3" unitRef="TWD">462131000</tw-gaap-ci:CurrentLiabilities>
	<tw-gaap-ci:CurrentLiabilities contextRef="AsOf20100331" decimals="-3" unitRef="TWD">726682000</tw-gaap-ci:CurrentLiabilities>
	<tw-gaap-ci:PensionReserve contextRef="AsOf20110331" decimals="-3" unitRef="TWD">19863000</tw-gaap-ci:PensionReserve>
	<tw-gaap-ci:PensionReserve contextRef="AsOf20100331" decimals="-3" unitRef="TWD">34700000</tw-gaap-ci:PensionReserve>
	<tw-gaap-ci:GuaranteeDepositsReceived contextRef="AsOf20110331" decimals="-3" unitRef="TWD">120000</tw-gaap-ci:GuaranteeDepositsReceived>
	<tw-gaap-ci:GuaranteeDepositsReceived contextRef="AsOf20100331" decimals="-3" unitRef="TWD">5120000</tw-gaap-ci:GuaranteeDepositsReceived>
	<tw-gaap-ci:DeferredIncomeTax contextRef="AsOf20110331" decimals="-3" unitRef="TWD">1052000</tw-gaap-ci:DeferredIncomeTax>
	<tw-gaap-ci:DeferredIncomeTax contextRef="AsOf20100331" decimals="-3" unitRef="TWD">998000</tw-gaap-ci:DeferredIncomeTax>
	<tw-gaap-ci:OtherLiabilities contextRef="AsOf20110331" decimals="-3" unitRef="TWD">21035000</tw-gaap-ci:OtherLiabilities>
	<tw-gaap-ci:OtherLiabilities contextRef="AsOf20100331" decimals="-3" unitRef="TWD">40818000</tw-gaap-ci:OtherLiabilities>
	<tw-gaap-ci:Liabilities contextRef="AsOf20110331" decimals="-3" unitRef="TWD">483166000</tw-gaap-ci:Liabilities>
	<tw-gaap-ci:Liabilities contextRef="AsOf20100331" decimals="-3" unitRef="TWD">767500000</tw-gaap-ci:Liabilities>
	<tw-gaap-ci:CommonStock contextRef="AsOf20110331" decimals="-3" unitRef="TWD">1599749000</tw-gaap-ci:CommonStock>
	<tw-gaap-ci:CommonStock contextRef="AsOf20100331" decimals="-3" unitRef="TWD">1599749000</tw-gaap-ci:CommonStock>
	<tw-gaap-ci:Capital contextRef="AsOf20110331" decimals="-3" unitRef="TWD">1599749000</tw-gaap-ci:Capital>
	<tw-gaap-ci:Capital contextRef="AsOf20100331" decimals="-3" unitRef="TWD">1599749000</tw-gaap-ci:Capital>
	<tw-gaap-ci:CapitalSurplusAdditionalPaidCapitalCommonStock contextRef="AsOf20110331" decimals="-3" unitRef="TWD">154000</tw-gaap-ci:CapitalSurplusAdditionalPaidCapitalCommonStock>
	<tw-gaap-ci:CapitalSurplusAdditionalPaidCapitalCommonStock contextRef="AsOf20100331" decimals="-3" unitRef="TWD">154000</tw-gaap-ci:CapitalSurplusAdditionalPaidCapitalCommonStock>
	<tw-gaap-ci:CapitalSurplusAdditionalPaidCapital contextRef="AsOf20110331" decimals="-3" unitRef="TWD">154000</tw-gaap-ci:CapitalSurplusAdditionalPaidCapital>
	<tw-gaap-ci:CapitalSurplusAdditionalPaidCapital contextRef="AsOf20100331" decimals="-3" unitRef="TWD">154000</tw-gaap-ci:CapitalSurplusAdditionalPaidCapital>
	<tw-gaap-ci:CapitalSurplusTreasuryStockTransactions contextRef="AsOf20110331" decimals="-3" unitRef="TWD">23630000</tw-gaap-ci:CapitalSurplusTreasuryStockTransactions>
	<tw-gaap-ci:CapitalSurplusTreasuryStockTransactions contextRef="AsOf20100331" decimals="-3" unitRef="TWD">23630000</tw-gaap-ci:CapitalSurplusTreasuryStockTransactions>
	<tw-gaap-ci:CapitalSurplus contextRef="AsOf20110331" decimals="-3" unitRef="TWD">23784000</tw-gaap-ci:CapitalSurplus>
	<tw-gaap-ci:CapitalSurplus contextRef="AsOf20100331" decimals="-3" unitRef="TWD">23784000</tw-gaap-ci:CapitalSurplus>
	<tw-gaap-ci:LegalReserve contextRef="AsOf20110331" decimals="-3" unitRef="TWD">537134000</tw-gaap-ci:LegalReserve>
	<tw-gaap-ci:LegalReserve contextRef="AsOf20100331" decimals="-3" unitRef="TWD">478255000</tw-gaap-ci:LegalReserve>
	<tw-gaap-ci:SpecialReserve contextRef="AsOf20110331" decimals="-3" unitRef="TWD">46750000</tw-gaap-ci:SpecialReserve>
	<tw-gaap-ci:SpecialReserve contextRef="AsOf20100331" decimals="-3" unitRef="TWD">15709000</tw-gaap-ci:SpecialReserve>
	<tw-gaap-ci:UnappropriatedRetainedEarnings contextRef="AsOf20110331" decimals="-3" unitRef="TWD">980276000</tw-gaap-ci:UnappropriatedRetainedEarnings>
	<tw-gaap-ci:UnappropriatedRetainedEarnings contextRef="AsOf20100331" decimals="-3" unitRef="TWD">866132000</tw-gaap-ci:UnappropriatedRetainedEarnings>
	<tw-gaap-ci:RetainedEarnings contextRef="AsOf20110331" decimals="-3" unitRef="TWD">1564160000</tw-gaap-ci:RetainedEarnings>
	<tw-gaap-ci:RetainedEarnings contextRef="AsOf20100331" decimals="-3" unitRef="TWD">1360096000</tw-gaap-ci:RetainedEarnings>
	<tw-gaap-ci:NetLossNotRecognizedPensionCost contextRef="AsOf20110331" decimals="-3" unitRef="TWD">48225000</tw-gaap-ci:NetLossNotRecognizedPensionCost>
	<tw-gaap-ci:NetLossNotRecognizedPensionCost contextRef="AsOf20100331" decimals="-3" unitRef="TWD">46750000</tw-gaap-ci:NetLossNotRecognizedPensionCost>
	<tw-gaap-ci:UnrealizedGainsLossesFinancialInstruments contextRef="AsOf20110331" decimals="-3" unitRef="TWD">-25975000</tw-gaap-ci:UnrealizedGainsLossesFinancialInstruments>
	<tw-gaap-ci:UnrealizedGainsLossesFinancialInstruments contextRef="AsOf20100331" decimals="-3" unitRef="TWD">-3972000</tw-gaap-ci:UnrealizedGainsLossesFinancialInstruments>
	<tw-gaap-ci:StockholdersEquitiesAdjustments contextRef="AsOf20110331" decimals="-3" unitRef="TWD">-74200000</tw-gaap-ci:StockholdersEquitiesAdjustments>
	<tw-gaap-ci:StockholdersEquitiesAdjustments contextRef="AsOf20100331" decimals="-3" unitRef="TWD">-50722000</tw-gaap-ci:StockholdersEquitiesAdjustments>
	<tw-gaap-ci:StockholdersEquities contextRef="AsOf20110331" decimals="-3" unitRef="TWD">3113493000</tw-gaap-ci:StockholdersEquities>
	<tw-gaap-ci:StockholdersEquities contextRef="AsOf20100331" decimals="-3" unitRef="TWD">2932907000</tw-gaap-ci:StockholdersEquities>
	<tw-gaap-ci:EquivalentSharesOutstandingAdvanceReceiptsCommonStock contextRef="AsOf20110331" decimals="0" unitRef="Shares">0</tw-gaap-ci:EquivalentSharesOutstandingAdvanceReceiptsCommonStock>
	<tw-gaap-ci:EquivalentSharesOutstandingAdvanceReceiptsCommonStock contextRef="AsOf20100331" decimals="0" unitRef="Shares">0</tw-gaap-ci:EquivalentSharesOutstandingAdvanceReceiptsCommonStock>
	<tw-gaap-ci:NumberTreasuryStockAcquiredCompanySubsidiaries contextRef="AsOf20110331" decimals="0" unitRef="Shares">0</tw-gaap-ci:NumberTreasuryStockAcquiredCompanySubsidiaries>
	<tw-gaap-ci:NumberTreasuryStockAcquiredCompanySubsidiaries contextRef="AsOf20100331" decimals="0" unitRef="Shares">0</tw-gaap-ci:NumberTreasuryStockAcquiredCompanySubsidiaries>
	<tw-gaap-ci:Sales contextRef="From20110101To20110331" decimals="-3" unitRef="TWD">3975999000</tw-gaap-ci:Sales>
	<tw-gaap-ci:Sales contextRef="From20100101To20100331" decimals="-3" unitRef="TWD">3462728000</tw-gaap-ci:Sales>
	<tw-gaap-ci:SalesDiscountsAllowances contextRef="From20110101To20110331" decimals="-3" unitRef="TWD">2000000</tw-gaap-ci:SalesDiscountsAllowances>
	<tw-gaap-ci:SalesDiscountsAllowances contextRef="From20100101To20100331" decimals="-3" unitRef="TWD">4666000</tw-gaap-ci:SalesDiscountsAllowances>
	<tw-gaap-ci:NetSales contextRef="From20110101To20110331" decimals="-3" unitRef="TWD">3973999000</tw-gaap-ci:NetSales>
	<tw-gaap-ci:NetSales contextRef="From20100101To20100331" decimals="-3" unitRef="TWD">3458062000</tw-gaap-ci:NetSales>
	<tw-gaap-ci:ProcessingFeesRevenue contextRef="From20110101To20110331" decimals="-3" unitRef="TWD">112578000</tw-gaap-ci:ProcessingFeesRevenue>
	<tw-gaap-ci:ProcessingFeesRevenue contextRef="From20100101To20100331" decimals="-3" unitRef="TWD">125177000</tw-gaap-ci:ProcessingFeesRevenue>
	<tw-gaap-ci:TotalServiceRevenue contextRef="From20110101To20110331" decimals="-3" unitRef="TWD">112578000</tw-gaap-ci:TotalServiceRevenue>
	<tw-gaap-ci:TotalServiceRevenue contextRef="From20100101To20100331" decimals="-3" unitRef="TWD">125177000</tw-gaap-ci:TotalServiceRevenue>
	<tw-gaap-ci:OperatingRevenue contextRef="From20110101To20110331" decimals="-3" unitRef="TWD">4086577000</tw-gaap-ci:OperatingRevenue>
	<tw-gaap-ci:OperatingRevenue contextRef="From20100101To20100331" decimals="-3" unitRef="TWD">3583239000</tw-gaap-ci:OperatingRevenue>
	<tw-gaap-ci:CostSales contextRef="From20110101To20110331" decimals="-3" unitRef="TWD">3755228000</tw-gaap-ci:CostSales>
	<tw-gaap-ci:CostSales contextRef="From20100101To20100331" decimals="-3" unitRef="TWD">3234863000</tw-gaap-ci:CostSales>
	<tw-gaap-ci:ProcessingCost contextRef="From20110101To20110331" decimals="-3" unitRef="TWD">94689000</tw-gaap-ci:ProcessingCost>
	<tw-gaap-ci:ProcessingCost contextRef="From20100101To20100331" decimals="-3" unitRef="TWD">107573000</tw-gaap-ci:ProcessingCost>
	<tw-gaap-ci:TotalCostServices contextRef="From20110101To20110331" decimals="-3" unitRef="TWD">94689000</tw-gaap-ci:TotalCostServices>
	<tw-gaap-ci:TotalCostServices contextRef="From20100101To20100331" decimals="-3" unitRef="TWD">107573000</tw-gaap-ci:TotalCostServices>
	<tw-gaap-ci:OperatingCosts contextRef="From20110101To20110331" decimals="-3" unitRef="TWD">3849917000</tw-gaap-ci:OperatingCosts>
	<tw-gaap-ci:OperatingCosts contextRef="From20100101To20100331" decimals="-3" unitRef="TWD">3342436000</tw-gaap-ci:OperatingCosts>
	<tw-gaap-ci:GrossProfitLossOperations contextRef="From20110101To20110331" decimals="-3" unitRef="TWD">236660000</tw-gaap-ci:GrossProfitLossOperations>
	<tw-gaap-ci:GrossProfitLossOperations contextRef="From20100101To20100331" decimals="-3" unitRef="TWD">240803000</tw-gaap-ci:GrossProfitLossOperations>
	<tw-gaap-ci:Sellingexpense contextRef="From20110101To20110331" decimals="-3" unitRef="TWD">46854000</tw-gaap-ci:Sellingexpense>
	<tw-gaap-ci:Sellingexpense contextRef="From20100101To20100331" decimals="-3" unitRef="TWD">48543000</tw-gaap-ci:Sellingexpense>
	<tw-gaap-ci:GeneralAdministrativeExpenses contextRef="From20110101To20110331" decimals="-3" unitRef="TWD">28056000</tw-gaap-ci:GeneralAdministrativeExpenses>
	<tw-gaap-ci:GeneralAdministrativeExpenses contextRef="From20100101To20100331" decimals="-3" unitRef="TWD">28051000</tw-gaap-ci:GeneralAdministrativeExpenses>
	<tw-gaap-ci:ResearchDevelopmentExpenses contextRef="From20110101To20110331" decimals="-3" unitRef="TWD">877000</tw-gaap-ci:ResearchDevelopmentExpenses>
	<tw-gaap-ci:ResearchDevelopmentExpenses contextRef="From20100101To20100331" decimals="-3" unitRef="TWD">868000</tw-gaap-ci:ResearchDevelopmentExpenses>
	<tw-gaap-ci:OperatingExpenses contextRef="From20110101To20110331" decimals="-3" unitRef="TWD">75787000</tw-gaap-ci:OperatingExpenses>
	<tw-gaap-ci:OperatingExpenses contextRef="From20100101To20100331" decimals="-3" unitRef="TWD">77462000</tw-gaap-ci:OperatingExpenses>
	<tw-gaap-ci:OperatingIncomeLoss contextRef="From20110101To20110331" decimals="-3" unitRef="TWD">160873000</tw-gaap-ci:OperatingIncomeLoss>
	<tw-gaap-ci:OperatingIncomeLoss contextRef="From20100101To20100331" decimals="-3" unitRef="TWD">163341000</tw-gaap-ci:OperatingIncomeLoss>
	<tw-gaap-ci:InterestIncome contextRef="From20110101To20110331" decimals="-3" unitRef="TWD">0</tw-gaap-ci:InterestIncome>
	<tw-gaap-ci:InterestIncome contextRef="From20100101To20100331" decimals="-3" unitRef="TWD">1000</tw-gaap-ci:InterestIncome>
	<tw-gaap-ci:InvestmentGainsRecognizedEquityMethod contextRef="From20110101To20110331" decimals="-3" unitRef="TWD">5365000</tw-gaap-ci:InvestmentGainsRecognizedEquityMethod>
	<tw-gaap-ci:InvestmentGainsRecognizedEquityMethod contextRef="From20100101To20100331" decimals="-3" unitRef="TWD">1441000</tw-gaap-ci:InvestmentGainsRecognizedEquityMethod>
	<tw-gaap-ci:InvestmentGains contextRef="From20110101To20110331" decimals="-3" unitRef="TWD">5365000</tw-gaap-ci:InvestmentGains>
	<tw-gaap-ci:InvestmentGains contextRef="From20100101To20100331" decimals="-3" unitRef="TWD">1441000</tw-gaap-ci:InvestmentGains>
	<tw-gaap-ci:GainsSaleInvestments contextRef="From20110101To20110331" decimals="-3" unitRef="TWD">0</tw-gaap-ci:GainsSaleInvestments>
	<tw-gaap-ci:GainsSaleInvestments contextRef="From20100101To20100331" decimals="-3" unitRef="TWD">23200000</tw-gaap-ci:GainsSaleInvestments>
	<tw-gaap-ci:ForeignExchangeGains contextRef="From20110101To20110331" decimals="-3" unitRef="TWD">28487000</tw-gaap-ci:ForeignExchangeGains>
	<tw-gaap-ci:ForeignExchangeGains contextRef="From20100101To20100331" decimals="-3" unitRef="TWD">777000</tw-gaap-ci:ForeignExchangeGains>
	<tw-gaap-ci:RevaluationGainFinancialAssets contextRef="From20110101To20110331" decimals="-3" unitRef="TWD">5035000</tw-gaap-ci:RevaluationGainFinancialAssets>
	<tw-gaap-ci:RevaluationGainFinancialAssets contextRef="From20100101To20100331" decimals="-3" unitRef="TWD">0</tw-gaap-ci:RevaluationGainFinancialAssets>
	<tw-gaap-ci:MiscellaneousIncome contextRef="From20110101To20110331" decimals="-3" unitRef="TWD">2586000</tw-gaap-ci:MiscellaneousIncome>
	<tw-gaap-ci:MiscellaneousIncome contextRef="From20100101To20100331" decimals="-3" unitRef="TWD">2449000</tw-gaap-ci:MiscellaneousIncome>
	<tw-gaap-ci:NonOperatingIncomeGains contextRef="From20110101To20110331" decimals="-3" unitRef="TWD">41473000</tw-gaap-ci:NonOperatingIncomeGains>
	<tw-gaap-ci:NonOperatingIncomeGains contextRef="From20100101To20100331" decimals="-3" unitRef="TWD">27868000</tw-gaap-ci:NonOperatingIncomeGains>
	<tw-gaap-ci:InterestExpense contextRef="From20110101To20110331" decimals="-3" unitRef="TWD">770000</tw-gaap-ci:InterestExpense>
	<tw-gaap-ci:InterestExpense contextRef="From20100101To20100331" decimals="-3" unitRef="TWD">892000</tw-gaap-ci:InterestExpense>
	<tw-gaap-ci:RevaluationLossFinancialAssets contextRef="From20110101To20110331" decimals="-3" unitRef="TWD">0</tw-gaap-ci:RevaluationLossFinancialAssets>
	<tw-gaap-ci:RevaluationLossFinancialAssets contextRef="From20100101To20100331" decimals="-3" unitRef="TWD">5453000</tw-gaap-ci:RevaluationLossFinancialAssets>
	<tw-gaap-ci:MiscellaneousDisbursements contextRef="From20110101To20110331" decimals="-3" unitRef="TWD">0</tw-gaap-ci:MiscellaneousDisbursements>
	<tw-gaap-ci:MiscellaneousDisbursements contextRef="From20100101To20100331" decimals="-3" unitRef="TWD">105000</tw-gaap-ci:MiscellaneousDisbursements>
	<tw-gaap-ci:NonOperatingExpenses contextRef="From20110101To20110331" decimals="-3" unitRef="TWD">770000</tw-gaap-ci:NonOperatingExpenses>
	<tw-gaap-ci:NonOperatingExpenses contextRef="From20100101To20100331" decimals="-3" unitRef="TWD">6450000</tw-gaap-ci:NonOperatingExpenses>
	<tw-gaap-ci:IncomeContinuingOperationsBeforeIncomeTax contextRef="From20110101To20110331" decimals="-3" unitRef="TWD">201576000</tw-gaap-ci:IncomeContinuingOperationsBeforeIncomeTax>
	<tw-gaap-ci:IncomeContinuingOperationsBeforeIncomeTax contextRef="From20100101To20100331" decimals="-3" unitRef="TWD">184759000</tw-gaap-ci:IncomeContinuingOperationsBeforeIncomeTax>
	<tw-gaap-ci:IncomeTaxExpenseBenefit contextRef="From20110101To20110331" decimals="-3" unitRef="TWD">33355000</tw-gaap-ci:IncomeTaxExpenseBenefit>
	<tw-gaap-ci:IncomeTaxExpenseBenefit contextRef="From20100101To20100331" decimals="-3" unitRef="TWD">30525000</tw-gaap-ci:IncomeTaxExpenseBenefit>
	<tw-gaap-ci:IncomeContinuingOperations contextRef="From20110101To20110331" decimals="-3" unitRef="TWD">168221000</tw-gaap-ci:IncomeContinuingOperations>
	<tw-gaap-ci:IncomeContinuingOperations contextRef="From20100101To20100331" decimals="-3" unitRef="TWD">154234000</tw-gaap-ci:IncomeContinuingOperations>
	<tw-gaap-ci:NetIncomeLoss contextRef="From20110101To20110331" decimals="-3" unitRef="TWD">168221000</tw-gaap-ci:NetIncomeLoss>
	<tw-gaap-ci:NetIncomeLoss contextRef="From20100101To20100331" decimals="-3" unitRef="TWD">154234000</tw-gaap-ci:NetIncomeLoss>
	<tw-gaap-ci:PrimaryEarningsPerShareIncomeLossContinuingOperations contextRef="From20110101To20110331" decimals="2" unitRef="TWD">1.05</tw-gaap-ci:PrimaryEarningsPerShareIncomeLossContinuingOperations>
	<tw-gaap-ci:PrimaryEarningsPerShareIncomeLossContinuingOperations contextRef="From20100101To20100331" decimals="2" unitRef="TWD">0.96</tw-gaap-ci:PrimaryEarningsPerShareIncomeLossContinuingOperations>
	<tw-gaap-ci:PrimaryEarningsPerShare contextRef="From20110101To20110331" decimals="2" unitRef="TWD">1.05</tw-gaap-ci:PrimaryEarningsPerShare>
	<tw-gaap-ci:PrimaryEarningsPerShare contextRef="From20100101To20100331" decimals="2" unitRef="TWD">0.96</tw-gaap-ci:PrimaryEarningsPerShare>
	<tw-gaap-ci:DilutedEarningsPerShareIncomeLossContinuingOperations contextRef="From20110101To20110331" decimals="2" unitRef="TWD">1.05</tw-gaap-ci:DilutedEarningsPerShareIncomeLossContinuingOperations>
	<tw-gaap-ci:DilutedEarningsPerShareIncomeLossContinuingOperations contextRef="From20100101To20100331" decimals="2" unitRef="TWD">0.96</tw-gaap-ci:DilutedEarningsPerShareIncomeLossContinuingOperations>
	<tw-gaap-ci:DilutedEarningsPerShare contextRef="From20110101To20110331" decimals="2" unitRef="TWD">1.05</tw-gaap-ci:DilutedEarningsPerShare>
	<tw-gaap-ci:DilutedEarningsPerShare contextRef="From20100101To20100331" decimals="2" unitRef="TWD">0.96</tw-gaap-ci:DilutedEarningsPerShare>
	<tw-gaap-ci:NetIncomeLoss_StatementCashFlows contextRef="From20110101To20110331" decimals="-3" unitRef="TWD">168221000</tw-gaap-ci:NetIncomeLoss_StatementCashFlows>
	<tw-gaap-ci:NetIncomeLoss_StatementCashFlows contextRef="From20100101To20100331" decimals="-3" unitRef="TWD">154234000</tw-gaap-ci:NetIncomeLoss_StatementCashFlows>
	<tw-gaap-ci:DepreciationExpense-Operating contextRef="From20110101To20110331" decimals="-3" unitRef="TWD">50899000</tw-gaap-ci:DepreciationExpense-Operating>
	<tw-gaap-ci:DepreciationExpense-Operating contextRef="From20100101To20100331" decimals="-3" unitRef="TWD">48288000</tw-gaap-ci:DepreciationExpense-Operating>
	<tw-gaap-ci:AmortizationExpense-Operating contextRef="From20110101To20110331" decimals="-3" unitRef="TWD">203000</tw-gaap-ci:AmortizationExpense-Operating>
	<tw-gaap-ci:AmortizationExpense-Operating contextRef="From20100101To20100331" decimals="-3" unitRef="TWD">217000</tw-gaap-ci:AmortizationExpense-Operating>
	<tw-gaap-ci:GainLossInventoryValuationObsolescenceRecoverie contextRef="From20110101To20110331" decimals="-3" unitRef="TWD">-3000</tw-gaap-ci:GainLossInventoryValuationObsolescenceRecoverie>
	<tw-gaap-ci:GainLossInventoryValuationObsolescenceRecoverie contextRef="From20100101To20100331" decimals="-3" unitRef="TWD">-32836000</tw-gaap-ci:GainLossInventoryValuationObsolescenceRecoverie>
	<tw-gaap-ci:InvestmentLossIncomeRecognizedEquityMethod contextRef="From20110101To20110331" decimals="-3" unitRef="TWD">-5365000</tw-gaap-ci:InvestmentLossIncomeRecognizedEquityMethod>
	<tw-gaap-ci:InvestmentLossIncomeRecognizedEquityMethod contextRef="From20100101To20100331" decimals="-3" unitRef="TWD">-1441000</tw-gaap-ci:InvestmentLossIncomeRecognizedEquityMethod>
	<tw-gaap-ci:GainsLossesSaleInvestments contextRef="From20110101To20110331" decimals="-3" unitRef="TWD">0</tw-gaap-ci:GainsLossesSaleInvestments>
	<tw-gaap-ci:GainsLossesSaleInvestments contextRef="From20100101To20100331" decimals="-3" unitRef="TWD">-24437000</tw-gaap-ci:GainsLossesSaleInvestments>
	<tw-gaap-ci:UnrealizedRevaluationGainFinancialAssetsLiabilities contextRef="From20110101To20110331" decimals="-3" unitRef="TWD">-48369000</tw-gaap-ci:UnrealizedRevaluationGainFinancialAssetsLiabilities>
	<tw-gaap-ci:UnrealizedRevaluationGainFinancialAssetsLiabilities contextRef="From20100101To20100331" decimals="-3" unitRef="TWD">-5003000</tw-gaap-ci:UnrealizedRevaluationGainFinancialAssetsLiabilities>
	<tw-gaap-ci:UnrealizedExchangeGainLoss contextRef="From20110101To20110331" decimals="-3" unitRef="TWD">-693000</tw-gaap-ci:UnrealizedExchangeGainLoss>
	<tw-gaap-ci:UnrealizedExchangeGainLoss contextRef="From20100101To20100331" decimals="-3" unitRef="TWD">-1089000</tw-gaap-ci:UnrealizedExchangeGainLoss>
	<tw-gaap-ci:AdjustmentsReconcileNetIncomeNetCashProvidedUsedOperatingActivities contextRef="From20110101To20110331" decimals="-3" unitRef="TWD">-3328000</tw-gaap-ci:AdjustmentsReconcileNetIncomeNetCashProvidedUsedOperatingActivities>
	<tw-gaap-ci:AdjustmentsReconcileNetIncomeNetCashProvidedUsedOperatingActivities contextRef="From20100101To20100331" decimals="-3" unitRef="TWD">-16301000</tw-gaap-ci:AdjustmentsReconcileNetIncomeNetCashProvidedUsedOperatingActivities>
	<tw-gaap-ci:ChangesNotesReceivable contextRef="From20110101To20110331" decimals="-3" unitRef="TWD">24854000</tw-gaap-ci:ChangesNotesReceivable>
	<tw-gaap-ci:ChangesNotesReceivable contextRef="From20100101To20100331" decimals="-3" unitRef="TWD">36640000</tw-gaap-ci:ChangesNotesReceivable>
	<tw-gaap-ci:ChangesAccountsReceivable contextRef="From20110101To20110331" decimals="-3" unitRef="TWD">18579000</tw-gaap-ci:ChangesAccountsReceivable>
	<tw-gaap-ci:ChangesAccountsReceivable contextRef="From20100101To20100331" decimals="-3" unitRef="TWD">-44539000</tw-gaap-ci:ChangesAccountsReceivable>
	<tw-gaap-ci:ChangesAccountsReceivableRelatedParties contextRef="From20110101To20110331" decimals="-3" unitRef="TWD">51458000</tw-gaap-ci:ChangesAccountsReceivableRelatedParties>
	<tw-gaap-ci:ChangesAccountsReceivableRelatedParties contextRef="From20100101To20100331" decimals="-3" unitRef="TWD">55790000</tw-gaap-ci:ChangesAccountsReceivableRelatedParties>
	<tw-gaap-ci:ChangesOtherReceivables contextRef="From20110101To20110331" decimals="-3" unitRef="TWD">-5152000</tw-gaap-ci:ChangesOtherReceivables>
	<tw-gaap-ci:ChangesOtherReceivables contextRef="From20100101To20100331" decimals="-3" unitRef="TWD">-2954000</tw-gaap-ci:ChangesOtherReceivables>
	<tw-gaap-ci:ChangesInventories contextRef="From20110101To20110331" decimals="-3" unitRef="TWD">378736000</tw-gaap-ci:ChangesInventories>
	<tw-gaap-ci:ChangesInventories contextRef="From20100101To20100331" decimals="-3" unitRef="TWD">219896000</tw-gaap-ci:ChangesInventories>
	<tw-gaap-ci:ChangesOtherPrepayments contextRef="From20110101To20110331" decimals="-3" unitRef="TWD">15752000</tw-gaap-ci:ChangesOtherPrepayments>
	<tw-gaap-ci:ChangesOtherPrepayments contextRef="From20100101To20100331" decimals="-3" unitRef="TWD">13839000</tw-gaap-ci:ChangesOtherPrepayments>
	<tw-gaap-ci:ChangesDeferredTaxAssets contextRef="From20110101To20110331" decimals="-3" unitRef="TWD">6492000</tw-gaap-ci:ChangesDeferredTaxAssets>
	<tw-gaap-ci:ChangesDeferredTaxAssets contextRef="From20100101To20100331" decimals="-3" unitRef="TWD">7483000</tw-gaap-ci:ChangesDeferredTaxAssets>
	<tw-gaap-ci:ChangesOperatingAssets contextRef="From20110101To20110331" decimals="-3" unitRef="TWD">490719000</tw-gaap-ci:ChangesOperatingAssets>
	<tw-gaap-ci:ChangesOperatingAssets contextRef="From20100101To20100331" decimals="-3" unitRef="TWD">286155000</tw-gaap-ci:ChangesOperatingAssets>
	<tw-gaap-ci:ChangesAccountsPayable contextRef="From20110101To20110331" decimals="-3" unitRef="TWD">51251000</tw-gaap-ci:ChangesAccountsPayable>
	<tw-gaap-ci:ChangesAccountsPayable contextRef="From20100101To20100331" decimals="-3" unitRef="TWD">-80646000</tw-gaap-ci:ChangesAccountsPayable>
	<tw-gaap-ci:ChangesAccountsPayableRelatedParties contextRef="From20110101To20110331" decimals="-3" unitRef="TWD">-50072000</tw-gaap-ci:ChangesAccountsPayableRelatedParties>
	<tw-gaap-ci:ChangesAccountsPayableRelatedParties contextRef="From20100101To20100331" decimals="-3" unitRef="TWD">8715000</tw-gaap-ci:ChangesAccountsPayableRelatedParties>
	<tw-gaap-ci:ChangesIncomeTaxPayable contextRef="From20110101To20110331" decimals="-3" unitRef="TWD">26841000</tw-gaap-ci:ChangesIncomeTaxPayable>
	<tw-gaap-ci:ChangesIncomeTaxPayable contextRef="From20100101To20100331" decimals="-3" unitRef="TWD">23490000</tw-gaap-ci:ChangesIncomeTaxPayable>
	<tw-gaap-ci:ChangesAccruedExpenses contextRef="From20110101To20110331" decimals="-3" unitRef="TWD">-78778000</tw-gaap-ci:ChangesAccruedExpenses>
	<tw-gaap-ci:ChangesAccruedExpenses contextRef="From20100101To20100331" decimals="-3" unitRef="TWD">-55252000</tw-gaap-ci:ChangesAccruedExpenses>
	<tw-gaap-ci:ChangesOtherPayables contextRef="From20110101To20110331" decimals="-3" unitRef="TWD">106000</tw-gaap-ci:ChangesOtherPayables>
	<tw-gaap-ci:ChangesOtherPayables contextRef="From20100101To20100331" decimals="-3" unitRef="TWD">-16923000</tw-gaap-ci:ChangesOtherPayables>
	<tw-gaap-ci:ChangesReceiptsAdvance contextRef="From20110101To20110331" decimals="-3" unitRef="TWD">-36513000</tw-gaap-ci:ChangesReceiptsAdvance>
	<tw-gaap-ci:ChangesReceiptsAdvance contextRef="From20100101To20100331" decimals="-3" unitRef="TWD">3621000</tw-gaap-ci:ChangesReceiptsAdvance>
	<tw-gaap-ci:ChangesDeferredTaxLiabilities contextRef="From20110101To20110331" decimals="-3" unitRef="TWD">22000</tw-gaap-ci:ChangesDeferredTaxLiabilities>
	<tw-gaap-ci:ChangesDeferredTaxLiabilities contextRef="From20100101To20100331" decimals="-3" unitRef="TWD">-448000</tw-gaap-ci:ChangesDeferredTaxLiabilities>
	<tw-gaap-ci:ChangesAccruedPensionLiabilities contextRef="From20110101To20110331" decimals="-3" unitRef="TWD">513000</tw-gaap-ci:ChangesAccruedPensionLiabilities>
	<tw-gaap-ci:ChangesAccruedPensionLiabilities contextRef="From20100101To20100331" decimals="-3" unitRef="TWD">1574000</tw-gaap-ci:ChangesAccruedPensionLiabilities>
	<tw-gaap-ci:ChangesOperatingLiabilities contextRef="From20110101To20110331" decimals="-3" unitRef="TWD">-86630000</tw-gaap-ci:ChangesOperatingLiabilities>
	<tw-gaap-ci:ChangesOperatingLiabilities contextRef="From20100101To20100331" decimals="-3" unitRef="TWD">-115869000</tw-gaap-ci:ChangesOperatingLiabilities>
	<tw-gaap-ci:ChangesOperatingAssetsLiabilities contextRef="From20110101To20110331" decimals="-3" unitRef="TWD">404089000</tw-gaap-ci:ChangesOperatingAssetsLiabilities>
	<tw-gaap-ci:ChangesOperatingAssetsLiabilities contextRef="From20100101To20100331" decimals="-3" unitRef="TWD">170286000</tw-gaap-ci:ChangesOperatingAssetsLiabilities>
	<tw-gaap-ci:NetCashProvidedUsedOperatingActivities contextRef="From20110101To20110331" decimals="-3" unitRef="TWD">568982000</tw-gaap-ci:NetCashProvidedUsedOperatingActivities>
	<tw-gaap-ci:NetCashProvidedUsedOperatingActivities contextRef="From20100101To20100331" decimals="-3" unitRef="TWD">308219000</tw-gaap-ci:NetCashProvidedUsedOperatingActivities>
	<tw-gaap-ci:ProceedsDisposalAvailableSaleFinancialAssets contextRef="From20110101To20110331" decimals="-3" unitRef="TWD">0</tw-gaap-ci:ProceedsDisposalAvailableSaleFinancialAssets>
	<tw-gaap-ci:ProceedsDisposalAvailableSaleFinancialAssets contextRef="From20100101To20100331" decimals="-3" unitRef="TWD">43905000</tw-gaap-ci:ProceedsDisposalAvailableSaleFinancialAssets>
	<tw-gaap-ci:AcquisitionPropertyPlantEquipment contextRef="From20110101To20110331" decimals="-3" unitRef="TWD">-9674000</tw-gaap-ci:AcquisitionPropertyPlantEquipment>
	<tw-gaap-ci:AcquisitionPropertyPlantEquipment contextRef="From20100101To20100331" decimals="-3" unitRef="TWD">-17997000</tw-gaap-ci:AcquisitionPropertyPlantEquipment>
	<tw-gaap-ci:ChangesRefundableDeposits contextRef="From20110101To20110331" decimals="-3" unitRef="TWD">-3420000</tw-gaap-ci:ChangesRefundableDeposits>
	<tw-gaap-ci:ChangesRefundableDeposits contextRef="From20100101To20100331" decimals="-3" unitRef="TWD">-7317000</tw-gaap-ci:ChangesRefundableDeposits>
	<tw-gaap-ci:NetCashProvidedUsedInvestingActivities contextRef="From20110101To20110331" decimals="-3" unitRef="TWD">-13094000</tw-gaap-ci:NetCashProvidedUsedInvestingActivities>
	<tw-gaap-ci:NetCashProvidedUsedInvestingActivities contextRef="From20100101To20100331" decimals="-3" unitRef="TWD">18591000</tw-gaap-ci:NetCashProvidedUsedInvestingActivities>
	<tw-gaap-ci:ChangesShortTermLoans contextRef="From20110101To20110331" decimals="-3" unitRef="TWD">-219195000</tw-gaap-ci:ChangesShortTermLoans>
	<tw-gaap-ci:ChangesShortTermLoans contextRef="From20100101To20100331" decimals="-3" unitRef="TWD">19508000</tw-gaap-ci:ChangesShortTermLoans>
	<tw-gaap-ci:ChangeShorttermNotesBillsPayable contextRef="From20110101To20110331" decimals="-3" unitRef="TWD">0</tw-gaap-ci:ChangeShorttermNotesBillsPayable>
	<tw-gaap-ci:ChangeShorttermNotesBillsPayable contextRef="From20100101To20100331" decimals="-3" unitRef="TWD">-80000000</tw-gaap-ci:ChangeShorttermNotesBillsPayable>
	<tw-gaap-ci:ChangesGuaranteeDepositsReceived contextRef="From20110101To20110331" decimals="-3" unitRef="TWD">-20000</tw-gaap-ci:ChangesGuaranteeDepositsReceived>
	<tw-gaap-ci:ChangesGuaranteeDepositsReceived contextRef="From20100101To20100331" decimals="-3" unitRef="TWD">50000</tw-gaap-ci:ChangesGuaranteeDepositsReceived>
	<tw-gaap-ci:NetCashProvidedUsedFinancingActivities contextRef="From20110101To20110331" decimals="-3" unitRef="TWD">-219215000</tw-gaap-ci:NetCashProvidedUsedFinancingActivities>
	<tw-gaap-ci:NetCashProvidedUsedFinancingActivities contextRef="From20100101To20100331" decimals="-3" unitRef="TWD">-60442000</tw-gaap-ci:NetCashProvidedUsedFinancingActivities>
	<tw-gaap-ci:EffectExchangeRateChanges contextRef="From20110101To20110331" decimals="-3" unitRef="TWD">693000</tw-gaap-ci:EffectExchangeRateChanges>
	<tw-gaap-ci:EffectExchangeRateChanges contextRef="From20100101To20100331" decimals="-3" unitRef="TWD">1089000</tw-gaap-ci:EffectExchangeRateChanges>
	<tw-gaap-ci:NetChangesCashCashEquivalents contextRef="From20110101To20110331" decimals="-3" unitRef="TWD">337366000</tw-gaap-ci:NetChangesCashCashEquivalents>
	<tw-gaap-ci:NetChangesCashCashEquivalents contextRef="From20100101To20100331" decimals="-3" unitRef="TWD">267457000</tw-gaap-ci:NetChangesCashCashEquivalents>
	<tw-gaap-ci:CashCashEquivalents contextRef="AsOf20110101" decimals="-3" unitRef="TWD">346889000</tw-gaap-ci:CashCashEquivalents>
	<tw-gaap-ci:CashCashEquivalents contextRef="AsOf20100101" decimals="-3" unitRef="TWD">225020000</tw-gaap-ci:CashCashEquivalents>
	<tw-gaap-ci:InterestPaid contextRef="From20110101To20110331" decimals="-3" unitRef="TWD">830000</tw-gaap-ci:InterestPaid>
	<tw-gaap-ci:InterestPaid contextRef="From20100101To20100331" decimals="-3" unitRef="TWD">839000</tw-gaap-ci:InterestPaid>
	<tw-gaap-ci:InterestPaidExcludingCapitalizedInterest contextRef="From20110101To20110331" decimals="-3" unitRef="TWD">830000</tw-gaap-ci:InterestPaidExcludingCapitalizedInterest>
	<tw-gaap-ci:InterestPaidExcludingCapitalizedInterest contextRef="From20100101To20100331" decimals="-3" unitRef="TWD">839000</tw-gaap-ci:InterestPaidExcludingCapitalizedInterest>
	<tw-gaap-ci:FinancialAssetsCarriedCostConvertibleAvailableSaleFinancialAssets contextRef="From20110101To20110331" decimals="-3" unitRef="TWD">0</tw-gaap-ci:FinancialAssetsCarriedCostConvertibleAvailableSaleFinancialAssets>
	<tw-gaap-ci:FinancialAssetsCarriedCostConvertibleAvailableSaleFinancialAssets contextRef="From20100101To20100331" decimals="-3" unitRef="TWD">84536000</tw-gaap-ci:FinancialAssetsCarriedCostConvertibleAvailableSaleFinancialAssets>
	<tw-gaap-ar:AccountantName contextRef="AsOf20110425">資誠聯合會計師事務所</tw-gaap-ar:AccountantName>
	<tw-gaap-ar:AssuranceAccountantName1 contextRef="AsOf20110425">劉子猛</tw-gaap-ar:AssuranceAccountantName1>
	<tw-gaap-ar:AssuranceAccountantName2 contextRef="AsOf20110425">林姿妤</tw-gaap-ar:AssuranceAccountantName2>
	<tw-gaap-ar:ReviewAuditDate contextRef="AsOf20110425">2011-04-25</tw-gaap-ar:ReviewAuditDate>
	<tw-gaap-ar:ReviewReport contextRef="AsOf20110425">Y</tw-gaap-ar:ReviewReport>
	<tw-gaap-ar:QualifiedOpinionAbstract contextRef="AsOf20110425">Y</tw-gaap-ar:QualifiedOpinionAbstract>
	<tw-gaap-ar:ByInvestmentCompaniesWithoutAccountantAuditReportRecognizedGainLoss contextRef="AsOf20110425">Y</tw-gaap-ar:ByInvestmentCompaniesWithoutAccountantAuditReportRecognizedGainLoss>
	<tw-gaap-ar:DescriptionEmphasizeItemBody contextRef="AsOf20110425"><![CDATA[]]></tw-gaap-ar:DescriptionEmphasizeItemBody>
	<tw-gaap-ar:DescriptionOtherItemBody contextRef="AsOf20110425"><![CDATA[]]></tw-gaap-ar:DescriptionOtherItemBody>
	<tw-gaap-ar:AccountantsReportBody contextRef="AsOf20110425"><![CDATA[
大統益股份有限公司  公鑒:
    大統益股份有限公司民國100年3月31日及民國99年3月31日之資產負債表，暨民國10
0年1月1日至3月31日及民國99年1月1日至3月31日之損益表及現金流量表，業經本會計師
核閱竣事。上開財務報表之編製係管理階層之責任，本會計師之責任則為根據核閱結果
出具報告。
    除下段所述者外，本會計師係依照中華民國審計準則公報第三十六號「財務報表之
核閱」規劃並執行核閱工作。由於本會計師僅實施分析、比較與查詢，並未依照中華民
國一般公認審計準則查核，故無法對上開財務報表之整體是否允當表達表示查核意見。
    如財務報表附註四(八)所述，大統益股份有限公司民國100年1月1日至3月31日及民
國99年1月1日至3月31日採權益法之長期股權投資，其所認列之投資收益及附註十一所揭
露事項，係依被投資公司同期自編未經會計師核閱之財務報表評價及揭露。民國100年1
月1日至3月31日及民國99年1月1日至3月31日依據該未經會計師核閱之財務報表所認列之
投資收益分別為新台幣5,365仟元及新台幣1,441仟元，且截至民國100年3月31日及民國9
9年3月31日止，其相關之長期股權投資餘額分別為新台幣238,882仟元及新台幣253,369
仟元。
    依本會計師核閱結果，除上段所述採權益法之長期股權投資，其所認列之投資收益
及附註十一所揭露事項，若能取得被投資公司同期經會計師核閱之財務報表而可能須作
適當調整之影響外，並未發現第一段所述財務報表在所有重大方面有違反「證券發行人
財務報告編製準則」、「商業會計法」、「商業會計處理準則」及中華民國一般公認會
計原則而須作修正之情事。
    
    
    大統益股份有限公司已編製民國100年度及民國99年度第1季之合併財務報表，並經
本會計師均出具保留式之核閱報告在案，備供參考。
]]></tw-gaap-ar:AccountantsReportBody>
	<tw-gaap-notes:FinancialReportNotes contextRef="From20110101To20110331"><![CDATA[http://doc.twse.com.tw/server-java/t57sb01?step=1&colorchg=1&co_id=1232&year=100&seamon=1&mtype=A&]]></tw-gaap-notes:FinancialReportNotes>
	<tw-gaap-notes:OrganizationAndOperations contextRef="From20110101To20110331"><![CDATA[　　(一)本公司係依據公司法及其他有關法令之規定，於民國71年5月24日奉准設立。經多次
　　　　增資後，截至民國100年3月31日止，額定資本總額為$1,778,000，實收資本額則為$1,
　　　　599,749，分為159,975仟股，每股金額新台幣10元。主要營業項目為動植物油脂之製造
　　　　、銷售、加工、代客買賣及其有關進出口貿易，及汽電共生廠之經營等業務。
　　(二)截至民國100年3月31日止，本公司員工人數約為140人。
　　(三)本公司股票自民國85年2月起在台灣證券交易所上市買賣。
]]></tw-gaap-notes:OrganizationAndOperations>
	<tw-gaap-notes:SummaryOfSignificantAccountingPolicies contextRef="From20110101To20110331"><![CDATA[　　本財務報表係依照「證券發行人財務報告編製準則」、「商業會計法」、「商業會計處理
　　準則」及中華民國一般公認會計原則編製。重要會計政策彙總說明如下：
　　(一)外幣交易
　　　　1.外幣交易按交易當日之即期匯率作為入帳基準，其與實際收付時之兌換差異，列為當
　　　　　期損益。
　　　　2.期末就外幣貨幣性資產或負債餘額，按資產負債表日之即期匯率評價調整，因調整而
　　　　　產生之兌換差額列為當期損益；惟與國外營運機構間具有長期投資性質之外幣墊款所
　　　　　產生之兌換差額則列為股東權益調整項目。
　　　　3.期末就外幣非貨幣性資產或負債餘額，屬依公平價值衡量且變動列入損益者，按資產
　　　　　負債表日之即期匯率評價調整，因調整而產生之兌換差額列為當期損益；屬依公平價
　　　　　值衡量且變動列入股東權益調整項目者，按資產負債表日之即期匯率評價調整，因調
　　　　　整而產生之兌換差額，列為股東權益調整項目；屬非依公平價值衡量者，則按交易日
　　　　　之歷史匯率衡量。
　　(二)資產負債區分流動與非流動之分類標準
　　　　1.資產符合下列條件之一者，列為流動資產；資產不屬於流動資產者為非流動資產：
　　　　　(1)因營業所產生之資產，預期將於正常營業週期中變現、消耗或意圖出售者。
　　　　　(2)主要為交易目的而持有者。
　　　　　(3)預期於資產負債表日後12個月內將變現者。
　　　　　(4)現金或約當現金，但於資產負債表日後逾12個月用以交換、清償負債或受有其他限
　　　　　　　制者除外。
　　　　2.負債符合下列條件之一者，列為流動負債；負債不屬於流動負債者為非流動負債：
　　　　　(1)因營業而發生之債務，預期將於正常營業週期中清償者。
　　　　　(2)主要為交易目的而發生者。
　　　　　(3)須於資產負債表日後12個月內清償者。
　　　　　(4)不能無條件延期至資產負債表日後逾12個月清償之負債。
　　(三)約當現金
　　　　1.約當現金係指同時具備下列條件之短期且具高度流動性之投資：
　　　　　(1)隨時可轉換成定額現金者。
　　　　　(2)即將到期且利率變動對其價值之影響甚少者。
　　　　2.本公司現金流量表係以現金及約當現金之基礎所編製。
　　(四)公平價值變動列入損益之金融資產與負債
　　　　1.屬權益性質者係採交易日會計；屬債務性質、受益憑證及衍生性商品者係採交割日會
　　　　　計，於原始認列時，將金融商品以公平價值衡量。
　　　　2.公平價值變動列入損益之金融資產與負債係以公平價值評價，且其價值變動列為當期
　　　　　損益。上市/上櫃股票、封閉型基金及存託憑證係以資產負債表日公開市場之收盤價為
　　　　　公平價值。開放型基金係以資產負債表日該基金淨資產價值為公平價值。
　　　　3.未符合避險會計之衍生性商品，屬選擇權交易者，於交易日以當日之公平價值認列；
　　　　　非屬選擇權交易者，於交易日認列之公平價值為零。
　　　　4.本公司指定公平價值變動列入損益之金融資產與負債者，係符合下列條件之一：
　　　　　(1)係為混合商品。
　　　　　(2)該指定可消除或重大減少衡量或認列之不一致。
　　　　　(3)係依本公司明訂之風險管理或投資策略共同管理，並以公平價值基礎評價績效目的
　　　　　　　所作之指定。
　　(五)備供出售金融資產
　　　　1.屬權益性質之投資係採交易日會計；屬債務性質之投資係採交割日會計，於原始認列
　　　　　時，將金融商品以公平價值衡量，並加計取得或發行之交易成本。
　　　　2.備供出售金融資產係以公平價值評價且其價值變動列為股東權益調整項目，累積之利
　　　　　益或損失於金融資產除列時，列入當期損益。上市/上櫃股票、封閉型基金及存託憑證
　　　　　係以資產負債表日公開市場之收盤價為公平價值。開放型基金係以資產負債表日該基
　　　　　金淨資產價值為公平價值。
　　　　3.若有減損之客觀證據，則認列減損損失。若後續期間減損金額減少，屬權益商品之減
　　　　　損減少金額，認列為股東權益調整項目；屬債務商品之減損減少金額，若明顯與認列
　　　　　減損後發生之事件有關，則予以迴轉並認列為當期損益。
　　(六)應收票據及帳款、其他應收款
　　　　1.應收票據及帳款係因出售商品或勞務而發生之債權，其他應收款係不屬於應收票據及
　　　　　帳款之其他應收款項。應收票據及帳款、其他應收款原始認列時以公平價值衡量，續
　　　　　後以有效利率法之攤銷後成本減除減損後之金額衡量。
　　　　2.本公司於資產負債表日評估是否存在客觀證據，顯示重大個別金融資產發生減損，以
　　　　　及非屬重大之個別金融資產單獨或共同發生減損。若有減損之客觀證據，則認列減損
　　　　　損失。減損金額為金融資產之帳面價值與其估計未來現金流量採原始有效利率折現之
　　　　　現值間之差額。若後續期間減損金額減少，而該減少明顯與認列減損後發生之事件有
　　　　　關，則迴轉先前認列之金融資產減損金額，該迴轉不應使金融資產帳面金額大於未認
　　　　　列減損情況下之攤銷後成本，迴轉之金額認列於當期損益。
　　(七)存  貨
　　　　存貨採永續盤存制，成本結轉按加權平均法計算，固定製造費用按生產設備之正常產能
　　　　分攤，因各期中期間產量波動所產生之成本差異，於編製期中財務報表時予以遞延。期
　　　　末存貨採成本與淨變現價值孰低衡量，比較成本與淨變現價值孰低時，採逐項比較法。
　　　　淨變現價值係指在正常情況下之估計售價減除至完工尚需投入之成本及推銷費用後之餘
　　　　額。若成本高於淨變現價值時，則提列跌價損失，列入當期營業成本；淨變現價值回升
　　　　時，則於貸方餘額範圍內沖減評價科目，並列入當期營業成本減項。
　　(八)以成本衡量之金融資產與負債
　　　　1.係採交易日會計，於原始認列時，將金融商品以公平價值衡量，並加計取得或發行之
　　　　　交易成本。
　　　　2.以成本衡量之金融資產若有減損之客觀證據，則認列減損損失，此減損金額不予迴轉
　　　　　。
　　(九)採權益法之長期股權投資
　　　　1.以取得成本為入帳基礎，成本之計算採加權平均法。持有被投資公司有表決權之股份
　　　　　比例達20%以上或具有重大影響力者，採權益法評價。
　　　　2.持有被投資公司有表決權股份比例超過50%或具有控制能力者，採權益法評價並於編
　　　　　製合併報表時，均應納入合併報表編製範疇。
　　(十)固定資產
　　　　1.以取得成本為入帳基礎。購置或建造資產達到可使用狀態前為該項資產所支出款項而
　　　　　負擔之利息則予以資本化。凡支出效益及於以後各期之重大更新、改良及大修支出作
　　　　　為資本支出，列入資產；經常性修理及維護支出則列為當期費用。
　　　　2.折舊係按估計經濟耐用年限採平均法提列。固定資產之耐用年數除機器設備為2年至
　　　　　15年外，其餘為2年至40年。
　　　　3.固定資產處分時，其成本與累計折舊分別自各相關科目沖銷，處分損益則列為當期之
　　　　　營業外收支。
　　(十一)遞延費用
　　　　　係電腦軟體成本等，以取得成本為入帳基礎，並按其估計經濟效益年數3年平均攤銷。
　　(十二)非金融資產減損
　　　　　本公司於資產負債表日針對有減損跡象之資產，估計其可回收金額，當可回收金額低
　　　　　於其帳面價值時，則認列減損損失。可回收金額係指一項資產之淨公平價值或其使用
　　　　　價值，兩者較高者。當以前年度認列資產減損之情況不再存在時，則在以前年度提列
　　　　　損失金額之範圍內予以迴轉。
　　(十三)員工退休金
　　　　　退休金辦法屬確定給付退休辦法者，係依據精算結果認列淨退休金成本，淨退休金成
　　　　　本包括當期服務成本、利息成本、退休基金資產預期報酬及未認列過渡性淨資產(淨給
　　　　　付義務)、退休金損益與前期服務成本之攤銷數。退休金辦法屬確定提撥退休辦法者，
　　　　　則依權責發生基礎將應提撥之退休基金數額認列為當期之退休金成本。
　　(十四)庫藏股票
　　　　　1.本公司於收回已發行股票作為庫藏股票時，其帳面價值按股票種類(普通股或特別股
　　　　　　)及收回原因分別加權平均計算，有關交易處理依下列方式為之：
　　　　　　　(1)收回：其屬買回者，以所支付之成本為入帳基礎；其屬接受捐贈者，則依公平價
　　　　　　　　　　　值為入帳基礎。
　　　　　　(2)處分：若處分價格高於帳面價值，其差額作為「資本公積－庫藏股票交易」科目
　　　　　　　　　　　之加項；若處分價格低於帳面價值，其差額則沖抵同種類庫藏股票交易所產生
　　　　　　　　　　　之資本公積，如有不足，再沖抵保留盈餘。
　　　　　　(3)註銷：除依帳面價值沖抵「庫藏股票」外，並按股權比例沖抵「資本公積－股票
　　　　　　　　　　　發行溢價」與「股本」。庫藏股票之帳面價值如高於面值與股票發行溢價之合
　　　　　　　　　　　計數時，其差額沖抵同種類庫藏股票所產生之資本公積，如有不足，再作為「
　　　　　　　　　　　保留盈餘」之減項；庫藏股票之帳面價值如低於面值與股票發行溢價之合計數
　　　　　　　　　　　，其差額則作為同種類庫藏股票交易所產生之資本公積之加項。
　　　　　2.依財務會計準則公報第30號「庫藏股票會計處理準則」之規定，自民國91年1月1日
　　　　　　起，子公司持有本公司股票視同庫藏股票處理。
　　(十五)所 得 稅
　　　　　1.依財務會計準則公報第22號「所得稅之會計處理準則」之規定，對所得稅之計算作
　　　　　　跨期間與同期間之所得稅分攤，將暫時性差異、虧損扣抵及所得稅抵減所產生之所得
　　　　　　稅影響數認列為遞延所得稅資產或負債
　　　　　　，同時將遞延所得稅資產或負債依據其所屬資產負債科目性質或預期實現期間之長短
　　　　　　，劃分為流動或非流動項目估列入帳，並評估其遞延所得稅資產之可實現性，設置備
　　　　　　抵評價科目，以淨額帳列於資產負債表。當稅法修正時，於公布日之年度按新規定將
　　　　　　遞延所得稅資產或負債重新計算，因而產生之遞延所得稅資產或負債之變動影響數，
　　　　　　列入當期繼續營業單位之所得稅費用(利益)。以前年度溢、低估之所得稅，列為當年
　　　　　　度所得稅費用之調整項目。
　　　　　2.所得稅抵減係依財務會計準則公報第12號「所得稅抵減之會計處理準則」之規定處
　　　　　　理，因購置設備或技術、研究發展及股權投資等所產生之所得稅抵減採當期認列法處
　　　　　　理。
　　　　　3.本公司自民國87年度「兩稅合一制度」實施後，未分配盈餘加徵10%之營利事業所得
　　　　　　稅部份，列為股東會決議年度之所得稅費用。
　　　　　4.自民國95年1月1日起施行「所得基本稅額條例」，依前開條例規定計算之一般所得
　　　　　　稅額高於或等於基本稅額者，則當年度應繳納之所得稅，應按所得稅法及其他相關法
　　　　　　令規定計算認定之；反之，一般所得稅額低於基本稅額者，其應繳納之所得稅，除按
　　　　　　所得稅法及其他相關法律計算認定外，應另就基本稅額與一般所得稅額之差額認定之
　　　　　　。前開差額，不得以其他法律規定之投資抵減稅額減除之。
　　(十六)員工分紅及董監酬勞
　　　　　自民國97年1月1日起，本公司員工分紅及董監酬勞成本，依民國96年3月16日財團法人
　　　　　中華民國會計研究發展基金會(96)基秘字第052號函「員工分紅及董監酬勞會計處理」
　　　　　之規定，於具法律義務或推定義務且金額可合理估計時，認列為費用及負債。嗣後股
　　　　　東會決議實際配發金額與估列金額有差異時，則列為次年度之損益。另依民國97年3月
　　　　　31日財團法人中華民國會計研究發展基金會(97)基秘字第127號函「上市上櫃公司員工
　　　　　分紅股數計算基準」，本公司以財務報告年度之次年度股東會決議日前一日之每股公
　　　　　平價值(收盤價)，並考慮除權除息影響後之金額，計算員工股票紅利之股數。
　　(十七)會計估計
　　　　　本公司於編製財務報表時，業已依照一般公認會計原則之規定，對財務報表所列金額
　　　　　及或有事項，作必要之衡量、評估與揭露，其中包括若干假設及估計之採用，惟該等
　　　　　假設及估計與實際結果可能存有差異。
　　(十八)收入、成本及費用
　　　　　收入於獲利過程大部份已完成，且已實現或可實現時認列。相關成本配合收入於發生
　　　　　時承認。費用則依權責發生制於發生時認列為當期費用。
　　(十九)交割日會計
　　　　　採用交割日會計時，對於交易日及交割日與資產負債表日間公平價值之變動，屬以成
　　　　　本或攤銷後成本衡量者不予認列；屬以公平價值衡量且公平價值變動認列為損益者，
　　　　　認列為當期損益；屬備供出售者則認列為股東權益調整項目。
　　(二十)營運部門
　　　　　1.本公司營運部門資訊與提供給營運決策者之內部管理報告採一致之方式報導。營運
　　　　　　決策者負責分配資源予營運部門並評估其績效。
　　　　　2.本公司依財務會計準則公報第41號「營運部門資訊之揭露」於合併財務報表揭露部
　　　　　　門資訊，而不於個別財務報表揭露部門資訊。
]]></tw-gaap-notes:SummaryOfSignificantAccountingPolicies>
	<tw-gaap-notes:ChangesInAccountingPrinciples contextRef="From20110101To20110331"><![CDATA[　　(一)應收票據及帳款、其他應收款
　　　　本公司自民國100年1月1日起，採用新修訂之財務會計準則公報第34號「金融商品之會
　　　　計處理準則」，就應收票據及帳款、其他應收款等各項債權，於有減損之客觀證據時認
　　　　列減損(呆帳)損失，此項會計原則變動對本公司民國100年度第1季之財務報表並無重大
　　　　影響。
　　(二)營運部門
　　　　本公司自民國100年1月1日起，採用新發布之財務會計準則公報第41號「營運部門資訊
　　　　之揭露」，以取代原財務會計準則公報第20號「部門別財務資訊之揭露」，本公司於首
　　　　次適用時，並依公報規定重編前一年度之部門資訊。此項會計原則變動並不影響民國1
　　　　00及99年度第1季之淨利及每股盈餘。
]]></tw-gaap-notes:ChangesInAccountingPrinciples>
</xbrl>

<!--This instance document is created by SIIAP V1.4.5-->
