<?xml version="1.0" encoding="UTF-8"?>
<xbrl xmlns="http://www.xbrl.org/2003/instance" xmlns:iso4217="http://www.xbrl.org/2003/iso4217" xmlns:link="http://www.xbrl.org/2003/linkbase" xmlns:tw-gaap-ar="http://www.xbrl.org/tw/fr/gaap/ar/2010-12-31" xmlns:tw-gaap-ci="http://www.xbrl.org/tw/fr/gaap/tw-gaap-ci-2010-12-31" xmlns:tw-gaap-notes="http://www.xbrl.org/tw/fr/gaap/notes/2010-12-31" xmlns:xbrldi="http://xbrl.org/2006/xbrldi" xmlns:xbrldt="http://xbrl.org/2005/xbrldt" xmlns:xbrli="http://www.xbrl.org/2003/instance" xmlns:xlink="http://www.w3.org/1999/xlink">
	<link:schemaRef xlink:arcrole="http://www.w3.org/1999/xlink/properties/linkbase" xlink:href="tw-gaap-ci-2010-12-31.xsd" xlink:type="simple"/>	<context id="AsOf20110425">
		<entity>
			<identifier scheme="http://www.twse.com.tw">1218</identifier>
		</entity>
		<period>
			<instant>2011-04-25</instant>
		</period>
	</context>
	<context id="AsOf20100101">
		<entity>
			<identifier scheme="http://www.twse.com.tw">1218</identifier>
		</entity>
		<period>
			<instant>2010-01-01</instant>
		</period>
	</context>
	<context id="AsOf20110101">
		<entity>
			<identifier scheme="http://www.twse.com.tw">1218</identifier>
		</entity>
		<period>
			<instant>2011-01-01</instant>
		</period>
	</context>
	<context id="From20100101To20100331">
		<entity>
			<identifier scheme="http://www.twse.com.tw">1218</identifier>
		</entity>
		<period>
			<startDate>2010-01-01</startDate>
			<endDate>2010-03-31</endDate>
		</period>
	</context>
	<context id="AsOf20100331">
		<entity>
			<identifier scheme="http://www.twse.com.tw">1218</identifier>
		</entity>
		<period>
			<instant>2010-03-31</instant>
		</period>
	</context>
	<context id="From20110101To20110331">
		<entity>
			<identifier scheme="http://www.twse.com.tw">1218</identifier>
		</entity>
		<period>
			<startDate>2011-01-01</startDate>
			<endDate>2011-03-31</endDate>
		</period>
	</context>
	<context id="AsOf20110331">
		<entity>
			<identifier scheme="http://www.twse.com.tw">1218</identifier>
		</entity>
		<period>
			<instant>2011-03-31</instant>
		</period>
	</context>
	<unit id="TWD">
		<measure>iso4217:TWD</measure>
	</unit>
	<unit id="Shares">
		<measure>xbrli:shares</measure>
	</unit>
	<unit id="EarningsPerShare">
		<divide>
			<unitNumerator>
				<measure>iso4217:TWD</measure>
			</unitNumerator>
			<unitDenominator>
				<measure>xbrli:shares</measure>
			</unitDenominator>
		</divide>
	</unit>
	<tw-gaap-ci:CashHand contextRef="AsOf20110331" decimals="-3" unitRef="TWD">297000</tw-gaap-ci:CashHand>
	<tw-gaap-ci:CashHand contextRef="AsOf20100331" decimals="-3" unitRef="TWD">357000</tw-gaap-ci:CashHand>
	<tw-gaap-ci:CashBanks contextRef="AsOf20110331" decimals="-3" unitRef="TWD">250625000</tw-gaap-ci:CashBanks>
	<tw-gaap-ci:CashBanks contextRef="AsOf20100331" decimals="-3" unitRef="TWD">299565000</tw-gaap-ci:CashBanks>
	<tw-gaap-ci:CashCashEquivalents contextRef="AsOf20110331" decimals="-3" unitRef="TWD">250922000</tw-gaap-ci:CashCashEquivalents>
	<tw-gaap-ci:CashCashEquivalents contextRef="AsOf20100331" decimals="-3" unitRef="TWD">299922000</tw-gaap-ci:CashCashEquivalents>
	<tw-gaap-ci:FinancialAssetsMeasuredFairValueProfitLossCurrent contextRef="AsOf20110331" decimals="-3" unitRef="TWD">8502000</tw-gaap-ci:FinancialAssetsMeasuredFairValueProfitLossCurrent>
	<tw-gaap-ci:FinancialAssetsMeasuredFairValueProfitLossCurrent contextRef="AsOf20100331" decimals="-3" unitRef="TWD">7641000</tw-gaap-ci:FinancialAssetsMeasuredFairValueProfitLossCurrent>
	<tw-gaap-ci:AvailableSaleFinancialAssetsCurrent contextRef="AsOf20110331" decimals="-3" unitRef="TWD">443990000</tw-gaap-ci:AvailableSaleFinancialAssetsCurrent>
	<tw-gaap-ci:AvailableSaleFinancialAssetsCurrent contextRef="AsOf20100331" decimals="-3" unitRef="TWD">191367000</tw-gaap-ci:AvailableSaleFinancialAssetsCurrent>
	<tw-gaap-ci:NotesReceivable contextRef="AsOf20110331" decimals="-3" unitRef="TWD">174245000</tw-gaap-ci:NotesReceivable>
	<tw-gaap-ci:NotesReceivable contextRef="AsOf20100331" decimals="-3" unitRef="TWD">155239000</tw-gaap-ci:NotesReceivable>
	<tw-gaap-ci:NetNotesReceivable contextRef="AsOf20110331" decimals="-3" unitRef="TWD">174245000</tw-gaap-ci:NetNotesReceivable>
	<tw-gaap-ci:NetNotesReceivable contextRef="AsOf20100331" decimals="-3" unitRef="TWD">155239000</tw-gaap-ci:NetNotesReceivable>
	<tw-gaap-ci:NotesReceivableRelatedParties contextRef="AsOf20110331" decimals="-3" unitRef="TWD">409240000</tw-gaap-ci:NotesReceivableRelatedParties>
	<tw-gaap-ci:NotesReceivableRelatedParties contextRef="AsOf20100331" decimals="-3" unitRef="TWD">374343000</tw-gaap-ci:NotesReceivableRelatedParties>
	<tw-gaap-ci:NetNotesReceivableRelatedParties contextRef="AsOf20110331" decimals="-3" unitRef="TWD">409240000</tw-gaap-ci:NetNotesReceivableRelatedParties>
	<tw-gaap-ci:NetNotesReceivableRelatedParties contextRef="AsOf20100331" decimals="-3" unitRef="TWD">374343000</tw-gaap-ci:NetNotesReceivableRelatedParties>
	<tw-gaap-ci:AccountsReceivable contextRef="AsOf20110331" decimals="-3" unitRef="TWD">470439000</tw-gaap-ci:AccountsReceivable>
	<tw-gaap-ci:AccountsReceivable contextRef="AsOf20100331" decimals="-3" unitRef="TWD">393843000</tw-gaap-ci:AccountsReceivable>
	<tw-gaap-ci:AllowanceDoubtfulAccountsAccountsReceivableInstallmentAccountsLeases contextRef="AsOf20110331" decimals="-3" unitRef="TWD">84974000</tw-gaap-ci:AllowanceDoubtfulAccountsAccountsReceivableInstallmentAccountsLeases>
	<tw-gaap-ci:AllowanceDoubtfulAccountsAccountsReceivableInstallmentAccountsLeases contextRef="AsOf20100331" decimals="-3" unitRef="TWD">84974000</tw-gaap-ci:AllowanceDoubtfulAccountsAccountsReceivableInstallmentAccountsLeases>
	<tw-gaap-ci:NetAccountsReceivable contextRef="AsOf20110331" decimals="-3" unitRef="TWD">385465000</tw-gaap-ci:NetAccountsReceivable>
	<tw-gaap-ci:NetAccountsReceivable contextRef="AsOf20100331" decimals="-3" unitRef="TWD">308869000</tw-gaap-ci:NetAccountsReceivable>
	<tw-gaap-ci:AccountsReceivableRelatedParties contextRef="AsOf20110331" decimals="-3" unitRef="TWD">246749000</tw-gaap-ci:AccountsReceivableRelatedParties>
	<tw-gaap-ci:AccountsReceivableRelatedParties contextRef="AsOf20100331" decimals="-3" unitRef="TWD">285645000</tw-gaap-ci:AccountsReceivableRelatedParties>
	<tw-gaap-ci:NetAccountsReceivableRelatedParties contextRef="AsOf20110331" decimals="-3" unitRef="TWD">246749000</tw-gaap-ci:NetAccountsReceivableRelatedParties>
	<tw-gaap-ci:NetAccountsReceivableRelatedParties contextRef="AsOf20100331" decimals="-3" unitRef="TWD">285645000</tw-gaap-ci:NetAccountsReceivableRelatedParties>
	<tw-gaap-ci:OtherFinancialAssetsCurrent contextRef="AsOf20110331" decimals="-3" unitRef="TWD">5798000</tw-gaap-ci:OtherFinancialAssetsCurrent>
	<tw-gaap-ci:OtherFinancialAssetsCurrent contextRef="AsOf20100331" decimals="-3" unitRef="TWD">5899000</tw-gaap-ci:OtherFinancialAssetsCurrent>
	<tw-gaap-ci:FinishedGoods contextRef="AsOf20110331" decimals="-3" unitRef="TWD">302215000</tw-gaap-ci:FinishedGoods>
	<tw-gaap-ci:FinishedGoods contextRef="AsOf20100331" decimals="-3" unitRef="TWD">264757000</tw-gaap-ci:FinishedGoods>
	<tw-gaap-ci:RawMaterials contextRef="AsOf20110331" decimals="-3" unitRef="TWD">392053000</tw-gaap-ci:RawMaterials>
	<tw-gaap-ci:RawMaterials contextRef="AsOf20100331" decimals="-3" unitRef="TWD">349289000</tw-gaap-ci:RawMaterials>
	<tw-gaap-ci:Supplies_Manufacturing contextRef="AsOf20110331" decimals="-3" unitRef="TWD">23850000</tw-gaap-ci:Supplies_Manufacturing>
	<tw-gaap-ci:Supplies_Manufacturing contextRef="AsOf20100331" decimals="-3" unitRef="TWD">22879000</tw-gaap-ci:Supplies_Manufacturing>
	<tw-gaap-ci:AllowanceInventoryValuationObsolescenceLosses_Manufacturing contextRef="AsOf20110331" decimals="-3" unitRef="TWD">9281000</tw-gaap-ci:AllowanceInventoryValuationObsolescenceLosses_Manufacturing>
	<tw-gaap-ci:AllowanceInventoryValuationObsolescenceLosses_Manufacturing contextRef="AsOf20100331" decimals="-3" unitRef="TWD">14200000</tw-gaap-ci:AllowanceInventoryValuationObsolescenceLosses_Manufacturing>
	<tw-gaap-ci:InventoriesManufacturing contextRef="AsOf20110331" decimals="-3" unitRef="TWD">708837000</tw-gaap-ci:InventoriesManufacturing>
	<tw-gaap-ci:InventoriesManufacturing contextRef="AsOf20100331" decimals="-3" unitRef="TWD">622725000</tw-gaap-ci:InventoriesManufacturing>
	<tw-gaap-ci:BuildingsLandHeldSale contextRef="AsOf20110331" decimals="-3" unitRef="TWD">3932000</tw-gaap-ci:BuildingsLandHeldSale>
	<tw-gaap-ci:BuildingsLandHeldSale contextRef="AsOf20100331" decimals="-3" unitRef="TWD">6928000</tw-gaap-ci:BuildingsLandHeldSale>
	<tw-gaap-ci:ConstructionProcess contextRef="AsOf20110331" decimals="-3" unitRef="TWD">26336000</tw-gaap-ci:ConstructionProcess>
	<tw-gaap-ci:ConstructionProcess contextRef="AsOf20100331" decimals="-3" unitRef="TWD">48808000</tw-gaap-ci:ConstructionProcess>
	<tw-gaap-ci:InventoriesConstructionBusiness contextRef="AsOf20110331" decimals="-3" unitRef="TWD">30268000</tw-gaap-ci:InventoriesConstructionBusiness>
	<tw-gaap-ci:InventoriesConstructionBusiness contextRef="AsOf20100331" decimals="-3" unitRef="TWD">55736000</tw-gaap-ci:InventoriesConstructionBusiness>
	<tw-gaap-ci:Inventories contextRef="AsOf20110331" decimals="-3" unitRef="TWD">739105000</tw-gaap-ci:Inventories>
	<tw-gaap-ci:Inventories contextRef="AsOf20100331" decimals="-3" unitRef="TWD">678461000</tw-gaap-ci:Inventories>
	<tw-gaap-ci:PrepaymentPurchases contextRef="AsOf20110331" decimals="-3" unitRef="TWD">385821000</tw-gaap-ci:PrepaymentPurchases>
	<tw-gaap-ci:PrepaymentPurchases contextRef="AsOf20100331" decimals="-3" unitRef="TWD">296053000</tw-gaap-ci:PrepaymentPurchases>
	<tw-gaap-ci:OtherPrepayments contextRef="AsOf20110331" decimals="-3" unitRef="TWD">385821000</tw-gaap-ci:OtherPrepayments>
	<tw-gaap-ci:OtherPrepayments contextRef="AsOf20100331" decimals="-3" unitRef="TWD">296053000</tw-gaap-ci:OtherPrepayments>
	<tw-gaap-ci:OtherCurrentAssets contextRef="AsOf20110331" decimals="-3" unitRef="TWD">35454000</tw-gaap-ci:OtherCurrentAssets>
	<tw-gaap-ci:OtherCurrentAssets contextRef="AsOf20100331" decimals="-3" unitRef="TWD">12071000</tw-gaap-ci:OtherCurrentAssets>
	<tw-gaap-ci:CurrentAssets contextRef="AsOf20110331" decimals="-3" unitRef="TWD">3085291000</tw-gaap-ci:CurrentAssets>
	<tw-gaap-ci:CurrentAssets contextRef="AsOf20100331" decimals="-3" unitRef="TWD">2615510000</tw-gaap-ci:CurrentAssets>
	<tw-gaap-ci:AvailableSaleFinancialAssets-NonCurrent contextRef="AsOf20110331" decimals="-3" unitRef="TWD">0</tw-gaap-ci:AvailableSaleFinancialAssets-NonCurrent>
	<tw-gaap-ci:AvailableSaleFinancialAssets-NonCurrent contextRef="AsOf20100331" decimals="-3" unitRef="TWD">41977000</tw-gaap-ci:AvailableSaleFinancialAssets-NonCurrent>
	<tw-gaap-ci:AvailablesaleFinancialAssetsNonCurrent contextRef="AsOf20110331" decimals="-3" unitRef="TWD">0</tw-gaap-ci:AvailablesaleFinancialAssetsNonCurrent>
	<tw-gaap-ci:AvailablesaleFinancialAssetsNonCurrent contextRef="AsOf20100331" decimals="-3" unitRef="TWD">41977000</tw-gaap-ci:AvailablesaleFinancialAssetsNonCurrent>
	<tw-gaap-ci:FinancialAssetsCarriedCostNoncurrent contextRef="AsOf20110331" decimals="-3" unitRef="TWD">30983000</tw-gaap-ci:FinancialAssetsCarriedCostNoncurrent>
	<tw-gaap-ci:FinancialAssetsCarriedCostNoncurrent contextRef="AsOf20100331" decimals="-3" unitRef="TWD">46367000</tw-gaap-ci:FinancialAssetsCarriedCostNoncurrent>
	<tw-gaap-ci:NetFinancialAssetsCarriedCostNonCurrent contextRef="AsOf20110331" decimals="-3" unitRef="TWD">30983000</tw-gaap-ci:NetFinancialAssetsCarriedCostNonCurrent>
	<tw-gaap-ci:NetFinancialAssetsCarriedCostNonCurrent contextRef="AsOf20100331" decimals="-3" unitRef="TWD">46367000</tw-gaap-ci:NetFinancialAssetsCarriedCostNonCurrent>
	<tw-gaap-ci:LongtermInvestmentsEquity contextRef="AsOf20110331" decimals="-3" unitRef="TWD">2717198000</tw-gaap-ci:LongtermInvestmentsEquity>
	<tw-gaap-ci:LongtermInvestmentsEquity contextRef="AsOf20100331" decimals="-3" unitRef="TWD">2615662000</tw-gaap-ci:LongtermInvestmentsEquity>
	<tw-gaap-ci:LongtermInvestments contextRef="AsOf20110331" decimals="-3" unitRef="TWD">2717198000</tw-gaap-ci:LongtermInvestments>
	<tw-gaap-ci:LongtermInvestments contextRef="AsOf20100331" decimals="-3" unitRef="TWD">2615662000</tw-gaap-ci:LongtermInvestments>
	<tw-gaap-ci:OtherFinancialAssetsNonCurrent contextRef="AsOf20110331" decimals="-3" unitRef="TWD">7009000</tw-gaap-ci:OtherFinancialAssetsNonCurrent>
	<tw-gaap-ci:OtherFinancialAssetsNonCurrent contextRef="AsOf20100331" decimals="-3" unitRef="TWD">6255000</tw-gaap-ci:OtherFinancialAssetsNonCurrent>
	<tw-gaap-ci:AccumulatedImpairmentInvestments contextRef="AsOf20110331" decimals="-3" unitRef="TWD">95491000</tw-gaap-ci:AccumulatedImpairmentInvestments>
	<tw-gaap-ci:AccumulatedImpairmentInvestments contextRef="AsOf20100331" decimals="-3" unitRef="TWD">95491000</tw-gaap-ci:AccumulatedImpairmentInvestments>
	<tw-gaap-ci:FundsInvestments contextRef="AsOf20110331" decimals="-3" unitRef="TWD">2659699000</tw-gaap-ci:FundsInvestments>
	<tw-gaap-ci:FundsInvestments contextRef="AsOf20100331" decimals="-3" unitRef="TWD">2614770000</tw-gaap-ci:FundsInvestments>
	<tw-gaap-ci:Land contextRef="AsOf20110331" decimals="-3" unitRef="TWD">666526000</tw-gaap-ci:Land>
	<tw-gaap-ci:Land contextRef="AsOf20100331" decimals="-3" unitRef="TWD">666526000</tw-gaap-ci:Land>
	<tw-gaap-ci:BuildingsStructures contextRef="AsOf20110331" decimals="-3" unitRef="TWD">586650000</tw-gaap-ci:BuildingsStructures>
	<tw-gaap-ci:BuildingsStructures contextRef="AsOf20100331" decimals="-3" unitRef="TWD">579543000</tw-gaap-ci:BuildingsStructures>
	<tw-gaap-ci:MachineryEquipment contextRef="AsOf20110331" decimals="-3" unitRef="TWD">985604000</tw-gaap-ci:MachineryEquipment>
	<tw-gaap-ci:MachineryEquipment contextRef="AsOf20100331" decimals="-3" unitRef="TWD">940449000</tw-gaap-ci:MachineryEquipment>
	<tw-gaap-ci:TransportationEquipment contextRef="AsOf20110331" decimals="-3" unitRef="TWD">24616000</tw-gaap-ci:TransportationEquipment>
	<tw-gaap-ci:TransportationEquipment contextRef="AsOf20100331" decimals="-3" unitRef="TWD">27016000</tw-gaap-ci:TransportationEquipment>
	<tw-gaap-ci:MaintenanceEquipmentTools contextRef="AsOf20110331" decimals="-3" unitRef="TWD">30533000</tw-gaap-ci:MaintenanceEquipmentTools>
	<tw-gaap-ci:MaintenanceEquipmentTools contextRef="AsOf20100331" decimals="-3" unitRef="TWD">28933000</tw-gaap-ci:MaintenanceEquipmentTools>
	<tw-gaap-ci:RentalAssetsLand contextRef="AsOf20110331" decimals="-3" unitRef="TWD">326875000</tw-gaap-ci:RentalAssetsLand>
	<tw-gaap-ci:RentalAssetsLand contextRef="AsOf20100331" decimals="-3" unitRef="TWD">332709000</tw-gaap-ci:RentalAssetsLand>
	<tw-gaap-ci:OtherFacilities contextRef="AsOf20110331" decimals="-3" unitRef="TWD">81396000</tw-gaap-ci:OtherFacilities>
	<tw-gaap-ci:OtherFacilities contextRef="AsOf20100331" decimals="-3" unitRef="TWD">75070000</tw-gaap-ci:OtherFacilities>
	<tw-gaap-ci:FixedAssetsOriginalCosts contextRef="AsOf20110331" decimals="-3" unitRef="TWD">2702200000</tw-gaap-ci:FixedAssetsOriginalCosts>
	<tw-gaap-ci:FixedAssetsOriginalCosts contextRef="AsOf20100331" decimals="-3" unitRef="TWD">2650246000</tw-gaap-ci:FixedAssetsOriginalCosts>
	<tw-gaap-ci:LandRevaluationIncrement contextRef="AsOf20110331" decimals="-3" unitRef="TWD">684263000</tw-gaap-ci:LandRevaluationIncrement>
	<tw-gaap-ci:LandRevaluationIncrement contextRef="AsOf20100331" decimals="-3" unitRef="TWD">684263000</tw-gaap-ci:LandRevaluationIncrement>
	<tw-gaap-ci:LandImprovementsRevaluationIncrement contextRef="AsOf20110331" decimals="-3" unitRef="TWD">13693000</tw-gaap-ci:LandImprovementsRevaluationIncrement>
	<tw-gaap-ci:LandImprovementsRevaluationIncrement contextRef="AsOf20100331" decimals="-3" unitRef="TWD">13693000</tw-gaap-ci:LandImprovementsRevaluationIncrement>
	<tw-gaap-ci:TransportationEquipmentRevaluationIncrement contextRef="AsOf20110331" decimals="-3" unitRef="TWD">164000</tw-gaap-ci:TransportationEquipmentRevaluationIncrement>
	<tw-gaap-ci:TransportationEquipmentRevaluationIncrement contextRef="AsOf20100331" decimals="-3" unitRef="TWD">164000</tw-gaap-ci:TransportationEquipmentRevaluationIncrement>
	<tw-gaap-ci:RentalAssetsRevaluationIncrement contextRef="AsOf20110331" decimals="-3" unitRef="TWD">63530000</tw-gaap-ci:RentalAssetsRevaluationIncrement>
	<tw-gaap-ci:RentalAssetsRevaluationIncrement contextRef="AsOf20100331" decimals="-3" unitRef="TWD">63530000</tw-gaap-ci:RentalAssetsRevaluationIncrement>
	<tw-gaap-ci:RevaluationIncrement contextRef="AsOf20110331" decimals="-3" unitRef="TWD">761650000</tw-gaap-ci:RevaluationIncrement>
	<tw-gaap-ci:RevaluationIncrement contextRef="AsOf20100331" decimals="-3" unitRef="TWD">761650000</tw-gaap-ci:RevaluationIncrement>
	<tw-gaap-ci:CostsRevaluationIncrement contextRef="AsOf20110331" decimals="-3" unitRef="TWD">3463850000</tw-gaap-ci:CostsRevaluationIncrement>
	<tw-gaap-ci:CostsRevaluationIncrement contextRef="AsOf20100331" decimals="-3" unitRef="TWD">3411896000</tw-gaap-ci:CostsRevaluationIncrement>
	<tw-gaap-ci:AccumulateddepreciationBuildingsStructures contextRef="AsOf20110331" decimals="-3" unitRef="TWD">331058000</tw-gaap-ci:AccumulateddepreciationBuildingsStructures>
	<tw-gaap-ci:AccumulateddepreciationBuildingsStructures contextRef="AsOf20100331" decimals="-3" unitRef="TWD">315289000</tw-gaap-ci:AccumulateddepreciationBuildingsStructures>
	<tw-gaap-ci:AccumulatedDepreciationMachineryEquipment contextRef="AsOf20110331" decimals="-3" unitRef="TWD">793242000</tw-gaap-ci:AccumulatedDepreciationMachineryEquipment>
	<tw-gaap-ci:AccumulatedDepreciationMachineryEquipment contextRef="AsOf20100331" decimals="-3" unitRef="TWD">765751000</tw-gaap-ci:AccumulatedDepreciationMachineryEquipment>
	<tw-gaap-ci:AccumulatedDepreciationTransportationEquipment contextRef="AsOf20110331" decimals="-3" unitRef="TWD">20749000</tw-gaap-ci:AccumulatedDepreciationTransportationEquipment>
	<tw-gaap-ci:AccumulatedDepreciationTransportationEquipment contextRef="AsOf20100331" decimals="-3" unitRef="TWD">22821000</tw-gaap-ci:AccumulatedDepreciationTransportationEquipment>
	<tw-gaap-ci:AccumulatedDepreciationBusinessFacilities contextRef="AsOf20110331" decimals="-3" unitRef="TWD">20839000</tw-gaap-ci:AccumulatedDepreciationBusinessFacilities>
	<tw-gaap-ci:AccumulatedDepreciationBusinessFacilities contextRef="AsOf20100331" decimals="-3" unitRef="TWD">19746000</tw-gaap-ci:AccumulatedDepreciationBusinessFacilities>
	<tw-gaap-ci:AccumulatedDepreciationRentalAssets contextRef="AsOf20110331" decimals="-3" unitRef="TWD">115070000</tw-gaap-ci:AccumulatedDepreciationRentalAssets>
	<tw-gaap-ci:AccumulatedDepreciationRentalAssets contextRef="AsOf20100331" decimals="-3" unitRef="TWD">110038000</tw-gaap-ci:AccumulatedDepreciationRentalAssets>
	<tw-gaap-ci:AccumulatedDepreciationOtherFacilities contextRef="AsOf20110331" decimals="-3" unitRef="TWD">62059000</tw-gaap-ci:AccumulatedDepreciationOtherFacilities>
	<tw-gaap-ci:AccumulatedDepreciationOtherFacilities contextRef="AsOf20100331" decimals="-3" unitRef="TWD">54448000</tw-gaap-ci:AccumulatedDepreciationOtherFacilities>
	<tw-gaap-ci:AccumulatedDepreciation contextRef="AsOf20110331" decimals="-3" unitRef="TWD">1343017000</tw-gaap-ci:AccumulatedDepreciation>
	<tw-gaap-ci:AccumulatedDepreciation contextRef="AsOf20100331" decimals="-3" unitRef="TWD">1288093000</tw-gaap-ci:AccumulatedDepreciation>
	<tw-gaap-ci:UnfinishedConstruction contextRef="AsOf20110331" decimals="-3" unitRef="TWD">9458000</tw-gaap-ci:UnfinishedConstruction>
	<tw-gaap-ci:UnfinishedConstruction contextRef="AsOf20100331" decimals="-3" unitRef="TWD">500000</tw-gaap-ci:UnfinishedConstruction>
	<tw-gaap-ci:PrepaymentsBusinessFacilities contextRef="AsOf20110331" decimals="-3" unitRef="TWD">41457000</tw-gaap-ci:PrepaymentsBusinessFacilities>
	<tw-gaap-ci:PrepaymentsBusinessFacilities contextRef="AsOf20100331" decimals="-3" unitRef="TWD">56421000</tw-gaap-ci:PrepaymentsBusinessFacilities>
	<tw-gaap-ci:ConstructionProcessPrepaymentEquipments contextRef="AsOf20110331" decimals="-3" unitRef="TWD">50915000</tw-gaap-ci:ConstructionProcessPrepaymentEquipments>
	<tw-gaap-ci:ConstructionProcessPrepaymentEquipments contextRef="AsOf20100331" decimals="-3" unitRef="TWD">56921000</tw-gaap-ci:ConstructionProcessPrepaymentEquipments>
	<tw-gaap-ci:FixedAssets contextRef="AsOf20110331" decimals="-3" unitRef="TWD">2171748000</tw-gaap-ci:FixedAssets>
	<tw-gaap-ci:FixedAssets contextRef="AsOf20100331" decimals="-3" unitRef="TWD">2180724000</tw-gaap-ci:FixedAssets>
	<tw-gaap-ci:DeferredPensionCost contextRef="AsOf20110331" decimals="-3" unitRef="TWD">3273000</tw-gaap-ci:DeferredPensionCost>
	<tw-gaap-ci:DeferredPensionCost contextRef="AsOf20100331" decimals="-3" unitRef="TWD">0</tw-gaap-ci:DeferredPensionCost>
	<tw-gaap-ci:IntangibleAssets contextRef="AsOf20110331" decimals="-3" unitRef="TWD">3273000</tw-gaap-ci:IntangibleAssets>
	<tw-gaap-ci:IntangibleAssets contextRef="AsOf20100331" decimals="-3" unitRef="TWD">0</tw-gaap-ci:IntangibleAssets>
	<tw-gaap-ci:NetRentalAssets contextRef="AsOf20110331" decimals="-3" unitRef="TWD">4590000</tw-gaap-ci:NetRentalAssets>
	<tw-gaap-ci:NetRentalAssets contextRef="AsOf20100331" decimals="-3" unitRef="TWD">4590000</tw-gaap-ci:NetRentalAssets>
	<tw-gaap-ci:IdledAssets contextRef="AsOf20110331" decimals="-3" unitRef="TWD">4854000</tw-gaap-ci:IdledAssets>
	<tw-gaap-ci:IdledAssets contextRef="AsOf20100331" decimals="-3" unitRef="TWD">7224000</tw-gaap-ci:IdledAssets>
	<tw-gaap-ci:NetIdledAssets contextRef="AsOf20110331" decimals="-3" unitRef="TWD">4854000</tw-gaap-ci:NetIdledAssets>
	<tw-gaap-ci:NetIdledAssets contextRef="AsOf20100331" decimals="-3" unitRef="TWD">7224000</tw-gaap-ci:NetIdledAssets>
	<tw-gaap-ci:DeferredIncomeTaxAssetsNonCurrent contextRef="AsOf20110331" decimals="-3" unitRef="TWD">55528000</tw-gaap-ci:DeferredIncomeTaxAssetsNonCurrent>
	<tw-gaap-ci:DeferredIncomeTaxAssetsNonCurrent contextRef="AsOf20100331" decimals="-3" unitRef="TWD">70452000</tw-gaap-ci:DeferredIncomeTaxAssetsNonCurrent>
	<tw-gaap-ci:AccumulatedImpairmentOtherAssets contextRef="AsOf20110331" decimals="-3" unitRef="TWD">4019000</tw-gaap-ci:AccumulatedImpairmentOtherAssets>
	<tw-gaap-ci:AccumulatedImpairmentOtherAssets contextRef="AsOf20100331" decimals="-3" unitRef="TWD">4019000</tw-gaap-ci:AccumulatedImpairmentOtherAssets>
	<tw-gaap-ci:OtherAssets contextRef="AsOf20110331" decimals="-3" unitRef="TWD">60953000</tw-gaap-ci:OtherAssets>
	<tw-gaap-ci:OtherAssets contextRef="AsOf20100331" decimals="-3" unitRef="TWD">78247000</tw-gaap-ci:OtherAssets>
	<tw-gaap-ci:Assets contextRef="AsOf20110331" decimals="-3" unitRef="TWD">7980964000</tw-gaap-ci:Assets>
	<tw-gaap-ci:Assets contextRef="AsOf20100331" decimals="-3" unitRef="TWD">7489251000</tw-gaap-ci:Assets>
	<tw-gaap-ci:ShortTermBorrowings contextRef="AsOf20110331" decimals="-3" unitRef="TWD">1019649000</tw-gaap-ci:ShortTermBorrowings>
	<tw-gaap-ci:ShortTermBorrowings contextRef="AsOf20100331" decimals="-3" unitRef="TWD">598168000</tw-gaap-ci:ShortTermBorrowings>
	<tw-gaap-ci:ShorttermNotesBillsPayable-ShorttermNotesBillsPayable contextRef="AsOf20110331" decimals="-3" unitRef="TWD">170000000</tw-gaap-ci:ShorttermNotesBillsPayable-ShorttermNotesBillsPayable>
	<tw-gaap-ci:ShorttermNotesBillsPayable-ShorttermNotesBillsPayable contextRef="AsOf20100331" decimals="-3" unitRef="TWD">170000000</tw-gaap-ci:ShorttermNotesBillsPayable-ShorttermNotesBillsPayable>
	<tw-gaap-ci:ShorttermNotesBillsPayable contextRef="AsOf20110331" decimals="-3" unitRef="TWD">170000000</tw-gaap-ci:ShorttermNotesBillsPayable>
	<tw-gaap-ci:ShorttermNotesBillsPayable contextRef="AsOf20100331" decimals="-3" unitRef="TWD">170000000</tw-gaap-ci:ShorttermNotesBillsPayable>
	<tw-gaap-ci:FinancialLiabilitiesMeasuredFairValueProfitLossCurrent contextRef="AsOf20110331" decimals="-3" unitRef="TWD">8293000</tw-gaap-ci:FinancialLiabilitiesMeasuredFairValueProfitLossCurrent>
	<tw-gaap-ci:FinancialLiabilitiesMeasuredFairValueProfitLossCurrent contextRef="AsOf20100331" decimals="-3" unitRef="TWD">8888000</tw-gaap-ci:FinancialLiabilitiesMeasuredFairValueProfitLossCurrent>
	<tw-gaap-ci:NotesPayable_NotesPayable contextRef="AsOf20110331" decimals="-3" unitRef="TWD">126635000</tw-gaap-ci:NotesPayable_NotesPayable>
	<tw-gaap-ci:NotesPayable_NotesPayable contextRef="AsOf20100331" decimals="-3" unitRef="TWD">118505000</tw-gaap-ci:NotesPayable_NotesPayable>
	<tw-gaap-ci:NotesPayable contextRef="AsOf20110331" decimals="-3" unitRef="TWD">126635000</tw-gaap-ci:NotesPayable>
	<tw-gaap-ci:NotesPayable contextRef="AsOf20100331" decimals="-3" unitRef="TWD">118505000</tw-gaap-ci:NotesPayable>
	<tw-gaap-ci:AccountsPayable_AccountsPayable contextRef="AsOf20110331" decimals="-3" unitRef="TWD">241047000</tw-gaap-ci:AccountsPayable_AccountsPayable>
	<tw-gaap-ci:AccountsPayable_AccountsPayable contextRef="AsOf20100331" decimals="-3" unitRef="TWD">117988000</tw-gaap-ci:AccountsPayable_AccountsPayable>
	<tw-gaap-ci:AccountsPayable contextRef="AsOf20110331" decimals="-3" unitRef="TWD">241047000</tw-gaap-ci:AccountsPayable>
	<tw-gaap-ci:AccountsPayable contextRef="AsOf20100331" decimals="-3" unitRef="TWD">117988000</tw-gaap-ci:AccountsPayable>
	<tw-gaap-ci:AccruedExpenses contextRef="AsOf20110331" decimals="-3" unitRef="TWD">54274000</tw-gaap-ci:AccruedExpenses>
	<tw-gaap-ci:AccruedExpenses contextRef="AsOf20100331" decimals="-3" unitRef="TWD">63836000</tw-gaap-ci:AccruedExpenses>
	<tw-gaap-ci:OtherFinancialLiabilitiesCurrent contextRef="AsOf20110331" decimals="-3" unitRef="TWD">60863000</tw-gaap-ci:OtherFinancialLiabilitiesCurrent>
	<tw-gaap-ci:OtherFinancialLiabilitiesCurrent contextRef="AsOf20100331" decimals="-3" unitRef="TWD">44375000</tw-gaap-ci:OtherFinancialLiabilitiesCurrent>
	<tw-gaap-ci:LongtermLiabilitiesCurrentPortion contextRef="AsOf20110331" decimals="-3" unitRef="TWD">214000000</tw-gaap-ci:LongtermLiabilitiesCurrentPortion>
	<tw-gaap-ci:LongtermLiabilitiesCurrentPortion contextRef="AsOf20100331" decimals="-3" unitRef="TWD">100000000</tw-gaap-ci:LongtermLiabilitiesCurrentPortion>
	<tw-gaap-ci:OtherCurrentLiabilities contextRef="AsOf20110331" decimals="-3" unitRef="TWD">2910000</tw-gaap-ci:OtherCurrentLiabilities>
	<tw-gaap-ci:OtherCurrentLiabilities contextRef="AsOf20100331" decimals="-3" unitRef="TWD">5153000</tw-gaap-ci:OtherCurrentLiabilities>
	<tw-gaap-ci:CurrentLiabilities contextRef="AsOf20110331" decimals="-3" unitRef="TWD">1897671000</tw-gaap-ci:CurrentLiabilities>
	<tw-gaap-ci:CurrentLiabilities contextRef="AsOf20100331" decimals="-3" unitRef="TWD">1226913000</tw-gaap-ci:CurrentLiabilities>
	<tw-gaap-ci:LongtermBankLoans contextRef="AsOf20110331" decimals="-3" unitRef="TWD">1806000000</tw-gaap-ci:LongtermBankLoans>
	<tw-gaap-ci:LongtermBankLoans contextRef="AsOf20100331" decimals="-3" unitRef="TWD">2135000000</tw-gaap-ci:LongtermBankLoans>
	<tw-gaap-ci:LongtermBorrowings contextRef="AsOf20110331" decimals="-3" unitRef="TWD">1806000000</tw-gaap-ci:LongtermBorrowings>
	<tw-gaap-ci:LongtermBorrowings contextRef="AsOf20100331" decimals="-3" unitRef="TWD">2135000000</tw-gaap-ci:LongtermBorrowings>
	<tw-gaap-ci:OtherFinancialLiabilitiesNonCurrent contextRef="AsOf20110331" decimals="-3" unitRef="TWD">11790000</tw-gaap-ci:OtherFinancialLiabilitiesNonCurrent>
	<tw-gaap-ci:OtherFinancialLiabilitiesNonCurrent contextRef="AsOf20100331" decimals="-3" unitRef="TWD">10295000</tw-gaap-ci:OtherFinancialLiabilitiesNonCurrent>
	<tw-gaap-ci:LongTermLiabilities contextRef="AsOf20110331" decimals="-3" unitRef="TWD">1817790000</tw-gaap-ci:LongTermLiabilities>
	<tw-gaap-ci:LongTermLiabilities contextRef="AsOf20100331" decimals="-3" unitRef="TWD">2145295000</tw-gaap-ci:LongTermLiabilities>
	<tw-gaap-ci:ReserveLandRevaluationIncrementTax contextRef="AsOf20110331" decimals="-3" unitRef="TWD">229042000</tw-gaap-ci:ReserveLandRevaluationIncrementTax>
	<tw-gaap-ci:ReserveLandRevaluationIncrementTax contextRef="AsOf20100331" decimals="-3" unitRef="TWD">229042000</tw-gaap-ci:ReserveLandRevaluationIncrementTax>
	<tw-gaap-ci:Reserves contextRef="AsOf20110331" decimals="-3" unitRef="TWD">229042000</tw-gaap-ci:Reserves>
	<tw-gaap-ci:Reserves contextRef="AsOf20100331" decimals="-3" unitRef="TWD">229042000</tw-gaap-ci:Reserves>
	<tw-gaap-ci:PensionReserve contextRef="AsOf20110331" decimals="-3" unitRef="TWD">195724000</tw-gaap-ci:PensionReserve>
	<tw-gaap-ci:PensionReserve contextRef="AsOf20100331" decimals="-3" unitRef="TWD">189422000</tw-gaap-ci:PensionReserve>
	<tw-gaap-ci:OtherLiabilitiesOther contextRef="AsOf20110331" decimals="-3" unitRef="TWD">10534000</tw-gaap-ci:OtherLiabilitiesOther>
	<tw-gaap-ci:OtherLiabilitiesOther contextRef="AsOf20100331" decimals="-3" unitRef="TWD">10574000</tw-gaap-ci:OtherLiabilitiesOther>
	<tw-gaap-ci:OtherLiabilities contextRef="AsOf20110331" decimals="-3" unitRef="TWD">206258000</tw-gaap-ci:OtherLiabilities>
	<tw-gaap-ci:OtherLiabilities contextRef="AsOf20100331" decimals="-3" unitRef="TWD">199996000</tw-gaap-ci:OtherLiabilities>
	<tw-gaap-ci:Liabilities contextRef="AsOf20110331" decimals="-3" unitRef="TWD">4150761000</tw-gaap-ci:Liabilities>
	<tw-gaap-ci:Liabilities contextRef="AsOf20100331" decimals="-3" unitRef="TWD">3801246000</tw-gaap-ci:Liabilities>
	<tw-gaap-ci:CommonStock contextRef="AsOf20110331" decimals="-3" unitRef="TWD">3330531000</tw-gaap-ci:CommonStock>
	<tw-gaap-ci:CommonStock contextRef="AsOf20100331" decimals="-3" unitRef="TWD">3202434000</tw-gaap-ci:CommonStock>
	<tw-gaap-ci:Capital contextRef="AsOf20110331" decimals="-3" unitRef="TWD">3330531000</tw-gaap-ci:Capital>
	<tw-gaap-ci:Capital contextRef="AsOf20100331" decimals="-3" unitRef="TWD">3202434000</tw-gaap-ci:Capital>
	<tw-gaap-ci:CapitalSurplusLongTermEquityInvestments contextRef="AsOf20110331" decimals="-3" unitRef="TWD">45953000</tw-gaap-ci:CapitalSurplusLongTermEquityInvestments>
	<tw-gaap-ci:CapitalSurplusLongTermEquityInvestments contextRef="AsOf20100331" decimals="-3" unitRef="TWD">43537000</tw-gaap-ci:CapitalSurplusLongTermEquityInvestments>
	<tw-gaap-ci:CapitalSurplus contextRef="AsOf20110331" decimals="-3" unitRef="TWD">45953000</tw-gaap-ci:CapitalSurplus>
	<tw-gaap-ci:CapitalSurplus contextRef="AsOf20100331" decimals="-3" unitRef="TWD">43537000</tw-gaap-ci:CapitalSurplus>
	<tw-gaap-ci:LegalReserve contextRef="AsOf20110331" decimals="-3" unitRef="TWD">22892000</tw-gaap-ci:LegalReserve>
	<tw-gaap-ci:LegalReserve contextRef="AsOf20100331" decimals="-3" unitRef="TWD">0</tw-gaap-ci:LegalReserve>
	<tw-gaap-ci:SpecialReserve contextRef="AsOf20110331" decimals="-3" unitRef="TWD">0</tw-gaap-ci:SpecialReserve>
	<tw-gaap-ci:SpecialReserve contextRef="AsOf20100331" decimals="-3" unitRef="TWD">17653000</tw-gaap-ci:SpecialReserve>
	<tw-gaap-ci:AccumulatedProfitLoss contextRef="AsOf20110331" decimals="-3" unitRef="TWD">252459000</tw-gaap-ci:AccumulatedProfitLoss>
	<tw-gaap-ci:AccumulatedProfitLoss contextRef="AsOf20100331" decimals="-3" unitRef="TWD">211271000</tw-gaap-ci:AccumulatedProfitLoss>
	<tw-gaap-ci:CurrentProfitLoss contextRef="AsOf20110331" decimals="-3" unitRef="TWD">13384000</tw-gaap-ci:CurrentProfitLoss>
	<tw-gaap-ci:CurrentProfitLoss contextRef="AsOf20100331" decimals="-3" unitRef="TWD">59561000</tw-gaap-ci:CurrentProfitLoss>
	<tw-gaap-ci:UnappropriatedRetainedEarnings contextRef="AsOf20110331" decimals="-3" unitRef="TWD">265843000</tw-gaap-ci:UnappropriatedRetainedEarnings>
	<tw-gaap-ci:UnappropriatedRetainedEarnings contextRef="AsOf20100331" decimals="-3" unitRef="TWD">270832000</tw-gaap-ci:UnappropriatedRetainedEarnings>
	<tw-gaap-ci:RetainedEarnings contextRef="AsOf20110331" decimals="-3" unitRef="TWD">288735000</tw-gaap-ci:RetainedEarnings>
	<tw-gaap-ci:RetainedEarnings contextRef="AsOf20100331" decimals="-3" unitRef="TWD">288485000</tw-gaap-ci:RetainedEarnings>
	<tw-gaap-ci:CumulativeTranslationAdjustments contextRef="AsOf20110331" decimals="-3" unitRef="TWD">44613000</tw-gaap-ci:CumulativeTranslationAdjustments>
	<tw-gaap-ci:CumulativeTranslationAdjustments contextRef="AsOf20100331" decimals="-3" unitRef="TWD">61506000</tw-gaap-ci:CumulativeTranslationAdjustments>
	<tw-gaap-ci:NetLossNotRecognizedPensionCost contextRef="AsOf20110331" decimals="-3" unitRef="TWD">17060000</tw-gaap-ci:NetLossNotRecognizedPensionCost>
	<tw-gaap-ci:NetLossNotRecognizedPensionCost contextRef="AsOf20100331" decimals="-3" unitRef="TWD">10038000</tw-gaap-ci:NetLossNotRecognizedPensionCost>
	<tw-gaap-ci:UnrealizedGainLossesAvailableSaleFinancialAssetsMember contextRef="From20110101To20110331" decimals="-3" unitRef="TWD">-10355000</tw-gaap-ci:UnrealizedGainLossesAvailableSaleFinancialAssetsMember>
	<tw-gaap-ci:UnrealizedGainLossesAvailableSaleFinancialAssetsMember contextRef="From20100101To20100331" decimals="-3" unitRef="TWD">-51425000</tw-gaap-ci:UnrealizedGainLossesAvailableSaleFinancialAssetsMember>
	<tw-gaap-ci:UnrealizedGainsLossesFinancialInstruments contextRef="AsOf20110331" decimals="-3" unitRef="TWD">-10355000</tw-gaap-ci:UnrealizedGainsLossesFinancialInstruments>
	<tw-gaap-ci:UnrealizedGainsLossesFinancialInstruments contextRef="AsOf20100331" decimals="-3" unitRef="TWD">-51425000</tw-gaap-ci:UnrealizedGainsLossesFinancialInstruments>
	<tw-gaap-ci:UnrealizedRevaluationIncrement contextRef="AsOf20110331" decimals="-3" unitRef="TWD">220447000</tw-gaap-ci:UnrealizedRevaluationIncrement>
	<tw-gaap-ci:UnrealizedRevaluationIncrement contextRef="AsOf20100331" decimals="-3" unitRef="TWD">220447000</tw-gaap-ci:UnrealizedRevaluationIncrement>
	<tw-gaap-ci:TreasuryStock contextRef="AsOf20110331" decimals="-3" unitRef="TWD">72661000</tw-gaap-ci:TreasuryStock>
	<tw-gaap-ci:TreasuryStock contextRef="AsOf20100331" decimals="-3" unitRef="TWD">66941000</tw-gaap-ci:TreasuryStock>
	<tw-gaap-ci:StockholdersEquitiesAdjustments contextRef="AsOf20110331" decimals="-3" unitRef="TWD">164984000</tw-gaap-ci:StockholdersEquitiesAdjustments>
	<tw-gaap-ci:StockholdersEquitiesAdjustments contextRef="AsOf20100331" decimals="-3" unitRef="TWD">153549000</tw-gaap-ci:StockholdersEquitiesAdjustments>
	<tw-gaap-ci:StockholdersEquities contextRef="AsOf20110331" decimals="-3" unitRef="TWD">3830203000</tw-gaap-ci:StockholdersEquities>
	<tw-gaap-ci:StockholdersEquities contextRef="AsOf20100331" decimals="-3" unitRef="TWD">3688005000</tw-gaap-ci:StockholdersEquities>
	<tw-gaap-ci:EquivalentSharesOutstandingAdvanceReceiptsCommonStock contextRef="AsOf20110331" decimals="0" unitRef="Shares">0</tw-gaap-ci:EquivalentSharesOutstandingAdvanceReceiptsCommonStock>
	<tw-gaap-ci:EquivalentSharesOutstandingAdvanceReceiptsCommonStock contextRef="AsOf20100331" decimals="0" unitRef="Shares">0</tw-gaap-ci:EquivalentSharesOutstandingAdvanceReceiptsCommonStock>
	<tw-gaap-ci:NumberTreasuryStockAcquiredCompanySubsidiaries contextRef="AsOf20110331" decimals="0" unitRef="Shares">13044134</tw-gaap-ci:NumberTreasuryStockAcquiredCompanySubsidiaries>
	<tw-gaap-ci:NumberTreasuryStockAcquiredCompanySubsidiaries contextRef="AsOf20100331" decimals="0" unitRef="Shares">12208428</tw-gaap-ci:NumberTreasuryStockAcquiredCompanySubsidiaries>
	<tw-gaap-ci:SalesRevenue contextRef="From20110101To20110331" decimals="-3" unitRef="TWD">1770437000</tw-gaap-ci:SalesRevenue>
	<tw-gaap-ci:SalesRevenue contextRef="From20100101To20100331" decimals="-3" unitRef="TWD">1636205000</tw-gaap-ci:SalesRevenue>
	<tw-gaap-ci:Sales contextRef="From20110101To20110331" decimals="-3" unitRef="TWD">1770437000</tw-gaap-ci:Sales>
	<tw-gaap-ci:Sales contextRef="From20100101To20100331" decimals="-3" unitRef="TWD">1636205000</tw-gaap-ci:Sales>
	<tw-gaap-ci:NetSales contextRef="From20110101To20110331" decimals="-3" unitRef="TWD">1770437000</tw-gaap-ci:NetSales>
	<tw-gaap-ci:NetSales contextRef="From20100101To20100331" decimals="-3" unitRef="TWD">1636205000</tw-gaap-ci:NetSales>
	<tw-gaap-ci:RentalRevenue contextRef="From20110101To20110331" decimals="-3" unitRef="TWD">5026000</tw-gaap-ci:RentalRevenue>
	<tw-gaap-ci:RentalRevenue contextRef="From20100101To20100331" decimals="-3" unitRef="TWD">4754000</tw-gaap-ci:RentalRevenue>
	<tw-gaap-ci:TotalRentalRevenue contextRef="From20110101To20110331" decimals="-3" unitRef="TWD">5026000</tw-gaap-ci:TotalRentalRevenue>
	<tw-gaap-ci:TotalRentalRevenue contextRef="From20100101To20100331" decimals="-3" unitRef="TWD">4754000</tw-gaap-ci:TotalRentalRevenue>
	<tw-gaap-ci:OperatingRevenue contextRef="From20110101To20110331" decimals="-3" unitRef="TWD">1775463000</tw-gaap-ci:OperatingRevenue>
	<tw-gaap-ci:OperatingRevenue contextRef="From20100101To20100331" decimals="-3" unitRef="TWD">1640959000</tw-gaap-ci:OperatingRevenue>
	<tw-gaap-ci:CostSalesCostSales contextRef="From20110101To20110331" decimals="-3" unitRef="TWD">1692860000</tw-gaap-ci:CostSalesCostSales>
	<tw-gaap-ci:CostSalesCostSales contextRef="From20100101To20100331" decimals="-3" unitRef="TWD">1498906000</tw-gaap-ci:CostSalesCostSales>
	<tw-gaap-ci:CostSales contextRef="From20110101To20110331" decimals="-3" unitRef="TWD">1692860000</tw-gaap-ci:CostSales>
	<tw-gaap-ci:CostSales contextRef="From20100101To20100331" decimals="-3" unitRef="TWD">1498906000</tw-gaap-ci:CostSales>
	<tw-gaap-ci:CostRental contextRef="From20110101To20110331" decimals="-3" unitRef="TWD">1455000</tw-gaap-ci:CostRental>
	<tw-gaap-ci:CostRental contextRef="From20100101To20100331" decimals="-3" unitRef="TWD">1488000</tw-gaap-ci:CostRental>
	<tw-gaap-ci:TotalCostRental contextRef="From20110101To20110331" decimals="-3" unitRef="TWD">1455000</tw-gaap-ci:TotalCostRental>
	<tw-gaap-ci:TotalCostRental contextRef="From20100101To20100331" decimals="-3" unitRef="TWD">1488000</tw-gaap-ci:TotalCostRental>
	<tw-gaap-ci:OperatingCosts contextRef="From20110101To20110331" decimals="-3" unitRef="TWD">1694315000</tw-gaap-ci:OperatingCosts>
	<tw-gaap-ci:OperatingCosts contextRef="From20100101To20100331" decimals="-3" unitRef="TWD">1500394000</tw-gaap-ci:OperatingCosts>
	<tw-gaap-ci:GrossProfitLossOperations contextRef="From20110101To20110331" decimals="-3" unitRef="TWD">81148000</tw-gaap-ci:GrossProfitLossOperations>
	<tw-gaap-ci:GrossProfitLossOperations contextRef="From20100101To20100331" decimals="-3" unitRef="TWD">140565000</tw-gaap-ci:GrossProfitLossOperations>
	<tw-gaap-ci:UnrealizedGainInterAffiliateAccounts contextRef="From20110101To20110331" decimals="-3" unitRef="TWD">10534000</tw-gaap-ci:UnrealizedGainInterAffiliateAccounts>
	<tw-gaap-ci:UnrealizedGainInterAffiliateAccounts contextRef="From20100101To20100331" decimals="-3" unitRef="TWD">10574000</tw-gaap-ci:UnrealizedGainInterAffiliateAccounts>
	<tw-gaap-ci:RealizedGainInterAffiliateAccounts contextRef="From20110101To20110331" decimals="-3" unitRef="TWD">13123000</tw-gaap-ci:RealizedGainInterAffiliateAccounts>
	<tw-gaap-ci:RealizedGainInterAffiliateAccounts contextRef="From20100101To20100331" decimals="-3" unitRef="TWD">12589000</tw-gaap-ci:RealizedGainInterAffiliateAccounts>
	<tw-gaap-ci:Sellingexpense contextRef="From20110101To20110331" decimals="-3" unitRef="TWD">87903000</tw-gaap-ci:Sellingexpense>
	<tw-gaap-ci:Sellingexpense contextRef="From20100101To20100331" decimals="-3" unitRef="TWD">69637000</tw-gaap-ci:Sellingexpense>
	<tw-gaap-ci:GeneralAdministrativeExpenses contextRef="From20110101To20110331" decimals="-3" unitRef="TWD">61393000</tw-gaap-ci:GeneralAdministrativeExpenses>
	<tw-gaap-ci:GeneralAdministrativeExpenses contextRef="From20100101To20100331" decimals="-3" unitRef="TWD">56337000</tw-gaap-ci:GeneralAdministrativeExpenses>
	<tw-gaap-ci:OperatingExpenses contextRef="From20110101To20110331" decimals="-3" unitRef="TWD">149296000</tw-gaap-ci:OperatingExpenses>
	<tw-gaap-ci:OperatingExpenses contextRef="From20100101To20100331" decimals="-3" unitRef="TWD">125974000</tw-gaap-ci:OperatingExpenses>
	<tw-gaap-ci:OperatingIncomeLoss contextRef="From20110101To20110331" decimals="-3" unitRef="TWD">-65559000</tw-gaap-ci:OperatingIncomeLoss>
	<tw-gaap-ci:OperatingIncomeLoss contextRef="From20100101To20100331" decimals="-3" unitRef="TWD">16606000</tw-gaap-ci:OperatingIncomeLoss>
	<tw-gaap-ci:InterestIncome contextRef="From20110101To20110331" decimals="-3" unitRef="TWD">122000</tw-gaap-ci:InterestIncome>
	<tw-gaap-ci:InterestIncome contextRef="From20100101To20100331" decimals="-3" unitRef="TWD">10000</tw-gaap-ci:InterestIncome>
	<tw-gaap-ci:InvestmentGainsRecognizedEquityMethod contextRef="From20110101To20110331" decimals="-3" unitRef="TWD">43762000</tw-gaap-ci:InvestmentGainsRecognizedEquityMethod>
	<tw-gaap-ci:InvestmentGainsRecognizedEquityMethod contextRef="From20100101To20100331" decimals="-3" unitRef="TWD">41483000</tw-gaap-ci:InvestmentGainsRecognizedEquityMethod>
	<tw-gaap-ci:InvestmentGains contextRef="From20110101To20110331" decimals="-3" unitRef="TWD">43762000</tw-gaap-ci:InvestmentGains>
	<tw-gaap-ci:InvestmentGains contextRef="From20100101To20100331" decimals="-3" unitRef="TWD">41483000</tw-gaap-ci:InvestmentGains>
	<tw-gaap-ci:GainsDisposalFixedAssets contextRef="From20110101To20110331" decimals="-3" unitRef="TWD">0</tw-gaap-ci:GainsDisposalFixedAssets>
	<tw-gaap-ci:GainsDisposalFixedAssets contextRef="From20100101To20100331" decimals="-3" unitRef="TWD">708000</tw-gaap-ci:GainsDisposalFixedAssets>
	<tw-gaap-ci:GainsSaleInvestments contextRef="From20110101To20110331" decimals="-3" unitRef="TWD">35813000</tw-gaap-ci:GainsSaleInvestments>
	<tw-gaap-ci:GainsSaleInvestments contextRef="From20100101To20100331" decimals="-3" unitRef="TWD">0</tw-gaap-ci:GainsSaleInvestments>
	<tw-gaap-ci:ForeignExchangeGains contextRef="From20110101To20110331" decimals="-3" unitRef="TWD">8176000</tw-gaap-ci:ForeignExchangeGains>
	<tw-gaap-ci:ForeignExchangeGains contextRef="From20100101To20100331" decimals="-3" unitRef="TWD">4151000</tw-gaap-ci:ForeignExchangeGains>
	<tw-gaap-ci:RevaluationGainFinancialLiabilities contextRef="From20110101To20110331" decimals="-3" unitRef="TWD">2767000</tw-gaap-ci:RevaluationGainFinancialLiabilities>
	<tw-gaap-ci:RevaluationGainFinancialLiabilities contextRef="From20100101To20100331" decimals="-3" unitRef="TWD">2885000</tw-gaap-ci:RevaluationGainFinancialLiabilities>
	<tw-gaap-ci:MiscellaneousIncome contextRef="From20110101To20110331" decimals="-3" unitRef="TWD">13419000</tw-gaap-ci:MiscellaneousIncome>
	<tw-gaap-ci:MiscellaneousIncome contextRef="From20100101To20100331" decimals="-3" unitRef="TWD">17952000</tw-gaap-ci:MiscellaneousIncome>
	<tw-gaap-ci:NonOperatingIncomeGains contextRef="From20110101To20110331" decimals="-3" unitRef="TWD">104059000</tw-gaap-ci:NonOperatingIncomeGains>
	<tw-gaap-ci:NonOperatingIncomeGains contextRef="From20100101To20100331" decimals="-3" unitRef="TWD">67189000</tw-gaap-ci:NonOperatingIncomeGains>
	<tw-gaap-ci:InterestExpense contextRef="From20110101To20110331" decimals="-3" unitRef="TWD">13247000</tw-gaap-ci:InterestExpense>
	<tw-gaap-ci:InterestExpense contextRef="From20100101To20100331" decimals="-3" unitRef="TWD">14921000</tw-gaap-ci:InterestExpense>
	<tw-gaap-ci:LossSaleInvestments contextRef="From20110101To20110331" decimals="-3" unitRef="TWD">0</tw-gaap-ci:LossSaleInvestments>
	<tw-gaap-ci:LossSaleInvestments contextRef="From20100101To20100331" decimals="-3" unitRef="TWD">2319000</tw-gaap-ci:LossSaleInvestments>
	<tw-gaap-ci:RevaluationLossFinancialAssets contextRef="From20110101To20110331" decimals="-3" unitRef="TWD">3075000</tw-gaap-ci:RevaluationLossFinancialAssets>
	<tw-gaap-ci:RevaluationLossFinancialAssets contextRef="From20100101To20100331" decimals="-3" unitRef="TWD">4157000</tw-gaap-ci:RevaluationLossFinancialAssets>
	<tw-gaap-ci:MiscellaneousDisbursements contextRef="From20110101To20110331" decimals="-3" unitRef="TWD">2198000</tw-gaap-ci:MiscellaneousDisbursements>
	<tw-gaap-ci:MiscellaneousDisbursements contextRef="From20100101To20100331" decimals="-3" unitRef="TWD">2744000</tw-gaap-ci:MiscellaneousDisbursements>
	<tw-gaap-ci:NonOperatingExpenses contextRef="From20110101To20110331" decimals="-3" unitRef="TWD">18520000</tw-gaap-ci:NonOperatingExpenses>
	<tw-gaap-ci:NonOperatingExpenses contextRef="From20100101To20100331" decimals="-3" unitRef="TWD">24141000</tw-gaap-ci:NonOperatingExpenses>
	<tw-gaap-ci:IncomeContinuingOperationsBeforeIncomeTax contextRef="From20110101To20110331" decimals="-3" unitRef="TWD">19980000</tw-gaap-ci:IncomeContinuingOperationsBeforeIncomeTax>
	<tw-gaap-ci:IncomeContinuingOperationsBeforeIncomeTax contextRef="From20100101To20100331" decimals="-3" unitRef="TWD">59654000</tw-gaap-ci:IncomeContinuingOperationsBeforeIncomeTax>
	<tw-gaap-ci:IncomeTaxExpenseBenefitIncomeTaxExpenseBenefit contextRef="From20110101To20110331" decimals="-3" unitRef="TWD">6596000</tw-gaap-ci:IncomeTaxExpenseBenefitIncomeTaxExpenseBenefit>
	<tw-gaap-ci:IncomeTaxExpenseBenefitIncomeTaxExpenseBenefit contextRef="From20100101To20100331" decimals="-3" unitRef="TWD">93000</tw-gaap-ci:IncomeTaxExpenseBenefitIncomeTaxExpenseBenefit>
	<tw-gaap-ci:IncomeTaxExpenseBenefit contextRef="From20110101To20110331" decimals="-3" unitRef="TWD">6596000</tw-gaap-ci:IncomeTaxExpenseBenefit>
	<tw-gaap-ci:IncomeTaxExpenseBenefit contextRef="From20100101To20100331" decimals="-3" unitRef="TWD">93000</tw-gaap-ci:IncomeTaxExpenseBenefit>
	<tw-gaap-ci:IncomeContinuingOperations contextRef="From20110101To20110331" decimals="-3" unitRef="TWD">13384000</tw-gaap-ci:IncomeContinuingOperations>
	<tw-gaap-ci:IncomeContinuingOperations contextRef="From20100101To20100331" decimals="-3" unitRef="TWD">59561000</tw-gaap-ci:IncomeContinuingOperations>
	<tw-gaap-ci:NetIncomeLoss contextRef="From20110101To20110331" decimals="-3" unitRef="TWD">13384000</tw-gaap-ci:NetIncomeLoss>
	<tw-gaap-ci:NetIncomeLoss contextRef="From20100101To20100331" decimals="-3" unitRef="TWD">59561000</tw-gaap-ci:NetIncomeLoss>
	<tw-gaap-ci:PrimaryEarningsPerShare contextRef="From20110101To20110331" decimals="2" unitRef="TWD">0.04</tw-gaap-ci:PrimaryEarningsPerShare>
	<tw-gaap-ci:PrimaryEarningsPerShare contextRef="From20100101To20100331" decimals="2" unitRef="TWD">0.19</tw-gaap-ci:PrimaryEarningsPerShare>
	<tw-gaap-ci:NetIncomeLoss_StatementCashFlows contextRef="From20110101To20110331" decimals="-3" unitRef="TWD">13384000</tw-gaap-ci:NetIncomeLoss_StatementCashFlows>
	<tw-gaap-ci:NetIncomeLoss_StatementCashFlows contextRef="From20100101To20100331" decimals="-3" unitRef="TWD">59561000</tw-gaap-ci:NetIncomeLoss_StatementCashFlows>
	<tw-gaap-ci:DepreciationExpense-Operating contextRef="From20110101To20110331" decimals="-3" unitRef="TWD">15951000</tw-gaap-ci:DepreciationExpense-Operating>
	<tw-gaap-ci:DepreciationExpense-Operating contextRef="From20100101To20100331" decimals="-3" unitRef="TWD">14680000</tw-gaap-ci:DepreciationExpense-Operating>
	<tw-gaap-ci:GainLossInventoryValuationObsolescenceRecoverie contextRef="From20110101To20110331" decimals="-3" unitRef="TWD">-2663000</tw-gaap-ci:GainLossInventoryValuationObsolescenceRecoverie>
	<tw-gaap-ci:GainLossInventoryValuationObsolescenceRecoverie contextRef="From20100101To20100331" decimals="-3" unitRef="TWD">-15766000</tw-gaap-ci:GainLossInventoryValuationObsolescenceRecoverie>
	<tw-gaap-ci:InventoryOverShort contextRef="From20110101To20110331" decimals="-3" unitRef="TWD">-1601000</tw-gaap-ci:InventoryOverShort>
	<tw-gaap-ci:InventoryOverShort contextRef="From20100101To20100331" decimals="-3" unitRef="TWD">828000</tw-gaap-ci:InventoryOverShort>
	<tw-gaap-ci:InvestmentLossIncomeRecognizedEquityMethod contextRef="From20110101To20110331" decimals="-3" unitRef="TWD">-43762000</tw-gaap-ci:InvestmentLossIncomeRecognizedEquityMethod>
	<tw-gaap-ci:InvestmentLossIncomeRecognizedEquityMethod contextRef="From20100101To20100331" decimals="-3" unitRef="TWD">-41483000</tw-gaap-ci:InvestmentLossIncomeRecognizedEquityMethod>
	<tw-gaap-ci:GainLossDisposalScrappingFixedAssets contextRef="From20110101To20110331" decimals="-3" unitRef="TWD">102000</tw-gaap-ci:GainLossDisposalScrappingFixedAssets>
	<tw-gaap-ci:GainLossDisposalScrappingFixedAssets contextRef="From20100101To20100331" decimals="-3" unitRef="TWD">-584000</tw-gaap-ci:GainLossDisposalScrappingFixedAssets>
	<tw-gaap-ci:GainsLossesSaleInvestments contextRef="From20110101To20110331" decimals="-3" unitRef="TWD">-35813000</tw-gaap-ci:GainsLossesSaleInvestments>
	<tw-gaap-ci:GainsLossesSaleInvestments contextRef="From20100101To20100331" decimals="-3" unitRef="TWD">2319000</tw-gaap-ci:GainsLossesSaleInvestments>
	<tw-gaap-ci:UnrealizedRevaluationGainFinancialAssetsLiabilities contextRef="From20110101To20110331" decimals="-3" unitRef="TWD">308000</tw-gaap-ci:UnrealizedRevaluationGainFinancialAssetsLiabilities>
	<tw-gaap-ci:UnrealizedRevaluationGainFinancialAssetsLiabilities contextRef="From20100101To20100331" decimals="-3" unitRef="TWD">1272000</tw-gaap-ci:UnrealizedRevaluationGainFinancialAssetsLiabilities>
	<tw-gaap-ci:UnrealizedGainInteraffiliateAccounts_StatementCashFlows contextRef="From20110101To20110331" decimals="-3" unitRef="TWD">10534000</tw-gaap-ci:UnrealizedGainInteraffiliateAccounts_StatementCashFlows>
	<tw-gaap-ci:UnrealizedGainInteraffiliateAccounts_StatementCashFlows contextRef="From20100101To20100331" decimals="-3" unitRef="TWD">10574000</tw-gaap-ci:UnrealizedGainInteraffiliateAccounts_StatementCashFlows>
	<tw-gaap-ci:RealizedGainInteraffiliateAccounts_StatementCashFlows contextRef="From20110101To20110331" decimals="-3" unitRef="TWD">-13123000</tw-gaap-ci:RealizedGainInteraffiliateAccounts_StatementCashFlows>
	<tw-gaap-ci:RealizedGainInteraffiliateAccounts_StatementCashFlows contextRef="From20100101To20100331" decimals="-3" unitRef="TWD">-12589000</tw-gaap-ci:RealizedGainInteraffiliateAccounts_StatementCashFlows>
	<tw-gaap-ci:AdjustmentsReconcileNetIncomeNetCashProvidedUsedOperatingActivities contextRef="From20110101To20110331" decimals="-3" unitRef="TWD">-70067000</tw-gaap-ci:AdjustmentsReconcileNetIncomeNetCashProvidedUsedOperatingActivities>
	<tw-gaap-ci:AdjustmentsReconcileNetIncomeNetCashProvidedUsedOperatingActivities contextRef="From20100101To20100331" decimals="-3" unitRef="TWD">-40749000</tw-gaap-ci:AdjustmentsReconcileNetIncomeNetCashProvidedUsedOperatingActivities>
	<tw-gaap-ci:ChangesFinancialAssetsHeldTrading contextRef="From20110101To20110331" decimals="-3" unitRef="TWD">-11577000</tw-gaap-ci:ChangesFinancialAssetsHeldTrading>
	<tw-gaap-ci:ChangesFinancialAssetsHeldTrading contextRef="From20100101To20100331" decimals="-3" unitRef="TWD">-4756000</tw-gaap-ci:ChangesFinancialAssetsHeldTrading>
	<tw-gaap-ci:ChangesNotesReceivable contextRef="From20110101To20110331" decimals="-3" unitRef="TWD">53391000</tw-gaap-ci:ChangesNotesReceivable>
	<tw-gaap-ci:ChangesNotesReceivable contextRef="From20100101To20100331" decimals="-3" unitRef="TWD">57101000</tw-gaap-ci:ChangesNotesReceivable>
	<tw-gaap-ci:ChangesNotesReceivableRelatedParties contextRef="From20110101To20110331" decimals="-3" unitRef="TWD">-55911000</tw-gaap-ci:ChangesNotesReceivableRelatedParties>
	<tw-gaap-ci:ChangesNotesReceivableRelatedParties contextRef="From20100101To20100331" decimals="-3" unitRef="TWD">-18145000</tw-gaap-ci:ChangesNotesReceivableRelatedParties>
	<tw-gaap-ci:ChangesAccountsReceivable contextRef="From20110101To20110331" decimals="-3" unitRef="TWD">7723000</tw-gaap-ci:ChangesAccountsReceivable>
	<tw-gaap-ci:ChangesAccountsReceivable contextRef="From20100101To20100331" decimals="-3" unitRef="TWD">-28385000</tw-gaap-ci:ChangesAccountsReceivable>
	<tw-gaap-ci:ChangesAccountsReceivableRelatedParties contextRef="From20110101To20110331" decimals="-3" unitRef="TWD">76903000</tw-gaap-ci:ChangesAccountsReceivableRelatedParties>
	<tw-gaap-ci:ChangesAccountsReceivableRelatedParties contextRef="From20100101To20100331" decimals="-3" unitRef="TWD">-81440000</tw-gaap-ci:ChangesAccountsReceivableRelatedParties>
	<tw-gaap-ci:ChangesInventories contextRef="From20110101To20110331" decimals="-3" unitRef="TWD">251743000</tw-gaap-ci:ChangesInventories>
	<tw-gaap-ci:ChangesInventories contextRef="From20100101To20100331" decimals="-3" unitRef="TWD">-3734000</tw-gaap-ci:ChangesInventories>
	<tw-gaap-ci:ChangesOtherPrepayments contextRef="From20110101To20110331" decimals="-3" unitRef="TWD">-321104000</tw-gaap-ci:ChangesOtherPrepayments>
	<tw-gaap-ci:ChangesOtherPrepayments contextRef="From20100101To20100331" decimals="-3" unitRef="TWD">-230694000</tw-gaap-ci:ChangesOtherPrepayments>
	<tw-gaap-ci:ChangesOtherCurrentAssets_CI contextRef="From20110101To20110331" decimals="-3" unitRef="TWD">26552000</tw-gaap-ci:ChangesOtherCurrentAssets_CI>
	<tw-gaap-ci:ChangesOtherCurrentAssets_CI contextRef="From20100101To20100331" decimals="-3" unitRef="TWD">1165000</tw-gaap-ci:ChangesOtherCurrentAssets_CI>
	<tw-gaap-ci:ChangesOtherFinancialAssets_CI contextRef="From20110101To20110331" decimals="-3" unitRef="TWD">79000</tw-gaap-ci:ChangesOtherFinancialAssets_CI>
	<tw-gaap-ci:ChangesOtherFinancialAssets_CI contextRef="From20100101To20100331" decimals="-3" unitRef="TWD">37251000</tw-gaap-ci:ChangesOtherFinancialAssets_CI>
	<tw-gaap-ci:ChangesDeferredTaxAssets contextRef="From20110101To20110331" decimals="-3" unitRef="TWD">3177000</tw-gaap-ci:ChangesDeferredTaxAssets>
	<tw-gaap-ci:ChangesDeferredTaxAssets contextRef="From20100101To20100331" decimals="-3" unitRef="TWD">93000</tw-gaap-ci:ChangesDeferredTaxAssets>
	<tw-gaap-ci:ChangesOperatingAssets contextRef="From20110101To20110331" decimals="-3" unitRef="TWD">30976000</tw-gaap-ci:ChangesOperatingAssets>
	<tw-gaap-ci:ChangesOperatingAssets contextRef="From20100101To20100331" decimals="-3" unitRef="TWD">-271544000</tw-gaap-ci:ChangesOperatingAssets>
	<tw-gaap-ci:ChangesFinancialLiabilitiesTrading contextRef="From20110101To20110331" decimals="-3" unitRef="TWD">11060000</tw-gaap-ci:ChangesFinancialLiabilitiesTrading>
	<tw-gaap-ci:ChangesFinancialLiabilitiesTrading contextRef="From20100101To20100331" decimals="-3" unitRef="TWD">4731000</tw-gaap-ci:ChangesFinancialLiabilitiesTrading>
	<tw-gaap-ci:ChangesNotesPayable contextRef="From20110101To20110331" decimals="-3" unitRef="TWD">-6579000</tw-gaap-ci:ChangesNotesPayable>
	<tw-gaap-ci:ChangesNotesPayable contextRef="From20100101To20100331" decimals="-3" unitRef="TWD">17708000</tw-gaap-ci:ChangesNotesPayable>
	<tw-gaap-ci:ChangesAccountsPayable contextRef="From20110101To20110331" decimals="-3" unitRef="TWD">124587000</tw-gaap-ci:ChangesAccountsPayable>
	<tw-gaap-ci:ChangesAccountsPayable contextRef="From20100101To20100331" decimals="-3" unitRef="TWD">43913000</tw-gaap-ci:ChangesAccountsPayable>
	<tw-gaap-ci:ChangesAccruedExpenses contextRef="From20110101To20110331" decimals="-3" unitRef="TWD">-22569000</tw-gaap-ci:ChangesAccruedExpenses>
	<tw-gaap-ci:ChangesAccruedExpenses contextRef="From20100101To20100331" decimals="-3" unitRef="TWD">-35762000</tw-gaap-ci:ChangesAccruedExpenses>
	<tw-gaap-ci:ChangesOtherFinancialLiabilities_CI contextRef="From20110101To20110331" decimals="-3" unitRef="TWD">-22979000</tw-gaap-ci:ChangesOtherFinancialLiabilities_CI>
	<tw-gaap-ci:ChangesOtherFinancialLiabilities_CI contextRef="From20100101To20100331" decimals="-3" unitRef="TWD">15557000</tw-gaap-ci:ChangesOtherFinancialLiabilities_CI>
	<tw-gaap-ci:ChangesOtherCurrentLiabilities_CI contextRef="From20110101To20110331" decimals="-3" unitRef="TWD">-646000</tw-gaap-ci:ChangesOtherCurrentLiabilities_CI>
	<tw-gaap-ci:ChangesOtherCurrentLiabilities_CI contextRef="From20100101To20100331" decimals="-3" unitRef="TWD">-7005000</tw-gaap-ci:ChangesOtherCurrentLiabilities_CI>
	<tw-gaap-ci:ChangesAccruedPensionLiabilities contextRef="From20110101To20110331" decimals="-3" unitRef="TWD">418000</tw-gaap-ci:ChangesAccruedPensionLiabilities>
	<tw-gaap-ci:ChangesAccruedPensionLiabilities contextRef="From20100101To20100331" decimals="-3" unitRef="TWD">592000</tw-gaap-ci:ChangesAccruedPensionLiabilities>
	<tw-gaap-ci:ChangesOperatingLiabilities contextRef="From20110101To20110331" decimals="-3" unitRef="TWD">83292000</tw-gaap-ci:ChangesOperatingLiabilities>
	<tw-gaap-ci:ChangesOperatingLiabilities contextRef="From20100101To20100331" decimals="-3" unitRef="TWD">39734000</tw-gaap-ci:ChangesOperatingLiabilities>
	<tw-gaap-ci:ChangesOperatingAssetsLiabilities contextRef="From20110101To20110331" decimals="-3" unitRef="TWD">114268000</tw-gaap-ci:ChangesOperatingAssetsLiabilities>
	<tw-gaap-ci:ChangesOperatingAssetsLiabilities contextRef="From20100101To20100331" decimals="-3" unitRef="TWD">-231810000</tw-gaap-ci:ChangesOperatingAssetsLiabilities>
	<tw-gaap-ci:NetCashProvidedUsedOperatingActivities contextRef="From20110101To20110331" decimals="-3" unitRef="TWD">57585000</tw-gaap-ci:NetCashProvidedUsedOperatingActivities>
	<tw-gaap-ci:NetCashProvidedUsedOperatingActivities contextRef="From20100101To20100331" decimals="-3" unitRef="TWD">-212998000</tw-gaap-ci:NetCashProvidedUsedOperatingActivities>
	<tw-gaap-ci:AcquisitionAvailableSaleFinancialAssets contextRef="From20110101To20110331" decimals="-3" unitRef="TWD">-138330000</tw-gaap-ci:AcquisitionAvailableSaleFinancialAssets>
	<tw-gaap-ci:AcquisitionAvailableSaleFinancialAssets contextRef="From20100101To20100331" decimals="-3" unitRef="TWD">-139858000</tw-gaap-ci:AcquisitionAvailableSaleFinancialAssets>
	<tw-gaap-ci:ProceedsDisposalAvailableSaleFinancialAssets contextRef="From20110101To20110331" decimals="-3" unitRef="TWD">47172000</tw-gaap-ci:ProceedsDisposalAvailableSaleFinancialAssets>
	<tw-gaap-ci:ProceedsDisposalAvailableSaleFinancialAssets contextRef="From20100101To20100331" decimals="-3" unitRef="TWD">37469000</tw-gaap-ci:ProceedsDisposalAvailableSaleFinancialAssets>
	<tw-gaap-ci:AcquisitionFinancialAssetsCarriedCost contextRef="From20110101To20110331" decimals="-3" unitRef="TWD">-349000</tw-gaap-ci:AcquisitionFinancialAssetsCarriedCost>
	<tw-gaap-ci:AcquisitionFinancialAssetsCarriedCost contextRef="From20100101To20100331" decimals="-3" unitRef="TWD">0</tw-gaap-ci:AcquisitionFinancialAssetsCarriedCost>
	<tw-gaap-ci:ProceedsDisposalFinancialAssetsCarriedCost contextRef="From20110101To20110331" decimals="-3" unitRef="TWD">0</tw-gaap-ci:ProceedsDisposalFinancialAssetsCarriedCost>
	<tw-gaap-ci:ProceedsDisposalFinancialAssetsCarriedCost contextRef="From20100101To20100331" decimals="-3" unitRef="TWD">594000</tw-gaap-ci:ProceedsDisposalFinancialAssetsCarriedCost>
	<tw-gaap-ci:ProceedsDisposalInvestmentsAccountedEquityMethod contextRef="From20110101To20110331" decimals="-3" unitRef="TWD">49708000</tw-gaap-ci:ProceedsDisposalInvestmentsAccountedEquityMethod>
	<tw-gaap-ci:ProceedsDisposalInvestmentsAccountedEquityMethod contextRef="From20100101To20100331" decimals="-3" unitRef="TWD">0</tw-gaap-ci:ProceedsDisposalInvestmentsAccountedEquityMethod>
	<tw-gaap-ci:AcquisitionPropertyPlantEquipment contextRef="From20110101To20110331" decimals="-3" unitRef="TWD">-16770000</tw-gaap-ci:AcquisitionPropertyPlantEquipment>
	<tw-gaap-ci:AcquisitionPropertyPlantEquipment contextRef="From20100101To20100331" decimals="-3" unitRef="TWD">-5542000</tw-gaap-ci:AcquisitionPropertyPlantEquipment>
	<tw-gaap-ci:ProceedsDisposalPropertyPlantEquipment contextRef="From20110101To20110331" decimals="-3" unitRef="TWD">0</tw-gaap-ci:ProceedsDisposalPropertyPlantEquipment>
	<tw-gaap-ci:ProceedsDisposalPropertyPlantEquipment contextRef="From20100101To20100331" decimals="-3" unitRef="TWD">764000</tw-gaap-ci:ProceedsDisposalPropertyPlantEquipment>
	<tw-gaap-ci:ChangesOtherFinancialAssets contextRef="From20110101To20110331" decimals="-3" unitRef="TWD">1322000</tw-gaap-ci:ChangesOtherFinancialAssets>
	<tw-gaap-ci:ChangesOtherFinancialAssets contextRef="From20100101To20100331" decimals="-3" unitRef="TWD">-70000</tw-gaap-ci:ChangesOtherFinancialAssets>
	<tw-gaap-ci:NetCashProvidedUsedInvestingActivities contextRef="From20110101To20110331" decimals="-3" unitRef="TWD">-57247000</tw-gaap-ci:NetCashProvidedUsedInvestingActivities>
	<tw-gaap-ci:NetCashProvidedUsedInvestingActivities contextRef="From20100101To20100331" decimals="-3" unitRef="TWD">-106643000</tw-gaap-ci:NetCashProvidedUsedInvestingActivities>
	<tw-gaap-ci:ChangesShortTermLoans contextRef="From20110101To20110331" decimals="-3" unitRef="TWD">415625000</tw-gaap-ci:ChangesShortTermLoans>
	<tw-gaap-ci:ChangesShortTermLoans contextRef="From20100101To20100331" decimals="-3" unitRef="TWD">400251000</tw-gaap-ci:ChangesShortTermLoans>
	<tw-gaap-ci:ChangeShorttermNotesBillsPayable contextRef="From20110101To20110331" decimals="-3" unitRef="TWD">-150000000</tw-gaap-ci:ChangeShorttermNotesBillsPayable>
	<tw-gaap-ci:ChangeShorttermNotesBillsPayable contextRef="From20100101To20100331" decimals="-3" unitRef="TWD">170000000</tw-gaap-ci:ChangeShorttermNotesBillsPayable>
	<tw-gaap-ci:RepaymentLongTermDebt contextRef="From20110101To20110331" decimals="-3" unitRef="TWD">-270000000</tw-gaap-ci:RepaymentLongTermDebt>
	<tw-gaap-ci:RepaymentLongTermDebt contextRef="From20100101To20100331" decimals="-3" unitRef="TWD">-355000000</tw-gaap-ci:RepaymentLongTermDebt>
	<tw-gaap-ci:ChangesOtherFinancialLiabilities contextRef="From20110101To20110331" decimals="-3" unitRef="TWD">416000</tw-gaap-ci:ChangesOtherFinancialLiabilities>
	<tw-gaap-ci:ChangesOtherFinancialLiabilities contextRef="From20100101To20100331" decimals="-3" unitRef="TWD">-560000</tw-gaap-ci:ChangesOtherFinancialLiabilities>
	<tw-gaap-ci:NetCashProvidedUsedFinancingActivities contextRef="From20110101To20110331" decimals="-3" unitRef="TWD">-3959000</tw-gaap-ci:NetCashProvidedUsedFinancingActivities>
	<tw-gaap-ci:NetCashProvidedUsedFinancingActivities contextRef="From20100101To20100331" decimals="-3" unitRef="TWD">214691000</tw-gaap-ci:NetCashProvidedUsedFinancingActivities>
	<tw-gaap-ci:NetChangesCashCashEquivalents contextRef="From20110101To20110331" decimals="-3" unitRef="TWD">-3621000</tw-gaap-ci:NetChangesCashCashEquivalents>
	<tw-gaap-ci:NetChangesCashCashEquivalents contextRef="From20100101To20100331" decimals="-3" unitRef="TWD">-104950000</tw-gaap-ci:NetChangesCashCashEquivalents>
	<tw-gaap-ci:CashCashEquivalents contextRef="AsOf20110101" decimals="-3" unitRef="TWD">254543000</tw-gaap-ci:CashCashEquivalents>
	<tw-gaap-ci:CashCashEquivalents contextRef="AsOf20100101" decimals="-3" unitRef="TWD">404872000</tw-gaap-ci:CashCashEquivalents>
	<tw-gaap-ci:InterestPaid contextRef="From20110101To20110331" decimals="-3" unitRef="TWD">12641000</tw-gaap-ci:InterestPaid>
	<tw-gaap-ci:InterestPaid contextRef="From20100101To20100331" decimals="-3" unitRef="TWD">14921000</tw-gaap-ci:InterestPaid>
	<tw-gaap-ci:InterestPaidExcludingCapitalizedInterest contextRef="From20110101To20110331" decimals="-3" unitRef="TWD">12641000</tw-gaap-ci:InterestPaidExcludingCapitalizedInterest>
	<tw-gaap-ci:InterestPaidExcludingCapitalizedInterest contextRef="From20100101To20100331" decimals="-3" unitRef="TWD">14921000</tw-gaap-ci:InterestPaidExcludingCapitalizedInterest>
	<tw-gaap-ci:IncomeTaxPaid contextRef="From20110101To20110331" decimals="-3" unitRef="TWD">11000</tw-gaap-ci:IncomeTaxPaid>
	<tw-gaap-ci:IncomeTaxPaid contextRef="From20100101To20100331" decimals="-3" unitRef="TWD">1000</tw-gaap-ci:IncomeTaxPaid>
	<tw-gaap-ci:CurrentPortionLong-termLiability contextRef="From20110101To20110331" decimals="-3" unitRef="TWD">214000000</tw-gaap-ci:CurrentPortionLong-termLiability>
	<tw-gaap-ci:CurrentPortionLong-termLiability contextRef="From20100101To20100331" decimals="-3" unitRef="TWD">100000000</tw-gaap-ci:CurrentPortionLong-termLiability>
	<tw-gaap-ci:FixedAssetsTransferredInventories contextRef="From20110101To20110331" decimals="-3" unitRef="TWD">666000</tw-gaap-ci:FixedAssetsTransferredInventories>
	<tw-gaap-ci:FixedAssetsTransferredInventories contextRef="From20100101To20100331" decimals="-3" unitRef="TWD">5453000</tw-gaap-ci:FixedAssetsTransferredInventories>
	<tw-gaap-ar:AccountantName contextRef="AsOf20110425">安侯建業聯合會計師事務所</tw-gaap-ar:AccountantName>
	<tw-gaap-ar:AssuranceAccountantName1 contextRef="AsOf20110425">陳嘉修</tw-gaap-ar:AssuranceAccountantName1>
	<tw-gaap-ar:AssuranceAccountantName2 contextRef="AsOf20110425">張淑瑩</tw-gaap-ar:AssuranceAccountantName2>
	<tw-gaap-ar:ReviewAuditDate contextRef="AsOf20110425">2011-04-25</tw-gaap-ar:ReviewAuditDate>
	<tw-gaap-ar:ReviewReport contextRef="AsOf20110425">Y</tw-gaap-ar:ReviewReport>
	<tw-gaap-ar:QualifiedOpinionAdditionOtherItemExplainatoryParagraph contextRef="AsOf20110425">Y</tw-gaap-ar:QualifiedOpinionAdditionOtherItemExplainatoryParagraph>
	<tw-gaap-ar:ContainOtherAccountantsReport contextRef="AsOf20110425">Y</tw-gaap-ar:ContainOtherAccountantsReport>
	<tw-gaap-ar:ByInvestmentCompaniesWithoutAccountantAuditReportRecognizedGainLoss contextRef="AsOf20110425">Y</tw-gaap-ar:ByInvestmentCompaniesWithoutAccountantAuditReportRecognizedGainLoss>
	<tw-gaap-ar:DescriptionEmphasizeItemBody contextRef="AsOf20110425"><![CDATA[]]></tw-gaap-ar:DescriptionEmphasizeItemBody>
	<tw-gaap-ar:DescriptionOtherItemBody contextRef="AsOf20110425"><![CDATA[]]></tw-gaap-ar:DescriptionOtherItemBody>
	<tw-gaap-ar:AccountantsReportBody contextRef="AsOf20110425"><![CDATA[泰山企業股份有限公司董事會　公鑒： 

泰山企業股份有限公司民國一○○年及九十九年三月三十一日之資產負債表，暨截至各該日止之民國一○○年及九十九年第一季之損益表及現金流量表，業經本會計師核閱竣事。上開財務季報表之編製係管理階層之責任，本會計師之責任則為根據核閱結果出具報告。泰山企業股份有限公司部份採權益法評價之長期股權投資中，有關全家便利商店股份有限公司同期間之財務季報表未經本會計師核閱，而係由其他會計師核閱，因此，本會計師對上開財務季報表之核閱結果，有關全家便利商店股份有限公司財務季報表所列之金額，係依據其他會計師之核閱結果。民國一○○年及九十九年三月三十一日對全家便利商店股份有限公司認列長期股權投資金額分別為1,742,915千元及1,708,098千元，分別占資產總額之21.84%及22.81%，民國一○○年及九十九年第一季認列之投資收益分別為33,935千元及32,025千元，分別占稅前淨利之169.84%及53.68%。
除下段所述者外，本會計師係依照審計準則公報第三十六號「財務報表之核閱」規劃並執行核閱工作。由於本會計師僅實施分析、比較與查詢，並未依照一般公認審計準則查核，故無法對上開財務季報表整體表示查核意見。
如附註四(五)所述，泰山企業股份有限公司民國一○○年及九十九年三月三十一日採權益法之長期股權投資分別為878,792千元及812,073千元，暨民國一○○年及九十九年第一季採權益法認列之投資利益分別為9,827千元及9,458千元，係依據該些被投資公司同期間未經會計師核閱之財務報表為依據。另，附註十一(二)「轉投資事業相關資訊」係由被投資公司所提供，本會計師未依第二段所述之核閱程序執行核閱工作。
依本會計師核閱結果及其他會計師核閱報告，除上段所述該等被投資公司之財務季報表及被投資公司相關資訊倘經會計師核閱，對第一段所述之財務季報表可能有所調整之影響外，並未發現第一段所述財務季報表在所有重大方面有違反證券發行人財務報告編製準則、商業會計法及商業會計處理準則中與財務會計準則相關之規定及一般公認會計原則而須作修正之情事。

]]></tw-gaap-ar:AccountantsReportBody>
	<tw-gaap-notes:FinancialReportNotes contextRef="From20110101To20110331"><![CDATA[http://doc.twse.com.tw/server-java/t57sb01?step=1&colorchg=1&co_id=1218&year=100&seamon=1&mtype=A&]]></tw-gaap-notes:FinancialReportNotes>
	<tw-gaap-notes:OrganizationAndOperations contextRef="From20110101To20110331"><![CDATA[泰山企業股份有限公司（以下稱本公司）設立於民國四十九年十月二十六日，業務經營以油脂之煉製加工及批發零售、飼料之加工及批發零售、各種清涼飲料之加工製造及批發零售，及委託營造廠商興建一般工業用地之廠房、倉庫出租出售業務，投資興闢都市計劃內市場、公園、地下街、兒童遊樂場、停車場等公共設施，以及住宅及大樓開發租售業等為主。
民國一○○年及九十九年三月三十一日，本公司員工人數分別為483人及472人。
]]></tw-gaap-notes:OrganizationAndOperations>
	<tw-gaap-notes:SummaryOfSignificantAccountingPolicies contextRef="From20110101To20110331"><![CDATA[本公司財務報表係依照證券發行人財務報告編製準則、商業會計法、商業會計處理準則及我國一般公認會計原則編製。重要會計政策及衡量基礎彙總說明如下：
(一)會計估計  
本公司於編製財務報表時，業已依規定對財務報表所列資產、負債、收益、費損及或有事項，採用必要之假設及估計加以衡量、評估與揭露，惟該等估計與實際結果可能存有差異。
(二)外幣交易及外幣財務報表之換算  
本公司以新台幣記帳。非衍生性商品之外幣交易依交易日之即期匯率入帳；資產負債表日之外幣貨幣性資產或負債，依當日之即期匯率換算，產生之兌換差額列為當期損益。外幣非貨幣性資產或負債按交易日之歷史匯率衡量；但以公平價值衡量之外幣非貨幣性資產或負債，則按資產負債表日即期匯率換算，如屬公平價值變動認列為當期損益者，兌換差額亦認列為當期損益；如屬公平價值變動認列為股東權益調整項目者，兌換差額亦認列為股東權益調整項目。
本公司採權益法評價之國外長期股權投資皆以功能性貨幣記帳，其外幣財務報表換算為本國貨幣財務報表所產生之換算差額列入股東權益項下之累積換算調整數。
(三)資產與負債區分流動與非流動之分類標準  
本公司財務報表對於營建部門之相關資產及負債係以營業週期(通常超過一年以上)，作為劃分流動與非流動之標準。其餘用途未受限制之現金或約當現金及為交易目的而持有或短期持有且預期將於資產負債日後十二個月內變現之資產，列為流動資產；非屬流動資產者列為非流動資產。負債預期於資產負債表日後十二個月內清償者列為流動負債；非屬流動負債者列為非流動負債。
 
(四)資產減損  
本公司於資產負債表日就有減損跡象之資產(個別資產或現金產生單位)，估計其可回收金額，就可回收金額低於帳面價值之資產，認列減損損失。商譽以外之資產於以前年度所認列之累積減損損失，嗣後若已不存在或減少，即予迴轉，增加資產帳面價值至可回收金額，惟不超過資產在未認列減損損失下，減除應提列折舊或攤銷後之數。
商譽、非確定耐用年限無形資產及尚未可供使用之無形資產，則每年定期進行減損測試，並就可回收金額低於帳面價值之部分，認列減損損失。
(五)約當現金  
約當現金係指隨時可轉換成定額現金且即將到期而其利率變動對價值影響甚少之短期且具高度流動性之投資，包括自投資日起三個月內到期或清償之國庫券、商業本票及銀行承兌匯票等。
(六)金融商品  
本公司對金融商品交易係採交易日會計，於原始認列時，將金融商品以公平價值衡量，除以公平價值衡量且公平價值變動認列為損益之金融商品外，其他金融商品之原始認列金額則加計取得或發行之交易成本。在原始認列後，依本公司持有或發行之目的分類及衡量如下：
1.公平價值變動列入損益之金融資產及負債：取得或發生之主要目的為短期內出售或再買回之交易目的金融商品，本公司所持有之衍生性金融商品，除被指定且為有效之避險工具外，餘應歸類為此類金融資產及負債。係以公平價值評價且公平價值變動認列為當期損益。
2.備供出售金融資產：係以公平價值評價，除減損損失及貨幣性金融資產外幣兌換損益外，於金融資產除列前，認列為股東權益調整項目。於除列時，將累積之利益或損失列入當期損益。若有減損之客觀證據，則認列減損損失。若後續期間減損金額減少，備供出售權益商品之減損減少金額，認列為股東權益調整項目；備供出售債務商品之減損減少金額若明顯與認列減損後發生之事件有關，則予以迴轉並認列為當期損益。
3.以成本衡量之金融資產：無法可靠衡量公平價值之權益商品投資，以原始認列之成本衡量。若有減損之客觀證據，則認列減損損失，此減損金額不予迴轉。
4.放款及應收款及其他金融負債：自民國一○○年一月一日起係以有效利率計算攤銷後成本及其利息收入或利息成本。針對金融資產，本公司首先評估以攤銷後成本衡量之金融資產，是否存在客觀證據，顯示重大個別金融資產發生減損，以及非屬重大之個別金融資產單獨或共同發生減損。本公司若評估個別金融資產(無論該金融資產重大與否)無減損之客觀證據，須再將其納入一組類似信用風險特徵之金融資產，並評估該組資產是否發生減損。個別評估減損並已認列或持續認列減損損失之
 
金融資產，無須以前述方式評估減損。本公司對以攤銷後成本衡量之金融資產，若有減損之客觀證據，則應認列減損損失。減損金額為金融資產之帳面價值與其估計未來現金流量採原始有效利率折現之現值間之差額。金融資產之帳面價值係藉由(直接以)備抵帳戶調降之，減損金額應列為當期損益。於決定減損金額時，預期未來現金流量之估計係包括擔保品及相關保險之可回收金額。若後續期間減損金額減少，而該減少明顯與認列減損後發生之事件有關(例如債務人之信用等級改善)，則先前認列之金融資產減損金額應直接或藉由調整備抵帳戶迴轉，但該迴轉不應使金融資產帳面金額大於未認列減損情況下之攤銷後成本。迴轉之金額應認列為當期損益。
本公司依財務會計準則公報第三十四號第二次修訂條文之規定，將原分類為公平價值變動列入損益之金融資產（非屬衍生性商品及原始指定公平價值變動列入損益者），得重分類至其他類別；將原分類為備供出售之金融資產，若符合放款及應收款定義時，得重分類至放款及應收款。重分類日之會計處理如下：
1.原分類為公平價值變動列入損益之金融資產，符合放款及應收款定義，且企業有意圖及能力持有該金融資產至可預見之未來或到期日者，係以重分類日之公平價值作為重分類之新成本或攤銷後成本。原已認列之相關損益不予迴轉。
2.原分類為公平價值變動列入損益之金融資產，非前述之情況者，係以重分類日之公平價值作為重分類之新成本或攤銷後成本。原已認列之相關損益不予迴轉。
3.原分類為備供出售之金融資產，且符合放款及應收款定義，且企業有意圖及能力持有該金融資產至可預見之未來或到期日者，係以重分類日之公平價值作為重分類之新成本或攤銷後成本。
原已認列為業主權益調整項目之相關損益，如具固定到期日者，係於剩餘期間內攤銷為當期損益；如未具固定到期日者，係繼續列為業主權益調整項目。
(七)衍生性金融商品及避險  
本公司持有之衍生性金融商品係用以規避因營運、財務及投資活動所暴露之匯率與利率風險。依此政策，本公司所持有或發行之衍生性金融商品係以避險為目的。當所持有之衍生性商品不適用避險會計之條件時，則視為交易目的之金融商品。
(八)備抵呆帳  
民國九十九年第一季備抵呆帳之提列係依各應收款項之可收現性評估提列。備抵呆帳金額之決定，係依據過去收款經驗、客戶信用評等、帳齡分析並考量內部授信政策後提列。
(九)存貨  
存貨之原始成本為使存貨達到可供銷售或可供生產之狀態及地點所發生之必要支出，其中固定製造費用係按生產設備之正常產能分攤至製成品，若實際產量與正常產能差異不大，亦得按實際產量分攤固定製造費用；實際產量若異常高於正常產能，則
 
應以實際產量分攤固定製造費用。變動製造費用則以實際產量為分攤基礎。續後，以成本與淨變現價值孰低，成本係採加權平均法計算，淨變現價值則以資產負債表日正常營業下之估計售價減除至完工尚需投入之成本及銷售費用為計算基礎。
(十)營建會計及收入認列  
本公司投資興建房屋，按各不同工程分別計算成本。除以包工包料方式委託他人建屋預售，並符合下列條件者，以完工比例法認列出售房地利益外，其餘均於工程完工交屋時結算損益：
1.工程之進度已逾籌劃階段，亦即工程之設計、規劃、承包、整地均已完成，工程之建造可隨時進行。
2.預售契約總額已達估計工程總成本。
3.買方支付之價款已達契約總價款百分之十五。
4.應收契約款之收現性可合理估計。
5.履行合約所須投入工程總成本與期末完工程度均可合理估計。
6.歸屬於售屋契約之成本可合理辨認。
採完工比例法時，有關完工比例之衡量係按工程實際完工程度作為衡量標準。
購入或換入土地，於取得所有權後列記「營建用地」，取得土地所有權前支付之購地價款列記「預付土地款」；投入各項工程之營建土地及建築成本列記「在建工程」，俟工程完工始結轉為「待售房地」；預售房地收取之價款列記「預收房地款」，因預售而發生之銷售費用列記「遞延推銷費用」。採完工交屋法時，於完工交屋年度，「待售房地」、「預收房地款」與「遞延推銷費用」均按出售部份結轉為當期損益；採完工比例法時，每期以期末完工比例及出售比例累積計算銷售利益，減除前期已認列之累積利益後，作為本期銷售利益。
有關完工交屋損益歸屬年度之認定，係以工程已完工達可交屋狀態且已實際交付房地並完成所有權移轉之日期為準。若於資產負債表日完成交屋或所有權移轉且於期後期間完成另一點亦可提前認列該交屋損益。
正在進行使在建工程（包括營建土地及建築成本）達到可用或完工狀態前所發生之利息支出予以資本化。
工程已售未售成本之分攤，採售價比例或建坪比例，但擇定以後同一工程前後年度不得變更。
營建用地、在建工程及待售房地以成本為列帳基礎，於期末如有充分證據顯示市價低於成本時，則提列備抵跌價損失。
(十一)採權益法之長期股權投資  
本公司及其具控制力之他公司共同持有被投資公司有表決權股份比例達百分之二十以上，或未達百分之二十但具有重大影響力者，採權益法評價。其投資成本與按持股比例計算之被投資公司淨值之差額，自民國九十五年一月一日起分別依下列方式處
 
理：
1.原已分析產生原因者，則依原分析結果繼續處理，惟屬於商譽部分不再攤銷，原已攤銷部份不得迴轉。
2.原係就差額總數選擇一定年限攤銷，則尚未攤銷之餘額屬投資成本超過所取得股權淨值者，比照商譽處理(意即不再攤銷，原已攤銷部份不得迴轉)。
3.屬遞延貸項部分，依剩餘攤銷年限繼續攤銷。
商譽每年定期進行之減損測試，且發生特定事項或環境改變顯示商譽可能發生減損時，應立即進行減損測試，並就可回收金額低於帳面價值之部分，認列減損損失。
出售時，以售價與處分日該投資帳面價值之差額，作為長期股權投資處分損益，帳上如有因長期股權投資產生之資本公積餘額時，則按出售比例轉列當期損益。
本公司對具有控制力之被投資公司，除依權益法評價外，並分別於第一、三季、半年度及年度終了時，編製合併財務報表。
本公司與採權益法評價之被投資公司間交易及各子公司間交易所產生之損益尚未實現者，予以遞延。交易損益如屬折舊性或攤銷性之資產所產生者，依其效益年限逐年承認；其他類資產所產生者，於實現年度承認。
本公司非按持股比例認購或取得被投資公司增發之新股，致投資比例發生變動，而使投資之股權淨值發生增減時，其增減數調整資本公積。若此項調整係沖減資本公積，但由長期投資所產生之資本公積餘額不足時，其差額則沖銷保留盈餘。
本公司具重大影響力但未達控制力者，若因認列被投資公司之長期股權投資及墊款之帳面餘額為負數時，其投資損失之認列以使對該公司投資及墊款之帳面餘額降至零為限。若本公司意圖繼續支持被投資公司，或被投資公司之虧損係屬短期性質，有充分之證據顯示將於未來短期內回復獲利之營運，則繼續按持股比例認列長期股權投資之投資損失；本公司具控制力之被投資公司如股權淨值發生負數時，除被投資公司之其他股東有義務並能提出額外資金承擔其損失者外，由本公司全額吸收超過被投資公司股東原有權益之損失金額。本公司因上述處理致使對被投資公司之投資及墊款之帳面價值發生貸方餘額時，在資產負債表中列為負債。
(十二)固定資產、出租資產及閒置資產  
固定資產以取得成本或重估增值為入帳基礎，土地重估係按土地公告現值調整土地帳面價值並估列土地增值稅準備，帳列長期負債。土地重估增值及土地重估增值稅準備於該土地移轉時與成本一併移轉。重大增添、改良及重置支出列為資本支出。維護及修理費用列為當期費用。購建資產支出已發生，並正在進行使該資產達可使用狀態前所發生之利息予以資本化，固定資產已無使用或發生閒置者，則將該資產之成本－累計折舊及累計減損一併轉列閒置資產。
閒置及出租資產以原科目之成本、累計折舊及累計減損予以轉列其他資產，並繼續攤提折舊，且依財務會計準則公報第三十五號之規定，評估減損及進行減損測試。
 
本公司自民國九十七年十一月二十日起，依中華民國會計研究發展基金會解釋函令97.11.20基秘字第340號，將固定資產於非用以生產存貨之期間所估計之拆除或復原義務列為固定資產成本。而一項固定資產之任一組成部分，相對於總成本而言係屬重大時，則該部分係個別提列折舊。本公司每年定期於會計年度終了時，評估固定資產剩餘耐用年限、折舊方法及殘值。剩餘耐用年限、折舊方法及殘值之變動，均視為會計估計變動。
資產折舊係就估計使用年限採平均法計提，其耐用年限如下：
	房　 屋　及　建 　築		10～55年
	機　　器　　設　　備		5～10年
	運　　輸　　設　　備		5年
	機　　具　　設　　備		3～10年
	出　　租　　資　　產		25～35年
	其　　他　　設　　備		3～7年
處分固定資產之損益列為營業外收支。
(十三)退休金  
本公司訂有職工退休辦法，涵蓋所有正式任用員工。依該辦法規定，員工退休金之支付，係根據服務年資所獲得之基數及其退休前六個月之平均薪資計算。其中所獲得之基數係依每位員工前十五年之服務，每服務滿一年可獲得二個基數，自第十六年起，每服務滿一年可獲得一個基數計算而得。在該退休辦法下，退休金給付全數由本公司負擔。自民國九十四年七月一日起配合勞工退休金條例(以下簡稱「新制」)之實施，原適用該辦法之員工如經選擇適用新制後之服務年資或新制施行後到職之員工其服務年資改採確定提撥制，其退休金之給付由本公司按月以不低於每月工資百分之六提繳退休金，儲存於勞工退休金個人專戶。
本公司採用財務會計準則公報第十八號「退休金會計處理準則」，採確定給付退休辦法部份以資產負債表日為衡量日完成精算，其累積給付義務超過退休基金資產公平價值部份，於資產負債表認列最低退休金負債。並依證券主管機關之規定，自民國八十五年一月一日起依該公報之規定認列淨退休金成本，包括當期服務成本等及過渡性淨資產、前期服務成本與退休金損益依員工平均剩餘服務年限十五年採直線法攤銷之數。本公司依勞動基準法之規定，按月依薪資總額百分之六、自民國九十五年十月改按百分之十提撥勞工退休準備金，專戶儲存於台灣銀行。
採確定提撥退休辦法部份，本公司依勞工退休金條例之規定，依勞工每月工資百分之六之提繳率，提撥至勞工保險局，提撥數列為當期費用。
(十四)員工紅利及董監酬勞  
本公司民國九十七年一月一日（含）以後之員工紅利及董監酬勞係依會計研究發展基金會(96)基秘字第052號解釋函之規定，估計員工紅利及董監酬勞金額，並依員工紅利及董監酬勞之性質列為營業成本或營業費用項下之適當會計科目。嗣後股東會決議與財務報表估列數如有差異，視為估計變動，列為當期損益。
 
(十五)收入、成本及費用  
收入於獲利過程大部分已完成，且已實現或可實現時認列，相關成本配合收入於發生時認列。費用則依權責發生制於發生時認列為當期費用。
(十六)所得稅  
本公司所得稅之計算係採用財務會計準則公報第二十二號「所得稅之會計處理準則」，依此方法，資產及負債之帳面價值與課稅基礎之差異，依預計回轉年度之適用稅率計算認列為遞延所得稅。並將應課稅暫時性差異所產生之所得稅影響數認列為遞延所得稅負債，與將可減除暫時性差異、虧損扣抵及所得稅抵減所產生之所得稅影響數認列為遞延所得稅資產，再評估其遞延所得稅資產之可實現性，認列其備抵評價金額。遞延所得稅負債或資產依其相關資產或負債之分類，劃分為流動或非流動項目，非與資產或負債相關者，則依預期回轉期間之長短，劃分為流動或非流動項目。
購買設備或技術、研究發展人才培訓等支出所產生之所得稅抵減，採用當期認列法處理。
本公司未分配盈餘加徵百分之十營利事業所得稅部份，於次年度經股東會決議分配盈餘之後列為當期費用。
(十七)每股盈餘  
普通股每股盈餘係以本期淨利除以普通股流通在外加權平均股數計算之。本公司未經股東會決議且得採股票發放之員工分紅屬潛在普通股，潛在普通股如均未具稀釋作用，僅揭露基本每股盈餘，反之，則除揭露基本每股盈餘外，並揭露稀釋每股盈餘。稀釋每股盈餘，則假設所有具稀釋作用之潛在普通股均於當期流通在外，故本期淨利及流通在外普通股股數均須調整所有具稀釋作用潛在普通股之影響。因盈餘、資本公積或民國九十七年度(含)以前股東會決議分配之員工紅利轉增資而新增之股份，採追溯調整計算。
(十八)營運部門資訊之揭露  
本公司已於合併財務季報表揭露部門資訊，因此個別財務季報表不揭露部門資訊。
]]></tw-gaap-notes:SummaryOfSignificantAccountingPolicies>
	<tw-gaap-notes:ChangesInAccountingPrinciples contextRef="From20110101To20110331"><![CDATA[(一)本公司自民國一○○年一月一日起，首次適用財務會計準則公報第三十四號「金融商品之會計處理準則」第三次修訂條文。依該號公報規定，帳列原始產生之放款及應收款應適用該公報放款及應收款之認列、續後評價及減損等規定。財務困難債務整理及債務商品協商之新合約與條款修改之交易亦自民國一○○年一月一日起，依該公報第三次修訂條文之規定處理。前述變動對本公司民國一○○年第一季淨利、股東權益及每股盈餘並無影響。
(二)本公司自民國一○○年一月一日起，首次適用財務會計準則公報第四十一號「營運部門資訊之揭露」。依該號公報規定，企業應揭露有助於財務報表使用者評估企業所從
 
事經營活動與所處經濟環境之性質及財務影響之資訊。本公司以內部提供予營運決策者之資訊為基礎，以決定與表達營運部門。另依該公報規定本公司已於合併財務季報表揭露部門資訊，因此個別財務季報表不揭露部門資訊。該號公報亦取代財務會計準則公報第二十號「部門別財務資訊之揭露」。前述會計原則變動對本公司民國一○○年第一季財務季報表不產生損益之影響。
]]></tw-gaap-notes:ChangesInAccountingPrinciples>
</xbrl>

<!--This instance document is created by SIIAP V1.4.5-->
