<?xml version="1.0" encoding="UTF-8"?><xbrli:xbrl xmlns="http://www.xbrl.org/2003/instance" xmlns:iso4217="http://www.xbrl.org/2003/iso4217" xmlns:link="http://www.xbrl.org/2003/linkbase" xmlns:tw-gaap-ar="http://www.xbrl.org/tw/fr/gaap/ar/2010-12-31" xmlns:tw-gaap-ci="http://www.xbrl.org/tw/fr/gaap/tw-gaap-ci-2010-12-31" xmlns:tw-gaap-notes="http://www.xbrl.org/tw/fr/gaap/notes/2010-12-31" xmlns:xbrldi="http://xbrl.org/2006/xbrldi" xmlns:xbrldt="http://xbrl.org/2005/xbrldt" xmlns:xbrli="http://www.xbrl.org/2003/instance" xmlns:xlink="http://www.w3.org/1999/xlink">
  <link:schemaRef xlink:arcrole="http://www.w3.org/1999/xlink/properties/linkbase" xlink:href="tw-gaap-ci-2010-12-31.xsd" xlink:type="simple" xmlns:xlink="http://www.w3.org/1999/xlink" xmlns:link="http://www.xbrl.org/2003/linkbase" />
  <xbrli:context id="AsOf20110101">
    <xbrli:entity>
      <xbrli:identifier scheme="http://www.twse.com.tw">1215</xbrli:identifier>
    </xbrli:entity>
    <xbrli:period>
      <xbrli:instant>2011-01-01</xbrli:instant>
    </xbrli:period>
  </xbrli:context>
  <xbrli:context id="AsOf20110331">
    <xbrli:entity>
      <xbrli:identifier scheme="http://www.twse.com.tw">1215</xbrli:identifier>
    </xbrli:entity>
    <xbrli:period>
      <xbrli:instant>2011-03-31</xbrli:instant>
    </xbrli:period>
  </xbrli:context>
  <xbrli:context id="From20110101To20110331">
    <xbrli:entity>
      <xbrli:identifier scheme="http://www.twse.com.tw">1215</xbrli:identifier>
    </xbrli:entity>
    <xbrli:period>
      <xbrli:startDate>2011-01-01</xbrli:startDate>
      <xbrli:endDate>2011-03-31</xbrli:endDate>
    </xbrli:period>
  </xbrli:context>
  <xbrli:context id="AsOf20100101">
    <xbrli:entity>
      <xbrli:identifier scheme="http://www.twse.com.tw">1215</xbrli:identifier>
    </xbrli:entity>
    <xbrli:period>
      <xbrli:instant>2010-01-01</xbrli:instant>
    </xbrli:period>
  </xbrli:context>
  <xbrli:context id="AsOf20100331">
    <xbrli:entity>
      <xbrli:identifier scheme="http://www.twse.com.tw">1215</xbrli:identifier>
    </xbrli:entity>
    <xbrli:period>
      <xbrli:instant>2010-03-31</xbrli:instant>
    </xbrli:period>
  </xbrli:context>
  <xbrli:context id="From20100101To20100331">
    <xbrli:entity>
      <xbrli:identifier scheme="http://www.twse.com.tw">1215</xbrli:identifier>
    </xbrli:entity>
    <xbrli:period>
      <xbrli:startDate>2010-01-01</xbrli:startDate>
      <xbrli:endDate>2010-03-31</xbrli:endDate>
    </xbrli:period>
  </xbrli:context>
  <xbrli:context id="AsOf20110419">
    <xbrli:entity>
      <xbrli:identifier scheme="http://www.twse.com.tw">1215</xbrli:identifier>
    </xbrli:entity>
    <xbrli:period>
      <xbrli:instant>2011-04-19</xbrli:instant>
    </xbrli:period>
  </xbrli:context>
  <xbrli:unit id="TWD">
    <xbrli:measure>iso4217:TWD</xbrli:measure>
  </xbrli:unit>
  <xbrli:unit id="Shares">
    <xbrli:measure>xbrli:shares</xbrli:measure>
  </xbrli:unit>
  <xbrli:unit id="EarningsPerShare">
    <xbrli:divide>
      <xbrli:unitNumerator>
        <xbrli:measure>iso4217:TWD</xbrli:measure>
      </xbrli:unitNumerator>
      <xbrli:unitDenominator>
        <xbrli:measure>xbrli:shares</xbrli:measure>
      </xbrli:unitDenominator>
    </xbrli:divide>
  </xbrli:unit>
  <tw-gaap-ci:CashCashEquivalents contextRef="AsOf20100331" decimals="-3" unitRef="TWD">32361000</tw-gaap-ci:CashCashEquivalents>
  <tw-gaap-ci:CashCashEquivalents contextRef="AsOf20110331" decimals="-3" unitRef="TWD">34120000</tw-gaap-ci:CashCashEquivalents>
  <tw-gaap-ci:NetNotesReceivable contextRef="AsOf20100331" decimals="-3" unitRef="TWD">334880000</tw-gaap-ci:NetNotesReceivable>
  <tw-gaap-ci:NetNotesReceivable contextRef="AsOf20110331" decimals="-3" unitRef="TWD">337652000</tw-gaap-ci:NetNotesReceivable>
  <tw-gaap-ci:NetNotesReceivableRelatedParties contextRef="AsOf20100331" decimals="-3" unitRef="TWD">1004000</tw-gaap-ci:NetNotesReceivableRelatedParties>
  <tw-gaap-ci:NetNotesReceivableRelatedParties contextRef="AsOf20110331" decimals="-3" unitRef="TWD">0</tw-gaap-ci:NetNotesReceivableRelatedParties>
  <tw-gaap-ci:NetAccountsReceivable contextRef="AsOf20100331" decimals="-3" unitRef="TWD">906230000</tw-gaap-ci:NetAccountsReceivable>
  <tw-gaap-ci:NetAccountsReceivable contextRef="AsOf20110331" decimals="-3" unitRef="TWD">1082328000</tw-gaap-ci:NetAccountsReceivable>
  <tw-gaap-ci:NetAccountsReceivableRelatedParties contextRef="AsOf20100331" decimals="-3" unitRef="TWD">2329000</tw-gaap-ci:NetAccountsReceivableRelatedParties>
  <tw-gaap-ci:NetAccountsReceivableRelatedParties contextRef="AsOf20110331" decimals="-3" unitRef="TWD">2491000</tw-gaap-ci:NetAccountsReceivableRelatedParties>
  <tw-gaap-ci:OtherReceivablesOther contextRef="AsOf20100331" decimals="-3" unitRef="TWD">25948000</tw-gaap-ci:OtherReceivablesOther>
  <tw-gaap-ci:OtherReceivablesOther contextRef="AsOf20110331" decimals="-3" unitRef="TWD">29534000</tw-gaap-ci:OtherReceivablesOther>
  <tw-gaap-ci:OtherFinancialAssetsCurrent contextRef="AsOf20100331" decimals="-3" unitRef="TWD">0</tw-gaap-ci:OtherFinancialAssetsCurrent>
  <tw-gaap-ci:OtherFinancialAssetsCurrent contextRef="AsOf20110331" decimals="-3" unitRef="TWD">1000000</tw-gaap-ci:OtherFinancialAssetsCurrent>
  <tw-gaap-ci:Inventories contextRef="AsOf20100331" decimals="-3" unitRef="TWD">1281095000</tw-gaap-ci:Inventories>
  <tw-gaap-ci:Inventories contextRef="AsOf20110331" decimals="-3" unitRef="TWD">1350923000</tw-gaap-ci:Inventories>
  <tw-gaap-ci:PrepaidExpenses contextRef="AsOf20100331" decimals="-3" unitRef="TWD">27158000</tw-gaap-ci:PrepaidExpenses>
  <tw-gaap-ci:PrepaidExpenses contextRef="AsOf20110331" decimals="-3" unitRef="TWD">38187000</tw-gaap-ci:PrepaidExpenses>
  <tw-gaap-ci:OtherPrepayments contextRef="AsOf20100331" decimals="-3" unitRef="TWD">101916000</tw-gaap-ci:OtherPrepayments>
  <tw-gaap-ci:OtherPrepayments contextRef="AsOf20110331" decimals="-3" unitRef="TWD">413271000</tw-gaap-ci:OtherPrepayments>
  <tw-gaap-ci:DeferredIncomeTaxAssetsCurrent contextRef="AsOf20100331" decimals="-3" unitRef="TWD">16868000</tw-gaap-ci:DeferredIncomeTaxAssetsCurrent>
  <tw-gaap-ci:DeferredIncomeTaxAssetsCurrent contextRef="AsOf20110331" decimals="-3" unitRef="TWD">15974000</tw-gaap-ci:DeferredIncomeTaxAssetsCurrent>
  <tw-gaap-ci:LongtermInvestmentsEquity contextRef="AsOf20100331" decimals="-3" unitRef="TWD">1182033000</tw-gaap-ci:LongtermInvestmentsEquity>
  <tw-gaap-ci:LongtermInvestmentsEquity contextRef="AsOf20110331" decimals="-3" unitRef="TWD">1930030000</tw-gaap-ci:LongtermInvestmentsEquity>
  <tw-gaap-ci:Land contextRef="AsOf20100331" decimals="-3" unitRef="TWD">96197000</tw-gaap-ci:Land>
  <tw-gaap-ci:Land contextRef="AsOf20110331" decimals="-3" unitRef="TWD">221626000</tw-gaap-ci:Land>
  <tw-gaap-ci:LandImprovements contextRef="AsOf20100331" decimals="-3" unitRef="TWD">21927000</tw-gaap-ci:LandImprovements>
  <tw-gaap-ci:LandImprovements contextRef="AsOf20110331" decimals="-3" unitRef="TWD">23229000</tw-gaap-ci:LandImprovements>
  <tw-gaap-ci:BuildingsStructures contextRef="AsOf20100331" decimals="-3" unitRef="TWD">1354831000</tw-gaap-ci:BuildingsStructures>
  <tw-gaap-ci:BuildingsStructures contextRef="AsOf20110331" decimals="-3" unitRef="TWD">1401234000</tw-gaap-ci:BuildingsStructures>
  <tw-gaap-ci:MachineryEquipment contextRef="AsOf20100331" decimals="-3" unitRef="TWD">1673728000</tw-gaap-ci:MachineryEquipment>
  <tw-gaap-ci:MachineryEquipment contextRef="AsOf20110331" decimals="-3" unitRef="TWD">1723412000</tw-gaap-ci:MachineryEquipment>
  <tw-gaap-ci:TransportationEquipment contextRef="AsOf20100331" decimals="-3" unitRef="TWD">75743000</tw-gaap-ci:TransportationEquipment>
  <tw-gaap-ci:TransportationEquipment contextRef="AsOf20110331" decimals="-3" unitRef="TWD">80000000</tw-gaap-ci:TransportationEquipment>
  <tw-gaap-ci:LeasedAssets contextRef="AsOf20100331" decimals="-3" unitRef="TWD">0</tw-gaap-ci:LeasedAssets>
  <tw-gaap-ci:LeasedAssets contextRef="AsOf20110331" decimals="-3" unitRef="TWD">4116000</tw-gaap-ci:LeasedAssets>
  <tw-gaap-ci:LeaseholdImprovements contextRef="AsOf20100331" decimals="-3" unitRef="TWD">75198000</tw-gaap-ci:LeaseholdImprovements>
  <tw-gaap-ci:LeaseholdImprovements contextRef="AsOf20110331" decimals="-3" unitRef="TWD">108760000</tw-gaap-ci:LeaseholdImprovements>
  <tw-gaap-ci:OtherFacilities contextRef="AsOf20100331" decimals="-3" unitRef="TWD">152930000</tw-gaap-ci:OtherFacilities>
  <tw-gaap-ci:OtherFacilities contextRef="AsOf20110331" decimals="-3" unitRef="TWD">159657000</tw-gaap-ci:OtherFacilities>
  <tw-gaap-ci:RevaluationIncrement contextRef="AsOf20100331" decimals="-3" unitRef="TWD">16957000</tw-gaap-ci:RevaluationIncrement>
  <tw-gaap-ci:RevaluationIncrement contextRef="AsOf20110331" decimals="-3" unitRef="TWD">16957000</tw-gaap-ci:RevaluationIncrement>
  <tw-gaap-ci:AccumulatedDepreciation contextRef="AsOf20100331" decimals="-3" unitRef="TWD">2422598000</tw-gaap-ci:AccumulatedDepreciation>
  <tw-gaap-ci:AccumulatedDepreciation contextRef="AsOf20110331" decimals="-3" unitRef="TWD">2572371000</tw-gaap-ci:AccumulatedDepreciation>
  <tw-gaap-ci:ConstructionProcessPrepaymentEquipments contextRef="AsOf20100331" decimals="-3" unitRef="TWD">8210000</tw-gaap-ci:ConstructionProcessPrepaymentEquipments>
  <tw-gaap-ci:ConstructionProcessPrepaymentEquipments contextRef="AsOf20110331" decimals="-3" unitRef="TWD">102024000</tw-gaap-ci:ConstructionProcessPrepaymentEquipments>
  <tw-gaap-ci:DeferredIncomeTaxAssetsNonCurrent contextRef="AsOf20100331" decimals="-3" unitRef="TWD">76676000</tw-gaap-ci:DeferredIncomeTaxAssetsNonCurrent>
  <tw-gaap-ci:DeferredIncomeTaxAssetsNonCurrent contextRef="AsOf20110331" decimals="-3" unitRef="TWD">70537000</tw-gaap-ci:DeferredIncomeTaxAssetsNonCurrent>
  <tw-gaap-ci:OtherAssetsOther_OtherAssetsOther contextRef="AsOf20100331" decimals="-3" unitRef="TWD">29817000</tw-gaap-ci:OtherAssetsOther_OtherAssetsOther>
  <tw-gaap-ci:OtherAssetsOther_OtherAssetsOther contextRef="AsOf20110331" decimals="-3" unitRef="TWD">37198000</tw-gaap-ci:OtherAssetsOther_OtherAssetsOther>
  <tw-gaap-ci:ShortTermBorrowings contextRef="AsOf20100331" decimals="-3" unitRef="TWD">617807000</tw-gaap-ci:ShortTermBorrowings>
  <tw-gaap-ci:ShortTermBorrowings contextRef="AsOf20110331" decimals="-3" unitRef="TWD">1315733000</tw-gaap-ci:ShortTermBorrowings>
  <tw-gaap-ci:ShorttermNotesBillsPayable contextRef="AsOf20100331" decimals="-3" unitRef="TWD">0</tw-gaap-ci:ShorttermNotesBillsPayable>
  <tw-gaap-ci:ShorttermNotesBillsPayable contextRef="AsOf20110331" decimals="-3" unitRef="TWD">84931000</tw-gaap-ci:ShorttermNotesBillsPayable>
  <tw-gaap-ci:NotesPayable contextRef="AsOf20100331" decimals="-3" unitRef="TWD">161090000</tw-gaap-ci:NotesPayable>
  <tw-gaap-ci:NotesPayable contextRef="AsOf20110331" decimals="-3" unitRef="TWD">194079000</tw-gaap-ci:NotesPayable>
  <tw-gaap-ci:AccountsPayable contextRef="AsOf20100331" decimals="-3" unitRef="TWD">312601000</tw-gaap-ci:AccountsPayable>
  <tw-gaap-ci:AccountsPayable contextRef="AsOf20110331" decimals="-3" unitRef="TWD">261007000</tw-gaap-ci:AccountsPayable>
  <tw-gaap-ci:AccountsPayableRelatedParties contextRef="AsOf20100331" decimals="-3" unitRef="TWD">1784000</tw-gaap-ci:AccountsPayableRelatedParties>
  <tw-gaap-ci:AccountsPayableRelatedParties contextRef="AsOf20110331" decimals="-3" unitRef="TWD">2631000</tw-gaap-ci:AccountsPayableRelatedParties>
  <tw-gaap-ci:IncomeTaxPayable contextRef="AsOf20100331" decimals="-3" unitRef="TWD">79899000</tw-gaap-ci:IncomeTaxPayable>
  <tw-gaap-ci:IncomeTaxPayable contextRef="AsOf20110331" decimals="-3" unitRef="TWD">54797000</tw-gaap-ci:IncomeTaxPayable>
  <tw-gaap-ci:AccruedExpenses contextRef="AsOf20100331" decimals="-3" unitRef="TWD">132066000</tw-gaap-ci:AccruedExpenses>
  <tw-gaap-ci:AccruedExpenses contextRef="AsOf20110331" decimals="-3" unitRef="TWD">168626000</tw-gaap-ci:AccruedExpenses>
  <tw-gaap-ci:LeasePayableCurrent contextRef="AsOf20100331" decimals="-3" unitRef="TWD">0</tw-gaap-ci:LeasePayableCurrent>
  <tw-gaap-ci:LeasePayableCurrent contextRef="AsOf20110331" decimals="-3" unitRef="TWD">407000</tw-gaap-ci:LeasePayableCurrent>
  <tw-gaap-ci:LongtermLeasesPayable contextRef="AsOf20100331" decimals="-3" unitRef="TWD">0</tw-gaap-ci:LongtermLeasesPayable>
  <tw-gaap-ci:LongtermLeasesPayable contextRef="AsOf20110331" decimals="-3" unitRef="TWD">2814000</tw-gaap-ci:LongtermLeasesPayable>
  <tw-gaap-ci:PensionReserve contextRef="AsOf20100331" decimals="-3" unitRef="TWD">296763000</tw-gaap-ci:PensionReserve>
  <tw-gaap-ci:PensionReserve contextRef="AsOf20110331" decimals="-3" unitRef="TWD">355856000</tw-gaap-ci:PensionReserve>
  <tw-gaap-ci:Long-termInvestmentsEquityCredit contextRef="AsOf20100331" decimals="-3" unitRef="TWD">0</tw-gaap-ci:Long-termInvestmentsEquityCredit>
  <tw-gaap-ci:Long-termInvestmentsEquityCredit contextRef="AsOf20110331" decimals="-3" unitRef="TWD">108000</tw-gaap-ci:Long-termInvestmentsEquityCredit>
  <tw-gaap-ci:CommonStock contextRef="AsOf20100331" decimals="-3" unitRef="TWD">2320268000</tw-gaap-ci:CommonStock>
  <tw-gaap-ci:CommonStock contextRef="AsOf20110331" decimals="-3" unitRef="TWD">2320268000</tw-gaap-ci:CommonStock>
  <tw-gaap-ci:CapitalSurplusOther contextRef="AsOf20100331" decimals="-3" unitRef="TWD">967000</tw-gaap-ci:CapitalSurplusOther>
  <tw-gaap-ci:CapitalSurplusOther contextRef="AsOf20110331" decimals="-3" unitRef="TWD">967000</tw-gaap-ci:CapitalSurplusOther>
  <tw-gaap-ci:LegalReserve contextRef="AsOf20100331" decimals="-3" unitRef="TWD">70680000</tw-gaap-ci:LegalReserve>
  <tw-gaap-ci:LegalReserve contextRef="AsOf20110331" decimals="-3" unitRef="TWD">97942000</tw-gaap-ci:LegalReserve>
  <tw-gaap-ci:SpecialReserve contextRef="AsOf20100331" decimals="-3" unitRef="TWD">88132000</tw-gaap-ci:SpecialReserve>
  <tw-gaap-ci:SpecialReserve contextRef="AsOf20110331" decimals="-3" unitRef="TWD">0</tw-gaap-ci:SpecialReserve>
  <tw-gaap-ci:UnappropriatedRetainedEarnings contextRef="AsOf20100331" decimals="-3" unitRef="TWD">373639000</tw-gaap-ci:UnappropriatedRetainedEarnings>
  <tw-gaap-ci:UnappropriatedRetainedEarnings contextRef="AsOf20110331" decimals="-3" unitRef="TWD">494772000</tw-gaap-ci:UnappropriatedRetainedEarnings>
  <tw-gaap-ci:CumulativeTranslationAdjustments contextRef="AsOf20100331" decimals="-3" unitRef="TWD">-30369000</tw-gaap-ci:CumulativeTranslationAdjustments>
  <tw-gaap-ci:CumulativeTranslationAdjustments contextRef="AsOf20110331" decimals="-3" unitRef="TWD">-60875000</tw-gaap-ci:CumulativeTranslationAdjustments>
  <tw-gaap-ci:NetLossNotRecognizedPensionCost contextRef="AsOf20100331" decimals="-3" unitRef="TWD">33201000</tw-gaap-ci:NetLossNotRecognizedPensionCost>
  <tw-gaap-ci:NetLossNotRecognizedPensionCost contextRef="AsOf20110331" decimals="-3" unitRef="TWD">60609000</tw-gaap-ci:NetLossNotRecognizedPensionCost>
  <tw-gaap-ci:UnrealizedGainsLossesFinancialInstruments contextRef="AsOf20100331" decimals="-3" unitRef="TWD">679312000</tw-gaap-ci:UnrealizedGainsLossesFinancialInstruments>
  <tw-gaap-ci:UnrealizedGainsLossesFinancialInstruments contextRef="AsOf20110331" decimals="-3" unitRef="TWD">1378435000</tw-gaap-ci:UnrealizedGainsLossesFinancialInstruments>
  <tw-gaap-ci:EquivalentSharesOutstandingAdvanceReceiptsCommonStock contextRef="AsOf20100331" decimals="0" unitRef="Shares">0</tw-gaap-ci:EquivalentSharesOutstandingAdvanceReceiptsCommonStock>
  <tw-gaap-ci:EquivalentSharesOutstandingAdvanceReceiptsCommonStock contextRef="AsOf20110331" decimals="0" unitRef="Shares">0</tw-gaap-ci:EquivalentSharesOutstandingAdvanceReceiptsCommonStock>
  <tw-gaap-ci:NumberTreasuryStockAcquiredCompanySubsidiaries contextRef="AsOf20100331" decimals="0" unitRef="Shares">0</tw-gaap-ci:NumberTreasuryStockAcquiredCompanySubsidiaries>
  <tw-gaap-ci:NumberTreasuryStockAcquiredCompanySubsidiaries contextRef="AsOf20110331" decimals="0" unitRef="Shares">0</tw-gaap-ci:NumberTreasuryStockAcquiredCompanySubsidiaries>
  <tw-gaap-ci:Assets contextRef="AsOf20100331" decimals="-3" unitRef="TWD">5071438000</tw-gaap-ci:Assets>
  <tw-gaap-ci:Assets contextRef="AsOf20110331" decimals="-3" unitRef="TWD">6611889000</tw-gaap-ci:Assets>
  <tw-gaap-ci:OtherAssets contextRef="AsOf20100331" decimals="-3" unitRef="TWD">106493000</tw-gaap-ci:OtherAssets>
  <tw-gaap-ci:OtherAssets contextRef="AsOf20110331" decimals="-3" unitRef="TWD">107735000</tw-gaap-ci:OtherAssets>
  <tw-gaap-ci:OtherAssetsOther contextRef="AsOf20100331" decimals="-3" unitRef="TWD">29817000</tw-gaap-ci:OtherAssetsOther>
  <tw-gaap-ci:OtherAssetsOther contextRef="AsOf20110331" decimals="-3" unitRef="TWD">37198000</tw-gaap-ci:OtherAssetsOther>
  <tw-gaap-ci:CurrentAssets contextRef="AsOf20100331" decimals="-3" unitRef="TWD">2729789000</tw-gaap-ci:CurrentAssets>
  <tw-gaap-ci:CurrentAssets contextRef="AsOf20110331" decimals="-3" unitRef="TWD">3305480000</tw-gaap-ci:CurrentAssets>
  <tw-gaap-ci:OtherReceivables contextRef="AsOf20100331" decimals="-3" unitRef="TWD">25948000</tw-gaap-ci:OtherReceivables>
  <tw-gaap-ci:OtherReceivables contextRef="AsOf20110331" decimals="-3" unitRef="TWD">29534000</tw-gaap-ci:OtherReceivables>
  <tw-gaap-ci:OtherCurrentAssets contextRef="AsOf20100331" decimals="-3" unitRef="TWD">16868000</tw-gaap-ci:OtherCurrentAssets>
  <tw-gaap-ci:OtherCurrentAssets contextRef="AsOf20110331" decimals="-3" unitRef="TWD">15974000</tw-gaap-ci:OtherCurrentAssets>
  <tw-gaap-ci:FundsInvestments contextRef="AsOf20100331" decimals="-3" unitRef="TWD">1182033000</tw-gaap-ci:FundsInvestments>
  <tw-gaap-ci:FundsInvestments contextRef="AsOf20110331" decimals="-3" unitRef="TWD">1930030000</tw-gaap-ci:FundsInvestments>
  <tw-gaap-ci:LongtermInvestments contextRef="AsOf20100331" decimals="-3" unitRef="TWD">1182033000</tw-gaap-ci:LongtermInvestments>
  <tw-gaap-ci:LongtermInvestments contextRef="AsOf20110331" decimals="-3" unitRef="TWD">1930030000</tw-gaap-ci:LongtermInvestments>
  <tw-gaap-ci:FixedAssets contextRef="AsOf20100331" decimals="-3" unitRef="TWD">1053123000</tw-gaap-ci:FixedAssets>
  <tw-gaap-ci:FixedAssets contextRef="AsOf20110331" decimals="-3" unitRef="TWD">1268644000</tw-gaap-ci:FixedAssets>
  <tw-gaap-ci:CostsRevaluationIncrement contextRef="AsOf20100331" decimals="-3" unitRef="TWD">3467511000</tw-gaap-ci:CostsRevaluationIncrement>
  <tw-gaap-ci:CostsRevaluationIncrement contextRef="AsOf20110331" decimals="-3" unitRef="TWD">3738991000</tw-gaap-ci:CostsRevaluationIncrement>
  <tw-gaap-ci:FixedAssetsOriginalCosts contextRef="AsOf20100331" decimals="-3" unitRef="TWD">3450554000</tw-gaap-ci:FixedAssetsOriginalCosts>
  <tw-gaap-ci:FixedAssetsOriginalCosts contextRef="AsOf20110331" decimals="-3" unitRef="TWD">3722034000</tw-gaap-ci:FixedAssetsOriginalCosts>
  <tw-gaap-ci:Liabilities contextRef="AsOf20100331" decimals="-3" unitRef="TWD">1602010000</tw-gaap-ci:Liabilities>
  <tw-gaap-ci:Liabilities contextRef="AsOf20110331" decimals="-3" unitRef="TWD">2440989000</tw-gaap-ci:Liabilities>
  <tw-gaap-ci:CurrentLiabilities contextRef="AsOf20100331" decimals="-3" unitRef="TWD">1305247000</tw-gaap-ci:CurrentLiabilities>
  <tw-gaap-ci:CurrentLiabilities contextRef="AsOf20110331" decimals="-3" unitRef="TWD">2082211000</tw-gaap-ci:CurrentLiabilities>
  <tw-gaap-ci:OtherCurrentLiabilities contextRef="AsOf20100331" decimals="-3" unitRef="TWD">0</tw-gaap-ci:OtherCurrentLiabilities>
  <tw-gaap-ci:OtherCurrentLiabilities contextRef="AsOf20110331" decimals="-3" unitRef="TWD">407000</tw-gaap-ci:OtherCurrentLiabilities>
  <tw-gaap-ci:LongTermLiabilities contextRef="AsOf20100331" decimals="-3" unitRef="TWD">0</tw-gaap-ci:LongTermLiabilities>
  <tw-gaap-ci:LongTermLiabilities contextRef="AsOf20110331" decimals="-3" unitRef="TWD">2814000</tw-gaap-ci:LongTermLiabilities>
  <tw-gaap-ci:LongtermNotesAccountsPayable contextRef="AsOf20100331" decimals="-3" unitRef="TWD">0</tw-gaap-ci:LongtermNotesAccountsPayable>
  <tw-gaap-ci:LongtermNotesAccountsPayable contextRef="AsOf20110331" decimals="-3" unitRef="TWD">2814000</tw-gaap-ci:LongtermNotesAccountsPayable>
  <tw-gaap-ci:OtherLiabilities contextRef="AsOf20100331" decimals="-3" unitRef="TWD">296763000</tw-gaap-ci:OtherLiabilities>
  <tw-gaap-ci:OtherLiabilities contextRef="AsOf20110331" decimals="-3" unitRef="TWD">355964000</tw-gaap-ci:OtherLiabilities>
  <tw-gaap-ci:StockholdersEquities contextRef="AsOf20100331" decimals="-3" unitRef="TWD">3469428000</tw-gaap-ci:StockholdersEquities>
  <tw-gaap-ci:StockholdersEquities contextRef="AsOf20110331" decimals="-3" unitRef="TWD">4170900000</tw-gaap-ci:StockholdersEquities>
  <tw-gaap-ci:CapitalSurplus contextRef="AsOf20100331" decimals="-3" unitRef="TWD">967000</tw-gaap-ci:CapitalSurplus>
  <tw-gaap-ci:CapitalSurplus contextRef="AsOf20110331" decimals="-3" unitRef="TWD">967000</tw-gaap-ci:CapitalSurplus>
  <tw-gaap-ci:RetainedEarnings contextRef="AsOf20100331" decimals="-3" unitRef="TWD">532451000</tw-gaap-ci:RetainedEarnings>
  <tw-gaap-ci:RetainedEarnings contextRef="AsOf20110331" decimals="-3" unitRef="TWD">592714000</tw-gaap-ci:RetainedEarnings>
  <tw-gaap-ci:StockholdersEquitiesAdjustments contextRef="AsOf20100331" decimals="-3" unitRef="TWD">615742000</tw-gaap-ci:StockholdersEquitiesAdjustments>
  <tw-gaap-ci:StockholdersEquitiesAdjustments contextRef="AsOf20110331" decimals="-3" unitRef="TWD">1256951000</tw-gaap-ci:StockholdersEquitiesAdjustments>
  <tw-gaap-ci:Capital contextRef="AsOf20100331" decimals="-3" unitRef="TWD">2320268000</tw-gaap-ci:Capital>
  <tw-gaap-ci:Capital contextRef="AsOf20110331" decimals="-3" unitRef="TWD">2320268000</tw-gaap-ci:Capital>
  <tw-gaap-ci:Sales contextRef="From20100101To20100331" decimals="-3" unitRef="TWD">3362056000</tw-gaap-ci:Sales>
  <tw-gaap-ci:Sales contextRef="From20110101To20110331" decimals="-3" unitRef="TWD">3655428000</tw-gaap-ci:Sales>
  <tw-gaap-ci:SalesReturns contextRef="From20100101To20100331" decimals="-3" unitRef="TWD">11726000</tw-gaap-ci:SalesReturns>
  <tw-gaap-ci:SalesReturns contextRef="From20110101To20110331" decimals="-3" unitRef="TWD">11288000</tw-gaap-ci:SalesReturns>
  <tw-gaap-ci:SalesDiscountsAllowances contextRef="From20100101To20100331" decimals="-3" unitRef="TWD">60124000</tw-gaap-ci:SalesDiscountsAllowances>
  <tw-gaap-ci:SalesDiscountsAllowances contextRef="From20110101To20110331" decimals="-3" unitRef="TWD">89763000</tw-gaap-ci:SalesDiscountsAllowances>
  <tw-gaap-ci:CostSales contextRef="From20100101To20100331" decimals="-3" unitRef="TWD">2983183000</tw-gaap-ci:CostSales>
  <tw-gaap-ci:CostSales contextRef="From20110101To20110331" decimals="-3" unitRef="TWD">3317193000</tw-gaap-ci:CostSales>
  <tw-gaap-ci:Sellingexpense contextRef="From20100101To20100331" decimals="-3" unitRef="TWD">149662000</tw-gaap-ci:Sellingexpense>
  <tw-gaap-ci:Sellingexpense contextRef="From20110101To20110331" decimals="-3" unitRef="TWD">155566000</tw-gaap-ci:Sellingexpense>
  <tw-gaap-ci:GeneralAdministrativeExpenses contextRef="From20100101To20100331" decimals="-3" unitRef="TWD">48625000</tw-gaap-ci:GeneralAdministrativeExpenses>
  <tw-gaap-ci:GeneralAdministrativeExpenses contextRef="From20110101To20110331" decimals="-3" unitRef="TWD">49287000</tw-gaap-ci:GeneralAdministrativeExpenses>
  <tw-gaap-ci:InterestIncome contextRef="From20100101To20100331" decimals="-3" unitRef="TWD">1000</tw-gaap-ci:InterestIncome>
  <tw-gaap-ci:InterestIncome contextRef="From20110101To20110331" decimals="-3" unitRef="TWD">5000</tw-gaap-ci:InterestIncome>
  <tw-gaap-ci:GainsDisposalFixedAssets contextRef="From20100101To20100331" decimals="-3" unitRef="TWD">312000</tw-gaap-ci:GainsDisposalFixedAssets>
  <tw-gaap-ci:GainsDisposalFixedAssets contextRef="From20110101To20110331" decimals="-3" unitRef="TWD">0</tw-gaap-ci:GainsDisposalFixedAssets>
  <tw-gaap-ci:ForeignExchangeGains contextRef="From20100101To20100331" decimals="-3" unitRef="TWD">2280000</tw-gaap-ci:ForeignExchangeGains>
  <tw-gaap-ci:ForeignExchangeGains contextRef="From20110101To20110331" decimals="-3" unitRef="TWD">12595000</tw-gaap-ci:ForeignExchangeGains>
  <tw-gaap-ci:MiscellaneousIncome contextRef="From20100101To20100331" decimals="-3" unitRef="TWD">8773000</tw-gaap-ci:MiscellaneousIncome>
  <tw-gaap-ci:MiscellaneousIncome contextRef="From20110101To20110331" decimals="-3" unitRef="TWD">10932000</tw-gaap-ci:MiscellaneousIncome>
  <tw-gaap-ci:InterestExpense contextRef="From20100101To20100331" decimals="-3" unitRef="TWD">1886000</tw-gaap-ci:InterestExpense>
  <tw-gaap-ci:InterestExpense contextRef="From20110101To20110331" decimals="-3" unitRef="TWD">3061000</tw-gaap-ci:InterestExpense>
  <tw-gaap-ci:NonOperatingExpensesInvestmentLossRecognizedEquityMethod contextRef="From20100101To20100331" decimals="-3" unitRef="TWD">8277000</tw-gaap-ci:NonOperatingExpensesInvestmentLossRecognizedEquityMethod>
  <tw-gaap-ci:NonOperatingExpensesInvestmentLossRecognizedEquityMethod contextRef="From20110101To20110331" decimals="-3" unitRef="TWD">6602000</tw-gaap-ci:NonOperatingExpensesInvestmentLossRecognizedEquityMethod>
  <tw-gaap-ci:LossDisposalFixedAssets contextRef="From20100101To20100331" decimals="-3" unitRef="TWD">0</tw-gaap-ci:LossDisposalFixedAssets>
  <tw-gaap-ci:LossDisposalFixedAssets contextRef="From20110101To20110331" decimals="-3" unitRef="TWD">121000</tw-gaap-ci:LossDisposalFixedAssets>
  <tw-gaap-ci:MiscellaneousDisbursements contextRef="From20100101To20100331" decimals="-3" unitRef="TWD">371000</tw-gaap-ci:MiscellaneousDisbursements>
  <tw-gaap-ci:MiscellaneousDisbursements contextRef="From20110101To20110331" decimals="-3" unitRef="TWD">2179000</tw-gaap-ci:MiscellaneousDisbursements>
  <tw-gaap-ci:IncomeTaxExpenseBenefit contextRef="From20100101To20100331" decimals="-3" unitRef="TWD">21902000</tw-gaap-ci:IncomeTaxExpenseBenefit>
  <tw-gaap-ci:IncomeTaxExpenseBenefit contextRef="From20110101To20110331" decimals="-3" unitRef="TWD">8612000</tw-gaap-ci:IncomeTaxExpenseBenefit>
  <tw-gaap-ci:PrimaryEarningsPerShareIncomeLossContinuingOperations contextRef="From20100101To20100331" decimals="2" unitRef="TWD">0.38</tw-gaap-ci:PrimaryEarningsPerShareIncomeLossContinuingOperations>
  <tw-gaap-ci:PrimaryEarningsPerShareIncomeLossContinuingOperations contextRef="From20110101To20110331" decimals="2" unitRef="TWD">0.15</tw-gaap-ci:PrimaryEarningsPerShareIncomeLossContinuingOperations>
  <tw-gaap-ci:PrimaryEarningsPerShare contextRef="From20100101To20100331" decimals="2" unitRef="TWD">0.38</tw-gaap-ci:PrimaryEarningsPerShare>
  <tw-gaap-ci:PrimaryEarningsPerShare contextRef="From20110101To20110331" decimals="2" unitRef="TWD">0.15</tw-gaap-ci:PrimaryEarningsPerShare>
  <tw-gaap-ci:NetIncomeLoss contextRef="From20100101To20100331" decimals="-3" unitRef="TWD">87666000</tw-gaap-ci:NetIncomeLoss>
  <tw-gaap-ci:NetIncomeLoss contextRef="From20110101To20110331" decimals="-3" unitRef="TWD">35288000</tw-gaap-ci:NetIncomeLoss>
  <tw-gaap-ci:IncomeContinuingOperations contextRef="From20100101To20100331" decimals="-3" unitRef="TWD">87666000</tw-gaap-ci:IncomeContinuingOperations>
  <tw-gaap-ci:IncomeContinuingOperations contextRef="From20110101To20110331" decimals="-3" unitRef="TWD">35288000</tw-gaap-ci:IncomeContinuingOperations>
  <tw-gaap-ci:IncomeContinuingOperationsBeforeIncomeTax contextRef="From20100101To20100331" decimals="-3" unitRef="TWD">109568000</tw-gaap-ci:IncomeContinuingOperationsBeforeIncomeTax>
  <tw-gaap-ci:IncomeContinuingOperationsBeforeIncomeTax contextRef="From20110101To20110331" decimals="-3" unitRef="TWD">43900000</tw-gaap-ci:IncomeContinuingOperationsBeforeIncomeTax>
  <tw-gaap-ci:OperatingIncomeLoss contextRef="From20100101To20100331" decimals="-3" unitRef="TWD">108736000</tw-gaap-ci:OperatingIncomeLoss>
  <tw-gaap-ci:OperatingIncomeLoss contextRef="From20110101To20110331" decimals="-3" unitRef="TWD">32331000</tw-gaap-ci:OperatingIncomeLoss>
  <tw-gaap-ci:GrossProfitLossOperations contextRef="From20100101To20100331" decimals="-3" unitRef="TWD">307023000</tw-gaap-ci:GrossProfitLossOperations>
  <tw-gaap-ci:GrossProfitLossOperations contextRef="From20110101To20110331" decimals="-3" unitRef="TWD">237184000</tw-gaap-ci:GrossProfitLossOperations>
  <tw-gaap-ci:OperatingCosts contextRef="From20100101To20100331" decimals="-3" unitRef="TWD">2983183000</tw-gaap-ci:OperatingCosts>
  <tw-gaap-ci:OperatingCosts contextRef="From20110101To20110331" decimals="-3" unitRef="TWD">3317193000</tw-gaap-ci:OperatingCosts>
  <tw-gaap-ci:OperatingRevenue contextRef="From20100101To20100331" decimals="-3" unitRef="TWD">3290206000</tw-gaap-ci:OperatingRevenue>
  <tw-gaap-ci:OperatingRevenue contextRef="From20110101To20110331" decimals="-3" unitRef="TWD">3554377000</tw-gaap-ci:OperatingRevenue>
  <tw-gaap-ci:NetSales contextRef="From20100101To20100331" decimals="-3" unitRef="TWD">3290206000</tw-gaap-ci:NetSales>
  <tw-gaap-ci:NetSales contextRef="From20110101To20110331" decimals="-3" unitRef="TWD">3554377000</tw-gaap-ci:NetSales>
  <tw-gaap-ci:OperatingExpenses contextRef="From20100101To20100331" decimals="-3" unitRef="TWD">198287000</tw-gaap-ci:OperatingExpenses>
  <tw-gaap-ci:OperatingExpenses contextRef="From20110101To20110331" decimals="-3" unitRef="TWD">204853000</tw-gaap-ci:OperatingExpenses>
  <tw-gaap-ci:NonOperatingIncomeGains contextRef="From20100101To20100331" decimals="-3" unitRef="TWD">11366000</tw-gaap-ci:NonOperatingIncomeGains>
  <tw-gaap-ci:NonOperatingIncomeGains contextRef="From20110101To20110331" decimals="-3" unitRef="TWD">23532000</tw-gaap-ci:NonOperatingIncomeGains>
  <tw-gaap-ci:NonOperatingExpenses contextRef="From20100101To20100331" decimals="-3" unitRef="TWD">10534000</tw-gaap-ci:NonOperatingExpenses>
  <tw-gaap-ci:NonOperatingExpenses contextRef="From20110101To20110331" decimals="-3" unitRef="TWD">11963000</tw-gaap-ci:NonOperatingExpenses>
  <tw-gaap-ci:NonOperatingExpensesInvestmentLoss contextRef="From20100101To20100331" decimals="-3" unitRef="TWD">8277000</tw-gaap-ci:NonOperatingExpensesInvestmentLoss>
  <tw-gaap-ci:NonOperatingExpensesInvestmentLoss contextRef="From20110101To20110331" decimals="-3" unitRef="TWD">6602000</tw-gaap-ci:NonOperatingExpensesInvestmentLoss>
  <tw-gaap-ci:AcquisitionPropertyPlantEquipment contextRef="From20100101To20100331" decimals="-3" unitRef="TWD">-25468000</tw-gaap-ci:AcquisitionPropertyPlantEquipment>
  <tw-gaap-ci:AcquisitionPropertyPlantEquipment contextRef="From20110101To20110331" decimals="-3" unitRef="TWD">-102156000</tw-gaap-ci:AcquisitionPropertyPlantEquipment>
  <tw-gaap-ci:AmortizationExpense-Operating contextRef="From20100101To20100331" decimals="-3" unitRef="TWD">245000</tw-gaap-ci:AmortizationExpense-Operating>
  <tw-gaap-ci:AmortizationExpense-Operating contextRef="From20110101To20110331" decimals="-3" unitRef="TWD">222000</tw-gaap-ci:AmortizationExpense-Operating>
  <tw-gaap-ci:CashCashEquivalents contextRef="AsOf20100101" decimals="-3" unitRef="TWD">56508000</tw-gaap-ci:CashCashEquivalents>
  <tw-gaap-ci:CashCashEquivalents contextRef="AsOf20110101" decimals="-3" unitRef="TWD">66289000</tw-gaap-ci:CashCashEquivalents>
  <tw-gaap-ci:CashDividendsReceivedEquityMethodInvestees contextRef="From20100101To20100331" decimals="-3" unitRef="TWD">0</tw-gaap-ci:CashDividendsReceivedEquityMethodInvestees>
  <tw-gaap-ci:CashDividendsReceivedEquityMethodInvestees contextRef="From20110101To20110331" decimals="-3" unitRef="TWD">0</tw-gaap-ci:CashDividendsReceivedEquityMethodInvestees>
  <tw-gaap-ci:CashPaidAcquisitionPropertyPlantEquipment contextRef="From20100101To20100331" decimals="-3" unitRef="TWD">25468000</tw-gaap-ci:CashPaidAcquisitionPropertyPlantEquipment>
  <tw-gaap-ci:CashPaidAcquisitionPropertyPlantEquipment contextRef="From20110101To20110331" decimals="-3" unitRef="TWD">102156000</tw-gaap-ci:CashPaidAcquisitionPropertyPlantEquipment>
  <tw-gaap-ci:ChamgesOtherAssets contextRef="From20100101To20100331" decimals="-3" unitRef="TWD">-2841000</tw-gaap-ci:ChamgesOtherAssets>
  <tw-gaap-ci:ChamgesOtherAssets contextRef="From20110101To20110331" decimals="-3" unitRef="TWD">-3731000</tw-gaap-ci:ChamgesOtherAssets>
  <tw-gaap-ci:ChangeLeasePayable_CashFlowsFinancingActivities contextRef="From20100101To20100331" decimals="-3" unitRef="TWD">0</tw-gaap-ci:ChangeLeasePayable_CashFlowsFinancingActivities>
  <tw-gaap-ci:ChangeLeasePayable_CashFlowsFinancingActivities contextRef="From20110101To20110331" decimals="-3" unitRef="TWD">3221000</tw-gaap-ci:ChangeLeasePayable_CashFlowsFinancingActivities>
  <tw-gaap-ci:ChangesAccountsPayable contextRef="From20100101To20100331" decimals="-3" unitRef="TWD">21719000</tw-gaap-ci:ChangesAccountsPayable>
  <tw-gaap-ci:ChangesAccountsPayable contextRef="From20110101To20110331" decimals="-3" unitRef="TWD">-46374000</tw-gaap-ci:ChangesAccountsPayable>
  <tw-gaap-ci:ChangesAccountsPayableRelatedParties contextRef="From20100101To20100331" decimals="-3" unitRef="TWD">1115000</tw-gaap-ci:ChangesAccountsPayableRelatedParties>
  <tw-gaap-ci:ChangesAccountsPayableRelatedParties contextRef="From20110101To20110331" decimals="-3" unitRef="TWD">614000</tw-gaap-ci:ChangesAccountsPayableRelatedParties>
  <tw-gaap-ci:ChangesAccountsReceivable contextRef="From20100101To20100331" decimals="-3" unitRef="TWD">-37744000</tw-gaap-ci:ChangesAccountsReceivable>
  <tw-gaap-ci:ChangesAccountsReceivable contextRef="From20110101To20110331" decimals="-3" unitRef="TWD">-22921000</tw-gaap-ci:ChangesAccountsReceivable>
  <tw-gaap-ci:ChangesAccountsReceivableRelatedParties contextRef="From20100101To20100331" decimals="-3" unitRef="TWD">-387000</tw-gaap-ci:ChangesAccountsReceivableRelatedParties>
  <tw-gaap-ci:ChangesAccountsReceivableRelatedParties contextRef="From20110101To20110331" decimals="-3" unitRef="TWD">1517000</tw-gaap-ci:ChangesAccountsReceivableRelatedParties>
  <tw-gaap-ci:ChangesAccruedExpenses contextRef="From20100101To20100331" decimals="-3" unitRef="TWD">-27777000</tw-gaap-ci:ChangesAccruedExpenses>
  <tw-gaap-ci:ChangesAccruedExpenses contextRef="From20110101To20110331" decimals="-3" unitRef="TWD">-34642000</tw-gaap-ci:ChangesAccruedExpenses>
  <tw-gaap-ci:ChangesAccruedPensionLiabilities contextRef="From20100101To20100331" decimals="-3" unitRef="TWD">8182000</tw-gaap-ci:ChangesAccruedPensionLiabilities>
  <tw-gaap-ci:ChangesAccruedPensionLiabilities contextRef="From20110101To20110331" decimals="-3" unitRef="TWD">7358000</tw-gaap-ci:ChangesAccruedPensionLiabilities>
  <tw-gaap-ci:ChangesDeferredTaxAssets contextRef="From20100101To20100331" decimals="-3" unitRef="TWD">-4860000</tw-gaap-ci:ChangesDeferredTaxAssets>
  <tw-gaap-ci:ChangesDeferredTaxAssets contextRef="From20110101To20110331" decimals="-3" unitRef="TWD">-569000</tw-gaap-ci:ChangesDeferredTaxAssets>
  <tw-gaap-ci:ChangeShorttermNotesBillsPayable contextRef="From20100101To20100331" decimals="-3" unitRef="TWD">-19980000</tw-gaap-ci:ChangeShorttermNotesBillsPayable>
  <tw-gaap-ci:ChangeShorttermNotesBillsPayable contextRef="From20110101To20110331" decimals="-3" unitRef="TWD">-89902000</tw-gaap-ci:ChangeShorttermNotesBillsPayable>
  <tw-gaap-ci:ChangesIncomeTaxPayable contextRef="From20100101To20100331" decimals="-3" unitRef="TWD">26762000</tw-gaap-ci:ChangesIncomeTaxPayable>
  <tw-gaap-ci:ChangesIncomeTaxPayable contextRef="From20110101To20110331" decimals="-3" unitRef="TWD">9181000</tw-gaap-ci:ChangesIncomeTaxPayable>
  <tw-gaap-ci:ChangesInventories contextRef="From20100101To20100331" decimals="-3" unitRef="TWD">-313060000</tw-gaap-ci:ChangesInventories>
  <tw-gaap-ci:ChangesInventories contextRef="From20110101To20110331" decimals="-3" unitRef="TWD">333061000</tw-gaap-ci:ChangesInventories>
  <tw-gaap-ci:ChangesNotesPayable contextRef="From20100101To20100331" decimals="-3" unitRef="TWD">-13325000</tw-gaap-ci:ChangesNotesPayable>
  <tw-gaap-ci:ChangesNotesPayable contextRef="From20110101To20110331" decimals="-3" unitRef="TWD">22957000</tw-gaap-ci:ChangesNotesPayable>
  <tw-gaap-ci:ChangesNotesPayableRelatedParties contextRef="From20100101To20100331" decimals="-3" unitRef="TWD">-128000</tw-gaap-ci:ChangesNotesPayableRelatedParties>
  <tw-gaap-ci:ChangesNotesPayableRelatedParties contextRef="From20110101To20110331" decimals="-3" unitRef="TWD">-1991000</tw-gaap-ci:ChangesNotesPayableRelatedParties>
  <tw-gaap-ci:ChangesNotesReceivable contextRef="From20100101To20100331" decimals="-3" unitRef="TWD">9949000</tw-gaap-ci:ChangesNotesReceivable>
  <tw-gaap-ci:ChangesNotesReceivable contextRef="From20110101To20110331" decimals="-3" unitRef="TWD">64771000</tw-gaap-ci:ChangesNotesReceivable>
  <tw-gaap-ci:ChangesNotesReceivableRelatedParties contextRef="From20100101To20100331" decimals="-3" unitRef="TWD">-53000</tw-gaap-ci:ChangesNotesReceivableRelatedParties>
  <tw-gaap-ci:ChangesNotesReceivableRelatedParties contextRef="From20110101To20110331" decimals="-3" unitRef="TWD">0</tw-gaap-ci:ChangesNotesReceivableRelatedParties>
  <tw-gaap-ci:ChangesOtherFinancialAssets contextRef="From20100101To20100331" decimals="-3" unitRef="TWD">0</tw-gaap-ci:ChangesOtherFinancialAssets>
  <tw-gaap-ci:ChangesOtherFinancialAssets contextRef="From20110101To20110331" decimals="-3" unitRef="TWD">-1000000</tw-gaap-ci:ChangesOtherFinancialAssets>
  <tw-gaap-ci:ChangesOtherPrepayments contextRef="From20100101To20100331" decimals="-3" unitRef="TWD">356975000</tw-gaap-ci:ChangesOtherPrepayments>
  <tw-gaap-ci:ChangesOtherPrepayments contextRef="From20110101To20110331" decimals="-3" unitRef="TWD">-233413000</tw-gaap-ci:ChangesOtherPrepayments>
  <tw-gaap-ci:ChangesOtherReceivables contextRef="From20100101To20100331" decimals="-3" unitRef="TWD">4811000</tw-gaap-ci:ChangesOtherReceivables>
  <tw-gaap-ci:ChangesOtherReceivables contextRef="From20110101To20110331" decimals="-3" unitRef="TWD">-6726000</tw-gaap-ci:ChangesOtherReceivables>
  <tw-gaap-ci:ChangesPayableEquipmentPurchased contextRef="From20100101To20100331" decimals="-3" unitRef="TWD">791000</tw-gaap-ci:ChangesPayableEquipmentPurchased>
  <tw-gaap-ci:ChangesPayableEquipmentPurchased contextRef="From20110101To20110331" decimals="-3" unitRef="TWD">10060000</tw-gaap-ci:ChangesPayableEquipmentPurchased>
  <tw-gaap-ci:ChangesPrepaidExpenses contextRef="From20100101To20100331" decimals="-3" unitRef="TWD">1904000</tw-gaap-ci:ChangesPrepaidExpenses>
  <tw-gaap-ci:ChangesPrepaidExpenses contextRef="From20110101To20110331" decimals="-3" unitRef="TWD">-2034000</tw-gaap-ci:ChangesPrepaidExpenses>
  <tw-gaap-ci:ChangesShortTermLoans contextRef="From20100101To20100331" decimals="-3" unitRef="TWD">-149263000</tw-gaap-ci:ChangesShortTermLoans>
  <tw-gaap-ci:ChangesShortTermLoans contextRef="From20110101To20110331" decimals="-3" unitRef="TWD">-12412000</tw-gaap-ci:ChangesShortTermLoans>
  <tw-gaap-ci:DepreciationExpense-Operating contextRef="From20100101To20100331" decimals="-3" unitRef="TWD">39767000</tw-gaap-ci:DepreciationExpense-Operating>
  <tw-gaap-ci:DepreciationExpense-Operating contextRef="From20110101To20110331" decimals="-3" unitRef="TWD">42994000</tw-gaap-ci:DepreciationExpense-Operating>
  <tw-gaap-ci:GainLossDisposalScrappingFixedAssets contextRef="From20100101To20100331" decimals="-3" unitRef="TWD">-312000</tw-gaap-ci:GainLossDisposalScrappingFixedAssets>
  <tw-gaap-ci:GainLossDisposalScrappingFixedAssets contextRef="From20110101To20110331" decimals="-3" unitRef="TWD">121000</tw-gaap-ci:GainLossDisposalScrappingFixedAssets>
  <tw-gaap-ci:GainLossInventoryValuationObsolescenceRecoverie contextRef="From20100101To20100331" decimals="-3" unitRef="TWD">0</tw-gaap-ci:GainLossInventoryValuationObsolescenceRecoverie>
  <tw-gaap-ci:GainLossInventoryValuationObsolescenceRecoverie contextRef="From20110101To20110331" decimals="-3" unitRef="TWD">0</tw-gaap-ci:GainLossInventoryValuationObsolescenceRecoverie>
  <tw-gaap-ci:GainsLossesSaleInvestments contextRef="From20100101To20100331" decimals="-3" unitRef="TWD">0</tw-gaap-ci:GainsLossesSaleInvestments>
  <tw-gaap-ci:GainsLossesSaleInvestments contextRef="From20110101To20110331" decimals="-3" unitRef="TWD">0</tw-gaap-ci:GainsLossesSaleInvestments>
  <tw-gaap-ci:IncomeTaxPaid contextRef="From20100101To20100331" decimals="-3" unitRef="TWD">0</tw-gaap-ci:IncomeTaxPaid>
  <tw-gaap-ci:IncomeTaxPaid contextRef="From20110101To20110331" decimals="-3" unitRef="TWD">0</tw-gaap-ci:IncomeTaxPaid>
  <tw-gaap-ci:IncreasePropertyPlantEquipment contextRef="From20100101To20100331" decimals="-3" unitRef="TWD">24677000</tw-gaap-ci:IncreasePropertyPlantEquipment>
  <tw-gaap-ci:IncreasePropertyPlantEquipment contextRef="From20110101To20110331" decimals="-3" unitRef="TWD">92096000</tw-gaap-ci:IncreasePropertyPlantEquipment>
  <tw-gaap-ci:InterestPaid contextRef="From20100101To20100331" decimals="-3" unitRef="TWD">1795000</tw-gaap-ci:InterestPaid>
  <tw-gaap-ci:InterestPaid contextRef="From20110101To20110331" decimals="-3" unitRef="TWD">2805000</tw-gaap-ci:InterestPaid>
  <tw-gaap-ci:InvestmentLossIncomeRecognizedEquityMethod contextRef="From20100101To20100331" decimals="-3" unitRef="TWD">8277000</tw-gaap-ci:InvestmentLossIncomeRecognizedEquityMethod>
  <tw-gaap-ci:InvestmentLossIncomeRecognizedEquityMethod contextRef="From20110101To20110331" decimals="-3" unitRef="TWD">6602000</tw-gaap-ci:InvestmentLossIncomeRecognizedEquityMethod>
  <tw-gaap-ci:NetChangesCashCashEquivalents contextRef="From20100101To20100331" decimals="-3" unitRef="TWD">-24147000</tw-gaap-ci:NetChangesCashCashEquivalents>
  <tw-gaap-ci:NetChangesCashCashEquivalents contextRef="From20110101To20110331" decimals="-3" unitRef="TWD">-32169000</tw-gaap-ci:NetChangesCashCashEquivalents>
  <tw-gaap-ci:NetIncomeLoss_StatementCashFlows contextRef="From20100101To20100331" decimals="-3" unitRef="TWD">87666000</tw-gaap-ci:NetIncomeLoss_StatementCashFlows>
  <tw-gaap-ci:NetIncomeLoss_StatementCashFlows contextRef="From20110101To20110331" decimals="-3" unitRef="TWD">35288000</tw-gaap-ci:NetIncomeLoss_StatementCashFlows>
  <tw-gaap-ci:ProceedsDisposalPropertyPlantEquipment contextRef="From20100101To20100331" decimals="-3" unitRef="TWD">409000</tw-gaap-ci:ProceedsDisposalPropertyPlantEquipment>
  <tw-gaap-ci:ProceedsDisposalPropertyPlantEquipment contextRef="From20110101To20110331" decimals="-3" unitRef="TWD">146000</tw-gaap-ci:ProceedsDisposalPropertyPlantEquipment>
  <tw-gaap-ci:ProvisionTransferRevenueBadDebtsLosses contextRef="From20100101To20100331" decimals="-3" unitRef="TWD">3270000</tw-gaap-ci:ProvisionTransferRevenueBadDebtsLosses>
  <tw-gaap-ci:ProvisionTransferRevenueBadDebtsLosses contextRef="From20110101To20110331" decimals="-3" unitRef="TWD">-2351000</tw-gaap-ci:ProvisionTransferRevenueBadDebtsLosses>
  <tw-gaap-ci:NetCashProvidedUsedOperatingActivities contextRef="From20100101To20100331" decimals="-3" unitRef="TWD">172996000</tw-gaap-ci:NetCashProvidedUsedOperatingActivities>
  <tw-gaap-ci:NetCashProvidedUsedOperatingActivities contextRef="From20110101To20110331" decimals="-3" unitRef="TWD">173665000</tw-gaap-ci:NetCashProvidedUsedOperatingActivities>
  <tw-gaap-ci:AdjustmentsReconcileNetIncomeNetCashProvidedUsedOperatingActivities contextRef="From20100101To20100331" decimals="-3" unitRef="TWD">51247000</tw-gaap-ci:AdjustmentsReconcileNetIncomeNetCashProvidedUsedOperatingActivities>
  <tw-gaap-ci:AdjustmentsReconcileNetIncomeNetCashProvidedUsedOperatingActivities contextRef="From20110101To20110331" decimals="-3" unitRef="TWD">47588000</tw-gaap-ci:AdjustmentsReconcileNetIncomeNetCashProvidedUsedOperatingActivities>
  <tw-gaap-ci:ChangesOperatingAssetsLiabilities contextRef="From20100101To20100331" decimals="-3" unitRef="TWD">34083000</tw-gaap-ci:ChangesOperatingAssetsLiabilities>
  <tw-gaap-ci:ChangesOperatingAssetsLiabilities contextRef="From20110101To20110331" decimals="-3" unitRef="TWD">90789000</tw-gaap-ci:ChangesOperatingAssetsLiabilities>
  <tw-gaap-ci:ChangesOperatingAssets contextRef="From20100101To20100331" decimals="-3" unitRef="TWD">17535000</tw-gaap-ci:ChangesOperatingAssets>
  <tw-gaap-ci:ChangesOperatingAssets contextRef="From20110101To20110331" decimals="-3" unitRef="TWD">133686000</tw-gaap-ci:ChangesOperatingAssets>
  <tw-gaap-ci:ChangesOperatingLiabilities contextRef="From20100101To20100331" decimals="-3" unitRef="TWD">16548000</tw-gaap-ci:ChangesOperatingLiabilities>
  <tw-gaap-ci:ChangesOperatingLiabilities contextRef="From20110101To20110331" decimals="-3" unitRef="TWD">-42897000</tw-gaap-ci:ChangesOperatingLiabilities>
  <tw-gaap-ci:NetCashProvidedUsedInvestingActivities contextRef="From20100101To20100331" decimals="-3" unitRef="TWD">-27900000</tw-gaap-ci:NetCashProvidedUsedInvestingActivities>
  <tw-gaap-ci:NetCashProvidedUsedInvestingActivities contextRef="From20110101To20110331" decimals="-3" unitRef="TWD">-106741000</tw-gaap-ci:NetCashProvidedUsedInvestingActivities>
  <tw-gaap-ci:NetCashProvidedUsedFinancingActivities contextRef="From20100101To20100331" decimals="-3" unitRef="TWD">-169243000</tw-gaap-ci:NetCashProvidedUsedFinancingActivities>
  <tw-gaap-ci:NetCashProvidedUsedFinancingActivities contextRef="From20110101To20110331" decimals="-3" unitRef="TWD">-99093000</tw-gaap-ci:NetCashProvidedUsedFinancingActivities>
  <tw-gaap-ci:InterestPaidExcludingCapitalizedInterest contextRef="From20100101To20100331" decimals="-3" unitRef="TWD">1795000</tw-gaap-ci:InterestPaidExcludingCapitalizedInterest>
  <tw-gaap-ci:InterestPaidExcludingCapitalizedInterest contextRef="From20110101To20110331" decimals="-3" unitRef="TWD">2805000</tw-gaap-ci:InterestPaidExcludingCapitalizedInterest>
  <tw-gaap-ar:AccountantName contextRef="AsOf20110419">資誠聯合會計師事務所</tw-gaap-ar:AccountantName>
  <tw-gaap-ar:AssuranceAccountantName1 contextRef="AsOf20110419">王輝賢</tw-gaap-ar:AssuranceAccountantName1>
  <tw-gaap-ar:AssuranceAccountantName2 contextRef="AsOf20110419">賴宗羲</tw-gaap-ar:AssuranceAccountantName2>
  <tw-gaap-ar:ReviewAuditDate contextRef="AsOf20110419">2011-04-19</tw-gaap-ar:ReviewAuditDate>
  <tw-gaap-ar:ReviewReport contextRef="AsOf20110419">Y</tw-gaap-ar:ReviewReport>
  <tw-gaap-ar:UnqualifiedOpinionAbstract contextRef="AsOf20110419">Y</tw-gaap-ar:UnqualifiedOpinionAbstract>
  <tw-gaap-ar:DescriptionEmphasizeItemBody contextRef="AsOf20110419"><![CDATA[]]></tw-gaap-ar:DescriptionEmphasizeItemBody>
  <tw-gaap-ar:DescriptionOtherItemBody contextRef="AsOf20110419"><![CDATA[]]></tw-gaap-ar:DescriptionOtherItemBody>
  <tw-gaap-ar:AccountantsReportBody contextRef="AsOf20110419"><![CDATA[
台灣卜蜂企業股份有限公司  公鑒：
    
    　　台灣卜蜂企業股份有限公司民國100年及99年3月31日之資產負債表，暨民國100
年及99年1月1日至3月31日之損益表及現金流量表，業經本會計師核閱竣事。上開財務報
表之編製係公司管理階層之責任，本會計師之責任則為根據核閱結果出具報告。
    
    　　本會計師係依照中華民國審計準則公報第三十六號「財務報表之核閱」規劃並
執行核閱工作。由於本會計師僅實施分析、比較與查詢，並未依照中華民國一般公認審
計準則查核，故無法對上開財務報表整體表示查核意見。
    
    　　依本會計師核閱結果，並未發現第一段所述財務報表在所有重大方面有違反「
證券發行人財務報告編製準則」、「商業會計法」、「商業會計處理準則」及中華民國
一般公認會計原則而須作修正之情事。
    
    　　台灣卜蜂企業股份有限公司已編製民國100年及99年第一季之合併財務報表，並
經本會計師出具標準式無保留核閱報告在案，備供參考。]]></tw-gaap-ar:AccountantsReportBody>
  <tw-gaap-notes:FinancialReportNotes contextRef="From20110101To20110331"><![CDATA[http://doc.twse.com.tw/server-java/t57sb01?step=1&colorchg=1&co_id=1215&year=100&seamon=1&mtype=A&]]></tw-gaap-notes:FinancialReportNotes>
  <tw-gaap-notes:OrganizationAndOperations contextRef="From20110101To20110331"><![CDATA[　　本公司係依照中華民國公司法及華僑回國投資條例之規定，於民國66年8月22日奉准設立
　　，民國67年7月正式營業。主要營業項目為飼料之製造、銷售；家禽之電動屠宰業務及肉
　　品二次加工業務之投資。本公司股票自民國76年7月27日起於台灣證券交易所掛牌交易。
　　截至民國100年3月31日止，本公司員工人數為1,139人。
]]></tw-gaap-notes:OrganizationAndOperations>
  <tw-gaap-notes:SummaryOfSignificantAccountingPolicies contextRef="From20110101To20110331"><![CDATA[　　本財務報表係依照證券發行人財務報告編製準則、商業會計法、商業會計處理準則及中華
　　民國一般公認會計原則編製。重要會計政策彙總說明如下：
　　(一)外幣交易
　　　　1.外幣交易按交易當日之即期匯率作為入帳基準，其與實際收付時之兌換差異，列為當
　　　　　年度損益。
　　　　2.期末就外幣貨幣性資產或負債餘額，按資產負債表日之即期匯率評價調整，因調整而
　　　　　產生之兌換差額列為當年度損益。
　　　　3.期末就外幣非貨幣性資產或負債餘額，屬依公平價值衡量且變動列入損益者，按資產
　　　　　負債表日之即期匯率評價調整，因調整而產生之兌換差額列為當年度損益；屬依公平
　　　　　價值衡量且變動列入股東權益調整項目者，按資產負債表日之即期匯率評價調整，因
　　　　　調整而產生之兌換差額，列為股東權益調整項目；屬非依公平價值衡量者，則按交易
　　　　　日之歷史匯率衡量。
　　(二)資產負債區分流動及非流動之分類標準
　　　　1.資產符合下列條件之一者，列為流動資產；資產不屬於流動資產者為非流動資產：
　　　　　(1)因營業所產生之資產，預期將於正常營業週期中變現、消耗或意圖出售者。
　　　　　(2)主要為交易目的而持有者。
　　　　　(3)預期於資產負債表日後十二個月內將變現者。
　　　　　(4)現金或約當現金，但於資產負債表日後逾十二個月用以交換、清償負債或受有其他
　　　　　　　限制者除外。
　　　　2.負債符合下列條件之一者，列為流動負債；負債不屬於流動負債者為非流動負債：
　　　　　(1)因營業而發生之債務，預期將於正常營業週期中清償者。
　　　　　(2)主要為交易目的而發生者。
　　　　　(3)須於資產負債表日後十二個月內清償者。
　　　　　(4)不能無條件延期至資產負債表日後逾十二個月清償之負債。
　　(三)以成本衡量之金融資產與負債
　　　　1.係採交易日會計，於原始認列時，將金融商品以公平價值衡量，並加計取得或發行之
　　　　　交易成本。
　　　　2.以成本衡量之金融資產若有減損之客觀證據，則認列減損損失，此減損金額不予迴轉
　　　　　。
　　(四)應收票據及帳款、其他應收款
　　　　1.應收票據及帳款係因出售商品或勞務而發生之債權，其他應收款係不屬於應收票據及
　　　　　帳款之其他應收款項。應收票據及帳款、其他應收款原始認列時以公平價值衡量，續
　　　　　後以有效利率法之攤銷後成本減除減損後之金額衡量。
　　　　2.本公司於資產負債表日評估是否存在客觀證據，顯示重大個別金融資產發生減損，以
　　　　　及非屬重大之個別金融資產單獨或共同發生減損。若有減損之客觀證據，則認列減損
　　　　　損失。減損金額為金融資產之帳面價值與其估計未來現金流量採原始有效利率折現之
　　　　　現值間之差額。若後續期間減損金額減少，而該減少明顯與認列減損後發生之事件有
　　　　　關，則迴轉先前認列之金融資產減損金額，該迴轉不應使金融資產帳面金額大於未認
　　　　　列減損情況下之攤銷後成本，迴轉之金額認列於當期損益。
　　(五)存貨
　　　　本公司存貨成本結轉按加權平均法計算，固定製造費用按生產設備之正常產能分攤，因
　　　　各期中期間產量波動所產生之成本差異，於編製期中財務報表時予以遞延。期末存貨採
　　　　成本與淨變現價值孰低衡量，比較成本與淨變現價值孰低時，採逐項比較法。淨變現價
　　　　值係指在正常情況下之估計售價減除至完工尚需投入之成本及推銷費用後之餘額。
　　(六)採權益法之長期股權投資
　　　　1.持有被投資公司有表決權股份比例達20％以上或具有重大影響力者，採權益法評價。
　　　　　民國95年度(含)起，投資成本與股權淨值之差額，如屬投資成本超過所取得可辨認淨
　　　　　資產公平價值，將超過部份列為商譽，並於每年定期執行減損測試，以前年度攤銷者
　　　　　，不再追溯調整；若所取得可辨認淨資產公平價值超過投資成本，則差額就非流動資
　　　　　產分別將其公平價值等比例減少之，若減少至零仍有差額時，則為負商譽，將該差額
　　　　　列為非常利益，惟民國94年12月31日前產生之負商譽仍繼續攤銷。
　　　　2.自民國94年1月1日起對於採權益法評價之被投資公司，若具有重大影響力但未達控制
　　　　　能力者，其投資損失之認列以使對該被投資公司投資及墊款之帳面餘額降低至零為限
　　　　　，除非本公司對該被投資公司有背書保證或意圖繼續支持該被投資公司，則按持股比
　　　　　例繼續認列投資損失，若對投資公司已具控制能力者，除被投資公司之其他股東有義
　　　　　務並能夠提出額外資金承擔其損失者外，以全額吸收超過備投資公司股東原有權益之
　　　　　損失金額，若該被投資公司日後獲利，則該利益宜先歸屬本公司，直至原多承擔之損
　　　　　失完全回復為止。
　　　　3.海外投資按權益法評價時，被投資公司財務報表轉換所產生之「累積換算調整數」作
　　　　　為本公司股東權益之調整項目。
　　　　4.採權益法評價之被投資公司非屬股本及保留盈餘之股東權益發生增減，投資公司應將
　　　　　該增減數按持股比例調整「長期股權投資」及長期股權投資所產生之其他股東權益調
　　　　　整項目。
　　(七)固定資產
　　　　1.除已依法辦理資產重估之項目外，固定資產以取得成本為入帳基礎，並將購建期間之
　　　　　相關利息支出，予以資本化。
　　　　2.折舊係依估計經濟耐用年數按平均法提列。固定資產主要耐用年數除房屋及建築為3
　　　　　年至60年外，餘為3年至18年。重估增值部份，按該項資產之剩餘耐用年數採平均法提
　　　　　列折舊。
　　　　3.凡支出效益及於以後各期之重大增添、改良及大修列為資本支出，經常性維護及修理
　　　　　支出則列為當期費用。資產於出售或報廢時，其成本與累計折舊均分別轉銷，處分損
　　　　　益列為當期營業外收支項下。
　　　　4.凡租約屬資本租賃者，各期租金資本化為租賃資產並認列租賃負債。租賃資產計提折
　　　　　舊時，凡租期屆滿無條件轉移所有權或有優惠承購權者，按資產估計使用年數提列，
　　　　　其他資本租賃則按租賃期間提列。凡自有資產出售後再行租回時，出售資產損益遞延
　　　　　以「未實現售後租回損益」科目列帳，依租約性質於未來期間攤銷。惟出售時，該資
　　　　　產公平市價低於帳面價值，則出售資產損失於當期認列。
　　(八)其他資產－其他
　　　　1.係消耗性零配件，以取得成本為入帳基礎，依實際領用狀況轉列成本及費用，期末備
　　　　　換零件就呆滯部份提列備抵呆滯損失。
　　　　2.其餘以取得成本為入帳基礎，並按其估計效益年數採平均法攤提。
　　(九)非金融資產減損
　　　　本公司於資產負債表日針對有減損跡象之資產，估計其可回收金額，當可回收金額低於
　　　　其帳面價值時，則認列減損損失。可回收金額是指一項資產之淨公平價值或其使用價值
　　　　，兩者較高者。當以前年度認列資產減損之情況不再存在時，則在以前年度提列損失金
　　　　額之範圍內予以迴轉。
　　(十)退休金
　　　　　退休金辦法屬確定給付退休辦法者，係依據精算結果認列淨退休金成本，淨退休金成
　　　　　本包括當期服務成本、利息成本、基金資產之預期報酬及未認列過渡性淨給付義務與
　　　　　退休金損益之攤銷數。於編製期中報表時，最低退休金負債按續後淨退休金成本及基
　　　　　金提撥數額調整。未認列過渡性淨給付義務按15年攤提。退休金辦法屬確定提撥退休
　　　　　辦法者，則依權責發生基礎將應提撥之退休基金數額認列為當期之退休金成本。
　　(十一)所得稅
　　　　　1.所得稅之會計處理採跨期間與同期間之所得稅分攤，以前年度溢低估之所得稅，列
　　　　　　為當期所得稅費用之調整項目。
　　　　　2.未分配盈餘依所得稅法加徵10％之營利事業所得稅，於股東會決議分配盈餘後列為
　　　　　　當期費用。
　　　　　3.當稅法修正時，於公布日之年度按新規定將遞延所得稅負債或資產重新計算，因而
　　　　　　產生之遞延所得稅負債或資產之變動影響數，列入當期繼續營業部門之所得稅費用(
　　　　　　利益)。
　　(十二)員工分紅及董監酬勞
　　　　　自民國97年1月1日起，本公司員工分紅及董監酬勞成本，依民國96年3月16日財團法人
　　　　　中華民國會計研究發展基金會(96)基秘字第052號函「員工分紅及董監酬勞會計處理」
　　　　　之規定，於具法律義務或推定義務且金額可合理估計時，認列為費用及負債。嗣後股
　　　　　東會決議實際配發金額與估列金額有差異時，則列為次年度之損益。另依民國97年3月
　　　　　31日財團法人中華民國會計研究發展基金會(97)基秘字第127號函「上市上櫃公司員工
　　　　　分紅股數計算基準」，本公司以財務報告年度之次年度股東會決議日前一日之每股公
　　　　　平價值(收盤價)，並考慮除權除息影響後之金額，計算員工股票紅利之股數。
　　(十三)收入、成本及費用
　　　　　1.收入於獲利過程大部份已完成，且已實現或可實現時認列。相關成本配合收入於發
　　　　　　生時承認。費用則依權責發生制於發生時認列為當期費用。
　　　　　2.編製期中財務報表時，與收益有直接相關之成本與費用，於收入認列之期中期間予
　　　　　　以認列，其他之成本與費用於發生時認列或依估計提供效益之期間分攤。
　　(十四)會計估計
　　　　　本公司於編製財務報表時，業已依照一般公認會計原則之規定，對財務報表所列金額
　　　　　及或有事項，作必要之衡量、評估與揭露，其中包括若干假設及估計之採用，惟該等
　　　　　假設及估計與實際結果可能存有差異。
　　(十五)營運部門
　　　　　本公司營運部門資訊與提供給營運決策者之內部管理報告採一致之方式  報導。營運
　　　　　決策者負責分配資源予營運部門並評估其績效，經辨識本公司之營運決策者為董事會
　　　　　。本公司依財務會計準則公報第四十一號「營運部門資訊之揭露」規定於合併財務報
　　　　　表揭露資訊部門，而不於個別財務報表揭露部門資訊。
]]></tw-gaap-notes:SummaryOfSignificantAccountingPolicies>
  <tw-gaap-notes:ChangesInAccountingPrinciples contextRef="From20110101To20110331"><![CDATA[　　(一)應收票據及帳款、其他應收款
　　　　本公司自民國100年1月1日起，採用新修訂之財務會計準則公報第三十四號「金融商品
　　　　之會計處理準則」，就應收票據及帳款、其他應收款等各項債權，於有減損之客觀證據
　　　　時認列減損(呆帳)損失，此項會計原則變動對民國100年及99年度第一季淨利及每股盈
　　　　餘無重大影響。
　　(二)營運部門
　　　　本公司自民國100年1月1日起，採用新發布之財務會計準則公報第四十一號「營運部門
　　　　資訊之揭露」，以取代原財務會計準則第二十號「部門別財務資訊之揭露」，本公司於
　　　　首次適用時，並依公報規定重編前一年度之部門資訊。此項會計原則變動並不影響民國
　　　　100年及99年度第一季之淨利及每股盈餘。
]]></tw-gaap-notes:ChangesInAccountingPrinciples>
</xbrli:xbrl>