<?xml version="1.0" encoding="UTF-8"?>
<xbrl xmlns="http://www.xbrl.org/2003/instance" xmlns:iso4217="http://www.xbrl.org/2003/iso4217" xmlns:link="http://www.xbrl.org/2003/linkbase" xmlns:tw-gaap-ar="http://www.xbrl.org/tw/fr/gaap/ar/2010-12-31" xmlns:tw-gaap-ci="http://www.xbrl.org/tw/fr/gaap/tw-gaap-ci-2010-12-31" xmlns:tw-gaap-notes="http://www.xbrl.org/tw/fr/gaap/notes/2010-12-31" xmlns:xbrldi="http://xbrl.org/2006/xbrldi" xmlns:xbrldt="http://xbrl.org/2005/xbrldt" xmlns:xbrli="http://www.xbrl.org/2003/instance" xmlns:xlink="http://www.w3.org/1999/xlink">
	<link:schemaRef xlink:arcrole="http://www.w3.org/1999/xlink/properties/linkbase" xlink:href="tw-gaap-ci-2010-12-31.xsd" xlink:type="simple"/>	<context id="AsOf20110421">
		<entity>
			<identifier scheme="http://www.twse.com.tw">1235</identifier>
		</entity>
		<period>
			<instant>2011-04-21</instant>
		</period>
	</context>
	<context id="AsOf20100101">
		<entity>
			<identifier scheme="http://www.twse.com.tw">1235</identifier>
		</entity>
		<period>
			<instant>2010-01-01</instant>
		</period>
	</context>
	<context id="AsOf20110101">
		<entity>
			<identifier scheme="http://www.twse.com.tw">1235</identifier>
		</entity>
		<period>
			<instant>2011-01-01</instant>
		</period>
	</context>
	<context id="From20100101To20100331">
		<entity>
			<identifier scheme="http://www.twse.com.tw">1235</identifier>
		</entity>
		<period>
			<startDate>2010-01-01</startDate>
			<endDate>2010-03-31</endDate>
		</period>
	</context>
	<context id="AsOf20100331">
		<entity>
			<identifier scheme="http://www.twse.com.tw">1235</identifier>
		</entity>
		<period>
			<instant>2010-03-31</instant>
		</period>
	</context>
	<context id="From20110101To20110331">
		<entity>
			<identifier scheme="http://www.twse.com.tw">1235</identifier>
		</entity>
		<period>
			<startDate>2011-01-01</startDate>
			<endDate>2011-03-31</endDate>
		</period>
	</context>
	<context id="AsOf20110331">
		<entity>
			<identifier scheme="http://www.twse.com.tw">1235</identifier>
		</entity>
		<period>
			<instant>2011-03-31</instant>
		</period>
	</context>
	<unit id="TWD">
		<measure>iso4217:TWD</measure>
	</unit>
	<unit id="Shares">
		<measure>xbrli:shares</measure>
	</unit>
	<unit id="EarningsPerShare">
		<divide>
			<unitNumerator>
				<measure>iso4217:TWD</measure>
			</unitNumerator>
			<unitDenominator>
				<measure>xbrli:shares</measure>
			</unitDenominator>
		</divide>
	</unit>
	<tw-gaap-ci:CashHand contextRef="AsOf20110331" decimals="-3" unitRef="TWD">261000</tw-gaap-ci:CashHand>
	<tw-gaap-ci:CashHand contextRef="AsOf20100331" decimals="-3" unitRef="TWD">338000</tw-gaap-ci:CashHand>
	<tw-gaap-ci:CashBanks contextRef="AsOf20110331" decimals="-3" unitRef="TWD">7019000</tw-gaap-ci:CashBanks>
	<tw-gaap-ci:CashBanks contextRef="AsOf20100331" decimals="-3" unitRef="TWD">3224000</tw-gaap-ci:CashBanks>
	<tw-gaap-ci:CashCashEquivalents contextRef="AsOf20110331" decimals="-3" unitRef="TWD">7280000</tw-gaap-ci:CashCashEquivalents>
	<tw-gaap-ci:CashCashEquivalents contextRef="AsOf20100331" decimals="-3" unitRef="TWD">3562000</tw-gaap-ci:CashCashEquivalents>
	<tw-gaap-ci:AvailableSaleFinancialAssets-Current contextRef="AsOf20110331" decimals="-3" unitRef="TWD">467131000</tw-gaap-ci:AvailableSaleFinancialAssets-Current>
	<tw-gaap-ci:AvailableSaleFinancialAssets-Current contextRef="AsOf20100331" decimals="-3" unitRef="TWD">236120000</tw-gaap-ci:AvailableSaleFinancialAssets-Current>
	<tw-gaap-ci:ValuationAdjustmentAvailableSaleFinancialAssetsCurrent contextRef="AsOf20110331" decimals="-3" unitRef="TWD">166202000</tw-gaap-ci:ValuationAdjustmentAvailableSaleFinancialAssetsCurrent>
	<tw-gaap-ci:ValuationAdjustmentAvailableSaleFinancialAssetsCurrent contextRef="AsOf20100331" decimals="-3" unitRef="TWD">150662000</tw-gaap-ci:ValuationAdjustmentAvailableSaleFinancialAssetsCurrent>
	<tw-gaap-ci:AvailableSaleFinancialAssetsCurrent contextRef="AsOf20110331" decimals="-3" unitRef="TWD">633333000</tw-gaap-ci:AvailableSaleFinancialAssetsCurrent>
	<tw-gaap-ci:AvailableSaleFinancialAssetsCurrent contextRef="AsOf20100331" decimals="-3" unitRef="TWD">386782000</tw-gaap-ci:AvailableSaleFinancialAssetsCurrent>
	<tw-gaap-ci:NotesReceivable contextRef="AsOf20110331" decimals="-3" unitRef="TWD">68882000</tw-gaap-ci:NotesReceivable>
	<tw-gaap-ci:NotesReceivable contextRef="AsOf20100331" decimals="-3" unitRef="TWD">72538000</tw-gaap-ci:NotesReceivable>
	<tw-gaap-ci:AllowanceDoubtfulAccountsNotesReceivable contextRef="AsOf20110331" decimals="-3" unitRef="TWD">684000</tw-gaap-ci:AllowanceDoubtfulAccountsNotesReceivable>
	<tw-gaap-ci:AllowanceDoubtfulAccountsNotesReceivable contextRef="AsOf20100331" decimals="-3" unitRef="TWD">677000</tw-gaap-ci:AllowanceDoubtfulAccountsNotesReceivable>
	<tw-gaap-ci:NetNotesReceivable contextRef="AsOf20110331" decimals="-3" unitRef="TWD">68198000</tw-gaap-ci:NetNotesReceivable>
	<tw-gaap-ci:NetNotesReceivable contextRef="AsOf20100331" decimals="-3" unitRef="TWD">71861000</tw-gaap-ci:NetNotesReceivable>
	<tw-gaap-ci:NotesReceivableRelatedParties contextRef="AsOf20110331" decimals="-3" unitRef="TWD">0</tw-gaap-ci:NotesReceivableRelatedParties>
	<tw-gaap-ci:NotesReceivableRelatedParties contextRef="AsOf20100331" decimals="-3" unitRef="TWD">2591000</tw-gaap-ci:NotesReceivableRelatedParties>
	<tw-gaap-ci:NetNotesReceivableRelatedParties contextRef="AsOf20110331" decimals="-3" unitRef="TWD">0</tw-gaap-ci:NetNotesReceivableRelatedParties>
	<tw-gaap-ci:NetNotesReceivableRelatedParties contextRef="AsOf20100331" decimals="-3" unitRef="TWD">2591000</tw-gaap-ci:NetNotesReceivableRelatedParties>
	<tw-gaap-ci:AccountsReceivable contextRef="AsOf20110331" decimals="-3" unitRef="TWD">35434000</tw-gaap-ci:AccountsReceivable>
	<tw-gaap-ci:AccountsReceivable contextRef="AsOf20100331" decimals="-3" unitRef="TWD">56048000</tw-gaap-ci:AccountsReceivable>
	<tw-gaap-ci:AllowanceDoubtfulAccountsAccountsReceivableInstallmentAccountsLeases contextRef="AsOf20110331" decimals="-3" unitRef="TWD">4043000</tw-gaap-ci:AllowanceDoubtfulAccountsAccountsReceivableInstallmentAccountsLeases>
	<tw-gaap-ci:AllowanceDoubtfulAccountsAccountsReceivableInstallmentAccountsLeases contextRef="AsOf20100331" decimals="-3" unitRef="TWD">3381000</tw-gaap-ci:AllowanceDoubtfulAccountsAccountsReceivableInstallmentAccountsLeases>
	<tw-gaap-ci:NetAccountsReceivable contextRef="AsOf20110331" decimals="-3" unitRef="TWD">31391000</tw-gaap-ci:NetAccountsReceivable>
	<tw-gaap-ci:NetAccountsReceivable contextRef="AsOf20100331" decimals="-3" unitRef="TWD">52667000</tw-gaap-ci:NetAccountsReceivable>
	<tw-gaap-ci:AccountsReceivableRelatedParties contextRef="AsOf20110331" decimals="-3" unitRef="TWD">1522000</tw-gaap-ci:AccountsReceivableRelatedParties>
	<tw-gaap-ci:AccountsReceivableRelatedParties contextRef="AsOf20100331" decimals="-3" unitRef="TWD">6838000</tw-gaap-ci:AccountsReceivableRelatedParties>
	<tw-gaap-ci:NetAccountsReceivableRelatedParties contextRef="AsOf20110331" decimals="-3" unitRef="TWD">1522000</tw-gaap-ci:NetAccountsReceivableRelatedParties>
	<tw-gaap-ci:NetAccountsReceivableRelatedParties contextRef="AsOf20100331" decimals="-3" unitRef="TWD">6838000</tw-gaap-ci:NetAccountsReceivableRelatedParties>
	<tw-gaap-ci:OtherReceivablesOther contextRef="AsOf20110331" decimals="-3" unitRef="TWD">14626000</tw-gaap-ci:OtherReceivablesOther>
	<tw-gaap-ci:OtherReceivablesOther contextRef="AsOf20100331" decimals="-3" unitRef="TWD">6938000</tw-gaap-ci:OtherReceivablesOther>
	<tw-gaap-ci:OtherReceivables contextRef="AsOf20110331" decimals="-3" unitRef="TWD">14626000</tw-gaap-ci:OtherReceivables>
	<tw-gaap-ci:OtherReceivables contextRef="AsOf20100331" decimals="-3" unitRef="TWD">6938000</tw-gaap-ci:OtherReceivables>
	<tw-gaap-ci:OtherReceivablesRelatedPartiesOther contextRef="AsOf20110331" decimals="-3" unitRef="TWD">1695000</tw-gaap-ci:OtherReceivablesRelatedPartiesOther>
	<tw-gaap-ci:OtherReceivablesRelatedPartiesOther contextRef="AsOf20100331" decimals="-3" unitRef="TWD">0</tw-gaap-ci:OtherReceivablesRelatedPartiesOther>
	<tw-gaap-ci:OtherReceivablesRelatedParties contextRef="AsOf20110331" decimals="-3" unitRef="TWD">1695000</tw-gaap-ci:OtherReceivablesRelatedParties>
	<tw-gaap-ci:OtherReceivablesRelatedParties contextRef="AsOf20100331" decimals="-3" unitRef="TWD">0</tw-gaap-ci:OtherReceivablesRelatedParties>
	<tw-gaap-ci:FinishedGoods contextRef="AsOf20110331" decimals="-3" unitRef="TWD">4634000</tw-gaap-ci:FinishedGoods>
	<tw-gaap-ci:FinishedGoods contextRef="AsOf20100331" decimals="-3" unitRef="TWD">2738000</tw-gaap-ci:FinishedGoods>
	<tw-gaap-ci:SemifinishedGoods contextRef="AsOf20110331" decimals="-3" unitRef="TWD">3472000</tw-gaap-ci:SemifinishedGoods>
	<tw-gaap-ci:SemifinishedGoods contextRef="AsOf20100331" decimals="-3" unitRef="TWD">4310000</tw-gaap-ci:SemifinishedGoods>
	<tw-gaap-ci:RawMaterials contextRef="AsOf20110331" decimals="-3" unitRef="TWD">48476000</tw-gaap-ci:RawMaterials>
	<tw-gaap-ci:RawMaterials contextRef="AsOf20100331" decimals="-3" unitRef="TWD">51766000</tw-gaap-ci:RawMaterials>
	<tw-gaap-ci:Supplies_Manufacturing contextRef="AsOf20110331" decimals="-3" unitRef="TWD">1890000</tw-gaap-ci:Supplies_Manufacturing>
	<tw-gaap-ci:Supplies_Manufacturing contextRef="AsOf20100331" decimals="-3" unitRef="TWD">1892000</tw-gaap-ci:Supplies_Manufacturing>
	<tw-gaap-ci:MaterialsSuppliesTransit contextRef="AsOf20110331" decimals="-3" unitRef="TWD">23778000</tw-gaap-ci:MaterialsSuppliesTransit>
	<tw-gaap-ci:MaterialsSuppliesTransit contextRef="AsOf20100331" decimals="-3" unitRef="TWD">307000</tw-gaap-ci:MaterialsSuppliesTransit>
	<tw-gaap-ci:InventoriesManufacturing contextRef="AsOf20110331" decimals="-3" unitRef="TWD">82250000</tw-gaap-ci:InventoriesManufacturing>
	<tw-gaap-ci:InventoriesManufacturing contextRef="AsOf20100331" decimals="-3" unitRef="TWD">61013000</tw-gaap-ci:InventoriesManufacturing>
	<tw-gaap-ci:Inventories contextRef="AsOf20110331" decimals="-3" unitRef="TWD">82250000</tw-gaap-ci:Inventories>
	<tw-gaap-ci:Inventories contextRef="AsOf20100331" decimals="-3" unitRef="TWD">61013000</tw-gaap-ci:Inventories>
	<tw-gaap-ci:OfficeSupplies contextRef="AsOf20110331" decimals="-3" unitRef="TWD">1172000</tw-gaap-ci:OfficeSupplies>
	<tw-gaap-ci:OfficeSupplies contextRef="AsOf20100331" decimals="-3" unitRef="TWD">787000</tw-gaap-ci:OfficeSupplies>
	<tw-gaap-ci:OtherPrepaidExpenses contextRef="AsOf20110331" decimals="-3" unitRef="TWD">123000</tw-gaap-ci:OtherPrepaidExpenses>
	<tw-gaap-ci:OtherPrepaidExpenses contextRef="AsOf20100331" decimals="-3" unitRef="TWD">146000</tw-gaap-ci:OtherPrepaidExpenses>
	<tw-gaap-ci:PrepaidExpenses contextRef="AsOf20110331" decimals="-3" unitRef="TWD">1295000</tw-gaap-ci:PrepaidExpenses>
	<tw-gaap-ci:PrepaidExpenses contextRef="AsOf20100331" decimals="-3" unitRef="TWD">933000</tw-gaap-ci:PrepaidExpenses>
	<tw-gaap-ci:PrepaymentPurchases contextRef="AsOf20110331" decimals="-3" unitRef="TWD">66000</tw-gaap-ci:PrepaymentPurchases>
	<tw-gaap-ci:PrepaymentPurchases contextRef="AsOf20100331" decimals="-3" unitRef="TWD">7833000</tw-gaap-ci:PrepaymentPurchases>
	<tw-gaap-ci:OtherPrepayments contextRef="AsOf20110331" decimals="-3" unitRef="TWD">66000</tw-gaap-ci:OtherPrepayments>
	<tw-gaap-ci:OtherPrepayments contextRef="AsOf20100331" decimals="-3" unitRef="TWD">7833000</tw-gaap-ci:OtherPrepayments>
	<tw-gaap-ci:TemporaryPayments contextRef="AsOf20110331" decimals="-3" unitRef="TWD">7474000</tw-gaap-ci:TemporaryPayments>
	<tw-gaap-ci:TemporaryPayments contextRef="AsOf20100331" decimals="-3" unitRef="TWD">33243000</tw-gaap-ci:TemporaryPayments>
	<tw-gaap-ci:RestrictedCurrentAssets contextRef="AsOf20110331" decimals="-3" unitRef="TWD">5924000</tw-gaap-ci:RestrictedCurrentAssets>
	<tw-gaap-ci:RestrictedCurrentAssets contextRef="AsOf20100331" decimals="-3" unitRef="TWD">6518000</tw-gaap-ci:RestrictedCurrentAssets>
	<tw-gaap-ci:OtherCurrentAssets contextRef="AsOf20110331" decimals="-3" unitRef="TWD">13398000</tw-gaap-ci:OtherCurrentAssets>
	<tw-gaap-ci:OtherCurrentAssets contextRef="AsOf20100331" decimals="-3" unitRef="TWD">39761000</tw-gaap-ci:OtherCurrentAssets>
	<tw-gaap-ci:CurrentAssets contextRef="AsOf20110331" decimals="-3" unitRef="TWD">855054000</tw-gaap-ci:CurrentAssets>
	<tw-gaap-ci:CurrentAssets contextRef="AsOf20100331" decimals="-3" unitRef="TWD">640779000</tw-gaap-ci:CurrentAssets>
	<tw-gaap-ci:FinancialAssetsCarriedCostNoncurrent contextRef="AsOf20110331" decimals="-3" unitRef="TWD">1577000</tw-gaap-ci:FinancialAssetsCarriedCostNoncurrent>
	<tw-gaap-ci:FinancialAssetsCarriedCostNoncurrent contextRef="AsOf20100331" decimals="-3" unitRef="TWD">1577000</tw-gaap-ci:FinancialAssetsCarriedCostNoncurrent>
	<tw-gaap-ci:NetFinancialAssetsCarriedCostNonCurrent contextRef="AsOf20110331" decimals="-3" unitRef="TWD">1577000</tw-gaap-ci:NetFinancialAssetsCarriedCostNonCurrent>
	<tw-gaap-ci:NetFinancialAssetsCarriedCostNonCurrent contextRef="AsOf20100331" decimals="-3" unitRef="TWD">1577000</tw-gaap-ci:NetFinancialAssetsCarriedCostNonCurrent>
	<tw-gaap-ci:LongtermInvestmentsEquity contextRef="AsOf20110331" decimals="-3" unitRef="TWD">250543000</tw-gaap-ci:LongtermInvestmentsEquity>
	<tw-gaap-ci:LongtermInvestmentsEquity contextRef="AsOf20100331" decimals="-3" unitRef="TWD">236691000</tw-gaap-ci:LongtermInvestmentsEquity>
	<tw-gaap-ci:LongtermInvestments contextRef="AsOf20110331" decimals="-3" unitRef="TWD">250543000</tw-gaap-ci:LongtermInvestments>
	<tw-gaap-ci:LongtermInvestments contextRef="AsOf20100331" decimals="-3" unitRef="TWD">236691000</tw-gaap-ci:LongtermInvestments>
	<tw-gaap-ci:FundsInvestments contextRef="AsOf20110331" decimals="-3" unitRef="TWD">252120000</tw-gaap-ci:FundsInvestments>
	<tw-gaap-ci:FundsInvestments contextRef="AsOf20100331" decimals="-3" unitRef="TWD">238268000</tw-gaap-ci:FundsInvestments>
	<tw-gaap-ci:Land contextRef="AsOf20110331" decimals="-3" unitRef="TWD">2240000</tw-gaap-ci:Land>
	<tw-gaap-ci:Land contextRef="AsOf20100331" decimals="-3" unitRef="TWD">2240000</tw-gaap-ci:Land>
	<tw-gaap-ci:BuildingsStructures contextRef="AsOf20110331" decimals="-3" unitRef="TWD">62412000</tw-gaap-ci:BuildingsStructures>
	<tw-gaap-ci:BuildingsStructures contextRef="AsOf20100331" decimals="-3" unitRef="TWD">55448000</tw-gaap-ci:BuildingsStructures>
	<tw-gaap-ci:MachineryEquipment contextRef="AsOf20110331" decimals="-3" unitRef="TWD">185248000</tw-gaap-ci:MachineryEquipment>
	<tw-gaap-ci:MachineryEquipment contextRef="AsOf20100331" decimals="-3" unitRef="TWD">185170000</tw-gaap-ci:MachineryEquipment>
	<tw-gaap-ci:TransportationEquipment contextRef="AsOf20110331" decimals="-3" unitRef="TWD">21299000</tw-gaap-ci:TransportationEquipment>
	<tw-gaap-ci:TransportationEquipment contextRef="AsOf20100331" decimals="-3" unitRef="TWD">21319000</tw-gaap-ci:TransportationEquipment>
	<tw-gaap-ci:OtherFacilities contextRef="AsOf20110331" decimals="-3" unitRef="TWD">10901000</tw-gaap-ci:OtherFacilities>
	<tw-gaap-ci:OtherFacilities contextRef="AsOf20100331" decimals="-3" unitRef="TWD">16306000</tw-gaap-ci:OtherFacilities>
	<tw-gaap-ci:FixedAssetsOriginalCosts contextRef="AsOf20110331" decimals="-3" unitRef="TWD">282100000</tw-gaap-ci:FixedAssetsOriginalCosts>
	<tw-gaap-ci:FixedAssetsOriginalCosts contextRef="AsOf20100331" decimals="-3" unitRef="TWD">280483000</tw-gaap-ci:FixedAssetsOriginalCosts>
	<tw-gaap-ci:LandRevaluationIncrement contextRef="AsOf20110331" decimals="-3" unitRef="TWD">95607000</tw-gaap-ci:LandRevaluationIncrement>
	<tw-gaap-ci:LandRevaluationIncrement contextRef="AsOf20100331" decimals="-3" unitRef="TWD">95607000</tw-gaap-ci:LandRevaluationIncrement>
	<tw-gaap-ci:BuildingsStructuresRevaluationIncrement contextRef="AsOf20110331" decimals="-3" unitRef="TWD">10779000</tw-gaap-ci:BuildingsStructuresRevaluationIncrement>
	<tw-gaap-ci:BuildingsStructuresRevaluationIncrement contextRef="AsOf20100331" decimals="-3" unitRef="TWD">10779000</tw-gaap-ci:BuildingsStructuresRevaluationIncrement>
	<tw-gaap-ci:MachineryEquipmentRevaluationIncrement contextRef="AsOf20110331" decimals="-3" unitRef="TWD">16084000</tw-gaap-ci:MachineryEquipmentRevaluationIncrement>
	<tw-gaap-ci:MachineryEquipmentRevaluationIncrement contextRef="AsOf20100331" decimals="-3" unitRef="TWD">16084000</tw-gaap-ci:MachineryEquipmentRevaluationIncrement>
	<tw-gaap-ci:OtherFacilitiesRevaluationIncrement contextRef="AsOf20110331" decimals="-3" unitRef="TWD">61000</tw-gaap-ci:OtherFacilitiesRevaluationIncrement>
	<tw-gaap-ci:OtherFacilitiesRevaluationIncrement contextRef="AsOf20100331" decimals="-3" unitRef="TWD">74000</tw-gaap-ci:OtherFacilitiesRevaluationIncrement>
	<tw-gaap-ci:RevaluationIncrement contextRef="AsOf20110331" decimals="-3" unitRef="TWD">122531000</tw-gaap-ci:RevaluationIncrement>
	<tw-gaap-ci:RevaluationIncrement contextRef="AsOf20100331" decimals="-3" unitRef="TWD">122544000</tw-gaap-ci:RevaluationIncrement>
	<tw-gaap-ci:CostsRevaluationIncrement contextRef="AsOf20110331" decimals="-3" unitRef="TWD">404631000</tw-gaap-ci:CostsRevaluationIncrement>
	<tw-gaap-ci:CostsRevaluationIncrement contextRef="AsOf20100331" decimals="-3" unitRef="TWD">403027000</tw-gaap-ci:CostsRevaluationIncrement>
	<tw-gaap-ci:AccumulateddepreciationBuildingsStructures contextRef="AsOf20110331" decimals="-3" unitRef="TWD">55518000</tw-gaap-ci:AccumulateddepreciationBuildingsStructures>
	<tw-gaap-ci:AccumulateddepreciationBuildingsStructures contextRef="AsOf20100331" decimals="-3" unitRef="TWD">54014000</tw-gaap-ci:AccumulateddepreciationBuildingsStructures>
	<tw-gaap-ci:AccumulatedDepreciationMachineryEquipment contextRef="AsOf20110331" decimals="-3" unitRef="TWD">194963000</tw-gaap-ci:AccumulatedDepreciationMachineryEquipment>
	<tw-gaap-ci:AccumulatedDepreciationMachineryEquipment contextRef="AsOf20100331" decimals="-3" unitRef="TWD">193834000</tw-gaap-ci:AccumulatedDepreciationMachineryEquipment>
	<tw-gaap-ci:AccumulatedDepreciationTransportationEquipment contextRef="AsOf20110331" decimals="-3" unitRef="TWD">10065000</tw-gaap-ci:AccumulatedDepreciationTransportationEquipment>
	<tw-gaap-ci:AccumulatedDepreciationTransportationEquipment contextRef="AsOf20100331" decimals="-3" unitRef="TWD">15045000</tw-gaap-ci:AccumulatedDepreciationTransportationEquipment>
	<tw-gaap-ci:AccumulatedDepreciationOtherFacilities contextRef="AsOf20110331" decimals="-3" unitRef="TWD">17105000</tw-gaap-ci:AccumulatedDepreciationOtherFacilities>
	<tw-gaap-ci:AccumulatedDepreciationOtherFacilities contextRef="AsOf20100331" decimals="-3" unitRef="TWD">15309000</tw-gaap-ci:AccumulatedDepreciationOtherFacilities>
	<tw-gaap-ci:AccumulatedDepreciation contextRef="AsOf20110331" decimals="-3" unitRef="TWD">277651000</tw-gaap-ci:AccumulatedDepreciation>
	<tw-gaap-ci:AccumulatedDepreciation contextRef="AsOf20100331" decimals="-3" unitRef="TWD">278202000</tw-gaap-ci:AccumulatedDepreciation>
	<tw-gaap-ci:FixedAssets contextRef="AsOf20110331" decimals="-3" unitRef="TWD">126980000</tw-gaap-ci:FixedAssets>
	<tw-gaap-ci:FixedAssets contextRef="AsOf20100331" decimals="-3" unitRef="TWD">124825000</tw-gaap-ci:FixedAssets>
	<tw-gaap-ci:IdledAssets contextRef="AsOf20110331" decimals="-3" unitRef="TWD">28596000</tw-gaap-ci:IdledAssets>
	<tw-gaap-ci:IdledAssets contextRef="AsOf20100331" decimals="-3" unitRef="TWD">6487000</tw-gaap-ci:IdledAssets>
	<tw-gaap-ci:IdleAssetsRevaluationIncrement contextRef="AsOf20110331" decimals="-3" unitRef="TWD">13806000</tw-gaap-ci:IdleAssetsRevaluationIncrement>
	<tw-gaap-ci:IdleAssetsRevaluationIncrement contextRef="AsOf20100331" decimals="-3" unitRef="TWD">13806000</tw-gaap-ci:IdleAssetsRevaluationIncrement>
	<tw-gaap-ci:NetIdledAssets contextRef="AsOf20110331" decimals="-3" unitRef="TWD">42402000</tw-gaap-ci:NetIdledAssets>
	<tw-gaap-ci:NetIdledAssets contextRef="AsOf20100331" decimals="-3" unitRef="TWD">20293000</tw-gaap-ci:NetIdledAssets>
	<tw-gaap-ci:GuaranteeDepositsPaid contextRef="AsOf20110331" decimals="-3" unitRef="TWD">188000</tw-gaap-ci:GuaranteeDepositsPaid>
	<tw-gaap-ci:GuaranteeDepositsPaid contextRef="AsOf20100331" decimals="-3" unitRef="TWD">146000</tw-gaap-ci:GuaranteeDepositsPaid>
	<tw-gaap-ci:OtherDeferredCharges contextRef="AsOf20110331" decimals="-3" unitRef="TWD">62000</tw-gaap-ci:OtherDeferredCharges>
	<tw-gaap-ci:OtherDeferredCharges contextRef="AsOf20100331" decimals="-3" unitRef="TWD">234000</tw-gaap-ci:OtherDeferredCharges>
	<tw-gaap-ci:DeferredCharges contextRef="AsOf20110331" decimals="-3" unitRef="TWD">62000</tw-gaap-ci:DeferredCharges>
	<tw-gaap-ci:DeferredCharges contextRef="AsOf20100331" decimals="-3" unitRef="TWD">234000</tw-gaap-ci:DeferredCharges>
	<tw-gaap-ci:OverdueReceivable contextRef="AsOf20110331" decimals="-3" unitRef="TWD">87877000</tw-gaap-ci:OverdueReceivable>
	<tw-gaap-ci:OverdueReceivable contextRef="AsOf20100331" decimals="-3" unitRef="TWD">119359000</tw-gaap-ci:OverdueReceivable>
	<tw-gaap-ci:LongtermNotesAccountsReceivable contextRef="AsOf20110331" decimals="-3" unitRef="TWD">87877000</tw-gaap-ci:LongtermNotesAccountsReceivable>
	<tw-gaap-ci:LongtermNotesAccountsReceivable contextRef="AsOf20100331" decimals="-3" unitRef="TWD">119359000</tw-gaap-ci:LongtermNotesAccountsReceivable>
	<tw-gaap-ci:DeferredIncomeTaxAssetsNonCurrent contextRef="AsOf20110331" decimals="-3" unitRef="TWD">6481000</tw-gaap-ci:DeferredIncomeTaxAssetsNonCurrent>
	<tw-gaap-ci:DeferredIncomeTaxAssetsNonCurrent contextRef="AsOf20100331" decimals="-3" unitRef="TWD">7703000</tw-gaap-ci:DeferredIncomeTaxAssetsNonCurrent>
	<tw-gaap-ci:OtherAssets contextRef="AsOf20110331" decimals="-3" unitRef="TWD">137010000</tw-gaap-ci:OtherAssets>
	<tw-gaap-ci:OtherAssets contextRef="AsOf20100331" decimals="-3" unitRef="TWD">147735000</tw-gaap-ci:OtherAssets>
	<tw-gaap-ci:Assets contextRef="AsOf20110331" decimals="-3" unitRef="TWD">1371164000</tw-gaap-ci:Assets>
	<tw-gaap-ci:Assets contextRef="AsOf20100331" decimals="-3" unitRef="TWD">1151607000</tw-gaap-ci:Assets>
	<tw-gaap-ci:BankLoan contextRef="AsOf20110331" decimals="-3" unitRef="TWD">183759000</tw-gaap-ci:BankLoan>
	<tw-gaap-ci:BankLoan contextRef="AsOf20100331" decimals="-3" unitRef="TWD">110386000</tw-gaap-ci:BankLoan>
	<tw-gaap-ci:OtherShorttermBorrowings contextRef="AsOf20110331" decimals="-3" unitRef="TWD">70731000</tw-gaap-ci:OtherShorttermBorrowings>
	<tw-gaap-ci:OtherShorttermBorrowings contextRef="AsOf20100331" decimals="-3" unitRef="TWD">39653000</tw-gaap-ci:OtherShorttermBorrowings>
	<tw-gaap-ci:ShortTermBorrowings contextRef="AsOf20110331" decimals="-3" unitRef="TWD">254490000</tw-gaap-ci:ShortTermBorrowings>
	<tw-gaap-ci:ShortTermBorrowings contextRef="AsOf20100331" decimals="-3" unitRef="TWD">150039000</tw-gaap-ci:ShortTermBorrowings>
	<tw-gaap-ci:ShorttermNotesBillsPayable-ShorttermNotesBillsPayable contextRef="AsOf20110331" decimals="-3" unitRef="TWD">135000000</tw-gaap-ci:ShorttermNotesBillsPayable-ShorttermNotesBillsPayable>
	<tw-gaap-ci:ShorttermNotesBillsPayable-ShorttermNotesBillsPayable contextRef="AsOf20100331" decimals="-3" unitRef="TWD">40000000</tw-gaap-ci:ShorttermNotesBillsPayable-ShorttermNotesBillsPayable>
	<tw-gaap-ci:DiscountShorttermNotesBillsPayable contextRef="AsOf20110331" decimals="-3" unitRef="TWD">174000</tw-gaap-ci:DiscountShorttermNotesBillsPayable>
	<tw-gaap-ci:DiscountShorttermNotesBillsPayable contextRef="AsOf20100331" decimals="-3" unitRef="TWD">8000</tw-gaap-ci:DiscountShorttermNotesBillsPayable>
	<tw-gaap-ci:ShorttermNotesBillsPayable contextRef="AsOf20110331" decimals="-3" unitRef="TWD">134826000</tw-gaap-ci:ShorttermNotesBillsPayable>
	<tw-gaap-ci:ShorttermNotesBillsPayable contextRef="AsOf20100331" decimals="-3" unitRef="TWD">39992000</tw-gaap-ci:ShorttermNotesBillsPayable>
	<tw-gaap-ci:NotesPayable_NotesPayable contextRef="AsOf20110331" decimals="-3" unitRef="TWD">43000</tw-gaap-ci:NotesPayable_NotesPayable>
	<tw-gaap-ci:NotesPayable_NotesPayable contextRef="AsOf20100331" decimals="-3" unitRef="TWD">343000</tw-gaap-ci:NotesPayable_NotesPayable>
	<tw-gaap-ci:NotesPayable contextRef="AsOf20110331" decimals="-3" unitRef="TWD">43000</tw-gaap-ci:NotesPayable>
	<tw-gaap-ci:NotesPayable contextRef="AsOf20100331" decimals="-3" unitRef="TWD">343000</tw-gaap-ci:NotesPayable>
	<tw-gaap-ci:NotesPayableRelatedParties contextRef="AsOf20110331" decimals="-3" unitRef="TWD">0</tw-gaap-ci:NotesPayableRelatedParties>
	<tw-gaap-ci:NotesPayableRelatedParties contextRef="AsOf20100331" decimals="-3" unitRef="TWD">0</tw-gaap-ci:NotesPayableRelatedParties>
	<tw-gaap-ci:AccountsPayable_AccountsPayable contextRef="AsOf20110331" decimals="-3" unitRef="TWD">10029000</tw-gaap-ci:AccountsPayable_AccountsPayable>
	<tw-gaap-ci:AccountsPayable_AccountsPayable contextRef="AsOf20100331" decimals="-3" unitRef="TWD">23356000</tw-gaap-ci:AccountsPayable_AccountsPayable>
	<tw-gaap-ci:AccountsPayable contextRef="AsOf20110331" decimals="-3" unitRef="TWD">10029000</tw-gaap-ci:AccountsPayable>
	<tw-gaap-ci:AccountsPayable contextRef="AsOf20100331" decimals="-3" unitRef="TWD">23356000</tw-gaap-ci:AccountsPayable>
	<tw-gaap-ci:AccountsPayableRelatedParties_AccountsPayableRelatedParties contextRef="AsOf20110331" decimals="-3" unitRef="TWD">493000</tw-gaap-ci:AccountsPayableRelatedParties_AccountsPayableRelatedParties>
	<tw-gaap-ci:AccountsPayableRelatedParties_AccountsPayableRelatedParties contextRef="AsOf20100331" decimals="-3" unitRef="TWD">2928000</tw-gaap-ci:AccountsPayableRelatedParties_AccountsPayableRelatedParties>
	<tw-gaap-ci:AccountsPayableRelatedParties contextRef="AsOf20110331" decimals="-3" unitRef="TWD">493000</tw-gaap-ci:AccountsPayableRelatedParties>
	<tw-gaap-ci:AccountsPayableRelatedParties contextRef="AsOf20100331" decimals="-3" unitRef="TWD">2928000</tw-gaap-ci:AccountsPayableRelatedParties>
	<tw-gaap-ci:IncomeTaxPayable contextRef="AsOf20110331" decimals="-3" unitRef="TWD">1476000</tw-gaap-ci:IncomeTaxPayable>
	<tw-gaap-ci:IncomeTaxPayable contextRef="AsOf20100331" decimals="-3" unitRef="TWD">89000</tw-gaap-ci:IncomeTaxPayable>
	<tw-gaap-ci:SalariesWagesPayable contextRef="AsOf20110331" decimals="-3" unitRef="TWD">1619000</tw-gaap-ci:SalariesWagesPayable>
	<tw-gaap-ci:SalariesWagesPayable contextRef="AsOf20100331" decimals="-3" unitRef="TWD">1843000</tw-gaap-ci:SalariesWagesPayable>
	<tw-gaap-ci:InterestPayable contextRef="AsOf20110331" decimals="-3" unitRef="TWD">1880000</tw-gaap-ci:InterestPayable>
	<tw-gaap-ci:InterestPayable contextRef="AsOf20100331" decimals="-3" unitRef="TWD">1503000</tw-gaap-ci:InterestPayable>
	<tw-gaap-ci:OtherAccruedExpenses contextRef="AsOf20110331" decimals="-3" unitRef="TWD">1494000</tw-gaap-ci:OtherAccruedExpenses>
	<tw-gaap-ci:OtherAccruedExpenses contextRef="AsOf20100331" decimals="-3" unitRef="TWD">2026000</tw-gaap-ci:OtherAccruedExpenses>
	<tw-gaap-ci:AccruedExpenses contextRef="AsOf20110331" decimals="-3" unitRef="TWD">4993000</tw-gaap-ci:AccruedExpenses>
	<tw-gaap-ci:AccruedExpenses contextRef="AsOf20100331" decimals="-3" unitRef="TWD">5372000</tw-gaap-ci:AccruedExpenses>
	<tw-gaap-ci:EmployeeBonusPayable-IncomeStatement contextRef="AsOf20110331" decimals="-3" unitRef="TWD">533000</tw-gaap-ci:EmployeeBonusPayable-IncomeStatement>
	<tw-gaap-ci:EmployeeBonusPayable-IncomeStatement contextRef="AsOf20100331" decimals="-3" unitRef="TWD">622000</tw-gaap-ci:EmployeeBonusPayable-IncomeStatement>
	<tw-gaap-ci:CompensationDueDirectorsSupervisors contextRef="AsOf20110331" decimals="-3" unitRef="TWD">889000</tw-gaap-ci:CompensationDueDirectorsSupervisors>
	<tw-gaap-ci:CompensationDueDirectorsSupervisors contextRef="AsOf20100331" decimals="-3" unitRef="TWD">1035000</tw-gaap-ci:CompensationDueDirectorsSupervisors>
	<tw-gaap-ci:OtherPayablesOther contextRef="AsOf20110331" decimals="-3" unitRef="TWD">5326000</tw-gaap-ci:OtherPayablesOther>
	<tw-gaap-ci:OtherPayablesOther contextRef="AsOf20100331" decimals="-3" unitRef="TWD">53000</tw-gaap-ci:OtherPayablesOther>
	<tw-gaap-ci:OtherPayables contextRef="AsOf20110331" decimals="-3" unitRef="TWD">6748000</tw-gaap-ci:OtherPayables>
	<tw-gaap-ci:OtherPayables contextRef="AsOf20100331" decimals="-3" unitRef="TWD">1710000</tw-gaap-ci:OtherPayables>
	<tw-gaap-ci:TemporaryCredits contextRef="AsOf20110331" decimals="-3" unitRef="TWD">2837000</tw-gaap-ci:TemporaryCredits>
	<tw-gaap-ci:TemporaryCredits contextRef="AsOf20100331" decimals="-3" unitRef="TWD">889000</tw-gaap-ci:TemporaryCredits>
	<tw-gaap-ci:ReceiptsCustody contextRef="AsOf20110331" decimals="-3" unitRef="TWD">23000</tw-gaap-ci:ReceiptsCustody>
	<tw-gaap-ci:ReceiptsCustody contextRef="AsOf20100331" decimals="-3" unitRef="TWD">21000</tw-gaap-ci:ReceiptsCustody>
	<tw-gaap-ci:DeferredIncomeTaxLiabilities contextRef="AsOf20110331" decimals="-3" unitRef="TWD">0</tw-gaap-ci:DeferredIncomeTaxLiabilities>
	<tw-gaap-ci:DeferredIncomeTaxLiabilities contextRef="AsOf20100331" decimals="-3" unitRef="TWD">0</tw-gaap-ci:DeferredIncomeTaxLiabilities>
	<tw-gaap-ci:OtherCurrentLiabilities contextRef="AsOf20110331" decimals="-3" unitRef="TWD">2860000</tw-gaap-ci:OtherCurrentLiabilities>
	<tw-gaap-ci:OtherCurrentLiabilities contextRef="AsOf20100331" decimals="-3" unitRef="TWD">910000</tw-gaap-ci:OtherCurrentLiabilities>
	<tw-gaap-ci:CurrentLiabilities contextRef="AsOf20110331" decimals="-3" unitRef="TWD">415958000</tw-gaap-ci:CurrentLiabilities>
	<tw-gaap-ci:CurrentLiabilities contextRef="AsOf20100331" decimals="-3" unitRef="TWD">224739000</tw-gaap-ci:CurrentLiabilities>
	<tw-gaap-ci:ReserveLandRevaluationIncrementTax contextRef="AsOf20110331" decimals="-3" unitRef="TWD">36662000</tw-gaap-ci:ReserveLandRevaluationIncrementTax>
	<tw-gaap-ci:ReserveLandRevaluationIncrementTax contextRef="AsOf20100331" decimals="-3" unitRef="TWD">36662000</tw-gaap-ci:ReserveLandRevaluationIncrementTax>
	<tw-gaap-ci:Reserves contextRef="AsOf20110331" decimals="-3" unitRef="TWD">36662000</tw-gaap-ci:Reserves>
	<tw-gaap-ci:Reserves contextRef="AsOf20100331" decimals="-3" unitRef="TWD">36662000</tw-gaap-ci:Reserves>
	<tw-gaap-ci:PensionReserve contextRef="AsOf20110331" decimals="-3" unitRef="TWD">24058000</tw-gaap-ci:PensionReserve>
	<tw-gaap-ci:PensionReserve contextRef="AsOf20100331" decimals="-3" unitRef="TWD">23866000</tw-gaap-ci:PensionReserve>
	<tw-gaap-ci:Long-termInvestmentsEquityCredit contextRef="AsOf20110331" decimals="-3" unitRef="TWD">229000</tw-gaap-ci:Long-termInvestmentsEquityCredit>
	<tw-gaap-ci:Long-termInvestmentsEquityCredit contextRef="AsOf20100331" decimals="-3" unitRef="TWD">240000</tw-gaap-ci:Long-termInvestmentsEquityCredit>
	<tw-gaap-ci:OtherLiabilities contextRef="AsOf20110331" decimals="-3" unitRef="TWD">24287000</tw-gaap-ci:OtherLiabilities>
	<tw-gaap-ci:OtherLiabilities contextRef="AsOf20100331" decimals="-3" unitRef="TWD">24106000</tw-gaap-ci:OtherLiabilities>
	<tw-gaap-ci:Liabilities contextRef="AsOf20110331" decimals="-3" unitRef="TWD">476907000</tw-gaap-ci:Liabilities>
	<tw-gaap-ci:Liabilities contextRef="AsOf20100331" decimals="-3" unitRef="TWD">285507000</tw-gaap-ci:Liabilities>
	<tw-gaap-ci:CommonStock contextRef="AsOf20110331" decimals="-3" unitRef="TWD">545328000</tw-gaap-ci:CommonStock>
	<tw-gaap-ci:CommonStock contextRef="AsOf20100331" decimals="-3" unitRef="TWD">529445000</tw-gaap-ci:CommonStock>
	<tw-gaap-ci:Capital contextRef="AsOf20110331" decimals="-3" unitRef="TWD">545328000</tw-gaap-ci:Capital>
	<tw-gaap-ci:Capital contextRef="AsOf20100331" decimals="-3" unitRef="TWD">529445000</tw-gaap-ci:Capital>
	<tw-gaap-ci:CapitalSurplusAdditionalPaidCapitalCommonStock contextRef="AsOf20110331" decimals="-3" unitRef="TWD">26793000</tw-gaap-ci:CapitalSurplusAdditionalPaidCapitalCommonStock>
	<tw-gaap-ci:CapitalSurplusAdditionalPaidCapitalCommonStock contextRef="AsOf20100331" decimals="-3" unitRef="TWD">26793000</tw-gaap-ci:CapitalSurplusAdditionalPaidCapitalCommonStock>
	<tw-gaap-ci:CapitalSurplusAdditionalPaidCapital contextRef="AsOf20110331" decimals="-3" unitRef="TWD">26793000</tw-gaap-ci:CapitalSurplusAdditionalPaidCapital>
	<tw-gaap-ci:CapitalSurplusAdditionalPaidCapital contextRef="AsOf20100331" decimals="-3" unitRef="TWD">26793000</tw-gaap-ci:CapitalSurplusAdditionalPaidCapital>
	<tw-gaap-ci:CapitalSurplusTreasuryStockTransactions contextRef="AsOf20110331" decimals="-3" unitRef="TWD">778000</tw-gaap-ci:CapitalSurplusTreasuryStockTransactions>
	<tw-gaap-ci:CapitalSurplusTreasuryStockTransactions contextRef="AsOf20100331" decimals="-3" unitRef="TWD">778000</tw-gaap-ci:CapitalSurplusTreasuryStockTransactions>
	<tw-gaap-ci:CapitalSurplusLongTermEquityInvestments contextRef="AsOf20110331" decimals="-3" unitRef="TWD">34000</tw-gaap-ci:CapitalSurplusLongTermEquityInvestments>
	<tw-gaap-ci:CapitalSurplusLongTermEquityInvestments contextRef="AsOf20100331" decimals="-3" unitRef="TWD">34000</tw-gaap-ci:CapitalSurplusLongTermEquityInvestments>
	<tw-gaap-ci:CapitalSurplus-Other contextRef="AsOf20110331" decimals="-3" unitRef="TWD">69000</tw-gaap-ci:CapitalSurplus-Other>
	<tw-gaap-ci:CapitalSurplus-Other contextRef="AsOf20100331" decimals="-3" unitRef="TWD">69000</tw-gaap-ci:CapitalSurplus-Other>
	<tw-gaap-ci:CapitalSurplusOther contextRef="AsOf20110331" decimals="-3" unitRef="TWD">69000</tw-gaap-ci:CapitalSurplusOther>
	<tw-gaap-ci:CapitalSurplusOther contextRef="AsOf20100331" decimals="-3" unitRef="TWD">69000</tw-gaap-ci:CapitalSurplusOther>
	<tw-gaap-ci:CapitalSurplus contextRef="AsOf20110331" decimals="-3" unitRef="TWD">27674000</tw-gaap-ci:CapitalSurplus>
	<tw-gaap-ci:CapitalSurplus contextRef="AsOf20100331" decimals="-3" unitRef="TWD">27674000</tw-gaap-ci:CapitalSurplus>
	<tw-gaap-ci:LegalReserve contextRef="AsOf20110331" decimals="-3" unitRef="TWD">73772000</tw-gaap-ci:LegalReserve>
	<tw-gaap-ci:LegalReserve contextRef="AsOf20100331" decimals="-3" unitRef="TWD">72112000</tw-gaap-ci:LegalReserve>
	<tw-gaap-ci:SpecialReserve contextRef="AsOf20110331" decimals="-3" unitRef="TWD">0</tw-gaap-ci:SpecialReserve>
	<tw-gaap-ci:SpecialReserve contextRef="AsOf20100331" decimals="-3" unitRef="TWD">553000</tw-gaap-ci:SpecialReserve>
	<tw-gaap-ci:AccumulatedProfitLoss contextRef="AsOf20110331" decimals="-3" unitRef="TWD">24415000</tw-gaap-ci:AccumulatedProfitLoss>
	<tw-gaap-ci:AccumulatedProfitLoss contextRef="AsOf20100331" decimals="-3" unitRef="TWD">26315000</tw-gaap-ci:AccumulatedProfitLoss>
	<tw-gaap-ci:CurrentProfitLoss contextRef="AsOf20110331" decimals="-3" unitRef="TWD">60000</tw-gaap-ci:CurrentProfitLoss>
	<tw-gaap-ci:CurrentProfitLoss contextRef="AsOf20100331" decimals="-3" unitRef="TWD">557000</tw-gaap-ci:CurrentProfitLoss>
	<tw-gaap-ci:UnappropriatedRetainedEarnings contextRef="AsOf20110331" decimals="-3" unitRef="TWD">24475000</tw-gaap-ci:UnappropriatedRetainedEarnings>
	<tw-gaap-ci:UnappropriatedRetainedEarnings contextRef="AsOf20100331" decimals="-3" unitRef="TWD">26872000</tw-gaap-ci:UnappropriatedRetainedEarnings>
	<tw-gaap-ci:RetainedEarnings contextRef="AsOf20110331" decimals="-3" unitRef="TWD">98247000</tw-gaap-ci:RetainedEarnings>
	<tw-gaap-ci:RetainedEarnings contextRef="AsOf20100331" decimals="-3" unitRef="TWD">99537000</tw-gaap-ci:RetainedEarnings>
	<tw-gaap-ci:CumulativeTranslationAdjustments contextRef="AsOf20110331" decimals="-3" unitRef="TWD">-2551000</tw-gaap-ci:CumulativeTranslationAdjustments>
	<tw-gaap-ci:CumulativeTranslationAdjustments contextRef="AsOf20100331" decimals="-3" unitRef="TWD">-1128000</tw-gaap-ci:CumulativeTranslationAdjustments>
	<tw-gaap-ci:UnrealizedGainLossesAvailableSaleFinancialAssetsMember contextRef="From20110101To20110331" decimals="-3" unitRef="TWD">186057000</tw-gaap-ci:UnrealizedGainLossesAvailableSaleFinancialAssetsMember>
	<tw-gaap-ci:UnrealizedGainLossesAvailableSaleFinancialAssetsMember contextRef="From20100101To20100331" decimals="-3" unitRef="TWD">171070000</tw-gaap-ci:UnrealizedGainLossesAvailableSaleFinancialAssetsMember>
	<tw-gaap-ci:UnrealizedGainsLossesFinancialInstruments contextRef="AsOf20110331" decimals="-3" unitRef="TWD">186057000</tw-gaap-ci:UnrealizedGainsLossesFinancialInstruments>
	<tw-gaap-ci:UnrealizedGainsLossesFinancialInstruments contextRef="AsOf20100331" decimals="-3" unitRef="TWD">171070000</tw-gaap-ci:UnrealizedGainsLossesFinancialInstruments>
	<tw-gaap-ci:UnrealizedRevaluationIncrement contextRef="AsOf20110331" decimals="-3" unitRef="TWD">51086000</tw-gaap-ci:UnrealizedRevaluationIncrement>
	<tw-gaap-ci:UnrealizedRevaluationIncrement contextRef="AsOf20100331" decimals="-3" unitRef="TWD">51086000</tw-gaap-ci:UnrealizedRevaluationIncrement>
	<tw-gaap-ci:TreasuryStock contextRef="AsOf20110331" decimals="-3" unitRef="TWD">11584000</tw-gaap-ci:TreasuryStock>
	<tw-gaap-ci:TreasuryStock contextRef="AsOf20100331" decimals="-3" unitRef="TWD">11584000</tw-gaap-ci:TreasuryStock>
	<tw-gaap-ci:StockholdersEquitiesAdjustments contextRef="AsOf20110331" decimals="-3" unitRef="TWD">223008000</tw-gaap-ci:StockholdersEquitiesAdjustments>
	<tw-gaap-ci:StockholdersEquitiesAdjustments contextRef="AsOf20100331" decimals="-3" unitRef="TWD">209444000</tw-gaap-ci:StockholdersEquitiesAdjustments>
	<tw-gaap-ci:StockholdersEquities contextRef="AsOf20110331" decimals="-3" unitRef="TWD">894257000</tw-gaap-ci:StockholdersEquities>
	<tw-gaap-ci:StockholdersEquities contextRef="AsOf20100331" decimals="-3" unitRef="TWD">866100000</tw-gaap-ci:StockholdersEquities>
	<tw-gaap-ci:EquivalentSharesOutstandingAdvanceReceiptsCommonStock contextRef="AsOf20110331" decimals="0" unitRef="Shares">0</tw-gaap-ci:EquivalentSharesOutstandingAdvanceReceiptsCommonStock>
	<tw-gaap-ci:EquivalentSharesOutstandingAdvanceReceiptsCommonStock contextRef="AsOf20100331" decimals="0" unitRef="Shares">0</tw-gaap-ci:EquivalentSharesOutstandingAdvanceReceiptsCommonStock>
	<tw-gaap-ci:NumberTreasuryStockAcquiredCompanySubsidiaries contextRef="AsOf20110331" decimals="0" unitRef="Shares">2069525</tw-gaap-ci:NumberTreasuryStockAcquiredCompanySubsidiaries>
	<tw-gaap-ci:NumberTreasuryStockAcquiredCompanySubsidiaries contextRef="AsOf20100331" decimals="0" unitRef="Shares">2009248</tw-gaap-ci:NumberTreasuryStockAcquiredCompanySubsidiaries>
	<tw-gaap-ci:SalesRevenue contextRef="From20110101To20110331" decimals="-3" unitRef="TWD">85378000</tw-gaap-ci:SalesRevenue>
	<tw-gaap-ci:SalesRevenue contextRef="From20100101To20100331" decimals="-3" unitRef="TWD">98145000</tw-gaap-ci:SalesRevenue>
	<tw-gaap-ci:NaturalGasSales contextRef="From20110101To20110331" decimals="-3" unitRef="TWD">0</tw-gaap-ci:NaturalGasSales>
	<tw-gaap-ci:NaturalGasSales contextRef="From20100101To20100331" decimals="-3" unitRef="TWD">0</tw-gaap-ci:NaturalGasSales>
	<tw-gaap-ci:Sales contextRef="From20110101To20110331" decimals="-3" unitRef="TWD">85378000</tw-gaap-ci:Sales>
	<tw-gaap-ci:Sales contextRef="From20100101To20100331" decimals="-3" unitRef="TWD">98145000</tw-gaap-ci:Sales>
	<tw-gaap-ci:SalesReturns contextRef="From20110101To20110331" decimals="-3" unitRef="TWD">136000</tw-gaap-ci:SalesReturns>
	<tw-gaap-ci:SalesReturns contextRef="From20100101To20100331" decimals="-3" unitRef="TWD">126000</tw-gaap-ci:SalesReturns>
	<tw-gaap-ci:SalesDiscountsAllowances contextRef="From20110101To20110331" decimals="-3" unitRef="TWD">856000</tw-gaap-ci:SalesDiscountsAllowances>
	<tw-gaap-ci:SalesDiscountsAllowances contextRef="From20100101To20100331" decimals="-3" unitRef="TWD">839000</tw-gaap-ci:SalesDiscountsAllowances>
	<tw-gaap-ci:NetSales contextRef="From20110101To20110331" decimals="-3" unitRef="TWD">84386000</tw-gaap-ci:NetSales>
	<tw-gaap-ci:NetSales contextRef="From20100101To20100331" decimals="-3" unitRef="TWD">97180000</tw-gaap-ci:NetSales>
	<tw-gaap-ci:OperatingRevenue contextRef="From20110101To20110331" decimals="-3" unitRef="TWD">84386000</tw-gaap-ci:OperatingRevenue>
	<tw-gaap-ci:OperatingRevenue contextRef="From20100101To20100331" decimals="-3" unitRef="TWD">97180000</tw-gaap-ci:OperatingRevenue>
	<tw-gaap-ci:CostSalesCostSales contextRef="From20110101To20110331" decimals="-3" unitRef="TWD">75563000</tw-gaap-ci:CostSalesCostSales>
	<tw-gaap-ci:CostSalesCostSales contextRef="From20100101To20100331" decimals="-3" unitRef="TWD">86912000</tw-gaap-ci:CostSalesCostSales>
	<tw-gaap-ci:CostSales contextRef="From20110101To20110331" decimals="-3" unitRef="TWD">75563000</tw-gaap-ci:CostSales>
	<tw-gaap-ci:CostSales contextRef="From20100101To20100331" decimals="-3" unitRef="TWD">86912000</tw-gaap-ci:CostSales>
	<tw-gaap-ci:OperatingCosts contextRef="From20110101To20110331" decimals="-3" unitRef="TWD">75563000</tw-gaap-ci:OperatingCosts>
	<tw-gaap-ci:OperatingCosts contextRef="From20100101To20100331" decimals="-3" unitRef="TWD">86912000</tw-gaap-ci:OperatingCosts>
	<tw-gaap-ci:GrossProfitLossOperations contextRef="From20110101To20110331" decimals="-3" unitRef="TWD">8823000</tw-gaap-ci:GrossProfitLossOperations>
	<tw-gaap-ci:GrossProfitLossOperations contextRef="From20100101To20100331" decimals="-3" unitRef="TWD">10268000</tw-gaap-ci:GrossProfitLossOperations>
	<tw-gaap-ci:SalaryWages-SellingExpense contextRef="From20110101To20110331" decimals="-3" unitRef="TWD">709000</tw-gaap-ci:SalaryWages-SellingExpense>
	<tw-gaap-ci:SalaryWages-SellingExpense contextRef="From20100101To20100331" decimals="-3" unitRef="TWD">584000</tw-gaap-ci:SalaryWages-SellingExpense>
	<tw-gaap-ci:Freight-SellingExpense contextRef="From20110101To20110331" decimals="-3" unitRef="TWD">776000</tw-gaap-ci:Freight-SellingExpense>
	<tw-gaap-ci:Freight-SellingExpense contextRef="From20100101To20100331" decimals="-3" unitRef="TWD">1068000</tw-gaap-ci:Freight-SellingExpense>
	<tw-gaap-ci:PostagePhoneFaxExpense-SellingExpense contextRef="From20110101To20110331" decimals="-3" unitRef="TWD">0</tw-gaap-ci:PostagePhoneFaxExpense-SellingExpense>
	<tw-gaap-ci:PostagePhoneFaxExpense-SellingExpense contextRef="From20100101To20100331" decimals="-3" unitRef="TWD">0</tw-gaap-ci:PostagePhoneFaxExpense-SellingExpense>
	<tw-gaap-ci:RepairsMaintenance-SellingExpense contextRef="From20110101To20110331" decimals="-3" unitRef="TWD">14000</tw-gaap-ci:RepairsMaintenance-SellingExpense>
	<tw-gaap-ci:RepairsMaintenance-SellingExpense contextRef="From20100101To20100331" decimals="-3" unitRef="TWD">9000</tw-gaap-ci:RepairsMaintenance-SellingExpense>
	<tw-gaap-ci:Advertisement-SellingExpense contextRef="From20110101To20110331" decimals="-3" unitRef="TWD">0</tw-gaap-ci:Advertisement-SellingExpense>
	<tw-gaap-ci:Advertisement-SellingExpense contextRef="From20100101To20100331" decimals="-3" unitRef="TWD">0</tw-gaap-ci:Advertisement-SellingExpense>
	<tw-gaap-ci:Insurance-SellingExpense contextRef="From20110101To20110331" decimals="-3" unitRef="TWD">57000</tw-gaap-ci:Insurance-SellingExpense>
	<tw-gaap-ci:Insurance-SellingExpense contextRef="From20100101To20100331" decimals="-3" unitRef="TWD">43000</tw-gaap-ci:Insurance-SellingExpense>
	<tw-gaap-ci:Entertainment-SellingExpense contextRef="From20110101To20110331" decimals="-3" unitRef="TWD">0</tw-gaap-ci:Entertainment-SellingExpense>
	<tw-gaap-ci:Entertainment-SellingExpense contextRef="From20100101To20100331" decimals="-3" unitRef="TWD">0</tw-gaap-ci:Entertainment-SellingExpense>
	<tw-gaap-ci:Taxes-SellingExpense contextRef="From20110101To20110331" decimals="-3" unitRef="TWD">0</tw-gaap-ci:Taxes-SellingExpense>
	<tw-gaap-ci:Taxes-SellingExpense contextRef="From20100101To20100331" decimals="-3" unitRef="TWD">0</tw-gaap-ci:Taxes-SellingExpense>
	<tw-gaap-ci:Depreciations-SellingExpense contextRef="From20110101To20110331" decimals="-3" unitRef="TWD">26000</tw-gaap-ci:Depreciations-SellingExpense>
	<tw-gaap-ci:Depreciations-SellingExpense contextRef="From20100101To20100331" decimals="-3" unitRef="TWD">116000</tw-gaap-ci:Depreciations-SellingExpense>
	<tw-gaap-ci:FoodStipend-SellingExpense contextRef="From20110101To20110331" decimals="-3" unitRef="TWD">14000</tw-gaap-ci:FoodStipend-SellingExpense>
	<tw-gaap-ci:FoodStipend-SellingExpense contextRef="From20100101To20100331" decimals="-3" unitRef="TWD">15000</tw-gaap-ci:FoodStipend-SellingExpense>
	<tw-gaap-ci:EmployeeBenefits-SellingExpense contextRef="From20110101To20110331" decimals="-3" unitRef="TWD">0</tw-gaap-ci:EmployeeBenefits-SellingExpense>
	<tw-gaap-ci:EmployeeBenefits-SellingExpense contextRef="From20100101To20100331" decimals="-3" unitRef="TWD">0</tw-gaap-ci:EmployeeBenefits-SellingExpense>
	<tw-gaap-ci:CommissionsExpense-SellingExpense contextRef="From20110101To20110331" decimals="-3" unitRef="TWD">0</tw-gaap-ci:CommissionsExpense-SellingExpense>
	<tw-gaap-ci:CommissionsExpense-SellingExpense contextRef="From20100101To20100331" decimals="-3" unitRef="TWD">0</tw-gaap-ci:CommissionsExpense-SellingExpense>
	<tw-gaap-ci:OtherExpenses-SellingExpense contextRef="From20110101To20110331" decimals="-3" unitRef="TWD">243000</tw-gaap-ci:OtherExpenses-SellingExpense>
	<tw-gaap-ci:OtherExpenses-SellingExpense contextRef="From20100101To20100331" decimals="-3" unitRef="TWD">267000</tw-gaap-ci:OtherExpenses-SellingExpense>
	<tw-gaap-ci:Sellingexpense contextRef="From20110101To20110331" decimals="-3" unitRef="TWD">1839000</tw-gaap-ci:Sellingexpense>
	<tw-gaap-ci:Sellingexpense contextRef="From20100101To20100331" decimals="-3" unitRef="TWD">2102000</tw-gaap-ci:Sellingexpense>
	<tw-gaap-ci:SalaryWages-GeneralAdministrativeExpenses contextRef="From20110101To20110331" decimals="-3" unitRef="TWD">2429000</tw-gaap-ci:SalaryWages-GeneralAdministrativeExpenses>
	<tw-gaap-ci:SalaryWages-GeneralAdministrativeExpenses contextRef="From20100101To20100331" decimals="-3" unitRef="TWD">3535000</tw-gaap-ci:SalaryWages-GeneralAdministrativeExpenses>
	<tw-gaap-ci:RepairsMaintenance-GeneralAdministrativeExpenses contextRef="From20110101To20110331" decimals="-3" unitRef="TWD">128000</tw-gaap-ci:RepairsMaintenance-GeneralAdministrativeExpenses>
	<tw-gaap-ci:RepairsMaintenance-GeneralAdministrativeExpenses contextRef="From20100101To20100331" decimals="-3" unitRef="TWD">155000</tw-gaap-ci:RepairsMaintenance-GeneralAdministrativeExpenses>
	<tw-gaap-ci:Insurance-GeneralAdministrativeExpenses contextRef="From20110101To20110331" decimals="-3" unitRef="TWD">215000</tw-gaap-ci:Insurance-GeneralAdministrativeExpenses>
	<tw-gaap-ci:Insurance-GeneralAdministrativeExpenses contextRef="From20100101To20100331" decimals="-3" unitRef="TWD">277000</tw-gaap-ci:Insurance-GeneralAdministrativeExpenses>
	<tw-gaap-ci:Taxes-GeneralAdministrativeExpenses contextRef="From20110101To20110331" decimals="-3" unitRef="TWD">2850000</tw-gaap-ci:Taxes-GeneralAdministrativeExpenses>
	<tw-gaap-ci:Taxes-GeneralAdministrativeExpenses contextRef="From20100101To20100331" decimals="-3" unitRef="TWD">1526000</tw-gaap-ci:Taxes-GeneralAdministrativeExpenses>
	<tw-gaap-ci:BadDebtLosses-GeneralAdministrativeExpenses contextRef="From20110101To20110331" decimals="-3" unitRef="TWD">0</tw-gaap-ci:BadDebtLosses-GeneralAdministrativeExpenses>
	<tw-gaap-ci:BadDebtLosses-GeneralAdministrativeExpenses contextRef="From20100101To20100331" decimals="-3" unitRef="TWD">1383000</tw-gaap-ci:BadDebtLosses-GeneralAdministrativeExpenses>
	<tw-gaap-ci:Depreciations-GeneralAdministrativeExpenses contextRef="From20110101To20110331" decimals="-3" unitRef="TWD">496000</tw-gaap-ci:Depreciations-GeneralAdministrativeExpenses>
	<tw-gaap-ci:Depreciations-GeneralAdministrativeExpenses contextRef="From20100101To20100331" decimals="-3" unitRef="TWD">472000</tw-gaap-ci:Depreciations-GeneralAdministrativeExpenses>
	<tw-gaap-ci:Amortizations-GeneralAdministrativeExpenses contextRef="From20110101To20110331" decimals="-3" unitRef="TWD">0</tw-gaap-ci:Amortizations-GeneralAdministrativeExpenses>
	<tw-gaap-ci:Amortizations-GeneralAdministrativeExpenses contextRef="From20100101To20100331" decimals="-3" unitRef="TWD">51000</tw-gaap-ci:Amortizations-GeneralAdministrativeExpenses>
	<tw-gaap-ci:FoodStipend-GeneralAdministrativeExpenses contextRef="From20110101To20110331" decimals="-3" unitRef="TWD">87000</tw-gaap-ci:FoodStipend-GeneralAdministrativeExpenses>
	<tw-gaap-ci:FoodStipend-GeneralAdministrativeExpenses contextRef="From20100101To20100331" decimals="-3" unitRef="TWD">96000</tw-gaap-ci:FoodStipend-GeneralAdministrativeExpenses>
	<tw-gaap-ci:EmployeeBenefits-GeneralAdministrativeExpenses contextRef="From20110101To20110331" decimals="-3" unitRef="TWD">0</tw-gaap-ci:EmployeeBenefits-GeneralAdministrativeExpenses>
	<tw-gaap-ci:EmployeeBenefits-GeneralAdministrativeExpenses contextRef="From20100101To20100331" decimals="-3" unitRef="TWD">81000</tw-gaap-ci:EmployeeBenefits-GeneralAdministrativeExpenses>
	<tw-gaap-ci:OtherExpenses-GeneralAdministrativeExpenses contextRef="From20110101To20110331" decimals="-3" unitRef="TWD">803000</tw-gaap-ci:OtherExpenses-GeneralAdministrativeExpenses>
	<tw-gaap-ci:OtherExpenses-GeneralAdministrativeExpenses contextRef="From20100101To20100331" decimals="-3" unitRef="TWD">1141000</tw-gaap-ci:OtherExpenses-GeneralAdministrativeExpenses>
	<tw-gaap-ci:GeneralAdministrativeExpenses contextRef="From20110101To20110331" decimals="-3" unitRef="TWD">7008000</tw-gaap-ci:GeneralAdministrativeExpenses>
	<tw-gaap-ci:GeneralAdministrativeExpenses contextRef="From20100101To20100331" decimals="-3" unitRef="TWD">8717000</tw-gaap-ci:GeneralAdministrativeExpenses>
	<tw-gaap-ci:SalaryWages-ResearchDevelopmentExpenses contextRef="From20110101To20110331" decimals="-3" unitRef="TWD">263000</tw-gaap-ci:SalaryWages-ResearchDevelopmentExpenses>
	<tw-gaap-ci:SalaryWages-ResearchDevelopmentExpenses contextRef="From20100101To20100331" decimals="-3" unitRef="TWD">301000</tw-gaap-ci:SalaryWages-ResearchDevelopmentExpenses>
	<tw-gaap-ci:Insurance-ResearchDevelopmentExpenses contextRef="From20110101To20110331" decimals="-3" unitRef="TWD">22000</tw-gaap-ci:Insurance-ResearchDevelopmentExpenses>
	<tw-gaap-ci:Insurance-ResearchDevelopmentExpenses contextRef="From20100101To20100331" decimals="-3" unitRef="TWD">22000</tw-gaap-ci:Insurance-ResearchDevelopmentExpenses>
	<tw-gaap-ci:DepreciationDepletion-ResearchDevelopmentExpenses contextRef="From20110101To20110331" decimals="-3" unitRef="TWD">9000</tw-gaap-ci:DepreciationDepletion-ResearchDevelopmentExpenses>
	<tw-gaap-ci:DepreciationDepletion-ResearchDevelopmentExpenses contextRef="From20100101To20100331" decimals="-3" unitRef="TWD">0</tw-gaap-ci:DepreciationDepletion-ResearchDevelopmentExpenses>
	<tw-gaap-ci:FoodStipend-ResearchDevelopmentExpenses contextRef="From20110101To20110331" decimals="-3" unitRef="TWD">5000</tw-gaap-ci:FoodStipend-ResearchDevelopmentExpenses>
	<tw-gaap-ci:FoodStipend-ResearchDevelopmentExpenses contextRef="From20100101To20100331" decimals="-3" unitRef="TWD">6000</tw-gaap-ci:FoodStipend-ResearchDevelopmentExpenses>
	<tw-gaap-ci:OtherExpenses-ResearchDevelopmentExpenses contextRef="From20110101To20110331" decimals="-3" unitRef="TWD">34000</tw-gaap-ci:OtherExpenses-ResearchDevelopmentExpenses>
	<tw-gaap-ci:OtherExpenses-ResearchDevelopmentExpenses contextRef="From20100101To20100331" decimals="-3" unitRef="TWD">46000</tw-gaap-ci:OtherExpenses-ResearchDevelopmentExpenses>
	<tw-gaap-ci:ResearchDevelopmentExpenses contextRef="From20110101To20110331" decimals="-3" unitRef="TWD">333000</tw-gaap-ci:ResearchDevelopmentExpenses>
	<tw-gaap-ci:ResearchDevelopmentExpenses contextRef="From20100101To20100331" decimals="-3" unitRef="TWD">375000</tw-gaap-ci:ResearchDevelopmentExpenses>
	<tw-gaap-ci:OperatingExpenses contextRef="From20110101To20110331" decimals="-3" unitRef="TWD">9180000</tw-gaap-ci:OperatingExpenses>
	<tw-gaap-ci:OperatingExpenses contextRef="From20100101To20100331" decimals="-3" unitRef="TWD">11194000</tw-gaap-ci:OperatingExpenses>
	<tw-gaap-ci:OperatingIncomeLoss contextRef="From20110101To20110331" decimals="-3" unitRef="TWD">-357000</tw-gaap-ci:OperatingIncomeLoss>
	<tw-gaap-ci:OperatingIncomeLoss contextRef="From20100101To20100331" decimals="-3" unitRef="TWD">-926000</tw-gaap-ci:OperatingIncomeLoss>
	<tw-gaap-ci:InterestIncome contextRef="From20110101To20110331" decimals="-3" unitRef="TWD">1110000</tw-gaap-ci:InterestIncome>
	<tw-gaap-ci:InterestIncome contextRef="From20100101To20100331" decimals="-3" unitRef="TWD">455000</tw-gaap-ci:InterestIncome>
	<tw-gaap-ci:InvestmentGainsRecognizedEquityMethod contextRef="From20110101To20110331" decimals="-3" unitRef="TWD">538000</tw-gaap-ci:InvestmentGainsRecognizedEquityMethod>
	<tw-gaap-ci:InvestmentGainsRecognizedEquityMethod contextRef="From20100101To20100331" decimals="-3" unitRef="TWD">962000</tw-gaap-ci:InvestmentGainsRecognizedEquityMethod>
	<tw-gaap-ci:InvestmentGains contextRef="From20110101To20110331" decimals="-3" unitRef="TWD">538000</tw-gaap-ci:InvestmentGains>
	<tw-gaap-ci:InvestmentGains contextRef="From20100101To20100331" decimals="-3" unitRef="TWD">962000</tw-gaap-ci:InvestmentGains>
	<tw-gaap-ci:GainsSaleInvestments contextRef="From20110101To20110331" decimals="-3" unitRef="TWD">118000</tw-gaap-ci:GainsSaleInvestments>
	<tw-gaap-ci:GainsSaleInvestments contextRef="From20100101To20100331" decimals="-3" unitRef="TWD">141000</tw-gaap-ci:GainsSaleInvestments>
	<tw-gaap-ci:ForeignExchangeGains contextRef="From20110101To20110331" decimals="-3" unitRef="TWD">70000</tw-gaap-ci:ForeignExchangeGains>
	<tw-gaap-ci:ForeignExchangeGains contextRef="From20100101To20100331" decimals="-3" unitRef="TWD">110000</tw-gaap-ci:ForeignExchangeGains>
	<tw-gaap-ci:MiscellaneousIncome contextRef="From20110101To20110331" decimals="-3" unitRef="TWD">1789000</tw-gaap-ci:MiscellaneousIncome>
	<tw-gaap-ci:MiscellaneousIncome contextRef="From20100101To20100331" decimals="-3" unitRef="TWD">1808000</tw-gaap-ci:MiscellaneousIncome>
	<tw-gaap-ci:NonOperatingIncomeGains contextRef="From20110101To20110331" decimals="-3" unitRef="TWD">3625000</tw-gaap-ci:NonOperatingIncomeGains>
	<tw-gaap-ci:NonOperatingIncomeGains contextRef="From20100101To20100331" decimals="-3" unitRef="TWD">3476000</tw-gaap-ci:NonOperatingIncomeGains>
	<tw-gaap-ci:InterestExpense contextRef="From20110101To20110331" decimals="-3" unitRef="TWD">1798000</tw-gaap-ci:InterestExpense>
	<tw-gaap-ci:InterestExpense contextRef="From20100101To20100331" decimals="-3" unitRef="TWD">1083000</tw-gaap-ci:InterestExpense>
	<tw-gaap-ci:ForeignExchangeLosses contextRef="From20110101To20110331" decimals="-3" unitRef="TWD">310000</tw-gaap-ci:ForeignExchangeLosses>
	<tw-gaap-ci:ForeignExchangeLosses contextRef="From20100101To20100331" decimals="-3" unitRef="TWD">9000</tw-gaap-ci:ForeignExchangeLosses>
	<tw-gaap-ci:MiscellaneousDisbursements contextRef="From20110101To20110331" decimals="-3" unitRef="TWD">651000</tw-gaap-ci:MiscellaneousDisbursements>
	<tw-gaap-ci:MiscellaneousDisbursements contextRef="From20100101To20100331" decimals="-3" unitRef="TWD">487000</tw-gaap-ci:MiscellaneousDisbursements>
	<tw-gaap-ci:NonOperatingExpenses contextRef="From20110101To20110331" decimals="-3" unitRef="TWD">2759000</tw-gaap-ci:NonOperatingExpenses>
	<tw-gaap-ci:NonOperatingExpenses contextRef="From20100101To20100331" decimals="-3" unitRef="TWD">1579000</tw-gaap-ci:NonOperatingExpenses>
	<tw-gaap-ci:IncomeContinuingOperationsBeforeIncomeTax contextRef="From20110101To20110331" decimals="-3" unitRef="TWD">509000</tw-gaap-ci:IncomeContinuingOperationsBeforeIncomeTax>
	<tw-gaap-ci:IncomeContinuingOperationsBeforeIncomeTax contextRef="From20100101To20100331" decimals="-3" unitRef="TWD">971000</tw-gaap-ci:IncomeContinuingOperationsBeforeIncomeTax>
	<tw-gaap-ci:IncomeTaxExpenseBenefitIncomeTaxExpenseBenefit contextRef="From20110101To20110331" decimals="-3" unitRef="TWD">449000</tw-gaap-ci:IncomeTaxExpenseBenefitIncomeTaxExpenseBenefit>
	<tw-gaap-ci:IncomeTaxExpenseBenefitIncomeTaxExpenseBenefit contextRef="From20100101To20100331" decimals="-3" unitRef="TWD">414000</tw-gaap-ci:IncomeTaxExpenseBenefitIncomeTaxExpenseBenefit>
	<tw-gaap-ci:IncomeTaxExpenseBenefit contextRef="From20110101To20110331" decimals="-3" unitRef="TWD">449000</tw-gaap-ci:IncomeTaxExpenseBenefit>
	<tw-gaap-ci:IncomeTaxExpenseBenefit contextRef="From20100101To20100331" decimals="-3" unitRef="TWD">414000</tw-gaap-ci:IncomeTaxExpenseBenefit>
	<tw-gaap-ci:IncomeContinuingOperations contextRef="From20110101To20110331" decimals="-3" unitRef="TWD">60000</tw-gaap-ci:IncomeContinuingOperations>
	<tw-gaap-ci:IncomeContinuingOperations contextRef="From20100101To20100331" decimals="-3" unitRef="TWD">557000</tw-gaap-ci:IncomeContinuingOperations>
	<tw-gaap-ci:NetIncomeLoss contextRef="From20110101To20110331" decimals="-3" unitRef="TWD">60000</tw-gaap-ci:NetIncomeLoss>
	<tw-gaap-ci:NetIncomeLoss contextRef="From20100101To20100331" decimals="-3" unitRef="TWD">557000</tw-gaap-ci:NetIncomeLoss>
	<tw-gaap-ci:PrimaryEarningsPerShare contextRef="From20110101To20110331" decimals="2" unitRef="TWD">0.00</tw-gaap-ci:PrimaryEarningsPerShare>
	<tw-gaap-ci:PrimaryEarningsPerShare contextRef="From20100101To20100331" decimals="2" unitRef="TWD">0.01</tw-gaap-ci:PrimaryEarningsPerShare>
	<tw-gaap-ci:NetIncomeLoss_StatementCashFlows contextRef="From20110101To20110331" decimals="-3" unitRef="TWD">60000</tw-gaap-ci:NetIncomeLoss_StatementCashFlows>
	<tw-gaap-ci:NetIncomeLoss_StatementCashFlows contextRef="From20100101To20100331" decimals="-3" unitRef="TWD">557000</tw-gaap-ci:NetIncomeLoss_StatementCashFlows>
	<tw-gaap-ci:DepreciationExpense-Operating contextRef="From20110101To20110331" decimals="-3" unitRef="TWD">1136000</tw-gaap-ci:DepreciationExpense-Operating>
	<tw-gaap-ci:DepreciationExpense-Operating contextRef="From20100101To20100331" decimals="-3" unitRef="TWD">1151000</tw-gaap-ci:DepreciationExpense-Operating>
	<tw-gaap-ci:AmortizationExpense-Operating contextRef="From20110101To20110331" decimals="-3" unitRef="TWD">41000</tw-gaap-ci:AmortizationExpense-Operating>
	<tw-gaap-ci:AmortizationExpense-Operating contextRef="From20100101To20100331" decimals="-3" unitRef="TWD">52000</tw-gaap-ci:AmortizationExpense-Operating>
	<tw-gaap-ci:ProvisionTransferRevenueBadDebtsLosses contextRef="From20110101To20110331" decimals="-3" unitRef="TWD">-1153000</tw-gaap-ci:ProvisionTransferRevenueBadDebtsLosses>
	<tw-gaap-ci:ProvisionTransferRevenueBadDebtsLosses contextRef="From20100101To20100331" decimals="-3" unitRef="TWD">1383000</tw-gaap-ci:ProvisionTransferRevenueBadDebtsLosses>
	<tw-gaap-ci:InvestmentLossIncomeRecognizedEquityMethod contextRef="From20110101To20110331" decimals="-3" unitRef="TWD">-538000</tw-gaap-ci:InvestmentLossIncomeRecognizedEquityMethod>
	<tw-gaap-ci:InvestmentLossIncomeRecognizedEquityMethod contextRef="From20100101To20100331" decimals="-3" unitRef="TWD">-962000</tw-gaap-ci:InvestmentLossIncomeRecognizedEquityMethod>
	<tw-gaap-ci:GainLossDisposalScrappingFixedAssets contextRef="From20110101To20110331" decimals="-3" unitRef="TWD">0</tw-gaap-ci:GainLossDisposalScrappingFixedAssets>
	<tw-gaap-ci:GainLossDisposalScrappingFixedAssets contextRef="From20100101To20100331" decimals="-3" unitRef="TWD">0</tw-gaap-ci:GainLossDisposalScrappingFixedAssets>
	<tw-gaap-ci:GainsLossesSaleInvestments contextRef="From20110101To20110331" decimals="-3" unitRef="TWD">-118000</tw-gaap-ci:GainsLossesSaleInvestments>
	<tw-gaap-ci:GainsLossesSaleInvestments contextRef="From20100101To20100331" decimals="-3" unitRef="TWD">-141000</tw-gaap-ci:GainsLossesSaleInvestments>
	<tw-gaap-ci:AdjustmentsReconcileNetIncomeNetCashProvidedUsedOperatingActivities contextRef="From20110101To20110331" decimals="-3" unitRef="TWD">-632000</tw-gaap-ci:AdjustmentsReconcileNetIncomeNetCashProvidedUsedOperatingActivities>
	<tw-gaap-ci:AdjustmentsReconcileNetIncomeNetCashProvidedUsedOperatingActivities contextRef="From20100101To20100331" decimals="-3" unitRef="TWD">1483000</tw-gaap-ci:AdjustmentsReconcileNetIncomeNetCashProvidedUsedOperatingActivities>
	<tw-gaap-ci:ChangesNotesReceivable contextRef="From20110101To20110331" decimals="-3" unitRef="TWD">11397000</tw-gaap-ci:ChangesNotesReceivable>
	<tw-gaap-ci:ChangesNotesReceivable contextRef="From20100101To20100331" decimals="-3" unitRef="TWD">1426000</tw-gaap-ci:ChangesNotesReceivable>
	<tw-gaap-ci:ChangesNotesReceivableRelatedParties contextRef="From20110101To20110331" decimals="-3" unitRef="TWD">42000</tw-gaap-ci:ChangesNotesReceivableRelatedParties>
	<tw-gaap-ci:ChangesNotesReceivableRelatedParties contextRef="From20100101To20100331" decimals="-3" unitRef="TWD">-2438000</tw-gaap-ci:ChangesNotesReceivableRelatedParties>
	<tw-gaap-ci:ChangesAccountsReceivable contextRef="From20110101To20110331" decimals="-3" unitRef="TWD">4276000</tw-gaap-ci:ChangesAccountsReceivable>
	<tw-gaap-ci:ChangesAccountsReceivable contextRef="From20100101To20100331" decimals="-3" unitRef="TWD">-8824000</tw-gaap-ci:ChangesAccountsReceivable>
	<tw-gaap-ci:ChangesAccountsReceivableRelatedParties contextRef="From20110101To20110331" decimals="-3" unitRef="TWD">-304000</tw-gaap-ci:ChangesAccountsReceivableRelatedParties>
	<tw-gaap-ci:ChangesAccountsReceivableRelatedParties contextRef="From20100101To20100331" decimals="-3" unitRef="TWD">1757000</tw-gaap-ci:ChangesAccountsReceivableRelatedParties>
	<tw-gaap-ci:ChangesOtherReceivables contextRef="From20110101To20110331" decimals="-3" unitRef="TWD">-7331000</tw-gaap-ci:ChangesOtherReceivables>
	<tw-gaap-ci:ChangesOtherReceivables contextRef="From20100101To20100331" decimals="-3" unitRef="TWD">8271000</tw-gaap-ci:ChangesOtherReceivables>
	<tw-gaap-ci:ChangesOtherReceivableRelatedParties contextRef="From20110101To20110331" decimals="-3" unitRef="TWD">-1695000</tw-gaap-ci:ChangesOtherReceivableRelatedParties>
	<tw-gaap-ci:ChangesOtherReceivableRelatedParties contextRef="From20100101To20100331" decimals="-3" unitRef="TWD">0</tw-gaap-ci:ChangesOtherReceivableRelatedParties>
	<tw-gaap-ci:ChangesInventories contextRef="From20110101To20110331" decimals="-3" unitRef="TWD">-36524000</tw-gaap-ci:ChangesInventories>
	<tw-gaap-ci:ChangesInventories contextRef="From20100101To20100331" decimals="-3" unitRef="TWD">5784000</tw-gaap-ci:ChangesInventories>
	<tw-gaap-ci:ChangesPrepaidExpenses contextRef="From20110101To20110331" decimals="-3" unitRef="TWD">-58000</tw-gaap-ci:ChangesPrepaidExpenses>
	<tw-gaap-ci:ChangesPrepaidExpenses contextRef="From20100101To20100331" decimals="-3" unitRef="TWD">95000</tw-gaap-ci:ChangesPrepaidExpenses>
	<tw-gaap-ci:ChangesOtherPrepayments contextRef="From20110101To20110331" decimals="-3" unitRef="TWD">17675000</tw-gaap-ci:ChangesOtherPrepayments>
	<tw-gaap-ci:ChangesOtherPrepayments contextRef="From20100101To20100331" decimals="-3" unitRef="TWD">-4062000</tw-gaap-ci:ChangesOtherPrepayments>
	<tw-gaap-ci:ChangesOtherCurrentAssets_CI contextRef="From20110101To20110331" decimals="-3" unitRef="TWD">4020000</tw-gaap-ci:ChangesOtherCurrentAssets_CI>
	<tw-gaap-ci:ChangesOtherCurrentAssets_CI contextRef="From20100101To20100331" decimals="-3" unitRef="TWD">-26080000</tw-gaap-ci:ChangesOtherCurrentAssets_CI>
	<tw-gaap-ci:ChangesDeferredTaxAssets contextRef="From20110101To20110331" decimals="-3" unitRef="TWD">399000</tw-gaap-ci:ChangesDeferredTaxAssets>
	<tw-gaap-ci:ChangesDeferredTaxAssets contextRef="From20100101To20100331" decimals="-3" unitRef="TWD">194000</tw-gaap-ci:ChangesDeferredTaxAssets>
	<tw-gaap-ci:ChangesOtherOperatingAssets contextRef="From20110101To20110331" decimals="-3" unitRef="TWD">2072000</tw-gaap-ci:ChangesOtherOperatingAssets>
	<tw-gaap-ci:ChangesOtherOperatingAssets contextRef="From20100101To20100331" decimals="-3" unitRef="TWD">-1672000</tw-gaap-ci:ChangesOtherOperatingAssets>
	<tw-gaap-ci:ChangesOperatingAssets contextRef="From20110101To20110331" decimals="-3" unitRef="TWD">-6031000</tw-gaap-ci:ChangesOperatingAssets>
	<tw-gaap-ci:ChangesOperatingAssets contextRef="From20100101To20100331" decimals="-3" unitRef="TWD">-25549000</tw-gaap-ci:ChangesOperatingAssets>
	<tw-gaap-ci:ChangesNotesPayable contextRef="From20110101To20110331" decimals="-3" unitRef="TWD">-30000</tw-gaap-ci:ChangesNotesPayable>
	<tw-gaap-ci:ChangesNotesPayable contextRef="From20100101To20100331" decimals="-3" unitRef="TWD">250000</tw-gaap-ci:ChangesNotesPayable>
	<tw-gaap-ci:ChangesAccountsPayable contextRef="From20110101To20110331" decimals="-3" unitRef="TWD">-3456000</tw-gaap-ci:ChangesAccountsPayable>
	<tw-gaap-ci:ChangesAccountsPayable contextRef="From20100101To20100331" decimals="-3" unitRef="TWD">7827000</tw-gaap-ci:ChangesAccountsPayable>
	<tw-gaap-ci:ChangesAccountsPayableRelatedParties contextRef="From20110101To20110331" decimals="-3" unitRef="TWD">-482000</tw-gaap-ci:ChangesAccountsPayableRelatedParties>
	<tw-gaap-ci:ChangesAccountsPayableRelatedParties contextRef="From20100101To20100331" decimals="-3" unitRef="TWD">2238000</tw-gaap-ci:ChangesAccountsPayableRelatedParties>
	<tw-gaap-ci:ChangesIncomeTaxPayable contextRef="From20110101To20110331" decimals="-3" unitRef="TWD">793000</tw-gaap-ci:ChangesIncomeTaxPayable>
	<tw-gaap-ci:ChangesIncomeTaxPayable contextRef="From20100101To20100331" decimals="-3" unitRef="TWD">89000</tw-gaap-ci:ChangesIncomeTaxPayable>
	<tw-gaap-ci:ChangesAccruedExpenses contextRef="From20110101To20110331" decimals="-3" unitRef="TWD">81000</tw-gaap-ci:ChangesAccruedExpenses>
	<tw-gaap-ci:ChangesAccruedExpenses contextRef="From20100101To20100331" decimals="-3" unitRef="TWD">-201000</tw-gaap-ci:ChangesAccruedExpenses>
	<tw-gaap-ci:ChangesOtherPayables contextRef="From20110101To20110331" decimals="-3" unitRef="TWD">2647000</tw-gaap-ci:ChangesOtherPayables>
	<tw-gaap-ci:ChangesOtherPayables contextRef="From20100101To20100331" decimals="-3" unitRef="TWD">-471000</tw-gaap-ci:ChangesOtherPayables>
	<tw-gaap-ci:ChangesOtherCurrentLiabilities_CI contextRef="From20110101To20110331" decimals="-3" unitRef="TWD">9000</tw-gaap-ci:ChangesOtherCurrentLiabilities_CI>
	<tw-gaap-ci:ChangesOtherCurrentLiabilities_CI contextRef="From20100101To20100331" decimals="-3" unitRef="TWD">-392000</tw-gaap-ci:ChangesOtherCurrentLiabilities_CI>
	<tw-gaap-ci:ChangesAccruedPensionLiabilities contextRef="From20110101To20110331" decimals="-3" unitRef="TWD">-462000</tw-gaap-ci:ChangesAccruedPensionLiabilities>
	<tw-gaap-ci:ChangesAccruedPensionLiabilities contextRef="From20100101To20100331" decimals="-3" unitRef="TWD">219000</tw-gaap-ci:ChangesAccruedPensionLiabilities>
	<tw-gaap-ci:ChangesOperatingLiabilities contextRef="From20110101To20110331" decimals="-3" unitRef="TWD">-900000</tw-gaap-ci:ChangesOperatingLiabilities>
	<tw-gaap-ci:ChangesOperatingLiabilities contextRef="From20100101To20100331" decimals="-3" unitRef="TWD">9559000</tw-gaap-ci:ChangesOperatingLiabilities>
	<tw-gaap-ci:ChangesOperatingAssetsLiabilities contextRef="From20110101To20110331" decimals="-3" unitRef="TWD">-6931000</tw-gaap-ci:ChangesOperatingAssetsLiabilities>
	<tw-gaap-ci:ChangesOperatingAssetsLiabilities contextRef="From20100101To20100331" decimals="-3" unitRef="TWD">-15990000</tw-gaap-ci:ChangesOperatingAssetsLiabilities>
	<tw-gaap-ci:NetCashProvidedUsedOperatingActivities contextRef="From20110101To20110331" decimals="-3" unitRef="TWD">-7503000</tw-gaap-ci:NetCashProvidedUsedOperatingActivities>
	<tw-gaap-ci:NetCashProvidedUsedOperatingActivities contextRef="From20100101To20100331" decimals="-3" unitRef="TWD">-13950000</tw-gaap-ci:NetCashProvidedUsedOperatingActivities>
	<tw-gaap-ci:AcquisitionAvailableSaleFinancialAssets contextRef="From20110101To20110331" decimals="-3" unitRef="TWD">-85879000</tw-gaap-ci:AcquisitionAvailableSaleFinancialAssets>
	<tw-gaap-ci:AcquisitionAvailableSaleFinancialAssets contextRef="From20100101To20100331" decimals="-3" unitRef="TWD">8841000</tw-gaap-ci:AcquisitionAvailableSaleFinancialAssets>
	<tw-gaap-ci:AcquisitionInvestmentsAccountedEquityMethod contextRef="From20110101To20110331" decimals="-3" unitRef="TWD">0</tw-gaap-ci:AcquisitionInvestmentsAccountedEquityMethod>
	<tw-gaap-ci:AcquisitionInvestmentsAccountedEquityMethod contextRef="From20100101To20100331" decimals="-3" unitRef="TWD">-8007000</tw-gaap-ci:AcquisitionInvestmentsAccountedEquityMethod>
	<tw-gaap-ci:AcquisitionPropertyPlantEquipment contextRef="From20110101To20110331" decimals="-3" unitRef="TWD">-777000</tw-gaap-ci:AcquisitionPropertyPlantEquipment>
	<tw-gaap-ci:AcquisitionPropertyPlantEquipment contextRef="From20100101To20100331" decimals="-3" unitRef="TWD">0</tw-gaap-ci:AcquisitionPropertyPlantEquipment>
	<tw-gaap-ci:ProceedsDisposalPropertyPlantEquipment contextRef="From20110101To20110331" decimals="-3" unitRef="TWD">0</tw-gaap-ci:ProceedsDisposalPropertyPlantEquipment>
	<tw-gaap-ci:ProceedsDisposalPropertyPlantEquipment contextRef="From20100101To20100331" decimals="-3" unitRef="TWD">0</tw-gaap-ci:ProceedsDisposalPropertyPlantEquipment>
	<tw-gaap-ci:PurchaseRentalAssets contextRef="From20110101To20110331" decimals="-3" unitRef="TWD">-270000</tw-gaap-ci:PurchaseRentalAssets>
	<tw-gaap-ci:PurchaseRentalAssets contextRef="From20100101To20100331" decimals="-3" unitRef="TWD">-109000</tw-gaap-ci:PurchaseRentalAssets>
	<tw-gaap-ci:ChangesRefundableDeposits contextRef="From20110101To20110331" decimals="-3" unitRef="TWD">0</tw-gaap-ci:ChangesRefundableDeposits>
	<tw-gaap-ci:ChangesRefundableDeposits contextRef="From20100101To20100331" decimals="-3" unitRef="TWD">0</tw-gaap-ci:ChangesRefundableDeposits>
	<tw-gaap-ci:ChangesRestrictedAssets contextRef="From20110101To20110331" decimals="-3" unitRef="TWD">-356000</tw-gaap-ci:ChangesRestrictedAssets>
	<tw-gaap-ci:ChangesRestrictedAssets contextRef="From20100101To20100331" decimals="-3" unitRef="TWD">743000</tw-gaap-ci:ChangesRestrictedAssets>
	<tw-gaap-ci:NetCashProvidedUsedInvestingActivities contextRef="From20110101To20110331" decimals="-3" unitRef="TWD">-87282000</tw-gaap-ci:NetCashProvidedUsedInvestingActivities>
	<tw-gaap-ci:NetCashProvidedUsedInvestingActivities contextRef="From20100101To20100331" decimals="-3" unitRef="TWD">1468000</tw-gaap-ci:NetCashProvidedUsedInvestingActivities>
	<tw-gaap-ci:ChangesShortTermLoans contextRef="From20110101To20110331" decimals="-3" unitRef="TWD">25475000</tw-gaap-ci:ChangesShortTermLoans>
	<tw-gaap-ci:ChangesShortTermLoans contextRef="From20100101To20100331" decimals="-3" unitRef="TWD">1215000</tw-gaap-ci:ChangesShortTermLoans>
	<tw-gaap-ci:ChangeShorttermNotesBillsPayable contextRef="From20110101To20110331" decimals="-3" unitRef="TWD">64900000</tw-gaap-ci:ChangeShorttermNotesBillsPayable>
	<tw-gaap-ci:ChangeShorttermNotesBillsPayable contextRef="From20100101To20100331" decimals="-3" unitRef="TWD">59000</tw-gaap-ci:ChangeShorttermNotesBillsPayable>
	<tw-gaap-ci:NetCashProvidedUsedFinancingActivities contextRef="From20110101To20110331" decimals="-3" unitRef="TWD">90375000</tw-gaap-ci:NetCashProvidedUsedFinancingActivities>
	<tw-gaap-ci:NetCashProvidedUsedFinancingActivities contextRef="From20100101To20100331" decimals="-3" unitRef="TWD">1274000</tw-gaap-ci:NetCashProvidedUsedFinancingActivities>
	<tw-gaap-ci:EffectExchangeRateChanges contextRef="From20110101To20110331" decimals="-3" unitRef="TWD">0</tw-gaap-ci:EffectExchangeRateChanges>
	<tw-gaap-ci:EffectExchangeRateChanges contextRef="From20100101To20100331" decimals="-3" unitRef="TWD">0</tw-gaap-ci:EffectExchangeRateChanges>
	<tw-gaap-ci:NetChangesCashCashEquivalents contextRef="From20110101To20110331" decimals="-3" unitRef="TWD">-4410000</tw-gaap-ci:NetChangesCashCashEquivalents>
	<tw-gaap-ci:NetChangesCashCashEquivalents contextRef="From20100101To20100331" decimals="-3" unitRef="TWD">-11208000</tw-gaap-ci:NetChangesCashCashEquivalents>
	<tw-gaap-ci:CashCashEquivalents contextRef="AsOf20110101" decimals="-3" unitRef="TWD">11690000</tw-gaap-ci:CashCashEquivalents>
	<tw-gaap-ci:CashCashEquivalents contextRef="AsOf20100101" decimals="-3" unitRef="TWD">14770000</tw-gaap-ci:CashCashEquivalents>
	<tw-gaap-ci:InterestPaid contextRef="From20110101To20110331" decimals="-3" unitRef="TWD">1566000</tw-gaap-ci:InterestPaid>
	<tw-gaap-ci:InterestPaid contextRef="From20100101To20100331" decimals="-3" unitRef="TWD">763000</tw-gaap-ci:InterestPaid>
	<tw-gaap-ci:CapitalizedInterest contextRef="From20110101To20110331" decimals="-3" unitRef="TWD">0</tw-gaap-ci:CapitalizedInterest>
	<tw-gaap-ci:CapitalizedInterest contextRef="From20100101To20100331" decimals="-3" unitRef="TWD">0</tw-gaap-ci:CapitalizedInterest>
	<tw-gaap-ci:InterestPaidExcludingCapitalizedInterest contextRef="From20110101To20110331" decimals="-3" unitRef="TWD">1566000</tw-gaap-ci:InterestPaidExcludingCapitalizedInterest>
	<tw-gaap-ci:InterestPaidExcludingCapitalizedInterest contextRef="From20100101To20100331" decimals="-3" unitRef="TWD">763000</tw-gaap-ci:InterestPaidExcludingCapitalizedInterest>
	<tw-gaap-ci:IncomeTaxPaid contextRef="From20110101To20110331" decimals="-3" unitRef="TWD">0</tw-gaap-ci:IncomeTaxPaid>
	<tw-gaap-ci:IncomeTaxPaid contextRef="From20100101To20100331" decimals="-3" unitRef="TWD">131000</tw-gaap-ci:IncomeTaxPaid>
	<tw-gaap-ci:CumulativeTranslationAdjustments_CFS contextRef="From20110101To20110331" decimals="-3" unitRef="TWD">46000</tw-gaap-ci:CumulativeTranslationAdjustments_CFS>
	<tw-gaap-ci:CumulativeTranslationAdjustments_CFS contextRef="From20100101To20100331" decimals="-3" unitRef="TWD">-86000</tw-gaap-ci:CumulativeTranslationAdjustments_CFS>
	<tw-gaap-ci:StockAcquiredCompanySubsidiariesLong-termReclassificationsTreasuryStock contextRef="From20110101To20110331" decimals="-3" unitRef="TWD">11584000</tw-gaap-ci:StockAcquiredCompanySubsidiariesLong-termReclassificationsTreasuryStock>
	<tw-gaap-ci:StockAcquiredCompanySubsidiariesLong-termReclassificationsTreasuryStock contextRef="From20100101To20100331" decimals="-3" unitRef="TWD">11584000</tw-gaap-ci:StockAcquiredCompanySubsidiariesLong-termReclassificationsTreasuryStock>
	<tw-gaap-ar:AccountantName contextRef="AsOf20110421">立一聯合會計師事務所</tw-gaap-ar:AccountantName>
	<tw-gaap-ar:AssuranceAccountantName1 contextRef="AsOf20110421">王世坤</tw-gaap-ar:AssuranceAccountantName1>
	<tw-gaap-ar:AssuranceAccountantName2 contextRef="AsOf20110421">楊玉貞</tw-gaap-ar:AssuranceAccountantName2>
	<tw-gaap-ar:ReviewAuditDate contextRef="AsOf20110421">2011-04-21</tw-gaap-ar:ReviewAuditDate>
	<tw-gaap-ar:ReviewReport contextRef="AsOf20110421">Y</tw-gaap-ar:ReviewReport>
	<tw-gaap-ar:QualifiedOpinionAbstract contextRef="AsOf20110421">Y</tw-gaap-ar:QualifiedOpinionAbstract>
	<tw-gaap-ar:ByInvestmentCompaniesWithoutAccountantAuditReportRecognizedGainLoss contextRef="AsOf20110421">Y</tw-gaap-ar:ByInvestmentCompaniesWithoutAccountantAuditReportRecognizedGainLoss>
	<tw-gaap-ar:DescriptionEmphasizeItemBody contextRef="AsOf20110421"><![CDATA[]]></tw-gaap-ar:DescriptionEmphasizeItemBody>
	<tw-gaap-ar:DescriptionOtherItemBody contextRef="AsOf20110421"><![CDATA[]]></tw-gaap-ar:DescriptionOtherItemBody>
	<tw-gaap-ar:AccountantsReportBody contextRef="AsOf20110421"><![CDATA[興泰實業股份有限公司民國一○○年及九十九年三月三十一日之資產負債表，
暨民國一○○年及九十九年一月一日至三月三十一日之損益表及現金流量表，
業經本會計師核閱竣事。上開財務報表之編製係管理階層之責任，本會計師之
責任則為根據核閱結果對上開財務報表表示意見。
  除下段所述者外，本會計師係依照審計準則公報第三十?號「財務報表之核閱」
規劃並執?核閱工作。由於本會計師僅實施分析、比較與查詢，並未依照一般公認
審計準則查核，因是無法對上開財務報表之整體表示查核意?。
  如財務報表附註四（八）所述，興泰實業股份有限公司民國一○○年及九十九年
三月三十一日採權益法評價之長期股權投資分別為新台幣二五○、五四三千元及
二三六、六九一千元，暨民國一○○年及九十九年一月一日至三月三十一日認列之
投資利益分別為新台幣五三八千元及九六二千元，係依被投資公司同期間未經會計師
核閱之財務報表評價而得，另如財務報表附註十一所述，民國一○○年三月三十一日
所揭露有關被投資公司資訊，係依興泰實業股份有限公司所提供被投資公司之資料揭露，
亦未經會計師核閱。
依本會計師核閱結果，除上段所述該等被投資公司財務報表倘經會計師核閱，
對民國一○○年及九十九年三月三十一日財務報表可能有所調整之影響外，
並未發現第一段所述財務報表在所有重大方面有違反證券發?人財務報告編製準則、
商業會計法及商業會計處?準則中與財務會計準則相關之規定暨一般公認會計原則
而須作修正之情事。

]]></tw-gaap-ar:AccountantsReportBody>
	<tw-gaap-notes:FinancialReportNotes contextRef="From20110101To20110331"><![CDATA[http://doc.twse.com.tw/server-java/t57sb01?step=1&colorchg=1&co_id=1235&year=100&seamon=1&mtype=A&]]></tw-gaap-notes:FinancialReportNotes>
	<tw-gaap-notes:OrganizationAndOperations contextRef="From20110101To20110331"><![CDATA[本公司於民國六十一年奉經濟部頒予執照，營業項目主要為禽畜魚類用各種飼料之製造加工買賣業務，
各種飼料之原料及其產品之採購運銷業務；農、林、漁、牧等產品及副產品、食品之加工、製造、冷凍、
冷藏、包裝、買賣業務；各種家禽家畜之飼養繁殖、水產魚類之養殖、種牛種豬進口繁殖業務及委託養
殖試驗研究業務，倉庫及勞務供應業務；前各項產品之進出口貿易及代理國內外商委託經紀業務、米糧
批發業，及其他食品批發業（麵粉批發業）及食品飲料零售業。本公司於民國八十九年九月經證券暨期
貨管理委員會核准上市。
本公司於民國一○○年三月三十一日及九十九年三月三十一日之員工人數分別為54人及52人。
]]></tw-gaap-notes:OrganizationAndOperations>
	<tw-gaap-notes:SummaryOfSignificantAccountingPolicies contextRef="From20110101To20110331"><![CDATA[本財務報表係依照證券發行人財務報告編製準則、商業會計法、商業會計處理準則及中華民國一般公認會計原則編製。
重要會計政策彙總說明如下：
會計估計
本公司依照前述準則及原則編製財務報表時，必須使用合理之估計和假設，因估計通常在不確定情況下作成之判斷，
因此可能與將來實際結果有所差異。
資產與負債區分流動與非流動之標準
流動資產為預期一年內變現或耗用之資產，資產不屬於流動資產者為非流動資產。流動負債為將於一年內清償之負債，
負債不屬於流動負債者為非流動負債。
現    金
包括現金、活期存款、支票存款、可隨時解約且不損及本金之定期存款、可隨時出售且不損及本金之可轉讓定期存單及自
投資日起三個月內到期或清償之國庫券、商業本票及銀行承兌匯票等約當現金。
備抵呆帳
備抵呆帳之提列，係依年底應收票據及帳款收回之可能性評估之，催收款項依期末估計無法收回款項，全數提列備抵呆帳。
存    貨
存貨係採永續盤存制，成本結轉按加權平均法計算。期末存貨就呆滯部份提列備抵呆滯損失外，按成本與市價孰低法計價，
自九十八年一月一日起，存貨係以成本與淨變現價值孰低計價，比較成本與淨變現價值時，除同?別存貨外，係以個別項目為
基礎。淨變現價值係指在正常情況下之估計售價減除至完工尚需投入之成本及銷售費用後之餘額。
備供出售金融資產
係包含債務商品與權益商品。原始認列時，係以公平價值衡量，並加計取得或發行之交易成本；後續評價以公平價值衡量，
且其價值變動列入股東權益調整項目，累積之利益或損失於金融資產除列時，列入當期損益。依交易慣例購買或出售金融資產
時，採用交割日會計處理。
公平價值之基礎，上市（櫃）證券係資產負債表日之收盤價，無活絡市場之金融商品，以評價方法估計公平價值。
本公司成為金融商品合約之ㄧ方時，認列金融資產；對於合約權力喪失控制時，除列金融資產。
現金股利於除息日認列收益；但如現金股利係依據投資前之淨利宣告，則此股利列為投資成本之減項。股票股利不列為投資收益
，僅註記股數增加，並按增加後總股數重新計算每股成本。債務商品原始認列金額與到期金額間之差額，採用利息法攤銷，
其攤銷數認列為當期損益。若有減損之客觀證據，則認列減損損失。若後續期間減損金額減少，備供出售權益商品之減損減
少金額認列為股東權益調整項目；備供出售債務商品之減損減少金額若明顯與認列減損後發生之事件有關，則予以迴轉並認列當期利益。
以成本衡量之金融資產
係未具有重大影響且無法可靠衡量公平價值之未上市（櫃）公司股票及基?等投資，以原始認列之成本衡量。股票及基金出售時，
其成本係按加權平均法計算。若有減損之客觀證據，則認列減損損失，此減損損失嗣後得迴轉。 
現金股利於被投資公司股東會決議日認列收入；但如現金股利係依據投資前之淨利宣告，則此股利為投資成本之減項。
股票股利不列為投資收益，僅註記股數增加，並按增加後之總股數重新計算每股成本。
採權益法之長期股權投資
對持有表決權股份達百分之二十以上或具有重大影響力之長期股權投資係採用權益法計價，被投資公司發生純益或純損時，
認列投資損益，其投資成本與所取得股權淨值之差額列為商譽，不予攤銷。若可辨認淨資產公平價值超過投資成本，則其差額就各非流
動資產（非採權益法評價之金融資產及遞延所得稅資產除外）公平價值等比例減少之，若有證據顯示投資之價值確已減損，
則列為當期損失。因未按原持股比例認購採權益法評價之被投資公司增發之新股，致使投資比例發生變動，因而使所投資之股權
淨值發生增減者，其增減數調整「資本公積」及「採權益法之長期股權投資」。 
與採權益法評價之被投資公司間順流交易所產生之未實現損益按持股比例予以銷除；若公司對被投資公司具有控制能力，
則全數予以銷除，俟實現時始認列損益。
與採權益法評價之被投資公司間逆流交易所產生之未實現損益，皆按本公司之持股比例予以銷除。採權益法評價之被投資公司間側流交易
所產生之未實現損益，若本公司對產生交易之各被投資公司均具有控制能力，則按本公司對產生損益之被投資公司之約當持股比例
予以減除；若屬除本公司對產生交?之各被投資公司均擁有控制能力之情形外，各被投資公司間未實現損益按本公司持有各被投資
公司之約當持股比例相乘後比例銷除。遞延之未實現損益俟實現時始予認。當國外被投資公司之功能性貨幣為外幣時，
其外幣財務報表換算後所產生之兌換差額列為股東權益項下之「累積換算調整數」。
固定資產與閒置資產
固定資產係以取得成本入帳，並以成本減累計折舊及累計減損為帳面價值，惟七十二年底以前購入係按成本加上重估增值金額入帳；
土地以八十年十二月三十一日為基準日，依公告現值辦理第四次資產重估價。重大之增置、更新及改良支出均列為資本支出，
購置增建固定資產之借款於取得及完成前之利息均予以資本化。正常之維護及修理支出則列為當期費用。處分固定資產之損益
列為當期營業外之損益。
折舊係採直線法，按下列耐用年數並預留一年殘值計提：房屋及建築2-35年；機器設備2-12年；運輸設備2-10年；其他設備1-12年；
已屆耐用年限者另估計耐用年限續提折舊。
固定資產發生閒置或無使用價值時，應轉列閒置資產，按其淨變現價值或原帳面價值較低者計價，並定期進行減損評估。
資產減損
本公司依財務會計準則公報第三十五號「資產減損之會計處理準則」規定辦理，應於資產負債表日評估是否有跡象顯示資產
可能發生減損，若有減損跡象存在，應就該資產估計其可回收金額，若其帳面價值超過可回收金額時，應認列「減損損失」；
嗣後若資產減損損失已不存在或減少時，則於原認列為減損損失範圍內，認列為「減損迴轉利益」。惟資產減損迴轉利益後帳面價值
，不得超過該項資產未認列減損損失之情況下，減除應提列折舊或攤銷後之帳面價值，商譽之減損損失不得迴轉。減損損失及減損迴轉
利益均列為營業外損益。
本公司認列資產減損損失或減損迴轉後，應於剩餘耐用年限內以調整後之資產帳面價值減除其殘值之金額按直線法予以計算折舊（攤銷）費用。
退休金成本
本公司依財務會計準則公報第十八號「退休金會計處理準則」之規定，根據精算報告就累計給付義務超過退休基金資產公平價值之差額，
認列最低退休金負債，並揭露相關給付義務。淨退休金成本則按精算師精算之金額提列，包括當期服務成本、利息成本、退休基金資產
之預期報酬、前期服務成本之攤銷、退休金損益之攤銷、未認列過渡性淨資產或淨給付義務之攤銷及縮減或清償損益等。淨退休金成本係
包括選擇適用原退休辦法及適用勞工退休金條例前之保留工作年資，但不包括本公司依勞工退休金條例所提繳至勞保局勞工個人帳戶退休
金成本。本公司另依權責基礎將每期按勞工退休金條例雇主提繳至勞保局之勞工個人帳戶退休金數額，認列為當期之退休金成本。
所得稅
所得稅係按稅前利益估計提列，以前年度所得稅之調整，列為當年度所得稅。本公司依財務會計準則公報第二十二號「所得稅之會計處理準則」
之規定作跨期間與同期間之所得稅分攤。將應課稅暫時性差異所產生之所得稅影響數認列為遞延所得稅負債，與將可減除暫時性差異、虧損扣
抵及所得稅抵減所產生之所得稅影響數認列為遞延所得稅資產，再評估其遞延所得稅資產之可實現性，認列其備抵評價金額。
自實施兩稅合一制度，本公司依規定於會計帳簿外另設置股東可扣抵稅額帳戶，用以記錄可分配予股東之所得稅額。且自該制度實施後當
年度盈餘未於次年度分配者應就該未分配盈餘加徵百分之十營利事業所得稅，因本公司盈餘分配於章程未明確規定，因是未分配盈餘加徵所
得稅應俟股東會決議盈餘保留後列為股東會決議年度之費用。
「所得基本稅額條例」自九十五年一月一日開始施行，其計算基礎係依所得稅法規定計算之課稅所得額，再加上依該條例第七條調整所得
額為基本所得額並扣除2,000千元後，按行政院訂定之稅率（百分之十）計算基本稅額，該基本稅額與按所得稅法及其他相關法律規定計算
之一般所得稅額比較，擇其高者，繳納當年度之所得稅，本公司已將其影響數列入當年度所得稅。
所得稅法第三十九條於九十八年一月修正，公司組織之營利事業符合規定之各項虧損之虧損扣抵年限由五年延長為十年，因是自九十二年
度起尚未扣抵之累積虧損扣抵年限延長為十年。同年六月另修正所得稅法第五條，自九十九年度起採行單一稅率並調降營利事業所得稅稅率
由25%調降為17%，起徵額由50千元提高至120千元。
員工分紅及董監酬勞
自九十七年一月一日起，本公司員工分紅及董監酬勞成本，依經濟部及財團法人中華民國會計研究發展基金會有關「員工分紅及董監
酬勞會計處理」之規定，於具法律義務或推定義務且金額可合理估計時，認列為費用及負債。嗣後股東會決議實際配發金額與估列金
額有重大差異時，則列為次年度之損益。
庫藏股票
 本公司買回已發行普通股股票作為庫藏股票時，將所支付之成本借記「庫藏股票」，列為股東權益之減項。註銷庫藏股票時，貸記「庫藏股票」
，並按股權比例借記「股本」與「資本公積－股票發行溢價」。庫藏股票之帳面價值如高於面值與股票發行溢價之合計數時，其差額應
沖銷同種類庫藏股票所產生之資本公積，如有不足，再借記保留盈餘。 
 子公司持有本公司股票視同庫藏股票處埋，自採權益法之長期股權投資重分類為庫藏股票。子公司處分本公司股票之利益及獲配本公司之現金
股列入「資本公積－庫藏股票交易」。
衍生性金融商品及其他以外幣為準之交易事項
為規避可辨認外幣承諾匯率變動風險之遠期外匯買賣合約，於訂約日以該日之即期匯率入帳。訂約日即期匯率與約定遠期匯率間之
差額於合約期間攤銷認列為當期損益，應收或應付遠期外匯期末餘額，再按期末之即期匯率調整所產生之兌換差額，遞
延至實際交易發生時，作為交易價格之調整項目。遠期外匯買賣合約所產生之應收及應付款項餘額於資產負債表中互抵後，
其差額列為資產或負債。遠期外匯買賣合約履約結清時所產生之兌換差額，列為該外幣承諾交易價格之調整項目。
其他外幣交易係按交易當時匯率所折算之新台幣金額入帳。外幣資產或負債以新台幣收付結清時，因適用不同匯率所產生之損
失或盈益，列為兌換或結清年度之損益。外幣資產及負債結帳日餘額，再按該日匯率予以折算，其折算損益，亦列為當年度之損益。
每股盈餘
若有現金增（減）資、庫藏股票交易或其他原因而使股數發生變動時，每股盈餘應按加權平均股數計算，若因無償配股（保留盈餘、
資本公積或員工紅利轉增資）、紅利因子（如新股認購權利所含紅利因子）、或股票分割與反分割及減資以彌補虧損時，則按追溯調整之
股數計算，不考慮該股份之發行流通期間。
科目重分類
九十九年第一季財務報表若干科目經予重分類，俾配合一百年第一季財務報表之表達方式。
]]></tw-gaap-notes:SummaryOfSignificantAccountingPolicies>
	<tw-gaap-notes:ChangesInAccountingPrinciples contextRef="From20110101To20110331"><![CDATA[無
]]></tw-gaap-notes:ChangesInAccountingPrinciples>
</xbrl>

<!--This instance document is created by SIIAP V1.4.5-->
